ISO-10303-21;
HEADER;
FILE_DESCRIPTION(('Open CASCADE Model'),'2;1');
FILE_NAME('Open CASCADE Shape Model','2026-09-08T20:22:17',('Author'),(
    'Open CASCADE'),'Open CASCADE STEP processor 7.9','build123d',
  'Unknown');
FILE_SCHEMA(('AUTOMOTIVE_DESIGN { 1 0 10303 214 1 1 1 1 }'));
ENDSEC;
DATA;
#1 = APPLICATION_PROTOCOL_DEFINITION('international standard',
  'automotive_design',2000,#2);
#2 = APPLICATION_CONTEXT(
  'core data for automotive mechanical design processes');
#3 = SHAPE_DEFINITION_REPRESENTATION(#4,#10);
#4 = PRODUCT_DEFINITION_SHAPE('','',#5);
#5 = PRODUCT_DEFINITION('design','',#6,#9);
#6 = PRODUCT_DEFINITION_FORMATION('','',#7);
#7 = PRODUCT('COMPOUND','COMPOUND','',(#8));
#8 = PRODUCT_CONTEXT('',#2,'mechanical');
#9 = PRODUCT_DEFINITION_CONTEXT('part definition',#2,'design');
#10 = SHAPE_REPRESENTATION('',(#11,#15,#19,#23,#27,#31,#35,#39,#43,#47,
    #51,#55),#59);
#11 = AXIS2_PLACEMENT_3D('',#12,#13,#14);
#12 = CARTESIAN_POINT('',(0.,0.,0.));
#13 = DIRECTION('',(0.,0.,1.));
#14 = DIRECTION('',(1.,0.,-0.));
#15 = AXIS2_PLACEMENT_3D('',#16,#17,#18);
#16 = CARTESIAN_POINT('',(0.,0.,0.));
#17 = DIRECTION('',(0.,0.,1.));
#18 = DIRECTION('',(1.,0.,-0.));
#19 = AXIS2_PLACEMENT_3D('',#20,#21,#22);
#20 = CARTESIAN_POINT('',(0.,0.,-8.4));
#21 = DIRECTION('',(0.,0.,1.));
#22 = DIRECTION('',(1.,0.,-0.));
#23 = AXIS2_PLACEMENT_3D('',#24,#25,#26);
#24 = CARTESIAN_POINT('',(0.,0.,0.));
#25 = DIRECTION('',(0.,0.,1.));
#26 = DIRECTION('',(1.,0.,-0.));
#27 = AXIS2_PLACEMENT_3D('',#28,#29,#30);
#28 = CARTESIAN_POINT('',(0.,0.,-0.4));
#29 = DIRECTION('',(0.,0.,1.));
#30 = DIRECTION('',(1.,0.,-0.));
#31 = AXIS2_PLACEMENT_3D('',#32,#33,#34);
#32 = CARTESIAN_POINT('',(-4.83,6.75,0.));
#33 = DIRECTION('',(0.,0.,1.));
#34 = DIRECTION('',(1.,0.,-0.));
#35 = AXIS2_PLACEMENT_3D('',#36,#37,#38);
#36 = CARTESIAN_POINT('',(0.,0.,0.));
#37 = DIRECTION('',(0.,0.,1.));
#38 = DIRECTION('',(1.,0.,-0.));
#39 = AXIS2_PLACEMENT_3D('',#40,#41,#42);
#40 = CARTESIAN_POINT('',(0.,0.,0.));
#41 = DIRECTION('',(0.,0.,1.));
#42 = DIRECTION('',(1.,0.,-0.));
#43 = AXIS2_PLACEMENT_3D('',#44,#45,#46);
#44 = CARTESIAN_POINT('',(0.,0.,0.));
#45 = DIRECTION('',(0.,0.,1.));
#46 = DIRECTION('',(1.,0.,-0.));
#47 = AXIS2_PLACEMENT_3D('',#48,#49,#50);
#48 = CARTESIAN_POINT('',(-8.,0.,0.));
#49 = DIRECTION('',(0.,0.,1.));
#50 = DIRECTION('',(1.,0.,-0.));
#51 = AXIS2_PLACEMENT_3D('',#52,#53,#54);
#52 = CARTESIAN_POINT('',(0.,0.,0.));
#53 = DIRECTION('',(0.,0.,1.));
#54 = DIRECTION('',(1.,0.,-0.));
#55 = AXIS2_PLACEMENT_3D('',#56,#57,#58);
#56 = CARTESIAN_POINT('',(24.755307317867,0.,-4.81));
#57 = DIRECTION('',(1.,-0.,0.));
#58 = DIRECTION('',(0.,0.,-1.));
#59 = ( GEOMETRIC_REPRESENTATION_CONTEXT(3) 
GLOBAL_UNCERTAINTY_ASSIGNED_CONTEXT((#63)) GLOBAL_UNIT_ASSIGNED_CONTEXT(
(#60,#61,#62)) REPRESENTATION_CONTEXT('Context #1',
  '3D Context with UNIT and UNCERTAINTY') );
#60 = ( LENGTH_UNIT() NAMED_UNIT(*) SI_UNIT(.MILLI.,.METRE.) );
#61 = ( NAMED_UNIT(*) PLANE_ANGLE_UNIT() SI_UNIT($,.RADIAN.) );
#62 = ( NAMED_UNIT(*) SI_UNIT($,.STERADIAN.) SOLID_ANGLE_UNIT() );
#63 = UNCERTAINTY_MEASURE_WITH_UNIT(LENGTH_MEASURE(2.E-05),#60,
  'distance_accuracy_value','confusion accuracy');
#64 = PRODUCT_RELATED_PRODUCT_CATEGORY('part',$,(#7));
#65 = SHAPE_DEFINITION_REPRESENTATION(#66,#72);
#66 = PRODUCT_DEFINITION_SHAPE('','',#67);
#67 = PRODUCT_DEFINITION('design','',#68,#71);
#68 = PRODUCT_DEFINITION_FORMATION('','',#69);
#69 = PRODUCT('case','case','',(#70));
#70 = PRODUCT_CONTEXT('',#2,'mechanical');
#71 = PRODUCT_DEFINITION_CONTEXT('part definition',#2,'design');
#72 = ADVANCED_BREP_SHAPE_REPRESENTATION('',(#11,#73),#1067);
#73 = MANIFOLD_SOLID_BREP('',#74);
#74 = CLOSED_SHELL('',(#75,#143,#445,#500,#734,#769,#804,#906,#933,#988,
    #1039));
#75 = ADVANCED_FACE('',(#76,#112),#89,.T.);
#76 = FACE_BOUND('',#77,.F.);
#77 = EDGE_LOOP('',(#78));
#78 = ORIENTED_EDGE('',*,*,#79,.T.);
#79 = EDGE_CURVE('',#80,#80,#82,.T.);
#80 = VERTEX_POINT('',#81);
#81 = CARTESIAN_POINT('',(23.733069474087,0.,-0.4));
#82 = SURFACE_CURVE('',#83,(#88,#100),.PCURVE_S1.);
#83 = CIRCLE('',#84,23.733069474087);
#84 = AXIS2_PLACEMENT_3D('',#85,#86,#87);
#85 = CARTESIAN_POINT('',(0.,0.,-0.4));
#86 = DIRECTION('',(0.,0.,1.));
#87 = DIRECTION('',(1.,0.,-0.));
#88 = PCURVE('',#89,#94);
#89 = PLANE('',#90);
#90 = AXIS2_PLACEMENT_3D('',#91,#92,#93);
#91 = CARTESIAN_POINT('',(0.,0.,-0.4));
#92 = DIRECTION('',(0.,0.,1.));
#93 = DIRECTION('',(1.,0.,-0.));
#94 = DEFINITIONAL_REPRESENTATION('',(#95),#99);
#95 = CIRCLE('',#96,23.733069474087);
#96 = AXIS2_PLACEMENT_2D('',#97,#98);
#97 = CARTESIAN_POINT('',(0.,0.));
#98 = DIRECTION('',(1.,-0.));
#99 = ( GEOMETRIC_REPRESENTATION_CONTEXT(2) 
PARAMETRIC_REPRESENTATION_CONTEXT() REPRESENTATION_CONTEXT('2D SPACE',''
  ) );
#100 = PCURVE('',#101,#106);
#101 = CYLINDRICAL_SURFACE('',#102,23.733069474087);
#102 = AXIS2_PLACEMENT_3D('',#103,#104,#105);
#103 = CARTESIAN_POINT('',(0.,0.,-7.));
#104 = DIRECTION('',(0.,0.,1.));
#105 = DIRECTION('',(1.,0.,-0.));
#106 = DEFINITIONAL_REPRESENTATION('',(#107),#111);
#107 = LINE('',#108,#109);
#108 = CARTESIAN_POINT('',(0.,6.6));
#109 = VECTOR('',#110,1.);
#110 = DIRECTION('',(1.,0.));
#111 = ( GEOMETRIC_REPRESENTATION_CONTEXT(2) 
PARAMETRIC_REPRESENTATION_CONTEXT() REPRESENTATION_CONTEXT('2D SPACE',''
  ) );
#112 = FACE_BOUND('',#113,.F.);
#113 = EDGE_LOOP('',(#114));
#114 = ORIENTED_EDGE('',*,*,#115,.F.);
#115 = EDGE_CURVE('',#116,#116,#118,.T.);
#116 = VERTEX_POINT('',#117);
#117 = CARTESIAN_POINT('',(24.533069474087,0.,-0.4));
#118 = SURFACE_CURVE('',#119,(#124,#131),.PCURVE_S1.);
#119 = CIRCLE('',#120,24.533069474087);
#120 = AXIS2_PLACEMENT_3D('',#121,#122,#123);
#121 = CARTESIAN_POINT('',(0.,0.,-0.4));
#122 = DIRECTION('',(0.,0.,1.));
#123 = DIRECTION('',(1.,0.,-0.));
#124 = PCURVE('',#89,#125);
#125 = DEFINITIONAL_REPRESENTATION('',(#126),#130);
#126 = CIRCLE('',#127,24.533069474087);
#127 = AXIS2_PLACEMENT_2D('',#128,#129);
#128 = CARTESIAN_POINT('',(0.,0.));
#129 = DIRECTION('',(1.,-0.));
#130 = ( GEOMETRIC_REPRESENTATION_CONTEXT(2) 
PARAMETRIC_REPRESENTATION_CONTEXT() REPRESENTATION_CONTEXT('2D SPACE',''
  ) );
#131 = PCURVE('',#132,#137);
#132 = CYLINDRICAL_SURFACE('',#133,24.533069474087);
#133 = AXIS2_PLACEMENT_3D('',#134,#135,#136);
#134 = CARTESIAN_POINT('',(0.,0.,-0.4));
#135 = DIRECTION('',(0.,0.,1.));
#136 = DIRECTION('',(1.,0.,-0.));
#137 = DEFINITIONAL_REPRESENTATION('',(#138),#142);
#138 = LINE('',#139,#140);
#139 = CARTESIAN_POINT('',(0.,0.));
#140 = VECTOR('',#141,1.);
#141 = DIRECTION('',(1.,0.));
#142 = ( GEOMETRIC_REPRESENTATION_CONTEXT(2) 
PARAMETRIC_REPRESENTATION_CONTEXT() REPRESENTATION_CONTEXT('2D SPACE',''
  ) );
#143 = ADVANCED_FACE('',(#144),#101,.F.);
#144 = FACE_BOUND('',#145,.F.);
#145 = EDGE_LOOP('',(#146,#171,#198,#199,#314,#335,#336,#337));
#146 = ORIENTED_EDGE('',*,*,#147,.F.);
#147 = EDGE_CURVE('',#148,#150,#152,.T.);
#148 = VERTEX_POINT('',#149);
#149 = CARTESIAN_POINT('',(23.733069474087,0.,-7.));
#150 = VERTEX_POINT('',#151);
#151 = CARTESIAN_POINT('',(23.733069474087,-1.16341445919E-16,-5.76));
#152 = SEAM_CURVE('',#153,(#157,#164),.PCURVE_S1.);
#153 = LINE('',#154,#155);
#154 = CARTESIAN_POINT('',(23.733069474087,0.,-7.));
#155 = VECTOR('',#156,1.);
#156 = DIRECTION('',(0.,0.,1.));
#157 = PCURVE('',#101,#158);
#158 = DEFINITIONAL_REPRESENTATION('',(#159),#163);
#159 = LINE('',#160,#161);
#160 = CARTESIAN_POINT('',(0.,0.));
#161 = VECTOR('',#162,1.);
#162 = DIRECTION('',(0.,1.));
#163 = ( GEOMETRIC_REPRESENTATION_CONTEXT(2) 
PARAMETRIC_REPRESENTATION_CONTEXT() REPRESENTATION_CONTEXT('2D SPACE',''
  ) );
#164 = PCURVE('',#101,#165);
#165 = DEFINITIONAL_REPRESENTATION('',(#166),#170);
#166 = LINE('',#167,#168);
#167 = CARTESIAN_POINT('',(6.28318530718,0.));
#168 = VECTOR('',#169,1.);
#169 = DIRECTION('',(0.,1.));
#170 = ( GEOMETRIC_REPRESENTATION_CONTEXT(2) 
PARAMETRIC_REPRESENTATION_CONTEXT() REPRESENTATION_CONTEXT('2D SPACE',''
  ) );
#171 = ORIENTED_EDGE('',*,*,#172,.T.);
#172 = EDGE_CURVE('',#148,#148,#173,.T.);
#173 = SURFACE_CURVE('',#174,(#179,#186),.PCURVE_S1.);
#174 = CIRCLE('',#175,23.733069474087);
#175 = AXIS2_PLACEMENT_3D('',#176,#177,#178);
#176 = CARTESIAN_POINT('',(0.,0.,-7.));
#177 = DIRECTION('',(0.,0.,1.));
#178 = DIRECTION('',(1.,0.,-0.));
#179 = PCURVE('',#101,#180);
#180 = DEFINITIONAL_REPRESENTATION('',(#181),#185);
#181 = LINE('',#182,#183);
#182 = CARTESIAN_POINT('',(0.,0.));
#183 = VECTOR('',#184,1.);
#184 = DIRECTION('',(1.,0.));
#185 = ( GEOMETRIC_REPRESENTATION_CONTEXT(2) 
PARAMETRIC_REPRESENTATION_CONTEXT() REPRESENTATION_CONTEXT('2D SPACE',''
  ) );
#186 = PCURVE('',#187,#192);
#187 = PLANE('',#188);
#188 = AXIS2_PLACEMENT_3D('',#189,#190,#191);
#189 = CARTESIAN_POINT('',(0.,0.,-7.));
#190 = DIRECTION('',(0.,0.,1.));
#191 = DIRECTION('',(1.,0.,-0.));
#192 = DEFINITIONAL_REPRESENTATION('',(#193),#197);
#193 = CIRCLE('',#194,23.733069474087);
#194 = AXIS2_PLACEMENT_2D('',#195,#196);
#195 = CARTESIAN_POINT('',(0.,0.));
#196 = DIRECTION('',(1.,0.));
#197 = ( GEOMETRIC_REPRESENTATION_CONTEXT(2) 
PARAMETRIC_REPRESENTATION_CONTEXT() REPRESENTATION_CONTEXT('2D SPACE',''
  ) );
#198 = ORIENTED_EDGE('',*,*,#147,.T.);
#199 = ORIENTED_EDGE('',*,*,#200,.F.);
#200 = EDGE_CURVE('',#201,#150,#203,.T.);
#201 = VERTEX_POINT('',#202);
#202 = CARTESIAN_POINT('',(23.733069474087,0.,-3.86));
#203 = SURFACE_CURVE('',#204,(#237,#273),.PCURVE_S1.);
#204 = B_SPLINE_CURVE_WITH_KNOTS('',7,(#205,#206,#207,#208,#209,#210,
    #211,#212,#213,#214,#215,#216,#217,#218,#219,#220,#221,#222,#223,
    #224,#225,#226,#227,#228,#229,#230,#231,#232,#233,#234,#235,#236),
  .UNSPECIFIED.,.F.,.F.,(8,6,6,6,6,8),(0.,0.194643685446,0.348315988747,
    0.500381619776,0.80582946213,1.),.UNSPECIFIED.);
#205 = CARTESIAN_POINT('',(23.733069474087,-1.887379141863E-15,-3.86));
#206 = CARTESIAN_POINT('',(23.733069474087,-9.259993082449E-02,-3.86));
#207 = CARTESIAN_POINT('',(23.732648049122,-0.184658349222,
    -3.870530582473));
#208 = CARTESIAN_POINT('',(23.731813581993,-0.274486636052,
    -3.891368972854));
#209 = CARTESIAN_POINT('',(23.730622037118,-0.360468266928,
    -3.921881423094));
#210 = CARTESIAN_POINT('',(23.729168491127,-0.441150242479,
    -3.96104131803));
#211 = CARTESIAN_POINT('',(23.727568008354,-0.515347699211,
    -4.007448918076));
#212 = CARTESIAN_POINT('',(23.724629376713,-0.635090688204,
    -4.100331101229));
#213 = CARTESIAN_POINT('',(23.723300499349,-0.683641584405,
    -4.144938185425));
#214 = CARTESIAN_POINT('',(23.721982244921,-0.727801582895,
    -4.192655572581));
#215 = CARTESIAN_POINT('',(23.720712989339,-0.767498509299,
    -4.243002569075));
#216 = CARTESIAN_POINT('',(23.719525724082,-0.802695445503,
    -4.29553284997));
#217 = CARTESIAN_POINT('',(23.71844731162,-0.833385353602,
    -4.349831103077));
#218 = CARTESIAN_POINT('',(23.716558097987,-0.885512116632,
    -4.460606113233));
#219 = CARTESIAN_POINT('',(23.715744076174,-0.907059144788,
    -4.517089265079));
#220 = CARTESIAN_POINT('',(23.715074639029,-0.924258052418,
    -4.574643729465));
#221 = CARTESIAN_POINT('',(23.714563641731,-0.937135666116,
    -4.632977937865));
#222 = CARTESIAN_POINT('',(23.71422007309,-0.945712352544,
    -4.691819352299));
#223 = CARTESIAN_POINT('',(23.71404829762,-0.95,-4.750909665321));
#224 = CARTESIAN_POINT('',(23.71404829762,-0.95,-4.928692271946));
#225 = CARTESIAN_POINT('',(23.714741349577,-0.932699267953,
    -5.047592413475));
#226 = CARTESIAN_POINT('',(23.71613205322,-0.897987712002,-5.16456753496
    ));
#227 = CARTESIAN_POINT('',(23.718149147074,-0.845639846934,
    -5.277319102704));
#228 = CARTESIAN_POINT('',(23.720638773041,-0.775486320055,
    -5.383188354724));
#229 = CARTESIAN_POINT('',(23.723342765294,-0.687517366936,
    -5.479002598245));
#230 = CARTESIAN_POINT('',(23.727567912889,-0.515351589191,
    -5.612548064546));
#231 = CARTESIAN_POINT('',(23.729168447078,-0.441153065629,
    -5.658957793098));
#232 = CARTESIAN_POINT('',(23.730622101689,-0.360466616501,
    -5.698120447386));
#233 = CARTESIAN_POINT('',(23.731813698704,-0.274479768227,
    -5.72863395009));
#234 = CARTESIAN_POINT('',(23.732648123795,-0.184648434375,
    -5.749471288554));
#235 = CARTESIAN_POINT('',(23.733069474087,-9.259169380604E-02,-5.76));
#236 = CARTESIAN_POINT('',(23.733069474087,-3.441691376338E-15,-5.76));
#237 = PCURVE('',#101,#238);
#238 = DEFINITIONAL_REPRESENTATION('',(#239),#272);
#239 = B_SPLINE_CURVE_WITH_KNOTS('',7,(#240,#241,#242,#243,#244,#245,
    #246,#247,#248,#249,#250,#251,#252,#253,#254,#255,#256,#257,#258,
    #259,#260,#261,#262,#263,#264,#265,#266,#267,#268,#269,#270,#271),
  .UNSPECIFIED.,.F.,.F.,(8,6,6,6,6,8),(0.,0.194643685446,0.348315988747,
    0.500381619776,0.80582946213,1.),.UNSPECIFIED.);
#240 = CARTESIAN_POINT('',(6.28318530718,3.14));
#241 = CARTESIAN_POINT('',(6.279283581323,3.14));
#242 = CARTESIAN_POINT('',(6.275404672103,3.129469417527));
#243 = CARTESIAN_POINT('',(6.271619633918,3.108631027146));
#244 = CARTESIAN_POINT('',(6.267996484859,3.078118576906));
#245 = CARTESIAN_POINT('',(6.264596410083,3.03895868197));
#246 = CARTESIAN_POINT('',(6.261469364382,2.992551081924));
#247 = CARTESIAN_POINT('',(6.256422438513,2.899668898771));
#248 = CARTESIAN_POINT('',(6.254375973939,2.855061814575));
#249 = CARTESIAN_POINT('',(6.252514458523,2.807344427419));
#250 = CARTESIAN_POINT('',(6.250840967128,2.756997430925));
#251 = CARTESIAN_POINT('',(6.249357092533,2.70446715003));
#252 = CARTESIAN_POINT('',(6.248063166782,2.650168896923));
#253 = CARTESIAN_POINT('',(6.245865347957,2.539393886767));
#254 = CARTESIAN_POINT('',(6.244956810766,2.482910734921));
#255 = CARTESIAN_POINT('',(6.244231581555,2.425356270535));
#256 = CARTESIAN_POINT('',(6.243688552456,2.367022062135));
#257 = CARTESIAN_POINT('',(6.243326881176,2.308180647701));
#258 = CARTESIAN_POINT('',(6.243146075042,2.249090334679));
#259 = CARTESIAN_POINT('',(6.243146075042,2.071307728054));
#260 = CARTESIAN_POINT('',(6.243875631363,1.952407586525));
#261 = CARTESIAN_POINT('',(6.24533938595,1.83543246504));
#262 = CARTESIAN_POINT('',(6.24754671475,1.722680897296));
#263 = CARTESIAN_POINT('',(6.25050448195,1.616811645276));
#264 = CARTESIAN_POINT('',(6.254212759572,1.520997401755));
#265 = CARTESIAN_POINT('',(6.261469200427,1.387451935454));
#266 = CARTESIAN_POINT('',(6.26459629112,1.341042206902));
#267 = CARTESIAN_POINT('',(6.267996554437,1.301879552614));
#268 = CARTESIAN_POINT('',(6.271619923326,1.27136604991));
#269 = CARTESIAN_POINT('',(6.275405089866,1.250528711446));
#270 = CARTESIAN_POINT('',(6.279283928392,1.24));
#271 = CARTESIAN_POINT('',(6.28318530718,1.24));
#272 = ( GEOMETRIC_REPRESENTATION_CONTEXT(2) 
PARAMETRIC_REPRESENTATION_CONTEXT() REPRESENTATION_CONTEXT('2D SPACE',''
  ) );
#273 = PCURVE('',#274,#279);
#274 = CYLINDRICAL_SURFACE('',#275,0.95);
#275 = AXIS2_PLACEMENT_3D('',#276,#277,#278);
#276 = CARTESIAN_POINT('',(23.033069474087,0.,-4.81));
#277 = DIRECTION('',(1.,0.,0.));
#278 = DIRECTION('',(0.,0.,-1.));
#279 = DEFINITIONAL_REPRESENTATION('',(#280),#313);
#280 = B_SPLINE_CURVE_WITH_KNOTS('',7,(#281,#282,#283,#284,#285,#286,
    #287,#288,#289,#290,#291,#292,#293,#294,#295,#296,#297,#298,#299,
    #300,#301,#302,#303,#304,#305,#306,#307,#308,#309,#310,#311,#312),
  .UNSPECIFIED.,.F.,.F.,(8,6,6,6,6,8),(0.,0.194643685446,0.348315988747,
    0.500381619776,0.80582946213,1.),.UNSPECIFIED.);
#281 = CARTESIAN_POINT('',(3.14159265359,0.7));
#282 = CARTESIAN_POINT('',(3.239066264984,0.7));
#283 = CARTESIAN_POINT('',(3.335969541668,0.699578575035));
#284 = CARTESIAN_POINT('',(3.432039492463,0.698744107906));
#285 = CARTESIAN_POINT('',(3.527002701377,0.697552563031));
#286 = CARTESIAN_POINT('',(3.620531999176,0.696099017039));
#287 = CARTESIAN_POINT('',(3.712185372548,0.694498534266));
#288 = CARTESIAN_POINT('',(3.871705023246,0.691559902625));
#289 = CARTESIAN_POINT('',(3.940866308448,0.690231025262));
#290 = CARTESIAN_POINT('',(4.008949905338,0.688912770834));
#291 = CARTESIAN_POINT('',(4.076069571132,0.687643515252));
#292 = CARTESIAN_POINT('',(4.142321556604,0.686456249995));
#293 = CARTESIAN_POINT('',(4.207792281322,0.685377837533));
#294 = CARTESIAN_POINT('',(4.336662515175,0.683488623899));
#295 = CARTESIAN_POINT('',(4.400117118714,0.682674602087));
#296 = CARTESIAN_POINT('',(4.46307296233,0.682005164942));
#297 = CARTESIAN_POINT('',(4.525656905729,0.681494167644));
#298 = CARTESIAN_POINT('',(4.587988444327,0.681150599003));
#299 = CARTESIAN_POINT('',(4.650188628091,0.680978823533));
#300 = CARTESIAN_POINT('',(4.837328214012,0.680978823533));
#301 = CARTESIAN_POINT('',(4.962485910281,0.68167187549));
#302 = CARTESIAN_POINT('',(5.088804671386,0.683062579133));
#303 = CARTESIAN_POINT('',(5.217093976194,0.685079672987));
#304 = CARTESIAN_POINT('',(5.348247024893,0.687569298954));
#305 = CARTESIAN_POINT('',(5.483230973922,0.690273291207));
#306 = CARTESIAN_POINT('',(5.712587406052,0.694498438802));
#307 = CARTESIAN_POINT('',(5.804243037677,0.69609897299));
#308 = CARTESIAN_POINT('',(5.897777641205,0.697552627601));
#309 = CARTESIAN_POINT('',(5.992746096794,0.698744224616));
#310 = CARTESIAN_POINT('',(6.088818857215,0.699578649708));
#311 = CARTESIAN_POINT('',(6.185720366331,0.7));
#312 = CARTESIAN_POINT('',(6.28318530718,0.7));
#313 = ( GEOMETRIC_REPRESENTATION_CONTEXT(2) 
PARAMETRIC_REPRESENTATION_CONTEXT() REPRESENTATION_CONTEXT('2D SPACE',''
  ) );
#314 = ORIENTED_EDGE('',*,*,#315,.T.);
#315 = EDGE_CURVE('',#201,#80,#316,.T.);
#316 = SEAM_CURVE('',#317,(#321,#328),.PCURVE_S1.);
#317 = LINE('',#318,#319);
#318 = CARTESIAN_POINT('',(23.733069474087,0.,-7.));
#319 = VECTOR('',#320,1.);
#320 = DIRECTION('',(0.,0.,1.));
#321 = PCURVE('',#101,#322);
#322 = DEFINITIONAL_REPRESENTATION('',(#323),#327);
#323 = LINE('',#324,#325);
#324 = CARTESIAN_POINT('',(0.,0.));
#325 = VECTOR('',#326,1.);
#326 = DIRECTION('',(0.,1.));
#327 = ( GEOMETRIC_REPRESENTATION_CONTEXT(2) 
PARAMETRIC_REPRESENTATION_CONTEXT() REPRESENTATION_CONTEXT('2D SPACE',''
  ) );
#328 = PCURVE('',#101,#329);
#329 = DEFINITIONAL_REPRESENTATION('',(#330),#334);
#330 = LINE('',#331,#332);
#331 = CARTESIAN_POINT('',(6.28318530718,0.));
#332 = VECTOR('',#333,1.);
#333 = DIRECTION('',(0.,1.));
#334 = ( GEOMETRIC_REPRESENTATION_CONTEXT(2) 
PARAMETRIC_REPRESENTATION_CONTEXT() REPRESENTATION_CONTEXT('2D SPACE',''
  ) );
#335 = ORIENTED_EDGE('',*,*,#79,.F.);
#336 = ORIENTED_EDGE('',*,*,#315,.F.);
#337 = ORIENTED_EDGE('',*,*,#338,.F.);
#338 = EDGE_CURVE('',#150,#201,#339,.T.);
#339 = SURFACE_CURVE('',#340,(#373,#409),.PCURVE_S1.);
#340 = B_SPLINE_CURVE_WITH_KNOTS('',7,(#341,#342,#343,#344,#345,#346,
    #347,#348,#349,#350,#351,#352,#353,#354,#355,#356,#357,#358,#359,
    #360,#361,#362,#363,#364,#365,#366,#367,#368,#369,#370,#371,#372),
  .UNSPECIFIED.,.F.,.F.,(8,6,6,6,6,8),(0.,0.194644778487,0.348317944749,
    0.500383416568,0.805833027647,1.),.UNSPECIFIED.);
#341 = CARTESIAN_POINT('',(23.733069474087,-5.382261952766E-16,-5.76));
#342 = CARTESIAN_POINT('',(23.733069474087,9.25999308245E-02,-5.76));
#343 = CARTESIAN_POINT('',(23.732648049122,0.184658349221,
    -5.749469417527));
#344 = CARTESIAN_POINT('',(23.731813581993,0.274486636052,
    -5.728631027146));
#345 = CARTESIAN_POINT('',(23.730622037118,0.360468266928,
    -5.698118576906));
#346 = CARTESIAN_POINT('',(23.729168491127,0.441150242479,-5.65895868197
    ));
#347 = CARTESIAN_POINT('',(23.727568008354,0.515347699211,
    -5.612551081924));
#348 = CARTESIAN_POINT('',(23.724629376713,0.635090688204,
    -5.519668898771));
#349 = CARTESIAN_POINT('',(23.723300499349,0.683641584405,
    -5.475061814575));
#350 = CARTESIAN_POINT('',(23.721982244921,0.727801582895,
    -5.427344427419));
#351 = CARTESIAN_POINT('',(23.720712989339,0.767498509299,
    -5.376997430925));
#352 = CARTESIAN_POINT('',(23.719525724082,0.802695445503,-5.32446715003
    ));
#353 = CARTESIAN_POINT('',(23.71844731162,0.833385353602,-5.270168896923
    ));
#354 = CARTESIAN_POINT('',(23.716558104247,0.885511943896,-5.15939425385
    ));
#355 = CARTESIAN_POINT('',(23.715744062805,0.907059505599,-5.10290916852
    ));
#356 = CARTESIAN_POINT('',(23.715074626414,0.924258394038,
    -5.045355237281));
#357 = CARTESIAN_POINT('',(23.714563645575,0.937135561707,
    -4.987023028008));
#358 = CARTESIAN_POINT('',(23.714220085065,0.945712027552,-4.92818215614
    ));
#359 = CARTESIAN_POINT('',(23.71404829762,0.95,-4.869089930647));
#360 = CARTESIAN_POINT('',(23.71404829762,0.95,-4.691307728054));
#361 = CARTESIAN_POINT('',(23.714741349577,0.932699267953,
    -4.572407586525));
#362 = CARTESIAN_POINT('',(23.71613205322,0.897987712002,-4.45543246504)
  );
#363 = CARTESIAN_POINT('',(23.718149147074,0.845639846934,
    -4.342680897295));
#364 = CARTESIAN_POINT('',(23.720638773041,0.775486320055,
    -4.236811645276));
#365 = CARTESIAN_POINT('',(23.723342765294,0.687517366936,
    -4.140997401755));
#366 = CARTESIAN_POINT('',(23.727567873228,0.51535320529,-4.007453189028
    ));
#367 = CARTESIAN_POINT('',(23.729168395078,0.441155553807,
    -3.961043592848));
#368 = CARTESIAN_POINT('',(23.730622082965,0.360468508593,
    -3.921879992748));
#369 = CARTESIAN_POINT('',(23.731813721853,0.274479593313,
    -3.891365438349));
#370 = CARTESIAN_POINT('',(23.732648154803,0.184645786671,
    -3.870527926709));
#371 = CARTESIAN_POINT('',(23.733069474087,9.258823728646E-02,-3.86));
#372 = CARTESIAN_POINT('',(23.733069474087,1.018281667594E-15,-3.86));
#373 = PCURVE('',#101,#374);
#374 = DEFINITIONAL_REPRESENTATION('',(#375),#408);
#375 = B_SPLINE_CURVE_WITH_KNOTS('',7,(#376,#377,#378,#379,#380,#381,
    #382,#383,#384,#385,#386,#387,#388,#389,#390,#391,#392,#393,#394,
    #395,#396,#397,#398,#399,#400,#401,#402,#403,#404,#405,#406,#407),
  .UNSPECIFIED.,.F.,.F.,(8,6,6,6,6,8),(0.,0.194644778487,0.348317944749,
    0.500383416568,0.805833027647,1.),.UNSPECIFIED.);
#376 = CARTESIAN_POINT('',(0.,1.24));
#377 = CARTESIAN_POINT('',(3.901725856641E-03,1.24));
#378 = CARTESIAN_POINT('',(7.780635076458E-03,1.250530582473));
#379 = CARTESIAN_POINT('',(1.156567326156E-02,1.271368972854));
#380 = CARTESIAN_POINT('',(1.518882232067E-02,1.301881423094));
#381 = CARTESIAN_POINT('',(1.858889709654E-02,1.34104131803));
#382 = CARTESIAN_POINT('',(2.171594279731E-02,1.387448918076));
#383 = CARTESIAN_POINT('',(2.676286866621E-02,1.480331101229));
#384 = CARTESIAN_POINT('',(2.880933324059E-02,1.524938185425));
#385 = CARTESIAN_POINT('',(3.067084865703E-02,1.572655572581));
#386 = CARTESIAN_POINT('',(3.234434005181E-02,1.623002569075));
#387 = CARTESIAN_POINT('',(3.382821464621E-02,1.67553284997));
#388 = CARTESIAN_POINT('',(3.512214039737E-02,1.729831103077));
#389 = CARTESIAN_POINT('',(3.731995193989E-02,1.84060574615));
#390 = CARTESIAN_POINT('',(3.822851163215E-02,1.89709083148));
#391 = CARTESIAN_POINT('',(3.895374003124E-02,1.954644762719));
#392 = CARTESIAN_POINT('',(3.949675031769E-02,2.012976971992));
#393 = CARTESIAN_POINT('',(3.985841229493E-02,2.07181784386));
#394 = CARTESIAN_POINT('',(4.003923213715E-02,2.130910069353));
#395 = CARTESIAN_POINT('',(4.003923213715E-02,2.308692271946));
#396 = CARTESIAN_POINT('',(3.93096758161E-02,2.427592413475));
#397 = CARTESIAN_POINT('',(3.784592122969E-02,2.54456753496));
#398 = CARTESIAN_POINT('',(3.56385924296E-02,2.657319102704));
#399 = CARTESIAN_POINT('',(3.268082522998E-02,2.763188354724));
#400 = CARTESIAN_POINT('',(2.897254760727E-02,2.859002598245));
#401 = CARTESIAN_POINT('',(2.171617486745E-02,2.992546810972));
#402 = CARTESIAN_POINT('',(1.858912091883E-02,3.038956407152));
#403 = CARTESIAN_POINT('',(1.518883246754E-02,3.078120007252));
#404 = CARTESIAN_POINT('',(1.156537647445E-02,3.108634561651));
#405 = CARTESIAN_POINT('',(7.780105748496E-03,3.129472073291));
#406 = CARTESIAN_POINT('',(3.901233145908E-03,3.14));
#407 = CARTESIAN_POINT('',(0.,3.14));
#408 = ( GEOMETRIC_REPRESENTATION_CONTEXT(2) 
PARAMETRIC_REPRESENTATION_CONTEXT() REPRESENTATION_CONTEXT('2D SPACE',''
  ) );
#409 = PCURVE('',#274,#410);
#410 = DEFINITIONAL_REPRESENTATION('',(#411),#444);
#411 = B_SPLINE_CURVE_WITH_KNOTS('',7,(#412,#413,#414,#415,#416,#417,
    #418,#419,#420,#421,#422,#423,#424,#425,#426,#427,#428,#429,#430,
    #431,#432,#433,#434,#435,#436,#437,#438,#439,#440,#441,#442,#443),
  .UNSPECIFIED.,.F.,.F.,(8,6,6,6,6,8),(0.,0.194644778487,0.348317944749,
    0.500383416568,0.805833027647,1.),.UNSPECIFIED.);
#412 = CARTESIAN_POINT('',(-8.881784197001E-16,0.7));
#413 = CARTESIAN_POINT('',(9.747361139421E-02,0.7));
#414 = CARTESIAN_POINT('',(0.194376888078,0.699578575035));
#415 = CARTESIAN_POINT('',(0.290446838873,0.698744107906));
#416 = CARTESIAN_POINT('',(0.385410047787,0.697552563031));
#417 = CARTESIAN_POINT('',(0.478939345586,0.696099017039));
#418 = CARTESIAN_POINT('',(0.570592718959,0.694498534266));
#419 = CARTESIAN_POINT('',(0.730112369656,0.691559902625));
#420 = CARTESIAN_POINT('',(0.799273654858,0.690231025262));
#421 = CARTESIAN_POINT('',(0.867357251748,0.688912770834));
#422 = CARTESIAN_POINT('',(0.934476917542,0.687643515252));
#423 = CARTESIAN_POINT('',(1.000728903014,0.686456249995));
#424 = CARTESIAN_POINT('',(1.066199627732,0.685377837533));
#425 = CARTESIAN_POINT('',(1.19506943454,0.68348863016));
#426 = CARTESIAN_POINT('',(1.258526178911,0.682674588717));
#427 = CARTESIAN_POINT('',(1.321481463053,0.682005152326));
#428 = CARTESIAN_POINT('',(1.38406321937,0.681494171487));
#429 = CARTESIAN_POINT('',(1.446394143502,0.681150610977));
#430 = CARTESIAN_POINT('',(1.508596399799,0.680978823533));
#431 = CARTESIAN_POINT('',(1.695735560422,0.680978823533));
#432 = CARTESIAN_POINT('',(1.820893256691,0.68167187549));
#433 = CARTESIAN_POINT('',(1.947212017796,0.683062579133));
#434 = CARTESIAN_POINT('',(2.075501322604,0.685079672987));
#435 = CARTESIAN_POINT('',(2.206654371304,0.687569298954));
#436 = CARTESIAN_POINT('',(2.341638320332,0.690273291207));
#437 = CARTESIAN_POINT('',(2.570992599523,0.694498399141));
#438 = CARTESIAN_POINT('',(2.662647415157,0.696098920991));
#439 = CARTESIAN_POINT('',(2.75618305126,0.697552608878));
#440 = CARTESIAN_POINT('',(2.851153798757,0.698744247765));
#441 = CARTESIAN_POINT('',(2.947228985004,0.699578680716));
#442 = CARTESIAN_POINT('',(3.044131351183,0.7));
#443 = CARTESIAN_POINT('',(3.14159265359,0.7));
#444 = ( GEOMETRIC_REPRESENTATION_CONTEXT(2) 
PARAMETRIC_REPRESENTATION_CONTEXT() REPRESENTATION_CONTEXT('2D SPACE',''
  ) );
#445 = ADVANCED_FACE('',(#446),#132,.F.);
#446 = FACE_BOUND('',#447,.F.);
#447 = EDGE_LOOP('',(#448,#449,#472,#499));
#448 = ORIENTED_EDGE('',*,*,#115,.T.);
#449 = ORIENTED_EDGE('',*,*,#450,.T.);
#450 = EDGE_CURVE('',#116,#451,#453,.T.);
#451 = VERTEX_POINT('',#452);
#452 = CARTESIAN_POINT('',(24.533069474087,0.,2.7));
#453 = SEAM_CURVE('',#454,(#458,#465),.PCURVE_S1.);
#454 = LINE('',#455,#456);
#455 = CARTESIAN_POINT('',(24.533069474087,0.,-0.4));
#456 = VECTOR('',#457,1.);
#457 = DIRECTION('',(0.,0.,1.));
#458 = PCURVE('',#132,#459);
#459 = DEFINITIONAL_REPRESENTATION('',(#460),#464);
#460 = LINE('',#461,#462);
#461 = CARTESIAN_POINT('',(0.,0.));
#462 = VECTOR('',#463,1.);
#463 = DIRECTION('',(0.,1.));
#464 = ( GEOMETRIC_REPRESENTATION_CONTEXT(2) 
PARAMETRIC_REPRESENTATION_CONTEXT() REPRESENTATION_CONTEXT('2D SPACE',''
  ) );
#465 = PCURVE('',#132,#466);
#466 = DEFINITIONAL_REPRESENTATION('',(#467),#471);
#467 = LINE('',#468,#469);
#468 = CARTESIAN_POINT('',(6.28318530718,0.));
#469 = VECTOR('',#470,1.);
#470 = DIRECTION('',(0.,1.));
#471 = ( GEOMETRIC_REPRESENTATION_CONTEXT(2) 
PARAMETRIC_REPRESENTATION_CONTEXT() REPRESENTATION_CONTEXT('2D SPACE',''
  ) );
#472 = ORIENTED_EDGE('',*,*,#473,.F.);
#473 = EDGE_CURVE('',#451,#451,#474,.T.);
#474 = SURFACE_CURVE('',#475,(#480,#487),.PCURVE_S1.);
#475 = CIRCLE('',#476,24.533069474087);
#476 = AXIS2_PLACEMENT_3D('',#477,#478,#479);
#477 = CARTESIAN_POINT('',(0.,0.,2.7));
#478 = DIRECTION('',(0.,0.,1.));
#479 = DIRECTION('',(1.,0.,-0.));
#480 = PCURVE('',#132,#481);
#481 = DEFINITIONAL_REPRESENTATION('',(#482),#486);
#482 = LINE('',#483,#484);
#483 = CARTESIAN_POINT('',(0.,3.1));
#484 = VECTOR('',#485,1.);
#485 = DIRECTION('',(1.,0.));
#486 = ( GEOMETRIC_REPRESENTATION_CONTEXT(2) 
PARAMETRIC_REPRESENTATION_CONTEXT() REPRESENTATION_CONTEXT('2D SPACE',''
  ) );
#487 = PCURVE('',#488,#493);
#488 = PLANE('',#489);
#489 = AXIS2_PLACEMENT_3D('',#490,#491,#492);
#490 = CARTESIAN_POINT('',(0.,0.,2.7));
#491 = DIRECTION('',(0.,0.,1.));
#492 = DIRECTION('',(1.,0.,-0.));
#493 = DEFINITIONAL_REPRESENTATION('',(#494),#498);
#494 = CIRCLE('',#495,24.533069474087);
#495 = AXIS2_PLACEMENT_2D('',#496,#497);
#496 = CARTESIAN_POINT('',(0.,0.));
#497 = DIRECTION('',(1.,-0.));
#498 = ( GEOMETRIC_REPRESENTATION_CONTEXT(2) 
PARAMETRIC_REPRESENTATION_CONTEXT() REPRESENTATION_CONTEXT('2D SPACE',''
  ) );
#499 = ORIENTED_EDGE('',*,*,#450,.F.);
#500 = ADVANCED_FACE('',(#501),#274,.F.);
#501 = FACE_BOUND('',#502,.F.);
#502 = EDGE_LOOP('',(#503,#620,#641,#642,#643,#644));
#503 = ORIENTED_EDGE('',*,*,#504,.F.);
#504 = EDGE_CURVE('',#505,#507,#509,.T.);
#505 = VERTEX_POINT('',#506);
#506 = CARTESIAN_POINT('',(26.655307317867,-1.16341445919E-16,-5.76));
#507 = VERTEX_POINT('',#508);
#508 = CARTESIAN_POINT('',(26.655307317867,0.,-3.86));
#509 = SURFACE_CURVE('',#510,(#543,#579),.PCURVE_S1.);
#510 = B_SPLINE_CURVE_WITH_KNOTS('',7,(#511,#512,#513,#514,#515,#516,
    #517,#518,#519,#520,#521,#522,#523,#524,#525,#526,#527,#528,#529,
    #530,#531,#532,#533,#534,#535,#536,#537,#538,#539,#540,#541,#542),
  .UNSPECIFIED.,.F.,.F.,(8,6,6,6,6,8),(0.,0.194638726222,0.348311846351,
    0.50038418867,0.805839984913,1.),.UNSPECIFIED.);
#511 = CARTESIAN_POINT('',(26.655307317867,-5.382261952766E-16,-5.76));
#512 = CARTESIAN_POINT('',(26.655307317867,9.259977456062E-02,-5.76));
#513 = CARTESIAN_POINT('',(26.654932095547,0.184658466193,-5.74946945285
    ));
#514 = CARTESIAN_POINT('',(26.654189106767,0.27448715815,-5.728630958));
#515 = CARTESIAN_POINT('',(26.653128194099,0.360469050399,
    -5.698118294576));
#516 = CARTESIAN_POINT('',(26.65183403069,0.441150995744,-5.658958246734
    ));
#517 = CARTESIAN_POINT('',(26.650409078678,0.515348144961,
    -5.612550736165));
#518 = CARTESIAN_POINT('',(26.647792756199,0.63509196312,-5.519667909844
    ));
#519 = CARTESIAN_POINT('',(26.646609632675,0.683643542372,
    -5.475059960981));
#520 = CARTESIAN_POINT('',(26.645435994678,0.727803719122,
    -5.427341977711));
#521 = CARTESIAN_POINT('',(26.644306008017,0.767500418528,
    -5.376994776813));
#522 = CARTESIAN_POINT('',(26.643249039866,0.802696835471,-5.32446478536
    ));
#523 = CARTESIAN_POINT('',(26.642288997409,0.833386059509,
    -5.270167396794));
#524 = CARTESIAN_POINT('',(26.640607141182,0.885512424505,
    -5.159393232505));
#525 = CARTESIAN_POINT('',(26.6398824462,0.907060081037,-5.102907546884)
  );
#526 = CARTESIAN_POINT('',(26.639286497354,0.924258846948,
    -5.045353438926));
#527 = CARTESIAN_POINT('',(26.63883161673,0.937135816226,-4.987021415477
    ));
#528 = CARTESIAN_POINT('',(26.638525778069,0.945712112135,-4.92818098851
    ));
#529 = CARTESIAN_POINT('',(26.638372852145,0.95,-4.869089342198));
#530 = CARTESIAN_POINT('',(26.638372852145,0.95,-4.691311869105));
#531 = CARTESIAN_POINT('',(26.638989778619,0.932700475721,
    -4.572415405485));
#532 = CARTESIAN_POINT('',(26.640227735781,0.897991092036,-4.45544248035
    ));
#533 = CARTESIAN_POINT('',(26.642023348176,0.845645458453,
    -4.342690969373));
#534 = CARTESIAN_POINT('',(26.644239761234,0.775492986887,
    -4.236819544438));
#535 = CARTESIAN_POINT('',(26.646647182351,0.687522574264,
    -4.141001440972));
#536 = CARTESIAN_POINT('',(26.650408958451,0.515353647503,
    -4.007453532045));
#537 = CARTESIAN_POINT('',(26.651833945224,0.441156303639,
    -3.961044026589));
#538 = CARTESIAN_POINT('',(26.653128234897,0.360469291719,
    -3.921880275925));
#539 = CARTESIAN_POINT('',(26.654189231219,0.274480119679,
    -3.891365509653));
#540 = CARTESIAN_POINT('',(26.654932189581,0.184645911411,-3.87052789299
    ));
#541 = CARTESIAN_POINT('',(26.655307317867,9.258808802342E-02,-3.86));
#542 = CARTESIAN_POINT('',(26.655307317867,1.018281667594E-15,-3.86));
#543 = PCURVE('',#274,#544);
#544 = DEFINITIONAL_REPRESENTATION('',(#545),#578);
#545 = B_SPLINE_CURVE_WITH_KNOTS('',7,(#546,#547,#548,#549,#550,#551,
    #552,#553,#554,#555,#556,#557,#558,#559,#560,#561,#562,#563,#564,
    #565,#566,#567,#568,#569,#570,#571,#572,#573,#574,#575,#576,#577),
  .UNSPECIFIED.,.F.,.F.,(8,6,6,6,6,8),(0.,0.194638726222,0.348311846351,
    0.50038418867,0.805839984913,1.),.UNSPECIFIED.);
#546 = CARTESIAN_POINT('',(-8.881784197001E-16,3.622237843779));
#547 = CARTESIAN_POINT('',(9.747344690592E-02,3.622237843779));
#548 = CARTESIAN_POINT('',(0.194377011856,3.62186262146));
#549 = CARTESIAN_POINT('',(0.290447379289,3.62111963268));
#550 = CARTESIAN_POINT('',(0.385410906315,3.620058720012));
#551 = CARTESIAN_POINT('',(0.478940252322,3.618764556603));
#552 = CARTESIAN_POINT('',(0.570593312779,3.61733960459));
#553 = CARTESIAN_POINT('',(0.73011406808,3.614723282111));
#554 = CARTESIAN_POINT('',(0.799276479657,3.613540158588));
#555 = CARTESIAN_POINT('',(0.867360649776,3.612366520591));
#556 = CARTESIAN_POINT('',(0.934480336733,3.611236533929));
#557 = CARTESIAN_POINT('',(1.00073177867,3.610179565778));
#558 = CARTESIAN_POINT('',(1.066201372909,3.609219523322));
#559 = CARTESIAN_POINT('',(1.195070622723,3.607537667094));
#560 = CARTESIAN_POINT('',(1.258527981469,3.606812972113));
#561 = CARTESIAN_POINT('',(1.321483402776,3.606217023267));
#562 = CARTESIAN_POINT('',(1.384064928641,3.605762142643));
#563 = CARTESIAN_POINT('',(1.446395372386,3.605456303982));
#564 = CARTESIAN_POINT('',(1.508597019218,3.605303378058));
#565 = CARTESIAN_POINT('',(1.695731201421,3.605303378058));
#566 = CARTESIAN_POINT('',(1.820885025556,3.605920304531));
#567 = CARTESIAN_POINT('',(1.94720114429,3.607158261693));
#568 = CARTESIAN_POINT('',(2.075489491766,3.608953874088));
#569 = CARTESIAN_POINT('',(2.206643729431,3.611170287147));
#570 = CARTESIAN_POINT('',(2.341631383215,3.613577708263));
#571 = CARTESIAN_POINT('',(2.570992010413,3.617339484363));
#572 = CARTESIAN_POINT('',(2.66264651224,3.618764471137));
#573 = CARTESIAN_POINT('',(2.756182192664,3.62005876081));
#574 = CARTESIAN_POINT('',(2.851153253499,3.621119757132));
#575 = CARTESIAN_POINT('',(2.947228853059,3.621862715493));
#576 = CARTESIAN_POINT('',(3.044131508302,3.622237843779));
#577 = CARTESIAN_POINT('',(3.14159265359,3.622237843779));
#578 = ( GEOMETRIC_REPRESENTATION_CONTEXT(2) 
PARAMETRIC_REPRESENTATION_CONTEXT() REPRESENTATION_CONTEXT('2D SPACE',''
  ) );
#579 = PCURVE('',#580,#585);
#580 = CYLINDRICAL_SURFACE('',#581,26.655307317867);
#581 = AXIS2_PLACEMENT_3D('',#582,#583,#584);
#582 = CARTESIAN_POINT('',(0.,0.,2.767432215382));
#583 = DIRECTION('',(-0.,-0.,-1.));
#584 = DIRECTION('',(1.,0.,0.));
#585 = DEFINITIONAL_REPRESENTATION('',(#586),#619);
#586 = B_SPLINE_CURVE_WITH_KNOTS('',7,(#587,#588,#589,#590,#591,#592,
    #593,#594,#595,#596,#597,#598,#599,#600,#601,#602,#603,#604,#605,
    #606,#607,#608,#609,#610,#611,#612,#613,#614,#615,#616,#617,#618),
  .UNSPECIFIED.,.F.,.F.,(8,6,6,6,6,8),(0.,0.194638726222,0.348311846351,
    0.50038418867,0.805839984913,1.),.UNSPECIFIED.);
#587 = CARTESIAN_POINT('',(0.,8.527432215382));
#588 = CARTESIAN_POINT('',(-3.473971372994E-03,8.527432215382));
#589 = CARTESIAN_POINT('',(-6.927643596159E-03,8.516901668232));
#590 = CARTESIAN_POINT('',(-1.029772311618E-02,8.496063173383));
#591 = CARTESIAN_POINT('',(-1.352362090351E-02,8.465550509959));
#592 = CARTESIAN_POINT('',(-1.655084710865E-02,8.426390462116));
#593 = CARTESIAN_POINT('',(-1.93349296068E-02,8.379982951548));
#594 = CARTESIAN_POINT('',(-2.382830857147E-02,8.287100125226));
#595 = CARTESIAN_POINT('',(-2.565030367633E-02,8.242492176363));
#596 = CARTESIAN_POINT('',(-2.730759519797E-02,8.194774193094));
#597 = CARTESIAN_POINT('',(-2.879745533737E-02,8.144426992195));
#598 = CARTESIAN_POINT('',(-3.01184770444E-02,8.091897000743));
#599 = CARTESIAN_POINT('',(-3.127037601822E-02,8.037599612177));
#600 = CARTESIAN_POINT('',(-3.322696537007E-02,7.926825447887));
#601 = CARTESIAN_POINT('',(-3.403580322723E-02,7.870339762266));
#602 = CARTESIAN_POINT('',(-3.468141856635E-02,7.812785654308));
#603 = CARTESIAN_POINT('',(-3.516481199345E-02,7.754453630859));
#604 = CARTESIAN_POINT('',(-3.548676479905E-02,7.695613203892));
#605 = CARTESIAN_POINT('',(-3.564773132373E-02,7.636521557581));
#606 = CARTESIAN_POINT('',(-3.564773132373E-02,7.458744084488));
#607 = CARTESIAN_POINT('',(-3.499831006259E-02,7.339847620867));
#608 = CARTESIAN_POINT('',(-3.369532595145E-02,7.222874695733));
#609 = CARTESIAN_POINT('',(-3.173037383977E-02,7.110123184755));
#610 = CARTESIAN_POINT('',(-2.909724545748E-02,7.00425175982));
#611 = CARTESIAN_POINT('',(-2.57957638342E-02,6.908433656355));
#612 = CARTESIAN_POINT('',(-1.933513608935E-02,6.774885747427));
#613 = CARTESIAN_POINT('',(-1.655104625923E-02,6.728476241971));
#614 = CARTESIAN_POINT('',(-1.352362993163E-02,6.689312491307));
#615 = CARTESIAN_POINT('',(-1.029745903339E-02,6.658797725036));
#616 = CARTESIAN_POINT('',(-6.927172590392E-03,6.637960108373));
#617 = CARTESIAN_POINT('',(-3.473532941088E-03,6.627432215382));
#618 = CARTESIAN_POINT('',(0.,6.627432215382));
#619 = ( GEOMETRIC_REPRESENTATION_CONTEXT(2) 
PARAMETRIC_REPRESENTATION_CONTEXT() REPRESENTATION_CONTEXT('2D SPACE',''
  ) );
#620 = ORIENTED_EDGE('',*,*,#621,.F.);
#621 = EDGE_CURVE('',#150,#505,#622,.T.);
#622 = SEAM_CURVE('',#623,(#627,#634),.PCURVE_S1.);
#623 = LINE('',#624,#625);
#624 = CARTESIAN_POINT('',(23.033069474087,-2.32682891838E-16,-5.76));
#625 = VECTOR('',#626,1.);
#626 = DIRECTION('',(1.,0.,0.));
#627 = PCURVE('',#274,#628);
#628 = DEFINITIONAL_REPRESENTATION('',(#629),#633);
#629 = LINE('',#630,#631);
#630 = CARTESIAN_POINT('',(6.28318530718,-0.));
#631 = VECTOR('',#632,1.);
#632 = DIRECTION('',(0.,1.));
#633 = ( GEOMETRIC_REPRESENTATION_CONTEXT(2) 
PARAMETRIC_REPRESENTATION_CONTEXT() REPRESENTATION_CONTEXT('2D SPACE',''
  ) );
#634 = PCURVE('',#274,#635);
#635 = DEFINITIONAL_REPRESENTATION('',(#636),#640);
#636 = LINE('',#637,#638);
#637 = CARTESIAN_POINT('',(0.,-0.));
#638 = VECTOR('',#639,1.);
#639 = DIRECTION('',(0.,1.));
#640 = ( GEOMETRIC_REPRESENTATION_CONTEXT(2) 
PARAMETRIC_REPRESENTATION_CONTEXT() REPRESENTATION_CONTEXT('2D SPACE',''
  ) );
#641 = ORIENTED_EDGE('',*,*,#338,.T.);
#642 = ORIENTED_EDGE('',*,*,#200,.T.);
#643 = ORIENTED_EDGE('',*,*,#621,.T.);
#644 = ORIENTED_EDGE('',*,*,#645,.F.);
#645 = EDGE_CURVE('',#507,#505,#646,.T.);
#646 = SURFACE_CURVE('',#647,(#674,#704),.PCURVE_S1.);
#647 = B_SPLINE_CURVE_WITH_KNOTS('',7,(#648,#649,#650,#651,#652,#653,
    #654,#655,#656,#657,#658,#659,#660,#661,#662,#663,#664,#665,#666,
    #667,#668,#669,#670,#671,#672,#673),.UNSPECIFIED.,.F.,.F.,(8,6,6,6,8
    ),(0.,0.194324640858,0.500013744452,0.80569315545,1.),
  .UNSPECIFIED.);
#648 = CARTESIAN_POINT('',(26.655307317867,-2.22044604925E-15,-3.86));
#649 = CARTESIAN_POINT('',(26.655307317867,-9.259977456063E-02,-3.86));
#650 = CARTESIAN_POINT('',(26.654932095547,-0.184658466193,
    -3.87053054715));
#651 = CARTESIAN_POINT('',(26.654189106767,-0.27448715815,-3.891369042)
  );
#652 = CARTESIAN_POINT('',(26.653128194099,-0.360469050399,
    -3.921881705424));
#653 = CARTESIAN_POINT('',(26.65183403069,-0.441150995744,
    -3.961041753266));
#654 = CARTESIAN_POINT('',(26.650409078678,-0.515348144961,
    -4.007449263835));
#655 = CARTESIAN_POINT('',(26.646647186448,-0.687522386721,
    -4.141001295499));
#656 = CARTESIAN_POINT('',(26.644239734749,-0.775494256564,
    -4.236820433925));
#657 = CARTESIAN_POINT('',(26.642023309349,-0.845646279457,
    -4.34269280232));
#658 = CARTESIAN_POINT('',(26.64022775514,-0.897990540241,
    -4.455442980975));
#659 = CARTESIAN_POINT('',(26.638989818175,-0.932699375534,
    -4.572413102587));
#660 = CARTESIAN_POINT('',(26.638372852145,-0.95,-4.691308105698));
#661 = CARTESIAN_POINT('',(26.638372852145,-0.95,-4.928688130895));
#662 = CARTESIAN_POINT('',(26.638989778619,-0.932700475721,
    -5.047584594515));
#663 = CARTESIAN_POINT('',(26.640227735781,-0.897991092037,
    -5.16455751965));
#664 = CARTESIAN_POINT('',(26.642023348176,-0.845645458453,
    -5.277309030627));
#665 = CARTESIAN_POINT('',(26.644239761234,-0.775492986887,
    -5.383180455562));
#666 = CARTESIAN_POINT('',(26.646647182351,-0.687522574264,
    -5.478998559028));
#667 = CARTESIAN_POINT('',(26.650408993744,-0.515352032185,
    -5.612547720925));
#668 = CARTESIAN_POINT('',(26.651833991493,-0.441153817084,
    -5.658957358357));
#669 = CARTESIAN_POINT('',(26.65312825155,-0.360467401124,
    -5.698120163807));
#670 = CARTESIAN_POINT('',(26.654189210616,-0.274480294788,
    -5.728633879102));
#671 = CARTESIAN_POINT('',(26.654932161991,-0.184648557719,
    -5.749471322671));
#672 = CARTESIAN_POINT('',(26.655307317867,-9.259154277501E-02,-5.76));
#673 = CARTESIAN_POINT('',(26.655307317867,-3.774758283726E-15,-5.76));
#674 = PCURVE('',#274,#675);
#675 = DEFINITIONAL_REPRESENTATION('',(#676),#703);
#676 = B_SPLINE_CURVE_WITH_KNOTS('',7,(#677,#678,#679,#680,#681,#682,
    #683,#684,#685,#686,#687,#688,#689,#690,#691,#692,#693,#694,#695,
    #696,#697,#698,#699,#700,#701,#702),.UNSPECIFIED.,.F.,.F.,(8,6,6,6,8
    ),(0.,0.194324640858,0.500013744452,0.80569315545,1.),
  .UNSPECIFIED.);
#677 = CARTESIAN_POINT('',(3.14159265359,3.622237843779));
#678 = CARTESIAN_POINT('',(3.239066100496,3.622237843779));
#679 = CARTESIAN_POINT('',(3.335969665446,3.62186262146));
#680 = CARTESIAN_POINT('',(3.432040032879,3.62111963268));
#681 = CARTESIAN_POINT('',(3.527003559905,3.620058720012));
#682 = CARTESIAN_POINT('',(3.620532905912,3.618764556603));
#683 = CARTESIAN_POINT('',(3.712185966369,3.61733960459));
#684 = CARTESIAN_POINT('',(3.941553674122,3.613577712361));
#685 = CARTESIAN_POINT('',(4.076543201282,3.611170260662));
#686 = CARTESIAN_POINT('',(4.207697691124,3.608953835262));
#687 = CARTESIAN_POINT('',(4.335984438487,3.607158281052));
#688 = CARTESIAN_POINT('',(4.462297841523,3.605920344087));
#689 = CARTESIAN_POINT('',(4.587450144277,3.605303378058));
#690 = CARTESIAN_POINT('',(4.837323855011,3.605303378058));
#691 = CARTESIAN_POINT('',(4.962477679146,3.605920304531));
#692 = CARTESIAN_POINT('',(5.088793797879,3.607158261693));
#693 = CARTESIAN_POINT('',(5.217082145356,3.608953874088));
#694 = CARTESIAN_POINT('',(5.348236383021,3.611170287147));
#695 = CARTESIAN_POINT('',(5.483224036805,3.613577708263));
#696 = CARTESIAN_POINT('',(5.712586815903,3.617339519657));
#697 = CARTESIAN_POINT('',(5.804242132772,3.618764517405));
#698 = CARTESIAN_POINT('',(5.897776781039,3.620058777462));
#699 = CARTESIAN_POINT('',(5.992745551448,3.621119736529));
#700 = CARTESIAN_POINT('',(6.088818726721,3.621862687904));
#701 = CARTESIAN_POINT('',(6.185720525311,3.622237843779));
#702 = CARTESIAN_POINT('',(6.28318530718,3.622237843779));
#703 = ( GEOMETRIC_REPRESENTATION_CONTEXT(2) 
PARAMETRIC_REPRESENTATION_CONTEXT() REPRESENTATION_CONTEXT('2D SPACE',''
  ) );
#704 = PCURVE('',#580,#705);
#705 = DEFINITIONAL_REPRESENTATION('',(#706),#733);
#706 = B_SPLINE_CURVE_WITH_KNOTS('',7,(#707,#708,#709,#710,#711,#712,
    #713,#714,#715,#716,#717,#718,#719,#720,#721,#722,#723,#724,#725,
    #726,#727,#728,#729,#730,#731,#732),.UNSPECIFIED.,.F.,.F.,(8,6,6,6,8
    ),(0.,0.194324640858,0.500013744452,0.80569315545,1.),
  .UNSPECIFIED.);
#707 = CARTESIAN_POINT('',(-6.28318530718,6.627432215382));
#708 = CARTESIAN_POINT('',(-6.279711335807,6.627432215382));
#709 = CARTESIAN_POINT('',(-6.276257663583,6.637962762533));
#710 = CARTESIAN_POINT('',(-6.272887584063,6.658801257382));
#711 = CARTESIAN_POINT('',(-6.269661686276,6.689313920806));
#712 = CARTESIAN_POINT('',(-6.266634460071,6.728473968649));
#713 = CARTESIAN_POINT('',(-6.263850377573,6.774881479217));
#714 = CARTESIAN_POINT('',(-6.257389550383,6.908433510881));
#715 = CARTESIAN_POINT('',(-6.25408801408,7.004252649307));
#716 = CARTESIAN_POINT('',(-6.251454902509,7.110125017703));
#717 = CARTESIAN_POINT('',(-6.249490001943,7.222875196358));
#718 = CARTESIAN_POINT('',(-6.248187038417,7.33984531797));
#719 = CARTESIAN_POINT('',(-6.247537575856,7.458740321081));
#720 = CARTESIAN_POINT('',(-6.247537575856,7.696120346277));
#721 = CARTESIAN_POINT('',(-6.248186997117,7.815016809898));
#722 = CARTESIAN_POINT('',(-6.249489981228,7.931989735032));
#723 = CARTESIAN_POINT('',(-6.25145493334,8.04474124601));
#724 = CARTESIAN_POINT('',(-6.254088061722,8.150612670945));
#725 = CARTESIAN_POINT('',(-6.257389543345,8.24643077441));
#726 = CARTESIAN_POINT('',(-6.263850231705,8.379979936307));
#727 = CARTESIAN_POINT('',(-6.26663435422,8.426389573739));
#728 = CARTESIAN_POINT('',(-6.269661748176,8.465552379189));
#729 = CARTESIAN_POINT('',(-6.27288784157,8.496066094484));
#730 = CARTESIAN_POINT('',(-6.276258035308,8.516903538054));
#731 = CARTESIAN_POINT('',(-6.27971164463,8.527432215382));
#732 = CARTESIAN_POINT('',(-6.28318530718,8.527432215382));
#733 = ( GEOMETRIC_REPRESENTATION_CONTEXT(2) 
PARAMETRIC_REPRESENTATION_CONTEXT() REPRESENTATION_CONTEXT('2D SPACE',''
  ) );
#734 = ADVANCED_FACE('',(#735,#766),#187,.F.);
#735 = FACE_BOUND('',#736,.F.);
#736 = EDGE_LOOP('',(#737));
#737 = ORIENTED_EDGE('',*,*,#738,.T.);
#738 = EDGE_CURVE('',#739,#739,#741,.T.);
#739 = VERTEX_POINT('',#740);
#740 = CARTESIAN_POINT('',(25.155307317867,0.,-7.));
#741 = SURFACE_CURVE('',#742,(#747,#754),.PCURVE_S1.);
#742 = CIRCLE('',#743,25.155307317867);
#743 = AXIS2_PLACEMENT_3D('',#744,#745,#746);
#744 = CARTESIAN_POINT('',(0.,0.,-7.));
#745 = DIRECTION('',(0.,0.,1.));
#746 = DIRECTION('',(1.,0.,-0.));
#747 = PCURVE('',#187,#748);
#748 = DEFINITIONAL_REPRESENTATION('',(#749),#753);
#749 = CIRCLE('',#750,25.155307317867);
#750 = AXIS2_PLACEMENT_2D('',#751,#752);
#751 = CARTESIAN_POINT('',(0.,0.));
#752 = DIRECTION('',(1.,0.));
#753 = ( GEOMETRIC_REPRESENTATION_CONTEXT(2) 
PARAMETRIC_REPRESENTATION_CONTEXT() REPRESENTATION_CONTEXT('2D SPACE',''
  ) );
#754 = PCURVE('',#755,#760);
#755 = CONICAL_SURFACE('',#756,26.655307317867,1.249045772398);
#756 = AXIS2_PLACEMENT_3D('',#757,#758,#759);
#757 = CARTESIAN_POINT('',(0.,0.,-6.5));
#758 = DIRECTION('',(0.,0.,1.));
#759 = DIRECTION('',(1.,0.,0.));
#760 = DEFINITIONAL_REPRESENTATION('',(#761),#765);
#761 = LINE('',#762,#763);
#762 = CARTESIAN_POINT('',(0.,-0.5));
#763 = VECTOR('',#764,1.);
#764 = DIRECTION('',(1.,-0.));
#765 = ( GEOMETRIC_REPRESENTATION_CONTEXT(2) 
PARAMETRIC_REPRESENTATION_CONTEXT() REPRESENTATION_CONTEXT('2D SPACE',''
  ) );
#766 = FACE_BOUND('',#767,.F.);
#767 = EDGE_LOOP('',(#768));
#768 = ORIENTED_EDGE('',*,*,#172,.F.);
#769 = ADVANCED_FACE('',(#770,#773),#488,.T.);
#770 = FACE_BOUND('',#771,.F.);
#771 = EDGE_LOOP('',(#772));
#772 = ORIENTED_EDGE('',*,*,#473,.T.);
#773 = FACE_BOUND('',#774,.F.);
#774 = EDGE_LOOP('',(#775));
#775 = ORIENTED_EDGE('',*,*,#776,.F.);
#776 = EDGE_CURVE('',#777,#777,#779,.T.);
#777 = VERTEX_POINT('',#778);
#778 = CARTESIAN_POINT('',(24.883069474087,0.,2.7));
#779 = SURFACE_CURVE('',#780,(#785,#792),.PCURVE_S1.);
#780 = CIRCLE('',#781,24.883069474087);
#781 = AXIS2_PLACEMENT_3D('',#782,#783,#784);
#782 = CARTESIAN_POINT('',(0.,0.,2.7));
#783 = DIRECTION('',(0.,0.,1.));
#784 = DIRECTION('',(1.,0.,-0.));
#785 = PCURVE('',#488,#786);
#786 = DEFINITIONAL_REPRESENTATION('',(#787),#791);
#787 = CIRCLE('',#788,24.883069474087);
#788 = AXIS2_PLACEMENT_2D('',#789,#790);
#789 = CARTESIAN_POINT('',(0.,0.));
#790 = DIRECTION('',(1.,-0.));
#791 = ( GEOMETRIC_REPRESENTATION_CONTEXT(2) 
PARAMETRIC_REPRESENTATION_CONTEXT() REPRESENTATION_CONTEXT('2D SPACE',''
  ) );
#792 = PCURVE('',#793,#798);
#793 = CONICAL_SURFACE('',#794,24.883069474087,0.72770113244);
#794 = AXIS2_PLACEMENT_3D('',#795,#796,#797);
#795 = CARTESIAN_POINT('',(0.,0.,2.7));
#796 = DIRECTION('',(0.,0.,1.));
#797 = DIRECTION('',(1.,0.,-0.));
#798 = DEFINITIONAL_REPRESENTATION('',(#799),#803);
#799 = LINE('',#800,#801);
#800 = CARTESIAN_POINT('',(0.,0.));
#801 = VECTOR('',#802,1.);
#802 = DIRECTION('',(1.,0.));
#803 = ( GEOMETRIC_REPRESENTATION_CONTEXT(2) 
PARAMETRIC_REPRESENTATION_CONTEXT() REPRESENTATION_CONTEXT('2D SPACE',''
  ) );
#804 = ADVANCED_FACE('',(#805),#580,.T.);
#805 = FACE_BOUND('',#806,.F.);
#806 = EDGE_LOOP('',(#807,#830,#857,#858,#859,#882,#904,#905));
#807 = ORIENTED_EDGE('',*,*,#808,.F.);
#808 = EDGE_CURVE('',#809,#507,#811,.T.);
#809 = VERTEX_POINT('',#810);
#810 = CARTESIAN_POINT('',(26.655307317867,0.,2.767432215382));
#811 = SEAM_CURVE('',#812,(#816,#823),.PCURVE_S1.);
#812 = LINE('',#813,#814);
#813 = CARTESIAN_POINT('',(26.655307317867,0.,2.767432215382));
#814 = VECTOR('',#815,1.);
#815 = DIRECTION('',(0.,0.,-1.));
#816 = PCURVE('',#580,#817);
#817 = DEFINITIONAL_REPRESENTATION('',(#818),#822);
#818 = LINE('',#819,#820);
#819 = CARTESIAN_POINT('',(-0.,0.));
#820 = VECTOR('',#821,1.);
#821 = DIRECTION('',(-0.,1.));
#822 = ( GEOMETRIC_REPRESENTATION_CONTEXT(2) 
PARAMETRIC_REPRESENTATION_CONTEXT() REPRESENTATION_CONTEXT('2D SPACE',''
  ) );
#823 = PCURVE('',#580,#824);
#824 = DEFINITIONAL_REPRESENTATION('',(#825),#829);
#825 = LINE('',#826,#827);
#826 = CARTESIAN_POINT('',(-6.28318530718,0.));
#827 = VECTOR('',#828,1.);
#828 = DIRECTION('',(-0.,1.));
#829 = ( GEOMETRIC_REPRESENTATION_CONTEXT(2) 
PARAMETRIC_REPRESENTATION_CONTEXT() REPRESENTATION_CONTEXT('2D SPACE',''
  ) );
#830 = ORIENTED_EDGE('',*,*,#831,.T.);
#831 = EDGE_CURVE('',#809,#809,#832,.T.);
#832 = SURFACE_CURVE('',#833,(#838,#845),.PCURVE_S1.);
#833 = CIRCLE('',#834,26.655307317867);
#834 = AXIS2_PLACEMENT_3D('',#835,#836,#837);
#835 = CARTESIAN_POINT('',(0.,0.,2.767432215382));
#836 = DIRECTION('',(0.,0.,1.));
#837 = DIRECTION('',(1.,0.,-0.));
#838 = PCURVE('',#580,#839);
#839 = DEFINITIONAL_REPRESENTATION('',(#840),#844);
#840 = LINE('',#841,#842);
#841 = CARTESIAN_POINT('',(-0.,0.));
#842 = VECTOR('',#843,1.);
#843 = DIRECTION('',(-1.,0.));
#844 = ( GEOMETRIC_REPRESENTATION_CONTEXT(2) 
PARAMETRIC_REPRESENTATION_CONTEXT() REPRESENTATION_CONTEXT('2D SPACE',''
  ) );
#845 = PCURVE('',#846,#851);
#846 = TOROIDAL_SURFACE('',#847,26.105307317867,0.55);
#847 = AXIS2_PLACEMENT_3D('',#848,#849,#850);
#848 = CARTESIAN_POINT('',(0.,0.,2.767432215383));
#849 = DIRECTION('',(-0.,-0.,-1.));
#850 = DIRECTION('',(1.,0.,-0.));
#851 = DEFINITIONAL_REPRESENTATION('',(#852),#856);
#852 = LINE('',#853,#854);
#853 = CARTESIAN_POINT('',(-0.,6.28318530718));
#854 = VECTOR('',#855,1.);
#855 = DIRECTION('',(-1.,0.));
#856 = ( GEOMETRIC_REPRESENTATION_CONTEXT(2) 
PARAMETRIC_REPRESENTATION_CONTEXT() REPRESENTATION_CONTEXT('2D SPACE',''
  ) );
#857 = ORIENTED_EDGE('',*,*,#808,.T.);
#858 = ORIENTED_EDGE('',*,*,#645,.T.);
#859 = ORIENTED_EDGE('',*,*,#860,.T.);
#860 = EDGE_CURVE('',#505,#861,#863,.T.);
#861 = VERTEX_POINT('',#862);
#862 = CARTESIAN_POINT('',(26.655307317867,0.,-6.5));
#863 = SEAM_CURVE('',#864,(#868,#875),.PCURVE_S1.);
#864 = LINE('',#865,#866);
#865 = CARTESIAN_POINT('',(26.655307317867,0.,2.767432215382));
#866 = VECTOR('',#867,1.);
#867 = DIRECTION('',(0.,0.,-1.));
#868 = PCURVE('',#580,#869);
#869 = DEFINITIONAL_REPRESENTATION('',(#870),#874);
#870 = LINE('',#871,#872);
#871 = CARTESIAN_POINT('',(-0.,0.));
#872 = VECTOR('',#873,1.);
#873 = DIRECTION('',(-0.,1.));
#874 = ( GEOMETRIC_REPRESENTATION_CONTEXT(2) 
PARAMETRIC_REPRESENTATION_CONTEXT() REPRESENTATION_CONTEXT('2D SPACE',''
  ) );
#875 = PCURVE('',#580,#876);
#876 = DEFINITIONAL_REPRESENTATION('',(#877),#881);
#877 = LINE('',#878,#879);
#878 = CARTESIAN_POINT('',(-6.28318530718,0.));
#879 = VECTOR('',#880,1.);
#880 = DIRECTION('',(-0.,1.));
#881 = ( GEOMETRIC_REPRESENTATION_CONTEXT(2) 
PARAMETRIC_REPRESENTATION_CONTEXT() REPRESENTATION_CONTEXT('2D SPACE',''
  ) );
#882 = ORIENTED_EDGE('',*,*,#883,.F.);
#883 = EDGE_CURVE('',#861,#861,#884,.T.);
#884 = SURFACE_CURVE('',#885,(#890,#897),.PCURVE_S1.);
#885 = CIRCLE('',#886,26.655307317867);
#886 = AXIS2_PLACEMENT_3D('',#887,#888,#889);
#887 = CARTESIAN_POINT('',(0.,0.,-6.5));
#888 = DIRECTION('',(0.,0.,1.));
#889 = DIRECTION('',(1.,0.,-0.));
#890 = PCURVE('',#580,#891);
#891 = DEFINITIONAL_REPRESENTATION('',(#892),#896);
#892 = LINE('',#893,#894);
#893 = CARTESIAN_POINT('',(-0.,9.267432215382));
#894 = VECTOR('',#895,1.);
#895 = DIRECTION('',(-1.,0.));
#896 = ( GEOMETRIC_REPRESENTATION_CONTEXT(2) 
PARAMETRIC_REPRESENTATION_CONTEXT() REPRESENTATION_CONTEXT('2D SPACE',''
  ) );
#897 = PCURVE('',#755,#898);
#898 = DEFINITIONAL_REPRESENTATION('',(#899),#903);
#899 = LINE('',#900,#901);
#900 = CARTESIAN_POINT('',(0.,-0.));
#901 = VECTOR('',#902,1.);
#902 = DIRECTION('',(1.,-0.));
#903 = ( GEOMETRIC_REPRESENTATION_CONTEXT(2) 
PARAMETRIC_REPRESENTATION_CONTEXT() REPRESENTATION_CONTEXT('2D SPACE',''
  ) );
#904 = ORIENTED_EDGE('',*,*,#860,.F.);
#905 = ORIENTED_EDGE('',*,*,#504,.T.);
#906 = ADVANCED_FACE('',(#907),#755,.T.);
#907 = FACE_BOUND('',#908,.F.);
#908 = EDGE_LOOP('',(#909,#910,#931,#932));
#909 = ORIENTED_EDGE('',*,*,#883,.T.);
#910 = ORIENTED_EDGE('',*,*,#911,.T.);
#911 = EDGE_CURVE('',#861,#739,#912,.T.);
#912 = SEAM_CURVE('',#913,(#917,#924),.PCURVE_S1.);
#913 = LINE('',#914,#915);
#914 = CARTESIAN_POINT('',(26.655307317867,0.,-6.5));
#915 = VECTOR('',#916,1.);
#916 = DIRECTION('',(-0.948683298051,-0.,-0.316227766017));
#917 = PCURVE('',#755,#918);
#918 = DEFINITIONAL_REPRESENTATION('',(#919),#923);
#919 = LINE('',#920,#921);
#920 = CARTESIAN_POINT('',(0.,-0.));
#921 = VECTOR('',#922,1.);
#922 = DIRECTION('',(0.,-1.));
#923 = ( GEOMETRIC_REPRESENTATION_CONTEXT(2) 
PARAMETRIC_REPRESENTATION_CONTEXT() REPRESENTATION_CONTEXT('2D SPACE',''
  ) );
#924 = PCURVE('',#755,#925);
#925 = DEFINITIONAL_REPRESENTATION('',(#926),#930);
#926 = LINE('',#927,#928);
#927 = CARTESIAN_POINT('',(6.28318530718,-0.));
#928 = VECTOR('',#929,1.);
#929 = DIRECTION('',(0.,-1.));
#930 = ( GEOMETRIC_REPRESENTATION_CONTEXT(2) 
PARAMETRIC_REPRESENTATION_CONTEXT() REPRESENTATION_CONTEXT('2D SPACE',''
  ) );
#931 = ORIENTED_EDGE('',*,*,#738,.F.);
#932 = ORIENTED_EDGE('',*,*,#911,.F.);
#933 = ADVANCED_FACE('',(#934),#793,.F.);
#934 = FACE_BOUND('',#935,.F.);
#935 = EDGE_LOOP('',(#936,#937,#960,#987));
#936 = ORIENTED_EDGE('',*,*,#776,.T.);
#937 = ORIENTED_EDGE('',*,*,#938,.T.);
#938 = EDGE_CURVE('',#777,#939,#941,.T.);
#939 = VERTEX_POINT('',#940);
#940 = CARTESIAN_POINT('',(25.433069474087,0.,3.317432215382));
#941 = SEAM_CURVE('',#942,(#946,#953),.PCURVE_S1.);
#942 = LINE('',#943,#944);
#943 = CARTESIAN_POINT('',(24.883069474087,0.,2.7));
#944 = VECTOR('',#945,1.);
#945 = DIRECTION('',(0.665154817119,0.,0.746705476921));
#946 = PCURVE('',#793,#947);
#947 = DEFINITIONAL_REPRESENTATION('',(#948),#952);
#948 = LINE('',#949,#950);
#949 = CARTESIAN_POINT('',(0.,0.));
#950 = VECTOR('',#951,1.);
#951 = DIRECTION('',(0.,1.));
#952 = ( GEOMETRIC_REPRESENTATION_CONTEXT(2) 
PARAMETRIC_REPRESENTATION_CONTEXT() REPRESENTATION_CONTEXT('2D SPACE',''
  ) );
#953 = PCURVE('',#793,#954);
#954 = DEFINITIONAL_REPRESENTATION('',(#955),#959);
#955 = LINE('',#956,#957);
#956 = CARTESIAN_POINT('',(6.28318530718,0.));
#957 = VECTOR('',#958,1.);
#958 = DIRECTION('',(0.,1.));
#959 = ( GEOMETRIC_REPRESENTATION_CONTEXT(2) 
PARAMETRIC_REPRESENTATION_CONTEXT() REPRESENTATION_CONTEXT('2D SPACE',''
  ) );
#960 = ORIENTED_EDGE('',*,*,#961,.F.);
#961 = EDGE_CURVE('',#939,#939,#962,.T.);
#962 = SURFACE_CURVE('',#963,(#968,#975),.PCURVE_S1.);
#963 = CIRCLE('',#964,25.433069474087);
#964 = AXIS2_PLACEMENT_3D('',#965,#966,#967);
#965 = CARTESIAN_POINT('',(0.,0.,3.317432215382));
#966 = DIRECTION('',(0.,0.,1.));
#967 = DIRECTION('',(1.,0.,-0.));
#968 = PCURVE('',#793,#969);
#969 = DEFINITIONAL_REPRESENTATION('',(#970),#974);
#970 = LINE('',#971,#972);
#971 = CARTESIAN_POINT('',(0.,0.617432215382));
#972 = VECTOR('',#973,1.);
#973 = DIRECTION('',(1.,0.));
#974 = ( GEOMETRIC_REPRESENTATION_CONTEXT(2) 
PARAMETRIC_REPRESENTATION_CONTEXT() REPRESENTATION_CONTEXT('2D SPACE',''
  ) );
#975 = PCURVE('',#976,#981);
#976 = TOROIDAL_SURFACE('',#977,25.769188395977,22.000000000023);
#977 = AXIS2_PLACEMENT_3D('',#978,#979,#980);
#978 = CARTESIAN_POINT('',(0.,0.,-18.68000000002));
#979 = DIRECTION('',(-0.,-0.,-1.));
#980 = DIRECTION('',(1.,0.,-0.));
#981 = DEFINITIONAL_REPRESENTATION('',(#982),#986);
#982 = LINE('',#983,#984);
#983 = CARTESIAN_POINT('',(-0.,4.697110253135));
#984 = VECTOR('',#985,1.);
#985 = DIRECTION('',(-1.,0.));
#986 = ( GEOMETRIC_REPRESENTATION_CONTEXT(2) 
PARAMETRIC_REPRESENTATION_CONTEXT() REPRESENTATION_CONTEXT('2D SPACE',''
  ) );
#987 = ORIENTED_EDGE('',*,*,#938,.F.);
#988 = ADVANCED_FACE('',(#989),#846,.T.);
#989 = FACE_BOUND('',#990,.F.);
#990 = EDGE_LOOP('',(#991,#1015,#1037,#1038));
#991 = ORIENTED_EDGE('',*,*,#992,.T.);
#992 = EDGE_CURVE('',#993,#993,#995,.T.);
#993 = VERTEX_POINT('',#994);
#994 = CARTESIAN_POINT('',(26.105307317867,0.,3.317432215382));
#995 = SURFACE_CURVE('',#996,(#1001,#1008),.PCURVE_S1.);
#996 = CIRCLE('',#997,26.105307317867);
#997 = AXIS2_PLACEMENT_3D('',#998,#999,#1000);
#998 = CARTESIAN_POINT('',(0.,0.,3.317432215382));
#999 = DIRECTION('',(0.,0.,1.));
#1000 = DIRECTION('',(1.,0.,-0.));
#1001 = PCURVE('',#846,#1002);
#1002 = DEFINITIONAL_REPRESENTATION('',(#1003),#1007);
#1003 = LINE('',#1004,#1005);
#1004 = CARTESIAN_POINT('',(-0.,4.712388980385));
#1005 = VECTOR('',#1006,1.);
#1006 = DIRECTION('',(-1.,0.));
#1007 = ( GEOMETRIC_REPRESENTATION_CONTEXT(2) 
PARAMETRIC_REPRESENTATION_CONTEXT() REPRESENTATION_CONTEXT('2D SPACE',''
  ) );
#1008 = PCURVE('',#976,#1009);
#1009 = DEFINITIONAL_REPRESENTATION('',(#1010),#1014);
#1010 = LINE('',#1011,#1012);
#1011 = CARTESIAN_POINT('',(-0.,4.727667707634));
#1012 = VECTOR('',#1013,1.);
#1013 = DIRECTION('',(-1.,0.));
#1014 = ( GEOMETRIC_REPRESENTATION_CONTEXT(2) 
PARAMETRIC_REPRESENTATION_CONTEXT() REPRESENTATION_CONTEXT('2D SPACE',''
  ) );
#1015 = ORIENTED_EDGE('',*,*,#1016,.T.);
#1016 = EDGE_CURVE('',#993,#809,#1017,.T.);
#1017 = SEAM_CURVE('',#1018,(#1023,#1030),.PCURVE_S1.);
#1018 = CIRCLE('',#1019,0.55);
#1019 = AXIS2_PLACEMENT_3D('',#1020,#1021,#1022);
#1020 = CARTESIAN_POINT('',(26.105307317867,0.,2.767432215383));
#1021 = DIRECTION('',(0.,1.,-0.));
#1022 = DIRECTION('',(-6.459479416001E-15,0.,1.));
#1023 = PCURVE('',#846,#1024);
#1024 = DEFINITIONAL_REPRESENTATION('',(#1025),#1029);
#1025 = LINE('',#1026,#1027);
#1026 = CARTESIAN_POINT('',(-0.,4.712388980385));
#1027 = VECTOR('',#1028,1.);
#1028 = DIRECTION('',(-0.,1.));
#1029 = ( GEOMETRIC_REPRESENTATION_CONTEXT(2) 
PARAMETRIC_REPRESENTATION_CONTEXT() REPRESENTATION_CONTEXT('2D SPACE',''
  ) );
#1030 = PCURVE('',#846,#1031);
#1031 = DEFINITIONAL_REPRESENTATION('',(#1032),#1036);
#1032 = LINE('',#1033,#1034);
#1033 = CARTESIAN_POINT('',(-6.28318530718,4.712388980385));
#1034 = VECTOR('',#1035,1.);
#1035 = DIRECTION('',(-0.,1.));
#1036 = ( GEOMETRIC_REPRESENTATION_CONTEXT(2) 
PARAMETRIC_REPRESENTATION_CONTEXT() REPRESENTATION_CONTEXT('2D SPACE',''
  ) );
#1037 = ORIENTED_EDGE('',*,*,#831,.F.);
#1038 = ORIENTED_EDGE('',*,*,#1016,.F.);
#1039 = ADVANCED_FACE('',(#1040),#976,.T.);
#1040 = FACE_BOUND('',#1041,.F.);
#1041 = EDGE_LOOP('',(#1042,#1043,#1065,#1066));
#1042 = ORIENTED_EDGE('',*,*,#961,.T.);
#1043 = ORIENTED_EDGE('',*,*,#1044,.T.);
#1044 = EDGE_CURVE('',#939,#993,#1045,.T.);
#1045 = SEAM_CURVE('',#1046,(#1051,#1058),.PCURVE_S1.);
#1046 = CIRCLE('',#1047,22.000000000023);
#1047 = AXIS2_PLACEMENT_3D('',#1048,#1049,#1050);
#1048 = CARTESIAN_POINT('',(25.769188395977,0.,-18.68000000002));
#1049 = DIRECTION('',(0.,1.,-0.));
#1050 = DIRECTION('',(-1.527813281315E-02,0.,0.999883282517));
#1051 = PCURVE('',#976,#1052);
#1052 = DEFINITIONAL_REPRESENTATION('',(#1053),#1057);
#1053 = LINE('',#1054,#1055);
#1054 = CARTESIAN_POINT('',(-0.,4.697110253135));
#1055 = VECTOR('',#1056,1.);
#1056 = DIRECTION('',(-0.,1.));
#1057 = ( GEOMETRIC_REPRESENTATION_CONTEXT(2) 
PARAMETRIC_REPRESENTATION_CONTEXT() REPRESENTATION_CONTEXT('2D SPACE',''
  ) );
#1058 = PCURVE('',#976,#1059);
#1059 = DEFINITIONAL_REPRESENTATION('',(#1060),#1064);
#1060 = LINE('',#1061,#1062);
#1061 = CARTESIAN_POINT('',(-6.28318530718,4.697110253135));
#1062 = VECTOR('',#1063,1.);
#1063 = DIRECTION('',(-0.,1.));
#1064 = ( GEOMETRIC_REPRESENTATION_CONTEXT(2) 
PARAMETRIC_REPRESENTATION_CONTEXT() REPRESENTATION_CONTEXT('2D SPACE',''
  ) );
#1065 = ORIENTED_EDGE('',*,*,#992,.F.);
#1066 = ORIENTED_EDGE('',*,*,#1044,.F.);
#1067 = ( GEOMETRIC_REPRESENTATION_CONTEXT(3) 
GLOBAL_UNCERTAINTY_ASSIGNED_CONTEXT((#1071)) 
GLOBAL_UNIT_ASSIGNED_CONTEXT((#1068,#1069,#1070)) REPRESENTATION_CONTEXT
('Context #1','3D Context with UNIT and UNCERTAINTY') );
#1068 = ( LENGTH_UNIT() NAMED_UNIT(*) SI_UNIT(.MILLI.,.METRE.) );
#1069 = ( NAMED_UNIT(*) PLANE_ANGLE_UNIT() SI_UNIT($,.RADIAN.) );
#1070 = ( NAMED_UNIT(*) SI_UNIT($,.STERADIAN.) SOLID_ANGLE_UNIT() );
#1071 = UNCERTAINTY_MEASURE_WITH_UNIT(LENGTH_MEASURE(1.E-07),#1068,
  'distance_accuracy_value','confusion accuracy');
#1072 = CONTEXT_DEPENDENT_SHAPE_REPRESENTATION(#1073,#1075);
#1073 = ( REPRESENTATION_RELATIONSHIP('','',#72,#10) 
REPRESENTATION_RELATIONSHIP_WITH_TRANSFORMATION(#1074) 
SHAPE_REPRESENTATION_RELATIONSHIP() );
#1074 = ITEM_DEFINED_TRANSFORMATION('','',#11,#15);
#1075 = PRODUCT_DEFINITION_SHAPE('Placement','Placement of an item',
  #1076);
#1076 = NEXT_ASSEMBLY_USAGE_OCCURRENCE('1','case','',#5,#67,$);
#1077 = PRODUCT_RELATED_PRODUCT_CATEGORY('part',$,(#69));
#1078 = SHAPE_DEFINITION_REPRESENTATION(#1079,#1085);
#1079 = PRODUCT_DEFINITION_SHAPE('','',#1080);
#1080 = PRODUCT_DEFINITION('design','',#1081,#1084);
#1081 = PRODUCT_DEFINITION_FORMATION('','',#1082);
#1082 = PRODUCT('caseback','caseback','',(#1083));
#1083 = PRODUCT_CONTEXT('',#2,'mechanical');
#1084 = PRODUCT_DEFINITION_CONTEXT('part definition',#2,'design');
#1085 = ADVANCED_BREP_SHAPE_REPRESENTATION('',(#11,#1086),#1184);
#1086 = MANIFOLD_SOLID_BREP('',#1087);
#1087 = CLOSED_SHELL('',(#1088,#1176,#1180));
#1088 = ADVANCED_FACE('',(#1089),#1102,.T.);
#1089 = FACE_BOUND('',#1090,.T.);
#1090 = EDGE_LOOP('',(#1091,#1125,#1148,#1175));
#1091 = ORIENTED_EDGE('',*,*,#1092,.F.);
#1092 = EDGE_CURVE('',#1093,#1093,#1095,.T.);
#1093 = VERTEX_POINT('',#1094);
#1094 = CARTESIAN_POINT('',(23.683069474087,-5.800679045085E-15,1.4));
#1095 = SURFACE_CURVE('',#1096,(#1101,#1113),.PCURVE_S1.);
#1096 = CIRCLE('',#1097,23.683069474087);
#1097 = AXIS2_PLACEMENT_3D('',#1098,#1099,#1100);
#1098 = CARTESIAN_POINT('',(0.,0.,1.4));
#1099 = DIRECTION('',(0.,0.,1.));
#1100 = DIRECTION('',(1.,0.,-0.));
#1101 = PCURVE('',#1102,#1107);
#1102 = CYLINDRICAL_SURFACE('',#1103,23.683069474087);
#1103 = AXIS2_PLACEMENT_3D('',#1104,#1105,#1106);
#1104 = CARTESIAN_POINT('',(0.,0.,0.));
#1105 = DIRECTION('',(0.,0.,1.));
#1106 = DIRECTION('',(1.,0.,-0.));
#1107 = DEFINITIONAL_REPRESENTATION('',(#1108),#1112);
#1108 = LINE('',#1109,#1110);
#1109 = CARTESIAN_POINT('',(0.,1.4));
#1110 = VECTOR('',#1111,1.);
#1111 = DIRECTION('',(1.,0.));
#1112 = ( GEOMETRIC_REPRESENTATION_CONTEXT(2) 
PARAMETRIC_REPRESENTATION_CONTEXT() REPRESENTATION_CONTEXT('2D SPACE',''
  ) );
#1113 = PCURVE('',#1114,#1119);
#1114 = PLANE('',#1115);
#1115 = AXIS2_PLACEMENT_3D('',#1116,#1117,#1118);
#1116 = CARTESIAN_POINT('',(0.,0.,1.4));
#1117 = DIRECTION('',(0.,0.,1.));
#1118 = DIRECTION('',(1.,0.,-0.));
#1119 = DEFINITIONAL_REPRESENTATION('',(#1120),#1124);
#1120 = CIRCLE('',#1121,23.683069474087);
#1121 = AXIS2_PLACEMENT_2D('',#1122,#1123);
#1122 = CARTESIAN_POINT('',(0.,0.));
#1123 = DIRECTION('',(1.,0.));
#1124 = ( GEOMETRIC_REPRESENTATION_CONTEXT(2) 
PARAMETRIC_REPRESENTATION_CONTEXT() REPRESENTATION_CONTEXT('2D SPACE',''
  ) );
#1125 = ORIENTED_EDGE('',*,*,#1126,.F.);
#1126 = EDGE_CURVE('',#1127,#1093,#1129,.T.);
#1127 = VERTEX_POINT('',#1128);
#1128 = CARTESIAN_POINT('',(23.683069474087,-5.800679045085E-15,0.));
#1129 = SEAM_CURVE('',#1130,(#1134,#1141),.PCURVE_S1.);
#1130 = LINE('',#1131,#1132);
#1131 = CARTESIAN_POINT('',(23.683069474087,-5.800679045085E-15,0.));
#1132 = VECTOR('',#1133,1.);
#1133 = DIRECTION('',(0.,0.,1.));
#1134 = PCURVE('',#1102,#1135);
#1135 = DEFINITIONAL_REPRESENTATION('',(#1136),#1140);
#1136 = LINE('',#1137,#1138);
#1137 = CARTESIAN_POINT('',(6.28318530718,-0.));
#1138 = VECTOR('',#1139,1.);
#1139 = DIRECTION('',(0.,1.));
#1140 = ( GEOMETRIC_REPRESENTATION_CONTEXT(2) 
PARAMETRIC_REPRESENTATION_CONTEXT() REPRESENTATION_CONTEXT('2D SPACE',''
  ) );
#1141 = PCURVE('',#1102,#1142);
#1142 = DEFINITIONAL_REPRESENTATION('',(#1143),#1147);
#1143 = LINE('',#1144,#1145);
#1144 = CARTESIAN_POINT('',(0.,-0.));
#1145 = VECTOR('',#1146,1.);
#1146 = DIRECTION('',(0.,1.));
#1147 = ( GEOMETRIC_REPRESENTATION_CONTEXT(2) 
PARAMETRIC_REPRESENTATION_CONTEXT() REPRESENTATION_CONTEXT('2D SPACE',''
  ) );
#1148 = ORIENTED_EDGE('',*,*,#1149,.T.);
#1149 = EDGE_CURVE('',#1127,#1127,#1150,.T.);
#1150 = SURFACE_CURVE('',#1151,(#1156,#1163),.PCURVE_S1.);
#1151 = CIRCLE('',#1152,23.683069474087);
#1152 = AXIS2_PLACEMENT_3D('',#1153,#1154,#1155);
#1153 = CARTESIAN_POINT('',(0.,0.,0.));
#1154 = DIRECTION('',(0.,0.,1.));
#1155 = DIRECTION('',(1.,0.,-0.));
#1156 = PCURVE('',#1102,#1157);
#1157 = DEFINITIONAL_REPRESENTATION('',(#1158),#1162);
#1158 = LINE('',#1159,#1160);
#1159 = CARTESIAN_POINT('',(0.,0.));
#1160 = VECTOR('',#1161,1.);
#1161 = DIRECTION('',(1.,0.));
#1162 = ( GEOMETRIC_REPRESENTATION_CONTEXT(2) 
PARAMETRIC_REPRESENTATION_CONTEXT() REPRESENTATION_CONTEXT('2D SPACE',''
  ) );
#1163 = PCURVE('',#1164,#1169);
#1164 = PLANE('',#1165);
#1165 = AXIS2_PLACEMENT_3D('',#1166,#1167,#1168);
#1166 = CARTESIAN_POINT('',(0.,0.,0.));
#1167 = DIRECTION('',(0.,0.,1.));
#1168 = DIRECTION('',(1.,0.,-0.));
#1169 = DEFINITIONAL_REPRESENTATION('',(#1170),#1174);
#1170 = CIRCLE('',#1171,23.683069474087);
#1171 = AXIS2_PLACEMENT_2D('',#1172,#1173);
#1172 = CARTESIAN_POINT('',(0.,0.));
#1173 = DIRECTION('',(1.,0.));
#1174 = ( GEOMETRIC_REPRESENTATION_CONTEXT(2) 
PARAMETRIC_REPRESENTATION_CONTEXT() REPRESENTATION_CONTEXT('2D SPACE',''
  ) );
#1175 = ORIENTED_EDGE('',*,*,#1126,.T.);
#1176 = ADVANCED_FACE('',(#1177),#1114,.T.);
#1177 = FACE_BOUND('',#1178,.T.);
#1178 = EDGE_LOOP('',(#1179));
#1179 = ORIENTED_EDGE('',*,*,#1092,.T.);
#1180 = ADVANCED_FACE('',(#1181),#1164,.F.);
#1181 = FACE_BOUND('',#1182,.T.);
#1182 = EDGE_LOOP('',(#1183));
#1183 = ORIENTED_EDGE('',*,*,#1149,.F.);
#1184 = ( GEOMETRIC_REPRESENTATION_CONTEXT(3) 
GLOBAL_UNCERTAINTY_ASSIGNED_CONTEXT((#1188)) 
GLOBAL_UNIT_ASSIGNED_CONTEXT((#1185,#1186,#1187)) REPRESENTATION_CONTEXT
('Context #1','3D Context with UNIT and UNCERTAINTY') );
#1185 = ( LENGTH_UNIT() NAMED_UNIT(*) SI_UNIT(.MILLI.,.METRE.) );
#1186 = ( NAMED_UNIT(*) PLANE_ANGLE_UNIT() SI_UNIT($,.RADIAN.) );
#1187 = ( NAMED_UNIT(*) SI_UNIT($,.STERADIAN.) SOLID_ANGLE_UNIT() );
#1188 = UNCERTAINTY_MEASURE_WITH_UNIT(LENGTH_MEASURE(1.E-07),#1185,
  'distance_accuracy_value','confusion accuracy');
#1189 = CONTEXT_DEPENDENT_SHAPE_REPRESENTATION(#1190,#1192);
#1190 = ( REPRESENTATION_RELATIONSHIP('','',#1085,#10) 
REPRESENTATION_RELATIONSHIP_WITH_TRANSFORMATION(#1191) 
SHAPE_REPRESENTATION_RELATIONSHIP() );
#1191 = ITEM_DEFINED_TRANSFORMATION('','',#11,#19);
#1192 = PRODUCT_DEFINITION_SHAPE('Placement','Placement of an item',
  #1193);
#1193 = NEXT_ASSEMBLY_USAGE_OCCURRENCE('2','caseback','',#5,#1080,$);
#1194 = PRODUCT_RELATED_PRODUCT_CATEGORY('part',$,(#1082));
#1195 = SHAPE_DEFINITION_REPRESENTATION(#1196,#1202);
#1196 = PRODUCT_DEFINITION_SHAPE('','',#1197);
#1197 = PRODUCT_DEFINITION('design','',#1198,#1201);
#1198 = PRODUCT_DEFINITION_FORMATION('','',#1199);
#1199 = PRODUCT('crystal','crystal','',(#1200));
#1200 = PRODUCT_CONTEXT('',#2,'mechanical');
#1201 = PRODUCT_DEFINITION_CONTEXT('part definition',#2,'design');
#1202 = ADVANCED_BREP_SHAPE_REPRESENTATION('',(#11,#1203),#1381);
#1203 = MANIFOLD_SOLID_BREP('',#1204);
#1204 = CLOSED_SHELL('',(#1205,#1242,#1297,#1352));
#1205 = ADVANCED_FACE('',(#1206),#1219,.F.);
#1206 = FACE_BOUND('',#1207,.T.);
#1207 = EDGE_LOOP('',(#1208));
#1208 = ORIENTED_EDGE('',*,*,#1209,.F.);
#1209 = EDGE_CURVE('',#1210,#1210,#1212,.T.);
#1210 = VERTEX_POINT('',#1211);
#1211 = CARTESIAN_POINT('',(24.483069474087,0.,1.9));
#1212 = SURFACE_CURVE('',#1213,(#1218,#1230),.PCURVE_S1.);
#1213 = CIRCLE('',#1214,24.483069474087);
#1214 = AXIS2_PLACEMENT_3D('',#1215,#1216,#1217);
#1215 = CARTESIAN_POINT('',(0.,0.,1.9));
#1216 = DIRECTION('',(0.,0.,1.));
#1217 = DIRECTION('',(1.,0.,-0.));
#1218 = PCURVE('',#1219,#1224);
#1219 = PLANE('',#1220);
#1220 = AXIS2_PLACEMENT_3D('',#1221,#1222,#1223);
#1221 = CARTESIAN_POINT('',(0.,0.,1.9));
#1222 = DIRECTION('',(0.,0.,1.));
#1223 = DIRECTION('',(1.,0.,-0.));
#1224 = DEFINITIONAL_REPRESENTATION('',(#1225),#1229);
#1225 = CIRCLE('',#1226,24.483069474087);
#1226 = AXIS2_PLACEMENT_2D('',#1227,#1228);
#1227 = CARTESIAN_POINT('',(0.,0.));
#1228 = DIRECTION('',(1.,-0.));
#1229 = ( GEOMETRIC_REPRESENTATION_CONTEXT(2) 
PARAMETRIC_REPRESENTATION_CONTEXT() REPRESENTATION_CONTEXT('2D SPACE',''
  ) );
#1230 = PCURVE('',#1231,#1236);
#1231 = CYLINDRICAL_SURFACE('',#1232,24.483069474087);
#1232 = AXIS2_PLACEMENT_3D('',#1233,#1234,#1235);
#1233 = CARTESIAN_POINT('',(0.,0.,1.9));
#1234 = DIRECTION('',(0.,0.,1.));
#1235 = DIRECTION('',(1.,0.,-0.));
#1236 = DEFINITIONAL_REPRESENTATION('',(#1237),#1241);
#1237 = LINE('',#1238,#1239);
#1238 = CARTESIAN_POINT('',(0.,0.));
#1239 = VECTOR('',#1240,1.);
#1240 = DIRECTION('',(1.,0.));
#1241 = ( GEOMETRIC_REPRESENTATION_CONTEXT(2) 
PARAMETRIC_REPRESENTATION_CONTEXT() REPRESENTATION_CONTEXT('2D SPACE',''
  ) );
#1242 = ADVANCED_FACE('',(#1243),#1231,.T.);
#1243 = FACE_BOUND('',#1244,.T.);
#1244 = EDGE_LOOP('',(#1245,#1246,#1269,#1296));
#1245 = ORIENTED_EDGE('',*,*,#1209,.T.);
#1246 = ORIENTED_EDGE('',*,*,#1247,.T.);
#1247 = EDGE_CURVE('',#1210,#1248,#1250,.T.);
#1248 = VERTEX_POINT('',#1249);
#1249 = CARTESIAN_POINT('',(24.483069474087,0.,3.15));
#1250 = SEAM_CURVE('',#1251,(#1255,#1262),.PCURVE_S1.);
#1251 = LINE('',#1252,#1253);
#1252 = CARTESIAN_POINT('',(24.483069474087,0.,1.9));
#1253 = VECTOR('',#1254,1.);
#1254 = DIRECTION('',(0.,0.,1.));
#1255 = PCURVE('',#1231,#1256);
#1256 = DEFINITIONAL_REPRESENTATION('',(#1257),#1261);
#1257 = LINE('',#1258,#1259);
#1258 = CARTESIAN_POINT('',(0.,0.));
#1259 = VECTOR('',#1260,1.);
#1260 = DIRECTION('',(0.,1.));
#1261 = ( GEOMETRIC_REPRESENTATION_CONTEXT(2) 
PARAMETRIC_REPRESENTATION_CONTEXT() REPRESENTATION_CONTEXT('2D SPACE',''
  ) );
#1262 = PCURVE('',#1231,#1263);
#1263 = DEFINITIONAL_REPRESENTATION('',(#1264),#1268);
#1264 = LINE('',#1265,#1266);
#1265 = CARTESIAN_POINT('',(6.28318530718,0.));
#1266 = VECTOR('',#1267,1.);
#1267 = DIRECTION('',(0.,1.));
#1268 = ( GEOMETRIC_REPRESENTATION_CONTEXT(2) 
PARAMETRIC_REPRESENTATION_CONTEXT() REPRESENTATION_CONTEXT('2D SPACE',''
  ) );
#1269 = ORIENTED_EDGE('',*,*,#1270,.F.);
#1270 = EDGE_CURVE('',#1248,#1248,#1271,.T.);
#1271 = SURFACE_CURVE('',#1272,(#1277,#1284),.PCURVE_S1.);
#1272 = CIRCLE('',#1273,24.483069474087);
#1273 = AXIS2_PLACEMENT_3D('',#1274,#1275,#1276);
#1274 = CARTESIAN_POINT('',(0.,0.,3.15));
#1275 = DIRECTION('',(0.,0.,1.));
#1276 = DIRECTION('',(1.,0.,-0.));
#1277 = PCURVE('',#1231,#1278);
#1278 = DEFINITIONAL_REPRESENTATION('',(#1279),#1283);
#1279 = LINE('',#1280,#1281);
#1280 = CARTESIAN_POINT('',(0.,1.25));
#1281 = VECTOR('',#1282,1.);
#1282 = DIRECTION('',(1.,0.));
#1283 = ( GEOMETRIC_REPRESENTATION_CONTEXT(2) 
PARAMETRIC_REPRESENTATION_CONTEXT() REPRESENTATION_CONTEXT('2D SPACE',''
  ) );
#1284 = PCURVE('',#1285,#1290);
#1285 = CONICAL_SURFACE('',#1286,24.483069474087,0.942000040379);
#1286 = AXIS2_PLACEMENT_3D('',#1287,#1288,#1289);
#1287 = CARTESIAN_POINT('',(0.,0.,3.15));
#1288 = DIRECTION('',(-0.,-0.,-1.));
#1289 = DIRECTION('',(1.,0.,-0.));
#1290 = DEFINITIONAL_REPRESENTATION('',(#1291),#1295);
#1291 = LINE('',#1292,#1293);
#1292 = CARTESIAN_POINT('',(-0.,-0.));
#1293 = VECTOR('',#1294,1.);
#1294 = DIRECTION('',(-1.,-0.));
#1295 = ( GEOMETRIC_REPRESENTATION_CONTEXT(2) 
PARAMETRIC_REPRESENTATION_CONTEXT() REPRESENTATION_CONTEXT('2D SPACE',''
  ) );
#1296 = ORIENTED_EDGE('',*,*,#1247,.F.);
#1297 = ADVANCED_FACE('',(#1298),#1285,.T.);
#1298 = FACE_BOUND('',#1299,.T.);
#1299 = EDGE_LOOP('',(#1300,#1301,#1324,#1351));
#1300 = ORIENTED_EDGE('',*,*,#1270,.T.);
#1301 = ORIENTED_EDGE('',*,*,#1302,.T.);
#1302 = EDGE_CURVE('',#1248,#1303,#1305,.T.);
#1303 = VERTEX_POINT('',#1304);
#1304 = CARTESIAN_POINT('',(23.933069474087,0.,3.55));
#1305 = SEAM_CURVE('',#1306,(#1310,#1317),.PCURVE_S1.);
#1306 = LINE('',#1307,#1308);
#1307 = CARTESIAN_POINT('',(24.483069474087,0.,3.15));
#1308 = VECTOR('',#1309,1.);
#1309 = DIRECTION('',(-0.808736084303,0.,0.588171697675));
#1310 = PCURVE('',#1285,#1311);
#1311 = DEFINITIONAL_REPRESENTATION('',(#1312),#1316);
#1312 = LINE('',#1313,#1314);
#1313 = CARTESIAN_POINT('',(-0.,-0.));
#1314 = VECTOR('',#1315,1.);
#1315 = DIRECTION('',(-0.,-1.));
#1316 = ( GEOMETRIC_REPRESENTATION_CONTEXT(2) 
PARAMETRIC_REPRESENTATION_CONTEXT() REPRESENTATION_CONTEXT('2D SPACE',''
  ) );
#1317 = PCURVE('',#1285,#1318);
#1318 = DEFINITIONAL_REPRESENTATION('',(#1319),#1323);
#1319 = LINE('',#1320,#1321);
#1320 = CARTESIAN_POINT('',(-6.28318530718,-0.));
#1321 = VECTOR('',#1322,1.);
#1322 = DIRECTION('',(-0.,-1.));
#1323 = ( GEOMETRIC_REPRESENTATION_CONTEXT(2) 
PARAMETRIC_REPRESENTATION_CONTEXT() REPRESENTATION_CONTEXT('2D SPACE',''
  ) );
#1324 = ORIENTED_EDGE('',*,*,#1325,.F.);
#1325 = EDGE_CURVE('',#1303,#1303,#1326,.T.);
#1326 = SURFACE_CURVE('',#1327,(#1332,#1339),.PCURVE_S1.);
#1327 = CIRCLE('',#1328,23.933069474087);
#1328 = AXIS2_PLACEMENT_3D('',#1329,#1330,#1331);
#1329 = CARTESIAN_POINT('',(0.,0.,3.55));
#1330 = DIRECTION('',(0.,0.,1.));
#1331 = DIRECTION('',(1.,0.,-0.));
#1332 = PCURVE('',#1285,#1333);
#1333 = DEFINITIONAL_REPRESENTATION('',(#1334),#1338);
#1334 = LINE('',#1335,#1336);
#1335 = CARTESIAN_POINT('',(-0.,-0.4));
#1336 = VECTOR('',#1337,1.);
#1337 = DIRECTION('',(-1.,-0.));
#1338 = ( GEOMETRIC_REPRESENTATION_CONTEXT(2) 
PARAMETRIC_REPRESENTATION_CONTEXT() REPRESENTATION_CONTEXT('2D SPACE',''
  ) );
#1339 = PCURVE('',#1340,#1345);
#1340 = SPHERICAL_SURFACE('',#1341,573.04181445183);
#1341 = AXIS2_PLACEMENT_3D('',#1342,#1343,#1344);
#1342 = CARTESIAN_POINT('',(-7.029044013507E-12,-0.,-568.9918144518));
#1343 = DIRECTION('',(0.,0.,1.));
#1344 = DIRECTION('',(1.,0.,-0.));
#1345 = DEFINITIONAL_REPRESENTATION('',(#1346),#1350);
#1346 = LINE('',#1347,#1348);
#1347 = CARTESIAN_POINT('',(0.,1.529019213629));
#1348 = VECTOR('',#1349,1.);
#1349 = DIRECTION('',(1.,0.));
#1350 = ( GEOMETRIC_REPRESENTATION_CONTEXT(2) 
PARAMETRIC_REPRESENTATION_CONTEXT() REPRESENTATION_CONTEXT('2D SPACE',''
  ) );
#1351 = ORIENTED_EDGE('',*,*,#1302,.F.);
#1352 = ADVANCED_FACE('',(#1353),#1340,.T.);
#1353 = FACE_BOUND('',#1354,.T.);
#1354 = EDGE_LOOP('',(#1355,#1356,#1380));
#1355 = ORIENTED_EDGE('',*,*,#1325,.T.);
#1356 = ORIENTED_EDGE('',*,*,#1357,.T.);
#1357 = EDGE_CURVE('',#1303,#1358,#1360,.T.);
#1358 = VERTEX_POINT('',#1359);
#1359 = CARTESIAN_POINT('',(-8.881784197001E-16,0.,4.05));
#1360 = SEAM_CURVE('',#1361,(#1366,#1373),.PCURVE_S1.);
#1361 = CIRCLE('',#1362,573.04181445183);
#1362 = AXIS2_PLACEMENT_3D('',#1363,#1364,#1365);
#1363 = CARTESIAN_POINT('',(-7.029044013507E-12,-0.,-568.9918144518));
#1364 = DIRECTION('',(0.,-1.,0.));
#1365 = DIRECTION('',(4.176496177157E-02,0.,0.999127463324));
#1366 = PCURVE('',#1340,#1367);
#1367 = DEFINITIONAL_REPRESENTATION('',(#1368),#1372);
#1368 = LINE('',#1369,#1370);
#1369 = CARTESIAN_POINT('',(0.,1.529019213629));
#1370 = VECTOR('',#1371,1.);
#1371 = DIRECTION('',(0.,1.));
#1372 = ( GEOMETRIC_REPRESENTATION_CONTEXT(2) 
PARAMETRIC_REPRESENTATION_CONTEXT() REPRESENTATION_CONTEXT('2D SPACE',''
  ) );
#1373 = PCURVE('',#1340,#1374);
#1374 = DEFINITIONAL_REPRESENTATION('',(#1375),#1379);
#1375 = LINE('',#1376,#1377);
#1376 = CARTESIAN_POINT('',(6.28318530718,1.529019213629));
#1377 = VECTOR('',#1378,1.);
#1378 = DIRECTION('',(0.,1.));
#1379 = ( GEOMETRIC_REPRESENTATION_CONTEXT(2) 
PARAMETRIC_REPRESENTATION_CONTEXT() REPRESENTATION_CONTEXT('2D SPACE',''
  ) );
#1380 = ORIENTED_EDGE('',*,*,#1357,.F.);
#1381 = ( GEOMETRIC_REPRESENTATION_CONTEXT(3) 
GLOBAL_UNCERTAINTY_ASSIGNED_CONTEXT((#1385)) 
GLOBAL_UNIT_ASSIGNED_CONTEXT((#1382,#1383,#1384)) REPRESENTATION_CONTEXT
('Context #1','3D Context with UNIT and UNCERTAINTY') );
#1382 = ( LENGTH_UNIT() NAMED_UNIT(*) SI_UNIT(.MILLI.,.METRE.) );
#1383 = ( NAMED_UNIT(*) PLANE_ANGLE_UNIT() SI_UNIT($,.RADIAN.) );
#1384 = ( NAMED_UNIT(*) SI_UNIT($,.STERADIAN.) SOLID_ANGLE_UNIT() );
#1385 = UNCERTAINTY_MEASURE_WITH_UNIT(LENGTH_MEASURE(1.E-07),#1382,
  'distance_accuracy_value','confusion accuracy');
#1386 = CONTEXT_DEPENDENT_SHAPE_REPRESENTATION(#1387,#1389);
#1387 = ( REPRESENTATION_RELATIONSHIP('','',#1202,#10) 
REPRESENTATION_RELATIONSHIP_WITH_TRANSFORMATION(#1388) 
SHAPE_REPRESENTATION_RELATIONSHIP() );
#1388 = ITEM_DEFINED_TRANSFORMATION('','',#11,#23);
#1389 = PRODUCT_DEFINITION_SHAPE('Placement','Placement of an item',
  #1390);
#1390 = NEXT_ASSEMBLY_USAGE_OCCURRENCE('3','crystal','',#5,#1197,$);
#1391 = PRODUCT_RELATED_PRODUCT_CATEGORY('part',$,(#1199));
#1392 = SHAPE_DEFINITION_REPRESENTATION(#1393,#1399);
#1393 = PRODUCT_DEFINITION_SHAPE('','',#1394);
#1394 = PRODUCT_DEFINITION('design','',#1395,#1398);
#1395 = PRODUCT_DEFINITION_FORMATION('','',#1396);
#1396 = PRODUCT('dial','dial','',(#1397));
#1397 = PRODUCT_CONTEXT('',#2,'mechanical');
#1398 = PRODUCT_DEFINITION_CONTEXT('part definition',#2,'design');
#1399 = ADVANCED_BREP_SHAPE_REPRESENTATION('',(#11,#1400),#1582);
#1400 = MANIFOLD_SOLID_BREP('',#1401);
#1401 = CLOSED_SHELL('',(#1402,#1490,#1568,#1575));
#1402 = ADVANCED_FACE('',(#1403),#1417,.T.);
#1403 = FACE_BOUND('',#1404,.F.);
#1404 = EDGE_LOOP('',(#1405,#1435,#1462,#1463));
#1405 = ORIENTED_EDGE('',*,*,#1406,.T.);
#1406 = EDGE_CURVE('',#1407,#1409,#1411,.T.);
#1407 = VERTEX_POINT('',#1408);
#1408 = CARTESIAN_POINT('',(24.483069474087,0.,0.));
#1409 = VERTEX_POINT('',#1410);
#1410 = CARTESIAN_POINT('',(24.483069474087,0.,0.4));
#1411 = SEAM_CURVE('',#1412,(#1416,#1428),.PCURVE_S1.);
#1412 = LINE('',#1413,#1414);
#1413 = CARTESIAN_POINT('',(24.483069474087,0.,0.));
#1414 = VECTOR('',#1415,1.);
#1415 = DIRECTION('',(0.,0.,1.));
#1416 = PCURVE('',#1417,#1422);
#1417 = CYLINDRICAL_SURFACE('',#1418,24.483069474087);
#1418 = AXIS2_PLACEMENT_3D('',#1419,#1420,#1421);
#1419 = CARTESIAN_POINT('',(0.,0.,0.));
#1420 = DIRECTION('',(-0.,-0.,-1.));
#1421 = DIRECTION('',(1.,0.,-0.));
#1422 = DEFINITIONAL_REPRESENTATION('',(#1423),#1427);
#1423 = LINE('',#1424,#1425);
#1424 = CARTESIAN_POINT('',(-0.,0.));
#1425 = VECTOR('',#1426,1.);
#1426 = DIRECTION('',(-0.,-1.));
#1427 = ( GEOMETRIC_REPRESENTATION_CONTEXT(2) 
PARAMETRIC_REPRESENTATION_CONTEXT() REPRESENTATION_CONTEXT('2D SPACE',''
  ) );
#1428 = PCURVE('',#1417,#1429);
#1429 = DEFINITIONAL_REPRESENTATION('',(#1430),#1434);
#1430 = LINE('',#1431,#1432);
#1431 = CARTESIAN_POINT('',(-6.28318530718,0.));
#1432 = VECTOR('',#1433,1.);
#1433 = DIRECTION('',(-0.,-1.));
#1434 = ( GEOMETRIC_REPRESENTATION_CONTEXT(2) 
PARAMETRIC_REPRESENTATION_CONTEXT() REPRESENTATION_CONTEXT('2D SPACE',''
  ) );
#1435 = ORIENTED_EDGE('',*,*,#1436,.T.);
#1436 = EDGE_CURVE('',#1409,#1409,#1437,.T.);
#1437 = SURFACE_CURVE('',#1438,(#1443,#1450),.PCURVE_S1.);
#1438 = CIRCLE('',#1439,24.483069474087);
#1439 = AXIS2_PLACEMENT_3D('',#1440,#1441,#1442);
#1440 = CARTESIAN_POINT('',(0.,0.,0.4));
#1441 = DIRECTION('',(0.,0.,1.));
#1442 = DIRECTION('',(1.,0.,-0.));
#1443 = PCURVE('',#1417,#1444);
#1444 = DEFINITIONAL_REPRESENTATION('',(#1445),#1449);
#1445 = LINE('',#1446,#1447);
#1446 = CARTESIAN_POINT('',(-0.,-0.4));
#1447 = VECTOR('',#1448,1.);
#1448 = DIRECTION('',(-1.,0.));
#1449 = ( GEOMETRIC_REPRESENTATION_CONTEXT(2) 
PARAMETRIC_REPRESENTATION_CONTEXT() REPRESENTATION_CONTEXT('2D SPACE',''
  ) );
#1450 = PCURVE('',#1451,#1456);
#1451 = PLANE('',#1452);
#1452 = AXIS2_PLACEMENT_3D('',#1453,#1454,#1455);
#1453 = CARTESIAN_POINT('',(-2.680919009414E-15,-1.0579741902E-16,0.4));
#1454 = DIRECTION('',(0.,0.,1.));
#1455 = DIRECTION('',(1.,0.,-0.));
#1456 = DEFINITIONAL_REPRESENTATION('',(#1457),#1461);
#1457 = CIRCLE('',#1458,24.483069474087);
#1458 = AXIS2_PLACEMENT_2D('',#1459,#1460);
#1459 = CARTESIAN_POINT('',(2.680919009414E-15,1.0579741902E-16));
#1460 = DIRECTION('',(1.,0.));
#1461 = ( GEOMETRIC_REPRESENTATION_CONTEXT(2) 
PARAMETRIC_REPRESENTATION_CONTEXT() REPRESENTATION_CONTEXT('2D SPACE',''
  ) );
#1462 = ORIENTED_EDGE('',*,*,#1406,.F.);
#1463 = ORIENTED_EDGE('',*,*,#1464,.F.);
#1464 = EDGE_CURVE('',#1407,#1407,#1465,.T.);
#1465 = SURFACE_CURVE('',#1466,(#1471,#1478),.PCURVE_S1.);
#1466 = CIRCLE('',#1467,24.483069474087);
#1467 = AXIS2_PLACEMENT_3D('',#1468,#1469,#1470);
#1468 = CARTESIAN_POINT('',(0.,0.,0.));
#1469 = DIRECTION('',(0.,0.,1.));
#1470 = DIRECTION('',(1.,0.,-0.));
#1471 = PCURVE('',#1417,#1472);
#1472 = DEFINITIONAL_REPRESENTATION('',(#1473),#1477);
#1473 = LINE('',#1474,#1475);
#1474 = CARTESIAN_POINT('',(-0.,0.));
#1475 = VECTOR('',#1476,1.);
#1476 = DIRECTION('',(-1.,0.));
#1477 = ( GEOMETRIC_REPRESENTATION_CONTEXT(2) 
PARAMETRIC_REPRESENTATION_CONTEXT() REPRESENTATION_CONTEXT('2D SPACE',''
  ) );
#1478 = PCURVE('',#1479,#1484);
#1479 = PLANE('',#1480);
#1480 = AXIS2_PLACEMENT_3D('',#1481,#1482,#1483);
#1481 = CARTESIAN_POINT('',(-2.680919009414E-15,-1.0579741902E-16,0.));
#1482 = DIRECTION('',(0.,0.,1.));
#1483 = DIRECTION('',(1.,0.,-0.));
#1484 = DEFINITIONAL_REPRESENTATION('',(#1485),#1489);
#1485 = CIRCLE('',#1486,24.483069474087);
#1486 = AXIS2_PLACEMENT_2D('',#1487,#1488);
#1487 = CARTESIAN_POINT('',(2.680919009414E-15,1.0579741902E-16));
#1488 = DIRECTION('',(1.,0.));
#1489 = ( GEOMETRIC_REPRESENTATION_CONTEXT(2) 
PARAMETRIC_REPRESENTATION_CONTEXT() REPRESENTATION_CONTEXT('2D SPACE',''
  ) );
#1490 = ADVANCED_FACE('',(#1491),#1505,.F.);
#1491 = FACE_BOUND('',#1492,.T.);
#1492 = EDGE_LOOP('',(#1493,#1523,#1545,#1546));
#1493 = ORIENTED_EDGE('',*,*,#1494,.T.);
#1494 = EDGE_CURVE('',#1495,#1497,#1499,.T.);
#1495 = VERTEX_POINT('',#1496);
#1496 = CARTESIAN_POINT('',(5.92,6.75,0.));
#1497 = VERTEX_POINT('',#1498);
#1498 = CARTESIAN_POINT('',(5.92,6.75,0.4));
#1499 = SEAM_CURVE('',#1500,(#1504,#1516),.PCURVE_S1.);
#1500 = LINE('',#1501,#1502);
#1501 = CARTESIAN_POINT('',(5.92,6.75,0.));
#1502 = VECTOR('',#1503,1.);
#1503 = DIRECTION('',(0.,0.,1.));
#1504 = PCURVE('',#1505,#1510);
#1505 = CYLINDRICAL_SURFACE('',#1506,10.75);
#1506 = AXIS2_PLACEMENT_3D('',#1507,#1508,#1509);
#1507 = CARTESIAN_POINT('',(-4.83,6.75,0.));
#1508 = DIRECTION('',(-0.,-0.,-1.));
#1509 = DIRECTION('',(1.,0.,-0.));
#1510 = DEFINITIONAL_REPRESENTATION('',(#1511),#1515);
#1511 = LINE('',#1512,#1513);
#1512 = CARTESIAN_POINT('',(-0.,0.));
#1513 = VECTOR('',#1514,1.);
#1514 = DIRECTION('',(-0.,-1.));
#1515 = ( GEOMETRIC_REPRESENTATION_CONTEXT(2) 
PARAMETRIC_REPRESENTATION_CONTEXT() REPRESENTATION_CONTEXT('2D SPACE',''
  ) );
#1516 = PCURVE('',#1505,#1517);
#1517 = DEFINITIONAL_REPRESENTATION('',(#1518),#1522);
#1518 = LINE('',#1519,#1520);
#1519 = CARTESIAN_POINT('',(-6.28318530718,0.));
#1520 = VECTOR('',#1521,1.);
#1521 = DIRECTION('',(-0.,-1.));
#1522 = ( GEOMETRIC_REPRESENTATION_CONTEXT(2) 
PARAMETRIC_REPRESENTATION_CONTEXT() REPRESENTATION_CONTEXT('2D SPACE',''
  ) );
#1523 = ORIENTED_EDGE('',*,*,#1524,.T.);
#1524 = EDGE_CURVE('',#1497,#1497,#1525,.T.);
#1525 = SURFACE_CURVE('',#1526,(#1531,#1538),.PCURVE_S1.);
#1526 = CIRCLE('',#1527,10.75);
#1527 = AXIS2_PLACEMENT_3D('',#1528,#1529,#1530);
#1528 = CARTESIAN_POINT('',(-4.83,6.75,0.4));
#1529 = DIRECTION('',(0.,0.,1.));
#1530 = DIRECTION('',(1.,0.,-0.));
#1531 = PCURVE('',#1505,#1532);
#1532 = DEFINITIONAL_REPRESENTATION('',(#1533),#1537);
#1533 = LINE('',#1534,#1535);
#1534 = CARTESIAN_POINT('',(-0.,-0.4));
#1535 = VECTOR('',#1536,1.);
#1536 = DIRECTION('',(-1.,0.));
#1537 = ( GEOMETRIC_REPRESENTATION_CONTEXT(2) 
PARAMETRIC_REPRESENTATION_CONTEXT() REPRESENTATION_CONTEXT('2D SPACE',''
  ) );
#1538 = PCURVE('',#1451,#1539);
#1539 = DEFINITIONAL_REPRESENTATION('',(#1540),#1544);
#1540 = CIRCLE('',#1541,10.75);
#1541 = AXIS2_PLACEMENT_2D('',#1542,#1543);
#1542 = CARTESIAN_POINT('',(-4.83,6.75));
#1543 = DIRECTION('',(1.,0.));
#1544 = ( GEOMETRIC_REPRESENTATION_CONTEXT(2) 
PARAMETRIC_REPRESENTATION_CONTEXT() REPRESENTATION_CONTEXT('2D SPACE',''
  ) );
#1545 = ORIENTED_EDGE('',*,*,#1494,.F.);
#1546 = ORIENTED_EDGE('',*,*,#1547,.F.);
#1547 = EDGE_CURVE('',#1495,#1495,#1548,.T.);
#1548 = SURFACE_CURVE('',#1549,(#1554,#1561),.PCURVE_S1.);
#1549 = CIRCLE('',#1550,10.75);
#1550 = AXIS2_PLACEMENT_3D('',#1551,#1552,#1553);
#1551 = CARTESIAN_POINT('',(-4.83,6.75,0.));
#1552 = DIRECTION('',(0.,0.,1.));
#1553 = DIRECTION('',(1.,0.,-0.));
#1554 = PCURVE('',#1505,#1555);
#1555 = DEFINITIONAL_REPRESENTATION('',(#1556),#1560);
#1556 = LINE('',#1557,#1558);
#1557 = CARTESIAN_POINT('',(-0.,0.));
#1558 = VECTOR('',#1559,1.);
#1559 = DIRECTION('',(-1.,0.));
#1560 = ( GEOMETRIC_REPRESENTATION_CONTEXT(2) 
PARAMETRIC_REPRESENTATION_CONTEXT() REPRESENTATION_CONTEXT('2D SPACE',''
  ) );
#1561 = PCURVE('',#1479,#1562);
#1562 = DEFINITIONAL_REPRESENTATION('',(#1563),#1567);
#1563 = CIRCLE('',#1564,10.75);
#1564 = AXIS2_PLACEMENT_2D('',#1565,#1566);
#1565 = CARTESIAN_POINT('',(-4.83,6.75));
#1566 = DIRECTION('',(1.,0.));
#1567 = ( GEOMETRIC_REPRESENTATION_CONTEXT(2) 
PARAMETRIC_REPRESENTATION_CONTEXT() REPRESENTATION_CONTEXT('2D SPACE',''
  ) );
#1568 = ADVANCED_FACE('',(#1569,#1572),#1479,.F.);
#1569 = FACE_BOUND('',#1570,.F.);
#1570 = EDGE_LOOP('',(#1571));
#1571 = ORIENTED_EDGE('',*,*,#1464,.T.);
#1572 = FACE_BOUND('',#1573,.F.);
#1573 = EDGE_LOOP('',(#1574));
#1574 = ORIENTED_EDGE('',*,*,#1547,.F.);
#1575 = ADVANCED_FACE('',(#1576,#1579),#1451,.T.);
#1576 = FACE_BOUND('',#1577,.T.);
#1577 = EDGE_LOOP('',(#1578));
#1578 = ORIENTED_EDGE('',*,*,#1436,.T.);
#1579 = FACE_BOUND('',#1580,.T.);
#1580 = EDGE_LOOP('',(#1581));
#1581 = ORIENTED_EDGE('',*,*,#1524,.F.);
#1582 = ( GEOMETRIC_REPRESENTATION_CONTEXT(3) 
GLOBAL_UNCERTAINTY_ASSIGNED_CONTEXT((#1586)) 
GLOBAL_UNIT_ASSIGNED_CONTEXT((#1583,#1584,#1585)) REPRESENTATION_CONTEXT
('Context #1','3D Context with UNIT and UNCERTAINTY') );
#1583 = ( LENGTH_UNIT() NAMED_UNIT(*) SI_UNIT(.MILLI.,.METRE.) );
#1584 = ( NAMED_UNIT(*) PLANE_ANGLE_UNIT() SI_UNIT($,.RADIAN.) );
#1585 = ( NAMED_UNIT(*) SI_UNIT($,.STERADIAN.) SOLID_ANGLE_UNIT() );
#1586 = UNCERTAINTY_MEASURE_WITH_UNIT(LENGTH_MEASURE(1.E-07),#1583,
  'distance_accuracy_value','confusion accuracy');
#1587 = CONTEXT_DEPENDENT_SHAPE_REPRESENTATION(#1588,#1590);
#1588 = ( REPRESENTATION_RELATIONSHIP('','',#1399,#10) 
REPRESENTATION_RELATIONSHIP_WITH_TRANSFORMATION(#1589) 
SHAPE_REPRESENTATION_RELATIONSHIP() );
#1589 = ITEM_DEFINED_TRANSFORMATION('','',#11,#27);
#1590 = PRODUCT_DEFINITION_SHAPE('Placement','Placement of an item',
  #1591);
#1591 = NEXT_ASSEMBLY_USAGE_OCCURRENCE('4','dial','',#5,#1394,$);
#1592 = PRODUCT_RELATED_PRODUCT_CATEGORY('part',$,(#1396));
#1593 = SHAPE_DEFINITION_REPRESENTATION(#1594,#1600);
#1594 = PRODUCT_DEFINITION_SHAPE('','',#1595);
#1595 = PRODUCT_DEFINITION('design','',#1596,#1599);
#1596 = PRODUCT_DEFINITION_FORMATION('','',#1597);
#1597 = PRODUCT('rehaut','rehaut','',(#1598));
#1598 = PRODUCT_CONTEXT('',#2,'mechanical');
#1599 = PRODUCT_DEFINITION_CONTEXT('part definition',#2,'design');
#1600 = ADVANCED_BREP_SHAPE_REPRESENTATION('',(#11,#1601),#1983);
#1601 = MANIFOLD_SOLID_BREP('',#1602);
#1602 = CLOSED_SHELL('',(#1603,#1691,#1746,#1781,#1836,#1891,#1926,#1976
    ));
#1603 = ADVANCED_FACE('',(#1604),#1617,.T.);
#1604 = FACE_BOUND('',#1605,.T.);
#1605 = EDGE_LOOP('',(#1606,#1640,#1663,#1690));
#1606 = ORIENTED_EDGE('',*,*,#1607,.T.);
#1607 = EDGE_CURVE('',#1608,#1608,#1610,.T.);
#1608 = VERTEX_POINT('',#1609);
#1609 = CARTESIAN_POINT('',(10.8,0.,0.));
#1610 = SURFACE_CURVE('',#1611,(#1616,#1628),.PCURVE_S1.);
#1611 = CIRCLE('',#1612,10.8);
#1612 = AXIS2_PLACEMENT_3D('',#1613,#1614,#1615);
#1613 = CARTESIAN_POINT('',(0.,0.,0.));
#1614 = DIRECTION('',(0.,0.,1.));
#1615 = DIRECTION('',(1.,0.,-0.));
#1616 = PCURVE('',#1617,#1622);
#1617 = CYLINDRICAL_SURFACE('',#1618,10.8);
#1618 = AXIS2_PLACEMENT_3D('',#1619,#1620,#1621);
#1619 = CARTESIAN_POINT('',(0.,0.,0.));
#1620 = DIRECTION('',(0.,0.,1.));
#1621 = DIRECTION('',(1.,0.,-0.));
#1622 = DEFINITIONAL_REPRESENTATION('',(#1623),#1627);
#1623 = LINE('',#1624,#1625);
#1624 = CARTESIAN_POINT('',(0.,0.));
#1625 = VECTOR('',#1626,1.);
#1626 = DIRECTION('',(1.,0.));
#1627 = ( GEOMETRIC_REPRESENTATION_CONTEXT(2) 
PARAMETRIC_REPRESENTATION_CONTEXT() REPRESENTATION_CONTEXT('2D SPACE',''
  ) );
#1628 = PCURVE('',#1629,#1634);
#1629 = PLANE('',#1630);
#1630 = AXIS2_PLACEMENT_3D('',#1631,#1632,#1633);
#1631 = CARTESIAN_POINT('',(0.,0.,0.));
#1632 = DIRECTION('',(0.,0.,1.));
#1633 = DIRECTION('',(1.,0.,-0.));
#1634 = DEFINITIONAL_REPRESENTATION('',(#1635),#1639);
#1635 = CIRCLE('',#1636,10.8);
#1636 = AXIS2_PLACEMENT_2D('',#1637,#1638);
#1637 = CARTESIAN_POINT('',(0.,0.));
#1638 = DIRECTION('',(1.,-0.));
#1639 = ( GEOMETRIC_REPRESENTATION_CONTEXT(2) 
PARAMETRIC_REPRESENTATION_CONTEXT() REPRESENTATION_CONTEXT('2D SPACE',''
  ) );
#1640 = ORIENTED_EDGE('',*,*,#1641,.T.);
#1641 = EDGE_CURVE('',#1608,#1642,#1644,.T.);
#1642 = VERTEX_POINT('',#1643);
#1643 = CARTESIAN_POINT('',(10.8,0.,0.22));
#1644 = SEAM_CURVE('',#1645,(#1649,#1656),.PCURVE_S1.);
#1645 = LINE('',#1646,#1647);
#1646 = CARTESIAN_POINT('',(10.8,0.,0.));
#1647 = VECTOR('',#1648,1.);
#1648 = DIRECTION('',(0.,0.,1.));
#1649 = PCURVE('',#1617,#1650);
#1650 = DEFINITIONAL_REPRESENTATION('',(#1651),#1655);
#1651 = LINE('',#1652,#1653);
#1652 = CARTESIAN_POINT('',(0.,0.));
#1653 = VECTOR('',#1654,1.);
#1654 = DIRECTION('',(0.,1.));
#1655 = ( GEOMETRIC_REPRESENTATION_CONTEXT(2) 
PARAMETRIC_REPRESENTATION_CONTEXT() REPRESENTATION_CONTEXT('2D SPACE',''
  ) );
#1656 = PCURVE('',#1617,#1657);
#1657 = DEFINITIONAL_REPRESENTATION('',(#1658),#1662);
#1658 = LINE('',#1659,#1660);
#1659 = CARTESIAN_POINT('',(6.28318530718,0.));
#1660 = VECTOR('',#1661,1.);
#1661 = DIRECTION('',(0.,1.));
#1662 = ( GEOMETRIC_REPRESENTATION_CONTEXT(2) 
PARAMETRIC_REPRESENTATION_CONTEXT() REPRESENTATION_CONTEXT('2D SPACE',''
  ) );
#1663 = ORIENTED_EDGE('',*,*,#1664,.F.);
#1664 = EDGE_CURVE('',#1642,#1642,#1665,.T.);
#1665 = SURFACE_CURVE('',#1666,(#1671,#1678),.PCURVE_S1.);
#1666 = CIRCLE('',#1667,10.8);
#1667 = AXIS2_PLACEMENT_3D('',#1668,#1669,#1670);
#1668 = CARTESIAN_POINT('',(0.,0.,0.22));
#1669 = DIRECTION('',(0.,0.,1.));
#1670 = DIRECTION('',(1.,0.,-0.));
#1671 = PCURVE('',#1617,#1672);
#1672 = DEFINITIONAL_REPRESENTATION('',(#1673),#1677);
#1673 = LINE('',#1674,#1675);
#1674 = CARTESIAN_POINT('',(0.,0.22));
#1675 = VECTOR('',#1676,1.);
#1676 = DIRECTION('',(1.,0.));
#1677 = ( GEOMETRIC_REPRESENTATION_CONTEXT(2) 
PARAMETRIC_REPRESENTATION_CONTEXT() REPRESENTATION_CONTEXT('2D SPACE',''
  ) );
#1678 = PCURVE('',#1679,#1684);
#1679 = CONICAL_SURFACE('',#1680,10.8,0.785398163397);
#1680 = AXIS2_PLACEMENT_3D('',#1681,#1682,#1683);
#1681 = CARTESIAN_POINT('',(0.,0.,0.22));
#1682 = DIRECTION('',(-0.,-0.,-1.));
#1683 = DIRECTION('',(1.,0.,-0.));
#1684 = DEFINITIONAL_REPRESENTATION('',(#1685),#1689);
#1685 = LINE('',#1686,#1687);
#1686 = CARTESIAN_POINT('',(-0.,-0.));
#1687 = VECTOR('',#1688,1.);
#1688 = DIRECTION('',(-1.,-0.));
#1689 = ( GEOMETRIC_REPRESENTATION_CONTEXT(2) 
PARAMETRIC_REPRESENTATION_CONTEXT() REPRESENTATION_CONTEXT('2D SPACE',''
  ) );
#1690 = ORIENTED_EDGE('',*,*,#1641,.F.);
#1691 = ADVANCED_FACE('',(#1692),#1679,.T.);
#1692 = FACE_BOUND('',#1693,.T.);
#1693 = EDGE_LOOP('',(#1694,#1695,#1718,#1745));
#1694 = ORIENTED_EDGE('',*,*,#1664,.T.);
#1695 = ORIENTED_EDGE('',*,*,#1696,.T.);
#1696 = EDGE_CURVE('',#1642,#1697,#1699,.T.);
#1697 = VERTEX_POINT('',#1698);
#1698 = CARTESIAN_POINT('',(10.66,0.,0.36));
#1699 = SEAM_CURVE('',#1700,(#1704,#1711),.PCURVE_S1.);
#1700 = LINE('',#1701,#1702);
#1701 = CARTESIAN_POINT('',(10.8,0.,0.22));
#1702 = VECTOR('',#1703,1.);
#1703 = DIRECTION('',(-0.707106781187,0.,0.707106781187));
#1704 = PCURVE('',#1679,#1705);
#1705 = DEFINITIONAL_REPRESENTATION('',(#1706),#1710);
#1706 = LINE('',#1707,#1708);
#1707 = CARTESIAN_POINT('',(-0.,-0.));
#1708 = VECTOR('',#1709,1.);
#1709 = DIRECTION('',(-0.,-1.));
#1710 = ( GEOMETRIC_REPRESENTATION_CONTEXT(2) 
PARAMETRIC_REPRESENTATION_CONTEXT() REPRESENTATION_CONTEXT('2D SPACE',''
  ) );
#1711 = PCURVE('',#1679,#1712);
#1712 = DEFINITIONAL_REPRESENTATION('',(#1713),#1717);
#1713 = LINE('',#1714,#1715);
#1714 = CARTESIAN_POINT('',(-6.28318530718,-0.));
#1715 = VECTOR('',#1716,1.);
#1716 = DIRECTION('',(-0.,-1.));
#1717 = ( GEOMETRIC_REPRESENTATION_CONTEXT(2) 
PARAMETRIC_REPRESENTATION_CONTEXT() REPRESENTATION_CONTEXT('2D SPACE',''
  ) );
#1718 = ORIENTED_EDGE('',*,*,#1719,.F.);
#1719 = EDGE_CURVE('',#1697,#1697,#1720,.T.);
#1720 = SURFACE_CURVE('',#1721,(#1726,#1733),.PCURVE_S1.);
#1721 = CIRCLE('',#1722,10.66);
#1722 = AXIS2_PLACEMENT_3D('',#1723,#1724,#1725);
#1723 = CARTESIAN_POINT('',(0.,0.,0.36));
#1724 = DIRECTION('',(0.,0.,1.));
#1725 = DIRECTION('',(1.,0.,-0.));
#1726 = PCURVE('',#1679,#1727);
#1727 = DEFINITIONAL_REPRESENTATION('',(#1728),#1732);
#1728 = LINE('',#1729,#1730);
#1729 = CARTESIAN_POINT('',(-0.,-0.14));
#1730 = VECTOR('',#1731,1.);
#1731 = DIRECTION('',(-1.,-0.));
#1732 = ( GEOMETRIC_REPRESENTATION_CONTEXT(2) 
PARAMETRIC_REPRESENTATION_CONTEXT() REPRESENTATION_CONTEXT('2D SPACE',''
  ) );
#1733 = PCURVE('',#1734,#1739);
#1734 = PLANE('',#1735);
#1735 = AXIS2_PLACEMENT_3D('',#1736,#1737,#1738);
#1736 = CARTESIAN_POINT('',(0.,0.,0.36));
#1737 = DIRECTION('',(0.,0.,1.));
#1738 = DIRECTION('',(1.,0.,-0.));
#1739 = DEFINITIONAL_REPRESENTATION('',(#1740),#1744);
#1740 = CIRCLE('',#1741,10.66);
#1741 = AXIS2_PLACEMENT_2D('',#1742,#1743);
#1742 = CARTESIAN_POINT('',(0.,0.));
#1743 = DIRECTION('',(1.,0.));
#1744 = ( GEOMETRIC_REPRESENTATION_CONTEXT(2) 
PARAMETRIC_REPRESENTATION_CONTEXT() REPRESENTATION_CONTEXT('2D SPACE',''
  ) );
#1745 = ORIENTED_EDGE('',*,*,#1696,.F.);
#1746 = ADVANCED_FACE('',(#1747,#1750),#1734,.T.);
#1747 = FACE_BOUND('',#1748,.T.);
#1748 = EDGE_LOOP('',(#1749));
#1749 = ORIENTED_EDGE('',*,*,#1719,.T.);
#1750 = FACE_BOUND('',#1751,.T.);
#1751 = EDGE_LOOP('',(#1752));
#1752 = ORIENTED_EDGE('',*,*,#1753,.F.);
#1753 = EDGE_CURVE('',#1754,#1754,#1756,.T.);
#1754 = VERTEX_POINT('',#1755);
#1755 = CARTESIAN_POINT('',(10.36,0.,0.36));
#1756 = SURFACE_CURVE('',#1757,(#1762,#1769),.PCURVE_S1.);
#1757 = CIRCLE('',#1758,10.36);
#1758 = AXIS2_PLACEMENT_3D('',#1759,#1760,#1761);
#1759 = CARTESIAN_POINT('',(0.,0.,0.36));
#1760 = DIRECTION('',(0.,0.,1.));
#1761 = DIRECTION('',(1.,0.,-0.));
#1762 = PCURVE('',#1734,#1763);
#1763 = DEFINITIONAL_REPRESENTATION('',(#1764),#1768);
#1764 = CIRCLE('',#1765,10.36);
#1765 = AXIS2_PLACEMENT_2D('',#1766,#1767);
#1766 = CARTESIAN_POINT('',(0.,0.));
#1767 = DIRECTION('',(1.,0.));
#1768 = ( GEOMETRIC_REPRESENTATION_CONTEXT(2) 
PARAMETRIC_REPRESENTATION_CONTEXT() REPRESENTATION_CONTEXT('2D SPACE',''
  ) );
#1769 = PCURVE('',#1770,#1775);
#1770 = CONICAL_SURFACE('',#1771,10.36,0.785398163397);
#1771 = AXIS2_PLACEMENT_3D('',#1772,#1773,#1774);
#1772 = CARTESIAN_POINT('',(0.,0.,0.36));
#1773 = DIRECTION('',(0.,0.,1.));
#1774 = DIRECTION('',(1.,0.,0.));
#1775 = DEFINITIONAL_REPRESENTATION('',(#1776),#1780);
#1776 = LINE('',#1777,#1778);
#1777 = CARTESIAN_POINT('',(0.,-0.));
#1778 = VECTOR('',#1779,1.);
#1779 = DIRECTION('',(1.,-0.));
#1780 = ( GEOMETRIC_REPRESENTATION_CONTEXT(2) 
PARAMETRIC_REPRESENTATION_CONTEXT() REPRESENTATION_CONTEXT('2D SPACE',''
  ) );
#1781 = ADVANCED_FACE('',(#1782),#1770,.F.);
#1782 = FACE_BOUND('',#1783,.T.);
#1783 = EDGE_LOOP('',(#1784,#1785,#1808,#1835));
#1784 = ORIENTED_EDGE('',*,*,#1753,.T.);
#1785 = ORIENTED_EDGE('',*,*,#1786,.T.);
#1786 = EDGE_CURVE('',#1754,#1787,#1789,.T.);
#1787 = VERTEX_POINT('',#1788);
#1788 = CARTESIAN_POINT('',(10.2,0.,0.2));
#1789 = SEAM_CURVE('',#1790,(#1794,#1801),.PCURVE_S1.);
#1790 = LINE('',#1791,#1792);
#1791 = CARTESIAN_POINT('',(10.36,0.,0.36));
#1792 = VECTOR('',#1793,1.);
#1793 = DIRECTION('',(-0.707106781187,-0.,-0.707106781187));
#1794 = PCURVE('',#1770,#1795);
#1795 = DEFINITIONAL_REPRESENTATION('',(#1796),#1800);
#1796 = LINE('',#1797,#1798);
#1797 = CARTESIAN_POINT('',(0.,-0.));
#1798 = VECTOR('',#1799,1.);
#1799 = DIRECTION('',(0.,-1.));
#1800 = ( GEOMETRIC_REPRESENTATION_CONTEXT(2) 
PARAMETRIC_REPRESENTATION_CONTEXT() REPRESENTATION_CONTEXT('2D SPACE',''
  ) );
#1801 = PCURVE('',#1770,#1802);
#1802 = DEFINITIONAL_REPRESENTATION('',(#1803),#1807);
#1803 = LINE('',#1804,#1805);
#1804 = CARTESIAN_POINT('',(6.28318530718,-0.));
#1805 = VECTOR('',#1806,1.);
#1806 = DIRECTION('',(0.,-1.));
#1807 = ( GEOMETRIC_REPRESENTATION_CONTEXT(2) 
PARAMETRIC_REPRESENTATION_CONTEXT() REPRESENTATION_CONTEXT('2D SPACE',''
  ) );
#1808 = ORIENTED_EDGE('',*,*,#1809,.F.);
#1809 = EDGE_CURVE('',#1787,#1787,#1810,.T.);
#1810 = SURFACE_CURVE('',#1811,(#1816,#1823),.PCURVE_S1.);
#1811 = CIRCLE('',#1812,10.2);
#1812 = AXIS2_PLACEMENT_3D('',#1813,#1814,#1815);
#1813 = CARTESIAN_POINT('',(0.,0.,0.2));
#1814 = DIRECTION('',(0.,0.,1.));
#1815 = DIRECTION('',(1.,0.,-0.));
#1816 = PCURVE('',#1770,#1817);
#1817 = DEFINITIONAL_REPRESENTATION('',(#1818),#1822);
#1818 = LINE('',#1819,#1820);
#1819 = CARTESIAN_POINT('',(0.,-0.16));
#1820 = VECTOR('',#1821,1.);
#1821 = DIRECTION('',(1.,-0.));
#1822 = ( GEOMETRIC_REPRESENTATION_CONTEXT(2) 
PARAMETRIC_REPRESENTATION_CONTEXT() REPRESENTATION_CONTEXT('2D SPACE',''
  ) );
#1823 = PCURVE('',#1824,#1829);
#1824 = CYLINDRICAL_SURFACE('',#1825,10.2);
#1825 = AXIS2_PLACEMENT_3D('',#1826,#1827,#1828);
#1826 = CARTESIAN_POINT('',(0.,0.,0.2));
#1827 = DIRECTION('',(-0.,-0.,-1.));
#1828 = DIRECTION('',(1.,0.,0.));
#1829 = DEFINITIONAL_REPRESENTATION('',(#1830),#1834);
#1830 = LINE('',#1831,#1832);
#1831 = CARTESIAN_POINT('',(-0.,0.));
#1832 = VECTOR('',#1833,1.);
#1833 = DIRECTION('',(-1.,0.));
#1834 = ( GEOMETRIC_REPRESENTATION_CONTEXT(2) 
PARAMETRIC_REPRESENTATION_CONTEXT() REPRESENTATION_CONTEXT('2D SPACE',''
  ) );
#1835 = ORIENTED_EDGE('',*,*,#1786,.F.);
#1836 = ADVANCED_FACE('',(#1837),#1824,.F.);
#1837 = FACE_BOUND('',#1838,.T.);
#1838 = EDGE_LOOP('',(#1839,#1840,#1863,#1890));
#1839 = ORIENTED_EDGE('',*,*,#1809,.T.);
#1840 = ORIENTED_EDGE('',*,*,#1841,.T.);
#1841 = EDGE_CURVE('',#1787,#1842,#1844,.T.);
#1842 = VERTEX_POINT('',#1843);
#1843 = CARTESIAN_POINT('',(10.2,0.,-4.6));
#1844 = SEAM_CURVE('',#1845,(#1849,#1856),.PCURVE_S1.);
#1845 = LINE('',#1846,#1847);
#1846 = CARTESIAN_POINT('',(10.2,0.,0.2));
#1847 = VECTOR('',#1848,1.);
#1848 = DIRECTION('',(0.,0.,-1.));
#1849 = PCURVE('',#1824,#1850);
#1850 = DEFINITIONAL_REPRESENTATION('',(#1851),#1855);
#1851 = LINE('',#1852,#1853);
#1852 = CARTESIAN_POINT('',(-0.,0.));
#1853 = VECTOR('',#1854,1.);
#1854 = DIRECTION('',(-0.,1.));
#1855 = ( GEOMETRIC_REPRESENTATION_CONTEXT(2) 
PARAMETRIC_REPRESENTATION_CONTEXT() REPRESENTATION_CONTEXT('2D SPACE',''
  ) );
#1856 = PCURVE('',#1824,#1857);
#1857 = DEFINITIONAL_REPRESENTATION('',(#1858),#1862);
#1858 = LINE('',#1859,#1860);
#1859 = CARTESIAN_POINT('',(-6.28318530718,0.));
#1860 = VECTOR('',#1861,1.);
#1861 = DIRECTION('',(-0.,1.));
#1862 = ( GEOMETRIC_REPRESENTATION_CONTEXT(2) 
PARAMETRIC_REPRESENTATION_CONTEXT() REPRESENTATION_CONTEXT('2D SPACE',''
  ) );
#1863 = ORIENTED_EDGE('',*,*,#1864,.F.);
#1864 = EDGE_CURVE('',#1842,#1842,#1865,.T.);
#1865 = SURFACE_CURVE('',#1866,(#1871,#1878),.PCURVE_S1.);
#1866 = CIRCLE('',#1867,10.2);
#1867 = AXIS2_PLACEMENT_3D('',#1868,#1869,#1870);
#1868 = CARTESIAN_POINT('',(0.,0.,-4.6));
#1869 = DIRECTION('',(0.,0.,1.));
#1870 = DIRECTION('',(1.,0.,-0.));
#1871 = PCURVE('',#1824,#1872);
#1872 = DEFINITIONAL_REPRESENTATION('',(#1873),#1877);
#1873 = LINE('',#1874,#1875);
#1874 = CARTESIAN_POINT('',(-0.,4.8));
#1875 = VECTOR('',#1876,1.);
#1876 = DIRECTION('',(-1.,0.));
#1877 = ( GEOMETRIC_REPRESENTATION_CONTEXT(2) 
PARAMETRIC_REPRESENTATION_CONTEXT() REPRESENTATION_CONTEXT('2D SPACE',''
  ) );
#1878 = PCURVE('',#1879,#1884);
#1879 = PLANE('',#1880);
#1880 = AXIS2_PLACEMENT_3D('',#1881,#1882,#1883);
#1881 = CARTESIAN_POINT('',(0.,0.,-4.6));
#1882 = DIRECTION('',(0.,0.,1.));
#1883 = DIRECTION('',(1.,0.,-0.));
#1884 = DEFINITIONAL_REPRESENTATION('',(#1885),#1889);
#1885 = CIRCLE('',#1886,10.2);
#1886 = AXIS2_PLACEMENT_2D('',#1887,#1888);
#1887 = CARTESIAN_POINT('',(0.,0.));
#1888 = DIRECTION('',(1.,-0.));
#1889 = ( GEOMETRIC_REPRESENTATION_CONTEXT(2) 
PARAMETRIC_REPRESENTATION_CONTEXT() REPRESENTATION_CONTEXT('2D SPACE',''
  ) );
#1890 = ORIENTED_EDGE('',*,*,#1841,.F.);
#1891 = ADVANCED_FACE('',(#1892,#1895),#1879,.F.);
#1892 = FACE_BOUND('',#1893,.T.);
#1893 = EDGE_LOOP('',(#1894));
#1894 = ORIENTED_EDGE('',*,*,#1864,.T.);
#1895 = FACE_BOUND('',#1896,.T.);
#1896 = EDGE_LOOP('',(#1897));
#1897 = ORIENTED_EDGE('',*,*,#1898,.F.);
#1898 = EDGE_CURVE('',#1899,#1899,#1901,.T.);
#1899 = VERTEX_POINT('',#1900);
#1900 = CARTESIAN_POINT('',(10.7,0.,-4.6));
#1901 = SURFACE_CURVE('',#1902,(#1907,#1914),.PCURVE_S1.);
#1902 = CIRCLE('',#1903,10.7);
#1903 = AXIS2_PLACEMENT_3D('',#1904,#1905,#1906);
#1904 = CARTESIAN_POINT('',(0.,0.,-4.6));
#1905 = DIRECTION('',(0.,0.,1.));
#1906 = DIRECTION('',(1.,0.,-0.));
#1907 = PCURVE('',#1879,#1908);
#1908 = DEFINITIONAL_REPRESENTATION('',(#1909),#1913);
#1909 = CIRCLE('',#1910,10.7);
#1910 = AXIS2_PLACEMENT_2D('',#1911,#1912);
#1911 = CARTESIAN_POINT('',(0.,0.));
#1912 = DIRECTION('',(1.,-0.));
#1913 = ( GEOMETRIC_REPRESENTATION_CONTEXT(2) 
PARAMETRIC_REPRESENTATION_CONTEXT() REPRESENTATION_CONTEXT('2D SPACE',''
  ) );
#1914 = PCURVE('',#1915,#1920);
#1915 = CYLINDRICAL_SURFACE('',#1916,10.7);
#1916 = AXIS2_PLACEMENT_3D('',#1917,#1918,#1919);
#1917 = CARTESIAN_POINT('',(0.,0.,-4.6));
#1918 = DIRECTION('',(0.,0.,1.));
#1919 = DIRECTION('',(1.,0.,-0.));
#1920 = DEFINITIONAL_REPRESENTATION('',(#1921),#1925);
#1921 = LINE('',#1922,#1923);
#1922 = CARTESIAN_POINT('',(0.,0.));
#1923 = VECTOR('',#1924,1.);
#1924 = DIRECTION('',(1.,0.));
#1925 = ( GEOMETRIC_REPRESENTATION_CONTEXT(2) 
PARAMETRIC_REPRESENTATION_CONTEXT() REPRESENTATION_CONTEXT('2D SPACE',''
  ) );
#1926 = ADVANCED_FACE('',(#1927),#1915,.T.);
#1927 = FACE_BOUND('',#1928,.T.);
#1928 = EDGE_LOOP('',(#1929,#1930,#1953,#1975));
#1929 = ORIENTED_EDGE('',*,*,#1898,.T.);
#1930 = ORIENTED_EDGE('',*,*,#1931,.T.);
#1931 = EDGE_CURVE('',#1899,#1932,#1934,.T.);
#1932 = VERTEX_POINT('',#1933);
#1933 = CARTESIAN_POINT('',(10.7,0.,0.));
#1934 = SEAM_CURVE('',#1935,(#1939,#1946),.PCURVE_S1.);
#1935 = LINE('',#1936,#1937);
#1936 = CARTESIAN_POINT('',(10.7,0.,-4.6));
#1937 = VECTOR('',#1938,1.);
#1938 = DIRECTION('',(0.,0.,1.));
#1939 = PCURVE('',#1915,#1940);
#1940 = DEFINITIONAL_REPRESENTATION('',(#1941),#1945);
#1941 = LINE('',#1942,#1943);
#1942 = CARTESIAN_POINT('',(0.,0.));
#1943 = VECTOR('',#1944,1.);
#1944 = DIRECTION('',(0.,1.));
#1945 = ( GEOMETRIC_REPRESENTATION_CONTEXT(2) 
PARAMETRIC_REPRESENTATION_CONTEXT() REPRESENTATION_CONTEXT('2D SPACE',''
  ) );
#1946 = PCURVE('',#1915,#1947);
#1947 = DEFINITIONAL_REPRESENTATION('',(#1948),#1952);
#1948 = LINE('',#1949,#1950);
#1949 = CARTESIAN_POINT('',(6.28318530718,0.));
#1950 = VECTOR('',#1951,1.);
#1951 = DIRECTION('',(0.,1.));
#1952 = ( GEOMETRIC_REPRESENTATION_CONTEXT(2) 
PARAMETRIC_REPRESENTATION_CONTEXT() REPRESENTATION_CONTEXT('2D SPACE',''
  ) );
#1953 = ORIENTED_EDGE('',*,*,#1954,.F.);
#1954 = EDGE_CURVE('',#1932,#1932,#1955,.T.);
#1955 = SURFACE_CURVE('',#1956,(#1961,#1968),.PCURVE_S1.);
#1956 = CIRCLE('',#1957,10.7);
#1957 = AXIS2_PLACEMENT_3D('',#1958,#1959,#1960);
#1958 = CARTESIAN_POINT('',(0.,0.,0.));
#1959 = DIRECTION('',(0.,0.,1.));
#1960 = DIRECTION('',(1.,0.,-0.));
#1961 = PCURVE('',#1915,#1962);
#1962 = DEFINITIONAL_REPRESENTATION('',(#1963),#1967);
#1963 = LINE('',#1964,#1965);
#1964 = CARTESIAN_POINT('',(0.,4.6));
#1965 = VECTOR('',#1966,1.);
#1966 = DIRECTION('',(1.,0.));
#1967 = ( GEOMETRIC_REPRESENTATION_CONTEXT(2) 
PARAMETRIC_REPRESENTATION_CONTEXT() REPRESENTATION_CONTEXT('2D SPACE',''
  ) );
#1968 = PCURVE('',#1629,#1969);
#1969 = DEFINITIONAL_REPRESENTATION('',(#1970),#1974);
#1970 = CIRCLE('',#1971,10.7);
#1971 = AXIS2_PLACEMENT_2D('',#1972,#1973);
#1972 = CARTESIAN_POINT('',(0.,0.));
#1973 = DIRECTION('',(1.,-0.));
#1974 = ( GEOMETRIC_REPRESENTATION_CONTEXT(2) 
PARAMETRIC_REPRESENTATION_CONTEXT() REPRESENTATION_CONTEXT('2D SPACE',''
  ) );
#1975 = ORIENTED_EDGE('',*,*,#1931,.F.);
#1976 = ADVANCED_FACE('',(#1977,#1980),#1629,.F.);
#1977 = FACE_BOUND('',#1978,.T.);
#1978 = EDGE_LOOP('',(#1979));
#1979 = ORIENTED_EDGE('',*,*,#1954,.T.);
#1980 = FACE_BOUND('',#1981,.T.);
#1981 = EDGE_LOOP('',(#1982));
#1982 = ORIENTED_EDGE('',*,*,#1607,.F.);
#1983 = ( GEOMETRIC_REPRESENTATION_CONTEXT(3) 
GLOBAL_UNCERTAINTY_ASSIGNED_CONTEXT((#1987)) 
GLOBAL_UNIT_ASSIGNED_CONTEXT((#1984,#1985,#1986)) REPRESENTATION_CONTEXT
('Context #1','3D Context with UNIT and UNCERTAINTY') );
#1984 = ( LENGTH_UNIT() NAMED_UNIT(*) SI_UNIT(.MILLI.,.METRE.) );
#1985 = ( NAMED_UNIT(*) PLANE_ANGLE_UNIT() SI_UNIT($,.RADIAN.) );
#1986 = ( NAMED_UNIT(*) SI_UNIT($,.STERADIAN.) SOLID_ANGLE_UNIT() );
#1987 = UNCERTAINTY_MEASURE_WITH_UNIT(LENGTH_MEASURE(1.E-07),#1984,
  'distance_accuracy_value','confusion accuracy');
#1988 = CONTEXT_DEPENDENT_SHAPE_REPRESENTATION(#1989,#1991);
#1989 = ( REPRESENTATION_RELATIONSHIP('','',#1600,#10) 
REPRESENTATION_RELATIONSHIP_WITH_TRANSFORMATION(#1990) 
SHAPE_REPRESENTATION_RELATIONSHIP() );
#1990 = ITEM_DEFINED_TRANSFORMATION('','',#11,#31);
#1991 = PRODUCT_DEFINITION_SHAPE('Placement','Placement of an item',
  #1992);
#1992 = NEXT_ASSEMBLY_USAGE_OCCURRENCE('5','rehaut','',#5,#1595,$);
#1993 = PRODUCT_RELATED_PRODUCT_CATEGORY('part',$,(#1597));
#1994 = SHAPE_DEFINITION_REPRESENTATION(#1995,#2001);
#1995 = PRODUCT_DEFINITION_SHAPE('','',#1996);
#1996 = PRODUCT_DEFINITION('design','',#1997,#2000);
#1997 = PRODUCT_DEFINITION_FORMATION('','',#1998);
#1998 = PRODUCT('indices','indices','',(#1999));
#1999 = PRODUCT_CONTEXT('',#2,'mechanical');
#2000 = PRODUCT_DEFINITION_CONTEXT('part definition',#2,'design');
#2001 = SHAPE_REPRESENTATION('',(#11,#2002,#2548,#3094,#3640,#4186,#4732
    ,#5278,#5824,#6370,#6916,#7462,#8008),#8554);
#2002 = MANIFOLD_SOLID_BREP('',#2003);
#2003 = CLOSED_SHELL('',(#2004,#2124,#2205,#2286,#2335,#2384,#2416,#2465
    ,#2514,#2541));
#2004 = ADVANCED_FACE('',(#2005),#2019,.T.);
#2005 = FACE_BOUND('',#2006,.T.);
#2006 = EDGE_LOOP('',(#2007,#2042,#2070,#2098));
#2007 = ORIENTED_EDGE('',*,*,#2008,.T.);
#2008 = EDGE_CURVE('',#2009,#2011,#2013,.T.);
#2009 = VERTEX_POINT('',#2010);
#2010 = CARTESIAN_POINT('',(9.890036625718,18.403388630728,0.));
#2011 = VERTEX_POINT('',#2012);
#2012 = CARTESIAN_POINT('',(9.890036625718,18.403388630728,0.33));
#2013 = SURFACE_CURVE('',#2014,(#2018,#2030),.PCURVE_S1.);
#2014 = LINE('',#2015,#2016);
#2015 = CARTESIAN_POINT('',(9.890036625718,18.403388630728,0.));
#2016 = VECTOR('',#2017,1.);
#2017 = DIRECTION('',(0.,-0.,1.));
#2018 = PCURVE('',#2019,#2024);
#2019 = PLANE('',#2020);
#2020 = AXIS2_PLACEMENT_3D('',#2021,#2022,#2023);
#2021 = CARTESIAN_POINT('',(9.890036625718,18.403388630728,0.));
#2022 = DIRECTION('',(-0.866025403784,0.5,0.));
#2023 = DIRECTION('',(0.5,0.866025403784,0.));
#2024 = DEFINITIONAL_REPRESENTATION('',(#2025),#2029);
#2025 = LINE('',#2026,#2027);
#2026 = CARTESIAN_POINT('',(0.,0.));
#2027 = VECTOR('',#2028,1.);
#2028 = DIRECTION('',(0.,-1.));
#2029 = ( GEOMETRIC_REPRESENTATION_CONTEXT(2) 
PARAMETRIC_REPRESENTATION_CONTEXT() REPRESENTATION_CONTEXT('2D SPACE',''
  ) );
#2030 = PCURVE('',#2031,#2036);
#2031 = PLANE('',#2032);
#2032 = AXIS2_PLACEMENT_3D('',#2033,#2034,#2035);
#2033 = CARTESIAN_POINT('',(10.992783757069,17.766717277594,0.));
#2034 = DIRECTION('',(-0.5,-0.866025403784,0.));
#2035 = DIRECTION('',(-0.866025403784,0.5,0.));
#2036 = DEFINITIONAL_REPRESENTATION('',(#2037),#2041);
#2037 = LINE('',#2038,#2039);
#2038 = CARTESIAN_POINT('',(1.273342706268,0.));
#2039 = VECTOR('',#2040,1.);
#2040 = DIRECTION('',(0.,-1.));
#2041 = ( GEOMETRIC_REPRESENTATION_CONTEXT(2) 
PARAMETRIC_REPRESENTATION_CONTEXT() REPRESENTATION_CONTEXT('2D SPACE',''
  ) );
#2042 = ORIENTED_EDGE('',*,*,#2043,.T.);
#2043 = EDGE_CURVE('',#2011,#2044,#2046,.T.);
#2044 = VERTEX_POINT('',#2045);
#2045 = CARTESIAN_POINT('',(11.290713602612,20.829432319701,0.33));
#2046 = SURFACE_CURVE('',#2047,(#2051,#2058),.PCURVE_S1.);
#2047 = LINE('',#2048,#2049);
#2048 = CARTESIAN_POINT('',(9.890036625718,18.403388630728,0.33));
#2049 = VECTOR('',#2050,1.);
#2050 = DIRECTION('',(0.5,0.866025403784,0.));
#2051 = PCURVE('',#2019,#2052);
#2052 = DEFINITIONAL_REPRESENTATION('',(#2053),#2057);
#2053 = LINE('',#2054,#2055);
#2054 = CARTESIAN_POINT('',(0.,-0.33));
#2055 = VECTOR('',#2056,1.);
#2056 = DIRECTION('',(1.,0.));
#2057 = ( GEOMETRIC_REPRESENTATION_CONTEXT(2) 
PARAMETRIC_REPRESENTATION_CONTEXT() REPRESENTATION_CONTEXT('2D SPACE',''
  ) );
#2058 = PCURVE('',#2059,#2064);
#2059 = PLANE('',#2060);
#2060 = AXIS2_PLACEMENT_3D('',#2061,#2062,#2063);
#2061 = CARTESIAN_POINT('',(9.941998149945,18.373388630728,0.39));
#2062 = DIRECTION('',(0.612372435696,-0.353553390593,-0.707106781187));
#2063 = DIRECTION('',(0.5,0.866025403784,0.));
#2064 = DEFINITIONAL_REPRESENTATION('',(#2065),#2069);
#2065 = LINE('',#2066,#2067);
#2066 = CARTESIAN_POINT('',(-3.552713678801E-15,-8.485281374239E-02));
#2067 = VECTOR('',#2068,1.);
#2068 = DIRECTION('',(1.,0.));
#2069 = ( GEOMETRIC_REPRESENTATION_CONTEXT(2) 
PARAMETRIC_REPRESENTATION_CONTEXT() REPRESENTATION_CONTEXT('2D SPACE',''
  ) );
#2070 = ORIENTED_EDGE('',*,*,#2071,.F.);
#2071 = EDGE_CURVE('',#2072,#2044,#2074,.T.);
#2072 = VERTEX_POINT('',#2073);
#2073 = CARTESIAN_POINT('',(11.290713602612,20.829432319701,0.));
#2074 = SURFACE_CURVE('',#2075,(#2079,#2086),.PCURVE_S1.);
#2075 = LINE('',#2076,#2077);
#2076 = CARTESIAN_POINT('',(11.290713602612,20.829432319701,0.));
#2077 = VECTOR('',#2078,1.);
#2078 = DIRECTION('',(0.,-0.,1.));
#2079 = PCURVE('',#2019,#2080);
#2080 = DEFINITIONAL_REPRESENTATION('',(#2081),#2085);
#2081 = LINE('',#2082,#2083);
#2082 = CARTESIAN_POINT('',(2.801353953789,0.));
#2083 = VECTOR('',#2084,1.);
#2084 = DIRECTION('',(0.,-1.));
#2085 = ( GEOMETRIC_REPRESENTATION_CONTEXT(2) 
PARAMETRIC_REPRESENTATION_CONTEXT() REPRESENTATION_CONTEXT('2D SPACE',''
  ) );
#2086 = PCURVE('',#2087,#2092);
#2087 = PLANE('',#2088);
#2088 = AXIS2_PLACEMENT_3D('',#2089,#2090,#2091);
#2089 = CARTESIAN_POINT('',(11.290713602612,20.829432319701,0.));
#2090 = DIRECTION('',(0.5,0.866025403784,0.));
#2091 = DIRECTION('',(0.866025403784,-0.5,0.));
#2092 = DEFINITIONAL_REPRESENTATION('',(#2093),#2097);
#2093 = LINE('',#2094,#2095);
#2094 = CARTESIAN_POINT('',(0.,0.));
#2095 = VECTOR('',#2096,1.);
#2096 = DIRECTION('',(0.,-1.));
#2097 = ( GEOMETRIC_REPRESENTATION_CONTEXT(2) 
PARAMETRIC_REPRESENTATION_CONTEXT() REPRESENTATION_CONTEXT('2D SPACE',''
  ) );
#2098 = ORIENTED_EDGE('',*,*,#2099,.F.);
#2099 = EDGE_CURVE('',#2009,#2072,#2100,.T.);
#2100 = SURFACE_CURVE('',#2101,(#2105,#2112),.PCURVE_S1.);
#2101 = LINE('',#2102,#2103);
#2102 = CARTESIAN_POINT('',(9.890036625718,18.403388630728,0.));
#2103 = VECTOR('',#2104,1.);
#2104 = DIRECTION('',(0.5,0.866025403784,0.));
#2105 = PCURVE('',#2019,#2106);
#2106 = DEFINITIONAL_REPRESENTATION('',(#2107),#2111);
#2107 = LINE('',#2108,#2109);
#2108 = CARTESIAN_POINT('',(0.,0.));
#2109 = VECTOR('',#2110,1.);
#2110 = DIRECTION('',(1.,0.));
#2111 = ( GEOMETRIC_REPRESENTATION_CONTEXT(2) 
PARAMETRIC_REPRESENTATION_CONTEXT() REPRESENTATION_CONTEXT('2D SPACE',''
  ) );
#2112 = PCURVE('',#2113,#2118);
#2113 = PLANE('',#2114);
#2114 = AXIS2_PLACEMENT_3D('',#2115,#2116,#2117);
#2115 = CARTESIAN_POINT('',(11.141748679841,19.298074798648,0.));
#2116 = DIRECTION('',(-0.,-0.,-1.));
#2117 = DIRECTION('',(-1.,0.,0.));
#2118 = DEFINITIONAL_REPRESENTATION('',(#2119),#2123);
#2119 = LINE('',#2120,#2121);
#2120 = CARTESIAN_POINT('',(1.251712054123,-0.89468616792));
#2121 = VECTOR('',#2122,1.);
#2122 = DIRECTION('',(-0.5,0.866025403784));
#2123 = ( GEOMETRIC_REPRESENTATION_CONTEXT(2) 
PARAMETRIC_REPRESENTATION_CONTEXT() REPRESENTATION_CONTEXT('2D SPACE',''
  ) );
#2124 = ADVANCED_FACE('',(#2125),#2031,.T.);
#2125 = FACE_BOUND('',#2126,.T.);
#2126 = EDGE_LOOP('',(#2127,#2157,#2183,#2184));
#2127 = ORIENTED_EDGE('',*,*,#2128,.T.);
#2128 = EDGE_CURVE('',#2129,#2131,#2133,.T.);
#2129 = VERTEX_POINT('',#2130);
#2130 = CARTESIAN_POINT('',(10.992783757069,17.766717277594,0.));
#2131 = VERTEX_POINT('',#2132);
#2132 = CARTESIAN_POINT('',(10.992783757069,17.766717277594,0.33));
#2133 = SURFACE_CURVE('',#2134,(#2138,#2145),.PCURVE_S1.);
#2134 = LINE('',#2135,#2136);
#2135 = CARTESIAN_POINT('',(10.992783757069,17.766717277594,0.));
#2136 = VECTOR('',#2137,1.);
#2137 = DIRECTION('',(0.,-0.,1.));
#2138 = PCURVE('',#2031,#2139);
#2139 = DEFINITIONAL_REPRESENTATION('',(#2140),#2144);
#2140 = LINE('',#2141,#2142);
#2141 = CARTESIAN_POINT('',(0.,0.));
#2142 = VECTOR('',#2143,1.);
#2143 = DIRECTION('',(0.,-1.));
#2144 = ( GEOMETRIC_REPRESENTATION_CONTEXT(2) 
PARAMETRIC_REPRESENTATION_CONTEXT() REPRESENTATION_CONTEXT('2D SPACE',''
  ) );
#2145 = PCURVE('',#2146,#2151);
#2146 = PLANE('',#2147);
#2147 = AXIS2_PLACEMENT_3D('',#2148,#2149,#2150);
#2148 = CARTESIAN_POINT('',(12.393460733964,20.192760966567,0.));
#2149 = DIRECTION('',(0.866025403784,-0.5,-0.));
#2150 = DIRECTION('',(-0.5,-0.866025403784,0.));
#2151 = DEFINITIONAL_REPRESENTATION('',(#2152),#2156);
#2152 = LINE('',#2153,#2154);
#2153 = CARTESIAN_POINT('',(2.801353953789,0.));
#2154 = VECTOR('',#2155,1.);
#2155 = DIRECTION('',(0.,-1.));
#2156 = ( GEOMETRIC_REPRESENTATION_CONTEXT(2) 
PARAMETRIC_REPRESENTATION_CONTEXT() REPRESENTATION_CONTEXT('2D SPACE',''
  ) );
#2157 = ORIENTED_EDGE('',*,*,#2158,.T.);
#2158 = EDGE_CURVE('',#2131,#2011,#2159,.T.);
#2159 = SURFACE_CURVE('',#2160,(#2164,#2171),.PCURVE_S1.);
#2160 = LINE('',#2161,#2162);
#2161 = CARTESIAN_POINT('',(10.992783757069,17.766717277594,0.33));
#2162 = VECTOR('',#2163,1.);
#2163 = DIRECTION('',(-0.866025403784,0.5,0.));
#2164 = PCURVE('',#2031,#2165);
#2165 = DEFINITIONAL_REPRESENTATION('',(#2166),#2170);
#2166 = LINE('',#2167,#2168);
#2167 = CARTESIAN_POINT('',(0.,-0.33));
#2168 = VECTOR('',#2169,1.);
#2169 = DIRECTION('',(1.,0.));
#2170 = ( GEOMETRIC_REPRESENTATION_CONTEXT(2) 
PARAMETRIC_REPRESENTATION_CONTEXT() REPRESENTATION_CONTEXT('2D SPACE',''
  ) );
#2171 = PCURVE('',#2172,#2177);
#2172 = PLANE('',#2173);
#2173 = AXIS2_PLACEMENT_3D('',#2174,#2175,#2176);
#2174 = CARTESIAN_POINT('',(11.022783757069,17.818678801821,0.39));
#2175 = DIRECTION('',(0.353553390593,0.612372435696,-0.707106781187));
#2176 = DIRECTION('',(-0.866025403784,0.5,5.551115123126E-17));
#2177 = DEFINITIONAL_REPRESENTATION('',(#2178),#2182);
#2178 = LINE('',#2179,#2180);
#2179 = CARTESIAN_POINT('',(3.552713678801E-15,-8.485281374238E-02));
#2180 = VECTOR('',#2181,1.);
#2181 = DIRECTION('',(1.,0.));
#2182 = ( GEOMETRIC_REPRESENTATION_CONTEXT(2) 
PARAMETRIC_REPRESENTATION_CONTEXT() REPRESENTATION_CONTEXT('2D SPACE',''
  ) );
#2183 = ORIENTED_EDGE('',*,*,#2008,.F.);
#2184 = ORIENTED_EDGE('',*,*,#2185,.F.);
#2185 = EDGE_CURVE('',#2129,#2009,#2186,.T.);
#2186 = SURFACE_CURVE('',#2187,(#2191,#2198),.PCURVE_S1.);
#2187 = LINE('',#2188,#2189);
#2188 = CARTESIAN_POINT('',(10.992783757069,17.766717277594,0.));
#2189 = VECTOR('',#2190,1.);
#2190 = DIRECTION('',(-0.866025403784,0.5,0.));
#2191 = PCURVE('',#2031,#2192);
#2192 = DEFINITIONAL_REPRESENTATION('',(#2193),#2197);
#2193 = LINE('',#2194,#2195);
#2194 = CARTESIAN_POINT('',(0.,0.));
#2195 = VECTOR('',#2196,1.);
#2196 = DIRECTION('',(1.,0.));
#2197 = ( GEOMETRIC_REPRESENTATION_CONTEXT(2) 
PARAMETRIC_REPRESENTATION_CONTEXT() REPRESENTATION_CONTEXT('2D SPACE',''
  ) );
#2198 = PCURVE('',#2113,#2199);
#2199 = DEFINITIONAL_REPRESENTATION('',(#2200),#2204);
#2200 = LINE('',#2201,#2202);
#2201 = CARTESIAN_POINT('',(0.148964922771,-1.531357521053));
#2202 = VECTOR('',#2203,1.);
#2203 = DIRECTION('',(0.866025403784,0.5));
#2204 = ( GEOMETRIC_REPRESENTATION_CONTEXT(2) 
PARAMETRIC_REPRESENTATION_CONTEXT() REPRESENTATION_CONTEXT('2D SPACE',''
  ) );
#2205 = ADVANCED_FACE('',(#2206),#2059,.F.);
#2206 = FACE_BOUND('',#2207,.F.);
#2207 = EDGE_LOOP('',(#2208,#2231,#2232,#2260));
#2208 = ORIENTED_EDGE('',*,*,#2209,.F.);
#2209 = EDGE_CURVE('',#2011,#2210,#2212,.T.);
#2210 = VERTEX_POINT('',#2211);
#2211 = CARTESIAN_POINT('',(10.053959674172,18.447311679182,0.45));
#2212 = SURFACE_CURVE('',#2213,(#2217,#2224),.PCURVE_S1.);
#2213 = LINE('',#2214,#2215);
#2214 = CARTESIAN_POINT('',(10.234580722617,18.495708943249,
    0.582223784378));
#2215 = VECTOR('',#2216,1.);
#2216 = DIRECTION('',(0.788675134595,0.211324865405,0.57735026919));
#2217 = PCURVE('',#2059,#2218);
#2218 = DEFINITIONAL_REPRESENTATION('',(#2219),#2223);
#2219 = LINE('',#2220,#2221);
#2220 = CARTESIAN_POINT('',(0.252223784378,0.271845482878));
#2221 = VECTOR('',#2222,1.);
#2222 = DIRECTION('',(0.57735026919,0.816496580928));
#2223 = ( GEOMETRIC_REPRESENTATION_CONTEXT(2) 
PARAMETRIC_REPRESENTATION_CONTEXT() REPRESENTATION_CONTEXT('2D SPACE',''
  ) );
#2224 = PCURVE('',#2172,#2225);
#2225 = DEFINITIONAL_REPRESENTATION('',(#2226),#2230);
#2226 = LINE('',#2227,#2228);
#2227 = CARTESIAN_POINT('',(1.02111892189,0.271845482878));
#2228 = VECTOR('',#2229,1.);
#2229 = DIRECTION('',(-0.57735026919,0.816496580928));
#2230 = ( GEOMETRIC_REPRESENTATION_CONTEXT(2) 
PARAMETRIC_REPRESENTATION_CONTEXT() REPRESENTATION_CONTEXT('2D SPACE',''
  ) );
#2231 = ORIENTED_EDGE('',*,*,#2043,.T.);
#2232 = ORIENTED_EDGE('',*,*,#2233,.T.);
#2233 = EDGE_CURVE('',#2044,#2234,#2236,.T.);
#2234 = VERTEX_POINT('',#2235);
#2235 = CARTESIAN_POINT('',(11.334636651066,20.665509271247,0.45));
#2236 = SURFACE_CURVE('',#2237,(#2241,#2248),.PCURVE_S1.);
#2237 = LINE('',#2238,#2239);
#2238 = CARTESIAN_POINT('',(11.476249070777,20.137004525905,
    0.836892325631));
#2239 = VECTOR('',#2240,1.);
#2240 = DIRECTION('',(0.211324865405,-0.788675134595,0.57735026919));
#2241 = PCURVE('',#2059,#2242);
#2242 = DEFINITIONAL_REPRESENTATION('',(#2243),#2247);
#2243 = LINE('',#2244,#2245);
#2244 = CARTESIAN_POINT('',(2.294461628157,0.632001187828));
#2245 = VECTOR('',#2246,1.);
#2246 = DIRECTION('',(-0.57735026919,0.816496580928));
#2247 = ( GEOMETRIC_REPRESENTATION_CONTEXT(2) 
PARAMETRIC_REPRESENTATION_CONTEXT() REPRESENTATION_CONTEXT('2D SPACE',''
  ) );
#2248 = PCURVE('',#2249,#2254);
#2249 = PLANE('',#2250);
#2250 = AXIS2_PLACEMENT_3D('',#2251,#2252,#2253);
#2251 = CARTESIAN_POINT('',(11.260713602612,20.777470795474,0.39));
#2252 = DIRECTION('',(-0.353553390593,-0.612372435696,-0.707106781187));
#2253 = DIRECTION('',(0.866025403784,-0.5,0.));
#2254 = DEFINITIONAL_REPRESENTATION('',(#2255),#2259);
#2255 = LINE('',#2256,#2257);
#2256 = CARTESIAN_POINT('',(0.506892325631,0.632001187828));
#2257 = VECTOR('',#2258,1.);
#2258 = DIRECTION('',(0.57735026919,0.816496580928));
#2259 = ( GEOMETRIC_REPRESENTATION_CONTEXT(2) 
PARAMETRIC_REPRESENTATION_CONTEXT() REPRESENTATION_CONTEXT('2D SPACE',''
  ) );
#2260 = ORIENTED_EDGE('',*,*,#2261,.F.);
#2261 = EDGE_CURVE('',#2210,#2234,#2262,.T.);
#2262 = SURFACE_CURVE('',#2263,(#2267,#2274),.PCURVE_S1.);
#2263 = LINE('',#2264,#2265);
#2264 = CARTESIAN_POINT('',(9.993959674172,18.343388630728,0.45));
#2265 = VECTOR('',#2266,1.);
#2266 = DIRECTION('',(0.5,0.866025403784,0.));
#2267 = PCURVE('',#2059,#2268);
#2268 = DEFINITIONAL_REPRESENTATION('',(#2269),#2273);
#2269 = LINE('',#2270,#2271);
#2270 = CARTESIAN_POINT('',(-3.552713678801E-15,8.485281374239E-02));
#2271 = VECTOR('',#2272,1.);
#2272 = DIRECTION('',(1.,0.));
#2273 = ( GEOMETRIC_REPRESENTATION_CONTEXT(2) 
PARAMETRIC_REPRESENTATION_CONTEXT() REPRESENTATION_CONTEXT('2D SPACE',''
  ) );
#2274 = PCURVE('',#2275,#2280);
#2275 = PLANE('',#2276);
#2276 = AXIS2_PLACEMENT_3D('',#2277,#2278,#2279);
#2277 = CARTESIAN_POINT('',(11.141748679841,19.298074798648,0.45));
#2278 = DIRECTION('',(-0.,-0.,-1.));
#2279 = DIRECTION('',(-1.,0.,0.));
#2280 = DEFINITIONAL_REPRESENTATION('',(#2281),#2285);
#2281 = LINE('',#2282,#2283);
#2282 = CARTESIAN_POINT('',(1.147789005669,-0.95468616792));
#2283 = VECTOR('',#2284,1.);
#2284 = DIRECTION('',(-0.5,0.866025403784));
#2285 = ( GEOMETRIC_REPRESENTATION_CONTEXT(2) 
PARAMETRIC_REPRESENTATION_CONTEXT() REPRESENTATION_CONTEXT('2D SPACE',''
  ) );
#2286 = ADVANCED_FACE('',(#2287),#2113,.T.);
#2287 = FACE_BOUND('',#2288,.T.);
#2288 = EDGE_LOOP('',(#2289,#2290,#2313,#2334));
#2289 = ORIENTED_EDGE('',*,*,#2099,.T.);
#2290 = ORIENTED_EDGE('',*,*,#2291,.T.);
#2291 = EDGE_CURVE('',#2072,#2292,#2294,.T.);
#2292 = VERTEX_POINT('',#2293);
#2293 = CARTESIAN_POINT('',(12.393460733964,20.192760966567,0.));
#2294 = SURFACE_CURVE('',#2295,(#2299,#2306),.PCURVE_S1.);
#2295 = LINE('',#2296,#2297);
#2296 = CARTESIAN_POINT('',(11.290713602612,20.829432319701,0.));
#2297 = VECTOR('',#2298,1.);
#2298 = DIRECTION('',(0.866025403784,-0.5,0.));
#2299 = PCURVE('',#2113,#2300);
#2300 = DEFINITIONAL_REPRESENTATION('',(#2301),#2305);
#2301 = LINE('',#2302,#2303);
#2302 = CARTESIAN_POINT('',(-0.148964922771,1.531357521053));
#2303 = VECTOR('',#2304,1.);
#2304 = DIRECTION('',(-0.866025403784,-0.5));
#2305 = ( GEOMETRIC_REPRESENTATION_CONTEXT(2) 
PARAMETRIC_REPRESENTATION_CONTEXT() REPRESENTATION_CONTEXT('2D SPACE',''
  ) );
#2306 = PCURVE('',#2087,#2307);
#2307 = DEFINITIONAL_REPRESENTATION('',(#2308),#2312);
#2308 = LINE('',#2309,#2310);
#2309 = CARTESIAN_POINT('',(0.,0.));
#2310 = VECTOR('',#2311,1.);
#2311 = DIRECTION('',(1.,0.));
#2312 = ( GEOMETRIC_REPRESENTATION_CONTEXT(2) 
PARAMETRIC_REPRESENTATION_CONTEXT() REPRESENTATION_CONTEXT('2D SPACE',''
  ) );
#2313 = ORIENTED_EDGE('',*,*,#2314,.T.);
#2314 = EDGE_CURVE('',#2292,#2129,#2315,.T.);
#2315 = SURFACE_CURVE('',#2316,(#2320,#2327),.PCURVE_S1.);
#2316 = LINE('',#2317,#2318);
#2317 = CARTESIAN_POINT('',(12.393460733964,20.192760966567,0.));
#2318 = VECTOR('',#2319,1.);
#2319 = DIRECTION('',(-0.5,-0.866025403784,0.));
#2320 = PCURVE('',#2113,#2321);
#2321 = DEFINITIONAL_REPRESENTATION('',(#2322),#2326);
#2322 = LINE('',#2323,#2324);
#2323 = CARTESIAN_POINT('',(-1.251712054123,0.89468616792));
#2324 = VECTOR('',#2325,1.);
#2325 = DIRECTION('',(0.5,-0.866025403784));
#2326 = ( GEOMETRIC_REPRESENTATION_CONTEXT(2) 
PARAMETRIC_REPRESENTATION_CONTEXT() REPRESENTATION_CONTEXT('2D SPACE',''
  ) );
#2327 = PCURVE('',#2146,#2328);
#2328 = DEFINITIONAL_REPRESENTATION('',(#2329),#2333);
#2329 = LINE('',#2330,#2331);
#2330 = CARTESIAN_POINT('',(0.,0.));
#2331 = VECTOR('',#2332,1.);
#2332 = DIRECTION('',(1.,0.));
#2333 = ( GEOMETRIC_REPRESENTATION_CONTEXT(2) 
PARAMETRIC_REPRESENTATION_CONTEXT() REPRESENTATION_CONTEXT('2D SPACE',''
  ) );
#2334 = ORIENTED_EDGE('',*,*,#2185,.T.);
#2335 = ADVANCED_FACE('',(#2336),#2087,.T.);
#2336 = FACE_BOUND('',#2337,.T.);
#2337 = EDGE_LOOP('',(#2338,#2339,#2362,#2383));
#2338 = ORIENTED_EDGE('',*,*,#2071,.T.);
#2339 = ORIENTED_EDGE('',*,*,#2340,.T.);
#2340 = EDGE_CURVE('',#2044,#2341,#2343,.T.);
#2341 = VERTEX_POINT('',#2342);
#2342 = CARTESIAN_POINT('',(12.393460733964,20.192760966567,0.33));
#2343 = SURFACE_CURVE('',#2344,(#2348,#2355),.PCURVE_S1.);
#2344 = LINE('',#2345,#2346);
#2345 = CARTESIAN_POINT('',(11.290713602612,20.829432319701,0.33));
#2346 = VECTOR('',#2347,1.);
#2347 = DIRECTION('',(0.866025403784,-0.5,0.));
#2348 = PCURVE('',#2087,#2349);
#2349 = DEFINITIONAL_REPRESENTATION('',(#2350),#2354);
#2350 = LINE('',#2351,#2352);
#2351 = CARTESIAN_POINT('',(0.,-0.33));
#2352 = VECTOR('',#2353,1.);
#2353 = DIRECTION('',(1.,0.));
#2354 = ( GEOMETRIC_REPRESENTATION_CONTEXT(2) 
PARAMETRIC_REPRESENTATION_CONTEXT() REPRESENTATION_CONTEXT('2D SPACE',''
  ) );
#2355 = PCURVE('',#2249,#2356);
#2356 = DEFINITIONAL_REPRESENTATION('',(#2357),#2361);
#2357 = LINE('',#2358,#2359);
#2358 = CARTESIAN_POINT('',(0.,-8.485281374239E-02));
#2359 = VECTOR('',#2360,1.);
#2360 = DIRECTION('',(1.,0.));
#2361 = ( GEOMETRIC_REPRESENTATION_CONTEXT(2) 
PARAMETRIC_REPRESENTATION_CONTEXT() REPRESENTATION_CONTEXT('2D SPACE',''
  ) );
#2362 = ORIENTED_EDGE('',*,*,#2363,.F.);
#2363 = EDGE_CURVE('',#2292,#2341,#2364,.T.);
#2364 = SURFACE_CURVE('',#2365,(#2369,#2376),.PCURVE_S1.);
#2365 = LINE('',#2366,#2367);
#2366 = CARTESIAN_POINT('',(12.393460733964,20.192760966567,0.));
#2367 = VECTOR('',#2368,1.);
#2368 = DIRECTION('',(0.,-0.,1.));
#2369 = PCURVE('',#2087,#2370);
#2370 = DEFINITIONAL_REPRESENTATION('',(#2371),#2375);
#2371 = LINE('',#2372,#2373);
#2372 = CARTESIAN_POINT('',(1.273342706268,0.));
#2373 = VECTOR('',#2374,1.);
#2374 = DIRECTION('',(0.,-1.));
#2375 = ( GEOMETRIC_REPRESENTATION_CONTEXT(2) 
PARAMETRIC_REPRESENTATION_CONTEXT() REPRESENTATION_CONTEXT('2D SPACE',''
  ) );
#2376 = PCURVE('',#2146,#2377);
#2377 = DEFINITIONAL_REPRESENTATION('',(#2378),#2382);
#2378 = LINE('',#2379,#2380);
#2379 = CARTESIAN_POINT('',(0.,0.));
#2380 = VECTOR('',#2381,1.);
#2381 = DIRECTION('',(0.,-1.));
#2382 = ( GEOMETRIC_REPRESENTATION_CONTEXT(2) 
PARAMETRIC_REPRESENTATION_CONTEXT() REPRESENTATION_CONTEXT('2D SPACE',''
  ) );
#2383 = ORIENTED_EDGE('',*,*,#2291,.F.);
#2384 = ADVANCED_FACE('',(#2385),#2146,.T.);
#2385 = FACE_BOUND('',#2386,.T.);
#2386 = EDGE_LOOP('',(#2387,#2388,#2414,#2415));
#2387 = ORIENTED_EDGE('',*,*,#2363,.T.);
#2388 = ORIENTED_EDGE('',*,*,#2389,.T.);
#2389 = EDGE_CURVE('',#2341,#2131,#2390,.T.);
#2390 = SURFACE_CURVE('',#2391,(#2395,#2402),.PCURVE_S1.);
#2391 = LINE('',#2392,#2393);
#2392 = CARTESIAN_POINT('',(12.393460733964,20.192760966567,0.33));
#2393 = VECTOR('',#2394,1.);
#2394 = DIRECTION('',(-0.5,-0.866025403784,0.));
#2395 = PCURVE('',#2146,#2396);
#2396 = DEFINITIONAL_REPRESENTATION('',(#2397),#2401);
#2397 = LINE('',#2398,#2399);
#2398 = CARTESIAN_POINT('',(0.,-0.33));
#2399 = VECTOR('',#2400,1.);
#2400 = DIRECTION('',(1.,0.));
#2401 = ( GEOMETRIC_REPRESENTATION_CONTEXT(2) 
PARAMETRIC_REPRESENTATION_CONTEXT() REPRESENTATION_CONTEXT('2D SPACE',''
  ) );
#2402 = PCURVE('',#2403,#2408);
#2403 = PLANE('',#2404);
#2404 = AXIS2_PLACEMENT_3D('',#2405,#2406,#2407);
#2405 = CARTESIAN_POINT('',(12.341499209736,20.222760966567,0.39));
#2406 = DIRECTION('',(-0.612372435696,0.353553390593,-0.707106781187));
#2407 = DIRECTION('',(-0.5,-0.866025403784,-2.775557561563E-17));
#2408 = DEFINITIONAL_REPRESENTATION('',(#2409),#2413);
#2409 = LINE('',#2410,#2411);
#2410 = CARTESIAN_POINT('',(3.552713678801E-15,-8.485281374239E-02));
#2411 = VECTOR('',#2412,1.);
#2412 = DIRECTION('',(1.,0.));
#2413 = ( GEOMETRIC_REPRESENTATION_CONTEXT(2) 
PARAMETRIC_REPRESENTATION_CONTEXT() REPRESENTATION_CONTEXT('2D SPACE',''
  ) );
#2414 = ORIENTED_EDGE('',*,*,#2128,.F.);
#2415 = ORIENTED_EDGE('',*,*,#2314,.F.);
#2416 = ADVANCED_FACE('',(#2417),#2172,.F.);
#2417 = FACE_BOUND('',#2418,.F.);
#2418 = EDGE_LOOP('',(#2419,#2442,#2443,#2444));
#2419 = ORIENTED_EDGE('',*,*,#2420,.F.);
#2420 = EDGE_CURVE('',#2131,#2421,#2423,.T.);
#2421 = VERTEX_POINT('',#2422);
#2422 = CARTESIAN_POINT('',(10.948860708615,17.930640326048,0.45));
#2423 = SURFACE_CURVE('',#2424,(#2428,#2435),.PCURVE_S1.);
#2424 = LINE('',#2425,#2426);
#2425 = CARTESIAN_POINT('',(10.807248288905,18.45914507139,
    0.836892325631));
#2426 = VECTOR('',#2427,1.);
#2427 = DIRECTION('',(-0.211324865405,0.788675134595,0.57735026919));
#2428 = PCURVE('',#2172,#2429);
#2429 = DEFINITIONAL_REPRESENTATION('',(#2430),#2434);
#2430 = LINE('',#2431,#2432);
#2431 = CARTESIAN_POINT('',(0.506892325631,0.632001187828));
#2432 = VECTOR('',#2433,1.);
#2433 = DIRECTION('',(0.57735026919,0.816496580928));
#2434 = ( GEOMETRIC_REPRESENTATION_CONTEXT(2) 
PARAMETRIC_REPRESENTATION_CONTEXT() REPRESENTATION_CONTEXT('2D SPACE',''
  ) );
#2435 = PCURVE('',#2403,#2436);
#2436 = DEFINITIONAL_REPRESENTATION('',(#2437),#2441);
#2437 = LINE('',#2438,#2439);
#2438 = CARTESIAN_POINT('',(2.294461628157,0.632001187828));
#2439 = VECTOR('',#2440,1.);
#2440 = DIRECTION('',(-0.57735026919,0.816496580928));
#2441 = ( GEOMETRIC_REPRESENTATION_CONTEXT(2) 
PARAMETRIC_REPRESENTATION_CONTEXT() REPRESENTATION_CONTEXT('2D SPACE',''
  ) );
#2442 = ORIENTED_EDGE('',*,*,#2158,.T.);
#2443 = ORIENTED_EDGE('',*,*,#2209,.T.);
#2444 = ORIENTED_EDGE('',*,*,#2445,.F.);
#2445 = EDGE_CURVE('',#2421,#2210,#2446,.T.);
#2446 = SURFACE_CURVE('',#2447,(#2451,#2458),.PCURVE_S1.);
#2447 = LINE('',#2448,#2449);
#2448 = CARTESIAN_POINT('',(11.052783757069,17.870640326048,0.45));
#2449 = VECTOR('',#2450,1.);
#2450 = DIRECTION('',(-0.866025403784,0.5,0.));
#2451 = PCURVE('',#2172,#2452);
#2452 = DEFINITIONAL_REPRESENTATION('',(#2453),#2457);
#2453 = LINE('',#2454,#2455);
#2454 = CARTESIAN_POINT('',(1.7763568394E-15,8.485281374239E-02));
#2455 = VECTOR('',#2456,1.);
#2456 = DIRECTION('',(1.,0.));
#2457 = ( GEOMETRIC_REPRESENTATION_CONTEXT(2) 
PARAMETRIC_REPRESENTATION_CONTEXT() REPRESENTATION_CONTEXT('2D SPACE',''
  ) );
#2458 = PCURVE('',#2275,#2459);
#2459 = DEFINITIONAL_REPRESENTATION('',(#2460),#2464);
#2460 = LINE('',#2461,#2462);
#2461 = CARTESIAN_POINT('',(8.896492277148E-02,-1.427434472599));
#2462 = VECTOR('',#2463,1.);
#2463 = DIRECTION('',(0.866025403784,0.5));
#2464 = ( GEOMETRIC_REPRESENTATION_CONTEXT(2) 
PARAMETRIC_REPRESENTATION_CONTEXT() REPRESENTATION_CONTEXT('2D SPACE',''
  ) );
#2465 = ADVANCED_FACE('',(#2466),#2275,.F.);
#2466 = FACE_BOUND('',#2467,.F.);
#2467 = EDGE_LOOP('',(#2468,#2469,#2492,#2513));
#2468 = ORIENTED_EDGE('',*,*,#2261,.T.);
#2469 = ORIENTED_EDGE('',*,*,#2470,.T.);
#2470 = EDGE_CURVE('',#2234,#2471,#2473,.T.);
#2471 = VERTEX_POINT('',#2472);
#2472 = CARTESIAN_POINT('',(12.229537685509,20.148837918113,0.45));
#2473 = SURFACE_CURVE('',#2474,(#2478,#2485),.PCURVE_S1.);
#2474 = LINE('',#2475,#2476);
#2475 = CARTESIAN_POINT('',(11.230713602612,20.725509271247,0.45));
#2476 = VECTOR('',#2477,1.);
#2477 = DIRECTION('',(0.866025403784,-0.5,0.));
#2478 = PCURVE('',#2275,#2479);
#2479 = DEFINITIONAL_REPRESENTATION('',(#2480),#2484);
#2480 = LINE('',#2481,#2482);
#2481 = CARTESIAN_POINT('',(-8.896492277149E-02,1.427434472599));
#2482 = VECTOR('',#2483,1.);
#2483 = DIRECTION('',(-0.866025403784,-0.5));
#2484 = ( GEOMETRIC_REPRESENTATION_CONTEXT(2) 
PARAMETRIC_REPRESENTATION_CONTEXT() REPRESENTATION_CONTEXT('2D SPACE',''
  ) );
#2485 = PCURVE('',#2249,#2486);
#2486 = DEFINITIONAL_REPRESENTATION('',(#2487),#2491);
#2487 = LINE('',#2488,#2489);
#2488 = CARTESIAN_POINT('',(-1.7763568394E-15,8.485281374238E-02));
#2489 = VECTOR('',#2490,1.);
#2490 = DIRECTION('',(1.,0.));
#2491 = ( GEOMETRIC_REPRESENTATION_CONTEXT(2) 
PARAMETRIC_REPRESENTATION_CONTEXT() REPRESENTATION_CONTEXT('2D SPACE',''
  ) );
#2492 = ORIENTED_EDGE('',*,*,#2493,.T.);
#2493 = EDGE_CURVE('',#2471,#2421,#2494,.T.);
#2494 = SURFACE_CURVE('',#2495,(#2499,#2506),.PCURVE_S1.);
#2495 = LINE('',#2496,#2497);
#2496 = CARTESIAN_POINT('',(12.289537685509,20.252760966567,0.45));
#2497 = VECTOR('',#2498,1.);
#2498 = DIRECTION('',(-0.5,-0.866025403784,0.));
#2499 = PCURVE('',#2275,#2500);
#2500 = DEFINITIONAL_REPRESENTATION('',(#2501),#2505);
#2501 = LINE('',#2502,#2503);
#2502 = CARTESIAN_POINT('',(-1.147789005669,0.95468616792));
#2503 = VECTOR('',#2504,1.);
#2504 = DIRECTION('',(0.5,-0.866025403784));
#2505 = ( GEOMETRIC_REPRESENTATION_CONTEXT(2) 
PARAMETRIC_REPRESENTATION_CONTEXT() REPRESENTATION_CONTEXT('2D SPACE',''
  ) );
#2506 = PCURVE('',#2403,#2507);
#2507 = DEFINITIONAL_REPRESENTATION('',(#2508),#2512);
#2508 = LINE('',#2509,#2510);
#2509 = CARTESIAN_POINT('',(3.552713678801E-15,8.485281374239E-02));
#2510 = VECTOR('',#2511,1.);
#2511 = DIRECTION('',(1.,0.));
#2512 = ( GEOMETRIC_REPRESENTATION_CONTEXT(2) 
PARAMETRIC_REPRESENTATION_CONTEXT() REPRESENTATION_CONTEXT('2D SPACE',''
  ) );
#2513 = ORIENTED_EDGE('',*,*,#2445,.T.);
#2514 = ADVANCED_FACE('',(#2515),#2249,.F.);
#2515 = FACE_BOUND('',#2516,.F.);
#2516 = EDGE_LOOP('',(#2517,#2518,#2519,#2540));
#2517 = ORIENTED_EDGE('',*,*,#2233,.F.);
#2518 = ORIENTED_EDGE('',*,*,#2340,.T.);
#2519 = ORIENTED_EDGE('',*,*,#2520,.T.);
#2520 = EDGE_CURVE('',#2341,#2471,#2521,.T.);
#2521 = SURFACE_CURVE('',#2522,(#2526,#2533),.PCURVE_S1.);
#2522 = LINE('',#2523,#2524);
#2523 = CARTESIAN_POINT('',(12.048916637065,20.100440654046,
    0.582223784378));
#2524 = VECTOR('',#2525,1.);
#2525 = DIRECTION('',(-0.788675134595,-0.211324865405,0.57735026919));
#2526 = PCURVE('',#2249,#2527);
#2527 = DEFINITIONAL_REPRESENTATION('',(#2528),#2532);
#2528 = LINE('',#2529,#2530);
#2529 = CARTESIAN_POINT('',(1.02111892189,0.271845482878));
#2530 = VECTOR('',#2531,1.);
#2531 = DIRECTION('',(-0.57735026919,0.816496580928));
#2532 = ( GEOMETRIC_REPRESENTATION_CONTEXT(2) 
PARAMETRIC_REPRESENTATION_CONTEXT() REPRESENTATION_CONTEXT('2D SPACE',''
  ) );
#2533 = PCURVE('',#2403,#2534);
#2534 = DEFINITIONAL_REPRESENTATION('',(#2535),#2539);
#2535 = LINE('',#2536,#2537);
#2536 = CARTESIAN_POINT('',(0.252223784378,0.271845482878));
#2537 = VECTOR('',#2538,1.);
#2538 = DIRECTION('',(0.57735026919,0.816496580928));
#2539 = ( GEOMETRIC_REPRESENTATION_CONTEXT(2) 
PARAMETRIC_REPRESENTATION_CONTEXT() REPRESENTATION_CONTEXT('2D SPACE',''
  ) );
#2540 = ORIENTED_EDGE('',*,*,#2470,.F.);
#2541 = ADVANCED_FACE('',(#2542),#2403,.F.);
#2542 = FACE_BOUND('',#2543,.F.);
#2543 = EDGE_LOOP('',(#2544,#2545,#2546,#2547));
#2544 = ORIENTED_EDGE('',*,*,#2520,.F.);
#2545 = ORIENTED_EDGE('',*,*,#2389,.T.);
#2546 = ORIENTED_EDGE('',*,*,#2420,.T.);
#2547 = ORIENTED_EDGE('',*,*,#2493,.F.);
#2548 = MANIFOLD_SOLID_BREP('',#2549);
#2549 = CLOSED_SHELL('',(#2550,#2670,#2751,#2832,#2881,#2930,#2962,#3011
    ,#3060,#3087));
#2550 = ADVANCED_FACE('',(#2551),#2565,.T.);
#2551 = FACE_BOUND('',#2552,.T.);
#2552 = EDGE_LOOP('',(#2553,#2588,#2616,#2644));
#2553 = ORIENTED_EDGE('',*,*,#2554,.T.);
#2554 = EDGE_CURVE('',#2555,#2557,#2559,.T.);
#2555 = VERTEX_POINT('',#2556);
#2556 = CARTESIAN_POINT('',(17.766717277594,10.992783757069,0.));
#2557 = VERTEX_POINT('',#2558);
#2558 = CARTESIAN_POINT('',(17.766717277594,10.992783757069,0.33));
#2559 = SURFACE_CURVE('',#2560,(#2564,#2576),.PCURVE_S1.);
#2560 = LINE('',#2561,#2562);
#2561 = CARTESIAN_POINT('',(17.766717277594,10.992783757069,0.));
#2562 = VECTOR('',#2563,1.);
#2563 = DIRECTION('',(0.,-0.,1.));
#2564 = PCURVE('',#2565,#2570);
#2565 = PLANE('',#2566);
#2566 = AXIS2_PLACEMENT_3D('',#2567,#2568,#2569);
#2567 = CARTESIAN_POINT('',(17.766717277594,10.992783757069,0.));
#2568 = DIRECTION('',(-0.5,0.866025403784,0.));
#2569 = DIRECTION('',(0.866025403784,0.5,0.));
#2570 = DEFINITIONAL_REPRESENTATION('',(#2571),#2575);
#2571 = LINE('',#2572,#2573);
#2572 = CARTESIAN_POINT('',(0.,0.));
#2573 = VECTOR('',#2574,1.);
#2574 = DIRECTION('',(0.,-1.));
#2575 = ( GEOMETRIC_REPRESENTATION_CONTEXT(2) 
PARAMETRIC_REPRESENTATION_CONTEXT() REPRESENTATION_CONTEXT('2D SPACE',''
  ) );
#2576 = PCURVE('',#2577,#2582);
#2577 = PLANE('',#2578);
#2578 = AXIS2_PLACEMENT_3D('',#2579,#2580,#2581);
#2579 = CARTESIAN_POINT('',(18.403388630728,9.890036625718,0.));
#2580 = DIRECTION('',(-0.866025403784,-0.5,0.));
#2581 = DIRECTION('',(-0.5,0.866025403784,0.));
#2582 = DEFINITIONAL_REPRESENTATION('',(#2583),#2587);
#2583 = LINE('',#2584,#2585);
#2584 = CARTESIAN_POINT('',(1.273342706268,0.));
#2585 = VECTOR('',#2586,1.);
#2586 = DIRECTION('',(0.,-1.));
#2587 = ( GEOMETRIC_REPRESENTATION_CONTEXT(2) 
PARAMETRIC_REPRESENTATION_CONTEXT() REPRESENTATION_CONTEXT('2D SPACE',''
  ) );
#2588 = ORIENTED_EDGE('',*,*,#2589,.T.);
#2589 = EDGE_CURVE('',#2557,#2590,#2592,.T.);
#2590 = VERTEX_POINT('',#2591);
#2591 = CARTESIAN_POINT('',(20.192760966567,12.393460733964,0.33));
#2592 = SURFACE_CURVE('',#2593,(#2597,#2604),.PCURVE_S1.);
#2593 = LINE('',#2594,#2595);
#2594 = CARTESIAN_POINT('',(17.766717277594,10.992783757069,0.33));
#2595 = VECTOR('',#2596,1.);
#2596 = DIRECTION('',(0.866025403784,0.5,0.));
#2597 = PCURVE('',#2565,#2598);
#2598 = DEFINITIONAL_REPRESENTATION('',(#2599),#2603);
#2599 = LINE('',#2600,#2601);
#2600 = CARTESIAN_POINT('',(0.,-0.33));
#2601 = VECTOR('',#2602,1.);
#2602 = DIRECTION('',(1.,0.));
#2603 = ( GEOMETRIC_REPRESENTATION_CONTEXT(2) 
PARAMETRIC_REPRESENTATION_CONTEXT() REPRESENTATION_CONTEXT('2D SPACE',''
  ) );
#2604 = PCURVE('',#2605,#2610);
#2605 = PLANE('',#2606);
#2606 = AXIS2_PLACEMENT_3D('',#2607,#2608,#2609);
#2607 = CARTESIAN_POINT('',(17.796717277594,10.940822232842,0.39));
#2608 = DIRECTION('',(0.353553390593,-0.612372435696,-0.707106781187));
#2609 = DIRECTION('',(0.866025403784,0.5,-5.551115123126E-17));
#2610 = DEFINITIONAL_REPRESENTATION('',(#2611),#2615);
#2611 = LINE('',#2612,#2613);
#2612 = CARTESIAN_POINT('',(0.,-8.485281374239E-02));
#2613 = VECTOR('',#2614,1.);
#2614 = DIRECTION('',(1.,0.));
#2615 = ( GEOMETRIC_REPRESENTATION_CONTEXT(2) 
PARAMETRIC_REPRESENTATION_CONTEXT() REPRESENTATION_CONTEXT('2D SPACE',''
  ) );
#2616 = ORIENTED_EDGE('',*,*,#2617,.F.);
#2617 = EDGE_CURVE('',#2618,#2590,#2620,.T.);
#2618 = VERTEX_POINT('',#2619);
#2619 = CARTESIAN_POINT('',(20.192760966567,12.393460733964,0.));
#2620 = SURFACE_CURVE('',#2621,(#2625,#2632),.PCURVE_S1.);
#2621 = LINE('',#2622,#2623);
#2622 = CARTESIAN_POINT('',(20.192760966567,12.393460733964,0.));
#2623 = VECTOR('',#2624,1.);
#2624 = DIRECTION('',(0.,-0.,1.));
#2625 = PCURVE('',#2565,#2626);
#2626 = DEFINITIONAL_REPRESENTATION('',(#2627),#2631);
#2627 = LINE('',#2628,#2629);
#2628 = CARTESIAN_POINT('',(2.801353953789,0.));
#2629 = VECTOR('',#2630,1.);
#2630 = DIRECTION('',(0.,-1.));
#2631 = ( GEOMETRIC_REPRESENTATION_CONTEXT(2) 
PARAMETRIC_REPRESENTATION_CONTEXT() REPRESENTATION_CONTEXT('2D SPACE',''
  ) );
#2632 = PCURVE('',#2633,#2638);
#2633 = PLANE('',#2634);
#2634 = AXIS2_PLACEMENT_3D('',#2635,#2636,#2637);
#2635 = CARTESIAN_POINT('',(20.192760966567,12.393460733964,0.));
#2636 = DIRECTION('',(0.866025403784,0.5,0.));
#2637 = DIRECTION('',(0.5,-0.866025403784,0.));
#2638 = DEFINITIONAL_REPRESENTATION('',(#2639),#2643);
#2639 = LINE('',#2640,#2641);
#2640 = CARTESIAN_POINT('',(0.,0.));
#2641 = VECTOR('',#2642,1.);
#2642 = DIRECTION('',(0.,-1.));
#2643 = ( GEOMETRIC_REPRESENTATION_CONTEXT(2) 
PARAMETRIC_REPRESENTATION_CONTEXT() REPRESENTATION_CONTEXT('2D SPACE',''
  ) );
#2644 = ORIENTED_EDGE('',*,*,#2645,.F.);
#2645 = EDGE_CURVE('',#2555,#2618,#2646,.T.);
#2646 = SURFACE_CURVE('',#2647,(#2651,#2658),.PCURVE_S1.);
#2647 = LINE('',#2648,#2649);
#2648 = CARTESIAN_POINT('',(17.766717277594,10.992783757069,0.));
#2649 = VECTOR('',#2650,1.);
#2650 = DIRECTION('',(0.866025403784,0.5,0.));
#2651 = PCURVE('',#2565,#2652);
#2652 = DEFINITIONAL_REPRESENTATION('',(#2653),#2657);
#2653 = LINE('',#2654,#2655);
#2654 = CARTESIAN_POINT('',(0.,0.));
#2655 = VECTOR('',#2656,1.);
#2656 = DIRECTION('',(1.,0.));
#2657 = ( GEOMETRIC_REPRESENTATION_CONTEXT(2) 
PARAMETRIC_REPRESENTATION_CONTEXT() REPRESENTATION_CONTEXT('2D SPACE',''
  ) );
#2658 = PCURVE('',#2659,#2664);
#2659 = PLANE('',#2660);
#2660 = AXIS2_PLACEMENT_3D('',#2661,#2662,#2663);
#2661 = CARTESIAN_POINT('',(19.298074798648,11.141748679841,0.));
#2662 = DIRECTION('',(-0.,-0.,-1.));
#2663 = DIRECTION('',(-1.,0.,0.));
#2664 = DEFINITIONAL_REPRESENTATION('',(#2665),#2669);
#2665 = LINE('',#2666,#2667);
#2666 = CARTESIAN_POINT('',(1.531357521053,-0.148964922771));
#2667 = VECTOR('',#2668,1.);
#2668 = DIRECTION('',(-0.866025403784,0.5));
#2669 = ( GEOMETRIC_REPRESENTATION_CONTEXT(2) 
PARAMETRIC_REPRESENTATION_CONTEXT() REPRESENTATION_CONTEXT('2D SPACE',''
  ) );
#2670 = ADVANCED_FACE('',(#2671),#2577,.T.);
#2671 = FACE_BOUND('',#2672,.T.);
#2672 = EDGE_LOOP('',(#2673,#2703,#2729,#2730));
#2673 = ORIENTED_EDGE('',*,*,#2674,.T.);
#2674 = EDGE_CURVE('',#2675,#2677,#2679,.T.);
#2675 = VERTEX_POINT('',#2676);
#2676 = CARTESIAN_POINT('',(18.403388630728,9.890036625718,0.));
#2677 = VERTEX_POINT('',#2678);
#2678 = CARTESIAN_POINT('',(18.403388630728,9.890036625718,0.33));
#2679 = SURFACE_CURVE('',#2680,(#2684,#2691),.PCURVE_S1.);
#2680 = LINE('',#2681,#2682);
#2681 = CARTESIAN_POINT('',(18.403388630728,9.890036625718,0.));
#2682 = VECTOR('',#2683,1.);
#2683 = DIRECTION('',(0.,-0.,1.));
#2684 = PCURVE('',#2577,#2685);
#2685 = DEFINITIONAL_REPRESENTATION('',(#2686),#2690);
#2686 = LINE('',#2687,#2688);
#2687 = CARTESIAN_POINT('',(0.,0.));
#2688 = VECTOR('',#2689,1.);
#2689 = DIRECTION('',(0.,-1.));
#2690 = ( GEOMETRIC_REPRESENTATION_CONTEXT(2) 
PARAMETRIC_REPRESENTATION_CONTEXT() REPRESENTATION_CONTEXT('2D SPACE',''
  ) );
#2691 = PCURVE('',#2692,#2697);
#2692 = PLANE('',#2693);
#2693 = AXIS2_PLACEMENT_3D('',#2694,#2695,#2696);
#2694 = CARTESIAN_POINT('',(20.829432319701,11.290713602612,0.));
#2695 = DIRECTION('',(0.5,-0.866025403784,-0.));
#2696 = DIRECTION('',(-0.866025403784,-0.5,0.));
#2697 = DEFINITIONAL_REPRESENTATION('',(#2698),#2702);
#2698 = LINE('',#2699,#2700);
#2699 = CARTESIAN_POINT('',(2.801353953789,0.));
#2700 = VECTOR('',#2701,1.);
#2701 = DIRECTION('',(0.,-1.));
#2702 = ( GEOMETRIC_REPRESENTATION_CONTEXT(2) 
PARAMETRIC_REPRESENTATION_CONTEXT() REPRESENTATION_CONTEXT('2D SPACE',''
  ) );
#2703 = ORIENTED_EDGE('',*,*,#2704,.T.);
#2704 = EDGE_CURVE('',#2677,#2557,#2705,.T.);
#2705 = SURFACE_CURVE('',#2706,(#2710,#2717),.PCURVE_S1.);
#2706 = LINE('',#2707,#2708);
#2707 = CARTESIAN_POINT('',(18.403388630728,9.890036625718,0.33));
#2708 = VECTOR('',#2709,1.);
#2709 = DIRECTION('',(-0.5,0.866025403784,0.));
#2710 = PCURVE('',#2577,#2711);
#2711 = DEFINITIONAL_REPRESENTATION('',(#2712),#2716);
#2712 = LINE('',#2713,#2714);
#2713 = CARTESIAN_POINT('',(0.,-0.33));
#2714 = VECTOR('',#2715,1.);
#2715 = DIRECTION('',(1.,0.));
#2716 = ( GEOMETRIC_REPRESENTATION_CONTEXT(2) 
PARAMETRIC_REPRESENTATION_CONTEXT() REPRESENTATION_CONTEXT('2D SPACE',''
  ) );
#2717 = PCURVE('',#2718,#2723);
#2718 = PLANE('',#2719);
#2719 = AXIS2_PLACEMENT_3D('',#2720,#2721,#2722);
#2720 = CARTESIAN_POINT('',(18.455350154955,9.920036625718,0.39));
#2721 = DIRECTION('',(0.612372435696,0.353553390593,-0.707106781187));
#2722 = DIRECTION('',(-0.5,0.866025403784,2.775557561563E-17));
#2723 = DEFINITIONAL_REPRESENTATION('',(#2724),#2728);
#2724 = LINE('',#2725,#2726);
#2725 = CARTESIAN_POINT('',(0.,-8.485281374239E-02));
#2726 = VECTOR('',#2727,1.);
#2727 = DIRECTION('',(1.,0.));
#2728 = ( GEOMETRIC_REPRESENTATION_CONTEXT(2) 
PARAMETRIC_REPRESENTATION_CONTEXT() REPRESENTATION_CONTEXT('2D SPACE',''
  ) );
#2729 = ORIENTED_EDGE('',*,*,#2554,.F.);
#2730 = ORIENTED_EDGE('',*,*,#2731,.F.);
#2731 = EDGE_CURVE('',#2675,#2555,#2732,.T.);
#2732 = SURFACE_CURVE('',#2733,(#2737,#2744),.PCURVE_S1.);
#2733 = LINE('',#2734,#2735);
#2734 = CARTESIAN_POINT('',(18.403388630728,9.890036625718,0.));
#2735 = VECTOR('',#2736,1.);
#2736 = DIRECTION('',(-0.5,0.866025403784,0.));
#2737 = PCURVE('',#2577,#2738);
#2738 = DEFINITIONAL_REPRESENTATION('',(#2739),#2743);
#2739 = LINE('',#2740,#2741);
#2740 = CARTESIAN_POINT('',(0.,0.));
#2741 = VECTOR('',#2742,1.);
#2742 = DIRECTION('',(1.,0.));
#2743 = ( GEOMETRIC_REPRESENTATION_CONTEXT(2) 
PARAMETRIC_REPRESENTATION_CONTEXT() REPRESENTATION_CONTEXT('2D SPACE',''
  ) );
#2744 = PCURVE('',#2659,#2745);
#2745 = DEFINITIONAL_REPRESENTATION('',(#2746),#2750);
#2746 = LINE('',#2747,#2748);
#2747 = CARTESIAN_POINT('',(0.89468616792,-1.251712054123));
#2748 = VECTOR('',#2749,1.);
#2749 = DIRECTION('',(0.5,0.866025403784));
#2750 = ( GEOMETRIC_REPRESENTATION_CONTEXT(2) 
PARAMETRIC_REPRESENTATION_CONTEXT() REPRESENTATION_CONTEXT('2D SPACE',''
  ) );
#2751 = ADVANCED_FACE('',(#2752),#2605,.F.);
#2752 = FACE_BOUND('',#2753,.F.);
#2753 = EDGE_LOOP('',(#2754,#2777,#2778,#2806));
#2754 = ORIENTED_EDGE('',*,*,#2755,.F.);
#2755 = EDGE_CURVE('',#2557,#2756,#2758,.T.);
#2756 = VERTEX_POINT('',#2757);
#2757 = CARTESIAN_POINT('',(17.930640326048,10.948860708615,0.45));
#2758 = SURFACE_CURVE('',#2759,(#2763,#2770),.PCURVE_S1.);
#2759 = LINE('',#2760,#2761);
#2760 = CARTESIAN_POINT('',(18.111261374493,10.900463444548,
    0.582223784378));
#2761 = VECTOR('',#2762,1.);
#2762 = DIRECTION('',(0.788675134595,-0.211324865405,0.57735026919));
#2763 = PCURVE('',#2605,#2764);
#2764 = DEFINITIONAL_REPRESENTATION('',(#2765),#2769);
#2765 = LINE('',#2766,#2767);
#2766 = CARTESIAN_POINT('',(0.252223784378,0.271845482878));
#2767 = VECTOR('',#2768,1.);
#2768 = DIRECTION('',(0.57735026919,0.816496580928));
#2769 = ( GEOMETRIC_REPRESENTATION_CONTEXT(2) 
PARAMETRIC_REPRESENTATION_CONTEXT() REPRESENTATION_CONTEXT('2D SPACE',''
  ) );
#2770 = PCURVE('',#2718,#2771);
#2771 = DEFINITIONAL_REPRESENTATION('',(#2772),#2776);
#2772 = LINE('',#2773,#2774);
#2773 = CARTESIAN_POINT('',(1.02111892189,0.271845482878));
#2774 = VECTOR('',#2775,1.);
#2775 = DIRECTION('',(-0.57735026919,0.816496580928));
#2776 = ( GEOMETRIC_REPRESENTATION_CONTEXT(2) 
PARAMETRIC_REPRESENTATION_CONTEXT() REPRESENTATION_CONTEXT('2D SPACE',''
  ) );
#2777 = ORIENTED_EDGE('',*,*,#2589,.T.);
#2778 = ORIENTED_EDGE('',*,*,#2779,.T.);
#2779 = EDGE_CURVE('',#2590,#2780,#2782,.T.);
#2780 = VERTEX_POINT('',#2781);
#2781 = CARTESIAN_POINT('',(20.148837918113,12.229537685509,0.45));
#2782 = SURFACE_CURVE('',#2783,(#2787,#2794),.PCURVE_S1.);
#2783 = LINE('',#2784,#2785);
#2784 = CARTESIAN_POINT('',(20.007225498403,11.701032940168,
    0.836892325631));
#2785 = VECTOR('',#2786,1.);
#2786 = DIRECTION('',(-0.211324865405,-0.788675134595,0.57735026919));
#2787 = PCURVE('',#2605,#2788);
#2788 = DEFINITIONAL_REPRESENTATION('',(#2789),#2793);
#2789 = LINE('',#2790,#2791);
#2790 = CARTESIAN_POINT('',(2.294461628157,0.632001187828));
#2791 = VECTOR('',#2792,1.);
#2792 = DIRECTION('',(-0.57735026919,0.816496580928));
#2793 = ( GEOMETRIC_REPRESENTATION_CONTEXT(2) 
PARAMETRIC_REPRESENTATION_CONTEXT() REPRESENTATION_CONTEXT('2D SPACE',''
  ) );
#2794 = PCURVE('',#2795,#2800);
#2795 = PLANE('',#2796);
#2796 = AXIS2_PLACEMENT_3D('',#2797,#2798,#2799);
#2797 = CARTESIAN_POINT('',(20.14079944234,12.363460733964,0.39));
#2798 = DIRECTION('',(-0.612372435696,-0.353553390593,-0.707106781187));
#2799 = DIRECTION('',(0.5,-0.866025403784,2.775557561563E-17));
#2800 = DEFINITIONAL_REPRESENTATION('',(#2801),#2805);
#2801 = LINE('',#2802,#2803);
#2802 = CARTESIAN_POINT('',(0.506892325631,0.632001187828));
#2803 = VECTOR('',#2804,1.);
#2804 = DIRECTION('',(0.57735026919,0.816496580928));
#2805 = ( GEOMETRIC_REPRESENTATION_CONTEXT(2) 
PARAMETRIC_REPRESENTATION_CONTEXT() REPRESENTATION_CONTEXT('2D SPACE',''
  ) );
#2806 = ORIENTED_EDGE('',*,*,#2807,.F.);
#2807 = EDGE_CURVE('',#2756,#2780,#2808,.T.);
#2808 = SURFACE_CURVE('',#2809,(#2813,#2820),.PCURVE_S1.);
#2809 = LINE('',#2810,#2811);
#2810 = CARTESIAN_POINT('',(17.826717277594,10.888860708615,0.45));
#2811 = VECTOR('',#2812,1.);
#2812 = DIRECTION('',(0.866025403784,0.5,0.));
#2813 = PCURVE('',#2605,#2814);
#2814 = DEFINITIONAL_REPRESENTATION('',(#2815),#2819);
#2815 = LINE('',#2816,#2817);
#2816 = CARTESIAN_POINT('',(-3.552713678801E-15,8.485281374239E-02));
#2817 = VECTOR('',#2818,1.);
#2818 = DIRECTION('',(1.,0.));
#2819 = ( GEOMETRIC_REPRESENTATION_CONTEXT(2) 
PARAMETRIC_REPRESENTATION_CONTEXT() REPRESENTATION_CONTEXT('2D SPACE',''
  ) );
#2820 = PCURVE('',#2821,#2826);
#2821 = PLANE('',#2822);
#2822 = AXIS2_PLACEMENT_3D('',#2823,#2824,#2825);
#2823 = CARTESIAN_POINT('',(19.298074798648,11.141748679841,0.45));
#2824 = DIRECTION('',(-0.,-0.,-1.));
#2825 = DIRECTION('',(-1.,0.,0.));
#2826 = DEFINITIONAL_REPRESENTATION('',(#2827),#2831);
#2827 = LINE('',#2828,#2829);
#2828 = CARTESIAN_POINT('',(1.471357521053,-0.252887971226));
#2829 = VECTOR('',#2830,1.);
#2830 = DIRECTION('',(-0.866025403784,0.5));
#2831 = ( GEOMETRIC_REPRESENTATION_CONTEXT(2) 
PARAMETRIC_REPRESENTATION_CONTEXT() REPRESENTATION_CONTEXT('2D SPACE',''
  ) );
#2832 = ADVANCED_FACE('',(#2833),#2659,.T.);
#2833 = FACE_BOUND('',#2834,.T.);
#2834 = EDGE_LOOP('',(#2835,#2836,#2859,#2880));
#2835 = ORIENTED_EDGE('',*,*,#2645,.T.);
#2836 = ORIENTED_EDGE('',*,*,#2837,.T.);
#2837 = EDGE_CURVE('',#2618,#2838,#2840,.T.);
#2838 = VERTEX_POINT('',#2839);
#2839 = CARTESIAN_POINT('',(20.829432319701,11.290713602612,0.));
#2840 = SURFACE_CURVE('',#2841,(#2845,#2852),.PCURVE_S1.);
#2841 = LINE('',#2842,#2843);
#2842 = CARTESIAN_POINT('',(20.192760966567,12.393460733964,0.));
#2843 = VECTOR('',#2844,1.);
#2844 = DIRECTION('',(0.5,-0.866025403784,0.));
#2845 = PCURVE('',#2659,#2846);
#2846 = DEFINITIONAL_REPRESENTATION('',(#2847),#2851);
#2847 = LINE('',#2848,#2849);
#2848 = CARTESIAN_POINT('',(-0.89468616792,1.251712054123));
#2849 = VECTOR('',#2850,1.);
#2850 = DIRECTION('',(-0.5,-0.866025403784));
#2851 = ( GEOMETRIC_REPRESENTATION_CONTEXT(2) 
PARAMETRIC_REPRESENTATION_CONTEXT() REPRESENTATION_CONTEXT('2D SPACE',''
  ) );
#2852 = PCURVE('',#2633,#2853);
#2853 = DEFINITIONAL_REPRESENTATION('',(#2854),#2858);
#2854 = LINE('',#2855,#2856);
#2855 = CARTESIAN_POINT('',(0.,0.));
#2856 = VECTOR('',#2857,1.);
#2857 = DIRECTION('',(1.,0.));
#2858 = ( GEOMETRIC_REPRESENTATION_CONTEXT(2) 
PARAMETRIC_REPRESENTATION_CONTEXT() REPRESENTATION_CONTEXT('2D SPACE',''
  ) );
#2859 = ORIENTED_EDGE('',*,*,#2860,.T.);
#2860 = EDGE_CURVE('',#2838,#2675,#2861,.T.);
#2861 = SURFACE_CURVE('',#2862,(#2866,#2873),.PCURVE_S1.);
#2862 = LINE('',#2863,#2864);
#2863 = CARTESIAN_POINT('',(20.829432319701,11.290713602612,0.));
#2864 = VECTOR('',#2865,1.);
#2865 = DIRECTION('',(-0.866025403784,-0.5,0.));
#2866 = PCURVE('',#2659,#2867);
#2867 = DEFINITIONAL_REPRESENTATION('',(#2868),#2872);
#2868 = LINE('',#2869,#2870);
#2869 = CARTESIAN_POINT('',(-1.531357521053,0.148964922771));
#2870 = VECTOR('',#2871,1.);
#2871 = DIRECTION('',(0.866025403784,-0.5));
#2872 = ( GEOMETRIC_REPRESENTATION_CONTEXT(2) 
PARAMETRIC_REPRESENTATION_CONTEXT() REPRESENTATION_CONTEXT('2D SPACE',''
  ) );
#2873 = PCURVE('',#2692,#2874);
#2874 = DEFINITIONAL_REPRESENTATION('',(#2875),#2879);
#2875 = LINE('',#2876,#2877);
#2876 = CARTESIAN_POINT('',(0.,0.));
#2877 = VECTOR('',#2878,1.);
#2878 = DIRECTION('',(1.,0.));
#2879 = ( GEOMETRIC_REPRESENTATION_CONTEXT(2) 
PARAMETRIC_REPRESENTATION_CONTEXT() REPRESENTATION_CONTEXT('2D SPACE',''
  ) );
#2880 = ORIENTED_EDGE('',*,*,#2731,.T.);
#2881 = ADVANCED_FACE('',(#2882),#2633,.T.);
#2882 = FACE_BOUND('',#2883,.T.);
#2883 = EDGE_LOOP('',(#2884,#2885,#2908,#2929));
#2884 = ORIENTED_EDGE('',*,*,#2617,.T.);
#2885 = ORIENTED_EDGE('',*,*,#2886,.T.);
#2886 = EDGE_CURVE('',#2590,#2887,#2889,.T.);
#2887 = VERTEX_POINT('',#2888);
#2888 = CARTESIAN_POINT('',(20.829432319701,11.290713602612,0.33));
#2889 = SURFACE_CURVE('',#2890,(#2894,#2901),.PCURVE_S1.);
#2890 = LINE('',#2891,#2892);
#2891 = CARTESIAN_POINT('',(20.192760966567,12.393460733964,0.33));
#2892 = VECTOR('',#2893,1.);
#2893 = DIRECTION('',(0.5,-0.866025403784,0.));
#2894 = PCURVE('',#2633,#2895);
#2895 = DEFINITIONAL_REPRESENTATION('',(#2896),#2900);
#2896 = LINE('',#2897,#2898);
#2897 = CARTESIAN_POINT('',(0.,-0.33));
#2898 = VECTOR('',#2899,1.);
#2899 = DIRECTION('',(1.,0.));
#2900 = ( GEOMETRIC_REPRESENTATION_CONTEXT(2) 
PARAMETRIC_REPRESENTATION_CONTEXT() REPRESENTATION_CONTEXT('2D SPACE',''
  ) );
#2901 = PCURVE('',#2795,#2902);
#2902 = DEFINITIONAL_REPRESENTATION('',(#2903),#2907);
#2903 = LINE('',#2904,#2905);
#2904 = CARTESIAN_POINT('',(-1.7763568394E-15,-8.485281374239E-02));
#2905 = VECTOR('',#2906,1.);
#2906 = DIRECTION('',(1.,0.));
#2907 = ( GEOMETRIC_REPRESENTATION_CONTEXT(2) 
PARAMETRIC_REPRESENTATION_CONTEXT() REPRESENTATION_CONTEXT('2D SPACE',''
  ) );
#2908 = ORIENTED_EDGE('',*,*,#2909,.F.);
#2909 = EDGE_CURVE('',#2838,#2887,#2910,.T.);
#2910 = SURFACE_CURVE('',#2911,(#2915,#2922),.PCURVE_S1.);
#2911 = LINE('',#2912,#2913);
#2912 = CARTESIAN_POINT('',(20.829432319701,11.290713602612,0.));
#2913 = VECTOR('',#2914,1.);
#2914 = DIRECTION('',(0.,-0.,1.));
#2915 = PCURVE('',#2633,#2916);
#2916 = DEFINITIONAL_REPRESENTATION('',(#2917),#2921);
#2917 = LINE('',#2918,#2919);
#2918 = CARTESIAN_POINT('',(1.273342706268,0.));
#2919 = VECTOR('',#2920,1.);
#2920 = DIRECTION('',(0.,-1.));
#2921 = ( GEOMETRIC_REPRESENTATION_CONTEXT(2) 
PARAMETRIC_REPRESENTATION_CONTEXT() REPRESENTATION_CONTEXT('2D SPACE',''
  ) );
#2922 = PCURVE('',#2692,#2923);
#2923 = DEFINITIONAL_REPRESENTATION('',(#2924),#2928);
#2924 = LINE('',#2925,#2926);
#2925 = CARTESIAN_POINT('',(0.,0.));
#2926 = VECTOR('',#2927,1.);
#2927 = DIRECTION('',(0.,-1.));
#2928 = ( GEOMETRIC_REPRESENTATION_CONTEXT(2) 
PARAMETRIC_REPRESENTATION_CONTEXT() REPRESENTATION_CONTEXT('2D SPACE',''
  ) );
#2929 = ORIENTED_EDGE('',*,*,#2837,.F.);
#2930 = ADVANCED_FACE('',(#2931),#2692,.T.);
#2931 = FACE_BOUND('',#2932,.T.);
#2932 = EDGE_LOOP('',(#2933,#2934,#2960,#2961));
#2933 = ORIENTED_EDGE('',*,*,#2909,.T.);
#2934 = ORIENTED_EDGE('',*,*,#2935,.T.);
#2935 = EDGE_CURVE('',#2887,#2677,#2936,.T.);
#2936 = SURFACE_CURVE('',#2937,(#2941,#2948),.PCURVE_S1.);
#2937 = LINE('',#2938,#2939);
#2938 = CARTESIAN_POINT('',(20.829432319701,11.290713602612,0.33));
#2939 = VECTOR('',#2940,1.);
#2940 = DIRECTION('',(-0.866025403784,-0.5,0.));
#2941 = PCURVE('',#2692,#2942);
#2942 = DEFINITIONAL_REPRESENTATION('',(#2943),#2947);
#2943 = LINE('',#2944,#2945);
#2944 = CARTESIAN_POINT('',(0.,-0.33));
#2945 = VECTOR('',#2946,1.);
#2946 = DIRECTION('',(1.,0.));
#2947 = ( GEOMETRIC_REPRESENTATION_CONTEXT(2) 
PARAMETRIC_REPRESENTATION_CONTEXT() REPRESENTATION_CONTEXT('2D SPACE',''
  ) );
#2948 = PCURVE('',#2949,#2954);
#2949 = PLANE('',#2950);
#2950 = AXIS2_PLACEMENT_3D('',#2951,#2952,#2953);
#2951 = CARTESIAN_POINT('',(20.799432319701,11.342675126839,0.39));
#2952 = DIRECTION('',(-0.353553390593,0.612372435696,-0.707106781187));
#2953 = DIRECTION('',(-0.866025403784,-0.5,-1.665334536938E-16));
#2954 = DEFINITIONAL_REPRESENTATION('',(#2955),#2959);
#2955 = LINE('',#2956,#2957);
#2956 = CARTESIAN_POINT('',(3.552713678801E-15,-8.485281374239E-02));
#2957 = VECTOR('',#2958,1.);
#2958 = DIRECTION('',(1.,0.));
#2959 = ( GEOMETRIC_REPRESENTATION_CONTEXT(2) 
PARAMETRIC_REPRESENTATION_CONTEXT() REPRESENTATION_CONTEXT('2D SPACE',''
  ) );
#2960 = ORIENTED_EDGE('',*,*,#2674,.F.);
#2961 = ORIENTED_EDGE('',*,*,#2860,.F.);
#2962 = ADVANCED_FACE('',(#2963),#2718,.F.);
#2963 = FACE_BOUND('',#2964,.F.);
#2964 = EDGE_LOOP('',(#2965,#2988,#2989,#2990));
#2965 = ORIENTED_EDGE('',*,*,#2966,.F.);
#2966 = EDGE_CURVE('',#2677,#2967,#2969,.T.);
#2967 = VERTEX_POINT('',#2968);
#2968 = CARTESIAN_POINT('',(18.447311679182,10.053959674172,0.45));
#2969 = SURFACE_CURVE('',#2970,(#2974,#2981),.PCURVE_S1.);
#2970 = LINE('',#2971,#2972);
#2971 = CARTESIAN_POINT('',(18.588924098893,10.582464419514,
    0.836892325631));
#2972 = VECTOR('',#2973,1.);
#2973 = DIRECTION('',(0.211324865405,0.788675134595,0.57735026919));
#2974 = PCURVE('',#2718,#2975);
#2975 = DEFINITIONAL_REPRESENTATION('',(#2976),#2980);
#2976 = LINE('',#2977,#2978);
#2977 = CARTESIAN_POINT('',(0.506892325631,0.632001187828));
#2978 = VECTOR('',#2979,1.);
#2979 = DIRECTION('',(0.57735026919,0.816496580928));
#2980 = ( GEOMETRIC_REPRESENTATION_CONTEXT(2) 
PARAMETRIC_REPRESENTATION_CONTEXT() REPRESENTATION_CONTEXT('2D SPACE',''
  ) );
#2981 = PCURVE('',#2949,#2982);
#2982 = DEFINITIONAL_REPRESENTATION('',(#2983),#2987);
#2983 = LINE('',#2984,#2985);
#2984 = CARTESIAN_POINT('',(2.294461628157,0.632001187828));
#2985 = VECTOR('',#2986,1.);
#2986 = DIRECTION('',(-0.57735026919,0.816496580928));
#2987 = ( GEOMETRIC_REPRESENTATION_CONTEXT(2) 
PARAMETRIC_REPRESENTATION_CONTEXT() REPRESENTATION_CONTEXT('2D SPACE',''
  ) );
#2988 = ORIENTED_EDGE('',*,*,#2704,.T.);
#2989 = ORIENTED_EDGE('',*,*,#2755,.T.);
#2990 = ORIENTED_EDGE('',*,*,#2991,.F.);
#2991 = EDGE_CURVE('',#2967,#2756,#2992,.T.);
#2992 = SURFACE_CURVE('',#2993,(#2997,#3004),.PCURVE_S1.);
#2993 = LINE('',#2994,#2995);
#2994 = CARTESIAN_POINT('',(18.507311679182,9.950036625718,0.45));
#2995 = VECTOR('',#2996,1.);
#2996 = DIRECTION('',(-0.5,0.866025403784,0.));
#2997 = PCURVE('',#2718,#2998);
#2998 = DEFINITIONAL_REPRESENTATION('',(#2999),#3003);
#2999 = LINE('',#3000,#3001);
#3000 = CARTESIAN_POINT('',(1.7763568394E-15,8.485281374239E-02));
#3001 = VECTOR('',#3002,1.);
#3002 = DIRECTION('',(1.,0.));
#3003 = ( GEOMETRIC_REPRESENTATION_CONTEXT(2) 
PARAMETRIC_REPRESENTATION_CONTEXT() REPRESENTATION_CONTEXT('2D SPACE',''
  ) );
#3004 = PCURVE('',#2821,#3005);
#3005 = DEFINITIONAL_REPRESENTATION('',(#3006),#3010);
#3006 = LINE('',#3007,#3008);
#3007 = CARTESIAN_POINT('',(0.790763119465,-1.191712054123));
#3008 = VECTOR('',#3009,1.);
#3009 = DIRECTION('',(0.5,0.866025403784));
#3010 = ( GEOMETRIC_REPRESENTATION_CONTEXT(2) 
PARAMETRIC_REPRESENTATION_CONTEXT() REPRESENTATION_CONTEXT('2D SPACE',''
  ) );
#3011 = ADVANCED_FACE('',(#3012),#2821,.F.);
#3012 = FACE_BOUND('',#3013,.F.);
#3013 = EDGE_LOOP('',(#3014,#3015,#3038,#3059));
#3014 = ORIENTED_EDGE('',*,*,#2807,.T.);
#3015 = ORIENTED_EDGE('',*,*,#3016,.T.);
#3016 = EDGE_CURVE('',#2780,#3017,#3019,.T.);
#3017 = VERTEX_POINT('',#3018);
#3018 = CARTESIAN_POINT('',(20.665509271247,11.334636651066,0.45));
#3019 = SURFACE_CURVE('',#3020,(#3024,#3031),.PCURVE_S1.);
#3020 = LINE('',#3021,#3022);
#3021 = CARTESIAN_POINT('',(20.088837918113,12.333460733964,0.45));
#3022 = VECTOR('',#3023,1.);
#3023 = DIRECTION('',(0.5,-0.866025403784,0.));
#3024 = PCURVE('',#2821,#3025);
#3025 = DEFINITIONAL_REPRESENTATION('',(#3026),#3030);
#3026 = LINE('',#3027,#3028);
#3027 = CARTESIAN_POINT('',(-0.790763119465,1.191712054123));
#3028 = VECTOR('',#3029,1.);
#3029 = DIRECTION('',(-0.5,-0.866025403784));
#3030 = ( GEOMETRIC_REPRESENTATION_CONTEXT(2) 
PARAMETRIC_REPRESENTATION_CONTEXT() REPRESENTATION_CONTEXT('2D SPACE',''
  ) );
#3031 = PCURVE('',#2795,#3032);
#3032 = DEFINITIONAL_REPRESENTATION('',(#3033),#3037);
#3033 = LINE('',#3034,#3035);
#3034 = CARTESIAN_POINT('',(0.,8.485281374239E-02));
#3035 = VECTOR('',#3036,1.);
#3036 = DIRECTION('',(1.,0.));
#3037 = ( GEOMETRIC_REPRESENTATION_CONTEXT(2) 
PARAMETRIC_REPRESENTATION_CONTEXT() REPRESENTATION_CONTEXT('2D SPACE',''
  ) );
#3038 = ORIENTED_EDGE('',*,*,#3039,.T.);
#3039 = EDGE_CURVE('',#3017,#2967,#3040,.T.);
#3040 = SURFACE_CURVE('',#3041,(#3045,#3052),.PCURVE_S1.);
#3041 = LINE('',#3042,#3043);
#3042 = CARTESIAN_POINT('',(20.769432319701,11.394636651066,0.45));
#3043 = VECTOR('',#3044,1.);
#3044 = DIRECTION('',(-0.866025403784,-0.5,0.));
#3045 = PCURVE('',#2821,#3046);
#3046 = DEFINITIONAL_REPRESENTATION('',(#3047),#3051);
#3047 = LINE('',#3048,#3049);
#3048 = CARTESIAN_POINT('',(-1.471357521053,0.252887971226));
#3049 = VECTOR('',#3050,1.);
#3050 = DIRECTION('',(0.866025403784,-0.5));
#3051 = ( GEOMETRIC_REPRESENTATION_CONTEXT(2) 
PARAMETRIC_REPRESENTATION_CONTEXT() REPRESENTATION_CONTEXT('2D SPACE',''
  ) );
#3052 = PCURVE('',#2949,#3053);
#3053 = DEFINITIONAL_REPRESENTATION('',(#3054),#3058);
#3054 = LINE('',#3055,#3056);
#3055 = CARTESIAN_POINT('',(0.,8.485281374239E-02));
#3056 = VECTOR('',#3057,1.);
#3057 = DIRECTION('',(1.,0.));
#3058 = ( GEOMETRIC_REPRESENTATION_CONTEXT(2) 
PARAMETRIC_REPRESENTATION_CONTEXT() REPRESENTATION_CONTEXT('2D SPACE',''
  ) );
#3059 = ORIENTED_EDGE('',*,*,#2991,.T.);
#3060 = ADVANCED_FACE('',(#3061),#2795,.F.);
#3061 = FACE_BOUND('',#3062,.F.);
#3062 = EDGE_LOOP('',(#3063,#3064,#3065,#3086));
#3063 = ORIENTED_EDGE('',*,*,#2779,.F.);
#3064 = ORIENTED_EDGE('',*,*,#2886,.T.);
#3065 = ORIENTED_EDGE('',*,*,#3066,.T.);
#3066 = EDGE_CURVE('',#2887,#3017,#3067,.T.);
#3067 = SURFACE_CURVE('',#3068,(#3072,#3079),.PCURVE_S1.);
#3068 = LINE('',#3069,#3070);
#3069 = CARTESIAN_POINT('',(20.484888222802,11.383033915133,
    0.582223784378));
#3070 = VECTOR('',#3071,1.);
#3071 = DIRECTION('',(-0.788675134595,0.211324865405,0.57735026919));
#3072 = PCURVE('',#2795,#3073);
#3073 = DEFINITIONAL_REPRESENTATION('',(#3074),#3078);
#3074 = LINE('',#3075,#3076);
#3075 = CARTESIAN_POINT('',(1.02111892189,0.271845482878));
#3076 = VECTOR('',#3077,1.);
#3077 = DIRECTION('',(-0.57735026919,0.816496580928));
#3078 = ( GEOMETRIC_REPRESENTATION_CONTEXT(2) 
PARAMETRIC_REPRESENTATION_CONTEXT() REPRESENTATION_CONTEXT('2D SPACE',''
  ) );
#3079 = PCURVE('',#2949,#3080);
#3080 = DEFINITIONAL_REPRESENTATION('',(#3081),#3085);
#3081 = LINE('',#3082,#3083);
#3082 = CARTESIAN_POINT('',(0.252223784378,0.271845482878));
#3083 = VECTOR('',#3084,1.);
#3084 = DIRECTION('',(0.57735026919,0.816496580928));
#3085 = ( GEOMETRIC_REPRESENTATION_CONTEXT(2) 
PARAMETRIC_REPRESENTATION_CONTEXT() REPRESENTATION_CONTEXT('2D SPACE',''
  ) );
#3086 = ORIENTED_EDGE('',*,*,#3016,.F.);
#3087 = ADVANCED_FACE('',(#3088),#2949,.F.);
#3088 = FACE_BOUND('',#3089,.F.);
#3089 = EDGE_LOOP('',(#3090,#3091,#3092,#3093));
#3090 = ORIENTED_EDGE('',*,*,#3066,.F.);
#3091 = ORIENTED_EDGE('',*,*,#2935,.T.);
#3092 = ORIENTED_EDGE('',*,*,#2966,.T.);
#3093 = ORIENTED_EDGE('',*,*,#3039,.F.);
#3094 = MANIFOLD_SOLID_BREP('',#3095);
#3095 = CLOSED_SHELL('',(#3096,#3216,#3297,#3378,#3427,#3476,#3508,#3557
    ,#3606,#3633));
#3096 = ADVANCED_FACE('',(#3097),#3111,.T.);
#3097 = FACE_BOUND('',#3098,.T.);
#3098 = EDGE_LOOP('',(#3099,#3134,#3162,#3190));
#3099 = ORIENTED_EDGE('',*,*,#3100,.T.);
#3100 = EDGE_CURVE('',#3101,#3103,#3105,.T.);
#3101 = VERTEX_POINT('',#3102);
#3102 = CARTESIAN_POINT('',(20.882820382787,0.636671353134,0.));
#3103 = VERTEX_POINT('',#3104);
#3104 = CARTESIAN_POINT('',(20.882820382787,0.636671353134,0.33));
#3105 = SURFACE_CURVE('',#3106,(#3110,#3122),.PCURVE_S1.);
#3106 = LINE('',#3107,#3108);
#3107 = CARTESIAN_POINT('',(20.882820382787,0.636671353134,0.));
#3108 = VECTOR('',#3109,1.);
#3109 = DIRECTION('',(0.,-0.,1.));
#3110 = PCURVE('',#3111,#3116);
#3111 = PLANE('',#3112);
#3112 = AXIS2_PLACEMENT_3D('',#3113,#3114,#3115);
#3113 = CARTESIAN_POINT('',(20.882820382787,0.636671353134,0.));
#3114 = DIRECTION('',(-3.963165822454E-17,1.,0.));
#3115 = DIRECTION('',(1.,3.963165822454E-17,0.));
#3116 = DEFINITIONAL_REPRESENTATION('',(#3117),#3121);
#3117 = LINE('',#3118,#3119);
#3118 = CARTESIAN_POINT('',(0.,0.));
#3119 = VECTOR('',#3120,1.);
#3120 = DIRECTION('',(0.,-1.));
#3121 = ( GEOMETRIC_REPRESENTATION_CONTEXT(2) 
PARAMETRIC_REPRESENTATION_CONTEXT() REPRESENTATION_CONTEXT('2D SPACE',''
  ) );
#3122 = PCURVE('',#3123,#3128);
#3123 = PLANE('',#3124);
#3124 = AXIS2_PLACEMENT_3D('',#3125,#3126,#3127);
#3125 = CARTESIAN_POINT('',(20.882820382787,-0.636671353134,0.));
#3126 = DIRECTION('',(-1.,0.,0.));
#3127 = DIRECTION('',(0.,1.,0.));
#3128 = DEFINITIONAL_REPRESENTATION('',(#3129),#3133);
#3129 = LINE('',#3130,#3131);
#3130 = CARTESIAN_POINT('',(1.273342706268,0.));
#3131 = VECTOR('',#3132,1.);
#3132 = DIRECTION('',(0.,-1.));
#3133 = ( GEOMETRIC_REPRESENTATION_CONTEXT(2) 
PARAMETRIC_REPRESENTATION_CONTEXT() REPRESENTATION_CONTEXT('2D SPACE',''
  ) );
#3134 = ORIENTED_EDGE('',*,*,#3135,.T.);
#3135 = EDGE_CURVE('',#3103,#3136,#3138,.T.);
#3136 = VERTEX_POINT('',#3137);
#3137 = CARTESIAN_POINT('',(23.684174336576,0.636671353134,0.33));
#3138 = SURFACE_CURVE('',#3139,(#3143,#3150),.PCURVE_S1.);
#3139 = LINE('',#3140,#3141);
#3140 = CARTESIAN_POINT('',(20.882820382787,0.636671353134,0.33));
#3141 = VECTOR('',#3142,1.);
#3142 = DIRECTION('',(1.,3.963165822454E-17,0.));
#3143 = PCURVE('',#3111,#3144);
#3144 = DEFINITIONAL_REPRESENTATION('',(#3145),#3149);
#3145 = LINE('',#3146,#3147);
#3146 = CARTESIAN_POINT('',(0.,-0.33));
#3147 = VECTOR('',#3148,1.);
#3148 = DIRECTION('',(1.,0.));
#3149 = ( GEOMETRIC_REPRESENTATION_CONTEXT(2) 
PARAMETRIC_REPRESENTATION_CONTEXT() REPRESENTATION_CONTEXT('2D SPACE',''
  ) );
#3150 = PCURVE('',#3151,#3156);
#3151 = PLANE('',#3152);
#3152 = AXIS2_PLACEMENT_3D('',#3153,#3154,#3155);
#3153 = CARTESIAN_POINT('',(20.882820382787,0.576671353134,0.39));
#3154 = DIRECTION('',(2.949454538896E-17,-0.707106781187,-0.707106781187
    ));
#3155 = DIRECTION('',(1.,4.067162216482E-17,1.03996394028E-18));
#3156 = DEFINITIONAL_REPRESENTATION('',(#3157),#3161);
#3157 = LINE('',#3158,#3159);
#3158 = CARTESIAN_POINT('',(0.,-8.485281374239E-02));
#3159 = VECTOR('',#3160,1.);
#3160 = DIRECTION('',(1.,0.));
#3161 = ( GEOMETRIC_REPRESENTATION_CONTEXT(2) 
PARAMETRIC_REPRESENTATION_CONTEXT() REPRESENTATION_CONTEXT('2D SPACE',''
  ) );
#3162 = ORIENTED_EDGE('',*,*,#3163,.F.);
#3163 = EDGE_CURVE('',#3164,#3136,#3166,.T.);
#3164 = VERTEX_POINT('',#3165);
#3165 = CARTESIAN_POINT('',(23.684174336576,0.636671353134,0.));
#3166 = SURFACE_CURVE('',#3167,(#3171,#3178),.PCURVE_S1.);
#3167 = LINE('',#3168,#3169);
#3168 = CARTESIAN_POINT('',(23.684174336576,0.636671353134,0.));
#3169 = VECTOR('',#3170,1.);
#3170 = DIRECTION('',(0.,-0.,1.));
#3171 = PCURVE('',#3111,#3172);
#3172 = DEFINITIONAL_REPRESENTATION('',(#3173),#3177);
#3173 = LINE('',#3174,#3175);
#3174 = CARTESIAN_POINT('',(2.801353953789,0.));
#3175 = VECTOR('',#3176,1.);
#3176 = DIRECTION('',(0.,-1.));
#3177 = ( GEOMETRIC_REPRESENTATION_CONTEXT(2) 
PARAMETRIC_REPRESENTATION_CONTEXT() REPRESENTATION_CONTEXT('2D SPACE',''
  ) );
#3178 = PCURVE('',#3179,#3184);
#3179 = PLANE('',#3180);
#3180 = AXIS2_PLACEMENT_3D('',#3181,#3182,#3183);
#3181 = CARTESIAN_POINT('',(23.684174336576,0.636671353134,0.));
#3182 = DIRECTION('',(1.,0.,0.));
#3183 = DIRECTION('',(0.,-1.,0.));
#3184 = DEFINITIONAL_REPRESENTATION('',(#3185),#3189);
#3185 = LINE('',#3186,#3187);
#3186 = CARTESIAN_POINT('',(0.,0.));
#3187 = VECTOR('',#3188,1.);
#3188 = DIRECTION('',(0.,-1.));
#3189 = ( GEOMETRIC_REPRESENTATION_CONTEXT(2) 
PARAMETRIC_REPRESENTATION_CONTEXT() REPRESENTATION_CONTEXT('2D SPACE',''
  ) );
#3190 = ORIENTED_EDGE('',*,*,#3191,.F.);
#3191 = EDGE_CURVE('',#3101,#3164,#3192,.T.);
#3192 = SURFACE_CURVE('',#3193,(#3197,#3204),.PCURVE_S1.);
#3193 = LINE('',#3194,#3195);
#3194 = CARTESIAN_POINT('',(20.882820382787,0.636671353134,0.));
#3195 = VECTOR('',#3196,1.);
#3196 = DIRECTION('',(1.,3.963165822454E-17,0.));
#3197 = PCURVE('',#3111,#3198);
#3198 = DEFINITIONAL_REPRESENTATION('',(#3199),#3203);
#3199 = LINE('',#3200,#3201);
#3200 = CARTESIAN_POINT('',(0.,0.));
#3201 = VECTOR('',#3202,1.);
#3202 = DIRECTION('',(1.,0.));
#3203 = ( GEOMETRIC_REPRESENTATION_CONTEXT(2) 
PARAMETRIC_REPRESENTATION_CONTEXT() REPRESENTATION_CONTEXT('2D SPACE',''
  ) );
#3204 = PCURVE('',#3205,#3210);
#3205 = PLANE('',#3206);
#3206 = AXIS2_PLACEMENT_3D('',#3207,#3208,#3209);
#3207 = CARTESIAN_POINT('',(22.283497359681,1.396396707755E-15,0.));
#3208 = DIRECTION('',(-0.,-0.,-1.));
#3209 = DIRECTION('',(-1.,0.,0.));
#3210 = DEFINITIONAL_REPRESENTATION('',(#3211),#3215);
#3211 = LINE('',#3212,#3213);
#3212 = CARTESIAN_POINT('',(1.400676976894,0.636671353134));
#3213 = VECTOR('',#3214,1.);
#3214 = DIRECTION('',(-1.,3.963165822454E-17));
#3215 = ( GEOMETRIC_REPRESENTATION_CONTEXT(2) 
PARAMETRIC_REPRESENTATION_CONTEXT() REPRESENTATION_CONTEXT('2D SPACE',''
  ) );
#3216 = ADVANCED_FACE('',(#3217),#3123,.T.);
#3217 = FACE_BOUND('',#3218,.T.);
#3218 = EDGE_LOOP('',(#3219,#3249,#3275,#3276));
#3219 = ORIENTED_EDGE('',*,*,#3220,.T.);
#3220 = EDGE_CURVE('',#3221,#3223,#3225,.T.);
#3221 = VERTEX_POINT('',#3222);
#3222 = CARTESIAN_POINT('',(20.882820382787,-0.636671353134,0.));
#3223 = VERTEX_POINT('',#3224);
#3224 = CARTESIAN_POINT('',(20.882820382787,-0.636671353134,0.33));
#3225 = SURFACE_CURVE('',#3226,(#3230,#3237),.PCURVE_S1.);
#3226 = LINE('',#3227,#3228);
#3227 = CARTESIAN_POINT('',(20.882820382787,-0.636671353134,0.));
#3228 = VECTOR('',#3229,1.);
#3229 = DIRECTION('',(0.,-0.,1.));
#3230 = PCURVE('',#3123,#3231);
#3231 = DEFINITIONAL_REPRESENTATION('',(#3232),#3236);
#3232 = LINE('',#3233,#3234);
#3233 = CARTESIAN_POINT('',(0.,0.));
#3234 = VECTOR('',#3235,1.);
#3235 = DIRECTION('',(0.,-1.));
#3236 = ( GEOMETRIC_REPRESENTATION_CONTEXT(2) 
PARAMETRIC_REPRESENTATION_CONTEXT() REPRESENTATION_CONTEXT('2D SPACE',''
  ) );
#3237 = PCURVE('',#3238,#3243);
#3238 = PLANE('',#3239);
#3239 = AXIS2_PLACEMENT_3D('',#3240,#3241,#3242);
#3240 = CARTESIAN_POINT('',(23.684174336576,-0.636671353134,0.));
#3241 = DIRECTION('',(3.963165822454E-17,-1.,-0.));
#3242 = DIRECTION('',(-1.,-3.963165822454E-17,0.));
#3243 = DEFINITIONAL_REPRESENTATION('',(#3244),#3248);
#3244 = LINE('',#3245,#3246);
#3245 = CARTESIAN_POINT('',(2.801353953789,0.));
#3246 = VECTOR('',#3247,1.);
#3247 = DIRECTION('',(0.,-1.));
#3248 = ( GEOMETRIC_REPRESENTATION_CONTEXT(2) 
PARAMETRIC_REPRESENTATION_CONTEXT() REPRESENTATION_CONTEXT('2D SPACE',''
  ) );
#3249 = ORIENTED_EDGE('',*,*,#3250,.T.);
#3250 = EDGE_CURVE('',#3223,#3103,#3251,.T.);
#3251 = SURFACE_CURVE('',#3252,(#3256,#3263),.PCURVE_S1.);
#3252 = LINE('',#3253,#3254);
#3253 = CARTESIAN_POINT('',(20.882820382787,-0.636671353134,0.33));
#3254 = VECTOR('',#3255,1.);
#3255 = DIRECTION('',(0.,1.,0.));
#3256 = PCURVE('',#3123,#3257);
#3257 = DEFINITIONAL_REPRESENTATION('',(#3258),#3262);
#3258 = LINE('',#3259,#3260);
#3259 = CARTESIAN_POINT('',(0.,-0.33));
#3260 = VECTOR('',#3261,1.);
#3261 = DIRECTION('',(1.,0.));
#3262 = ( GEOMETRIC_REPRESENTATION_CONTEXT(2) 
PARAMETRIC_REPRESENTATION_CONTEXT() REPRESENTATION_CONTEXT('2D SPACE',''
  ) );
#3263 = PCURVE('',#3264,#3269);
#3264 = PLANE('',#3265);
#3265 = AXIS2_PLACEMENT_3D('',#3266,#3267,#3268);
#3266 = CARTESIAN_POINT('',(20.942820382787,-0.636671353134,0.39));
#3267 = DIRECTION('',(0.707106781187,0.,-0.707106781187));
#3268 = DIRECTION('',(0.,1.,0.));
#3269 = DEFINITIONAL_REPRESENTATION('',(#3270),#3274);
#3270 = LINE('',#3271,#3272);
#3271 = CARTESIAN_POINT('',(0.,-8.485281374238E-02));
#3272 = VECTOR('',#3273,1.);
#3273 = DIRECTION('',(1.,0.));
#3274 = ( GEOMETRIC_REPRESENTATION_CONTEXT(2) 
PARAMETRIC_REPRESENTATION_CONTEXT() REPRESENTATION_CONTEXT('2D SPACE',''
  ) );
#3275 = ORIENTED_EDGE('',*,*,#3100,.F.);
#3276 = ORIENTED_EDGE('',*,*,#3277,.F.);
#3277 = EDGE_CURVE('',#3221,#3101,#3278,.T.);
#3278 = SURFACE_CURVE('',#3279,(#3283,#3290),.PCURVE_S1.);
#3279 = LINE('',#3280,#3281);
#3280 = CARTESIAN_POINT('',(20.882820382787,-0.636671353134,0.));
#3281 = VECTOR('',#3282,1.);
#3282 = DIRECTION('',(0.,1.,0.));
#3283 = PCURVE('',#3123,#3284);
#3284 = DEFINITIONAL_REPRESENTATION('',(#3285),#3289);
#3285 = LINE('',#3286,#3287);
#3286 = CARTESIAN_POINT('',(0.,0.));
#3287 = VECTOR('',#3288,1.);
#3288 = DIRECTION('',(1.,0.));
#3289 = ( GEOMETRIC_REPRESENTATION_CONTEXT(2) 
PARAMETRIC_REPRESENTATION_CONTEXT() REPRESENTATION_CONTEXT('2D SPACE',''
  ) );
#3290 = PCURVE('',#3205,#3291);
#3291 = DEFINITIONAL_REPRESENTATION('',(#3292),#3296);
#3292 = LINE('',#3293,#3294);
#3293 = CARTESIAN_POINT('',(1.400676976894,-0.636671353134));
#3294 = VECTOR('',#3295,1.);
#3295 = DIRECTION('',(0.,1.));
#3296 = ( GEOMETRIC_REPRESENTATION_CONTEXT(2) 
PARAMETRIC_REPRESENTATION_CONTEXT() REPRESENTATION_CONTEXT('2D SPACE',''
  ) );
#3297 = ADVANCED_FACE('',(#3298),#3151,.F.);
#3298 = FACE_BOUND('',#3299,.F.);
#3299 = EDGE_LOOP('',(#3300,#3323,#3324,#3352));
#3300 = ORIENTED_EDGE('',*,*,#3301,.F.);
#3301 = EDGE_CURVE('',#3103,#3302,#3304,.T.);
#3302 = VERTEX_POINT('',#3303);
#3303 = CARTESIAN_POINT('',(21.002820382787,0.516671353134,0.45));
#3304 = SURFACE_CURVE('',#3305,(#3309,#3316),.PCURVE_S1.);
#3305 = LINE('',#3306,#3307);
#3306 = CARTESIAN_POINT('',(21.135044167165,0.384447568756,
    0.582223784378));
#3307 = VECTOR('',#3308,1.);
#3308 = DIRECTION('',(0.57735026919,-0.57735026919,0.57735026919));
#3309 = PCURVE('',#3151,#3310);
#3310 = DEFINITIONAL_REPRESENTATION('',(#3311),#3315);
#3311 = LINE('',#3312,#3313);
#3312 = CARTESIAN_POINT('',(0.252223784378,0.271845482878));
#3313 = VECTOR('',#3314,1.);
#3314 = DIRECTION('',(0.57735026919,0.816496580928));
#3315 = ( GEOMETRIC_REPRESENTATION_CONTEXT(2) 
PARAMETRIC_REPRESENTATION_CONTEXT() REPRESENTATION_CONTEXT('2D SPACE',''
  ) );
#3316 = PCURVE('',#3264,#3317);
#3317 = DEFINITIONAL_REPRESENTATION('',(#3318),#3322);
#3318 = LINE('',#3319,#3320);
#3319 = CARTESIAN_POINT('',(1.02111892189,0.271845482878));
#3320 = VECTOR('',#3321,1.);
#3321 = DIRECTION('',(-0.57735026919,0.816496580928));
#3322 = ( GEOMETRIC_REPRESENTATION_CONTEXT(2) 
PARAMETRIC_REPRESENTATION_CONTEXT() REPRESENTATION_CONTEXT('2D SPACE',''
  ) );
#3323 = ORIENTED_EDGE('',*,*,#3135,.T.);
#3324 = ORIENTED_EDGE('',*,*,#3325,.T.);
#3325 = EDGE_CURVE('',#3136,#3326,#3328,.T.);
#3326 = VERTEX_POINT('',#3327);
#3327 = CARTESIAN_POINT('',(23.564174336576,0.516671353134,0.45));
#3328 = SURFACE_CURVE('',#3329,(#3333,#3340),.PCURVE_S1.);
#3329 = LINE('',#3330,#3331);
#3330 = CARTESIAN_POINT('',(23.177282010944,0.129779027502,
    0.836892325631));
#3331 = VECTOR('',#3332,1.);
#3332 = DIRECTION('',(-0.57735026919,-0.57735026919,0.57735026919));
#3333 = PCURVE('',#3151,#3334);
#3334 = DEFINITIONAL_REPRESENTATION('',(#3335),#3339);
#3335 = LINE('',#3336,#3337);
#3336 = CARTESIAN_POINT('',(2.294461628157,0.632001187828));
#3337 = VECTOR('',#3338,1.);
#3338 = DIRECTION('',(-0.57735026919,0.816496580928));
#3339 = ( GEOMETRIC_REPRESENTATION_CONTEXT(2) 
PARAMETRIC_REPRESENTATION_CONTEXT() REPRESENTATION_CONTEXT('2D SPACE',''
  ) );
#3340 = PCURVE('',#3341,#3346);
#3341 = PLANE('',#3342);
#3342 = AXIS2_PLACEMENT_3D('',#3343,#3344,#3345);
#3343 = CARTESIAN_POINT('',(23.624174336576,0.636671353134,0.39));
#3344 = DIRECTION('',(-0.707106781187,1.734973258174E-18,-0.707106781187
    ));
#3345 = DIRECTION('',(-1.226811356032E-18,-1.,-1.226811356032E-18));
#3346 = DEFINITIONAL_REPRESENTATION('',(#3347),#3351);
#3347 = LINE('',#3348,#3349);
#3348 = CARTESIAN_POINT('',(0.506892325631,0.632001187828));
#3349 = VECTOR('',#3350,1.);
#3350 = DIRECTION('',(0.57735026919,0.816496580928));
#3351 = ( GEOMETRIC_REPRESENTATION_CONTEXT(2) 
PARAMETRIC_REPRESENTATION_CONTEXT() REPRESENTATION_CONTEXT('2D SPACE',''
  ) );
#3352 = ORIENTED_EDGE('',*,*,#3353,.F.);
#3353 = EDGE_CURVE('',#3302,#3326,#3354,.T.);
#3354 = SURFACE_CURVE('',#3355,(#3359,#3366),.PCURVE_S1.);
#3355 = LINE('',#3356,#3357);
#3356 = CARTESIAN_POINT('',(20.882820382787,0.516671353134,0.45));
#3357 = VECTOR('',#3358,1.);
#3358 = DIRECTION('',(1.,3.963165822454E-17,0.));
#3359 = PCURVE('',#3151,#3360);
#3360 = DEFINITIONAL_REPRESENTATION('',(#3361),#3365);
#3361 = LINE('',#3362,#3363);
#3362 = CARTESIAN_POINT('',(0.,8.485281374239E-02));
#3363 = VECTOR('',#3364,1.);
#3364 = DIRECTION('',(1.,0.));
#3365 = ( GEOMETRIC_REPRESENTATION_CONTEXT(2) 
PARAMETRIC_REPRESENTATION_CONTEXT() REPRESENTATION_CONTEXT('2D SPACE',''
  ) );
#3366 = PCURVE('',#3367,#3372);
#3367 = PLANE('',#3368);
#3368 = AXIS2_PLACEMENT_3D('',#3369,#3370,#3371);
#3369 = CARTESIAN_POINT('',(22.283497359681,1.396396707755E-15,0.45));
#3370 = DIRECTION('',(-0.,-0.,-1.));
#3371 = DIRECTION('',(-1.,0.,0.));
#3372 = DEFINITIONAL_REPRESENTATION('',(#3373),#3377);
#3373 = LINE('',#3374,#3375);
#3374 = CARTESIAN_POINT('',(1.400676976894,0.516671353134));
#3375 = VECTOR('',#3376,1.);
#3376 = DIRECTION('',(-1.,3.963165822454E-17));
#3377 = ( GEOMETRIC_REPRESENTATION_CONTEXT(2) 
PARAMETRIC_REPRESENTATION_CONTEXT() REPRESENTATION_CONTEXT('2D SPACE',''
  ) );
#3378 = ADVANCED_FACE('',(#3379),#3205,.T.);
#3379 = FACE_BOUND('',#3380,.T.);
#3380 = EDGE_LOOP('',(#3381,#3382,#3405,#3426));
#3381 = ORIENTED_EDGE('',*,*,#3191,.T.);
#3382 = ORIENTED_EDGE('',*,*,#3383,.T.);
#3383 = EDGE_CURVE('',#3164,#3384,#3386,.T.);
#3384 = VERTEX_POINT('',#3385);
#3385 = CARTESIAN_POINT('',(23.684174336576,-0.636671353134,0.));
#3386 = SURFACE_CURVE('',#3387,(#3391,#3398),.PCURVE_S1.);
#3387 = LINE('',#3388,#3389);
#3388 = CARTESIAN_POINT('',(23.684174336576,0.636671353134,0.));
#3389 = VECTOR('',#3390,1.);
#3390 = DIRECTION('',(0.,-1.,0.));
#3391 = PCURVE('',#3205,#3392);
#3392 = DEFINITIONAL_REPRESENTATION('',(#3393),#3397);
#3393 = LINE('',#3394,#3395);
#3394 = CARTESIAN_POINT('',(-1.400676976894,0.636671353134));
#3395 = VECTOR('',#3396,1.);
#3396 = DIRECTION('',(0.,-1.));
#3397 = ( GEOMETRIC_REPRESENTATION_CONTEXT(2) 
PARAMETRIC_REPRESENTATION_CONTEXT() REPRESENTATION_CONTEXT('2D SPACE',''
  ) );
#3398 = PCURVE('',#3179,#3399);
#3399 = DEFINITIONAL_REPRESENTATION('',(#3400),#3404);
#3400 = LINE('',#3401,#3402);
#3401 = CARTESIAN_POINT('',(0.,0.));
#3402 = VECTOR('',#3403,1.);
#3403 = DIRECTION('',(1.,0.));
#3404 = ( GEOMETRIC_REPRESENTATION_CONTEXT(2) 
PARAMETRIC_REPRESENTATION_CONTEXT() REPRESENTATION_CONTEXT('2D SPACE',''
  ) );
#3405 = ORIENTED_EDGE('',*,*,#3406,.T.);
#3406 = EDGE_CURVE('',#3384,#3221,#3407,.T.);
#3407 = SURFACE_CURVE('',#3408,(#3412,#3419),.PCURVE_S1.);
#3408 = LINE('',#3409,#3410);
#3409 = CARTESIAN_POINT('',(23.684174336576,-0.636671353134,0.));
#3410 = VECTOR('',#3411,1.);
#3411 = DIRECTION('',(-1.,-3.963165822454E-17,0.));
#3412 = PCURVE('',#3205,#3413);
#3413 = DEFINITIONAL_REPRESENTATION('',(#3414),#3418);
#3414 = LINE('',#3415,#3416);
#3415 = CARTESIAN_POINT('',(-1.400676976894,-0.636671353134));
#3416 = VECTOR('',#3417,1.);
#3417 = DIRECTION('',(1.,-3.963165822454E-17));
#3418 = ( GEOMETRIC_REPRESENTATION_CONTEXT(2) 
PARAMETRIC_REPRESENTATION_CONTEXT() REPRESENTATION_CONTEXT('2D SPACE',''
  ) );
#3419 = PCURVE('',#3238,#3420);
#3420 = DEFINITIONAL_REPRESENTATION('',(#3421),#3425);
#3421 = LINE('',#3422,#3423);
#3422 = CARTESIAN_POINT('',(0.,0.));
#3423 = VECTOR('',#3424,1.);
#3424 = DIRECTION('',(1.,0.));
#3425 = ( GEOMETRIC_REPRESENTATION_CONTEXT(2) 
PARAMETRIC_REPRESENTATION_CONTEXT() REPRESENTATION_CONTEXT('2D SPACE',''
  ) );
#3426 = ORIENTED_EDGE('',*,*,#3277,.T.);
#3427 = ADVANCED_FACE('',(#3428),#3179,.T.);
#3428 = FACE_BOUND('',#3429,.T.);
#3429 = EDGE_LOOP('',(#3430,#3431,#3454,#3475));
#3430 = ORIENTED_EDGE('',*,*,#3163,.T.);
#3431 = ORIENTED_EDGE('',*,*,#3432,.T.);
#3432 = EDGE_CURVE('',#3136,#3433,#3435,.T.);
#3433 = VERTEX_POINT('',#3434);
#3434 = CARTESIAN_POINT('',(23.684174336576,-0.636671353134,0.33));
#3435 = SURFACE_CURVE('',#3436,(#3440,#3447),.PCURVE_S1.);
#3436 = LINE('',#3437,#3438);
#3437 = CARTESIAN_POINT('',(23.684174336576,0.636671353134,0.33));
#3438 = VECTOR('',#3439,1.);
#3439 = DIRECTION('',(0.,-1.,0.));
#3440 = PCURVE('',#3179,#3441);
#3441 = DEFINITIONAL_REPRESENTATION('',(#3442),#3446);
#3442 = LINE('',#3443,#3444);
#3443 = CARTESIAN_POINT('',(0.,-0.33));
#3444 = VECTOR('',#3445,1.);
#3445 = DIRECTION('',(1.,0.));
#3446 = ( GEOMETRIC_REPRESENTATION_CONTEXT(2) 
PARAMETRIC_REPRESENTATION_CONTEXT() REPRESENTATION_CONTEXT('2D SPACE',''
  ) );
#3447 = PCURVE('',#3341,#3448);
#3448 = DEFINITIONAL_REPRESENTATION('',(#3449),#3453);
#3449 = LINE('',#3450,#3451);
#3450 = CARTESIAN_POINT('',(0.,-8.485281374239E-02));
#3451 = VECTOR('',#3452,1.);
#3452 = DIRECTION('',(1.,0.));
#3453 = ( GEOMETRIC_REPRESENTATION_CONTEXT(2) 
PARAMETRIC_REPRESENTATION_CONTEXT() REPRESENTATION_CONTEXT('2D SPACE',''
  ) );
#3454 = ORIENTED_EDGE('',*,*,#3455,.F.);
#3455 = EDGE_CURVE('',#3384,#3433,#3456,.T.);
#3456 = SURFACE_CURVE('',#3457,(#3461,#3468),.PCURVE_S1.);
#3457 = LINE('',#3458,#3459);
#3458 = CARTESIAN_POINT('',(23.684174336576,-0.636671353134,0.));
#3459 = VECTOR('',#3460,1.);
#3460 = DIRECTION('',(0.,-0.,1.));
#3461 = PCURVE('',#3179,#3462);
#3462 = DEFINITIONAL_REPRESENTATION('',(#3463),#3467);
#3463 = LINE('',#3464,#3465);
#3464 = CARTESIAN_POINT('',(1.273342706268,0.));
#3465 = VECTOR('',#3466,1.);
#3466 = DIRECTION('',(0.,-1.));
#3467 = ( GEOMETRIC_REPRESENTATION_CONTEXT(2) 
PARAMETRIC_REPRESENTATION_CONTEXT() REPRESENTATION_CONTEXT('2D SPACE',''
  ) );
#3468 = PCURVE('',#3238,#3469);
#3469 = DEFINITIONAL_REPRESENTATION('',(#3470),#3474);
#3470 = LINE('',#3471,#3472);
#3471 = CARTESIAN_POINT('',(0.,0.));
#3472 = VECTOR('',#3473,1.);
#3473 = DIRECTION('',(0.,-1.));
#3474 = ( GEOMETRIC_REPRESENTATION_CONTEXT(2) 
PARAMETRIC_REPRESENTATION_CONTEXT() REPRESENTATION_CONTEXT('2D SPACE',''
  ) );
#3475 = ORIENTED_EDGE('',*,*,#3383,.F.);
#3476 = ADVANCED_FACE('',(#3477),#3238,.T.);
#3477 = FACE_BOUND('',#3478,.T.);
#3478 = EDGE_LOOP('',(#3479,#3480,#3506,#3507));
#3479 = ORIENTED_EDGE('',*,*,#3455,.T.);
#3480 = ORIENTED_EDGE('',*,*,#3481,.T.);
#3481 = EDGE_CURVE('',#3433,#3223,#3482,.T.);
#3482 = SURFACE_CURVE('',#3483,(#3487,#3494),.PCURVE_S1.);
#3483 = LINE('',#3484,#3485);
#3484 = CARTESIAN_POINT('',(23.684174336576,-0.636671353134,0.33));
#3485 = VECTOR('',#3486,1.);
#3486 = DIRECTION('',(-1.,-3.963165822454E-17,0.));
#3487 = PCURVE('',#3238,#3488);
#3488 = DEFINITIONAL_REPRESENTATION('',(#3489),#3493);
#3489 = LINE('',#3490,#3491);
#3490 = CARTESIAN_POINT('',(0.,-0.33));
#3491 = VECTOR('',#3492,1.);
#3492 = DIRECTION('',(1.,0.));
#3493 = ( GEOMETRIC_REPRESENTATION_CONTEXT(2) 
PARAMETRIC_REPRESENTATION_CONTEXT() REPRESENTATION_CONTEXT('2D SPACE',''
  ) );
#3494 = PCURVE('',#3495,#3500);
#3495 = PLANE('',#3496);
#3496 = AXIS2_PLACEMENT_3D('',#3497,#3498,#3499);
#3497 = CARTESIAN_POINT('',(23.684174336576,-0.576671353134,0.39));
#3498 = DIRECTION('',(-3.122951864714E-17,0.707106781187,-0.707106781187
    ));
#3499 = DIRECTION('',(-1.,-4.189843352085E-17,2.266775296312E-18));
#3500 = DEFINITIONAL_REPRESENTATION('',(#3501),#3505);
#3501 = LINE('',#3502,#3503);
#3502 = CARTESIAN_POINT('',(0.,-8.485281374239E-02));
#3503 = VECTOR('',#3504,1.);
#3504 = DIRECTION('',(1.,0.));
#3505 = ( GEOMETRIC_REPRESENTATION_CONTEXT(2) 
PARAMETRIC_REPRESENTATION_CONTEXT() REPRESENTATION_CONTEXT('2D SPACE',''
  ) );
#3506 = ORIENTED_EDGE('',*,*,#3220,.F.);
#3507 = ORIENTED_EDGE('',*,*,#3406,.F.);
#3508 = ADVANCED_FACE('',(#3509),#3264,.F.);
#3509 = FACE_BOUND('',#3510,.F.);
#3510 = EDGE_LOOP('',(#3511,#3534,#3535,#3536));
#3511 = ORIENTED_EDGE('',*,*,#3512,.F.);
#3512 = EDGE_CURVE('',#3223,#3513,#3515,.T.);
#3513 = VERTEX_POINT('',#3514);
#3514 = CARTESIAN_POINT('',(21.002820382787,-0.516671353134,0.45));
#3515 = SURFACE_CURVE('',#3516,(#3520,#3527),.PCURVE_S1.);
#3516 = LINE('',#3517,#3518);
#3517 = CARTESIAN_POINT('',(21.389712708419,-0.129779027502,
    0.836892325631));
#3518 = VECTOR('',#3519,1.);
#3519 = DIRECTION('',(0.57735026919,0.57735026919,0.57735026919));
#3520 = PCURVE('',#3264,#3521);
#3521 = DEFINITIONAL_REPRESENTATION('',(#3522),#3526);
#3522 = LINE('',#3523,#3524);
#3523 = CARTESIAN_POINT('',(0.506892325631,0.632001187828));
#3524 = VECTOR('',#3525,1.);
#3525 = DIRECTION('',(0.57735026919,0.816496580928));
#3526 = ( GEOMETRIC_REPRESENTATION_CONTEXT(2) 
PARAMETRIC_REPRESENTATION_CONTEXT() REPRESENTATION_CONTEXT('2D SPACE',''
  ) );
#3527 = PCURVE('',#3495,#3528);
#3528 = DEFINITIONAL_REPRESENTATION('',(#3529),#3533);
#3529 = LINE('',#3530,#3531);
#3530 = CARTESIAN_POINT('',(2.294461628157,0.632001187828));
#3531 = VECTOR('',#3532,1.);
#3532 = DIRECTION('',(-0.57735026919,0.816496580928));
#3533 = ( GEOMETRIC_REPRESENTATION_CONTEXT(2) 
PARAMETRIC_REPRESENTATION_CONTEXT() REPRESENTATION_CONTEXT('2D SPACE',''
  ) );
#3534 = ORIENTED_EDGE('',*,*,#3250,.T.);
#3535 = ORIENTED_EDGE('',*,*,#3301,.T.);
#3536 = ORIENTED_EDGE('',*,*,#3537,.F.);
#3537 = EDGE_CURVE('',#3513,#3302,#3538,.T.);
#3538 = SURFACE_CURVE('',#3539,(#3543,#3550),.PCURVE_S1.);
#3539 = LINE('',#3540,#3541);
#3540 = CARTESIAN_POINT('',(21.002820382787,-0.636671353134,0.45));
#3541 = VECTOR('',#3542,1.);
#3542 = DIRECTION('',(0.,1.,0.));
#3543 = PCURVE('',#3264,#3544);
#3544 = DEFINITIONAL_REPRESENTATION('',(#3545),#3549);
#3545 = LINE('',#3546,#3547);
#3546 = CARTESIAN_POINT('',(0.,8.485281374239E-02));
#3547 = VECTOR('',#3548,1.);
#3548 = DIRECTION('',(1.,0.));
#3549 = ( GEOMETRIC_REPRESENTATION_CONTEXT(2) 
PARAMETRIC_REPRESENTATION_CONTEXT() REPRESENTATION_CONTEXT('2D SPACE',''
  ) );
#3550 = PCURVE('',#3367,#3551);
#3551 = DEFINITIONAL_REPRESENTATION('',(#3552),#3556);
#3552 = LINE('',#3553,#3554);
#3553 = CARTESIAN_POINT('',(1.280676976894,-0.636671353134));
#3554 = VECTOR('',#3555,1.);
#3555 = DIRECTION('',(0.,1.));
#3556 = ( GEOMETRIC_REPRESENTATION_CONTEXT(2) 
PARAMETRIC_REPRESENTATION_CONTEXT() REPRESENTATION_CONTEXT('2D SPACE',''
  ) );
#3557 = ADVANCED_FACE('',(#3558),#3367,.F.);
#3558 = FACE_BOUND('',#3559,.F.);
#3559 = EDGE_LOOP('',(#3560,#3561,#3584,#3605));
#3560 = ORIENTED_EDGE('',*,*,#3353,.T.);
#3561 = ORIENTED_EDGE('',*,*,#3562,.T.);
#3562 = EDGE_CURVE('',#3326,#3563,#3565,.T.);
#3563 = VERTEX_POINT('',#3564);
#3564 = CARTESIAN_POINT('',(23.564174336576,-0.516671353134,0.45));
#3565 = SURFACE_CURVE('',#3566,(#3570,#3577),.PCURVE_S1.);
#3566 = LINE('',#3567,#3568);
#3567 = CARTESIAN_POINT('',(23.564174336576,0.636671353134,0.45));
#3568 = VECTOR('',#3569,1.);
#3569 = DIRECTION('',(0.,-1.,0.));
#3570 = PCURVE('',#3367,#3571);
#3571 = DEFINITIONAL_REPRESENTATION('',(#3572),#3576);
#3572 = LINE('',#3573,#3574);
#3573 = CARTESIAN_POINT('',(-1.280676976894,0.636671353134));
#3574 = VECTOR('',#3575,1.);
#3575 = DIRECTION('',(0.,-1.));
#3576 = ( GEOMETRIC_REPRESENTATION_CONTEXT(2) 
PARAMETRIC_REPRESENTATION_CONTEXT() REPRESENTATION_CONTEXT('2D SPACE',''
  ) );
#3577 = PCURVE('',#3341,#3578);
#3578 = DEFINITIONAL_REPRESENTATION('',(#3579),#3583);
#3579 = LINE('',#3580,#3581);
#3580 = CARTESIAN_POINT('',(0.,8.485281374238E-02));
#3581 = VECTOR('',#3582,1.);
#3582 = DIRECTION('',(1.,0.));
#3583 = ( GEOMETRIC_REPRESENTATION_CONTEXT(2) 
PARAMETRIC_REPRESENTATION_CONTEXT() REPRESENTATION_CONTEXT('2D SPACE',''
  ) );
#3584 = ORIENTED_EDGE('',*,*,#3585,.T.);
#3585 = EDGE_CURVE('',#3563,#3513,#3586,.T.);
#3586 = SURFACE_CURVE('',#3587,(#3591,#3598),.PCURVE_S1.);
#3587 = LINE('',#3588,#3589);
#3588 = CARTESIAN_POINT('',(23.684174336576,-0.516671353134,0.45));
#3589 = VECTOR('',#3590,1.);
#3590 = DIRECTION('',(-1.,-3.963165822454E-17,0.));
#3591 = PCURVE('',#3367,#3592);
#3592 = DEFINITIONAL_REPRESENTATION('',(#3593),#3597);
#3593 = LINE('',#3594,#3595);
#3594 = CARTESIAN_POINT('',(-1.400676976894,-0.516671353134));
#3595 = VECTOR('',#3596,1.);
#3596 = DIRECTION('',(1.,-3.963165822454E-17));
#3597 = ( GEOMETRIC_REPRESENTATION_CONTEXT(2) 
PARAMETRIC_REPRESENTATION_CONTEXT() REPRESENTATION_CONTEXT('2D SPACE',''
  ) );
#3598 = PCURVE('',#3495,#3599);
#3599 = DEFINITIONAL_REPRESENTATION('',(#3600),#3604);
#3600 = LINE('',#3601,#3602);
#3601 = CARTESIAN_POINT('',(0.,8.485281374239E-02));
#3602 = VECTOR('',#3603,1.);
#3603 = DIRECTION('',(1.,0.));
#3604 = ( GEOMETRIC_REPRESENTATION_CONTEXT(2) 
PARAMETRIC_REPRESENTATION_CONTEXT() REPRESENTATION_CONTEXT('2D SPACE',''
  ) );
#3605 = ORIENTED_EDGE('',*,*,#3537,.T.);
#3606 = ADVANCED_FACE('',(#3607),#3341,.F.);
#3607 = FACE_BOUND('',#3608,.F.);
#3608 = EDGE_LOOP('',(#3609,#3610,#3611,#3632));
#3609 = ORIENTED_EDGE('',*,*,#3325,.F.);
#3610 = ORIENTED_EDGE('',*,*,#3432,.T.);
#3611 = ORIENTED_EDGE('',*,*,#3612,.T.);
#3612 = EDGE_CURVE('',#3433,#3563,#3613,.T.);
#3613 = SURFACE_CURVE('',#3614,(#3618,#3625),.PCURVE_S1.);
#3614 = LINE('',#3615,#3616);
#3615 = CARTESIAN_POINT('',(23.431950552198,-0.384447568756,
    0.582223784378));
#3616 = VECTOR('',#3617,1.);
#3617 = DIRECTION('',(-0.57735026919,0.57735026919,0.57735026919));
#3618 = PCURVE('',#3341,#3619);
#3619 = DEFINITIONAL_REPRESENTATION('',(#3620),#3624);
#3620 = LINE('',#3621,#3622);
#3621 = CARTESIAN_POINT('',(1.02111892189,0.271845482878));
#3622 = VECTOR('',#3623,1.);
#3623 = DIRECTION('',(-0.57735026919,0.816496580928));
#3624 = ( GEOMETRIC_REPRESENTATION_CONTEXT(2) 
PARAMETRIC_REPRESENTATION_CONTEXT() REPRESENTATION_CONTEXT('2D SPACE',''
  ) );
#3625 = PCURVE('',#3495,#3626);
#3626 = DEFINITIONAL_REPRESENTATION('',(#3627),#3631);
#3627 = LINE('',#3628,#3629);
#3628 = CARTESIAN_POINT('',(0.252223784378,0.271845482878));
#3629 = VECTOR('',#3630,1.);
#3630 = DIRECTION('',(0.57735026919,0.816496580928));
#3631 = ( GEOMETRIC_REPRESENTATION_CONTEXT(2) 
PARAMETRIC_REPRESENTATION_CONTEXT() REPRESENTATION_CONTEXT('2D SPACE',''
  ) );
#3632 = ORIENTED_EDGE('',*,*,#3562,.F.);
#3633 = ADVANCED_FACE('',(#3634),#3495,.F.);
#3634 = FACE_BOUND('',#3635,.F.);
#3635 = EDGE_LOOP('',(#3636,#3637,#3638,#3639));
#3636 = ORIENTED_EDGE('',*,*,#3612,.F.);
#3637 = ORIENTED_EDGE('',*,*,#3481,.T.);
#3638 = ORIENTED_EDGE('',*,*,#3512,.T.);
#3639 = ORIENTED_EDGE('',*,*,#3585,.F.);
#3640 = MANIFOLD_SOLID_BREP('',#3641);
#3641 = CLOSED_SHELL('',(#3642,#3762,#3843,#3924,#3973,#4022,#4054,#4103
    ,#4152,#4179));
#3642 = ADVANCED_FACE('',(#3643),#3657,.T.);
#3643 = FACE_BOUND('',#3644,.T.);
#3644 = EDGE_LOOP('',(#3645,#3680,#3708,#3736));
#3645 = ORIENTED_EDGE('',*,*,#3646,.T.);
#3646 = EDGE_CURVE('',#3647,#3649,#3651,.T.);
#3647 = VERTEX_POINT('',#3648);
#3648 = CARTESIAN_POINT('',(18.403388630728,-9.890036625718,0.));
#3649 = VERTEX_POINT('',#3650);
#3650 = CARTESIAN_POINT('',(18.403388630728,-9.890036625718,0.33));
#3651 = SURFACE_CURVE('',#3652,(#3656,#3668),.PCURVE_S1.);
#3652 = LINE('',#3653,#3654);
#3653 = CARTESIAN_POINT('',(18.403388630728,-9.890036625718,0.));
#3654 = VECTOR('',#3655,1.);
#3655 = DIRECTION('',(0.,-0.,1.));
#3656 = PCURVE('',#3657,#3662);
#3657 = PLANE('',#3658);
#3658 = AXIS2_PLACEMENT_3D('',#3659,#3660,#3661);
#3659 = CARTESIAN_POINT('',(18.403388630728,-9.890036625718,0.));
#3660 = DIRECTION('',(0.5,0.866025403784,0.));
#3661 = DIRECTION('',(0.866025403784,-0.5,0.));
#3662 = DEFINITIONAL_REPRESENTATION('',(#3663),#3667);
#3663 = LINE('',#3664,#3665);
#3664 = CARTESIAN_POINT('',(0.,0.));
#3665 = VECTOR('',#3666,1.);
#3666 = DIRECTION('',(0.,-1.));
#3667 = ( GEOMETRIC_REPRESENTATION_CONTEXT(2) 
PARAMETRIC_REPRESENTATION_CONTEXT() REPRESENTATION_CONTEXT('2D SPACE',''
  ) );
#3668 = PCURVE('',#3669,#3674);
#3669 = PLANE('',#3670);
#3670 = AXIS2_PLACEMENT_3D('',#3671,#3672,#3673);
#3671 = CARTESIAN_POINT('',(17.766717277594,-10.99278375706,0.));
#3672 = DIRECTION('',(-0.866025403784,0.5,0.));
#3673 = DIRECTION('',(0.5,0.866025403784,0.));
#3674 = DEFINITIONAL_REPRESENTATION('',(#3675),#3679);
#3675 = LINE('',#3676,#3677);
#3676 = CARTESIAN_POINT('',(1.273342706268,0.));
#3677 = VECTOR('',#3678,1.);
#3678 = DIRECTION('',(0.,-1.));
#3679 = ( GEOMETRIC_REPRESENTATION_CONTEXT(2) 
PARAMETRIC_REPRESENTATION_CONTEXT() REPRESENTATION_CONTEXT('2D SPACE',''
  ) );
#3680 = ORIENTED_EDGE('',*,*,#3681,.T.);
#3681 = EDGE_CURVE('',#3649,#3682,#3684,.T.);
#3682 = VERTEX_POINT('',#3683);
#3683 = CARTESIAN_POINT('',(20.829432319701,-11.29071360261,0.33));
#3684 = SURFACE_CURVE('',#3685,(#3689,#3696),.PCURVE_S1.);
#3685 = LINE('',#3686,#3687);
#3686 = CARTESIAN_POINT('',(18.403388630728,-9.890036625718,0.33));
#3687 = VECTOR('',#3688,1.);
#3688 = DIRECTION('',(0.866025403784,-0.5,0.));
#3689 = PCURVE('',#3657,#3690);
#3690 = DEFINITIONAL_REPRESENTATION('',(#3691),#3695);
#3691 = LINE('',#3692,#3693);
#3692 = CARTESIAN_POINT('',(0.,-0.33));
#3693 = VECTOR('',#3694,1.);
#3694 = DIRECTION('',(1.,0.));
#3695 = ( GEOMETRIC_REPRESENTATION_CONTEXT(2) 
PARAMETRIC_REPRESENTATION_CONTEXT() REPRESENTATION_CONTEXT('2D SPACE',''
  ) );
#3696 = PCURVE('',#3697,#3702);
#3697 = PLANE('',#3698);
#3698 = AXIS2_PLACEMENT_3D('',#3699,#3700,#3701);
#3699 = CARTESIAN_POINT('',(18.373388630728,-9.941998149945,0.39));
#3700 = DIRECTION('',(-0.353553390593,-0.612372435696,-0.707106781187));
#3701 = DIRECTION('',(0.866025403784,-0.5,0.));
#3702 = DEFINITIONAL_REPRESENTATION('',(#3703),#3707);
#3703 = LINE('',#3704,#3705);
#3704 = CARTESIAN_POINT('',(-3.552713678801E-15,-8.485281374239E-02));
#3705 = VECTOR('',#3706,1.);
#3706 = DIRECTION('',(1.,0.));
#3707 = ( GEOMETRIC_REPRESENTATION_CONTEXT(2) 
PARAMETRIC_REPRESENTATION_CONTEXT() REPRESENTATION_CONTEXT('2D SPACE',''
  ) );
#3708 = ORIENTED_EDGE('',*,*,#3709,.F.);
#3709 = EDGE_CURVE('',#3710,#3682,#3712,.T.);
#3710 = VERTEX_POINT('',#3711);
#3711 = CARTESIAN_POINT('',(20.829432319701,-11.29071360261,0.));
#3712 = SURFACE_CURVE('',#3713,(#3717,#3724),.PCURVE_S1.);
#3713 = LINE('',#3714,#3715);
#3714 = CARTESIAN_POINT('',(20.829432319701,-11.29071360261,0.));
#3715 = VECTOR('',#3716,1.);
#3716 = DIRECTION('',(0.,-0.,1.));
#3717 = PCURVE('',#3657,#3718);
#3718 = DEFINITIONAL_REPRESENTATION('',(#3719),#3723);
#3719 = LINE('',#3720,#3721);
#3720 = CARTESIAN_POINT('',(2.801353953789,0.));
#3721 = VECTOR('',#3722,1.);
#3722 = DIRECTION('',(0.,-1.));
#3723 = ( GEOMETRIC_REPRESENTATION_CONTEXT(2) 
PARAMETRIC_REPRESENTATION_CONTEXT() REPRESENTATION_CONTEXT('2D SPACE',''
  ) );
#3724 = PCURVE('',#3725,#3730);
#3725 = PLANE('',#3726);
#3726 = AXIS2_PLACEMENT_3D('',#3727,#3728,#3729);
#3727 = CARTESIAN_POINT('',(20.829432319701,-11.29071360261,0.));
#3728 = DIRECTION('',(0.866025403784,-0.5,-0.));
#3729 = DIRECTION('',(-0.5,-0.866025403784,0.));
#3730 = DEFINITIONAL_REPRESENTATION('',(#3731),#3735);
#3731 = LINE('',#3732,#3733);
#3732 = CARTESIAN_POINT('',(0.,0.));
#3733 = VECTOR('',#3734,1.);
#3734 = DIRECTION('',(0.,-1.));
#3735 = ( GEOMETRIC_REPRESENTATION_CONTEXT(2) 
PARAMETRIC_REPRESENTATION_CONTEXT() REPRESENTATION_CONTEXT('2D SPACE',''
  ) );
#3736 = ORIENTED_EDGE('',*,*,#3737,.F.);
#3737 = EDGE_CURVE('',#3647,#3710,#3738,.T.);
#3738 = SURFACE_CURVE('',#3739,(#3743,#3750),.PCURVE_S1.);
#3739 = LINE('',#3740,#3741);
#3740 = CARTESIAN_POINT('',(18.403388630728,-9.890036625718,0.));
#3741 = VECTOR('',#3742,1.);
#3742 = DIRECTION('',(0.866025403784,-0.5,0.));
#3743 = PCURVE('',#3657,#3744);
#3744 = DEFINITIONAL_REPRESENTATION('',(#3745),#3749);
#3745 = LINE('',#3746,#3747);
#3746 = CARTESIAN_POINT('',(0.,0.));
#3747 = VECTOR('',#3748,1.);
#3748 = DIRECTION('',(1.,0.));
#3749 = ( GEOMETRIC_REPRESENTATION_CONTEXT(2) 
PARAMETRIC_REPRESENTATION_CONTEXT() REPRESENTATION_CONTEXT('2D SPACE',''
  ) );
#3750 = PCURVE('',#3751,#3756);
#3751 = PLANE('',#3752);
#3752 = AXIS2_PLACEMENT_3D('',#3753,#3754,#3755);
#3753 = CARTESIAN_POINT('',(19.298074798648,-11.14174867984,0.));
#3754 = DIRECTION('',(-0.,-0.,-1.));
#3755 = DIRECTION('',(-1.,0.,0.));
#3756 = DEFINITIONAL_REPRESENTATION('',(#3757),#3761);
#3757 = LINE('',#3758,#3759);
#3758 = CARTESIAN_POINT('',(0.89468616792,1.251712054123));
#3759 = VECTOR('',#3760,1.);
#3760 = DIRECTION('',(-0.866025403784,-0.5));
#3761 = ( GEOMETRIC_REPRESENTATION_CONTEXT(2) 
PARAMETRIC_REPRESENTATION_CONTEXT() REPRESENTATION_CONTEXT('2D SPACE',''
  ) );
#3762 = ADVANCED_FACE('',(#3763),#3669,.T.);
#3763 = FACE_BOUND('',#3764,.T.);
#3764 = EDGE_LOOP('',(#3765,#3795,#3821,#3822));
#3765 = ORIENTED_EDGE('',*,*,#3766,.T.);
#3766 = EDGE_CURVE('',#3767,#3769,#3771,.T.);
#3767 = VERTEX_POINT('',#3768);
#3768 = CARTESIAN_POINT('',(17.766717277594,-10.99278375706,0.));
#3769 = VERTEX_POINT('',#3770);
#3770 = CARTESIAN_POINT('',(17.766717277594,-10.99278375706,0.33));
#3771 = SURFACE_CURVE('',#3772,(#3776,#3783),.PCURVE_S1.);
#3772 = LINE('',#3773,#3774);
#3773 = CARTESIAN_POINT('',(17.766717277594,-10.99278375706,0.));
#3774 = VECTOR('',#3775,1.);
#3775 = DIRECTION('',(0.,-0.,1.));
#3776 = PCURVE('',#3669,#3777);
#3777 = DEFINITIONAL_REPRESENTATION('',(#3778),#3782);
#3778 = LINE('',#3779,#3780);
#3779 = CARTESIAN_POINT('',(0.,0.));
#3780 = VECTOR('',#3781,1.);
#3781 = DIRECTION('',(0.,-1.));
#3782 = ( GEOMETRIC_REPRESENTATION_CONTEXT(2) 
PARAMETRIC_REPRESENTATION_CONTEXT() REPRESENTATION_CONTEXT('2D SPACE',''
  ) );
#3783 = PCURVE('',#3784,#3789);
#3784 = PLANE('',#3785);
#3785 = AXIS2_PLACEMENT_3D('',#3786,#3787,#3788);
#3786 = CARTESIAN_POINT('',(20.192760966567,-12.39346073396,0.));
#3787 = DIRECTION('',(-0.5,-0.866025403784,0.));
#3788 = DIRECTION('',(-0.866025403784,0.5,0.));
#3789 = DEFINITIONAL_REPRESENTATION('',(#3790),#3794);
#3790 = LINE('',#3791,#3792);
#3791 = CARTESIAN_POINT('',(2.801353953789,0.));
#3792 = VECTOR('',#3793,1.);
#3793 = DIRECTION('',(0.,-1.));
#3794 = ( GEOMETRIC_REPRESENTATION_CONTEXT(2) 
PARAMETRIC_REPRESENTATION_CONTEXT() REPRESENTATION_CONTEXT('2D SPACE',''
  ) );
#3795 = ORIENTED_EDGE('',*,*,#3796,.T.);
#3796 = EDGE_CURVE('',#3769,#3649,#3797,.T.);
#3797 = SURFACE_CURVE('',#3798,(#3802,#3809),.PCURVE_S1.);
#3798 = LINE('',#3799,#3800);
#3799 = CARTESIAN_POINT('',(17.766717277594,-10.99278375706,0.33));
#3800 = VECTOR('',#3801,1.);
#3801 = DIRECTION('',(0.5,0.866025403784,0.));
#3802 = PCURVE('',#3669,#3803);
#3803 = DEFINITIONAL_REPRESENTATION('',(#3804),#3808);
#3804 = LINE('',#3805,#3806);
#3805 = CARTESIAN_POINT('',(0.,-0.33));
#3806 = VECTOR('',#3807,1.);
#3807 = DIRECTION('',(1.,0.));
#3808 = ( GEOMETRIC_REPRESENTATION_CONTEXT(2) 
PARAMETRIC_REPRESENTATION_CONTEXT() REPRESENTATION_CONTEXT('2D SPACE',''
  ) );
#3809 = PCURVE('',#3810,#3815);
#3810 = PLANE('',#3811);
#3811 = AXIS2_PLACEMENT_3D('',#3812,#3813,#3814);
#3812 = CARTESIAN_POINT('',(17.818678801821,-11.02278375706,0.39));
#3813 = DIRECTION('',(0.612372435696,-0.353553390593,-0.707106781187));
#3814 = DIRECTION('',(0.5,0.866025403784,-2.775557561563E-17));
#3815 = DEFINITIONAL_REPRESENTATION('',(#3816),#3820);
#3816 = LINE('',#3817,#3818);
#3817 = CARTESIAN_POINT('',(1.7763568394E-15,-8.485281374239E-02));
#3818 = VECTOR('',#3819,1.);
#3819 = DIRECTION('',(1.,0.));
#3820 = ( GEOMETRIC_REPRESENTATION_CONTEXT(2) 
PARAMETRIC_REPRESENTATION_CONTEXT() REPRESENTATION_CONTEXT('2D SPACE',''
  ) );
#3821 = ORIENTED_EDGE('',*,*,#3646,.F.);
#3822 = ORIENTED_EDGE('',*,*,#3823,.F.);
#3823 = EDGE_CURVE('',#3767,#3647,#3824,.T.);
#3824 = SURFACE_CURVE('',#3825,(#3829,#3836),.PCURVE_S1.);
#3825 = LINE('',#3826,#3827);
#3826 = CARTESIAN_POINT('',(17.766717277594,-10.99278375706,0.));
#3827 = VECTOR('',#3828,1.);
#3828 = DIRECTION('',(0.5,0.866025403784,0.));
#3829 = PCURVE('',#3669,#3830);
#3830 = DEFINITIONAL_REPRESENTATION('',(#3831),#3835);
#3831 = LINE('',#3832,#3833);
#3832 = CARTESIAN_POINT('',(0.,0.));
#3833 = VECTOR('',#3834,1.);
#3834 = DIRECTION('',(1.,0.));
#3835 = ( GEOMETRIC_REPRESENTATION_CONTEXT(2) 
PARAMETRIC_REPRESENTATION_CONTEXT() REPRESENTATION_CONTEXT('2D SPACE',''
  ) );
#3836 = PCURVE('',#3751,#3837);
#3837 = DEFINITIONAL_REPRESENTATION('',(#3838),#3842);
#3838 = LINE('',#3839,#3840);
#3839 = CARTESIAN_POINT('',(1.531357521053,0.148964922771));
#3840 = VECTOR('',#3841,1.);
#3841 = DIRECTION('',(-0.5,0.866025403784));
#3842 = ( GEOMETRIC_REPRESENTATION_CONTEXT(2) 
PARAMETRIC_REPRESENTATION_CONTEXT() REPRESENTATION_CONTEXT('2D SPACE',''
  ) );
#3843 = ADVANCED_FACE('',(#3844),#3697,.F.);
#3844 = FACE_BOUND('',#3845,.F.);
#3845 = EDGE_LOOP('',(#3846,#3869,#3870,#3898));
#3846 = ORIENTED_EDGE('',*,*,#3847,.F.);
#3847 = EDGE_CURVE('',#3649,#3848,#3850,.T.);
#3848 = VERTEX_POINT('',#3849);
#3849 = CARTESIAN_POINT('',(18.447311679182,-10.05395967417,0.45));
#3850 = SURFACE_CURVE('',#3851,(#3855,#3862),.PCURVE_S1.);
#3851 = LINE('',#3852,#3853);
#3852 = CARTESIAN_POINT('',(18.495708943249,-10.23458072261,
    0.582223784378));
#3853 = VECTOR('',#3854,1.);
#3854 = DIRECTION('',(0.211324865405,-0.788675134595,0.57735026919));
#3855 = PCURVE('',#3697,#3856);
#3856 = DEFINITIONAL_REPRESENTATION('',(#3857),#3861);
#3857 = LINE('',#3858,#3859);
#3858 = CARTESIAN_POINT('',(0.252223784378,0.271845482878));
#3859 = VECTOR('',#3860,1.);
#3860 = DIRECTION('',(0.57735026919,0.816496580928));
#3861 = ( GEOMETRIC_REPRESENTATION_CONTEXT(2) 
PARAMETRIC_REPRESENTATION_CONTEXT() REPRESENTATION_CONTEXT('2D SPACE',''
  ) );
#3862 = PCURVE('',#3810,#3863);
#3863 = DEFINITIONAL_REPRESENTATION('',(#3864),#3868);
#3864 = LINE('',#3865,#3866);
#3865 = CARTESIAN_POINT('',(1.02111892189,0.271845482878));
#3866 = VECTOR('',#3867,1.);
#3867 = DIRECTION('',(-0.57735026919,0.816496580928));
#3868 = ( GEOMETRIC_REPRESENTATION_CONTEXT(2) 
PARAMETRIC_REPRESENTATION_CONTEXT() REPRESENTATION_CONTEXT('2D SPACE',''
  ) );
#3869 = ORIENTED_EDGE('',*,*,#3681,.T.);
#3870 = ORIENTED_EDGE('',*,*,#3871,.T.);
#3871 = EDGE_CURVE('',#3682,#3872,#3874,.T.);
#3872 = VERTEX_POINT('',#3873);
#3873 = CARTESIAN_POINT('',(20.665509271247,-11.33463665106,0.45));
#3874 = SURFACE_CURVE('',#3875,(#3879,#3886),.PCURVE_S1.);
#3875 = LINE('',#3876,#3877);
#3876 = CARTESIAN_POINT('',(20.137004525905,-11.47624907077,
    0.836892325631));
#3877 = VECTOR('',#3878,1.);
#3878 = DIRECTION('',(-0.788675134595,-0.211324865405,0.57735026919));
#3879 = PCURVE('',#3697,#3880);
#3880 = DEFINITIONAL_REPRESENTATION('',(#3881),#3885);
#3881 = LINE('',#3882,#3883);
#3882 = CARTESIAN_POINT('',(2.294461628157,0.632001187828));
#3883 = VECTOR('',#3884,1.);
#3884 = DIRECTION('',(-0.57735026919,0.816496580928));
#3885 = ( GEOMETRIC_REPRESENTATION_CONTEXT(2) 
PARAMETRIC_REPRESENTATION_CONTEXT() REPRESENTATION_CONTEXT('2D SPACE',''
  ) );
#3886 = PCURVE('',#3887,#3892);
#3887 = PLANE('',#3888);
#3888 = AXIS2_PLACEMENT_3D('',#3889,#3890,#3891);
#3889 = CARTESIAN_POINT('',(20.777470795474,-11.26071360261,0.39));
#3890 = DIRECTION('',(-0.612372435696,0.353553390593,-0.707106781187));
#3891 = DIRECTION('',(-0.5,-0.866025403784,0.));
#3892 = DEFINITIONAL_REPRESENTATION('',(#3893),#3897);
#3893 = LINE('',#3894,#3895);
#3894 = CARTESIAN_POINT('',(0.506892325631,0.632001187828));
#3895 = VECTOR('',#3896,1.);
#3896 = DIRECTION('',(0.57735026919,0.816496580928));
#3897 = ( GEOMETRIC_REPRESENTATION_CONTEXT(2) 
PARAMETRIC_REPRESENTATION_CONTEXT() REPRESENTATION_CONTEXT('2D SPACE',''
  ) );
#3898 = ORIENTED_EDGE('',*,*,#3899,.F.);
#3899 = EDGE_CURVE('',#3848,#3872,#3900,.T.);
#3900 = SURFACE_CURVE('',#3901,(#3905,#3912),.PCURVE_S1.);
#3901 = LINE('',#3902,#3903);
#3902 = CARTESIAN_POINT('',(18.343388630728,-9.993959674172,0.45));
#3903 = VECTOR('',#3904,1.);
#3904 = DIRECTION('',(0.866025403784,-0.5,0.));
#3905 = PCURVE('',#3697,#3906);
#3906 = DEFINITIONAL_REPRESENTATION('',(#3907),#3911);
#3907 = LINE('',#3908,#3909);
#3908 = CARTESIAN_POINT('',(0.,8.485281374239E-02));
#3909 = VECTOR('',#3910,1.);
#3910 = DIRECTION('',(1.,0.));
#3911 = ( GEOMETRIC_REPRESENTATION_CONTEXT(2) 
PARAMETRIC_REPRESENTATION_CONTEXT() REPRESENTATION_CONTEXT('2D SPACE',''
  ) );
#3912 = PCURVE('',#3913,#3918);
#3913 = PLANE('',#3914);
#3914 = AXIS2_PLACEMENT_3D('',#3915,#3916,#3917);
#3915 = CARTESIAN_POINT('',(19.298074798648,-11.14174867984,0.45));
#3916 = DIRECTION('',(-0.,-0.,-1.));
#3917 = DIRECTION('',(-1.,0.,0.));
#3918 = DEFINITIONAL_REPRESENTATION('',(#3919),#3923);
#3919 = LINE('',#3920,#3921);
#3920 = CARTESIAN_POINT('',(0.95468616792,1.147789005669));
#3921 = VECTOR('',#3922,1.);
#3922 = DIRECTION('',(-0.866025403784,-0.5));
#3923 = ( GEOMETRIC_REPRESENTATION_CONTEXT(2) 
PARAMETRIC_REPRESENTATION_CONTEXT() REPRESENTATION_CONTEXT('2D SPACE',''
  ) );
#3924 = ADVANCED_FACE('',(#3925),#3751,.T.);
#3925 = FACE_BOUND('',#3926,.T.);
#3926 = EDGE_LOOP('',(#3927,#3928,#3951,#3972));
#3927 = ORIENTED_EDGE('',*,*,#3737,.T.);
#3928 = ORIENTED_EDGE('',*,*,#3929,.T.);
#3929 = EDGE_CURVE('',#3710,#3930,#3932,.T.);
#3930 = VERTEX_POINT('',#3931);
#3931 = CARTESIAN_POINT('',(20.192760966567,-12.39346073396,0.));
#3932 = SURFACE_CURVE('',#3933,(#3937,#3944),.PCURVE_S1.);
#3933 = LINE('',#3934,#3935);
#3934 = CARTESIAN_POINT('',(20.829432319701,-11.29071360261,0.));
#3935 = VECTOR('',#3936,1.);
#3936 = DIRECTION('',(-0.5,-0.866025403784,0.));
#3937 = PCURVE('',#3751,#3938);
#3938 = DEFINITIONAL_REPRESENTATION('',(#3939),#3943);
#3939 = LINE('',#3940,#3941);
#3940 = CARTESIAN_POINT('',(-1.531357521053,-0.148964922771));
#3941 = VECTOR('',#3942,1.);
#3942 = DIRECTION('',(0.5,-0.866025403784));
#3943 = ( GEOMETRIC_REPRESENTATION_CONTEXT(2) 
PARAMETRIC_REPRESENTATION_CONTEXT() REPRESENTATION_CONTEXT('2D SPACE',''
  ) );
#3944 = PCURVE('',#3725,#3945);
#3945 = DEFINITIONAL_REPRESENTATION('',(#3946),#3950);
#3946 = LINE('',#3947,#3948);
#3947 = CARTESIAN_POINT('',(0.,0.));
#3948 = VECTOR('',#3949,1.);
#3949 = DIRECTION('',(1.,0.));
#3950 = ( GEOMETRIC_REPRESENTATION_CONTEXT(2) 
PARAMETRIC_REPRESENTATION_CONTEXT() REPRESENTATION_CONTEXT('2D SPACE',''
  ) );
#3951 = ORIENTED_EDGE('',*,*,#3952,.T.);
#3952 = EDGE_CURVE('',#3930,#3767,#3953,.T.);
#3953 = SURFACE_CURVE('',#3954,(#3958,#3965),.PCURVE_S1.);
#3954 = LINE('',#3955,#3956);
#3955 = CARTESIAN_POINT('',(20.192760966567,-12.39346073396,0.));
#3956 = VECTOR('',#3957,1.);
#3957 = DIRECTION('',(-0.866025403784,0.5,0.));
#3958 = PCURVE('',#3751,#3959);
#3959 = DEFINITIONAL_REPRESENTATION('',(#3960),#3964);
#3960 = LINE('',#3961,#3962);
#3961 = CARTESIAN_POINT('',(-0.89468616792,-1.251712054123));
#3962 = VECTOR('',#3963,1.);
#3963 = DIRECTION('',(0.866025403784,0.5));
#3964 = ( GEOMETRIC_REPRESENTATION_CONTEXT(2) 
PARAMETRIC_REPRESENTATION_CONTEXT() REPRESENTATION_CONTEXT('2D SPACE',''
  ) );
#3965 = PCURVE('',#3784,#3966);
#3966 = DEFINITIONAL_REPRESENTATION('',(#3967),#3971);
#3967 = LINE('',#3968,#3969);
#3968 = CARTESIAN_POINT('',(0.,0.));
#3969 = VECTOR('',#3970,1.);
#3970 = DIRECTION('',(1.,0.));
#3971 = ( GEOMETRIC_REPRESENTATION_CONTEXT(2) 
PARAMETRIC_REPRESENTATION_CONTEXT() REPRESENTATION_CONTEXT('2D SPACE',''
  ) );
#3972 = ORIENTED_EDGE('',*,*,#3823,.T.);
#3973 = ADVANCED_FACE('',(#3974),#3725,.T.);
#3974 = FACE_BOUND('',#3975,.T.);
#3975 = EDGE_LOOP('',(#3976,#3977,#4000,#4021));
#3976 = ORIENTED_EDGE('',*,*,#3709,.T.);
#3977 = ORIENTED_EDGE('',*,*,#3978,.T.);
#3978 = EDGE_CURVE('',#3682,#3979,#3981,.T.);
#3979 = VERTEX_POINT('',#3980);
#3980 = CARTESIAN_POINT('',(20.192760966567,-12.39346073396,0.33));
#3981 = SURFACE_CURVE('',#3982,(#3986,#3993),.PCURVE_S1.);
#3982 = LINE('',#3983,#3984);
#3983 = CARTESIAN_POINT('',(20.829432319701,-11.29071360261,0.33));
#3984 = VECTOR('',#3985,1.);
#3985 = DIRECTION('',(-0.5,-0.866025403784,0.));
#3986 = PCURVE('',#3725,#3987);
#3987 = DEFINITIONAL_REPRESENTATION('',(#3988),#3992);
#3988 = LINE('',#3989,#3990);
#3989 = CARTESIAN_POINT('',(0.,-0.33));
#3990 = VECTOR('',#3991,1.);
#3991 = DIRECTION('',(1.,0.));
#3992 = ( GEOMETRIC_REPRESENTATION_CONTEXT(2) 
PARAMETRIC_REPRESENTATION_CONTEXT() REPRESENTATION_CONTEXT('2D SPACE',''
  ) );
#3993 = PCURVE('',#3887,#3994);
#3994 = DEFINITIONAL_REPRESENTATION('',(#3995),#3999);
#3995 = LINE('',#3996,#3997);
#3996 = CARTESIAN_POINT('',(0.,-8.485281374239E-02));
#3997 = VECTOR('',#3998,1.);
#3998 = DIRECTION('',(1.,0.));
#3999 = ( GEOMETRIC_REPRESENTATION_CONTEXT(2) 
PARAMETRIC_REPRESENTATION_CONTEXT() REPRESENTATION_CONTEXT('2D SPACE',''
  ) );
#4000 = ORIENTED_EDGE('',*,*,#4001,.F.);
#4001 = EDGE_CURVE('',#3930,#3979,#4002,.T.);
#4002 = SURFACE_CURVE('',#4003,(#4007,#4014),.PCURVE_S1.);
#4003 = LINE('',#4004,#4005);
#4004 = CARTESIAN_POINT('',(20.192760966567,-12.39346073396,0.));
#4005 = VECTOR('',#4006,1.);
#4006 = DIRECTION('',(0.,-0.,1.));
#4007 = PCURVE('',#3725,#4008);
#4008 = DEFINITIONAL_REPRESENTATION('',(#4009),#4013);
#4009 = LINE('',#4010,#4011);
#4010 = CARTESIAN_POINT('',(1.273342706268,0.));
#4011 = VECTOR('',#4012,1.);
#4012 = DIRECTION('',(0.,-1.));
#4013 = ( GEOMETRIC_REPRESENTATION_CONTEXT(2) 
PARAMETRIC_REPRESENTATION_CONTEXT() REPRESENTATION_CONTEXT('2D SPACE',''
  ) );
#4014 = PCURVE('',#3784,#4015);
#4015 = DEFINITIONAL_REPRESENTATION('',(#4016),#4020);
#4016 = LINE('',#4017,#4018);
#4017 = CARTESIAN_POINT('',(0.,0.));
#4018 = VECTOR('',#4019,1.);
#4019 = DIRECTION('',(0.,-1.));
#4020 = ( GEOMETRIC_REPRESENTATION_CONTEXT(2) 
PARAMETRIC_REPRESENTATION_CONTEXT() REPRESENTATION_CONTEXT('2D SPACE',''
  ) );
#4021 = ORIENTED_EDGE('',*,*,#3929,.F.);
#4022 = ADVANCED_FACE('',(#4023),#3784,.T.);
#4023 = FACE_BOUND('',#4024,.T.);
#4024 = EDGE_LOOP('',(#4025,#4026,#4052,#4053));
#4025 = ORIENTED_EDGE('',*,*,#4001,.T.);
#4026 = ORIENTED_EDGE('',*,*,#4027,.T.);
#4027 = EDGE_CURVE('',#3979,#3769,#4028,.T.);
#4028 = SURFACE_CURVE('',#4029,(#4033,#4040),.PCURVE_S1.);
#4029 = LINE('',#4030,#4031);
#4030 = CARTESIAN_POINT('',(20.192760966567,-12.39346073396,0.33));
#4031 = VECTOR('',#4032,1.);
#4032 = DIRECTION('',(-0.866025403784,0.5,0.));
#4033 = PCURVE('',#3784,#4034);
#4034 = DEFINITIONAL_REPRESENTATION('',(#4035),#4039);
#4035 = LINE('',#4036,#4037);
#4036 = CARTESIAN_POINT('',(0.,-0.33));
#4037 = VECTOR('',#4038,1.);
#4038 = DIRECTION('',(1.,0.));
#4039 = ( GEOMETRIC_REPRESENTATION_CONTEXT(2) 
PARAMETRIC_REPRESENTATION_CONTEXT() REPRESENTATION_CONTEXT('2D SPACE',''
  ) );
#4040 = PCURVE('',#4041,#4046);
#4041 = PLANE('',#4042);
#4042 = AXIS2_PLACEMENT_3D('',#4043,#4044,#4045);
#4043 = CARTESIAN_POINT('',(20.222760966567,-12.34149920973,0.39));
#4044 = DIRECTION('',(0.353553390593,0.612372435696,-0.707106781187));
#4045 = DIRECTION('',(-0.866025403784,0.5,-2.775557561563E-17));
#4046 = DEFINITIONAL_REPRESENTATION('',(#4047),#4051);
#4047 = LINE('',#4048,#4049);
#4048 = CARTESIAN_POINT('',(7.105427357601E-15,-8.485281374239E-02));
#4049 = VECTOR('',#4050,1.);
#4050 = DIRECTION('',(1.,0.));
#4051 = ( GEOMETRIC_REPRESENTATION_CONTEXT(2) 
PARAMETRIC_REPRESENTATION_CONTEXT() REPRESENTATION_CONTEXT('2D SPACE',''
  ) );
#4052 = ORIENTED_EDGE('',*,*,#3766,.F.);
#4053 = ORIENTED_EDGE('',*,*,#3952,.F.);
#4054 = ADVANCED_FACE('',(#4055),#3810,.F.);
#4055 = FACE_BOUND('',#4056,.F.);
#4056 = EDGE_LOOP('',(#4057,#4080,#4081,#4082));
#4057 = ORIENTED_EDGE('',*,*,#4058,.F.);
#4058 = EDGE_CURVE('',#3769,#4059,#4061,.T.);
#4059 = VERTEX_POINT('',#4060);
#4060 = CARTESIAN_POINT('',(17.930640326048,-10.94886070861,0.45));
#4061 = SURFACE_CURVE('',#4062,(#4066,#4073),.PCURVE_S1.);
#4062 = LINE('',#4063,#4064);
#4063 = CARTESIAN_POINT('',(18.45914507139,-10.8072482889,0.836892325631
    ));
#4064 = VECTOR('',#4065,1.);
#4065 = DIRECTION('',(0.788675134595,0.211324865405,0.57735026919));
#4066 = PCURVE('',#3810,#4067);
#4067 = DEFINITIONAL_REPRESENTATION('',(#4068),#4072);
#4068 = LINE('',#4069,#4070);
#4069 = CARTESIAN_POINT('',(0.506892325631,0.632001187828));
#4070 = VECTOR('',#4071,1.);
#4071 = DIRECTION('',(0.57735026919,0.816496580928));
#4072 = ( GEOMETRIC_REPRESENTATION_CONTEXT(2) 
PARAMETRIC_REPRESENTATION_CONTEXT() REPRESENTATION_CONTEXT('2D SPACE',''
  ) );
#4073 = PCURVE('',#4041,#4074);
#4074 = DEFINITIONAL_REPRESENTATION('',(#4075),#4079);
#4075 = LINE('',#4076,#4077);
#4076 = CARTESIAN_POINT('',(2.294461628157,0.632001187828));
#4077 = VECTOR('',#4078,1.);
#4078 = DIRECTION('',(-0.57735026919,0.816496580928));
#4079 = ( GEOMETRIC_REPRESENTATION_CONTEXT(2) 
PARAMETRIC_REPRESENTATION_CONTEXT() REPRESENTATION_CONTEXT('2D SPACE',''
  ) );
#4080 = ORIENTED_EDGE('',*,*,#3796,.T.);
#4081 = ORIENTED_EDGE('',*,*,#3847,.T.);
#4082 = ORIENTED_EDGE('',*,*,#4083,.F.);
#4083 = EDGE_CURVE('',#4059,#3848,#4084,.T.);
#4084 = SURFACE_CURVE('',#4085,(#4089,#4096),.PCURVE_S1.);
#4085 = LINE('',#4086,#4087);
#4086 = CARTESIAN_POINT('',(17.870640326048,-11.05278375706,0.45));
#4087 = VECTOR('',#4088,1.);
#4088 = DIRECTION('',(0.5,0.866025403784,0.));
#4089 = PCURVE('',#3810,#4090);
#4090 = DEFINITIONAL_REPRESENTATION('',(#4091),#4095);
#4091 = LINE('',#4092,#4093);
#4092 = CARTESIAN_POINT('',(0.,8.485281374239E-02));
#4093 = VECTOR('',#4094,1.);
#4094 = DIRECTION('',(1.,0.));
#4095 = ( GEOMETRIC_REPRESENTATION_CONTEXT(2) 
PARAMETRIC_REPRESENTATION_CONTEXT() REPRESENTATION_CONTEXT('2D SPACE',''
  ) );
#4096 = PCURVE('',#3913,#4097);
#4097 = DEFINITIONAL_REPRESENTATION('',(#4098),#4102);
#4098 = LINE('',#4099,#4100);
#4099 = CARTESIAN_POINT('',(1.427434472599,8.896492277148E-02));
#4100 = VECTOR('',#4101,1.);
#4101 = DIRECTION('',(-0.5,0.866025403784));
#4102 = ( GEOMETRIC_REPRESENTATION_CONTEXT(2) 
PARAMETRIC_REPRESENTATION_CONTEXT() REPRESENTATION_CONTEXT('2D SPACE',''
  ) );
#4103 = ADVANCED_FACE('',(#4104),#3913,.F.);
#4104 = FACE_BOUND('',#4105,.F.);
#4105 = EDGE_LOOP('',(#4106,#4107,#4130,#4151));
#4106 = ORIENTED_EDGE('',*,*,#3899,.T.);
#4107 = ORIENTED_EDGE('',*,*,#4108,.T.);
#4108 = EDGE_CURVE('',#3872,#4109,#4111,.T.);
#4109 = VERTEX_POINT('',#4110);
#4110 = CARTESIAN_POINT('',(20.148837918113,-12.2295376855,0.45));
#4111 = SURFACE_CURVE('',#4112,(#4116,#4123),.PCURVE_S1.);
#4112 = LINE('',#4113,#4114);
#4113 = CARTESIAN_POINT('',(20.725509271247,-11.23071360261,0.45));
#4114 = VECTOR('',#4115,1.);
#4115 = DIRECTION('',(-0.5,-0.866025403784,0.));
#4116 = PCURVE('',#3913,#4117);
#4117 = DEFINITIONAL_REPRESENTATION('',(#4118),#4122);
#4118 = LINE('',#4119,#4120);
#4119 = CARTESIAN_POINT('',(-1.427434472599,-8.896492277148E-02));
#4120 = VECTOR('',#4121,1.);
#4121 = DIRECTION('',(0.5,-0.866025403784));
#4122 = ( GEOMETRIC_REPRESENTATION_CONTEXT(2) 
PARAMETRIC_REPRESENTATION_CONTEXT() REPRESENTATION_CONTEXT('2D SPACE',''
  ) );
#4123 = PCURVE('',#3887,#4124);
#4124 = DEFINITIONAL_REPRESENTATION('',(#4125),#4129);
#4125 = LINE('',#4126,#4127);
#4126 = CARTESIAN_POINT('',(0.,8.485281374238E-02));
#4127 = VECTOR('',#4128,1.);
#4128 = DIRECTION('',(1.,0.));
#4129 = ( GEOMETRIC_REPRESENTATION_CONTEXT(2) 
PARAMETRIC_REPRESENTATION_CONTEXT() REPRESENTATION_CONTEXT('2D SPACE',''
  ) );
#4130 = ORIENTED_EDGE('',*,*,#4131,.T.);
#4131 = EDGE_CURVE('',#4109,#4059,#4132,.T.);
#4132 = SURFACE_CURVE('',#4133,(#4137,#4144),.PCURVE_S1.);
#4133 = LINE('',#4134,#4135);
#4134 = CARTESIAN_POINT('',(20.252760966567,-12.2895376855,0.45));
#4135 = VECTOR('',#4136,1.);
#4136 = DIRECTION('',(-0.866025403784,0.5,0.));
#4137 = PCURVE('',#3913,#4138);
#4138 = DEFINITIONAL_REPRESENTATION('',(#4139),#4143);
#4139 = LINE('',#4140,#4141);
#4140 = CARTESIAN_POINT('',(-0.95468616792,-1.147789005669));
#4141 = VECTOR('',#4142,1.);
#4142 = DIRECTION('',(0.866025403784,0.5));
#4143 = ( GEOMETRIC_REPRESENTATION_CONTEXT(2) 
PARAMETRIC_REPRESENTATION_CONTEXT() REPRESENTATION_CONTEXT('2D SPACE',''
  ) );
#4144 = PCURVE('',#4041,#4145);
#4145 = DEFINITIONAL_REPRESENTATION('',(#4146),#4150);
#4146 = LINE('',#4147,#4148);
#4147 = CARTESIAN_POINT('',(3.552713678801E-15,8.485281374238E-02));
#4148 = VECTOR('',#4149,1.);
#4149 = DIRECTION('',(1.,0.));
#4150 = ( GEOMETRIC_REPRESENTATION_CONTEXT(2) 
PARAMETRIC_REPRESENTATION_CONTEXT() REPRESENTATION_CONTEXT('2D SPACE',''
  ) );
#4151 = ORIENTED_EDGE('',*,*,#4083,.T.);
#4152 = ADVANCED_FACE('',(#4153),#3887,.F.);
#4153 = FACE_BOUND('',#4154,.F.);
#4154 = EDGE_LOOP('',(#4155,#4156,#4157,#4178));
#4155 = ORIENTED_EDGE('',*,*,#3871,.F.);
#4156 = ORIENTED_EDGE('',*,*,#3978,.T.);
#4157 = ORIENTED_EDGE('',*,*,#4158,.T.);
#4158 = EDGE_CURVE('',#3979,#4109,#4159,.T.);
#4159 = SURFACE_CURVE('',#4160,(#4164,#4171),.PCURVE_S1.);
#4160 = LINE('',#4161,#4162);
#4161 = CARTESIAN_POINT('',(20.100440654046,-12.04891663706,
    0.582223784378));
#4162 = VECTOR('',#4163,1.);
#4163 = DIRECTION('',(-0.211324865405,0.788675134595,0.57735026919));
#4164 = PCURVE('',#3887,#4165);
#4165 = DEFINITIONAL_REPRESENTATION('',(#4166),#4170);
#4166 = LINE('',#4167,#4168);
#4167 = CARTESIAN_POINT('',(1.02111892189,0.271845482878));
#4168 = VECTOR('',#4169,1.);
#4169 = DIRECTION('',(-0.57735026919,0.816496580928));
#4170 = ( GEOMETRIC_REPRESENTATION_CONTEXT(2) 
PARAMETRIC_REPRESENTATION_CONTEXT() REPRESENTATION_CONTEXT('2D SPACE',''
  ) );
#4171 = PCURVE('',#4041,#4172);
#4172 = DEFINITIONAL_REPRESENTATION('',(#4173),#4177);
#4173 = LINE('',#4174,#4175);
#4174 = CARTESIAN_POINT('',(0.252223784378,0.271845482878));
#4175 = VECTOR('',#4176,1.);
#4176 = DIRECTION('',(0.57735026919,0.816496580928));
#4177 = ( GEOMETRIC_REPRESENTATION_CONTEXT(2) 
PARAMETRIC_REPRESENTATION_CONTEXT() REPRESENTATION_CONTEXT('2D SPACE',''
  ) );
#4178 = ORIENTED_EDGE('',*,*,#4108,.F.);
#4179 = ADVANCED_FACE('',(#4180),#4041,.F.);
#4180 = FACE_BOUND('',#4181,.F.);
#4181 = EDGE_LOOP('',(#4182,#4183,#4184,#4185));
#4182 = ORIENTED_EDGE('',*,*,#4158,.F.);
#4183 = ORIENTED_EDGE('',*,*,#4027,.T.);
#4184 = ORIENTED_EDGE('',*,*,#4058,.T.);
#4185 = ORIENTED_EDGE('',*,*,#4131,.F.);
#4186 = MANIFOLD_SOLID_BREP('',#4187);
#4187 = CLOSED_SHELL('',(#4188,#4308,#4389,#4470,#4519,#4568,#4600,#4649
    ,#4698,#4725));
#4188 = ADVANCED_FACE('',(#4189),#4203,.T.);
#4189 = FACE_BOUND('',#4190,.T.);
#4190 = EDGE_LOOP('',(#4191,#4226,#4254,#4282));
#4191 = ORIENTED_EDGE('',*,*,#4192,.T.);
#4192 = EDGE_CURVE('',#4193,#4195,#4197,.T.);
#4193 = VERTEX_POINT('',#4194);
#4194 = CARTESIAN_POINT('',(10.992783757069,-17.76671727759,0.));
#4195 = VERTEX_POINT('',#4196);
#4196 = CARTESIAN_POINT('',(10.992783757069,-17.76671727759,0.33));
#4197 = SURFACE_CURVE('',#4198,(#4202,#4214),.PCURVE_S1.);
#4198 = LINE('',#4199,#4200);
#4199 = CARTESIAN_POINT('',(10.992783757069,-17.76671727759,0.));
#4200 = VECTOR('',#4201,1.);
#4201 = DIRECTION('',(0.,-0.,1.));
#4202 = PCURVE('',#4203,#4208);
#4203 = PLANE('',#4204);
#4204 = AXIS2_PLACEMENT_3D('',#4205,#4206,#4207);
#4205 = CARTESIAN_POINT('',(10.992783757069,-17.76671727759,0.));
#4206 = DIRECTION('',(0.866025403784,0.5,0.));
#4207 = DIRECTION('',(0.5,-0.866025403784,0.));
#4208 = DEFINITIONAL_REPRESENTATION('',(#4209),#4213);
#4209 = LINE('',#4210,#4211);
#4210 = CARTESIAN_POINT('',(0.,0.));
#4211 = VECTOR('',#4212,1.);
#4212 = DIRECTION('',(0.,-1.));
#4213 = ( GEOMETRIC_REPRESENTATION_CONTEXT(2) 
PARAMETRIC_REPRESENTATION_CONTEXT() REPRESENTATION_CONTEXT('2D SPACE',''
  ) );
#4214 = PCURVE('',#4215,#4220);
#4215 = PLANE('',#4216);
#4216 = AXIS2_PLACEMENT_3D('',#4217,#4218,#4219);
#4217 = CARTESIAN_POINT('',(9.890036625718,-18.40338863072,0.));
#4218 = DIRECTION('',(-0.5,0.866025403784,0.));
#4219 = DIRECTION('',(0.866025403784,0.5,0.));
#4220 = DEFINITIONAL_REPRESENTATION('',(#4221),#4225);
#4221 = LINE('',#4222,#4223);
#4222 = CARTESIAN_POINT('',(1.273342706268,0.));
#4223 = VECTOR('',#4224,1.);
#4224 = DIRECTION('',(0.,-1.));
#4225 = ( GEOMETRIC_REPRESENTATION_CONTEXT(2) 
PARAMETRIC_REPRESENTATION_CONTEXT() REPRESENTATION_CONTEXT('2D SPACE',''
  ) );
#4226 = ORIENTED_EDGE('',*,*,#4227,.T.);
#4227 = EDGE_CURVE('',#4195,#4228,#4230,.T.);
#4228 = VERTEX_POINT('',#4229);
#4229 = CARTESIAN_POINT('',(12.393460733964,-20.19276096656,0.33));
#4230 = SURFACE_CURVE('',#4231,(#4235,#4242),.PCURVE_S1.);
#4231 = LINE('',#4232,#4233);
#4232 = CARTESIAN_POINT('',(10.992783757069,-17.76671727759,0.33));
#4233 = VECTOR('',#4234,1.);
#4234 = DIRECTION('',(0.5,-0.866025403784,0.));
#4235 = PCURVE('',#4203,#4236);
#4236 = DEFINITIONAL_REPRESENTATION('',(#4237),#4241);
#4237 = LINE('',#4238,#4239);
#4238 = CARTESIAN_POINT('',(0.,-0.33));
#4239 = VECTOR('',#4240,1.);
#4240 = DIRECTION('',(1.,0.));
#4241 = ( GEOMETRIC_REPRESENTATION_CONTEXT(2) 
PARAMETRIC_REPRESENTATION_CONTEXT() REPRESENTATION_CONTEXT('2D SPACE',''
  ) );
#4242 = PCURVE('',#4243,#4248);
#4243 = PLANE('',#4244);
#4244 = AXIS2_PLACEMENT_3D('',#4245,#4246,#4247);
#4245 = CARTESIAN_POINT('',(10.940822232842,-17.79671727759,0.39));
#4246 = DIRECTION('',(-0.612372435696,-0.353553390593,-0.707106781187));
#4247 = DIRECTION('',(0.5,-0.866025403784,-5.551115123126E-17));
#4248 = DEFINITIONAL_REPRESENTATION('',(#4249),#4253);
#4249 = LINE('',#4250,#4251);
#4250 = CARTESIAN_POINT('',(3.552713678801E-15,-8.485281374238E-02));
#4251 = VECTOR('',#4252,1.);
#4252 = DIRECTION('',(1.,0.));
#4253 = ( GEOMETRIC_REPRESENTATION_CONTEXT(2) 
PARAMETRIC_REPRESENTATION_CONTEXT() REPRESENTATION_CONTEXT('2D SPACE',''
  ) );
#4254 = ORIENTED_EDGE('',*,*,#4255,.F.);
#4255 = EDGE_CURVE('',#4256,#4228,#4258,.T.);
#4256 = VERTEX_POINT('',#4257);
#4257 = CARTESIAN_POINT('',(12.393460733964,-20.19276096656,0.));
#4258 = SURFACE_CURVE('',#4259,(#4263,#4270),.PCURVE_S1.);
#4259 = LINE('',#4260,#4261);
#4260 = CARTESIAN_POINT('',(12.393460733964,-20.19276096656,0.));
#4261 = VECTOR('',#4262,1.);
#4262 = DIRECTION('',(0.,-0.,1.));
#4263 = PCURVE('',#4203,#4264);
#4264 = DEFINITIONAL_REPRESENTATION('',(#4265),#4269);
#4265 = LINE('',#4266,#4267);
#4266 = CARTESIAN_POINT('',(2.801353953789,0.));
#4267 = VECTOR('',#4268,1.);
#4268 = DIRECTION('',(0.,-1.));
#4269 = ( GEOMETRIC_REPRESENTATION_CONTEXT(2) 
PARAMETRIC_REPRESENTATION_CONTEXT() REPRESENTATION_CONTEXT('2D SPACE',''
  ) );
#4270 = PCURVE('',#4271,#4276);
#4271 = PLANE('',#4272);
#4272 = AXIS2_PLACEMENT_3D('',#4273,#4274,#4275);
#4273 = CARTESIAN_POINT('',(12.393460733964,-20.19276096656,0.));
#4274 = DIRECTION('',(0.5,-0.866025403784,-0.));
#4275 = DIRECTION('',(-0.866025403784,-0.5,0.));
#4276 = DEFINITIONAL_REPRESENTATION('',(#4277),#4281);
#4277 = LINE('',#4278,#4279);
#4278 = CARTESIAN_POINT('',(0.,0.));
#4279 = VECTOR('',#4280,1.);
#4280 = DIRECTION('',(0.,-1.));
#4281 = ( GEOMETRIC_REPRESENTATION_CONTEXT(2) 
PARAMETRIC_REPRESENTATION_CONTEXT() REPRESENTATION_CONTEXT('2D SPACE',''
  ) );
#4282 = ORIENTED_EDGE('',*,*,#4283,.F.);
#4283 = EDGE_CURVE('',#4193,#4256,#4284,.T.);
#4284 = SURFACE_CURVE('',#4285,(#4289,#4296),.PCURVE_S1.);
#4285 = LINE('',#4286,#4287);
#4286 = CARTESIAN_POINT('',(10.992783757069,-17.76671727759,0.));
#4287 = VECTOR('',#4288,1.);
#4288 = DIRECTION('',(0.5,-0.866025403784,0.));
#4289 = PCURVE('',#4203,#4290);
#4290 = DEFINITIONAL_REPRESENTATION('',(#4291),#4295);
#4291 = LINE('',#4292,#4293);
#4292 = CARTESIAN_POINT('',(0.,0.));
#4293 = VECTOR('',#4294,1.);
#4294 = DIRECTION('',(1.,0.));
#4295 = ( GEOMETRIC_REPRESENTATION_CONTEXT(2) 
PARAMETRIC_REPRESENTATION_CONTEXT() REPRESENTATION_CONTEXT('2D SPACE',''
  ) );
#4296 = PCURVE('',#4297,#4302);
#4297 = PLANE('',#4298);
#4298 = AXIS2_PLACEMENT_3D('',#4299,#4300,#4301);
#4299 = CARTESIAN_POINT('',(11.141748679841,-19.29807479864,0.));
#4300 = DIRECTION('',(-0.,-0.,-1.));
#4301 = DIRECTION('',(-1.,0.,0.));
#4302 = DEFINITIONAL_REPRESENTATION('',(#4303),#4307);
#4303 = LINE('',#4304,#4305);
#4304 = CARTESIAN_POINT('',(0.148964922771,1.531357521053));
#4305 = VECTOR('',#4306,1.);
#4306 = DIRECTION('',(-0.5,-0.866025403784));
#4307 = ( GEOMETRIC_REPRESENTATION_CONTEXT(2) 
PARAMETRIC_REPRESENTATION_CONTEXT() REPRESENTATION_CONTEXT('2D SPACE',''
  ) );
#4308 = ADVANCED_FACE('',(#4309),#4215,.T.);
#4309 = FACE_BOUND('',#4310,.T.);
#4310 = EDGE_LOOP('',(#4311,#4341,#4367,#4368));
#4311 = ORIENTED_EDGE('',*,*,#4312,.T.);
#4312 = EDGE_CURVE('',#4313,#4315,#4317,.T.);
#4313 = VERTEX_POINT('',#4314);
#4314 = CARTESIAN_POINT('',(9.890036625718,-18.40338863072,0.));
#4315 = VERTEX_POINT('',#4316);
#4316 = CARTESIAN_POINT('',(9.890036625718,-18.40338863072,0.33));
#4317 = SURFACE_CURVE('',#4318,(#4322,#4329),.PCURVE_S1.);
#4318 = LINE('',#4319,#4320);
#4319 = CARTESIAN_POINT('',(9.890036625718,-18.40338863072,0.));
#4320 = VECTOR('',#4321,1.);
#4321 = DIRECTION('',(0.,-0.,1.));
#4322 = PCURVE('',#4215,#4323);
#4323 = DEFINITIONAL_REPRESENTATION('',(#4324),#4328);
#4324 = LINE('',#4325,#4326);
#4325 = CARTESIAN_POINT('',(0.,0.));
#4326 = VECTOR('',#4327,1.);
#4327 = DIRECTION('',(0.,-1.));
#4328 = ( GEOMETRIC_REPRESENTATION_CONTEXT(2) 
PARAMETRIC_REPRESENTATION_CONTEXT() REPRESENTATION_CONTEXT('2D SPACE',''
  ) );
#4329 = PCURVE('',#4330,#4335);
#4330 = PLANE('',#4331);
#4331 = AXIS2_PLACEMENT_3D('',#4332,#4333,#4334);
#4332 = CARTESIAN_POINT('',(11.290713602612,-20.8294323197,0.));
#4333 = DIRECTION('',(-0.866025403784,-0.5,0.));
#4334 = DIRECTION('',(-0.5,0.866025403784,0.));
#4335 = DEFINITIONAL_REPRESENTATION('',(#4336),#4340);
#4336 = LINE('',#4337,#4338);
#4337 = CARTESIAN_POINT('',(2.801353953789,0.));
#4338 = VECTOR('',#4339,1.);
#4339 = DIRECTION('',(0.,-1.));
#4340 = ( GEOMETRIC_REPRESENTATION_CONTEXT(2) 
PARAMETRIC_REPRESENTATION_CONTEXT() REPRESENTATION_CONTEXT('2D SPACE',''
  ) );
#4341 = ORIENTED_EDGE('',*,*,#4342,.T.);
#4342 = EDGE_CURVE('',#4315,#4195,#4343,.T.);
#4343 = SURFACE_CURVE('',#4344,(#4348,#4355),.PCURVE_S1.);
#4344 = LINE('',#4345,#4346);
#4345 = CARTESIAN_POINT('',(9.890036625718,-18.40338863072,0.33));
#4346 = VECTOR('',#4347,1.);
#4347 = DIRECTION('',(0.866025403784,0.5,0.));
#4348 = PCURVE('',#4215,#4349);
#4349 = DEFINITIONAL_REPRESENTATION('',(#4350),#4354);
#4350 = LINE('',#4351,#4352);
#4351 = CARTESIAN_POINT('',(0.,-0.33));
#4352 = VECTOR('',#4353,1.);
#4353 = DIRECTION('',(1.,0.));
#4354 = ( GEOMETRIC_REPRESENTATION_CONTEXT(2) 
PARAMETRIC_REPRESENTATION_CONTEXT() REPRESENTATION_CONTEXT('2D SPACE',''
  ) );
#4355 = PCURVE('',#4356,#4361);
#4356 = PLANE('',#4357);
#4357 = AXIS2_PLACEMENT_3D('',#4358,#4359,#4360);
#4358 = CARTESIAN_POINT('',(9.920036625718,-18.45535015495,0.39));
#4359 = DIRECTION('',(0.353553390593,-0.612372435696,-0.707106781187));
#4360 = DIRECTION('',(0.866025403784,0.5,2.775557561563E-17));
#4361 = DEFINITIONAL_REPRESENTATION('',(#4362),#4366);
#4362 = LINE('',#4363,#4364);
#4363 = CARTESIAN_POINT('',(0.,-8.485281374238E-02));
#4364 = VECTOR('',#4365,1.);
#4365 = DIRECTION('',(1.,0.));
#4366 = ( GEOMETRIC_REPRESENTATION_CONTEXT(2) 
PARAMETRIC_REPRESENTATION_CONTEXT() REPRESENTATION_CONTEXT('2D SPACE',''
  ) );
#4367 = ORIENTED_EDGE('',*,*,#4192,.F.);
#4368 = ORIENTED_EDGE('',*,*,#4369,.F.);
#4369 = EDGE_CURVE('',#4313,#4193,#4370,.T.);
#4370 = SURFACE_CURVE('',#4371,(#4375,#4382),.PCURVE_S1.);
#4371 = LINE('',#4372,#4373);
#4372 = CARTESIAN_POINT('',(9.890036625718,-18.40338863072,0.));
#4373 = VECTOR('',#4374,1.);
#4374 = DIRECTION('',(0.866025403784,0.5,0.));
#4375 = PCURVE('',#4215,#4376);
#4376 = DEFINITIONAL_REPRESENTATION('',(#4377),#4381);
#4377 = LINE('',#4378,#4379);
#4378 = CARTESIAN_POINT('',(0.,0.));
#4379 = VECTOR('',#4380,1.);
#4380 = DIRECTION('',(1.,0.));
#4381 = ( GEOMETRIC_REPRESENTATION_CONTEXT(2) 
PARAMETRIC_REPRESENTATION_CONTEXT() REPRESENTATION_CONTEXT('2D SPACE',''
  ) );
#4382 = PCURVE('',#4297,#4383);
#4383 = DEFINITIONAL_REPRESENTATION('',(#4384),#4388);
#4384 = LINE('',#4385,#4386);
#4385 = CARTESIAN_POINT('',(1.251712054123,0.89468616792));
#4386 = VECTOR('',#4387,1.);
#4387 = DIRECTION('',(-0.866025403784,0.5));
#4388 = ( GEOMETRIC_REPRESENTATION_CONTEXT(2) 
PARAMETRIC_REPRESENTATION_CONTEXT() REPRESENTATION_CONTEXT('2D SPACE',''
  ) );
#4389 = ADVANCED_FACE('',(#4390),#4243,.F.);
#4390 = FACE_BOUND('',#4391,.F.);
#4391 = EDGE_LOOP('',(#4392,#4415,#4416,#4444));
#4392 = ORIENTED_EDGE('',*,*,#4393,.F.);
#4393 = EDGE_CURVE('',#4195,#4394,#4396,.T.);
#4394 = VERTEX_POINT('',#4395);
#4395 = CARTESIAN_POINT('',(10.948860708615,-17.93064032604,0.45));
#4396 = SURFACE_CURVE('',#4397,(#4401,#4408),.PCURVE_S1.);
#4397 = LINE('',#4398,#4399);
#4398 = CARTESIAN_POINT('',(10.900463444548,-18.11126137449,
    0.582223784378));
#4399 = VECTOR('',#4400,1.);
#4400 = DIRECTION('',(-0.211324865405,-0.788675134595,0.57735026919));
#4401 = PCURVE('',#4243,#4402);
#4402 = DEFINITIONAL_REPRESENTATION('',(#4403),#4407);
#4403 = LINE('',#4404,#4405);
#4404 = CARTESIAN_POINT('',(0.252223784378,0.271845482878));
#4405 = VECTOR('',#4406,1.);
#4406 = DIRECTION('',(0.57735026919,0.816496580928));
#4407 = ( GEOMETRIC_REPRESENTATION_CONTEXT(2) 
PARAMETRIC_REPRESENTATION_CONTEXT() REPRESENTATION_CONTEXT('2D SPACE',''
  ) );
#4408 = PCURVE('',#4356,#4409);
#4409 = DEFINITIONAL_REPRESENTATION('',(#4410),#4414);
#4410 = LINE('',#4411,#4412);
#4411 = CARTESIAN_POINT('',(1.02111892189,0.271845482878));
#4412 = VECTOR('',#4413,1.);
#4413 = DIRECTION('',(-0.57735026919,0.816496580928));
#4414 = ( GEOMETRIC_REPRESENTATION_CONTEXT(2) 
PARAMETRIC_REPRESENTATION_CONTEXT() REPRESENTATION_CONTEXT('2D SPACE',''
  ) );
#4415 = ORIENTED_EDGE('',*,*,#4227,.T.);
#4416 = ORIENTED_EDGE('',*,*,#4417,.T.);
#4417 = EDGE_CURVE('',#4228,#4418,#4420,.T.);
#4418 = VERTEX_POINT('',#4419);
#4419 = CARTESIAN_POINT('',(12.229537685509,-20.14883791811,0.45));
#4420 = SURFACE_CURVE('',#4421,(#4425,#4432),.PCURVE_S1.);
#4421 = LINE('',#4422,#4423);
#4422 = CARTESIAN_POINT('',(11.701032940168,-20.0072254984,
    0.836892325631));
#4423 = VECTOR('',#4424,1.);
#4424 = DIRECTION('',(-0.788675134595,0.211324865405,0.57735026919));
#4425 = PCURVE('',#4243,#4426);
#4426 = DEFINITIONAL_REPRESENTATION('',(#4427),#4431);
#4427 = LINE('',#4428,#4429);
#4428 = CARTESIAN_POINT('',(2.294461628157,0.632001187828));
#4429 = VECTOR('',#4430,1.);
#4430 = DIRECTION('',(-0.57735026919,0.816496580928));
#4431 = ( GEOMETRIC_REPRESENTATION_CONTEXT(2) 
PARAMETRIC_REPRESENTATION_CONTEXT() REPRESENTATION_CONTEXT('2D SPACE',''
  ) );
#4432 = PCURVE('',#4433,#4438);
#4433 = PLANE('',#4434);
#4434 = AXIS2_PLACEMENT_3D('',#4435,#4436,#4437);
#4435 = CARTESIAN_POINT('',(12.363460733964,-20.14079944234,0.39));
#4436 = DIRECTION('',(-0.353553390593,0.612372435696,-0.707106781187));
#4437 = DIRECTION('',(-0.866025403784,-0.5,-1.110223024625E-16));
#4438 = DEFINITIONAL_REPRESENTATION('',(#4439),#4443);
#4439 = LINE('',#4440,#4441);
#4440 = CARTESIAN_POINT('',(0.506892325631,0.632001187828));
#4441 = VECTOR('',#4442,1.);
#4442 = DIRECTION('',(0.57735026919,0.816496580928));
#4443 = ( GEOMETRIC_REPRESENTATION_CONTEXT(2) 
PARAMETRIC_REPRESENTATION_CONTEXT() REPRESENTATION_CONTEXT('2D SPACE',''
  ) );
#4444 = ORIENTED_EDGE('',*,*,#4445,.F.);
#4445 = EDGE_CURVE('',#4394,#4418,#4446,.T.);
#4446 = SURFACE_CURVE('',#4447,(#4451,#4458),.PCURVE_S1.);
#4447 = LINE('',#4448,#4449);
#4448 = CARTESIAN_POINT('',(10.888860708615,-17.82671727759,0.45));
#4449 = VECTOR('',#4450,1.);
#4450 = DIRECTION('',(0.5,-0.866025403784,0.));
#4451 = PCURVE('',#4243,#4452);
#4452 = DEFINITIONAL_REPRESENTATION('',(#4453),#4457);
#4453 = LINE('',#4454,#4455);
#4454 = CARTESIAN_POINT('',(0.,8.485281374239E-02));
#4455 = VECTOR('',#4456,1.);
#4456 = DIRECTION('',(1.,0.));
#4457 = ( GEOMETRIC_REPRESENTATION_CONTEXT(2) 
PARAMETRIC_REPRESENTATION_CONTEXT() REPRESENTATION_CONTEXT('2D SPACE',''
  ) );
#4458 = PCURVE('',#4459,#4464);
#4459 = PLANE('',#4460);
#4460 = AXIS2_PLACEMENT_3D('',#4461,#4462,#4463);
#4461 = CARTESIAN_POINT('',(11.141748679841,-19.29807479864,0.45));
#4462 = DIRECTION('',(-0.,-0.,-1.));
#4463 = DIRECTION('',(-1.,0.,0.));
#4464 = DEFINITIONAL_REPRESENTATION('',(#4465),#4469);
#4465 = LINE('',#4466,#4467);
#4466 = CARTESIAN_POINT('',(0.252887971226,1.471357521053));
#4467 = VECTOR('',#4468,1.);
#4468 = DIRECTION('',(-0.5,-0.866025403784));
#4469 = ( GEOMETRIC_REPRESENTATION_CONTEXT(2) 
PARAMETRIC_REPRESENTATION_CONTEXT() REPRESENTATION_CONTEXT('2D SPACE',''
  ) );
#4470 = ADVANCED_FACE('',(#4471),#4297,.T.);
#4471 = FACE_BOUND('',#4472,.T.);
#4472 = EDGE_LOOP('',(#4473,#4474,#4497,#4518));
#4473 = ORIENTED_EDGE('',*,*,#4283,.T.);
#4474 = ORIENTED_EDGE('',*,*,#4475,.T.);
#4475 = EDGE_CURVE('',#4256,#4476,#4478,.T.);
#4476 = VERTEX_POINT('',#4477);
#4477 = CARTESIAN_POINT('',(11.290713602612,-20.8294323197,0.));
#4478 = SURFACE_CURVE('',#4479,(#4483,#4490),.PCURVE_S1.);
#4479 = LINE('',#4480,#4481);
#4480 = CARTESIAN_POINT('',(12.393460733964,-20.19276096656,0.));
#4481 = VECTOR('',#4482,1.);
#4482 = DIRECTION('',(-0.866025403784,-0.5,0.));
#4483 = PCURVE('',#4297,#4484);
#4484 = DEFINITIONAL_REPRESENTATION('',(#4485),#4489);
#4485 = LINE('',#4486,#4487);
#4486 = CARTESIAN_POINT('',(-1.251712054123,-0.89468616792));
#4487 = VECTOR('',#4488,1.);
#4488 = DIRECTION('',(0.866025403784,-0.5));
#4489 = ( GEOMETRIC_REPRESENTATION_CONTEXT(2) 
PARAMETRIC_REPRESENTATION_CONTEXT() REPRESENTATION_CONTEXT('2D SPACE',''
  ) );
#4490 = PCURVE('',#4271,#4491);
#4491 = DEFINITIONAL_REPRESENTATION('',(#4492),#4496);
#4492 = LINE('',#4493,#4494);
#4493 = CARTESIAN_POINT('',(0.,0.));
#4494 = VECTOR('',#4495,1.);
#4495 = DIRECTION('',(1.,0.));
#4496 = ( GEOMETRIC_REPRESENTATION_CONTEXT(2) 
PARAMETRIC_REPRESENTATION_CONTEXT() REPRESENTATION_CONTEXT('2D SPACE',''
  ) );
#4497 = ORIENTED_EDGE('',*,*,#4498,.T.);
#4498 = EDGE_CURVE('',#4476,#4313,#4499,.T.);
#4499 = SURFACE_CURVE('',#4500,(#4504,#4511),.PCURVE_S1.);
#4500 = LINE('',#4501,#4502);
#4501 = CARTESIAN_POINT('',(11.290713602612,-20.8294323197,0.));
#4502 = VECTOR('',#4503,1.);
#4503 = DIRECTION('',(-0.5,0.866025403784,0.));
#4504 = PCURVE('',#4297,#4505);
#4505 = DEFINITIONAL_REPRESENTATION('',(#4506),#4510);
#4506 = LINE('',#4507,#4508);
#4507 = CARTESIAN_POINT('',(-0.148964922771,-1.531357521053));
#4508 = VECTOR('',#4509,1.);
#4509 = DIRECTION('',(0.5,0.866025403784));
#4510 = ( GEOMETRIC_REPRESENTATION_CONTEXT(2) 
PARAMETRIC_REPRESENTATION_CONTEXT() REPRESENTATION_CONTEXT('2D SPACE',''
  ) );
#4511 = PCURVE('',#4330,#4512);
#4512 = DEFINITIONAL_REPRESENTATION('',(#4513),#4517);
#4513 = LINE('',#4514,#4515);
#4514 = CARTESIAN_POINT('',(0.,0.));
#4515 = VECTOR('',#4516,1.);
#4516 = DIRECTION('',(1.,0.));
#4517 = ( GEOMETRIC_REPRESENTATION_CONTEXT(2) 
PARAMETRIC_REPRESENTATION_CONTEXT() REPRESENTATION_CONTEXT('2D SPACE',''
  ) );
#4518 = ORIENTED_EDGE('',*,*,#4369,.T.);
#4519 = ADVANCED_FACE('',(#4520),#4271,.T.);
#4520 = FACE_BOUND('',#4521,.T.);
#4521 = EDGE_LOOP('',(#4522,#4523,#4546,#4567));
#4522 = ORIENTED_EDGE('',*,*,#4255,.T.);
#4523 = ORIENTED_EDGE('',*,*,#4524,.T.);
#4524 = EDGE_CURVE('',#4228,#4525,#4527,.T.);
#4525 = VERTEX_POINT('',#4526);
#4526 = CARTESIAN_POINT('',(11.290713602612,-20.8294323197,0.33));
#4527 = SURFACE_CURVE('',#4528,(#4532,#4539),.PCURVE_S1.);
#4528 = LINE('',#4529,#4530);
#4529 = CARTESIAN_POINT('',(12.393460733964,-20.19276096656,0.33));
#4530 = VECTOR('',#4531,1.);
#4531 = DIRECTION('',(-0.866025403784,-0.5,0.));
#4532 = PCURVE('',#4271,#4533);
#4533 = DEFINITIONAL_REPRESENTATION('',(#4534),#4538);
#4534 = LINE('',#4535,#4536);
#4535 = CARTESIAN_POINT('',(0.,-0.33));
#4536 = VECTOR('',#4537,1.);
#4537 = DIRECTION('',(1.,0.));
#4538 = ( GEOMETRIC_REPRESENTATION_CONTEXT(2) 
PARAMETRIC_REPRESENTATION_CONTEXT() REPRESENTATION_CONTEXT('2D SPACE',''
  ) );
#4539 = PCURVE('',#4433,#4540);
#4540 = DEFINITIONAL_REPRESENTATION('',(#4541),#4545);
#4541 = LINE('',#4542,#4543);
#4542 = CARTESIAN_POINT('',(0.,-8.485281374239E-02));
#4543 = VECTOR('',#4544,1.);
#4544 = DIRECTION('',(1.,0.));
#4545 = ( GEOMETRIC_REPRESENTATION_CONTEXT(2) 
PARAMETRIC_REPRESENTATION_CONTEXT() REPRESENTATION_CONTEXT('2D SPACE',''
  ) );
#4546 = ORIENTED_EDGE('',*,*,#4547,.F.);
#4547 = EDGE_CURVE('',#4476,#4525,#4548,.T.);
#4548 = SURFACE_CURVE('',#4549,(#4553,#4560),.PCURVE_S1.);
#4549 = LINE('',#4550,#4551);
#4550 = CARTESIAN_POINT('',(11.290713602612,-20.8294323197,0.));
#4551 = VECTOR('',#4552,1.);
#4552 = DIRECTION('',(0.,-0.,1.));
#4553 = PCURVE('',#4271,#4554);
#4554 = DEFINITIONAL_REPRESENTATION('',(#4555),#4559);
#4555 = LINE('',#4556,#4557);
#4556 = CARTESIAN_POINT('',(1.273342706268,0.));
#4557 = VECTOR('',#4558,1.);
#4558 = DIRECTION('',(0.,-1.));
#4559 = ( GEOMETRIC_REPRESENTATION_CONTEXT(2) 
PARAMETRIC_REPRESENTATION_CONTEXT() REPRESENTATION_CONTEXT('2D SPACE',''
  ) );
#4560 = PCURVE('',#4330,#4561);
#4561 = DEFINITIONAL_REPRESENTATION('',(#4562),#4566);
#4562 = LINE('',#4563,#4564);
#4563 = CARTESIAN_POINT('',(0.,0.));
#4564 = VECTOR('',#4565,1.);
#4565 = DIRECTION('',(0.,-1.));
#4566 = ( GEOMETRIC_REPRESENTATION_CONTEXT(2) 
PARAMETRIC_REPRESENTATION_CONTEXT() REPRESENTATION_CONTEXT('2D SPACE',''
  ) );
#4567 = ORIENTED_EDGE('',*,*,#4475,.F.);
#4568 = ADVANCED_FACE('',(#4569),#4330,.T.);
#4569 = FACE_BOUND('',#4570,.T.);
#4570 = EDGE_LOOP('',(#4571,#4572,#4598,#4599));
#4571 = ORIENTED_EDGE('',*,*,#4547,.T.);
#4572 = ORIENTED_EDGE('',*,*,#4573,.T.);
#4573 = EDGE_CURVE('',#4525,#4315,#4574,.T.);
#4574 = SURFACE_CURVE('',#4575,(#4579,#4586),.PCURVE_S1.);
#4575 = LINE('',#4576,#4577);
#4576 = CARTESIAN_POINT('',(11.290713602612,-20.8294323197,0.33));
#4577 = VECTOR('',#4578,1.);
#4578 = DIRECTION('',(-0.5,0.866025403784,0.));
#4579 = PCURVE('',#4330,#4580);
#4580 = DEFINITIONAL_REPRESENTATION('',(#4581),#4585);
#4581 = LINE('',#4582,#4583);
#4582 = CARTESIAN_POINT('',(0.,-0.33));
#4583 = VECTOR('',#4584,1.);
#4584 = DIRECTION('',(1.,0.));
#4585 = ( GEOMETRIC_REPRESENTATION_CONTEXT(2) 
PARAMETRIC_REPRESENTATION_CONTEXT() REPRESENTATION_CONTEXT('2D SPACE',''
  ) );
#4586 = PCURVE('',#4587,#4592);
#4587 = PLANE('',#4588);
#4588 = AXIS2_PLACEMENT_3D('',#4589,#4590,#4591);
#4589 = CARTESIAN_POINT('',(11.342675126839,-20.7994323197,0.39));
#4590 = DIRECTION('',(0.612372435696,0.353553390593,-0.707106781187));
#4591 = DIRECTION('',(-0.5,0.866025403784,-1.665334536938E-16));
#4592 = DEFINITIONAL_REPRESENTATION('',(#4593),#4597);
#4593 = LINE('',#4594,#4595);
#4594 = CARTESIAN_POINT('',(0.,-8.485281374239E-02));
#4595 = VECTOR('',#4596,1.);
#4596 = DIRECTION('',(1.,0.));
#4597 = ( GEOMETRIC_REPRESENTATION_CONTEXT(2) 
PARAMETRIC_REPRESENTATION_CONTEXT() REPRESENTATION_CONTEXT('2D SPACE',''
  ) );
#4598 = ORIENTED_EDGE('',*,*,#4312,.F.);
#4599 = ORIENTED_EDGE('',*,*,#4498,.F.);
#4600 = ADVANCED_FACE('',(#4601),#4356,.F.);
#4601 = FACE_BOUND('',#4602,.F.);
#4602 = EDGE_LOOP('',(#4603,#4626,#4627,#4628));
#4603 = ORIENTED_EDGE('',*,*,#4604,.F.);
#4604 = EDGE_CURVE('',#4315,#4605,#4607,.T.);
#4605 = VERTEX_POINT('',#4606);
#4606 = CARTESIAN_POINT('',(10.053959674172,-18.44731167918,0.45));
#4607 = SURFACE_CURVE('',#4608,(#4612,#4619),.PCURVE_S1.);
#4608 = LINE('',#4609,#4610);
#4609 = CARTESIAN_POINT('',(10.582464419514,-18.58892409889,
    0.836892325631));
#4610 = VECTOR('',#4611,1.);
#4611 = DIRECTION('',(0.788675134595,-0.211324865405,0.57735026919));
#4612 = PCURVE('',#4356,#4613);
#4613 = DEFINITIONAL_REPRESENTATION('',(#4614),#4618);
#4614 = LINE('',#4615,#4616);
#4615 = CARTESIAN_POINT('',(0.506892325631,0.632001187828));
#4616 = VECTOR('',#4617,1.);
#4617 = DIRECTION('',(0.57735026919,0.816496580928));
#4618 = ( GEOMETRIC_REPRESENTATION_CONTEXT(2) 
PARAMETRIC_REPRESENTATION_CONTEXT() REPRESENTATION_CONTEXT('2D SPACE',''
  ) );
#4619 = PCURVE('',#4587,#4620);
#4620 = DEFINITIONAL_REPRESENTATION('',(#4621),#4625);
#4621 = LINE('',#4622,#4623);
#4622 = CARTESIAN_POINT('',(2.294461628157,0.632001187828));
#4623 = VECTOR('',#4624,1.);
#4624 = DIRECTION('',(-0.57735026919,0.816496580928));
#4625 = ( GEOMETRIC_REPRESENTATION_CONTEXT(2) 
PARAMETRIC_REPRESENTATION_CONTEXT() REPRESENTATION_CONTEXT('2D SPACE',''
  ) );
#4626 = ORIENTED_EDGE('',*,*,#4342,.T.);
#4627 = ORIENTED_EDGE('',*,*,#4393,.T.);
#4628 = ORIENTED_EDGE('',*,*,#4629,.F.);
#4629 = EDGE_CURVE('',#4605,#4394,#4630,.T.);
#4630 = SURFACE_CURVE('',#4631,(#4635,#4642),.PCURVE_S1.);
#4631 = LINE('',#4632,#4633);
#4632 = CARTESIAN_POINT('',(9.950036625718,-18.50731167918,0.45));
#4633 = VECTOR('',#4634,1.);
#4634 = DIRECTION('',(0.866025403784,0.5,0.));
#4635 = PCURVE('',#4356,#4636);
#4636 = DEFINITIONAL_REPRESENTATION('',(#4637),#4641);
#4637 = LINE('',#4638,#4639);
#4638 = CARTESIAN_POINT('',(1.7763568394E-15,8.485281374239E-02));
#4639 = VECTOR('',#4640,1.);
#4640 = DIRECTION('',(1.,0.));
#4641 = ( GEOMETRIC_REPRESENTATION_CONTEXT(2) 
PARAMETRIC_REPRESENTATION_CONTEXT() REPRESENTATION_CONTEXT('2D SPACE',''
  ) );
#4642 = PCURVE('',#4459,#4643);
#4643 = DEFINITIONAL_REPRESENTATION('',(#4644),#4648);
#4644 = LINE('',#4645,#4646);
#4645 = CARTESIAN_POINT('',(1.191712054123,0.790763119465));
#4646 = VECTOR('',#4647,1.);
#4647 = DIRECTION('',(-0.866025403784,0.5));
#4648 = ( GEOMETRIC_REPRESENTATION_CONTEXT(2) 
PARAMETRIC_REPRESENTATION_CONTEXT() REPRESENTATION_CONTEXT('2D SPACE',''
  ) );
#4649 = ADVANCED_FACE('',(#4650),#4459,.F.);
#4650 = FACE_BOUND('',#4651,.F.);
#4651 = EDGE_LOOP('',(#4652,#4653,#4676,#4697));
#4652 = ORIENTED_EDGE('',*,*,#4445,.T.);
#4653 = ORIENTED_EDGE('',*,*,#4654,.T.);
#4654 = EDGE_CURVE('',#4418,#4655,#4657,.T.);
#4655 = VERTEX_POINT('',#4656);
#4656 = CARTESIAN_POINT('',(11.334636651066,-20.66550927124,0.45));
#4657 = SURFACE_CURVE('',#4658,(#4662,#4669),.PCURVE_S1.);
#4658 = LINE('',#4659,#4660);
#4659 = CARTESIAN_POINT('',(12.333460733964,-20.08883791811,0.45));
#4660 = VECTOR('',#4661,1.);
#4661 = DIRECTION('',(-0.866025403784,-0.5,0.));
#4662 = PCURVE('',#4459,#4663);
#4663 = DEFINITIONAL_REPRESENTATION('',(#4664),#4668);
#4664 = LINE('',#4665,#4666);
#4665 = CARTESIAN_POINT('',(-1.191712054123,-0.790763119465));
#4666 = VECTOR('',#4667,1.);
#4667 = DIRECTION('',(0.866025403784,-0.5));
#4668 = ( GEOMETRIC_REPRESENTATION_CONTEXT(2) 
PARAMETRIC_REPRESENTATION_CONTEXT() REPRESENTATION_CONTEXT('2D SPACE',''
  ) );
#4669 = PCURVE('',#4433,#4670);
#4670 = DEFINITIONAL_REPRESENTATION('',(#4671),#4675);
#4671 = LINE('',#4672,#4673);
#4672 = CARTESIAN_POINT('',(1.7763568394E-15,8.485281374239E-02));
#4673 = VECTOR('',#4674,1.);
#4674 = DIRECTION('',(1.,0.));
#4675 = ( GEOMETRIC_REPRESENTATION_CONTEXT(2) 
PARAMETRIC_REPRESENTATION_CONTEXT() REPRESENTATION_CONTEXT('2D SPACE',''
  ) );
#4676 = ORIENTED_EDGE('',*,*,#4677,.T.);
#4677 = EDGE_CURVE('',#4655,#4605,#4678,.T.);
#4678 = SURFACE_CURVE('',#4679,(#4683,#4690),.PCURVE_S1.);
#4679 = LINE('',#4680,#4681);
#4680 = CARTESIAN_POINT('',(11.394636651066,-20.7694323197,0.45));
#4681 = VECTOR('',#4682,1.);
#4682 = DIRECTION('',(-0.5,0.866025403784,0.));
#4683 = PCURVE('',#4459,#4684);
#4684 = DEFINITIONAL_REPRESENTATION('',(#4685),#4689);
#4685 = LINE('',#4686,#4687);
#4686 = CARTESIAN_POINT('',(-0.252887971226,-1.471357521053));
#4687 = VECTOR('',#4688,1.);
#4688 = DIRECTION('',(0.5,0.866025403784));
#4689 = ( GEOMETRIC_REPRESENTATION_CONTEXT(2) 
PARAMETRIC_REPRESENTATION_CONTEXT() REPRESENTATION_CONTEXT('2D SPACE',''
  ) );
#4690 = PCURVE('',#4587,#4691);
#4691 = DEFINITIONAL_REPRESENTATION('',(#4692),#4696);
#4692 = LINE('',#4693,#4694);
#4693 = CARTESIAN_POINT('',(0.,8.485281374238E-02));
#4694 = VECTOR('',#4695,1.);
#4695 = DIRECTION('',(1.,0.));
#4696 = ( GEOMETRIC_REPRESENTATION_CONTEXT(2) 
PARAMETRIC_REPRESENTATION_CONTEXT() REPRESENTATION_CONTEXT('2D SPACE',''
  ) );
#4697 = ORIENTED_EDGE('',*,*,#4629,.T.);
#4698 = ADVANCED_FACE('',(#4699),#4433,.F.);
#4699 = FACE_BOUND('',#4700,.F.);
#4700 = EDGE_LOOP('',(#4701,#4702,#4703,#4724));
#4701 = ORIENTED_EDGE('',*,*,#4417,.F.);
#4702 = ORIENTED_EDGE('',*,*,#4524,.T.);
#4703 = ORIENTED_EDGE('',*,*,#4704,.T.);
#4704 = EDGE_CURVE('',#4525,#4655,#4705,.T.);
#4705 = SURFACE_CURVE('',#4706,(#4710,#4717),.PCURVE_S1.);
#4706 = LINE('',#4707,#4708);
#4707 = CARTESIAN_POINT('',(11.383033915133,-20.4848882228,
    0.582223784378));
#4708 = VECTOR('',#4709,1.);
#4709 = DIRECTION('',(0.211324865405,0.788675134595,0.57735026919));
#4710 = PCURVE('',#4433,#4711);
#4711 = DEFINITIONAL_REPRESENTATION('',(#4712),#4716);
#4712 = LINE('',#4713,#4714);
#4713 = CARTESIAN_POINT('',(1.02111892189,0.271845482878));
#4714 = VECTOR('',#4715,1.);
#4715 = DIRECTION('',(-0.57735026919,0.816496580928));
#4716 = ( GEOMETRIC_REPRESENTATION_CONTEXT(2) 
PARAMETRIC_REPRESENTATION_CONTEXT() REPRESENTATION_CONTEXT('2D SPACE',''
  ) );
#4717 = PCURVE('',#4587,#4718);
#4718 = DEFINITIONAL_REPRESENTATION('',(#4719),#4723);
#4719 = LINE('',#4720,#4721);
#4720 = CARTESIAN_POINT('',(0.252223784378,0.271845482878));
#4721 = VECTOR('',#4722,1.);
#4722 = DIRECTION('',(0.57735026919,0.816496580928));
#4723 = ( GEOMETRIC_REPRESENTATION_CONTEXT(2) 
PARAMETRIC_REPRESENTATION_CONTEXT() REPRESENTATION_CONTEXT('2D SPACE',''
  ) );
#4724 = ORIENTED_EDGE('',*,*,#4654,.F.);
#4725 = ADVANCED_FACE('',(#4726),#4587,.F.);
#4726 = FACE_BOUND('',#4727,.F.);
#4727 = EDGE_LOOP('',(#4728,#4729,#4730,#4731));
#4728 = ORIENTED_EDGE('',*,*,#4704,.F.);
#4729 = ORIENTED_EDGE('',*,*,#4573,.T.);
#4730 = ORIENTED_EDGE('',*,*,#4604,.T.);
#4731 = ORIENTED_EDGE('',*,*,#4677,.F.);
#4732 = MANIFOLD_SOLID_BREP('',#4733);
#4733 = CLOSED_SHELL('',(#4734,#4854,#4935,#5016,#5065,#5114,#5146,#5195
    ,#5244,#5271));
#4734 = ADVANCED_FACE('',(#4735),#4749,.T.);
#4735 = FACE_BOUND('',#4736,.T.);
#4736 = EDGE_LOOP('',(#4737,#4772,#4800,#4828));
#4737 = ORIENTED_EDGE('',*,*,#4738,.T.);
#4738 = EDGE_CURVE('',#4739,#4741,#4743,.T.);
#4739 = VERTEX_POINT('',#4740);
#4740 = CARTESIAN_POINT('',(-9.890036625718,-18.40338863072,0.));
#4741 = VERTEX_POINT('',#4742);
#4742 = CARTESIAN_POINT('',(-9.890036625718,-18.40338863072,0.33));
#4743 = SURFACE_CURVE('',#4744,(#4748,#4760),.PCURVE_S1.);
#4744 = LINE('',#4745,#4746);
#4745 = CARTESIAN_POINT('',(-9.890036625718,-18.40338863072,0.));
#4746 = VECTOR('',#4747,1.);
#4747 = DIRECTION('',(0.,-0.,1.));
#4748 = PCURVE('',#4749,#4754);
#4749 = PLANE('',#4750);
#4750 = AXIS2_PLACEMENT_3D('',#4751,#4752,#4753);
#4751 = CARTESIAN_POINT('',(-9.890036625718,-18.40338863072,0.));
#4752 = DIRECTION('',(0.866025403784,-0.5,-0.));
#4753 = DIRECTION('',(-0.5,-0.866025403784,0.));
#4754 = DEFINITIONAL_REPRESENTATION('',(#4755),#4759);
#4755 = LINE('',#4756,#4757);
#4756 = CARTESIAN_POINT('',(0.,0.));
#4757 = VECTOR('',#4758,1.);
#4758 = DIRECTION('',(0.,-1.));
#4759 = ( GEOMETRIC_REPRESENTATION_CONTEXT(2) 
PARAMETRIC_REPRESENTATION_CONTEXT() REPRESENTATION_CONTEXT('2D SPACE',''
  ) );
#4760 = PCURVE('',#4761,#4766);
#4761 = PLANE('',#4762);
#4762 = AXIS2_PLACEMENT_3D('',#4763,#4764,#4765);
#4763 = CARTESIAN_POINT('',(-10.99278375706,-17.76671727759,0.));
#4764 = DIRECTION('',(0.5,0.866025403784,0.));
#4765 = DIRECTION('',(0.866025403784,-0.5,0.));
#4766 = DEFINITIONAL_REPRESENTATION('',(#4767),#4771);
#4767 = LINE('',#4768,#4769);
#4768 = CARTESIAN_POINT('',(1.273342706268,0.));
#4769 = VECTOR('',#4770,1.);
#4770 = DIRECTION('',(0.,-1.));
#4771 = ( GEOMETRIC_REPRESENTATION_CONTEXT(2) 
PARAMETRIC_REPRESENTATION_CONTEXT() REPRESENTATION_CONTEXT('2D SPACE',''
  ) );
#4772 = ORIENTED_EDGE('',*,*,#4773,.T.);
#4773 = EDGE_CURVE('',#4741,#4774,#4776,.T.);
#4774 = VERTEX_POINT('',#4775);
#4775 = CARTESIAN_POINT('',(-11.29071360261,-20.8294323197,0.33));
#4776 = SURFACE_CURVE('',#4777,(#4781,#4788),.PCURVE_S1.);
#4777 = LINE('',#4778,#4779);
#4778 = CARTESIAN_POINT('',(-9.890036625718,-18.40338863072,0.33));
#4779 = VECTOR('',#4780,1.);
#4780 = DIRECTION('',(-0.5,-0.866025403784,0.));
#4781 = PCURVE('',#4749,#4782);
#4782 = DEFINITIONAL_REPRESENTATION('',(#4783),#4787);
#4783 = LINE('',#4784,#4785);
#4784 = CARTESIAN_POINT('',(0.,-0.33));
#4785 = VECTOR('',#4786,1.);
#4786 = DIRECTION('',(1.,0.));
#4787 = ( GEOMETRIC_REPRESENTATION_CONTEXT(2) 
PARAMETRIC_REPRESENTATION_CONTEXT() REPRESENTATION_CONTEXT('2D SPACE',''
  ) );
#4788 = PCURVE('',#4789,#4794);
#4789 = PLANE('',#4790);
#4790 = AXIS2_PLACEMENT_3D('',#4791,#4792,#4793);
#4791 = CARTESIAN_POINT('',(-9.941998149945,-18.37338863072,0.39));
#4792 = DIRECTION('',(-0.612372435696,0.353553390593,-0.707106781187));
#4793 = DIRECTION('',(-0.5,-0.866025403784,0.));
#4794 = DEFINITIONAL_REPRESENTATION('',(#4795),#4799);
#4795 = LINE('',#4796,#4797);
#4796 = CARTESIAN_POINT('',(0.,-8.485281374239E-02));
#4797 = VECTOR('',#4798,1.);
#4798 = DIRECTION('',(1.,0.));
#4799 = ( GEOMETRIC_REPRESENTATION_CONTEXT(2) 
PARAMETRIC_REPRESENTATION_CONTEXT() REPRESENTATION_CONTEXT('2D SPACE',''
  ) );
#4800 = ORIENTED_EDGE('',*,*,#4801,.F.);
#4801 = EDGE_CURVE('',#4802,#4774,#4804,.T.);
#4802 = VERTEX_POINT('',#4803);
#4803 = CARTESIAN_POINT('',(-11.29071360261,-20.8294323197,0.));
#4804 = SURFACE_CURVE('',#4805,(#4809,#4816),.PCURVE_S1.);
#4805 = LINE('',#4806,#4807);
#4806 = CARTESIAN_POINT('',(-11.29071360261,-20.8294323197,0.));
#4807 = VECTOR('',#4808,1.);
#4808 = DIRECTION('',(0.,-0.,1.));
#4809 = PCURVE('',#4749,#4810);
#4810 = DEFINITIONAL_REPRESENTATION('',(#4811),#4815);
#4811 = LINE('',#4812,#4813);
#4812 = CARTESIAN_POINT('',(2.801353953789,0.));
#4813 = VECTOR('',#4814,1.);
#4814 = DIRECTION('',(0.,-1.));
#4815 = ( GEOMETRIC_REPRESENTATION_CONTEXT(2) 
PARAMETRIC_REPRESENTATION_CONTEXT() REPRESENTATION_CONTEXT('2D SPACE',''
  ) );
#4816 = PCURVE('',#4817,#4822);
#4817 = PLANE('',#4818);
#4818 = AXIS2_PLACEMENT_3D('',#4819,#4820,#4821);
#4819 = CARTESIAN_POINT('',(-11.29071360261,-20.8294323197,0.));
#4820 = DIRECTION('',(-0.5,-0.866025403784,0.));
#4821 = DIRECTION('',(-0.866025403784,0.5,0.));
#4822 = DEFINITIONAL_REPRESENTATION('',(#4823),#4827);
#4823 = LINE('',#4824,#4825);
#4824 = CARTESIAN_POINT('',(0.,0.));
#4825 = VECTOR('',#4826,1.);
#4826 = DIRECTION('',(0.,-1.));
#4827 = ( GEOMETRIC_REPRESENTATION_CONTEXT(2) 
PARAMETRIC_REPRESENTATION_CONTEXT() REPRESENTATION_CONTEXT('2D SPACE',''
  ) );
#4828 = ORIENTED_EDGE('',*,*,#4829,.F.);
#4829 = EDGE_CURVE('',#4739,#4802,#4830,.T.);
#4830 = SURFACE_CURVE('',#4831,(#4835,#4842),.PCURVE_S1.);
#4831 = LINE('',#4832,#4833);
#4832 = CARTESIAN_POINT('',(-9.890036625718,-18.40338863072,0.));
#4833 = VECTOR('',#4834,1.);
#4834 = DIRECTION('',(-0.5,-0.866025403784,0.));
#4835 = PCURVE('',#4749,#4836);
#4836 = DEFINITIONAL_REPRESENTATION('',(#4837),#4841);
#4837 = LINE('',#4838,#4839);
#4838 = CARTESIAN_POINT('',(0.,0.));
#4839 = VECTOR('',#4840,1.);
#4840 = DIRECTION('',(1.,0.));
#4841 = ( GEOMETRIC_REPRESENTATION_CONTEXT(2) 
PARAMETRIC_REPRESENTATION_CONTEXT() REPRESENTATION_CONTEXT('2D SPACE',''
  ) );
#4842 = PCURVE('',#4843,#4848);
#4843 = PLANE('',#4844);
#4844 = AXIS2_PLACEMENT_3D('',#4845,#4846,#4847);
#4845 = CARTESIAN_POINT('',(-11.14174867984,-19.29807479864,0.));
#4846 = DIRECTION('',(-0.,-0.,-1.));
#4847 = DIRECTION('',(-1.,0.,0.));
#4848 = DEFINITIONAL_REPRESENTATION('',(#4849),#4853);
#4849 = LINE('',#4850,#4851);
#4850 = CARTESIAN_POINT('',(-1.251712054123,0.89468616792));
#4851 = VECTOR('',#4852,1.);
#4852 = DIRECTION('',(0.5,-0.866025403784));
#4853 = ( GEOMETRIC_REPRESENTATION_CONTEXT(2) 
PARAMETRIC_REPRESENTATION_CONTEXT() REPRESENTATION_CONTEXT('2D SPACE',''
  ) );
#4854 = ADVANCED_FACE('',(#4855),#4761,.T.);
#4855 = FACE_BOUND('',#4856,.T.);
#4856 = EDGE_LOOP('',(#4857,#4887,#4913,#4914));
#4857 = ORIENTED_EDGE('',*,*,#4858,.T.);
#4858 = EDGE_CURVE('',#4859,#4861,#4863,.T.);
#4859 = VERTEX_POINT('',#4860);
#4860 = CARTESIAN_POINT('',(-10.99278375706,-17.76671727759,0.));
#4861 = VERTEX_POINT('',#4862);
#4862 = CARTESIAN_POINT('',(-10.99278375706,-17.76671727759,0.33));
#4863 = SURFACE_CURVE('',#4864,(#4868,#4875),.PCURVE_S1.);
#4864 = LINE('',#4865,#4866);
#4865 = CARTESIAN_POINT('',(-10.99278375706,-17.76671727759,0.));
#4866 = VECTOR('',#4867,1.);
#4867 = DIRECTION('',(0.,-0.,1.));
#4868 = PCURVE('',#4761,#4869);
#4869 = DEFINITIONAL_REPRESENTATION('',(#4870),#4874);
#4870 = LINE('',#4871,#4872);
#4871 = CARTESIAN_POINT('',(0.,0.));
#4872 = VECTOR('',#4873,1.);
#4873 = DIRECTION('',(0.,-1.));
#4874 = ( GEOMETRIC_REPRESENTATION_CONTEXT(2) 
PARAMETRIC_REPRESENTATION_CONTEXT() REPRESENTATION_CONTEXT('2D SPACE',''
  ) );
#4875 = PCURVE('',#4876,#4881);
#4876 = PLANE('',#4877);
#4877 = AXIS2_PLACEMENT_3D('',#4878,#4879,#4880);
#4878 = CARTESIAN_POINT('',(-12.39346073396,-20.19276096656,0.));
#4879 = DIRECTION('',(-0.866025403784,0.5,0.));
#4880 = DIRECTION('',(0.5,0.866025403784,0.));
#4881 = DEFINITIONAL_REPRESENTATION('',(#4882),#4886);
#4882 = LINE('',#4883,#4884);
#4883 = CARTESIAN_POINT('',(2.801353953789,0.));
#4884 = VECTOR('',#4885,1.);
#4885 = DIRECTION('',(0.,-1.));
#4886 = ( GEOMETRIC_REPRESENTATION_CONTEXT(2) 
PARAMETRIC_REPRESENTATION_CONTEXT() REPRESENTATION_CONTEXT('2D SPACE',''
  ) );
#4887 = ORIENTED_EDGE('',*,*,#4888,.T.);
#4888 = EDGE_CURVE('',#4861,#4741,#4889,.T.);
#4889 = SURFACE_CURVE('',#4890,(#4894,#4901),.PCURVE_S1.);
#4890 = LINE('',#4891,#4892);
#4891 = CARTESIAN_POINT('',(-10.99278375706,-17.76671727759,0.33));
#4892 = VECTOR('',#4893,1.);
#4893 = DIRECTION('',(0.866025403784,-0.5,0.));
#4894 = PCURVE('',#4761,#4895);
#4895 = DEFINITIONAL_REPRESENTATION('',(#4896),#4900);
#4896 = LINE('',#4897,#4898);
#4897 = CARTESIAN_POINT('',(0.,-0.33));
#4898 = VECTOR('',#4899,1.);
#4899 = DIRECTION('',(1.,0.));
#4900 = ( GEOMETRIC_REPRESENTATION_CONTEXT(2) 
PARAMETRIC_REPRESENTATION_CONTEXT() REPRESENTATION_CONTEXT('2D SPACE',''
  ) );
#4901 = PCURVE('',#4902,#4907);
#4902 = PLANE('',#4903);
#4903 = AXIS2_PLACEMENT_3D('',#4904,#4905,#4906);
#4904 = CARTESIAN_POINT('',(-11.02278375706,-17.81867880182,0.39));
#4905 = DIRECTION('',(-0.353553390593,-0.612372435696,-0.707106781187));
#4906 = DIRECTION('',(0.866025403784,-0.5,-2.775557561563E-17));
#4907 = DEFINITIONAL_REPRESENTATION('',(#4908),#4912);
#4908 = LINE('',#4909,#4910);
#4909 = CARTESIAN_POINT('',(0.,-8.485281374239E-02));
#4910 = VECTOR('',#4911,1.);
#4911 = DIRECTION('',(1.,0.));
#4912 = ( GEOMETRIC_REPRESENTATION_CONTEXT(2) 
PARAMETRIC_REPRESENTATION_CONTEXT() REPRESENTATION_CONTEXT('2D SPACE',''
  ) );
#4913 = ORIENTED_EDGE('',*,*,#4738,.F.);
#4914 = ORIENTED_EDGE('',*,*,#4915,.F.);
#4915 = EDGE_CURVE('',#4859,#4739,#4916,.T.);
#4916 = SURFACE_CURVE('',#4917,(#4921,#4928),.PCURVE_S1.);
#4917 = LINE('',#4918,#4919);
#4918 = CARTESIAN_POINT('',(-10.99278375706,-17.76671727759,0.));
#4919 = VECTOR('',#4920,1.);
#4920 = DIRECTION('',(0.866025403784,-0.5,0.));
#4921 = PCURVE('',#4761,#4922);
#4922 = DEFINITIONAL_REPRESENTATION('',(#4923),#4927);
#4923 = LINE('',#4924,#4925);
#4924 = CARTESIAN_POINT('',(0.,0.));
#4925 = VECTOR('',#4926,1.);
#4926 = DIRECTION('',(1.,0.));
#4927 = ( GEOMETRIC_REPRESENTATION_CONTEXT(2) 
PARAMETRIC_REPRESENTATION_CONTEXT() REPRESENTATION_CONTEXT('2D SPACE',''
  ) );
#4928 = PCURVE('',#4843,#4929);
#4929 = DEFINITIONAL_REPRESENTATION('',(#4930),#4934);
#4930 = LINE('',#4931,#4932);
#4931 = CARTESIAN_POINT('',(-0.148964922771,1.531357521053));
#4932 = VECTOR('',#4933,1.);
#4933 = DIRECTION('',(-0.866025403784,-0.5));
#4934 = ( GEOMETRIC_REPRESENTATION_CONTEXT(2) 
PARAMETRIC_REPRESENTATION_CONTEXT() REPRESENTATION_CONTEXT('2D SPACE',''
  ) );
#4935 = ADVANCED_FACE('',(#4936),#4789,.F.);
#4936 = FACE_BOUND('',#4937,.F.);
#4937 = EDGE_LOOP('',(#4938,#4961,#4962,#4990));
#4938 = ORIENTED_EDGE('',*,*,#4939,.F.);
#4939 = EDGE_CURVE('',#4741,#4940,#4942,.T.);
#4940 = VERTEX_POINT('',#4941);
#4941 = CARTESIAN_POINT('',(-10.05395967417,-18.44731167918,0.45));
#4942 = SURFACE_CURVE('',#4943,(#4947,#4954),.PCURVE_S1.);
#4943 = LINE('',#4944,#4945);
#4944 = CARTESIAN_POINT('',(-10.23458072261,-18.49570894324,
    0.582223784378));
#4945 = VECTOR('',#4946,1.);
#4946 = DIRECTION('',(-0.788675134595,-0.211324865405,0.57735026919));
#4947 = PCURVE('',#4789,#4948);
#4948 = DEFINITIONAL_REPRESENTATION('',(#4949),#4953);
#4949 = LINE('',#4950,#4951);
#4950 = CARTESIAN_POINT('',(0.252223784378,0.271845482878));
#4951 = VECTOR('',#4952,1.);
#4952 = DIRECTION('',(0.57735026919,0.816496580928));
#4953 = ( GEOMETRIC_REPRESENTATION_CONTEXT(2) 
PARAMETRIC_REPRESENTATION_CONTEXT() REPRESENTATION_CONTEXT('2D SPACE',''
  ) );
#4954 = PCURVE('',#4902,#4955);
#4955 = DEFINITIONAL_REPRESENTATION('',(#4956),#4960);
#4956 = LINE('',#4957,#4958);
#4957 = CARTESIAN_POINT('',(1.02111892189,0.271845482878));
#4958 = VECTOR('',#4959,1.);
#4959 = DIRECTION('',(-0.57735026919,0.816496580928));
#4960 = ( GEOMETRIC_REPRESENTATION_CONTEXT(2) 
PARAMETRIC_REPRESENTATION_CONTEXT() REPRESENTATION_CONTEXT('2D SPACE',''
  ) );
#4961 = ORIENTED_EDGE('',*,*,#4773,.T.);
#4962 = ORIENTED_EDGE('',*,*,#4963,.T.);
#4963 = EDGE_CURVE('',#4774,#4964,#4966,.T.);
#4964 = VERTEX_POINT('',#4965);
#4965 = CARTESIAN_POINT('',(-11.33463665106,-20.66550927124,0.45));
#4966 = SURFACE_CURVE('',#4967,(#4971,#4978),.PCURVE_S1.);
#4967 = LINE('',#4968,#4969);
#4968 = CARTESIAN_POINT('',(-11.47624907077,-20.1370045259,
    0.836892325631));
#4969 = VECTOR('',#4970,1.);
#4970 = DIRECTION('',(-0.211324865405,0.788675134595,0.57735026919));
#4971 = PCURVE('',#4789,#4972);
#4972 = DEFINITIONAL_REPRESENTATION('',(#4973),#4977);
#4973 = LINE('',#4974,#4975);
#4974 = CARTESIAN_POINT('',(2.294461628157,0.632001187828));
#4975 = VECTOR('',#4976,1.);
#4976 = DIRECTION('',(-0.57735026919,0.816496580928));
#4977 = ( GEOMETRIC_REPRESENTATION_CONTEXT(2) 
PARAMETRIC_REPRESENTATION_CONTEXT() REPRESENTATION_CONTEXT('2D SPACE',''
  ) );
#4978 = PCURVE('',#4979,#4984);
#4979 = PLANE('',#4980);
#4980 = AXIS2_PLACEMENT_3D('',#4981,#4982,#4983);
#4981 = CARTESIAN_POINT('',(-11.26071360261,-20.77747079547,0.39));
#4982 = DIRECTION('',(0.353553390593,0.612372435696,-0.707106781187));
#4983 = DIRECTION('',(-0.866025403784,0.5,0.));
#4984 = DEFINITIONAL_REPRESENTATION('',(#4985),#4989);
#4985 = LINE('',#4986,#4987);
#4986 = CARTESIAN_POINT('',(0.506892325631,0.632001187828));
#4987 = VECTOR('',#4988,1.);
#4988 = DIRECTION('',(0.57735026919,0.816496580928));
#4989 = ( GEOMETRIC_REPRESENTATION_CONTEXT(2) 
PARAMETRIC_REPRESENTATION_CONTEXT() REPRESENTATION_CONTEXT('2D SPACE',''
  ) );
#4990 = ORIENTED_EDGE('',*,*,#4991,.F.);
#4991 = EDGE_CURVE('',#4940,#4964,#4992,.T.);
#4992 = SURFACE_CURVE('',#4993,(#4997,#5004),.PCURVE_S1.);
#4993 = LINE('',#4994,#4995);
#4994 = CARTESIAN_POINT('',(-9.993959674172,-18.34338863072,0.45));
#4995 = VECTOR('',#4996,1.);
#4996 = DIRECTION('',(-0.5,-0.866025403784,0.));
#4997 = PCURVE('',#4789,#4998);
#4998 = DEFINITIONAL_REPRESENTATION('',(#4999),#5003);
#4999 = LINE('',#5000,#5001);
#5000 = CARTESIAN_POINT('',(3.552713678801E-15,8.485281374238E-02));
#5001 = VECTOR('',#5002,1.);
#5002 = DIRECTION('',(1.,0.));
#5003 = ( GEOMETRIC_REPRESENTATION_CONTEXT(2) 
PARAMETRIC_REPRESENTATION_CONTEXT() REPRESENTATION_CONTEXT('2D SPACE',''
  ) );
#5004 = PCURVE('',#5005,#5010);
#5005 = PLANE('',#5006);
#5006 = AXIS2_PLACEMENT_3D('',#5007,#5008,#5009);
#5007 = CARTESIAN_POINT('',(-11.14174867984,-19.29807479864,0.45));
#5008 = DIRECTION('',(-0.,-0.,-1.));
#5009 = DIRECTION('',(-1.,0.,0.));
#5010 = DEFINITIONAL_REPRESENTATION('',(#5011),#5015);
#5011 = LINE('',#5012,#5013);
#5012 = CARTESIAN_POINT('',(-1.147789005669,0.95468616792));
#5013 = VECTOR('',#5014,1.);
#5014 = DIRECTION('',(0.5,-0.866025403784));
#5015 = ( GEOMETRIC_REPRESENTATION_CONTEXT(2) 
PARAMETRIC_REPRESENTATION_CONTEXT() REPRESENTATION_CONTEXT('2D SPACE',''
  ) );
#5016 = ADVANCED_FACE('',(#5017),#4843,.T.);
#5017 = FACE_BOUND('',#5018,.T.);
#5018 = EDGE_LOOP('',(#5019,#5020,#5043,#5064));
#5019 = ORIENTED_EDGE('',*,*,#4829,.T.);
#5020 = ORIENTED_EDGE('',*,*,#5021,.T.);
#5021 = EDGE_CURVE('',#4802,#5022,#5024,.T.);
#5022 = VERTEX_POINT('',#5023);
#5023 = CARTESIAN_POINT('',(-12.39346073396,-20.19276096656,0.));
#5024 = SURFACE_CURVE('',#5025,(#5029,#5036),.PCURVE_S1.);
#5025 = LINE('',#5026,#5027);
#5026 = CARTESIAN_POINT('',(-11.29071360261,-20.8294323197,0.));
#5027 = VECTOR('',#5028,1.);
#5028 = DIRECTION('',(-0.866025403784,0.5,0.));
#5029 = PCURVE('',#4843,#5030);
#5030 = DEFINITIONAL_REPRESENTATION('',(#5031),#5035);
#5031 = LINE('',#5032,#5033);
#5032 = CARTESIAN_POINT('',(0.148964922771,-1.531357521053));
#5033 = VECTOR('',#5034,1.);
#5034 = DIRECTION('',(0.866025403784,0.5));
#5035 = ( GEOMETRIC_REPRESENTATION_CONTEXT(2) 
PARAMETRIC_REPRESENTATION_CONTEXT() REPRESENTATION_CONTEXT('2D SPACE',''
  ) );
#5036 = PCURVE('',#4817,#5037);
#5037 = DEFINITIONAL_REPRESENTATION('',(#5038),#5042);
#5038 = LINE('',#5039,#5040);
#5039 = CARTESIAN_POINT('',(0.,0.));
#5040 = VECTOR('',#5041,1.);
#5041 = DIRECTION('',(1.,0.));
#5042 = ( GEOMETRIC_REPRESENTATION_CONTEXT(2) 
PARAMETRIC_REPRESENTATION_CONTEXT() REPRESENTATION_CONTEXT('2D SPACE',''
  ) );
#5043 = ORIENTED_EDGE('',*,*,#5044,.T.);
#5044 = EDGE_CURVE('',#5022,#4859,#5045,.T.);
#5045 = SURFACE_CURVE('',#5046,(#5050,#5057),.PCURVE_S1.);
#5046 = LINE('',#5047,#5048);
#5047 = CARTESIAN_POINT('',(-12.39346073396,-20.19276096656,0.));
#5048 = VECTOR('',#5049,1.);
#5049 = DIRECTION('',(0.5,0.866025403784,0.));
#5050 = PCURVE('',#4843,#5051);
#5051 = DEFINITIONAL_REPRESENTATION('',(#5052),#5056);
#5052 = LINE('',#5053,#5054);
#5053 = CARTESIAN_POINT('',(1.251712054123,-0.89468616792));
#5054 = VECTOR('',#5055,1.);
#5055 = DIRECTION('',(-0.5,0.866025403784));
#5056 = ( GEOMETRIC_REPRESENTATION_CONTEXT(2) 
PARAMETRIC_REPRESENTATION_CONTEXT() REPRESENTATION_CONTEXT('2D SPACE',''
  ) );
#5057 = PCURVE('',#4876,#5058);
#5058 = DEFINITIONAL_REPRESENTATION('',(#5059),#5063);
#5059 = LINE('',#5060,#5061);
#5060 = CARTESIAN_POINT('',(0.,0.));
#5061 = VECTOR('',#5062,1.);
#5062 = DIRECTION('',(1.,0.));
#5063 = ( GEOMETRIC_REPRESENTATION_CONTEXT(2) 
PARAMETRIC_REPRESENTATION_CONTEXT() REPRESENTATION_CONTEXT('2D SPACE',''
  ) );
#5064 = ORIENTED_EDGE('',*,*,#4915,.T.);
#5065 = ADVANCED_FACE('',(#5066),#4817,.T.);
#5066 = FACE_BOUND('',#5067,.T.);
#5067 = EDGE_LOOP('',(#5068,#5069,#5092,#5113));
#5068 = ORIENTED_EDGE('',*,*,#4801,.T.);
#5069 = ORIENTED_EDGE('',*,*,#5070,.T.);
#5070 = EDGE_CURVE('',#4774,#5071,#5073,.T.);
#5071 = VERTEX_POINT('',#5072);
#5072 = CARTESIAN_POINT('',(-12.39346073396,-20.19276096656,0.33));
#5073 = SURFACE_CURVE('',#5074,(#5078,#5085),.PCURVE_S1.);
#5074 = LINE('',#5075,#5076);
#5075 = CARTESIAN_POINT('',(-11.29071360261,-20.8294323197,0.33));
#5076 = VECTOR('',#5077,1.);
#5077 = DIRECTION('',(-0.866025403784,0.5,0.));
#5078 = PCURVE('',#4817,#5079);
#5079 = DEFINITIONAL_REPRESENTATION('',(#5080),#5084);
#5080 = LINE('',#5081,#5082);
#5081 = CARTESIAN_POINT('',(0.,-0.33));
#5082 = VECTOR('',#5083,1.);
#5083 = DIRECTION('',(1.,0.));
#5084 = ( GEOMETRIC_REPRESENTATION_CONTEXT(2) 
PARAMETRIC_REPRESENTATION_CONTEXT() REPRESENTATION_CONTEXT('2D SPACE',''
  ) );
#5085 = PCURVE('',#4979,#5086);
#5086 = DEFINITIONAL_REPRESENTATION('',(#5087),#5091);
#5087 = LINE('',#5088,#5089);
#5088 = CARTESIAN_POINT('',(3.552713678801E-15,-8.485281374238E-02));
#5089 = VECTOR('',#5090,1.);
#5090 = DIRECTION('',(1.,0.));
#5091 = ( GEOMETRIC_REPRESENTATION_CONTEXT(2) 
PARAMETRIC_REPRESENTATION_CONTEXT() REPRESENTATION_CONTEXT('2D SPACE',''
  ) );
#5092 = ORIENTED_EDGE('',*,*,#5093,.F.);
#5093 = EDGE_CURVE('',#5022,#5071,#5094,.T.);
#5094 = SURFACE_CURVE('',#5095,(#5099,#5106),.PCURVE_S1.);
#5095 = LINE('',#5096,#5097);
#5096 = CARTESIAN_POINT('',(-12.39346073396,-20.19276096656,0.));
#5097 = VECTOR('',#5098,1.);
#5098 = DIRECTION('',(0.,-0.,1.));
#5099 = PCURVE('',#4817,#5100);
#5100 = DEFINITIONAL_REPRESENTATION('',(#5101),#5105);
#5101 = LINE('',#5102,#5103);
#5102 = CARTESIAN_POINT('',(1.273342706268,0.));
#5103 = VECTOR('',#5104,1.);
#5104 = DIRECTION('',(0.,-1.));
#5105 = ( GEOMETRIC_REPRESENTATION_CONTEXT(2) 
PARAMETRIC_REPRESENTATION_CONTEXT() REPRESENTATION_CONTEXT('2D SPACE',''
  ) );
#5106 = PCURVE('',#4876,#5107);
#5107 = DEFINITIONAL_REPRESENTATION('',(#5108),#5112);
#5108 = LINE('',#5109,#5110);
#5109 = CARTESIAN_POINT('',(0.,0.));
#5110 = VECTOR('',#5111,1.);
#5111 = DIRECTION('',(0.,-1.));
#5112 = ( GEOMETRIC_REPRESENTATION_CONTEXT(2) 
PARAMETRIC_REPRESENTATION_CONTEXT() REPRESENTATION_CONTEXT('2D SPACE',''
  ) );
#5113 = ORIENTED_EDGE('',*,*,#5021,.F.);
#5114 = ADVANCED_FACE('',(#5115),#4876,.T.);
#5115 = FACE_BOUND('',#5116,.T.);
#5116 = EDGE_LOOP('',(#5117,#5118,#5144,#5145));
#5117 = ORIENTED_EDGE('',*,*,#5093,.T.);
#5118 = ORIENTED_EDGE('',*,*,#5119,.T.);
#5119 = EDGE_CURVE('',#5071,#4861,#5120,.T.);
#5120 = SURFACE_CURVE('',#5121,(#5125,#5132),.PCURVE_S1.);
#5121 = LINE('',#5122,#5123);
#5122 = CARTESIAN_POINT('',(-12.39346073396,-20.19276096656,0.33));
#5123 = VECTOR('',#5124,1.);
#5124 = DIRECTION('',(0.5,0.866025403784,0.));
#5125 = PCURVE('',#4876,#5126);
#5126 = DEFINITIONAL_REPRESENTATION('',(#5127),#5131);
#5127 = LINE('',#5128,#5129);
#5128 = CARTESIAN_POINT('',(0.,-0.33));
#5129 = VECTOR('',#5130,1.);
#5130 = DIRECTION('',(1.,0.));
#5131 = ( GEOMETRIC_REPRESENTATION_CONTEXT(2) 
PARAMETRIC_REPRESENTATION_CONTEXT() REPRESENTATION_CONTEXT('2D SPACE',''
  ) );
#5132 = PCURVE('',#5133,#5138);
#5133 = PLANE('',#5134);
#5134 = AXIS2_PLACEMENT_3D('',#5135,#5136,#5137);
#5135 = CARTESIAN_POINT('',(-12.34149920973,-20.22276096656,0.39));
#5136 = DIRECTION('',(0.612372435696,-0.353553390593,-0.707106781187));
#5137 = DIRECTION('',(0.5,0.866025403784,-2.775557561563E-17));
#5138 = DEFINITIONAL_REPRESENTATION('',(#5139),#5143);
#5139 = LINE('',#5140,#5141);
#5140 = CARTESIAN_POINT('',(-7.105427357601E-15,-8.485281374239E-02));
#5141 = VECTOR('',#5142,1.);
#5142 = DIRECTION('',(1.,0.));
#5143 = ( GEOMETRIC_REPRESENTATION_CONTEXT(2) 
PARAMETRIC_REPRESENTATION_CONTEXT() REPRESENTATION_CONTEXT('2D SPACE',''
  ) );
#5144 = ORIENTED_EDGE('',*,*,#4858,.F.);
#5145 = ORIENTED_EDGE('',*,*,#5044,.F.);
#5146 = ADVANCED_FACE('',(#5147),#4902,.F.);
#5147 = FACE_BOUND('',#5148,.F.);
#5148 = EDGE_LOOP('',(#5149,#5172,#5173,#5174));
#5149 = ORIENTED_EDGE('',*,*,#5150,.F.);
#5150 = EDGE_CURVE('',#4861,#5151,#5153,.T.);
#5151 = VERTEX_POINT('',#5152);
#5152 = CARTESIAN_POINT('',(-10.94886070861,-17.93064032604,0.45));
#5153 = SURFACE_CURVE('',#5154,(#5158,#5165),.PCURVE_S1.);
#5154 = LINE('',#5155,#5156);
#5155 = CARTESIAN_POINT('',(-10.8072482889,-18.45914507139,
    0.836892325631));
#5156 = VECTOR('',#5157,1.);
#5157 = DIRECTION('',(0.211324865405,-0.788675134595,0.57735026919));
#5158 = PCURVE('',#4902,#5159);
#5159 = DEFINITIONAL_REPRESENTATION('',(#5160),#5164);
#5160 = LINE('',#5161,#5162);
#5161 = CARTESIAN_POINT('',(0.506892325631,0.632001187828));
#5162 = VECTOR('',#5163,1.);
#5163 = DIRECTION('',(0.57735026919,0.816496580928));
#5164 = ( GEOMETRIC_REPRESENTATION_CONTEXT(2) 
PARAMETRIC_REPRESENTATION_CONTEXT() REPRESENTATION_CONTEXT('2D SPACE',''
  ) );
#5165 = PCURVE('',#5133,#5166);
#5166 = DEFINITIONAL_REPRESENTATION('',(#5167),#5171);
#5167 = LINE('',#5168,#5169);
#5168 = CARTESIAN_POINT('',(2.294461628157,0.632001187828));
#5169 = VECTOR('',#5170,1.);
#5170 = DIRECTION('',(-0.57735026919,0.816496580928));
#5171 = ( GEOMETRIC_REPRESENTATION_CONTEXT(2) 
PARAMETRIC_REPRESENTATION_CONTEXT() REPRESENTATION_CONTEXT('2D SPACE',''
  ) );
#5172 = ORIENTED_EDGE('',*,*,#4888,.T.);
#5173 = ORIENTED_EDGE('',*,*,#4939,.T.);
#5174 = ORIENTED_EDGE('',*,*,#5175,.F.);
#5175 = EDGE_CURVE('',#5151,#4940,#5176,.T.);
#5176 = SURFACE_CURVE('',#5177,(#5181,#5188),.PCURVE_S1.);
#5177 = LINE('',#5178,#5179);
#5178 = CARTESIAN_POINT('',(-11.05278375706,-17.87064032604,0.45));
#5179 = VECTOR('',#5180,1.);
#5180 = DIRECTION('',(0.866025403784,-0.5,0.));
#5181 = PCURVE('',#4902,#5182);
#5182 = DEFINITIONAL_REPRESENTATION('',(#5183),#5187);
#5183 = LINE('',#5184,#5185);
#5184 = CARTESIAN_POINT('',(0.,8.485281374239E-02));
#5185 = VECTOR('',#5186,1.);
#5186 = DIRECTION('',(1.,0.));
#5187 = ( GEOMETRIC_REPRESENTATION_CONTEXT(2) 
PARAMETRIC_REPRESENTATION_CONTEXT() REPRESENTATION_CONTEXT('2D SPACE',''
  ) );
#5188 = PCURVE('',#5005,#5189);
#5189 = DEFINITIONAL_REPRESENTATION('',(#5190),#5194);
#5190 = LINE('',#5191,#5192);
#5191 = CARTESIAN_POINT('',(-8.896492277148E-02,1.427434472599));
#5192 = VECTOR('',#5193,1.);
#5193 = DIRECTION('',(-0.866025403784,-0.5));
#5194 = ( GEOMETRIC_REPRESENTATION_CONTEXT(2) 
PARAMETRIC_REPRESENTATION_CONTEXT() REPRESENTATION_CONTEXT('2D SPACE',''
  ) );
#5195 = ADVANCED_FACE('',(#5196),#5005,.F.);
#5196 = FACE_BOUND('',#5197,.F.);
#5197 = EDGE_LOOP('',(#5198,#5199,#5222,#5243));
#5198 = ORIENTED_EDGE('',*,*,#4991,.T.);
#5199 = ORIENTED_EDGE('',*,*,#5200,.T.);
#5200 = EDGE_CURVE('',#4964,#5201,#5203,.T.);
#5201 = VERTEX_POINT('',#5202);
#5202 = CARTESIAN_POINT('',(-12.2295376855,-20.14883791811,0.45));
#5203 = SURFACE_CURVE('',#5204,(#5208,#5215),.PCURVE_S1.);
#5204 = LINE('',#5205,#5206);
#5205 = CARTESIAN_POINT('',(-11.23071360261,-20.72550927124,0.45));
#5206 = VECTOR('',#5207,1.);
#5207 = DIRECTION('',(-0.866025403784,0.5,0.));
#5208 = PCURVE('',#5005,#5209);
#5209 = DEFINITIONAL_REPRESENTATION('',(#5210),#5214);
#5210 = LINE('',#5211,#5212);
#5211 = CARTESIAN_POINT('',(8.896492277148E-02,-1.427434472599));
#5212 = VECTOR('',#5213,1.);
#5213 = DIRECTION('',(0.866025403784,0.5));
#5214 = ( GEOMETRIC_REPRESENTATION_CONTEXT(2) 
PARAMETRIC_REPRESENTATION_CONTEXT() REPRESENTATION_CONTEXT('2D SPACE',''
  ) );
#5215 = PCURVE('',#4979,#5216);
#5216 = DEFINITIONAL_REPRESENTATION('',(#5217),#5221);
#5217 = LINE('',#5218,#5219);
#5218 = CARTESIAN_POINT('',(1.7763568394E-15,8.485281374239E-02));
#5219 = VECTOR('',#5220,1.);
#5220 = DIRECTION('',(1.,0.));
#5221 = ( GEOMETRIC_REPRESENTATION_CONTEXT(2) 
PARAMETRIC_REPRESENTATION_CONTEXT() REPRESENTATION_CONTEXT('2D SPACE',''
  ) );
#5222 = ORIENTED_EDGE('',*,*,#5223,.T.);
#5223 = EDGE_CURVE('',#5201,#5151,#5224,.T.);
#5224 = SURFACE_CURVE('',#5225,(#5229,#5236),.PCURVE_S1.);
#5225 = LINE('',#5226,#5227);
#5226 = CARTESIAN_POINT('',(-12.2895376855,-20.25276096656,0.45));
#5227 = VECTOR('',#5228,1.);
#5228 = DIRECTION('',(0.5,0.866025403784,0.));
#5229 = PCURVE('',#5005,#5230);
#5230 = DEFINITIONAL_REPRESENTATION('',(#5231),#5235);
#5231 = LINE('',#5232,#5233);
#5232 = CARTESIAN_POINT('',(1.147789005669,-0.95468616792));
#5233 = VECTOR('',#5234,1.);
#5234 = DIRECTION('',(-0.5,0.866025403784));
#5235 = ( GEOMETRIC_REPRESENTATION_CONTEXT(2) 
PARAMETRIC_REPRESENTATION_CONTEXT() REPRESENTATION_CONTEXT('2D SPACE',''
  ) );
#5236 = PCURVE('',#5133,#5237);
#5237 = DEFINITIONAL_REPRESENTATION('',(#5238),#5242);
#5238 = LINE('',#5239,#5240);
#5239 = CARTESIAN_POINT('',(-3.552713678801E-15,8.485281374239E-02));
#5240 = VECTOR('',#5241,1.);
#5241 = DIRECTION('',(1.,0.));
#5242 = ( GEOMETRIC_REPRESENTATION_CONTEXT(2) 
PARAMETRIC_REPRESENTATION_CONTEXT() REPRESENTATION_CONTEXT('2D SPACE',''
  ) );
#5243 = ORIENTED_EDGE('',*,*,#5175,.T.);
#5244 = ADVANCED_FACE('',(#5245),#4979,.F.);
#5245 = FACE_BOUND('',#5246,.F.);
#5246 = EDGE_LOOP('',(#5247,#5248,#5249,#5270));
#5247 = ORIENTED_EDGE('',*,*,#4963,.F.);
#5248 = ORIENTED_EDGE('',*,*,#5070,.T.);
#5249 = ORIENTED_EDGE('',*,*,#5250,.T.);
#5250 = EDGE_CURVE('',#5071,#5201,#5251,.T.);
#5251 = SURFACE_CURVE('',#5252,(#5256,#5263),.PCURVE_S1.);
#5252 = LINE('',#5253,#5254);
#5253 = CARTESIAN_POINT('',(-12.04891663706,-20.10044065404,
    0.582223784378));
#5254 = VECTOR('',#5255,1.);
#5255 = DIRECTION('',(0.788675134595,0.211324865405,0.57735026919));
#5256 = PCURVE('',#4979,#5257);
#5257 = DEFINITIONAL_REPRESENTATION('',(#5258),#5262);
#5258 = LINE('',#5259,#5260);
#5259 = CARTESIAN_POINT('',(1.02111892189,0.271845482878));
#5260 = VECTOR('',#5261,1.);
#5261 = DIRECTION('',(-0.57735026919,0.816496580928));
#5262 = ( GEOMETRIC_REPRESENTATION_CONTEXT(2) 
PARAMETRIC_REPRESENTATION_CONTEXT() REPRESENTATION_CONTEXT('2D SPACE',''
  ) );
#5263 = PCURVE('',#5133,#5264);
#5264 = DEFINITIONAL_REPRESENTATION('',(#5265),#5269);
#5265 = LINE('',#5266,#5267);
#5266 = CARTESIAN_POINT('',(0.252223784378,0.271845482878));
#5267 = VECTOR('',#5268,1.);
#5268 = DIRECTION('',(0.57735026919,0.816496580928));
#5269 = ( GEOMETRIC_REPRESENTATION_CONTEXT(2) 
PARAMETRIC_REPRESENTATION_CONTEXT() REPRESENTATION_CONTEXT('2D SPACE',''
  ) );
#5270 = ORIENTED_EDGE('',*,*,#5200,.F.);
#5271 = ADVANCED_FACE('',(#5272),#5133,.F.);
#5272 = FACE_BOUND('',#5273,.F.);
#5273 = EDGE_LOOP('',(#5274,#5275,#5276,#5277));
#5274 = ORIENTED_EDGE('',*,*,#5250,.F.);
#5275 = ORIENTED_EDGE('',*,*,#5119,.T.);
#5276 = ORIENTED_EDGE('',*,*,#5150,.T.);
#5277 = ORIENTED_EDGE('',*,*,#5223,.F.);
#5278 = MANIFOLD_SOLID_BREP('',#5279);
#5279 = CLOSED_SHELL('',(#5280,#5400,#5481,#5562,#5611,#5660,#5692,#5741
    ,#5790,#5817));
#5280 = ADVANCED_FACE('',(#5281),#5295,.T.);
#5281 = FACE_BOUND('',#5282,.T.);
#5282 = EDGE_LOOP('',(#5283,#5318,#5346,#5374));
#5283 = ORIENTED_EDGE('',*,*,#5284,.T.);
#5284 = EDGE_CURVE('',#5285,#5287,#5289,.T.);
#5285 = VERTEX_POINT('',#5286);
#5286 = CARTESIAN_POINT('',(-17.76671727759,-10.99278375706,0.));
#5287 = VERTEX_POINT('',#5288);
#5288 = CARTESIAN_POINT('',(-17.76671727759,-10.99278375706,0.33));
#5289 = SURFACE_CURVE('',#5290,(#5294,#5306),.PCURVE_S1.);
#5290 = LINE('',#5291,#5292);
#5291 = CARTESIAN_POINT('',(-17.76671727759,-10.99278375706,0.));
#5292 = VECTOR('',#5293,1.);
#5293 = DIRECTION('',(0.,-0.,1.));
#5294 = PCURVE('',#5295,#5300);
#5295 = PLANE('',#5296);
#5296 = AXIS2_PLACEMENT_3D('',#5297,#5298,#5299);
#5297 = CARTESIAN_POINT('',(-17.76671727759,-10.99278375706,0.));
#5298 = DIRECTION('',(0.5,-0.866025403784,-0.));
#5299 = DIRECTION('',(-0.866025403784,-0.5,0.));
#5300 = DEFINITIONAL_REPRESENTATION('',(#5301),#5305);
#5301 = LINE('',#5302,#5303);
#5302 = CARTESIAN_POINT('',(0.,0.));
#5303 = VECTOR('',#5304,1.);
#5304 = DIRECTION('',(0.,-1.));
#5305 = ( GEOMETRIC_REPRESENTATION_CONTEXT(2) 
PARAMETRIC_REPRESENTATION_CONTEXT() REPRESENTATION_CONTEXT('2D SPACE',''
  ) );
#5306 = PCURVE('',#5307,#5312);
#5307 = PLANE('',#5308);
#5308 = AXIS2_PLACEMENT_3D('',#5309,#5310,#5311);
#5309 = CARTESIAN_POINT('',(-18.40338863072,-9.890036625718,0.));
#5310 = DIRECTION('',(0.866025403784,0.5,0.));
#5311 = DIRECTION('',(0.5,-0.866025403784,0.));
#5312 = DEFINITIONAL_REPRESENTATION('',(#5313),#5317);
#5313 = LINE('',#5314,#5315);
#5314 = CARTESIAN_POINT('',(1.273342706268,0.));
#5315 = VECTOR('',#5316,1.);
#5316 = DIRECTION('',(0.,-1.));
#5317 = ( GEOMETRIC_REPRESENTATION_CONTEXT(2) 
PARAMETRIC_REPRESENTATION_CONTEXT() REPRESENTATION_CONTEXT('2D SPACE',''
  ) );
#5318 = ORIENTED_EDGE('',*,*,#5319,.T.);
#5319 = EDGE_CURVE('',#5287,#5320,#5322,.T.);
#5320 = VERTEX_POINT('',#5321);
#5321 = CARTESIAN_POINT('',(-20.19276096656,-12.39346073396,0.33));
#5322 = SURFACE_CURVE('',#5323,(#5327,#5334),.PCURVE_S1.);
#5323 = LINE('',#5324,#5325);
#5324 = CARTESIAN_POINT('',(-17.76671727759,-10.99278375706,0.33));
#5325 = VECTOR('',#5326,1.);
#5326 = DIRECTION('',(-0.866025403784,-0.5,0.));
#5327 = PCURVE('',#5295,#5328);
#5328 = DEFINITIONAL_REPRESENTATION('',(#5329),#5333);
#5329 = LINE('',#5330,#5331);
#5330 = CARTESIAN_POINT('',(0.,-0.33));
#5331 = VECTOR('',#5332,1.);
#5332 = DIRECTION('',(1.,0.));
#5333 = ( GEOMETRIC_REPRESENTATION_CONTEXT(2) 
PARAMETRIC_REPRESENTATION_CONTEXT() REPRESENTATION_CONTEXT('2D SPACE',''
  ) );
#5334 = PCURVE('',#5335,#5340);
#5335 = PLANE('',#5336);
#5336 = AXIS2_PLACEMENT_3D('',#5337,#5338,#5339);
#5337 = CARTESIAN_POINT('',(-17.79671727759,-10.94082223284,0.39));
#5338 = DIRECTION('',(-0.353553390593,0.612372435696,-0.707106781187));
#5339 = DIRECTION('',(-0.866025403784,-0.5,-5.551115123126E-17));
#5340 = DEFINITIONAL_REPRESENTATION('',(#5341),#5345);
#5341 = LINE('',#5342,#5343);
#5342 = CARTESIAN_POINT('',(3.552713678801E-15,-8.485281374238E-02));
#5343 = VECTOR('',#5344,1.);
#5344 = DIRECTION('',(1.,0.));
#5345 = ( GEOMETRIC_REPRESENTATION_CONTEXT(2) 
PARAMETRIC_REPRESENTATION_CONTEXT() REPRESENTATION_CONTEXT('2D SPACE',''
  ) );
#5346 = ORIENTED_EDGE('',*,*,#5347,.F.);
#5347 = EDGE_CURVE('',#5348,#5320,#5350,.T.);
#5348 = VERTEX_POINT('',#5349);
#5349 = CARTESIAN_POINT('',(-20.19276096656,-12.39346073396,0.));
#5350 = SURFACE_CURVE('',#5351,(#5355,#5362),.PCURVE_S1.);
#5351 = LINE('',#5352,#5353);
#5352 = CARTESIAN_POINT('',(-20.19276096656,-12.39346073396,0.));
#5353 = VECTOR('',#5354,1.);
#5354 = DIRECTION('',(0.,-0.,1.));
#5355 = PCURVE('',#5295,#5356);
#5356 = DEFINITIONAL_REPRESENTATION('',(#5357),#5361);
#5357 = LINE('',#5358,#5359);
#5358 = CARTESIAN_POINT('',(2.801353953789,0.));
#5359 = VECTOR('',#5360,1.);
#5360 = DIRECTION('',(0.,-1.));
#5361 = ( GEOMETRIC_REPRESENTATION_CONTEXT(2) 
PARAMETRIC_REPRESENTATION_CONTEXT() REPRESENTATION_CONTEXT('2D SPACE',''
  ) );
#5362 = PCURVE('',#5363,#5368);
#5363 = PLANE('',#5364);
#5364 = AXIS2_PLACEMENT_3D('',#5365,#5366,#5367);
#5365 = CARTESIAN_POINT('',(-20.19276096656,-12.39346073396,0.));
#5366 = DIRECTION('',(-0.866025403784,-0.5,0.));
#5367 = DIRECTION('',(-0.5,0.866025403784,0.));
#5368 = DEFINITIONAL_REPRESENTATION('',(#5369),#5373);
#5369 = LINE('',#5370,#5371);
#5370 = CARTESIAN_POINT('',(0.,0.));
#5371 = VECTOR('',#5372,1.);
#5372 = DIRECTION('',(0.,-1.));
#5373 = ( GEOMETRIC_REPRESENTATION_CONTEXT(2) 
PARAMETRIC_REPRESENTATION_CONTEXT() REPRESENTATION_CONTEXT('2D SPACE',''
  ) );
#5374 = ORIENTED_EDGE('',*,*,#5375,.F.);
#5375 = EDGE_CURVE('',#5285,#5348,#5376,.T.);
#5376 = SURFACE_CURVE('',#5377,(#5381,#5388),.PCURVE_S1.);
#5377 = LINE('',#5378,#5379);
#5378 = CARTESIAN_POINT('',(-17.76671727759,-10.99278375706,0.));
#5379 = VECTOR('',#5380,1.);
#5380 = DIRECTION('',(-0.866025403784,-0.5,0.));
#5381 = PCURVE('',#5295,#5382);
#5382 = DEFINITIONAL_REPRESENTATION('',(#5383),#5387);
#5383 = LINE('',#5384,#5385);
#5384 = CARTESIAN_POINT('',(0.,0.));
#5385 = VECTOR('',#5386,1.);
#5386 = DIRECTION('',(1.,0.));
#5387 = ( GEOMETRIC_REPRESENTATION_CONTEXT(2) 
PARAMETRIC_REPRESENTATION_CONTEXT() REPRESENTATION_CONTEXT('2D SPACE',''
  ) );
#5388 = PCURVE('',#5389,#5394);
#5389 = PLANE('',#5390);
#5390 = AXIS2_PLACEMENT_3D('',#5391,#5392,#5393);
#5391 = CARTESIAN_POINT('',(-19.29807479864,-11.14174867984,0.));
#5392 = DIRECTION('',(-0.,-0.,-1.));
#5393 = DIRECTION('',(-1.,0.,0.));
#5394 = DEFINITIONAL_REPRESENTATION('',(#5395),#5399);
#5395 = LINE('',#5396,#5397);
#5396 = CARTESIAN_POINT('',(-1.531357521053,0.148964922771));
#5397 = VECTOR('',#5398,1.);
#5398 = DIRECTION('',(0.866025403784,-0.5));
#5399 = ( GEOMETRIC_REPRESENTATION_CONTEXT(2) 
PARAMETRIC_REPRESENTATION_CONTEXT() REPRESENTATION_CONTEXT('2D SPACE',''
  ) );
#5400 = ADVANCED_FACE('',(#5401),#5307,.T.);
#5401 = FACE_BOUND('',#5402,.T.);
#5402 = EDGE_LOOP('',(#5403,#5433,#5459,#5460));
#5403 = ORIENTED_EDGE('',*,*,#5404,.T.);
#5404 = EDGE_CURVE('',#5405,#5407,#5409,.T.);
#5405 = VERTEX_POINT('',#5406);
#5406 = CARTESIAN_POINT('',(-18.40338863072,-9.890036625718,0.));
#5407 = VERTEX_POINT('',#5408);
#5408 = CARTESIAN_POINT('',(-18.40338863072,-9.890036625718,0.33));
#5409 = SURFACE_CURVE('',#5410,(#5414,#5421),.PCURVE_S1.);
#5410 = LINE('',#5411,#5412);
#5411 = CARTESIAN_POINT('',(-18.40338863072,-9.890036625718,0.));
#5412 = VECTOR('',#5413,1.);
#5413 = DIRECTION('',(0.,-0.,1.));
#5414 = PCURVE('',#5307,#5415);
#5415 = DEFINITIONAL_REPRESENTATION('',(#5416),#5420);
#5416 = LINE('',#5417,#5418);
#5417 = CARTESIAN_POINT('',(0.,0.));
#5418 = VECTOR('',#5419,1.);
#5419 = DIRECTION('',(0.,-1.));
#5420 = ( GEOMETRIC_REPRESENTATION_CONTEXT(2) 
PARAMETRIC_REPRESENTATION_CONTEXT() REPRESENTATION_CONTEXT('2D SPACE',''
  ) );
#5421 = PCURVE('',#5422,#5427);
#5422 = PLANE('',#5423);
#5423 = AXIS2_PLACEMENT_3D('',#5424,#5425,#5426);
#5424 = CARTESIAN_POINT('',(-20.8294323197,-11.29071360261,0.));
#5425 = DIRECTION('',(-0.5,0.866025403784,0.));
#5426 = DIRECTION('',(0.866025403784,0.5,0.));
#5427 = DEFINITIONAL_REPRESENTATION('',(#5428),#5432);
#5428 = LINE('',#5429,#5430);
#5429 = CARTESIAN_POINT('',(2.801353953789,0.));
#5430 = VECTOR('',#5431,1.);
#5431 = DIRECTION('',(0.,-1.));
#5432 = ( GEOMETRIC_REPRESENTATION_CONTEXT(2) 
PARAMETRIC_REPRESENTATION_CONTEXT() REPRESENTATION_CONTEXT('2D SPACE',''
  ) );
#5433 = ORIENTED_EDGE('',*,*,#5434,.T.);
#5434 = EDGE_CURVE('',#5407,#5287,#5435,.T.);
#5435 = SURFACE_CURVE('',#5436,(#5440,#5447),.PCURVE_S1.);
#5436 = LINE('',#5437,#5438);
#5437 = CARTESIAN_POINT('',(-18.40338863072,-9.890036625718,0.33));
#5438 = VECTOR('',#5439,1.);
#5439 = DIRECTION('',(0.5,-0.866025403784,0.));
#5440 = PCURVE('',#5307,#5441);
#5441 = DEFINITIONAL_REPRESENTATION('',(#5442),#5446);
#5442 = LINE('',#5443,#5444);
#5443 = CARTESIAN_POINT('',(0.,-0.33));
#5444 = VECTOR('',#5445,1.);
#5445 = DIRECTION('',(1.,0.));
#5446 = ( GEOMETRIC_REPRESENTATION_CONTEXT(2) 
PARAMETRIC_REPRESENTATION_CONTEXT() REPRESENTATION_CONTEXT('2D SPACE',''
  ) );
#5447 = PCURVE('',#5448,#5453);
#5448 = PLANE('',#5449);
#5449 = AXIS2_PLACEMENT_3D('',#5450,#5451,#5452);
#5450 = CARTESIAN_POINT('',(-18.45535015495,-9.920036625718,0.39));
#5451 = DIRECTION('',(-0.612372435696,-0.353553390593,-0.707106781187));
#5452 = DIRECTION('',(0.5,-0.866025403784,-2.22044604925E-16));
#5453 = DEFINITIONAL_REPRESENTATION('',(#5454),#5458);
#5454 = LINE('',#5455,#5456);
#5455 = CARTESIAN_POINT('',(-1.7763568394E-15,-8.485281374239E-02));
#5456 = VECTOR('',#5457,1.);
#5457 = DIRECTION('',(1.,0.));
#5458 = ( GEOMETRIC_REPRESENTATION_CONTEXT(2) 
PARAMETRIC_REPRESENTATION_CONTEXT() REPRESENTATION_CONTEXT('2D SPACE',''
  ) );
#5459 = ORIENTED_EDGE('',*,*,#5284,.F.);
#5460 = ORIENTED_EDGE('',*,*,#5461,.F.);
#5461 = EDGE_CURVE('',#5405,#5285,#5462,.T.);
#5462 = SURFACE_CURVE('',#5463,(#5467,#5474),.PCURVE_S1.);
#5463 = LINE('',#5464,#5465);
#5464 = CARTESIAN_POINT('',(-18.40338863072,-9.890036625718,0.));
#5465 = VECTOR('',#5466,1.);
#5466 = DIRECTION('',(0.5,-0.866025403784,0.));
#5467 = PCURVE('',#5307,#5468);
#5468 = DEFINITIONAL_REPRESENTATION('',(#5469),#5473);
#5469 = LINE('',#5470,#5471);
#5470 = CARTESIAN_POINT('',(0.,0.));
#5471 = VECTOR('',#5472,1.);
#5472 = DIRECTION('',(1.,0.));
#5473 = ( GEOMETRIC_REPRESENTATION_CONTEXT(2) 
PARAMETRIC_REPRESENTATION_CONTEXT() REPRESENTATION_CONTEXT('2D SPACE',''
  ) );
#5474 = PCURVE('',#5389,#5475);
#5475 = DEFINITIONAL_REPRESENTATION('',(#5476),#5480);
#5476 = LINE('',#5477,#5478);
#5477 = CARTESIAN_POINT('',(-0.89468616792,1.251712054123));
#5478 = VECTOR('',#5479,1.);
#5479 = DIRECTION('',(-0.5,-0.866025403784));
#5480 = ( GEOMETRIC_REPRESENTATION_CONTEXT(2) 
PARAMETRIC_REPRESENTATION_CONTEXT() REPRESENTATION_CONTEXT('2D SPACE',''
  ) );
#5481 = ADVANCED_FACE('',(#5482),#5335,.F.);
#5482 = FACE_BOUND('',#5483,.F.);
#5483 = EDGE_LOOP('',(#5484,#5507,#5508,#5536));
#5484 = ORIENTED_EDGE('',*,*,#5485,.F.);
#5485 = EDGE_CURVE('',#5287,#5486,#5488,.T.);
#5486 = VERTEX_POINT('',#5487);
#5487 = CARTESIAN_POINT('',(-17.93064032604,-10.94886070861,0.45));
#5488 = SURFACE_CURVE('',#5489,(#5493,#5500),.PCURVE_S1.);
#5489 = LINE('',#5490,#5491);
#5490 = CARTESIAN_POINT('',(-18.11126137449,-10.90046344454,
    0.582223784378));
#5491 = VECTOR('',#5492,1.);
#5492 = DIRECTION('',(-0.788675134595,0.211324865405,0.57735026919));
#5493 = PCURVE('',#5335,#5494);
#5494 = DEFINITIONAL_REPRESENTATION('',(#5495),#5499);
#5495 = LINE('',#5496,#5497);
#5496 = CARTESIAN_POINT('',(0.252223784378,0.271845482878));
#5497 = VECTOR('',#5498,1.);
#5498 = DIRECTION('',(0.57735026919,0.816496580928));
#5499 = ( GEOMETRIC_REPRESENTATION_CONTEXT(2) 
PARAMETRIC_REPRESENTATION_CONTEXT() REPRESENTATION_CONTEXT('2D SPACE',''
  ) );
#5500 = PCURVE('',#5448,#5501);
#5501 = DEFINITIONAL_REPRESENTATION('',(#5502),#5506);
#5502 = LINE('',#5503,#5504);
#5503 = CARTESIAN_POINT('',(1.02111892189,0.271845482878));
#5504 = VECTOR('',#5505,1.);
#5505 = DIRECTION('',(-0.57735026919,0.816496580928));
#5506 = ( GEOMETRIC_REPRESENTATION_CONTEXT(2) 
PARAMETRIC_REPRESENTATION_CONTEXT() REPRESENTATION_CONTEXT('2D SPACE',''
  ) );
#5507 = ORIENTED_EDGE('',*,*,#5319,.T.);
#5508 = ORIENTED_EDGE('',*,*,#5509,.T.);
#5509 = EDGE_CURVE('',#5320,#5510,#5512,.T.);
#5510 = VERTEX_POINT('',#5511);
#5511 = CARTESIAN_POINT('',(-20.14883791811,-12.2295376855,0.45));
#5512 = SURFACE_CURVE('',#5513,(#5517,#5524),.PCURVE_S1.);
#5513 = LINE('',#5514,#5515);
#5514 = CARTESIAN_POINT('',(-20.0072254984,-11.70103294016,
    0.836892325631));
#5515 = VECTOR('',#5516,1.);
#5516 = DIRECTION('',(0.211324865405,0.788675134595,0.57735026919));
#5517 = PCURVE('',#5335,#5518);
#5518 = DEFINITIONAL_REPRESENTATION('',(#5519),#5523);
#5519 = LINE('',#5520,#5521);
#5520 = CARTESIAN_POINT('',(2.294461628157,0.632001187828));
#5521 = VECTOR('',#5522,1.);
#5522 = DIRECTION('',(-0.57735026919,0.816496580928));
#5523 = ( GEOMETRIC_REPRESENTATION_CONTEXT(2) 
PARAMETRIC_REPRESENTATION_CONTEXT() REPRESENTATION_CONTEXT('2D SPACE',''
  ) );
#5524 = PCURVE('',#5525,#5530);
#5525 = PLANE('',#5526);
#5526 = AXIS2_PLACEMENT_3D('',#5527,#5528,#5529);
#5527 = CARTESIAN_POINT('',(-20.14079944234,-12.36346073396,0.39));
#5528 = DIRECTION('',(0.612372435696,0.353553390593,-0.707106781187));
#5529 = DIRECTION('',(-0.5,0.866025403784,-5.551115123126E-17));
#5530 = DEFINITIONAL_REPRESENTATION('',(#5531),#5535);
#5531 = LINE('',#5532,#5533);
#5532 = CARTESIAN_POINT('',(0.506892325631,0.632001187828));
#5533 = VECTOR('',#5534,1.);
#5534 = DIRECTION('',(0.57735026919,0.816496580928));
#5535 = ( GEOMETRIC_REPRESENTATION_CONTEXT(2) 
PARAMETRIC_REPRESENTATION_CONTEXT() REPRESENTATION_CONTEXT('2D SPACE',''
  ) );
#5536 = ORIENTED_EDGE('',*,*,#5537,.F.);
#5537 = EDGE_CURVE('',#5486,#5510,#5538,.T.);
#5538 = SURFACE_CURVE('',#5539,(#5543,#5550),.PCURVE_S1.);
#5539 = LINE('',#5540,#5541);
#5540 = CARTESIAN_POINT('',(-17.82671727759,-10.88886070861,0.45));
#5541 = VECTOR('',#5542,1.);
#5542 = DIRECTION('',(-0.866025403784,-0.5,0.));
#5543 = PCURVE('',#5335,#5544);
#5544 = DEFINITIONAL_REPRESENTATION('',(#5545),#5549);
#5545 = LINE('',#5546,#5547);
#5546 = CARTESIAN_POINT('',(0.,8.485281374239E-02));
#5547 = VECTOR('',#5548,1.);
#5548 = DIRECTION('',(1.,0.));
#5549 = ( GEOMETRIC_REPRESENTATION_CONTEXT(2) 
PARAMETRIC_REPRESENTATION_CONTEXT() REPRESENTATION_CONTEXT('2D SPACE',''
  ) );
#5550 = PCURVE('',#5551,#5556);
#5551 = PLANE('',#5552);
#5552 = AXIS2_PLACEMENT_3D('',#5553,#5554,#5555);
#5553 = CARTESIAN_POINT('',(-19.29807479864,-11.14174867984,0.45));
#5554 = DIRECTION('',(-0.,-0.,-1.));
#5555 = DIRECTION('',(-1.,0.,0.));
#5556 = DEFINITIONAL_REPRESENTATION('',(#5557),#5561);
#5557 = LINE('',#5558,#5559);
#5558 = CARTESIAN_POINT('',(-1.471357521053,0.252887971226));
#5559 = VECTOR('',#5560,1.);
#5560 = DIRECTION('',(0.866025403784,-0.5));
#5561 = ( GEOMETRIC_REPRESENTATION_CONTEXT(2) 
PARAMETRIC_REPRESENTATION_CONTEXT() REPRESENTATION_CONTEXT('2D SPACE',''
  ) );
#5562 = ADVANCED_FACE('',(#5563),#5389,.T.);
#5563 = FACE_BOUND('',#5564,.T.);
#5564 = EDGE_LOOP('',(#5565,#5566,#5589,#5610));
#5565 = ORIENTED_EDGE('',*,*,#5375,.T.);
#5566 = ORIENTED_EDGE('',*,*,#5567,.T.);
#5567 = EDGE_CURVE('',#5348,#5568,#5570,.T.);
#5568 = VERTEX_POINT('',#5569);
#5569 = CARTESIAN_POINT('',(-20.8294323197,-11.29071360261,0.));
#5570 = SURFACE_CURVE('',#5571,(#5575,#5582),.PCURVE_S1.);
#5571 = LINE('',#5572,#5573);
#5572 = CARTESIAN_POINT('',(-20.19276096656,-12.39346073396,0.));
#5573 = VECTOR('',#5574,1.);
#5574 = DIRECTION('',(-0.5,0.866025403784,0.));
#5575 = PCURVE('',#5389,#5576);
#5576 = DEFINITIONAL_REPRESENTATION('',(#5577),#5581);
#5577 = LINE('',#5578,#5579);
#5578 = CARTESIAN_POINT('',(0.89468616792,-1.251712054123));
#5579 = VECTOR('',#5580,1.);
#5580 = DIRECTION('',(0.5,0.866025403784));
#5581 = ( GEOMETRIC_REPRESENTATION_CONTEXT(2) 
PARAMETRIC_REPRESENTATION_CONTEXT() REPRESENTATION_CONTEXT('2D SPACE',''
  ) );
#5582 = PCURVE('',#5363,#5583);
#5583 = DEFINITIONAL_REPRESENTATION('',(#5584),#5588);
#5584 = LINE('',#5585,#5586);
#5585 = CARTESIAN_POINT('',(0.,0.));
#5586 = VECTOR('',#5587,1.);
#5587 = DIRECTION('',(1.,0.));
#5588 = ( GEOMETRIC_REPRESENTATION_CONTEXT(2) 
PARAMETRIC_REPRESENTATION_CONTEXT() REPRESENTATION_CONTEXT('2D SPACE',''
  ) );
#5589 = ORIENTED_EDGE('',*,*,#5590,.T.);
#5590 = EDGE_CURVE('',#5568,#5405,#5591,.T.);
#5591 = SURFACE_CURVE('',#5592,(#5596,#5603),.PCURVE_S1.);
#5592 = LINE('',#5593,#5594);
#5593 = CARTESIAN_POINT('',(-20.8294323197,-11.29071360261,0.));
#5594 = VECTOR('',#5595,1.);
#5595 = DIRECTION('',(0.866025403784,0.5,0.));
#5596 = PCURVE('',#5389,#5597);
#5597 = DEFINITIONAL_REPRESENTATION('',(#5598),#5602);
#5598 = LINE('',#5599,#5600);
#5599 = CARTESIAN_POINT('',(1.531357521053,-0.148964922771));
#5600 = VECTOR('',#5601,1.);
#5601 = DIRECTION('',(-0.866025403784,0.5));
#5602 = ( GEOMETRIC_REPRESENTATION_CONTEXT(2) 
PARAMETRIC_REPRESENTATION_CONTEXT() REPRESENTATION_CONTEXT('2D SPACE',''
  ) );
#5603 = PCURVE('',#5422,#5604);
#5604 = DEFINITIONAL_REPRESENTATION('',(#5605),#5609);
#5605 = LINE('',#5606,#5607);
#5606 = CARTESIAN_POINT('',(0.,0.));
#5607 = VECTOR('',#5608,1.);
#5608 = DIRECTION('',(1.,0.));
#5609 = ( GEOMETRIC_REPRESENTATION_CONTEXT(2) 
PARAMETRIC_REPRESENTATION_CONTEXT() REPRESENTATION_CONTEXT('2D SPACE',''
  ) );
#5610 = ORIENTED_EDGE('',*,*,#5461,.T.);
#5611 = ADVANCED_FACE('',(#5612),#5363,.T.);
#5612 = FACE_BOUND('',#5613,.T.);
#5613 = EDGE_LOOP('',(#5614,#5615,#5638,#5659));
#5614 = ORIENTED_EDGE('',*,*,#5347,.T.);
#5615 = ORIENTED_EDGE('',*,*,#5616,.T.);
#5616 = EDGE_CURVE('',#5320,#5617,#5619,.T.);
#5617 = VERTEX_POINT('',#5618);
#5618 = CARTESIAN_POINT('',(-20.8294323197,-11.29071360261,0.33));
#5619 = SURFACE_CURVE('',#5620,(#5624,#5631),.PCURVE_S1.);
#5620 = LINE('',#5621,#5622);
#5621 = CARTESIAN_POINT('',(-20.19276096656,-12.39346073396,0.33));
#5622 = VECTOR('',#5623,1.);
#5623 = DIRECTION('',(-0.5,0.866025403784,0.));
#5624 = PCURVE('',#5363,#5625);
#5625 = DEFINITIONAL_REPRESENTATION('',(#5626),#5630);
#5626 = LINE('',#5627,#5628);
#5627 = CARTESIAN_POINT('',(-1.7763568394E-15,-0.33));
#5628 = VECTOR('',#5629,1.);
#5629 = DIRECTION('',(1.,0.));
#5630 = ( GEOMETRIC_REPRESENTATION_CONTEXT(2) 
PARAMETRIC_REPRESENTATION_CONTEXT() REPRESENTATION_CONTEXT('2D SPACE',''
  ) );
#5631 = PCURVE('',#5525,#5632);
#5632 = DEFINITIONAL_REPRESENTATION('',(#5633),#5637);
#5633 = LINE('',#5634,#5635);
#5634 = CARTESIAN_POINT('',(0.,-8.485281374239E-02));
#5635 = VECTOR('',#5636,1.);
#5636 = DIRECTION('',(1.,0.));
#5637 = ( GEOMETRIC_REPRESENTATION_CONTEXT(2) 
PARAMETRIC_REPRESENTATION_CONTEXT() REPRESENTATION_CONTEXT('2D SPACE',''
  ) );
#5638 = ORIENTED_EDGE('',*,*,#5639,.F.);
#5639 = EDGE_CURVE('',#5568,#5617,#5640,.T.);
#5640 = SURFACE_CURVE('',#5641,(#5645,#5652),.PCURVE_S1.);
#5641 = LINE('',#5642,#5643);
#5642 = CARTESIAN_POINT('',(-20.8294323197,-11.29071360261,0.));
#5643 = VECTOR('',#5644,1.);
#5644 = DIRECTION('',(0.,-0.,1.));
#5645 = PCURVE('',#5363,#5646);
#5646 = DEFINITIONAL_REPRESENTATION('',(#5647),#5651);
#5647 = LINE('',#5648,#5649);
#5648 = CARTESIAN_POINT('',(1.273342706268,0.));
#5649 = VECTOR('',#5650,1.);
#5650 = DIRECTION('',(0.,-1.));
#5651 = ( GEOMETRIC_REPRESENTATION_CONTEXT(2) 
PARAMETRIC_REPRESENTATION_CONTEXT() REPRESENTATION_CONTEXT('2D SPACE',''
  ) );
#5652 = PCURVE('',#5422,#5653);
#5653 = DEFINITIONAL_REPRESENTATION('',(#5654),#5658);
#5654 = LINE('',#5655,#5656);
#5655 = CARTESIAN_POINT('',(0.,0.));
#5656 = VECTOR('',#5657,1.);
#5657 = DIRECTION('',(0.,-1.));
#5658 = ( GEOMETRIC_REPRESENTATION_CONTEXT(2) 
PARAMETRIC_REPRESENTATION_CONTEXT() REPRESENTATION_CONTEXT('2D SPACE',''
  ) );
#5659 = ORIENTED_EDGE('',*,*,#5567,.F.);
#5660 = ADVANCED_FACE('',(#5661),#5422,.T.);
#5661 = FACE_BOUND('',#5662,.T.);
#5662 = EDGE_LOOP('',(#5663,#5664,#5690,#5691));
#5663 = ORIENTED_EDGE('',*,*,#5639,.T.);
#5664 = ORIENTED_EDGE('',*,*,#5665,.T.);
#5665 = EDGE_CURVE('',#5617,#5407,#5666,.T.);
#5666 = SURFACE_CURVE('',#5667,(#5671,#5678),.PCURVE_S1.);
#5667 = LINE('',#5668,#5669);
#5668 = CARTESIAN_POINT('',(-20.8294323197,-11.29071360261,0.33));
#5669 = VECTOR('',#5670,1.);
#5670 = DIRECTION('',(0.866025403784,0.5,0.));
#5671 = PCURVE('',#5422,#5672);
#5672 = DEFINITIONAL_REPRESENTATION('',(#5673),#5677);
#5673 = LINE('',#5674,#5675);
#5674 = CARTESIAN_POINT('',(0.,-0.33));
#5675 = VECTOR('',#5676,1.);
#5676 = DIRECTION('',(1.,0.));
#5677 = ( GEOMETRIC_REPRESENTATION_CONTEXT(2) 
PARAMETRIC_REPRESENTATION_CONTEXT() REPRESENTATION_CONTEXT('2D SPACE',''
  ) );
#5678 = PCURVE('',#5679,#5684);
#5679 = PLANE('',#5680);
#5680 = AXIS2_PLACEMENT_3D('',#5681,#5682,#5683);
#5681 = CARTESIAN_POINT('',(-20.7994323197,-11.34267512683,0.39));
#5682 = DIRECTION('',(0.353553390593,-0.612372435696,-0.707106781187));
#5683 = DIRECTION('',(0.866025403784,0.5,-1.110223024625E-16));
#5684 = DEFINITIONAL_REPRESENTATION('',(#5685),#5689);
#5685 = LINE('',#5686,#5687);
#5686 = CARTESIAN_POINT('',(-3.552713678801E-15,-8.485281374238E-02));
#5687 = VECTOR('',#5688,1.);
#5688 = DIRECTION('',(1.,0.));
#5689 = ( GEOMETRIC_REPRESENTATION_CONTEXT(2) 
PARAMETRIC_REPRESENTATION_CONTEXT() REPRESENTATION_CONTEXT('2D SPACE',''
  ) );
#5690 = ORIENTED_EDGE('',*,*,#5404,.F.);
#5691 = ORIENTED_EDGE('',*,*,#5590,.F.);
#5692 = ADVANCED_FACE('',(#5693),#5448,.F.);
#5693 = FACE_BOUND('',#5694,.F.);
#5694 = EDGE_LOOP('',(#5695,#5718,#5719,#5720));
#5695 = ORIENTED_EDGE('',*,*,#5696,.F.);
#5696 = EDGE_CURVE('',#5407,#5697,#5699,.T.);
#5697 = VERTEX_POINT('',#5698);
#5698 = CARTESIAN_POINT('',(-18.44731167918,-10.05395967417,0.45));
#5699 = SURFACE_CURVE('',#5700,(#5704,#5711),.PCURVE_S1.);
#5700 = LINE('',#5701,#5702);
#5701 = CARTESIAN_POINT('',(-18.58892409889,-10.58246441951,
    0.836892325631));
#5702 = VECTOR('',#5703,1.);
#5703 = DIRECTION('',(-0.211324865405,-0.788675134595,0.57735026919));
#5704 = PCURVE('',#5448,#5705);
#5705 = DEFINITIONAL_REPRESENTATION('',(#5706),#5710);
#5706 = LINE('',#5707,#5708);
#5707 = CARTESIAN_POINT('',(0.506892325631,0.632001187828));
#5708 = VECTOR('',#5709,1.);
#5709 = DIRECTION('',(0.57735026919,0.816496580928));
#5710 = ( GEOMETRIC_REPRESENTATION_CONTEXT(2) 
PARAMETRIC_REPRESENTATION_CONTEXT() REPRESENTATION_CONTEXT('2D SPACE',''
  ) );
#5711 = PCURVE('',#5679,#5712);
#5712 = DEFINITIONAL_REPRESENTATION('',(#5713),#5717);
#5713 = LINE('',#5714,#5715);
#5714 = CARTESIAN_POINT('',(2.294461628157,0.632001187828));
#5715 = VECTOR('',#5716,1.);
#5716 = DIRECTION('',(-0.57735026919,0.816496580928));
#5717 = ( GEOMETRIC_REPRESENTATION_CONTEXT(2) 
PARAMETRIC_REPRESENTATION_CONTEXT() REPRESENTATION_CONTEXT('2D SPACE',''
  ) );
#5718 = ORIENTED_EDGE('',*,*,#5434,.T.);
#5719 = ORIENTED_EDGE('',*,*,#5485,.T.);
#5720 = ORIENTED_EDGE('',*,*,#5721,.F.);
#5721 = EDGE_CURVE('',#5697,#5486,#5722,.T.);
#5722 = SURFACE_CURVE('',#5723,(#5727,#5734),.PCURVE_S1.);
#5723 = LINE('',#5724,#5725);
#5724 = CARTESIAN_POINT('',(-18.50731167918,-9.950036625718,0.45));
#5725 = VECTOR('',#5726,1.);
#5726 = DIRECTION('',(0.5,-0.866025403784,0.));
#5727 = PCURVE('',#5448,#5728);
#5728 = DEFINITIONAL_REPRESENTATION('',(#5729),#5733);
#5729 = LINE('',#5730,#5731);
#5730 = CARTESIAN_POINT('',(-1.7763568394E-15,8.485281374239E-02));
#5731 = VECTOR('',#5732,1.);
#5732 = DIRECTION('',(1.,0.));
#5733 = ( GEOMETRIC_REPRESENTATION_CONTEXT(2) 
PARAMETRIC_REPRESENTATION_CONTEXT() REPRESENTATION_CONTEXT('2D SPACE',''
  ) );
#5734 = PCURVE('',#5551,#5735);
#5735 = DEFINITIONAL_REPRESENTATION('',(#5736),#5740);
#5736 = LINE('',#5737,#5738);
#5737 = CARTESIAN_POINT('',(-0.790763119465,1.191712054123));
#5738 = VECTOR('',#5739,1.);
#5739 = DIRECTION('',(-0.5,-0.866025403784));
#5740 = ( GEOMETRIC_REPRESENTATION_CONTEXT(2) 
PARAMETRIC_REPRESENTATION_CONTEXT() REPRESENTATION_CONTEXT('2D SPACE',''
  ) );
#5741 = ADVANCED_FACE('',(#5742),#5551,.F.);
#5742 = FACE_BOUND('',#5743,.F.);
#5743 = EDGE_LOOP('',(#5744,#5745,#5768,#5789));
#5744 = ORIENTED_EDGE('',*,*,#5537,.T.);
#5745 = ORIENTED_EDGE('',*,*,#5746,.T.);
#5746 = EDGE_CURVE('',#5510,#5747,#5749,.T.);
#5747 = VERTEX_POINT('',#5748);
#5748 = CARTESIAN_POINT('',(-20.66550927124,-11.33463665106,0.45));
#5749 = SURFACE_CURVE('',#5750,(#5754,#5761),.PCURVE_S1.);
#5750 = LINE('',#5751,#5752);
#5751 = CARTESIAN_POINT('',(-20.08883791811,-12.33346073396,0.45));
#5752 = VECTOR('',#5753,1.);
#5753 = DIRECTION('',(-0.5,0.866025403784,0.));
#5754 = PCURVE('',#5551,#5755);
#5755 = DEFINITIONAL_REPRESENTATION('',(#5756),#5760);
#5756 = LINE('',#5757,#5758);
#5757 = CARTESIAN_POINT('',(0.790763119465,-1.191712054123));
#5758 = VECTOR('',#5759,1.);
#5759 = DIRECTION('',(0.5,0.866025403784));
#5760 = ( GEOMETRIC_REPRESENTATION_CONTEXT(2) 
PARAMETRIC_REPRESENTATION_CONTEXT() REPRESENTATION_CONTEXT('2D SPACE',''
  ) );
#5761 = PCURVE('',#5525,#5762);
#5762 = DEFINITIONAL_REPRESENTATION('',(#5763),#5767);
#5763 = LINE('',#5764,#5765);
#5764 = CARTESIAN_POINT('',(1.7763568394E-15,8.485281374238E-02));
#5765 = VECTOR('',#5766,1.);
#5766 = DIRECTION('',(1.,0.));
#5767 = ( GEOMETRIC_REPRESENTATION_CONTEXT(2) 
PARAMETRIC_REPRESENTATION_CONTEXT() REPRESENTATION_CONTEXT('2D SPACE',''
  ) );
#5768 = ORIENTED_EDGE('',*,*,#5769,.T.);
#5769 = EDGE_CURVE('',#5747,#5697,#5770,.T.);
#5770 = SURFACE_CURVE('',#5771,(#5775,#5782),.PCURVE_S1.);
#5771 = LINE('',#5772,#5773);
#5772 = CARTESIAN_POINT('',(-20.7694323197,-11.39463665106,0.45));
#5773 = VECTOR('',#5774,1.);
#5774 = DIRECTION('',(0.866025403784,0.5,0.));
#5775 = PCURVE('',#5551,#5776);
#5776 = DEFINITIONAL_REPRESENTATION('',(#5777),#5781);
#5777 = LINE('',#5778,#5779);
#5778 = CARTESIAN_POINT('',(1.471357521053,-0.252887971226));
#5779 = VECTOR('',#5780,1.);
#5780 = DIRECTION('',(-0.866025403784,0.5));
#5781 = ( GEOMETRIC_REPRESENTATION_CONTEXT(2) 
PARAMETRIC_REPRESENTATION_CONTEXT() REPRESENTATION_CONTEXT('2D SPACE',''
  ) );
#5782 = PCURVE('',#5679,#5783);
#5783 = DEFINITIONAL_REPRESENTATION('',(#5784),#5788);
#5784 = LINE('',#5785,#5786);
#5785 = CARTESIAN_POINT('',(-3.552713678801E-15,8.485281374239E-02));
#5786 = VECTOR('',#5787,1.);
#5787 = DIRECTION('',(1.,0.));
#5788 = ( GEOMETRIC_REPRESENTATION_CONTEXT(2) 
PARAMETRIC_REPRESENTATION_CONTEXT() REPRESENTATION_CONTEXT('2D SPACE',''
  ) );
#5789 = ORIENTED_EDGE('',*,*,#5721,.T.);
#5790 = ADVANCED_FACE('',(#5791),#5525,.F.);
#5791 = FACE_BOUND('',#5792,.F.);
#5792 = EDGE_LOOP('',(#5793,#5794,#5795,#5816));
#5793 = ORIENTED_EDGE('',*,*,#5509,.F.);
#5794 = ORIENTED_EDGE('',*,*,#5616,.T.);
#5795 = ORIENTED_EDGE('',*,*,#5796,.T.);
#5796 = EDGE_CURVE('',#5617,#5747,#5797,.T.);
#5797 = SURFACE_CURVE('',#5798,(#5802,#5809),.PCURVE_S1.);
#5798 = LINE('',#5799,#5800);
#5799 = CARTESIAN_POINT('',(-20.4848882228,-11.38303391513,
    0.582223784378));
#5800 = VECTOR('',#5801,1.);
#5801 = DIRECTION('',(0.788675134595,-0.211324865405,0.57735026919));
#5802 = PCURVE('',#5525,#5803);
#5803 = DEFINITIONAL_REPRESENTATION('',(#5804),#5808);
#5804 = LINE('',#5805,#5806);
#5805 = CARTESIAN_POINT('',(1.02111892189,0.271845482878));
#5806 = VECTOR('',#5807,1.);
#5807 = DIRECTION('',(-0.57735026919,0.816496580928));
#5808 = ( GEOMETRIC_REPRESENTATION_CONTEXT(2) 
PARAMETRIC_REPRESENTATION_CONTEXT() REPRESENTATION_CONTEXT('2D SPACE',''
  ) );
#5809 = PCURVE('',#5679,#5810);
#5810 = DEFINITIONAL_REPRESENTATION('',(#5811),#5815);
#5811 = LINE('',#5812,#5813);
#5812 = CARTESIAN_POINT('',(0.252223784378,0.271845482878));
#5813 = VECTOR('',#5814,1.);
#5814 = DIRECTION('',(0.57735026919,0.816496580928));
#5815 = ( GEOMETRIC_REPRESENTATION_CONTEXT(2) 
PARAMETRIC_REPRESENTATION_CONTEXT() REPRESENTATION_CONTEXT('2D SPACE',''
  ) );
#5816 = ORIENTED_EDGE('',*,*,#5746,.F.);
#5817 = ADVANCED_FACE('',(#5818),#5679,.F.);
#5818 = FACE_BOUND('',#5819,.F.);
#5819 = EDGE_LOOP('',(#5820,#5821,#5822,#5823));
#5820 = ORIENTED_EDGE('',*,*,#5796,.F.);
#5821 = ORIENTED_EDGE('',*,*,#5665,.T.);
#5822 = ORIENTED_EDGE('',*,*,#5696,.T.);
#5823 = ORIENTED_EDGE('',*,*,#5769,.F.);
#5824 = MANIFOLD_SOLID_BREP('',#5825);
#5825 = CLOSED_SHELL('',(#5826,#5946,#6027,#6108,#6157,#6206,#6238,#6287
    ,#6336,#6363));
#5826 = ADVANCED_FACE('',(#5827),#5841,.T.);
#5827 = FACE_BOUND('',#5828,.T.);
#5828 = EDGE_LOOP('',(#5829,#5864,#5892,#5920));
#5829 = ORIENTED_EDGE('',*,*,#5830,.T.);
#5830 = EDGE_CURVE('',#5831,#5833,#5835,.T.);
#5831 = VERTEX_POINT('',#5832);
#5832 = CARTESIAN_POINT('',(-20.88282038278,-0.636671353134,0.));
#5833 = VERTEX_POINT('',#5834);
#5834 = CARTESIAN_POINT('',(-20.88282038278,-0.636671353134,0.33));
#5835 = SURFACE_CURVE('',#5836,(#5840,#5852),.PCURVE_S1.);
#5836 = LINE('',#5837,#5838);
#5837 = CARTESIAN_POINT('',(-20.88282038278,-0.636671353134,0.));
#5838 = VECTOR('',#5839,1.);
#5839 = DIRECTION('',(0.,-0.,1.));
#5840 = PCURVE('',#5841,#5846);
#5841 = PLANE('',#5842);
#5842 = AXIS2_PLACEMENT_3D('',#5843,#5844,#5845);
#5843 = CARTESIAN_POINT('',(-20.88282038278,-0.636671353134,0.));
#5844 = DIRECTION('',(1.585266328982E-16,-1.,-0.));
#5845 = DIRECTION('',(-1.,-1.585266328982E-16,0.));
#5846 = DEFINITIONAL_REPRESENTATION('',(#5847),#5851);
#5847 = LINE('',#5848,#5849);
#5848 = CARTESIAN_POINT('',(0.,0.));
#5849 = VECTOR('',#5850,1.);
#5850 = DIRECTION('',(0.,-1.));
#5851 = ( GEOMETRIC_REPRESENTATION_CONTEXT(2) 
PARAMETRIC_REPRESENTATION_CONTEXT() REPRESENTATION_CONTEXT('2D SPACE',''
  ) );
#5852 = PCURVE('',#5853,#5858);
#5853 = PLANE('',#5854);
#5854 = AXIS2_PLACEMENT_3D('',#5855,#5856,#5857);
#5855 = CARTESIAN_POINT('',(-20.88282038278,0.636671353134,0.));
#5856 = DIRECTION('',(1.,0.,0.));
#5857 = DIRECTION('',(0.,-1.,0.));
#5858 = DEFINITIONAL_REPRESENTATION('',(#5859),#5863);
#5859 = LINE('',#5860,#5861);
#5860 = CARTESIAN_POINT('',(1.273342706268,0.));
#5861 = VECTOR('',#5862,1.);
#5862 = DIRECTION('',(0.,-1.));
#5863 = ( GEOMETRIC_REPRESENTATION_CONTEXT(2) 
PARAMETRIC_REPRESENTATION_CONTEXT() REPRESENTATION_CONTEXT('2D SPACE',''
  ) );
#5864 = ORIENTED_EDGE('',*,*,#5865,.T.);
#5865 = EDGE_CURVE('',#5833,#5866,#5868,.T.);
#5866 = VERTEX_POINT('',#5867);
#5867 = CARTESIAN_POINT('',(-23.68417433657,-0.636671353134,0.33));
#5868 = SURFACE_CURVE('',#5869,(#5873,#5880),.PCURVE_S1.);
#5869 = LINE('',#5870,#5871);
#5870 = CARTESIAN_POINT('',(-20.88282038278,-0.636671353134,0.33));
#5871 = VECTOR('',#5872,1.);
#5872 = DIRECTION('',(-1.,-1.585266328982E-16,0.));
#5873 = PCURVE('',#5841,#5874);
#5874 = DEFINITIONAL_REPRESENTATION('',(#5875),#5879);
#5875 = LINE('',#5876,#5877);
#5876 = CARTESIAN_POINT('',(0.,-0.33));
#5877 = VECTOR('',#5878,1.);
#5878 = DIRECTION('',(1.,0.));
#5879 = ( GEOMETRIC_REPRESENTATION_CONTEXT(2) 
PARAMETRIC_REPRESENTATION_CONTEXT() REPRESENTATION_CONTEXT('2D SPACE',''
  ) );
#5880 = PCURVE('',#5881,#5886);
#5881 = PLANE('',#5882);
#5882 = AXIS2_PLACEMENT_3D('',#5883,#5884,#5885);
#5883 = CARTESIAN_POINT('',(-20.88282038278,-0.576671353134,0.39));
#5884 = DIRECTION('',(-1.09303315265E-16,0.707106781187,-0.707106781187)
  );
#5885 = DIRECTION('',(-1.,-1.565524318791E-16,-1.974201019043E-18));
#5886 = DEFINITIONAL_REPRESENTATION('',(#5887),#5891);
#5887 = LINE('',#5888,#5889);
#5888 = CARTESIAN_POINT('',(0.,-8.485281374239E-02));
#5889 = VECTOR('',#5890,1.);
#5890 = DIRECTION('',(1.,0.));
#5891 = ( GEOMETRIC_REPRESENTATION_CONTEXT(2) 
PARAMETRIC_REPRESENTATION_CONTEXT() REPRESENTATION_CONTEXT('2D SPACE',''
  ) );
#5892 = ORIENTED_EDGE('',*,*,#5893,.F.);
#5893 = EDGE_CURVE('',#5894,#5866,#5896,.T.);
#5894 = VERTEX_POINT('',#5895);
#5895 = CARTESIAN_POINT('',(-23.68417433657,-0.636671353134,0.));
#5896 = SURFACE_CURVE('',#5897,(#5901,#5908),.PCURVE_S1.);
#5897 = LINE('',#5898,#5899);
#5898 = CARTESIAN_POINT('',(-23.68417433657,-0.636671353134,0.));
#5899 = VECTOR('',#5900,1.);
#5900 = DIRECTION('',(0.,-0.,1.));
#5901 = PCURVE('',#5841,#5902);
#5902 = DEFINITIONAL_REPRESENTATION('',(#5903),#5907);
#5903 = LINE('',#5904,#5905);
#5904 = CARTESIAN_POINT('',(2.801353953789,0.));
#5905 = VECTOR('',#5906,1.);
#5906 = DIRECTION('',(0.,-1.));
#5907 = ( GEOMETRIC_REPRESENTATION_CONTEXT(2) 
PARAMETRIC_REPRESENTATION_CONTEXT() REPRESENTATION_CONTEXT('2D SPACE',''
  ) );
#5908 = PCURVE('',#5909,#5914);
#5909 = PLANE('',#5910);
#5910 = AXIS2_PLACEMENT_3D('',#5911,#5912,#5913);
#5911 = CARTESIAN_POINT('',(-23.68417433657,-0.636671353134,0.));
#5912 = DIRECTION('',(-1.,0.,0.));
#5913 = DIRECTION('',(0.,1.,0.));
#5914 = DEFINITIONAL_REPRESENTATION('',(#5915),#5919);
#5915 = LINE('',#5916,#5917);
#5916 = CARTESIAN_POINT('',(0.,0.));
#5917 = VECTOR('',#5918,1.);
#5918 = DIRECTION('',(0.,-1.));
#5919 = ( GEOMETRIC_REPRESENTATION_CONTEXT(2) 
PARAMETRIC_REPRESENTATION_CONTEXT() REPRESENTATION_CONTEXT('2D SPACE',''
  ) );
#5920 = ORIENTED_EDGE('',*,*,#5921,.F.);
#5921 = EDGE_CURVE('',#5831,#5894,#5922,.T.);
#5922 = SURFACE_CURVE('',#5923,(#5927,#5934),.PCURVE_S1.);
#5923 = LINE('',#5924,#5925);
#5924 = CARTESIAN_POINT('',(-20.88282038278,-0.636671353134,0.));
#5925 = VECTOR('',#5926,1.);
#5926 = DIRECTION('',(-1.,-1.585266328982E-16,0.));
#5927 = PCURVE('',#5841,#5928);
#5928 = DEFINITIONAL_REPRESENTATION('',(#5929),#5933);
#5929 = LINE('',#5930,#5931);
#5930 = CARTESIAN_POINT('',(0.,0.));
#5931 = VECTOR('',#5932,1.);
#5932 = DIRECTION('',(1.,0.));
#5933 = ( GEOMETRIC_REPRESENTATION_CONTEXT(2) 
PARAMETRIC_REPRESENTATION_CONTEXT() REPRESENTATION_CONTEXT('2D SPACE',''
  ) );
#5934 = PCURVE('',#5935,#5940);
#5935 = PLANE('',#5936);
#5936 = AXIS2_PLACEMENT_3D('',#5937,#5938,#5939);
#5937 = CARTESIAN_POINT('',(-22.28349735968,-4.093826445663E-15,0.));
#5938 = DIRECTION('',(-0.,-0.,-1.));
#5939 = DIRECTION('',(-1.,0.,0.));
#5940 = DEFINITIONAL_REPRESENTATION('',(#5941),#5945);
#5941 = LINE('',#5942,#5943);
#5942 = CARTESIAN_POINT('',(-1.400676976894,-0.636671353134));
#5943 = VECTOR('',#5944,1.);
#5944 = DIRECTION('',(1.,-1.585266328982E-16));
#5945 = ( GEOMETRIC_REPRESENTATION_CONTEXT(2) 
PARAMETRIC_REPRESENTATION_CONTEXT() REPRESENTATION_CONTEXT('2D SPACE',''
  ) );
#5946 = ADVANCED_FACE('',(#5947),#5853,.T.);
#5947 = FACE_BOUND('',#5948,.T.);
#5948 = EDGE_LOOP('',(#5949,#5979,#6005,#6006));
#5949 = ORIENTED_EDGE('',*,*,#5950,.T.);
#5950 = EDGE_CURVE('',#5951,#5953,#5955,.T.);
#5951 = VERTEX_POINT('',#5952);
#5952 = CARTESIAN_POINT('',(-20.88282038278,0.636671353134,0.));
#5953 = VERTEX_POINT('',#5954);
#5954 = CARTESIAN_POINT('',(-20.88282038278,0.636671353134,0.33));
#5955 = SURFACE_CURVE('',#5956,(#5960,#5967),.PCURVE_S1.);
#5956 = LINE('',#5957,#5958);
#5957 = CARTESIAN_POINT('',(-20.88282038278,0.636671353134,0.));
#5958 = VECTOR('',#5959,1.);
#5959 = DIRECTION('',(0.,-0.,1.));
#5960 = PCURVE('',#5853,#5961);
#5961 = DEFINITIONAL_REPRESENTATION('',(#5962),#5966);
#5962 = LINE('',#5963,#5964);
#5963 = CARTESIAN_POINT('',(0.,0.));
#5964 = VECTOR('',#5965,1.);
#5965 = DIRECTION('',(0.,-1.));
#5966 = ( GEOMETRIC_REPRESENTATION_CONTEXT(2) 
PARAMETRIC_REPRESENTATION_CONTEXT() REPRESENTATION_CONTEXT('2D SPACE',''
  ) );
#5967 = PCURVE('',#5968,#5973);
#5968 = PLANE('',#5969);
#5969 = AXIS2_PLACEMENT_3D('',#5970,#5971,#5972);
#5970 = CARTESIAN_POINT('',(-23.68417433657,0.636671353134,0.));
#5971 = DIRECTION('',(-1.585266328982E-16,1.,0.));
#5972 = DIRECTION('',(1.,1.585266328982E-16,0.));
#5973 = DEFINITIONAL_REPRESENTATION('',(#5974),#5978);
#5974 = LINE('',#5975,#5976);
#5975 = CARTESIAN_POINT('',(2.801353953789,0.));
#5976 = VECTOR('',#5977,1.);
#5977 = DIRECTION('',(0.,-1.));
#5978 = ( GEOMETRIC_REPRESENTATION_CONTEXT(2) 
PARAMETRIC_REPRESENTATION_CONTEXT() REPRESENTATION_CONTEXT('2D SPACE',''
  ) );
#5979 = ORIENTED_EDGE('',*,*,#5980,.T.);
#5980 = EDGE_CURVE('',#5953,#5833,#5981,.T.);
#5981 = SURFACE_CURVE('',#5982,(#5986,#5993),.PCURVE_S1.);
#5982 = LINE('',#5983,#5984);
#5983 = CARTESIAN_POINT('',(-20.88282038278,0.636671353134,0.33));
#5984 = VECTOR('',#5985,1.);
#5985 = DIRECTION('',(0.,-1.,0.));
#5986 = PCURVE('',#5853,#5987);
#5987 = DEFINITIONAL_REPRESENTATION('',(#5988),#5992);
#5988 = LINE('',#5989,#5990);
#5989 = CARTESIAN_POINT('',(0.,-0.33));
#5990 = VECTOR('',#5991,1.);
#5991 = DIRECTION('',(1.,0.));
#5992 = ( GEOMETRIC_REPRESENTATION_CONTEXT(2) 
PARAMETRIC_REPRESENTATION_CONTEXT() REPRESENTATION_CONTEXT('2D SPACE',''
  ) );
#5993 = PCURVE('',#5994,#5999);
#5994 = PLANE('',#5995);
#5995 = AXIS2_PLACEMENT_3D('',#5996,#5997,#5998);
#5996 = CARTESIAN_POINT('',(-20.94282038278,0.636671353134,0.39));
#5997 = DIRECTION('',(-0.707106781187,1.734973258174E-18,-0.707106781187
    ));
#5998 = DIRECTION('',(-1.226811356032E-18,-1.,-1.226811356032E-18));
#5999 = DEFINITIONAL_REPRESENTATION('',(#6000),#6004);
#6000 = LINE('',#6001,#6002);
#6001 = CARTESIAN_POINT('',(0.,-8.485281374238E-02));
#6002 = VECTOR('',#6003,1.);
#6003 = DIRECTION('',(1.,0.));
#6004 = ( GEOMETRIC_REPRESENTATION_CONTEXT(2) 
PARAMETRIC_REPRESENTATION_CONTEXT() REPRESENTATION_CONTEXT('2D SPACE',''
  ) );
#6005 = ORIENTED_EDGE('',*,*,#5830,.F.);
#6006 = ORIENTED_EDGE('',*,*,#6007,.F.);
#6007 = EDGE_CURVE('',#5951,#5831,#6008,.T.);
#6008 = SURFACE_CURVE('',#6009,(#6013,#6020),.PCURVE_S1.);
#6009 = LINE('',#6010,#6011);
#6010 = CARTESIAN_POINT('',(-20.88282038278,0.636671353134,0.));
#6011 = VECTOR('',#6012,1.);
#6012 = DIRECTION('',(0.,-1.,0.));
#6013 = PCURVE('',#5853,#6014);
#6014 = DEFINITIONAL_REPRESENTATION('',(#6015),#6019);
#6015 = LINE('',#6016,#6017);
#6016 = CARTESIAN_POINT('',(0.,0.));
#6017 = VECTOR('',#6018,1.);
#6018 = DIRECTION('',(1.,0.));
#6019 = ( GEOMETRIC_REPRESENTATION_CONTEXT(2) 
PARAMETRIC_REPRESENTATION_CONTEXT() REPRESENTATION_CONTEXT('2D SPACE',''
  ) );
#6020 = PCURVE('',#5935,#6021);
#6021 = DEFINITIONAL_REPRESENTATION('',(#6022),#6026);
#6022 = LINE('',#6023,#6024);
#6023 = CARTESIAN_POINT('',(-1.400676976894,0.636671353134));
#6024 = VECTOR('',#6025,1.);
#6025 = DIRECTION('',(0.,-1.));
#6026 = ( GEOMETRIC_REPRESENTATION_CONTEXT(2) 
PARAMETRIC_REPRESENTATION_CONTEXT() REPRESENTATION_CONTEXT('2D SPACE',''
  ) );
#6027 = ADVANCED_FACE('',(#6028),#5881,.F.);
#6028 = FACE_BOUND('',#6029,.F.);
#6029 = EDGE_LOOP('',(#6030,#6053,#6054,#6082));
#6030 = ORIENTED_EDGE('',*,*,#6031,.F.);
#6031 = EDGE_CURVE('',#5833,#6032,#6034,.T.);
#6032 = VERTEX_POINT('',#6033);
#6033 = CARTESIAN_POINT('',(-21.00282038278,-0.516671353134,0.45));
#6034 = SURFACE_CURVE('',#6035,(#6039,#6046),.PCURVE_S1.);
#6035 = LINE('',#6036,#6037);
#6036 = CARTESIAN_POINT('',(-21.13504416716,-0.384447568756,
    0.582223784378));
#6037 = VECTOR('',#6038,1.);
#6038 = DIRECTION('',(-0.57735026919,0.57735026919,0.57735026919));
#6039 = PCURVE('',#5881,#6040);
#6040 = DEFINITIONAL_REPRESENTATION('',(#6041),#6045);
#6041 = LINE('',#6042,#6043);
#6042 = CARTESIAN_POINT('',(0.252223784378,0.271845482878));
#6043 = VECTOR('',#6044,1.);
#6044 = DIRECTION('',(0.57735026919,0.816496580928));
#6045 = ( GEOMETRIC_REPRESENTATION_CONTEXT(2) 
PARAMETRIC_REPRESENTATION_CONTEXT() REPRESENTATION_CONTEXT('2D SPACE',''
  ) );
#6046 = PCURVE('',#5994,#6047);
#6047 = DEFINITIONAL_REPRESENTATION('',(#6048),#6052);
#6048 = LINE('',#6049,#6050);
#6049 = CARTESIAN_POINT('',(1.02111892189,0.271845482878));
#6050 = VECTOR('',#6051,1.);
#6051 = DIRECTION('',(-0.57735026919,0.816496580928));
#6052 = ( GEOMETRIC_REPRESENTATION_CONTEXT(2) 
PARAMETRIC_REPRESENTATION_CONTEXT() REPRESENTATION_CONTEXT('2D SPACE',''
  ) );
#6053 = ORIENTED_EDGE('',*,*,#5865,.T.);
#6054 = ORIENTED_EDGE('',*,*,#6055,.T.);
#6055 = EDGE_CURVE('',#5866,#6056,#6058,.T.);
#6056 = VERTEX_POINT('',#6057);
#6057 = CARTESIAN_POINT('',(-23.56417433657,-0.516671353134,0.45));
#6058 = SURFACE_CURVE('',#6059,(#6063,#6070),.PCURVE_S1.);
#6059 = LINE('',#6060,#6061);
#6060 = CARTESIAN_POINT('',(-23.17728201094,-0.129779027502,
    0.836892325631));
#6061 = VECTOR('',#6062,1.);
#6062 = DIRECTION('',(0.57735026919,0.57735026919,0.57735026919));
#6063 = PCURVE('',#5881,#6064);
#6064 = DEFINITIONAL_REPRESENTATION('',(#6065),#6069);
#6065 = LINE('',#6066,#6067);
#6066 = CARTESIAN_POINT('',(2.294461628157,0.632001187828));
#6067 = VECTOR('',#6068,1.);
#6068 = DIRECTION('',(-0.57735026919,0.816496580928));
#6069 = ( GEOMETRIC_REPRESENTATION_CONTEXT(2) 
PARAMETRIC_REPRESENTATION_CONTEXT() REPRESENTATION_CONTEXT('2D SPACE',''
  ) );
#6070 = PCURVE('',#6071,#6076);
#6071 = PLANE('',#6072);
#6072 = AXIS2_PLACEMENT_3D('',#6073,#6074,#6075);
#6073 = CARTESIAN_POINT('',(-23.62417433657,-0.636671353134,0.39));
#6074 = DIRECTION('',(0.707106781187,0.,-0.707106781187));
#6075 = DIRECTION('',(0.,1.,0.));
#6076 = DEFINITIONAL_REPRESENTATION('',(#6077),#6081);
#6077 = LINE('',#6078,#6079);
#6078 = CARTESIAN_POINT('',(0.506892325631,0.632001187828));
#6079 = VECTOR('',#6080,1.);
#6080 = DIRECTION('',(0.57735026919,0.816496580928));
#6081 = ( GEOMETRIC_REPRESENTATION_CONTEXT(2) 
PARAMETRIC_REPRESENTATION_CONTEXT() REPRESENTATION_CONTEXT('2D SPACE',''
  ) );
#6082 = ORIENTED_EDGE('',*,*,#6083,.F.);
#6083 = EDGE_CURVE('',#6032,#6056,#6084,.T.);
#6084 = SURFACE_CURVE('',#6085,(#6089,#6096),.PCURVE_S1.);
#6085 = LINE('',#6086,#6087);
#6086 = CARTESIAN_POINT('',(-20.88282038278,-0.516671353134,0.45));
#6087 = VECTOR('',#6088,1.);
#6088 = DIRECTION('',(-1.,-1.585266328982E-16,0.));
#6089 = PCURVE('',#5881,#6090);
#6090 = DEFINITIONAL_REPRESENTATION('',(#6091),#6095);
#6091 = LINE('',#6092,#6093);
#6092 = CARTESIAN_POINT('',(0.,8.485281374239E-02));
#6093 = VECTOR('',#6094,1.);
#6094 = DIRECTION('',(1.,0.));
#6095 = ( GEOMETRIC_REPRESENTATION_CONTEXT(2) 
PARAMETRIC_REPRESENTATION_CONTEXT() REPRESENTATION_CONTEXT('2D SPACE',''
  ) );
#6096 = PCURVE('',#6097,#6102);
#6097 = PLANE('',#6098);
#6098 = AXIS2_PLACEMENT_3D('',#6099,#6100,#6101);
#6099 = CARTESIAN_POINT('',(-22.28349735968,-4.093826445663E-15,0.45));
#6100 = DIRECTION('',(-0.,-0.,-1.));
#6101 = DIRECTION('',(-1.,0.,0.));
#6102 = DEFINITIONAL_REPRESENTATION('',(#6103),#6107);
#6103 = LINE('',#6104,#6105);
#6104 = CARTESIAN_POINT('',(-1.400676976894,-0.516671353134));
#6105 = VECTOR('',#6106,1.);
#6106 = DIRECTION('',(1.,-1.585266328982E-16));
#6107 = ( GEOMETRIC_REPRESENTATION_CONTEXT(2) 
PARAMETRIC_REPRESENTATION_CONTEXT() REPRESENTATION_CONTEXT('2D SPACE',''
  ) );
#6108 = ADVANCED_FACE('',(#6109),#5935,.T.);
#6109 = FACE_BOUND('',#6110,.T.);
#6110 = EDGE_LOOP('',(#6111,#6112,#6135,#6156));
#6111 = ORIENTED_EDGE('',*,*,#5921,.T.);
#6112 = ORIENTED_EDGE('',*,*,#6113,.T.);
#6113 = EDGE_CURVE('',#5894,#6114,#6116,.T.);
#6114 = VERTEX_POINT('',#6115);
#6115 = CARTESIAN_POINT('',(-23.68417433657,0.636671353134,0.));
#6116 = SURFACE_CURVE('',#6117,(#6121,#6128),.PCURVE_S1.);
#6117 = LINE('',#6118,#6119);
#6118 = CARTESIAN_POINT('',(-23.68417433657,-0.636671353134,0.));
#6119 = VECTOR('',#6120,1.);
#6120 = DIRECTION('',(0.,1.,0.));
#6121 = PCURVE('',#5935,#6122);
#6122 = DEFINITIONAL_REPRESENTATION('',(#6123),#6127);
#6123 = LINE('',#6124,#6125);
#6124 = CARTESIAN_POINT('',(1.400676976894,-0.636671353134));
#6125 = VECTOR('',#6126,1.);
#6126 = DIRECTION('',(0.,1.));
#6127 = ( GEOMETRIC_REPRESENTATION_CONTEXT(2) 
PARAMETRIC_REPRESENTATION_CONTEXT() REPRESENTATION_CONTEXT('2D SPACE',''
  ) );
#6128 = PCURVE('',#5909,#6129);
#6129 = DEFINITIONAL_REPRESENTATION('',(#6130),#6134);
#6130 = LINE('',#6131,#6132);
#6131 = CARTESIAN_POINT('',(0.,0.));
#6132 = VECTOR('',#6133,1.);
#6133 = DIRECTION('',(1.,0.));
#6134 = ( GEOMETRIC_REPRESENTATION_CONTEXT(2) 
PARAMETRIC_REPRESENTATION_CONTEXT() REPRESENTATION_CONTEXT('2D SPACE',''
  ) );
#6135 = ORIENTED_EDGE('',*,*,#6136,.T.);
#6136 = EDGE_CURVE('',#6114,#5951,#6137,.T.);
#6137 = SURFACE_CURVE('',#6138,(#6142,#6149),.PCURVE_S1.);
#6138 = LINE('',#6139,#6140);
#6139 = CARTESIAN_POINT('',(-23.68417433657,0.636671353134,0.));
#6140 = VECTOR('',#6141,1.);
#6141 = DIRECTION('',(1.,1.585266328982E-16,0.));
#6142 = PCURVE('',#5935,#6143);
#6143 = DEFINITIONAL_REPRESENTATION('',(#6144),#6148);
#6144 = LINE('',#6145,#6146);
#6145 = CARTESIAN_POINT('',(1.400676976894,0.636671353134));
#6146 = VECTOR('',#6147,1.);
#6147 = DIRECTION('',(-1.,1.585266328982E-16));
#6148 = ( GEOMETRIC_REPRESENTATION_CONTEXT(2) 
PARAMETRIC_REPRESENTATION_CONTEXT() REPRESENTATION_CONTEXT('2D SPACE',''
  ) );
#6149 = PCURVE('',#5968,#6150);
#6150 = DEFINITIONAL_REPRESENTATION('',(#6151),#6155);
#6151 = LINE('',#6152,#6153);
#6152 = CARTESIAN_POINT('',(0.,0.));
#6153 = VECTOR('',#6154,1.);
#6154 = DIRECTION('',(1.,0.));
#6155 = ( GEOMETRIC_REPRESENTATION_CONTEXT(2) 
PARAMETRIC_REPRESENTATION_CONTEXT() REPRESENTATION_CONTEXT('2D SPACE',''
  ) );
#6156 = ORIENTED_EDGE('',*,*,#6007,.T.);
#6157 = ADVANCED_FACE('',(#6158),#5909,.T.);
#6158 = FACE_BOUND('',#6159,.T.);
#6159 = EDGE_LOOP('',(#6160,#6161,#6184,#6205));
#6160 = ORIENTED_EDGE('',*,*,#5893,.T.);
#6161 = ORIENTED_EDGE('',*,*,#6162,.T.);
#6162 = EDGE_CURVE('',#5866,#6163,#6165,.T.);
#6163 = VERTEX_POINT('',#6164);
#6164 = CARTESIAN_POINT('',(-23.68417433657,0.636671353134,0.33));
#6165 = SURFACE_CURVE('',#6166,(#6170,#6177),.PCURVE_S1.);
#6166 = LINE('',#6167,#6168);
#6167 = CARTESIAN_POINT('',(-23.68417433657,-0.636671353134,0.33));
#6168 = VECTOR('',#6169,1.);
#6169 = DIRECTION('',(0.,1.,0.));
#6170 = PCURVE('',#5909,#6171);
#6171 = DEFINITIONAL_REPRESENTATION('',(#6172),#6176);
#6172 = LINE('',#6173,#6174);
#6173 = CARTESIAN_POINT('',(0.,-0.33));
#6174 = VECTOR('',#6175,1.);
#6175 = DIRECTION('',(1.,0.));
#6176 = ( GEOMETRIC_REPRESENTATION_CONTEXT(2) 
PARAMETRIC_REPRESENTATION_CONTEXT() REPRESENTATION_CONTEXT('2D SPACE',''
  ) );
#6177 = PCURVE('',#6071,#6178);
#6178 = DEFINITIONAL_REPRESENTATION('',(#6179),#6183);
#6179 = LINE('',#6180,#6181);
#6180 = CARTESIAN_POINT('',(0.,-8.485281374239E-02));
#6181 = VECTOR('',#6182,1.);
#6182 = DIRECTION('',(1.,0.));
#6183 = ( GEOMETRIC_REPRESENTATION_CONTEXT(2) 
PARAMETRIC_REPRESENTATION_CONTEXT() REPRESENTATION_CONTEXT('2D SPACE',''
  ) );
#6184 = ORIENTED_EDGE('',*,*,#6185,.F.);
#6185 = EDGE_CURVE('',#6114,#6163,#6186,.T.);
#6186 = SURFACE_CURVE('',#6187,(#6191,#6198),.PCURVE_S1.);
#6187 = LINE('',#6188,#6189);
#6188 = CARTESIAN_POINT('',(-23.68417433657,0.636671353134,0.));
#6189 = VECTOR('',#6190,1.);
#6190 = DIRECTION('',(0.,-0.,1.));
#6191 = PCURVE('',#5909,#6192);
#6192 = DEFINITIONAL_REPRESENTATION('',(#6193),#6197);
#6193 = LINE('',#6194,#6195);
#6194 = CARTESIAN_POINT('',(1.273342706268,0.));
#6195 = VECTOR('',#6196,1.);
#6196 = DIRECTION('',(0.,-1.));
#6197 = ( GEOMETRIC_REPRESENTATION_CONTEXT(2) 
PARAMETRIC_REPRESENTATION_CONTEXT() REPRESENTATION_CONTEXT('2D SPACE',''
  ) );
#6198 = PCURVE('',#5968,#6199);
#6199 = DEFINITIONAL_REPRESENTATION('',(#6200),#6204);
#6200 = LINE('',#6201,#6202);
#6201 = CARTESIAN_POINT('',(0.,0.));
#6202 = VECTOR('',#6203,1.);
#6203 = DIRECTION('',(0.,-1.));
#6204 = ( GEOMETRIC_REPRESENTATION_CONTEXT(2) 
PARAMETRIC_REPRESENTATION_CONTEXT() REPRESENTATION_CONTEXT('2D SPACE',''
  ) );
#6205 = ORIENTED_EDGE('',*,*,#6113,.F.);
#6206 = ADVANCED_FACE('',(#6207),#5968,.T.);
#6207 = FACE_BOUND('',#6208,.T.);
#6208 = EDGE_LOOP('',(#6209,#6210,#6236,#6237));
#6209 = ORIENTED_EDGE('',*,*,#6185,.T.);
#6210 = ORIENTED_EDGE('',*,*,#6211,.T.);
#6211 = EDGE_CURVE('',#6163,#5953,#6212,.T.);
#6212 = SURFACE_CURVE('',#6213,(#6217,#6224),.PCURVE_S1.);
#6213 = LINE('',#6214,#6215);
#6214 = CARTESIAN_POINT('',(-23.68417433657,0.636671353134,0.33));
#6215 = VECTOR('',#6216,1.);
#6216 = DIRECTION('',(1.,1.585266328982E-16,0.));
#6217 = PCURVE('',#5968,#6218);
#6218 = DEFINITIONAL_REPRESENTATION('',(#6219),#6223);
#6219 = LINE('',#6220,#6221);
#6220 = CARTESIAN_POINT('',(0.,-0.33));
#6221 = VECTOR('',#6222,1.);
#6222 = DIRECTION('',(1.,0.));
#6223 = ( GEOMETRIC_REPRESENTATION_CONTEXT(2) 
PARAMETRIC_REPRESENTATION_CONTEXT() REPRESENTATION_CONTEXT('2D SPACE',''
  ) );
#6224 = PCURVE('',#6225,#6230);
#6225 = PLANE('',#6226);
#6226 = AXIS2_PLACEMENT_3D('',#6227,#6228,#6229);
#6227 = CARTESIAN_POINT('',(-23.68417433657,0.576671353134,0.39));
#6228 = DIRECTION('',(1.09303315265E-16,-0.707106781187,-0.707106781187)
  );
#6229 = DIRECTION('',(1.,1.565524318791E-16,-1.974201019043E-18));
#6230 = DEFINITIONAL_REPRESENTATION('',(#6231),#6235);
#6231 = LINE('',#6232,#6233);
#6232 = CARTESIAN_POINT('',(0.,-8.485281374239E-02));
#6233 = VECTOR('',#6234,1.);
#6234 = DIRECTION('',(1.,0.));
#6235 = ( GEOMETRIC_REPRESENTATION_CONTEXT(2) 
PARAMETRIC_REPRESENTATION_CONTEXT() REPRESENTATION_CONTEXT('2D SPACE',''
  ) );
#6236 = ORIENTED_EDGE('',*,*,#5950,.F.);
#6237 = ORIENTED_EDGE('',*,*,#6136,.F.);
#6238 = ADVANCED_FACE('',(#6239),#5994,.F.);
#6239 = FACE_BOUND('',#6240,.F.);
#6240 = EDGE_LOOP('',(#6241,#6264,#6265,#6266));
#6241 = ORIENTED_EDGE('',*,*,#6242,.F.);
#6242 = EDGE_CURVE('',#5953,#6243,#6245,.T.);
#6243 = VERTEX_POINT('',#6244);
#6244 = CARTESIAN_POINT('',(-21.00282038278,0.516671353134,0.45));
#6245 = SURFACE_CURVE('',#6246,(#6250,#6257),.PCURVE_S1.);
#6246 = LINE('',#6247,#6248);
#6247 = CARTESIAN_POINT('',(-21.38971270841,0.129779027502,
    0.836892325631));
#6248 = VECTOR('',#6249,1.);
#6249 = DIRECTION('',(-0.57735026919,-0.57735026919,0.57735026919));
#6250 = PCURVE('',#5994,#6251);
#6251 = DEFINITIONAL_REPRESENTATION('',(#6252),#6256);
#6252 = LINE('',#6253,#6254);
#6253 = CARTESIAN_POINT('',(0.506892325631,0.632001187828));
#6254 = VECTOR('',#6255,1.);
#6255 = DIRECTION('',(0.57735026919,0.816496580928));
#6256 = ( GEOMETRIC_REPRESENTATION_CONTEXT(2) 
PARAMETRIC_REPRESENTATION_CONTEXT() REPRESENTATION_CONTEXT('2D SPACE',''
  ) );
#6257 = PCURVE('',#6225,#6258);
#6258 = DEFINITIONAL_REPRESENTATION('',(#6259),#6263);
#6259 = LINE('',#6260,#6261);
#6260 = CARTESIAN_POINT('',(2.294461628157,0.632001187828));
#6261 = VECTOR('',#6262,1.);
#6262 = DIRECTION('',(-0.57735026919,0.816496580928));
#6263 = ( GEOMETRIC_REPRESENTATION_CONTEXT(2) 
PARAMETRIC_REPRESENTATION_CONTEXT() REPRESENTATION_CONTEXT('2D SPACE',''
  ) );
#6264 = ORIENTED_EDGE('',*,*,#5980,.T.);
#6265 = ORIENTED_EDGE('',*,*,#6031,.T.);
#6266 = ORIENTED_EDGE('',*,*,#6267,.F.);
#6267 = EDGE_CURVE('',#6243,#6032,#6268,.T.);
#6268 = SURFACE_CURVE('',#6269,(#6273,#6280),.PCURVE_S1.);
#6269 = LINE('',#6270,#6271);
#6270 = CARTESIAN_POINT('',(-21.00282038278,0.636671353134,0.45));
#6271 = VECTOR('',#6272,1.);
#6272 = DIRECTION('',(0.,-1.,0.));
#6273 = PCURVE('',#5994,#6274);
#6274 = DEFINITIONAL_REPRESENTATION('',(#6275),#6279);
#6275 = LINE('',#6276,#6277);
#6276 = CARTESIAN_POINT('',(0.,8.485281374239E-02));
#6277 = VECTOR('',#6278,1.);
#6278 = DIRECTION('',(1.,0.));
#6279 = ( GEOMETRIC_REPRESENTATION_CONTEXT(2) 
PARAMETRIC_REPRESENTATION_CONTEXT() REPRESENTATION_CONTEXT('2D SPACE',''
  ) );
#6280 = PCURVE('',#6097,#6281);
#6281 = DEFINITIONAL_REPRESENTATION('',(#6282),#6286);
#6282 = LINE('',#6283,#6284);
#6283 = CARTESIAN_POINT('',(-1.280676976894,0.636671353134));
#6284 = VECTOR('',#6285,1.);
#6285 = DIRECTION('',(0.,-1.));
#6286 = ( GEOMETRIC_REPRESENTATION_CONTEXT(2) 
PARAMETRIC_REPRESENTATION_CONTEXT() REPRESENTATION_CONTEXT('2D SPACE',''
  ) );
#6287 = ADVANCED_FACE('',(#6288),#6097,.F.);
#6288 = FACE_BOUND('',#6289,.F.);
#6289 = EDGE_LOOP('',(#6290,#6291,#6314,#6335));
#6290 = ORIENTED_EDGE('',*,*,#6083,.T.);
#6291 = ORIENTED_EDGE('',*,*,#6292,.T.);
#6292 = EDGE_CURVE('',#6056,#6293,#6295,.T.);
#6293 = VERTEX_POINT('',#6294);
#6294 = CARTESIAN_POINT('',(-23.56417433657,0.516671353134,0.45));
#6295 = SURFACE_CURVE('',#6296,(#6300,#6307),.PCURVE_S1.);
#6296 = LINE('',#6297,#6298);
#6297 = CARTESIAN_POINT('',(-23.56417433657,-0.636671353134,0.45));
#6298 = VECTOR('',#6299,1.);
#6299 = DIRECTION('',(0.,1.,0.));
#6300 = PCURVE('',#6097,#6301);
#6301 = DEFINITIONAL_REPRESENTATION('',(#6302),#6306);
#6302 = LINE('',#6303,#6304);
#6303 = CARTESIAN_POINT('',(1.280676976894,-0.636671353134));
#6304 = VECTOR('',#6305,1.);
#6305 = DIRECTION('',(0.,1.));
#6306 = ( GEOMETRIC_REPRESENTATION_CONTEXT(2) 
PARAMETRIC_REPRESENTATION_CONTEXT() REPRESENTATION_CONTEXT('2D SPACE',''
  ) );
#6307 = PCURVE('',#6071,#6308);
#6308 = DEFINITIONAL_REPRESENTATION('',(#6309),#6313);
#6309 = LINE('',#6310,#6311);
#6310 = CARTESIAN_POINT('',(0.,8.485281374238E-02));
#6311 = VECTOR('',#6312,1.);
#6312 = DIRECTION('',(1.,0.));
#6313 = ( GEOMETRIC_REPRESENTATION_CONTEXT(2) 
PARAMETRIC_REPRESENTATION_CONTEXT() REPRESENTATION_CONTEXT('2D SPACE',''
  ) );
#6314 = ORIENTED_EDGE('',*,*,#6315,.T.);
#6315 = EDGE_CURVE('',#6293,#6243,#6316,.T.);
#6316 = SURFACE_CURVE('',#6317,(#6321,#6328),.PCURVE_S1.);
#6317 = LINE('',#6318,#6319);
#6318 = CARTESIAN_POINT('',(-23.68417433657,0.516671353134,0.45));
#6319 = VECTOR('',#6320,1.);
#6320 = DIRECTION('',(1.,1.585266328982E-16,0.));
#6321 = PCURVE('',#6097,#6322);
#6322 = DEFINITIONAL_REPRESENTATION('',(#6323),#6327);
#6323 = LINE('',#6324,#6325);
#6324 = CARTESIAN_POINT('',(1.400676976894,0.516671353134));
#6325 = VECTOR('',#6326,1.);
#6326 = DIRECTION('',(-1.,1.585266328982E-16));
#6327 = ( GEOMETRIC_REPRESENTATION_CONTEXT(2) 
PARAMETRIC_REPRESENTATION_CONTEXT() REPRESENTATION_CONTEXT('2D SPACE',''
  ) );
#6328 = PCURVE('',#6225,#6329);
#6329 = DEFINITIONAL_REPRESENTATION('',(#6330),#6334);
#6330 = LINE('',#6331,#6332);
#6331 = CARTESIAN_POINT('',(0.,8.485281374239E-02));
#6332 = VECTOR('',#6333,1.);
#6333 = DIRECTION('',(1.,0.));
#6334 = ( GEOMETRIC_REPRESENTATION_CONTEXT(2) 
PARAMETRIC_REPRESENTATION_CONTEXT() REPRESENTATION_CONTEXT('2D SPACE',''
  ) );
#6335 = ORIENTED_EDGE('',*,*,#6267,.T.);
#6336 = ADVANCED_FACE('',(#6337),#6071,.F.);
#6337 = FACE_BOUND('',#6338,.F.);
#6338 = EDGE_LOOP('',(#6339,#6340,#6341,#6362));
#6339 = ORIENTED_EDGE('',*,*,#6055,.F.);
#6340 = ORIENTED_EDGE('',*,*,#6162,.T.);
#6341 = ORIENTED_EDGE('',*,*,#6342,.T.);
#6342 = EDGE_CURVE('',#6163,#6293,#6343,.T.);
#6343 = SURFACE_CURVE('',#6344,(#6348,#6355),.PCURVE_S1.);
#6344 = LINE('',#6345,#6346);
#6345 = CARTESIAN_POINT('',(-23.43195055219,0.384447568756,
    0.582223784378));
#6346 = VECTOR('',#6347,1.);
#6347 = DIRECTION('',(0.57735026919,-0.57735026919,0.57735026919));
#6348 = PCURVE('',#6071,#6349);
#6349 = DEFINITIONAL_REPRESENTATION('',(#6350),#6354);
#6350 = LINE('',#6351,#6352);
#6351 = CARTESIAN_POINT('',(1.02111892189,0.271845482878));
#6352 = VECTOR('',#6353,1.);
#6353 = DIRECTION('',(-0.57735026919,0.816496580928));
#6354 = ( GEOMETRIC_REPRESENTATION_CONTEXT(2) 
PARAMETRIC_REPRESENTATION_CONTEXT() REPRESENTATION_CONTEXT('2D SPACE',''
  ) );
#6355 = PCURVE('',#6225,#6356);
#6356 = DEFINITIONAL_REPRESENTATION('',(#6357),#6361);
#6357 = LINE('',#6358,#6359);
#6358 = CARTESIAN_POINT('',(0.252223784378,0.271845482878));
#6359 = VECTOR('',#6360,1.);
#6360 = DIRECTION('',(0.57735026919,0.816496580928));
#6361 = ( GEOMETRIC_REPRESENTATION_CONTEXT(2) 
PARAMETRIC_REPRESENTATION_CONTEXT() REPRESENTATION_CONTEXT('2D SPACE',''
  ) );
#6362 = ORIENTED_EDGE('',*,*,#6292,.F.);
#6363 = ADVANCED_FACE('',(#6364),#6225,.F.);
#6364 = FACE_BOUND('',#6365,.F.);
#6365 = EDGE_LOOP('',(#6366,#6367,#6368,#6369));
#6366 = ORIENTED_EDGE('',*,*,#6342,.F.);
#6367 = ORIENTED_EDGE('',*,*,#6211,.T.);
#6368 = ORIENTED_EDGE('',*,*,#6242,.T.);
#6369 = ORIENTED_EDGE('',*,*,#6315,.F.);
#6370 = MANIFOLD_SOLID_BREP('',#6371);
#6371 = CLOSED_SHELL('',(#6372,#6492,#6573,#6654,#6703,#6752,#6784,#6833
    ,#6882,#6909));
#6372 = ADVANCED_FACE('',(#6373),#6387,.T.);
#6373 = FACE_BOUND('',#6374,.T.);
#6374 = EDGE_LOOP('',(#6375,#6410,#6438,#6466));
#6375 = ORIENTED_EDGE('',*,*,#6376,.T.);
#6376 = EDGE_CURVE('',#6377,#6379,#6381,.T.);
#6377 = VERTEX_POINT('',#6378);
#6378 = CARTESIAN_POINT('',(-18.40338863072,9.890036625718,0.));
#6379 = VERTEX_POINT('',#6380);
#6380 = CARTESIAN_POINT('',(-18.40338863072,9.890036625718,0.33));
#6381 = SURFACE_CURVE('',#6382,(#6386,#6398),.PCURVE_S1.);
#6382 = LINE('',#6383,#6384);
#6383 = CARTESIAN_POINT('',(-18.40338863072,9.890036625718,0.));
#6384 = VECTOR('',#6385,1.);
#6385 = DIRECTION('',(0.,-0.,1.));
#6386 = PCURVE('',#6387,#6392);
#6387 = PLANE('',#6388);
#6388 = AXIS2_PLACEMENT_3D('',#6389,#6390,#6391);
#6389 = CARTESIAN_POINT('',(-18.40338863072,9.890036625718,0.));
#6390 = DIRECTION('',(-0.5,-0.866025403784,0.));
#6391 = DIRECTION('',(-0.866025403784,0.5,0.));
#6392 = DEFINITIONAL_REPRESENTATION('',(#6393),#6397);
#6393 = LINE('',#6394,#6395);
#6394 = CARTESIAN_POINT('',(0.,0.));
#6395 = VECTOR('',#6396,1.);
#6396 = DIRECTION('',(0.,-1.));
#6397 = ( GEOMETRIC_REPRESENTATION_CONTEXT(2) 
PARAMETRIC_REPRESENTATION_CONTEXT() REPRESENTATION_CONTEXT('2D SPACE',''
  ) );
#6398 = PCURVE('',#6399,#6404);
#6399 = PLANE('',#6400);
#6400 = AXIS2_PLACEMENT_3D('',#6401,#6402,#6403);
#6401 = CARTESIAN_POINT('',(-17.76671727759,10.992783757069,0.));
#6402 = DIRECTION('',(0.866025403784,-0.5,-0.));
#6403 = DIRECTION('',(-0.5,-0.866025403784,0.));
#6404 = DEFINITIONAL_REPRESENTATION('',(#6405),#6409);
#6405 = LINE('',#6406,#6407);
#6406 = CARTESIAN_POINT('',(1.273342706268,0.));
#6407 = VECTOR('',#6408,1.);
#6408 = DIRECTION('',(0.,-1.));
#6409 = ( GEOMETRIC_REPRESENTATION_CONTEXT(2) 
PARAMETRIC_REPRESENTATION_CONTEXT() REPRESENTATION_CONTEXT('2D SPACE',''
  ) );
#6410 = ORIENTED_EDGE('',*,*,#6411,.T.);
#6411 = EDGE_CURVE('',#6379,#6412,#6414,.T.);
#6412 = VERTEX_POINT('',#6413);
#6413 = CARTESIAN_POINT('',(-20.8294323197,11.290713602612,0.33));
#6414 = SURFACE_CURVE('',#6415,(#6419,#6426),.PCURVE_S1.);
#6415 = LINE('',#6416,#6417);
#6416 = CARTESIAN_POINT('',(-18.40338863072,9.890036625718,0.33));
#6417 = VECTOR('',#6418,1.);
#6418 = DIRECTION('',(-0.866025403784,0.5,0.));
#6419 = PCURVE('',#6387,#6420);
#6420 = DEFINITIONAL_REPRESENTATION('',(#6421),#6425);
#6421 = LINE('',#6422,#6423);
#6422 = CARTESIAN_POINT('',(0.,-0.33));
#6423 = VECTOR('',#6424,1.);
#6424 = DIRECTION('',(1.,0.));
#6425 = ( GEOMETRIC_REPRESENTATION_CONTEXT(2) 
PARAMETRIC_REPRESENTATION_CONTEXT() REPRESENTATION_CONTEXT('2D SPACE',''
  ) );
#6426 = PCURVE('',#6427,#6432);
#6427 = PLANE('',#6428);
#6428 = AXIS2_PLACEMENT_3D('',#6429,#6430,#6431);
#6429 = CARTESIAN_POINT('',(-18.37338863072,9.941998149945,0.39));
#6430 = DIRECTION('',(0.353553390593,0.612372435696,-0.707106781187));
#6431 = DIRECTION('',(-0.866025403784,0.5,0.));
#6432 = DEFINITIONAL_REPRESENTATION('',(#6433),#6437);
#6433 = LINE('',#6434,#6435);
#6434 = CARTESIAN_POINT('',(0.,-8.485281374239E-02));
#6435 = VECTOR('',#6436,1.);
#6436 = DIRECTION('',(1.,0.));
#6437 = ( GEOMETRIC_REPRESENTATION_CONTEXT(2) 
PARAMETRIC_REPRESENTATION_CONTEXT() REPRESENTATION_CONTEXT('2D SPACE',''
  ) );
#6438 = ORIENTED_EDGE('',*,*,#6439,.F.);
#6439 = EDGE_CURVE('',#6440,#6412,#6442,.T.);
#6440 = VERTEX_POINT('',#6441);
#6441 = CARTESIAN_POINT('',(-20.8294323197,11.290713602612,0.));
#6442 = SURFACE_CURVE('',#6443,(#6447,#6454),.PCURVE_S1.);
#6443 = LINE('',#6444,#6445);
#6444 = CARTESIAN_POINT('',(-20.8294323197,11.290713602612,0.));
#6445 = VECTOR('',#6446,1.);
#6446 = DIRECTION('',(0.,-0.,1.));
#6447 = PCURVE('',#6387,#6448);
#6448 = DEFINITIONAL_REPRESENTATION('',(#6449),#6453);
#6449 = LINE('',#6450,#6451);
#6450 = CARTESIAN_POINT('',(2.801353953789,0.));
#6451 = VECTOR('',#6452,1.);
#6452 = DIRECTION('',(0.,-1.));
#6453 = ( GEOMETRIC_REPRESENTATION_CONTEXT(2) 
PARAMETRIC_REPRESENTATION_CONTEXT() REPRESENTATION_CONTEXT('2D SPACE',''
  ) );
#6454 = PCURVE('',#6455,#6460);
#6455 = PLANE('',#6456);
#6456 = AXIS2_PLACEMENT_3D('',#6457,#6458,#6459);
#6457 = CARTESIAN_POINT('',(-20.8294323197,11.290713602612,0.));
#6458 = DIRECTION('',(-0.866025403784,0.5,0.));
#6459 = DIRECTION('',(0.5,0.866025403784,0.));
#6460 = DEFINITIONAL_REPRESENTATION('',(#6461),#6465);
#6461 = LINE('',#6462,#6463);
#6462 = CARTESIAN_POINT('',(0.,0.));
#6463 = VECTOR('',#6464,1.);
#6464 = DIRECTION('',(0.,-1.));
#6465 = ( GEOMETRIC_REPRESENTATION_CONTEXT(2) 
PARAMETRIC_REPRESENTATION_CONTEXT() REPRESENTATION_CONTEXT('2D SPACE',''
  ) );
#6466 = ORIENTED_EDGE('',*,*,#6467,.F.);
#6467 = EDGE_CURVE('',#6377,#6440,#6468,.T.);
#6468 = SURFACE_CURVE('',#6469,(#6473,#6480),.PCURVE_S1.);
#6469 = LINE('',#6470,#6471);
#6470 = CARTESIAN_POINT('',(-18.40338863072,9.890036625718,0.));
#6471 = VECTOR('',#6472,1.);
#6472 = DIRECTION('',(-0.866025403784,0.5,0.));
#6473 = PCURVE('',#6387,#6474);
#6474 = DEFINITIONAL_REPRESENTATION('',(#6475),#6479);
#6475 = LINE('',#6476,#6477);
#6476 = CARTESIAN_POINT('',(0.,0.));
#6477 = VECTOR('',#6478,1.);
#6478 = DIRECTION('',(1.,0.));
#6479 = ( GEOMETRIC_REPRESENTATION_CONTEXT(2) 
PARAMETRIC_REPRESENTATION_CONTEXT() REPRESENTATION_CONTEXT('2D SPACE',''
  ) );
#6480 = PCURVE('',#6481,#6486);
#6481 = PLANE('',#6482);
#6482 = AXIS2_PLACEMENT_3D('',#6483,#6484,#6485);
#6483 = CARTESIAN_POINT('',(-19.29807479864,11.141748679841,0.));
#6484 = DIRECTION('',(-0.,-0.,-1.));
#6485 = DIRECTION('',(-1.,0.,0.));
#6486 = DEFINITIONAL_REPRESENTATION('',(#6487),#6491);
#6487 = LINE('',#6488,#6489);
#6488 = CARTESIAN_POINT('',(-0.89468616792,-1.251712054123));
#6489 = VECTOR('',#6490,1.);
#6490 = DIRECTION('',(0.866025403784,0.5));
#6491 = ( GEOMETRIC_REPRESENTATION_CONTEXT(2) 
PARAMETRIC_REPRESENTATION_CONTEXT() REPRESENTATION_CONTEXT('2D SPACE',''
  ) );
#6492 = ADVANCED_FACE('',(#6493),#6399,.T.);
#6493 = FACE_BOUND('',#6494,.T.);
#6494 = EDGE_LOOP('',(#6495,#6525,#6551,#6552));
#6495 = ORIENTED_EDGE('',*,*,#6496,.T.);
#6496 = EDGE_CURVE('',#6497,#6499,#6501,.T.);
#6497 = VERTEX_POINT('',#6498);
#6498 = CARTESIAN_POINT('',(-17.76671727759,10.992783757069,0.));
#6499 = VERTEX_POINT('',#6500);
#6500 = CARTESIAN_POINT('',(-17.76671727759,10.992783757069,0.33));
#6501 = SURFACE_CURVE('',#6502,(#6506,#6513),.PCURVE_S1.);
#6502 = LINE('',#6503,#6504);
#6503 = CARTESIAN_POINT('',(-17.76671727759,10.992783757069,0.));
#6504 = VECTOR('',#6505,1.);
#6505 = DIRECTION('',(0.,-0.,1.));
#6506 = PCURVE('',#6399,#6507);
#6507 = DEFINITIONAL_REPRESENTATION('',(#6508),#6512);
#6508 = LINE('',#6509,#6510);
#6509 = CARTESIAN_POINT('',(0.,0.));
#6510 = VECTOR('',#6511,1.);
#6511 = DIRECTION('',(0.,-1.));
#6512 = ( GEOMETRIC_REPRESENTATION_CONTEXT(2) 
PARAMETRIC_REPRESENTATION_CONTEXT() REPRESENTATION_CONTEXT('2D SPACE',''
  ) );
#6513 = PCURVE('',#6514,#6519);
#6514 = PLANE('',#6515);
#6515 = AXIS2_PLACEMENT_3D('',#6516,#6517,#6518);
#6516 = CARTESIAN_POINT('',(-20.19276096656,12.393460733964,0.));
#6517 = DIRECTION('',(0.5,0.866025403784,0.));
#6518 = DIRECTION('',(0.866025403784,-0.5,0.));
#6519 = DEFINITIONAL_REPRESENTATION('',(#6520),#6524);
#6520 = LINE('',#6521,#6522);
#6521 = CARTESIAN_POINT('',(2.801353953789,0.));
#6522 = VECTOR('',#6523,1.);
#6523 = DIRECTION('',(0.,-1.));
#6524 = ( GEOMETRIC_REPRESENTATION_CONTEXT(2) 
PARAMETRIC_REPRESENTATION_CONTEXT() REPRESENTATION_CONTEXT('2D SPACE',''
  ) );
#6525 = ORIENTED_EDGE('',*,*,#6526,.T.);
#6526 = EDGE_CURVE('',#6499,#6379,#6527,.T.);
#6527 = SURFACE_CURVE('',#6528,(#6532,#6539),.PCURVE_S1.);
#6528 = LINE('',#6529,#6530);
#6529 = CARTESIAN_POINT('',(-17.76671727759,10.992783757069,0.33));
#6530 = VECTOR('',#6531,1.);
#6531 = DIRECTION('',(-0.5,-0.866025403784,0.));
#6532 = PCURVE('',#6399,#6533);
#6533 = DEFINITIONAL_REPRESENTATION('',(#6534),#6538);
#6534 = LINE('',#6535,#6536);
#6535 = CARTESIAN_POINT('',(0.,-0.33));
#6536 = VECTOR('',#6537,1.);
#6537 = DIRECTION('',(1.,0.));
#6538 = ( GEOMETRIC_REPRESENTATION_CONTEXT(2) 
PARAMETRIC_REPRESENTATION_CONTEXT() REPRESENTATION_CONTEXT('2D SPACE',''
  ) );
#6539 = PCURVE('',#6540,#6545);
#6540 = PLANE('',#6541);
#6541 = AXIS2_PLACEMENT_3D('',#6542,#6543,#6544);
#6542 = CARTESIAN_POINT('',(-17.81867880182,11.022783757069,0.39));
#6543 = DIRECTION('',(-0.612372435696,0.353553390593,-0.707106781187));
#6544 = DIRECTION('',(-0.5,-0.866025403784,-2.775557561563E-17));
#6545 = DEFINITIONAL_REPRESENTATION('',(#6546),#6550);
#6546 = LINE('',#6547,#6548);
#6547 = CARTESIAN_POINT('',(0.,-8.485281374239E-02));
#6548 = VECTOR('',#6549,1.);
#6549 = DIRECTION('',(1.,0.));
#6550 = ( GEOMETRIC_REPRESENTATION_CONTEXT(2) 
PARAMETRIC_REPRESENTATION_CONTEXT() REPRESENTATION_CONTEXT('2D SPACE',''
  ) );
#6551 = ORIENTED_EDGE('',*,*,#6376,.F.);
#6552 = ORIENTED_EDGE('',*,*,#6553,.F.);
#6553 = EDGE_CURVE('',#6497,#6377,#6554,.T.);
#6554 = SURFACE_CURVE('',#6555,(#6559,#6566),.PCURVE_S1.);
#6555 = LINE('',#6556,#6557);
#6556 = CARTESIAN_POINT('',(-17.76671727759,10.992783757069,0.));
#6557 = VECTOR('',#6558,1.);
#6558 = DIRECTION('',(-0.5,-0.866025403784,0.));
#6559 = PCURVE('',#6399,#6560);
#6560 = DEFINITIONAL_REPRESENTATION('',(#6561),#6565);
#6561 = LINE('',#6562,#6563);
#6562 = CARTESIAN_POINT('',(0.,0.));
#6563 = VECTOR('',#6564,1.);
#6564 = DIRECTION('',(1.,0.));
#6565 = ( GEOMETRIC_REPRESENTATION_CONTEXT(2) 
PARAMETRIC_REPRESENTATION_CONTEXT() REPRESENTATION_CONTEXT('2D SPACE',''
  ) );
#6566 = PCURVE('',#6481,#6567);
#6567 = DEFINITIONAL_REPRESENTATION('',(#6568),#6572);
#6568 = LINE('',#6569,#6570);
#6569 = CARTESIAN_POINT('',(-1.531357521053,-0.148964922771));
#6570 = VECTOR('',#6571,1.);
#6571 = DIRECTION('',(0.5,-0.866025403784));
#6572 = ( GEOMETRIC_REPRESENTATION_CONTEXT(2) 
PARAMETRIC_REPRESENTATION_CONTEXT() REPRESENTATION_CONTEXT('2D SPACE',''
  ) );
#6573 = ADVANCED_FACE('',(#6574),#6427,.F.);
#6574 = FACE_BOUND('',#6575,.F.);
#6575 = EDGE_LOOP('',(#6576,#6599,#6600,#6628));
#6576 = ORIENTED_EDGE('',*,*,#6577,.F.);
#6577 = EDGE_CURVE('',#6379,#6578,#6580,.T.);
#6578 = VERTEX_POINT('',#6579);
#6579 = CARTESIAN_POINT('',(-18.44731167918,10.053959674172,0.45));
#6580 = SURFACE_CURVE('',#6581,(#6585,#6592),.PCURVE_S1.);
#6581 = LINE('',#6582,#6583);
#6582 = CARTESIAN_POINT('',(-18.49570894324,10.234580722617,
    0.582223784378));
#6583 = VECTOR('',#6584,1.);
#6584 = DIRECTION('',(-0.211324865405,0.788675134595,0.57735026919));
#6585 = PCURVE('',#6427,#6586);
#6586 = DEFINITIONAL_REPRESENTATION('',(#6587),#6591);
#6587 = LINE('',#6588,#6589);
#6588 = CARTESIAN_POINT('',(0.252223784378,0.271845482878));
#6589 = VECTOR('',#6590,1.);
#6590 = DIRECTION('',(0.57735026919,0.816496580928));
#6591 = ( GEOMETRIC_REPRESENTATION_CONTEXT(2) 
PARAMETRIC_REPRESENTATION_CONTEXT() REPRESENTATION_CONTEXT('2D SPACE',''
  ) );
#6592 = PCURVE('',#6540,#6593);
#6593 = DEFINITIONAL_REPRESENTATION('',(#6594),#6598);
#6594 = LINE('',#6595,#6596);
#6595 = CARTESIAN_POINT('',(1.02111892189,0.271845482878));
#6596 = VECTOR('',#6597,1.);
#6597 = DIRECTION('',(-0.57735026919,0.816496580928));
#6598 = ( GEOMETRIC_REPRESENTATION_CONTEXT(2) 
PARAMETRIC_REPRESENTATION_CONTEXT() REPRESENTATION_CONTEXT('2D SPACE',''
  ) );
#6599 = ORIENTED_EDGE('',*,*,#6411,.T.);
#6600 = ORIENTED_EDGE('',*,*,#6601,.T.);
#6601 = EDGE_CURVE('',#6412,#6602,#6604,.T.);
#6602 = VERTEX_POINT('',#6603);
#6603 = CARTESIAN_POINT('',(-20.66550927124,11.334636651066,0.45));
#6604 = SURFACE_CURVE('',#6605,(#6609,#6616),.PCURVE_S1.);
#6605 = LINE('',#6606,#6607);
#6606 = CARTESIAN_POINT('',(-20.1370045259,11.476249070777,
    0.836892325631));
#6607 = VECTOR('',#6608,1.);
#6608 = DIRECTION('',(0.788675134595,0.211324865405,0.57735026919));
#6609 = PCURVE('',#6427,#6610);
#6610 = DEFINITIONAL_REPRESENTATION('',(#6611),#6615);
#6611 = LINE('',#6612,#6613);
#6612 = CARTESIAN_POINT('',(2.294461628157,0.632001187828));
#6613 = VECTOR('',#6614,1.);
#6614 = DIRECTION('',(-0.57735026919,0.816496580928));
#6615 = ( GEOMETRIC_REPRESENTATION_CONTEXT(2) 
PARAMETRIC_REPRESENTATION_CONTEXT() REPRESENTATION_CONTEXT('2D SPACE',''
  ) );
#6616 = PCURVE('',#6617,#6622);
#6617 = PLANE('',#6618);
#6618 = AXIS2_PLACEMENT_3D('',#6619,#6620,#6621);
#6619 = CARTESIAN_POINT('',(-20.77747079547,11.260713602612,0.39));
#6620 = DIRECTION('',(0.612372435696,-0.353553390593,-0.707106781187));
#6621 = DIRECTION('',(0.5,0.866025403784,0.));
#6622 = DEFINITIONAL_REPRESENTATION('',(#6623),#6627);
#6623 = LINE('',#6624,#6625);
#6624 = CARTESIAN_POINT('',(0.506892325631,0.632001187828));
#6625 = VECTOR('',#6626,1.);
#6626 = DIRECTION('',(0.57735026919,0.816496580928));
#6627 = ( GEOMETRIC_REPRESENTATION_CONTEXT(2) 
PARAMETRIC_REPRESENTATION_CONTEXT() REPRESENTATION_CONTEXT('2D SPACE',''
  ) );
#6628 = ORIENTED_EDGE('',*,*,#6629,.F.);
#6629 = EDGE_CURVE('',#6578,#6602,#6630,.T.);
#6630 = SURFACE_CURVE('',#6631,(#6635,#6642),.PCURVE_S1.);
#6631 = LINE('',#6632,#6633);
#6632 = CARTESIAN_POINT('',(-18.34338863072,9.993959674172,0.45));
#6633 = VECTOR('',#6634,1.);
#6634 = DIRECTION('',(-0.866025403784,0.5,0.));
#6635 = PCURVE('',#6427,#6636);
#6636 = DEFINITIONAL_REPRESENTATION('',(#6637),#6641);
#6637 = LINE('',#6638,#6639);
#6638 = CARTESIAN_POINT('',(3.552713678801E-15,8.485281374238E-02));
#6639 = VECTOR('',#6640,1.);
#6640 = DIRECTION('',(1.,0.));
#6641 = ( GEOMETRIC_REPRESENTATION_CONTEXT(2) 
PARAMETRIC_REPRESENTATION_CONTEXT() REPRESENTATION_CONTEXT('2D SPACE',''
  ) );
#6642 = PCURVE('',#6643,#6648);
#6643 = PLANE('',#6644);
#6644 = AXIS2_PLACEMENT_3D('',#6645,#6646,#6647);
#6645 = CARTESIAN_POINT('',(-19.29807479864,11.141748679841,0.45));
#6646 = DIRECTION('',(-0.,-0.,-1.));
#6647 = DIRECTION('',(-1.,0.,0.));
#6648 = DEFINITIONAL_REPRESENTATION('',(#6649),#6653);
#6649 = LINE('',#6650,#6651);
#6650 = CARTESIAN_POINT('',(-0.95468616792,-1.147789005669));
#6651 = VECTOR('',#6652,1.);
#6652 = DIRECTION('',(0.866025403784,0.5));
#6653 = ( GEOMETRIC_REPRESENTATION_CONTEXT(2) 
PARAMETRIC_REPRESENTATION_CONTEXT() REPRESENTATION_CONTEXT('2D SPACE',''
  ) );
#6654 = ADVANCED_FACE('',(#6655),#6481,.T.);
#6655 = FACE_BOUND('',#6656,.T.);
#6656 = EDGE_LOOP('',(#6657,#6658,#6681,#6702));
#6657 = ORIENTED_EDGE('',*,*,#6467,.T.);
#6658 = ORIENTED_EDGE('',*,*,#6659,.T.);
#6659 = EDGE_CURVE('',#6440,#6660,#6662,.T.);
#6660 = VERTEX_POINT('',#6661);
#6661 = CARTESIAN_POINT('',(-20.19276096656,12.393460733964,0.));
#6662 = SURFACE_CURVE('',#6663,(#6667,#6674),.PCURVE_S1.);
#6663 = LINE('',#6664,#6665);
#6664 = CARTESIAN_POINT('',(-20.8294323197,11.290713602612,0.));
#6665 = VECTOR('',#6666,1.);
#6666 = DIRECTION('',(0.5,0.866025403784,0.));
#6667 = PCURVE('',#6481,#6668);
#6668 = DEFINITIONAL_REPRESENTATION('',(#6669),#6673);
#6669 = LINE('',#6670,#6671);
#6670 = CARTESIAN_POINT('',(1.531357521053,0.148964922771));
#6671 = VECTOR('',#6672,1.);
#6672 = DIRECTION('',(-0.5,0.866025403784));
#6673 = ( GEOMETRIC_REPRESENTATION_CONTEXT(2) 
PARAMETRIC_REPRESENTATION_CONTEXT() REPRESENTATION_CONTEXT('2D SPACE',''
  ) );
#6674 = PCURVE('',#6455,#6675);
#6675 = DEFINITIONAL_REPRESENTATION('',(#6676),#6680);
#6676 = LINE('',#6677,#6678);
#6677 = CARTESIAN_POINT('',(0.,0.));
#6678 = VECTOR('',#6679,1.);
#6679 = DIRECTION('',(1.,0.));
#6680 = ( GEOMETRIC_REPRESENTATION_CONTEXT(2) 
PARAMETRIC_REPRESENTATION_CONTEXT() REPRESENTATION_CONTEXT('2D SPACE',''
  ) );
#6681 = ORIENTED_EDGE('',*,*,#6682,.T.);
#6682 = EDGE_CURVE('',#6660,#6497,#6683,.T.);
#6683 = SURFACE_CURVE('',#6684,(#6688,#6695),.PCURVE_S1.);
#6684 = LINE('',#6685,#6686);
#6685 = CARTESIAN_POINT('',(-20.19276096656,12.393460733964,0.));
#6686 = VECTOR('',#6687,1.);
#6687 = DIRECTION('',(0.866025403784,-0.5,0.));
#6688 = PCURVE('',#6481,#6689);
#6689 = DEFINITIONAL_REPRESENTATION('',(#6690),#6694);
#6690 = LINE('',#6691,#6692);
#6691 = CARTESIAN_POINT('',(0.89468616792,1.251712054123));
#6692 = VECTOR('',#6693,1.);
#6693 = DIRECTION('',(-0.866025403784,-0.5));
#6694 = ( GEOMETRIC_REPRESENTATION_CONTEXT(2) 
PARAMETRIC_REPRESENTATION_CONTEXT() REPRESENTATION_CONTEXT('2D SPACE',''
  ) );
#6695 = PCURVE('',#6514,#6696);
#6696 = DEFINITIONAL_REPRESENTATION('',(#6697),#6701);
#6697 = LINE('',#6698,#6699);
#6698 = CARTESIAN_POINT('',(0.,0.));
#6699 = VECTOR('',#6700,1.);
#6700 = DIRECTION('',(1.,0.));
#6701 = ( GEOMETRIC_REPRESENTATION_CONTEXT(2) 
PARAMETRIC_REPRESENTATION_CONTEXT() REPRESENTATION_CONTEXT('2D SPACE',''
  ) );
#6702 = ORIENTED_EDGE('',*,*,#6553,.T.);
#6703 = ADVANCED_FACE('',(#6704),#6455,.T.);
#6704 = FACE_BOUND('',#6705,.T.);
#6705 = EDGE_LOOP('',(#6706,#6707,#6730,#6751));
#6706 = ORIENTED_EDGE('',*,*,#6439,.T.);
#6707 = ORIENTED_EDGE('',*,*,#6708,.T.);
#6708 = EDGE_CURVE('',#6412,#6709,#6711,.T.);
#6709 = VERTEX_POINT('',#6710);
#6710 = CARTESIAN_POINT('',(-20.19276096656,12.393460733964,0.33));
#6711 = SURFACE_CURVE('',#6712,(#6716,#6723),.PCURVE_S1.);
#6712 = LINE('',#6713,#6714);
#6713 = CARTESIAN_POINT('',(-20.8294323197,11.290713602612,0.33));
#6714 = VECTOR('',#6715,1.);
#6715 = DIRECTION('',(0.5,0.866025403784,0.));
#6716 = PCURVE('',#6455,#6717);
#6717 = DEFINITIONAL_REPRESENTATION('',(#6718),#6722);
#6718 = LINE('',#6719,#6720);
#6719 = CARTESIAN_POINT('',(0.,-0.33));
#6720 = VECTOR('',#6721,1.);
#6721 = DIRECTION('',(1.,0.));
#6722 = ( GEOMETRIC_REPRESENTATION_CONTEXT(2) 
PARAMETRIC_REPRESENTATION_CONTEXT() REPRESENTATION_CONTEXT('2D SPACE',''
  ) );
#6723 = PCURVE('',#6617,#6724);
#6724 = DEFINITIONAL_REPRESENTATION('',(#6725),#6729);
#6725 = LINE('',#6726,#6727);
#6726 = CARTESIAN_POINT('',(3.552713678801E-15,-8.485281374238E-02));
#6727 = VECTOR('',#6728,1.);
#6728 = DIRECTION('',(1.,0.));
#6729 = ( GEOMETRIC_REPRESENTATION_CONTEXT(2) 
PARAMETRIC_REPRESENTATION_CONTEXT() REPRESENTATION_CONTEXT('2D SPACE',''
  ) );
#6730 = ORIENTED_EDGE('',*,*,#6731,.F.);
#6731 = EDGE_CURVE('',#6660,#6709,#6732,.T.);
#6732 = SURFACE_CURVE('',#6733,(#6737,#6744),.PCURVE_S1.);
#6733 = LINE('',#6734,#6735);
#6734 = CARTESIAN_POINT('',(-20.19276096656,12.393460733964,0.));
#6735 = VECTOR('',#6736,1.);
#6736 = DIRECTION('',(0.,-0.,1.));
#6737 = PCURVE('',#6455,#6738);
#6738 = DEFINITIONAL_REPRESENTATION('',(#6739),#6743);
#6739 = LINE('',#6740,#6741);
#6740 = CARTESIAN_POINT('',(1.273342706268,0.));
#6741 = VECTOR('',#6742,1.);
#6742 = DIRECTION('',(0.,-1.));
#6743 = ( GEOMETRIC_REPRESENTATION_CONTEXT(2) 
PARAMETRIC_REPRESENTATION_CONTEXT() REPRESENTATION_CONTEXT('2D SPACE',''
  ) );
#6744 = PCURVE('',#6514,#6745);
#6745 = DEFINITIONAL_REPRESENTATION('',(#6746),#6750);
#6746 = LINE('',#6747,#6748);
#6747 = CARTESIAN_POINT('',(0.,0.));
#6748 = VECTOR('',#6749,1.);
#6749 = DIRECTION('',(0.,-1.));
#6750 = ( GEOMETRIC_REPRESENTATION_CONTEXT(2) 
PARAMETRIC_REPRESENTATION_CONTEXT() REPRESENTATION_CONTEXT('2D SPACE',''
  ) );
#6751 = ORIENTED_EDGE('',*,*,#6659,.F.);
#6752 = ADVANCED_FACE('',(#6753),#6514,.T.);
#6753 = FACE_BOUND('',#6754,.T.);
#6754 = EDGE_LOOP('',(#6755,#6756,#6782,#6783));
#6755 = ORIENTED_EDGE('',*,*,#6731,.T.);
#6756 = ORIENTED_EDGE('',*,*,#6757,.T.);
#6757 = EDGE_CURVE('',#6709,#6499,#6758,.T.);
#6758 = SURFACE_CURVE('',#6759,(#6763,#6770),.PCURVE_S1.);
#6759 = LINE('',#6760,#6761);
#6760 = CARTESIAN_POINT('',(-20.19276096656,12.393460733964,0.33));
#6761 = VECTOR('',#6762,1.);
#6762 = DIRECTION('',(0.866025403784,-0.5,0.));
#6763 = PCURVE('',#6514,#6764);
#6764 = DEFINITIONAL_REPRESENTATION('',(#6765),#6769);
#6765 = LINE('',#6766,#6767);
#6766 = CARTESIAN_POINT('',(0.,-0.33));
#6767 = VECTOR('',#6768,1.);
#6768 = DIRECTION('',(1.,0.));
#6769 = ( GEOMETRIC_REPRESENTATION_CONTEXT(2) 
PARAMETRIC_REPRESENTATION_CONTEXT() REPRESENTATION_CONTEXT('2D SPACE',''
  ) );
#6770 = PCURVE('',#6771,#6776);
#6771 = PLANE('',#6772);
#6772 = AXIS2_PLACEMENT_3D('',#6773,#6774,#6775);
#6773 = CARTESIAN_POINT('',(-20.22276096656,12.341499209736,0.39));
#6774 = DIRECTION('',(-0.353553390593,-0.612372435696,-0.707106781187));
#6775 = DIRECTION('',(0.866025403784,-0.5,-2.775557561563E-17));
#6776 = DEFINITIONAL_REPRESENTATION('',(#6777),#6781);
#6777 = LINE('',#6778,#6779);
#6778 = CARTESIAN_POINT('',(-7.105427357601E-15,-8.485281374239E-02));
#6779 = VECTOR('',#6780,1.);
#6780 = DIRECTION('',(1.,0.));
#6781 = ( GEOMETRIC_REPRESENTATION_CONTEXT(2) 
PARAMETRIC_REPRESENTATION_CONTEXT() REPRESENTATION_CONTEXT('2D SPACE',''
  ) );
#6782 = ORIENTED_EDGE('',*,*,#6496,.F.);
#6783 = ORIENTED_EDGE('',*,*,#6682,.F.);
#6784 = ADVANCED_FACE('',(#6785),#6540,.F.);
#6785 = FACE_BOUND('',#6786,.F.);
#6786 = EDGE_LOOP('',(#6787,#6810,#6811,#6812));
#6787 = ORIENTED_EDGE('',*,*,#6788,.F.);
#6788 = EDGE_CURVE('',#6499,#6789,#6791,.T.);
#6789 = VERTEX_POINT('',#6790);
#6790 = CARTESIAN_POINT('',(-17.93064032604,10.948860708615,0.45));
#6791 = SURFACE_CURVE('',#6792,(#6796,#6803),.PCURVE_S1.);
#6792 = LINE('',#6793,#6794);
#6793 = CARTESIAN_POINT('',(-18.45914507139,10.807248288905,
    0.836892325631));
#6794 = VECTOR('',#6795,1.);
#6795 = DIRECTION('',(-0.788675134595,-0.211324865405,0.57735026919));
#6796 = PCURVE('',#6540,#6797);
#6797 = DEFINITIONAL_REPRESENTATION('',(#6798),#6802);
#6798 = LINE('',#6799,#6800);
#6799 = CARTESIAN_POINT('',(0.506892325631,0.632001187828));
#6800 = VECTOR('',#6801,1.);
#6801 = DIRECTION('',(0.57735026919,0.816496580928));
#6802 = ( GEOMETRIC_REPRESENTATION_CONTEXT(2) 
PARAMETRIC_REPRESENTATION_CONTEXT() REPRESENTATION_CONTEXT('2D SPACE',''
  ) );
#6803 = PCURVE('',#6771,#6804);
#6804 = DEFINITIONAL_REPRESENTATION('',(#6805),#6809);
#6805 = LINE('',#6806,#6807);
#6806 = CARTESIAN_POINT('',(2.294461628157,0.632001187828));
#6807 = VECTOR('',#6808,1.);
#6808 = DIRECTION('',(-0.57735026919,0.816496580928));
#6809 = ( GEOMETRIC_REPRESENTATION_CONTEXT(2) 
PARAMETRIC_REPRESENTATION_CONTEXT() REPRESENTATION_CONTEXT('2D SPACE',''
  ) );
#6810 = ORIENTED_EDGE('',*,*,#6526,.T.);
#6811 = ORIENTED_EDGE('',*,*,#6577,.T.);
#6812 = ORIENTED_EDGE('',*,*,#6813,.F.);
#6813 = EDGE_CURVE('',#6789,#6578,#6814,.T.);
#6814 = SURFACE_CURVE('',#6815,(#6819,#6826),.PCURVE_S1.);
#6815 = LINE('',#6816,#6817);
#6816 = CARTESIAN_POINT('',(-17.87064032604,11.052783757069,0.45));
#6817 = VECTOR('',#6818,1.);
#6818 = DIRECTION('',(-0.5,-0.866025403784,0.));
#6819 = PCURVE('',#6540,#6820);
#6820 = DEFINITIONAL_REPRESENTATION('',(#6821),#6825);
#6821 = LINE('',#6822,#6823);
#6822 = CARTESIAN_POINT('',(0.,8.485281374239E-02));
#6823 = VECTOR('',#6824,1.);
#6824 = DIRECTION('',(1.,0.));
#6825 = ( GEOMETRIC_REPRESENTATION_CONTEXT(2) 
PARAMETRIC_REPRESENTATION_CONTEXT() REPRESENTATION_CONTEXT('2D SPACE',''
  ) );
#6826 = PCURVE('',#6643,#6827);
#6827 = DEFINITIONAL_REPRESENTATION('',(#6828),#6832);
#6828 = LINE('',#6829,#6830);
#6829 = CARTESIAN_POINT('',(-1.427434472599,-8.896492277148E-02));
#6830 = VECTOR('',#6831,1.);
#6831 = DIRECTION('',(0.5,-0.866025403784));
#6832 = ( GEOMETRIC_REPRESENTATION_CONTEXT(2) 
PARAMETRIC_REPRESENTATION_CONTEXT() REPRESENTATION_CONTEXT('2D SPACE',''
  ) );
#6833 = ADVANCED_FACE('',(#6834),#6643,.F.);
#6834 = FACE_BOUND('',#6835,.F.);
#6835 = EDGE_LOOP('',(#6836,#6837,#6860,#6881));
#6836 = ORIENTED_EDGE('',*,*,#6629,.T.);
#6837 = ORIENTED_EDGE('',*,*,#6838,.T.);
#6838 = EDGE_CURVE('',#6602,#6839,#6841,.T.);
#6839 = VERTEX_POINT('',#6840);
#6840 = CARTESIAN_POINT('',(-20.14883791811,12.229537685509,0.45));
#6841 = SURFACE_CURVE('',#6842,(#6846,#6853),.PCURVE_S1.);
#6842 = LINE('',#6843,#6844);
#6843 = CARTESIAN_POINT('',(-20.72550927124,11.230713602612,0.45));
#6844 = VECTOR('',#6845,1.);
#6845 = DIRECTION('',(0.5,0.866025403784,0.));
#6846 = PCURVE('',#6643,#6847);
#6847 = DEFINITIONAL_REPRESENTATION('',(#6848),#6852);
#6848 = LINE('',#6849,#6850);
#6849 = CARTESIAN_POINT('',(1.427434472599,8.896492277148E-02));
#6850 = VECTOR('',#6851,1.);
#6851 = DIRECTION('',(-0.5,0.866025403784));
#6852 = ( GEOMETRIC_REPRESENTATION_CONTEXT(2) 
PARAMETRIC_REPRESENTATION_CONTEXT() REPRESENTATION_CONTEXT('2D SPACE',''
  ) );
#6853 = PCURVE('',#6617,#6854);
#6854 = DEFINITIONAL_REPRESENTATION('',(#6855),#6859);
#6855 = LINE('',#6856,#6857);
#6856 = CARTESIAN_POINT('',(1.7763568394E-15,8.485281374239E-02));
#6857 = VECTOR('',#6858,1.);
#6858 = DIRECTION('',(1.,0.));
#6859 = ( GEOMETRIC_REPRESENTATION_CONTEXT(2) 
PARAMETRIC_REPRESENTATION_CONTEXT() REPRESENTATION_CONTEXT('2D SPACE',''
  ) );
#6860 = ORIENTED_EDGE('',*,*,#6861,.T.);
#6861 = EDGE_CURVE('',#6839,#6789,#6862,.T.);
#6862 = SURFACE_CURVE('',#6863,(#6867,#6874),.PCURVE_S1.);
#6863 = LINE('',#6864,#6865);
#6864 = CARTESIAN_POINT('',(-20.25276096656,12.289537685509,0.45));
#6865 = VECTOR('',#6866,1.);
#6866 = DIRECTION('',(0.866025403784,-0.5,0.));
#6867 = PCURVE('',#6643,#6868);
#6868 = DEFINITIONAL_REPRESENTATION('',(#6869),#6873);
#6869 = LINE('',#6870,#6871);
#6870 = CARTESIAN_POINT('',(0.95468616792,1.147789005669));
#6871 = VECTOR('',#6872,1.);
#6872 = DIRECTION('',(-0.866025403784,-0.5));
#6873 = ( GEOMETRIC_REPRESENTATION_CONTEXT(2) 
PARAMETRIC_REPRESENTATION_CONTEXT() REPRESENTATION_CONTEXT('2D SPACE',''
  ) );
#6874 = PCURVE('',#6771,#6875);
#6875 = DEFINITIONAL_REPRESENTATION('',(#6876),#6880);
#6876 = LINE('',#6877,#6878);
#6877 = CARTESIAN_POINT('',(-3.552713678801E-15,8.485281374239E-02));
#6878 = VECTOR('',#6879,1.);
#6879 = DIRECTION('',(1.,0.));
#6880 = ( GEOMETRIC_REPRESENTATION_CONTEXT(2) 
PARAMETRIC_REPRESENTATION_CONTEXT() REPRESENTATION_CONTEXT('2D SPACE',''
  ) );
#6881 = ORIENTED_EDGE('',*,*,#6813,.T.);
#6882 = ADVANCED_FACE('',(#6883),#6617,.F.);
#6883 = FACE_BOUND('',#6884,.F.);
#6884 = EDGE_LOOP('',(#6885,#6886,#6887,#6908));
#6885 = ORIENTED_EDGE('',*,*,#6601,.F.);
#6886 = ORIENTED_EDGE('',*,*,#6708,.T.);
#6887 = ORIENTED_EDGE('',*,*,#6888,.T.);
#6888 = EDGE_CURVE('',#6709,#6839,#6889,.T.);
#6889 = SURFACE_CURVE('',#6890,(#6894,#6901),.PCURVE_S1.);
#6890 = LINE('',#6891,#6892);
#6891 = CARTESIAN_POINT('',(-20.10044065404,12.048916637065,
    0.582223784378));
#6892 = VECTOR('',#6893,1.);
#6893 = DIRECTION('',(0.211324865405,-0.788675134595,0.57735026919));
#6894 = PCURVE('',#6617,#6895);
#6895 = DEFINITIONAL_REPRESENTATION('',(#6896),#6900);
#6896 = LINE('',#6897,#6898);
#6897 = CARTESIAN_POINT('',(1.02111892189,0.271845482878));
#6898 = VECTOR('',#6899,1.);
#6899 = DIRECTION('',(-0.57735026919,0.816496580928));
#6900 = ( GEOMETRIC_REPRESENTATION_CONTEXT(2) 
PARAMETRIC_REPRESENTATION_CONTEXT() REPRESENTATION_CONTEXT('2D SPACE',''
  ) );
#6901 = PCURVE('',#6771,#6902);
#6902 = DEFINITIONAL_REPRESENTATION('',(#6903),#6907);
#6903 = LINE('',#6904,#6905);
#6904 = CARTESIAN_POINT('',(0.252223784378,0.271845482878));
#6905 = VECTOR('',#6906,1.);
#6906 = DIRECTION('',(0.57735026919,0.816496580928));
#6907 = ( GEOMETRIC_REPRESENTATION_CONTEXT(2) 
PARAMETRIC_REPRESENTATION_CONTEXT() REPRESENTATION_CONTEXT('2D SPACE',''
  ) );
#6908 = ORIENTED_EDGE('',*,*,#6838,.F.);
#6909 = ADVANCED_FACE('',(#6910),#6771,.F.);
#6910 = FACE_BOUND('',#6911,.F.);
#6911 = EDGE_LOOP('',(#6912,#6913,#6914,#6915));
#6912 = ORIENTED_EDGE('',*,*,#6888,.F.);
#6913 = ORIENTED_EDGE('',*,*,#6757,.T.);
#6914 = ORIENTED_EDGE('',*,*,#6788,.T.);
#6915 = ORIENTED_EDGE('',*,*,#6861,.F.);
#6916 = MANIFOLD_SOLID_BREP('',#6917);
#6917 = CLOSED_SHELL('',(#6918,#7038,#7119,#7200,#7249,#7298,#7330,#7379
    ,#7428,#7455));
#6918 = ADVANCED_FACE('',(#6919),#6933,.T.);
#6919 = FACE_BOUND('',#6920,.T.);
#6920 = EDGE_LOOP('',(#6921,#6956,#6984,#7012));
#6921 = ORIENTED_EDGE('',*,*,#6922,.T.);
#6922 = EDGE_CURVE('',#6923,#6925,#6927,.T.);
#6923 = VERTEX_POINT('',#6924);
#6924 = CARTESIAN_POINT('',(-10.99278375706,17.766717277594,0.));
#6925 = VERTEX_POINT('',#6926);
#6926 = CARTESIAN_POINT('',(-10.99278375706,17.766717277594,0.33));
#6927 = SURFACE_CURVE('',#6928,(#6932,#6944),.PCURVE_S1.);
#6928 = LINE('',#6929,#6930);
#6929 = CARTESIAN_POINT('',(-10.99278375706,17.766717277594,0.));
#6930 = VECTOR('',#6931,1.);
#6931 = DIRECTION('',(0.,-0.,1.));
#6932 = PCURVE('',#6933,#6938);
#6933 = PLANE('',#6934);
#6934 = AXIS2_PLACEMENT_3D('',#6935,#6936,#6937);
#6935 = CARTESIAN_POINT('',(-10.99278375706,17.766717277594,0.));
#6936 = DIRECTION('',(-0.866025403784,-0.5,0.));
#6937 = DIRECTION('',(-0.5,0.866025403784,0.));
#6938 = DEFINITIONAL_REPRESENTATION('',(#6939),#6943);
#6939 = LINE('',#6940,#6941);
#6940 = CARTESIAN_POINT('',(0.,0.));
#6941 = VECTOR('',#6942,1.);
#6942 = DIRECTION('',(0.,-1.));
#6943 = ( GEOMETRIC_REPRESENTATION_CONTEXT(2) 
PARAMETRIC_REPRESENTATION_CONTEXT() REPRESENTATION_CONTEXT('2D SPACE',''
  ) );
#6944 = PCURVE('',#6945,#6950);
#6945 = PLANE('',#6946);
#6946 = AXIS2_PLACEMENT_3D('',#6947,#6948,#6949);
#6947 = CARTESIAN_POINT('',(-9.890036625718,18.403388630728,0.));
#6948 = DIRECTION('',(0.5,-0.866025403784,-0.));
#6949 = DIRECTION('',(-0.866025403784,-0.5,0.));
#6950 = DEFINITIONAL_REPRESENTATION('',(#6951),#6955);
#6951 = LINE('',#6952,#6953);
#6952 = CARTESIAN_POINT('',(1.273342706268,0.));
#6953 = VECTOR('',#6954,1.);
#6954 = DIRECTION('',(0.,-1.));
#6955 = ( GEOMETRIC_REPRESENTATION_CONTEXT(2) 
PARAMETRIC_REPRESENTATION_CONTEXT() REPRESENTATION_CONTEXT('2D SPACE',''
  ) );
#6956 = ORIENTED_EDGE('',*,*,#6957,.T.);
#6957 = EDGE_CURVE('',#6925,#6958,#6960,.T.);
#6958 = VERTEX_POINT('',#6959);
#6959 = CARTESIAN_POINT('',(-12.39346073396,20.192760966567,0.33));
#6960 = SURFACE_CURVE('',#6961,(#6965,#6972),.PCURVE_S1.);
#6961 = LINE('',#6962,#6963);
#6962 = CARTESIAN_POINT('',(-10.99278375706,17.766717277594,0.33));
#6963 = VECTOR('',#6964,1.);
#6964 = DIRECTION('',(-0.5,0.866025403784,0.));
#6965 = PCURVE('',#6933,#6966);
#6966 = DEFINITIONAL_REPRESENTATION('',(#6967),#6971);
#6967 = LINE('',#6968,#6969);
#6968 = CARTESIAN_POINT('',(0.,-0.33));
#6969 = VECTOR('',#6970,1.);
#6970 = DIRECTION('',(1.,0.));
#6971 = ( GEOMETRIC_REPRESENTATION_CONTEXT(2) 
PARAMETRIC_REPRESENTATION_CONTEXT() REPRESENTATION_CONTEXT('2D SPACE',''
  ) );
#6972 = PCURVE('',#6973,#6978);
#6973 = PLANE('',#6974);
#6974 = AXIS2_PLACEMENT_3D('',#6975,#6976,#6977);
#6975 = CARTESIAN_POINT('',(-10.94082223284,17.796717277594,0.39));
#6976 = DIRECTION('',(0.612372435696,0.353553390593,-0.707106781187));
#6977 = DIRECTION('',(-0.5,0.866025403784,0.));
#6978 = DEFINITIONAL_REPRESENTATION('',(#6979),#6983);
#6979 = LINE('',#6980,#6981);
#6980 = CARTESIAN_POINT('',(3.552713678801E-15,-8.485281374239E-02));
#6981 = VECTOR('',#6982,1.);
#6982 = DIRECTION('',(1.,0.));
#6983 = ( GEOMETRIC_REPRESENTATION_CONTEXT(2) 
PARAMETRIC_REPRESENTATION_CONTEXT() REPRESENTATION_CONTEXT('2D SPACE',''
  ) );
#6984 = ORIENTED_EDGE('',*,*,#6985,.F.);
#6985 = EDGE_CURVE('',#6986,#6958,#6988,.T.);
#6986 = VERTEX_POINT('',#6987);
#6987 = CARTESIAN_POINT('',(-12.39346073396,20.192760966567,0.));
#6988 = SURFACE_CURVE('',#6989,(#6993,#7000),.PCURVE_S1.);
#6989 = LINE('',#6990,#6991);
#6990 = CARTESIAN_POINT('',(-12.39346073396,20.192760966567,0.));
#6991 = VECTOR('',#6992,1.);
#6992 = DIRECTION('',(0.,-0.,1.));
#6993 = PCURVE('',#6933,#6994);
#6994 = DEFINITIONAL_REPRESENTATION('',(#6995),#6999);
#6995 = LINE('',#6996,#6997);
#6996 = CARTESIAN_POINT('',(2.801353953789,0.));
#6997 = VECTOR('',#6998,1.);
#6998 = DIRECTION('',(0.,-1.));
#6999 = ( GEOMETRIC_REPRESENTATION_CONTEXT(2) 
PARAMETRIC_REPRESENTATION_CONTEXT() REPRESENTATION_CONTEXT('2D SPACE',''
  ) );
#7000 = PCURVE('',#7001,#7006);
#7001 = PLANE('',#7002);
#7002 = AXIS2_PLACEMENT_3D('',#7003,#7004,#7005);
#7003 = CARTESIAN_POINT('',(-12.39346073396,20.192760966567,0.));
#7004 = DIRECTION('',(-0.5,0.866025403784,0.));
#7005 = DIRECTION('',(0.866025403784,0.5,0.));
#7006 = DEFINITIONAL_REPRESENTATION('',(#7007),#7011);
#7007 = LINE('',#7008,#7009);
#7008 = CARTESIAN_POINT('',(0.,0.));
#7009 = VECTOR('',#7010,1.);
#7010 = DIRECTION('',(0.,-1.));
#7011 = ( GEOMETRIC_REPRESENTATION_CONTEXT(2) 
PARAMETRIC_REPRESENTATION_CONTEXT() REPRESENTATION_CONTEXT('2D SPACE',''
  ) );
#7012 = ORIENTED_EDGE('',*,*,#7013,.F.);
#7013 = EDGE_CURVE('',#6923,#6986,#7014,.T.);
#7014 = SURFACE_CURVE('',#7015,(#7019,#7026),.PCURVE_S1.);
#7015 = LINE('',#7016,#7017);
#7016 = CARTESIAN_POINT('',(-10.99278375706,17.766717277594,0.));
#7017 = VECTOR('',#7018,1.);
#7018 = DIRECTION('',(-0.5,0.866025403784,0.));
#7019 = PCURVE('',#6933,#7020);
#7020 = DEFINITIONAL_REPRESENTATION('',(#7021),#7025);
#7021 = LINE('',#7022,#7023);
#7022 = CARTESIAN_POINT('',(0.,0.));
#7023 = VECTOR('',#7024,1.);
#7024 = DIRECTION('',(1.,0.));
#7025 = ( GEOMETRIC_REPRESENTATION_CONTEXT(2) 
PARAMETRIC_REPRESENTATION_CONTEXT() REPRESENTATION_CONTEXT('2D SPACE',''
  ) );
#7026 = PCURVE('',#7027,#7032);
#7027 = PLANE('',#7028);
#7028 = AXIS2_PLACEMENT_3D('',#7029,#7030,#7031);
#7029 = CARTESIAN_POINT('',(-11.14174867984,19.298074798648,0.));
#7030 = DIRECTION('',(-0.,-0.,-1.));
#7031 = DIRECTION('',(-1.,0.,0.));
#7032 = DEFINITIONAL_REPRESENTATION('',(#7033),#7037);
#7033 = LINE('',#7034,#7035);
#7034 = CARTESIAN_POINT('',(-0.148964922771,-1.531357521053));
#7035 = VECTOR('',#7036,1.);
#7036 = DIRECTION('',(0.5,0.866025403784));
#7037 = ( GEOMETRIC_REPRESENTATION_CONTEXT(2) 
PARAMETRIC_REPRESENTATION_CONTEXT() REPRESENTATION_CONTEXT('2D SPACE',''
  ) );
#7038 = ADVANCED_FACE('',(#7039),#6945,.T.);
#7039 = FACE_BOUND('',#7040,.T.);
#7040 = EDGE_LOOP('',(#7041,#7071,#7097,#7098));
#7041 = ORIENTED_EDGE('',*,*,#7042,.T.);
#7042 = EDGE_CURVE('',#7043,#7045,#7047,.T.);
#7043 = VERTEX_POINT('',#7044);
#7044 = CARTESIAN_POINT('',(-9.890036625718,18.403388630728,0.));
#7045 = VERTEX_POINT('',#7046);
#7046 = CARTESIAN_POINT('',(-9.890036625718,18.403388630728,0.33));
#7047 = SURFACE_CURVE('',#7048,(#7052,#7059),.PCURVE_S1.);
#7048 = LINE('',#7049,#7050);
#7049 = CARTESIAN_POINT('',(-9.890036625718,18.403388630728,0.));
#7050 = VECTOR('',#7051,1.);
#7051 = DIRECTION('',(0.,-0.,1.));
#7052 = PCURVE('',#6945,#7053);
#7053 = DEFINITIONAL_REPRESENTATION('',(#7054),#7058);
#7054 = LINE('',#7055,#7056);
#7055 = CARTESIAN_POINT('',(0.,0.));
#7056 = VECTOR('',#7057,1.);
#7057 = DIRECTION('',(0.,-1.));
#7058 = ( GEOMETRIC_REPRESENTATION_CONTEXT(2) 
PARAMETRIC_REPRESENTATION_CONTEXT() REPRESENTATION_CONTEXT('2D SPACE',''
  ) );
#7059 = PCURVE('',#7060,#7065);
#7060 = PLANE('',#7061);
#7061 = AXIS2_PLACEMENT_3D('',#7062,#7063,#7064);
#7062 = CARTESIAN_POINT('',(-11.29071360261,20.829432319701,0.));
#7063 = DIRECTION('',(0.866025403784,0.5,0.));
#7064 = DIRECTION('',(0.5,-0.866025403784,0.));
#7065 = DEFINITIONAL_REPRESENTATION('',(#7066),#7070);
#7066 = LINE('',#7067,#7068);
#7067 = CARTESIAN_POINT('',(2.801353953789,0.));
#7068 = VECTOR('',#7069,1.);
#7069 = DIRECTION('',(0.,-1.));
#7070 = ( GEOMETRIC_REPRESENTATION_CONTEXT(2) 
PARAMETRIC_REPRESENTATION_CONTEXT() REPRESENTATION_CONTEXT('2D SPACE',''
  ) );
#7071 = ORIENTED_EDGE('',*,*,#7072,.T.);
#7072 = EDGE_CURVE('',#7045,#6925,#7073,.T.);
#7073 = SURFACE_CURVE('',#7074,(#7078,#7085),.PCURVE_S1.);
#7074 = LINE('',#7075,#7076);
#7075 = CARTESIAN_POINT('',(-9.890036625718,18.403388630728,0.33));
#7076 = VECTOR('',#7077,1.);
#7077 = DIRECTION('',(-0.866025403784,-0.5,0.));
#7078 = PCURVE('',#6945,#7079);
#7079 = DEFINITIONAL_REPRESENTATION('',(#7080),#7084);
#7080 = LINE('',#7081,#7082);
#7081 = CARTESIAN_POINT('',(-1.7763568394E-15,-0.33));
#7082 = VECTOR('',#7083,1.);
#7083 = DIRECTION('',(1.,0.));
#7084 = ( GEOMETRIC_REPRESENTATION_CONTEXT(2) 
PARAMETRIC_REPRESENTATION_CONTEXT() REPRESENTATION_CONTEXT('2D SPACE',''
  ) );
#7085 = PCURVE('',#7086,#7091);
#7086 = PLANE('',#7087);
#7087 = AXIS2_PLACEMENT_3D('',#7088,#7089,#7090);
#7088 = CARTESIAN_POINT('',(-9.920036625718,18.455350154955,0.39));
#7089 = DIRECTION('',(-0.353553390593,0.612372435696,-0.707106781187));
#7090 = DIRECTION('',(-0.866025403784,-0.5,-8.326672684689E-17));
#7091 = DEFINITIONAL_REPRESENTATION('',(#7092),#7096);
#7092 = LINE('',#7093,#7094);
#7093 = CARTESIAN_POINT('',(-3.552713678801E-15,-8.485281374238E-02));
#7094 = VECTOR('',#7095,1.);
#7095 = DIRECTION('',(1.,0.));
#7096 = ( GEOMETRIC_REPRESENTATION_CONTEXT(2) 
PARAMETRIC_REPRESENTATION_CONTEXT() REPRESENTATION_CONTEXT('2D SPACE',''
  ) );
#7097 = ORIENTED_EDGE('',*,*,#6922,.F.);
#7098 = ORIENTED_EDGE('',*,*,#7099,.F.);
#7099 = EDGE_CURVE('',#7043,#6923,#7100,.T.);
#7100 = SURFACE_CURVE('',#7101,(#7105,#7112),.PCURVE_S1.);
#7101 = LINE('',#7102,#7103);
#7102 = CARTESIAN_POINT('',(-9.890036625718,18.403388630728,0.));
#7103 = VECTOR('',#7104,1.);
#7104 = DIRECTION('',(-0.866025403784,-0.5,0.));
#7105 = PCURVE('',#6945,#7106);
#7106 = DEFINITIONAL_REPRESENTATION('',(#7107),#7111);
#7107 = LINE('',#7108,#7109);
#7108 = CARTESIAN_POINT('',(0.,0.));
#7109 = VECTOR('',#7110,1.);
#7110 = DIRECTION('',(1.,0.));
#7111 = ( GEOMETRIC_REPRESENTATION_CONTEXT(2) 
PARAMETRIC_REPRESENTATION_CONTEXT() REPRESENTATION_CONTEXT('2D SPACE',''
  ) );
#7112 = PCURVE('',#7027,#7113);
#7113 = DEFINITIONAL_REPRESENTATION('',(#7114),#7118);
#7114 = LINE('',#7115,#7116);
#7115 = CARTESIAN_POINT('',(-1.251712054123,-0.89468616792));
#7116 = VECTOR('',#7117,1.);
#7117 = DIRECTION('',(0.866025403784,-0.5));
#7118 = ( GEOMETRIC_REPRESENTATION_CONTEXT(2) 
PARAMETRIC_REPRESENTATION_CONTEXT() REPRESENTATION_CONTEXT('2D SPACE',''
  ) );
#7119 = ADVANCED_FACE('',(#7120),#6973,.F.);
#7120 = FACE_BOUND('',#7121,.F.);
#7121 = EDGE_LOOP('',(#7122,#7145,#7146,#7174));
#7122 = ORIENTED_EDGE('',*,*,#7123,.F.);
#7123 = EDGE_CURVE('',#6925,#7124,#7126,.T.);
#7124 = VERTEX_POINT('',#7125);
#7125 = CARTESIAN_POINT('',(-10.94886070861,17.930640326048,0.45));
#7126 = SURFACE_CURVE('',#7127,(#7131,#7138),.PCURVE_S1.);
#7127 = LINE('',#7128,#7129);
#7128 = CARTESIAN_POINT('',(-10.90046344454,18.111261374493,
    0.582223784378));
#7129 = VECTOR('',#7130,1.);
#7130 = DIRECTION('',(0.211324865405,0.788675134595,0.57735026919));
#7131 = PCURVE('',#6973,#7132);
#7132 = DEFINITIONAL_REPRESENTATION('',(#7133),#7137);
#7133 = LINE('',#7134,#7135);
#7134 = CARTESIAN_POINT('',(0.252223784378,0.271845482878));
#7135 = VECTOR('',#7136,1.);
#7136 = DIRECTION('',(0.57735026919,0.816496580928));
#7137 = ( GEOMETRIC_REPRESENTATION_CONTEXT(2) 
PARAMETRIC_REPRESENTATION_CONTEXT() REPRESENTATION_CONTEXT('2D SPACE',''
  ) );
#7138 = PCURVE('',#7086,#7139);
#7139 = DEFINITIONAL_REPRESENTATION('',(#7140),#7144);
#7140 = LINE('',#7141,#7142);
#7141 = CARTESIAN_POINT('',(1.02111892189,0.271845482878));
#7142 = VECTOR('',#7143,1.);
#7143 = DIRECTION('',(-0.57735026919,0.816496580928));
#7144 = ( GEOMETRIC_REPRESENTATION_CONTEXT(2) 
PARAMETRIC_REPRESENTATION_CONTEXT() REPRESENTATION_CONTEXT('2D SPACE',''
  ) );
#7145 = ORIENTED_EDGE('',*,*,#6957,.T.);
#7146 = ORIENTED_EDGE('',*,*,#7147,.T.);
#7147 = EDGE_CURVE('',#6958,#7148,#7150,.T.);
#7148 = VERTEX_POINT('',#7149);
#7149 = CARTESIAN_POINT('',(-12.2295376855,20.148837918113,0.45));
#7150 = SURFACE_CURVE('',#7151,(#7155,#7162),.PCURVE_S1.);
#7151 = LINE('',#7152,#7153);
#7152 = CARTESIAN_POINT('',(-11.70103294016,20.007225498403,
    0.836892325631));
#7153 = VECTOR('',#7154,1.);
#7154 = DIRECTION('',(0.788675134595,-0.211324865405,0.57735026919));
#7155 = PCURVE('',#6973,#7156);
#7156 = DEFINITIONAL_REPRESENTATION('',(#7157),#7161);
#7157 = LINE('',#7158,#7159);
#7158 = CARTESIAN_POINT('',(2.294461628157,0.632001187828));
#7159 = VECTOR('',#7160,1.);
#7160 = DIRECTION('',(-0.57735026919,0.816496580928));
#7161 = ( GEOMETRIC_REPRESENTATION_CONTEXT(2) 
PARAMETRIC_REPRESENTATION_CONTEXT() REPRESENTATION_CONTEXT('2D SPACE',''
  ) );
#7162 = PCURVE('',#7163,#7168);
#7163 = PLANE('',#7164);
#7164 = AXIS2_PLACEMENT_3D('',#7165,#7166,#7167);
#7165 = CARTESIAN_POINT('',(-12.36346073396,20.14079944234,0.39));
#7166 = DIRECTION('',(0.353553390593,-0.612372435696,-0.707106781187));
#7167 = DIRECTION('',(0.866025403784,0.5,5.551115123126E-17));
#7168 = DEFINITIONAL_REPRESENTATION('',(#7169),#7173);
#7169 = LINE('',#7170,#7171);
#7170 = CARTESIAN_POINT('',(0.506892325631,0.632001187828));
#7171 = VECTOR('',#7172,1.);
#7172 = DIRECTION('',(0.57735026919,0.816496580928));
#7173 = ( GEOMETRIC_REPRESENTATION_CONTEXT(2) 
PARAMETRIC_REPRESENTATION_CONTEXT() REPRESENTATION_CONTEXT('2D SPACE',''
  ) );
#7174 = ORIENTED_EDGE('',*,*,#7175,.F.);
#7175 = EDGE_CURVE('',#7124,#7148,#7176,.T.);
#7176 = SURFACE_CURVE('',#7177,(#7181,#7188),.PCURVE_S1.);
#7177 = LINE('',#7178,#7179);
#7178 = CARTESIAN_POINT('',(-10.88886070861,17.826717277594,0.45));
#7179 = VECTOR('',#7180,1.);
#7180 = DIRECTION('',(-0.5,0.866025403784,0.));
#7181 = PCURVE('',#6973,#7182);
#7182 = DEFINITIONAL_REPRESENTATION('',(#7183),#7187);
#7183 = LINE('',#7184,#7185);
#7184 = CARTESIAN_POINT('',(0.,8.485281374239E-02));
#7185 = VECTOR('',#7186,1.);
#7186 = DIRECTION('',(1.,0.));
#7187 = ( GEOMETRIC_REPRESENTATION_CONTEXT(2) 
PARAMETRIC_REPRESENTATION_CONTEXT() REPRESENTATION_CONTEXT('2D SPACE',''
  ) );
#7188 = PCURVE('',#7189,#7194);
#7189 = PLANE('',#7190);
#7190 = AXIS2_PLACEMENT_3D('',#7191,#7192,#7193);
#7191 = CARTESIAN_POINT('',(-11.14174867984,19.298074798648,0.45));
#7192 = DIRECTION('',(-0.,-0.,-1.));
#7193 = DIRECTION('',(-1.,0.,0.));
#7194 = DEFINITIONAL_REPRESENTATION('',(#7195),#7199);
#7195 = LINE('',#7196,#7197);
#7196 = CARTESIAN_POINT('',(-0.252887971226,-1.471357521053));
#7197 = VECTOR('',#7198,1.);
#7198 = DIRECTION('',(0.5,0.866025403784));
#7199 = ( GEOMETRIC_REPRESENTATION_CONTEXT(2) 
PARAMETRIC_REPRESENTATION_CONTEXT() REPRESENTATION_CONTEXT('2D SPACE',''
  ) );
#7200 = ADVANCED_FACE('',(#7201),#7027,.T.);
#7201 = FACE_BOUND('',#7202,.T.);
#7202 = EDGE_LOOP('',(#7203,#7204,#7227,#7248));
#7203 = ORIENTED_EDGE('',*,*,#7013,.T.);
#7204 = ORIENTED_EDGE('',*,*,#7205,.T.);
#7205 = EDGE_CURVE('',#6986,#7206,#7208,.T.);
#7206 = VERTEX_POINT('',#7207);
#7207 = CARTESIAN_POINT('',(-11.29071360261,20.829432319701,0.));
#7208 = SURFACE_CURVE('',#7209,(#7213,#7220),.PCURVE_S1.);
#7209 = LINE('',#7210,#7211);
#7210 = CARTESIAN_POINT('',(-12.39346073396,20.192760966567,0.));
#7211 = VECTOR('',#7212,1.);
#7212 = DIRECTION('',(0.866025403784,0.5,0.));
#7213 = PCURVE('',#7027,#7214);
#7214 = DEFINITIONAL_REPRESENTATION('',(#7215),#7219);
#7215 = LINE('',#7216,#7217);
#7216 = CARTESIAN_POINT('',(1.251712054123,0.89468616792));
#7217 = VECTOR('',#7218,1.);
#7218 = DIRECTION('',(-0.866025403784,0.5));
#7219 = ( GEOMETRIC_REPRESENTATION_CONTEXT(2) 
PARAMETRIC_REPRESENTATION_CONTEXT() REPRESENTATION_CONTEXT('2D SPACE',''
  ) );
#7220 = PCURVE('',#7001,#7221);
#7221 = DEFINITIONAL_REPRESENTATION('',(#7222),#7226);
#7222 = LINE('',#7223,#7224);
#7223 = CARTESIAN_POINT('',(0.,0.));
#7224 = VECTOR('',#7225,1.);
#7225 = DIRECTION('',(1.,0.));
#7226 = ( GEOMETRIC_REPRESENTATION_CONTEXT(2) 
PARAMETRIC_REPRESENTATION_CONTEXT() REPRESENTATION_CONTEXT('2D SPACE',''
  ) );
#7227 = ORIENTED_EDGE('',*,*,#7228,.T.);
#7228 = EDGE_CURVE('',#7206,#7043,#7229,.T.);
#7229 = SURFACE_CURVE('',#7230,(#7234,#7241),.PCURVE_S1.);
#7230 = LINE('',#7231,#7232);
#7231 = CARTESIAN_POINT('',(-11.29071360261,20.829432319701,0.));
#7232 = VECTOR('',#7233,1.);
#7233 = DIRECTION('',(0.5,-0.866025403784,0.));
#7234 = PCURVE('',#7027,#7235);
#7235 = DEFINITIONAL_REPRESENTATION('',(#7236),#7240);
#7236 = LINE('',#7237,#7238);
#7237 = CARTESIAN_POINT('',(0.148964922771,1.531357521053));
#7238 = VECTOR('',#7239,1.);
#7239 = DIRECTION('',(-0.5,-0.866025403784));
#7240 = ( GEOMETRIC_REPRESENTATION_CONTEXT(2) 
PARAMETRIC_REPRESENTATION_CONTEXT() REPRESENTATION_CONTEXT('2D SPACE',''
  ) );
#7241 = PCURVE('',#7060,#7242);
#7242 = DEFINITIONAL_REPRESENTATION('',(#7243),#7247);
#7243 = LINE('',#7244,#7245);
#7244 = CARTESIAN_POINT('',(0.,0.));
#7245 = VECTOR('',#7246,1.);
#7246 = DIRECTION('',(1.,0.));
#7247 = ( GEOMETRIC_REPRESENTATION_CONTEXT(2) 
PARAMETRIC_REPRESENTATION_CONTEXT() REPRESENTATION_CONTEXT('2D SPACE',''
  ) );
#7248 = ORIENTED_EDGE('',*,*,#7099,.T.);
#7249 = ADVANCED_FACE('',(#7250),#7001,.T.);
#7250 = FACE_BOUND('',#7251,.T.);
#7251 = EDGE_LOOP('',(#7252,#7253,#7276,#7297));
#7252 = ORIENTED_EDGE('',*,*,#6985,.T.);
#7253 = ORIENTED_EDGE('',*,*,#7254,.T.);
#7254 = EDGE_CURVE('',#6958,#7255,#7257,.T.);
#7255 = VERTEX_POINT('',#7256);
#7256 = CARTESIAN_POINT('',(-11.29071360261,20.829432319701,0.33));
#7257 = SURFACE_CURVE('',#7258,(#7262,#7269),.PCURVE_S1.);
#7258 = LINE('',#7259,#7260);
#7259 = CARTESIAN_POINT('',(-12.39346073396,20.192760966567,0.33));
#7260 = VECTOR('',#7261,1.);
#7261 = DIRECTION('',(0.866025403784,0.5,0.));
#7262 = PCURVE('',#7001,#7263);
#7263 = DEFINITIONAL_REPRESENTATION('',(#7264),#7268);
#7264 = LINE('',#7265,#7266);
#7265 = CARTESIAN_POINT('',(1.7763568394E-15,-0.33));
#7266 = VECTOR('',#7267,1.);
#7267 = DIRECTION('',(1.,0.));
#7268 = ( GEOMETRIC_REPRESENTATION_CONTEXT(2) 
PARAMETRIC_REPRESENTATION_CONTEXT() REPRESENTATION_CONTEXT('2D SPACE',''
  ) );
#7269 = PCURVE('',#7163,#7270);
#7270 = DEFINITIONAL_REPRESENTATION('',(#7271),#7275);
#7271 = LINE('',#7272,#7273);
#7272 = CARTESIAN_POINT('',(1.7763568394E-15,-8.485281374239E-02));
#7273 = VECTOR('',#7274,1.);
#7274 = DIRECTION('',(1.,0.));
#7275 = ( GEOMETRIC_REPRESENTATION_CONTEXT(2) 
PARAMETRIC_REPRESENTATION_CONTEXT() REPRESENTATION_CONTEXT('2D SPACE',''
  ) );
#7276 = ORIENTED_EDGE('',*,*,#7277,.F.);
#7277 = EDGE_CURVE('',#7206,#7255,#7278,.T.);
#7278 = SURFACE_CURVE('',#7279,(#7283,#7290),.PCURVE_S1.);
#7279 = LINE('',#7280,#7281);
#7280 = CARTESIAN_POINT('',(-11.29071360261,20.829432319701,0.));
#7281 = VECTOR('',#7282,1.);
#7282 = DIRECTION('',(0.,-0.,1.));
#7283 = PCURVE('',#7001,#7284);
#7284 = DEFINITIONAL_REPRESENTATION('',(#7285),#7289);
#7285 = LINE('',#7286,#7287);
#7286 = CARTESIAN_POINT('',(1.273342706268,0.));
#7287 = VECTOR('',#7288,1.);
#7288 = DIRECTION('',(0.,-1.));
#7289 = ( GEOMETRIC_REPRESENTATION_CONTEXT(2) 
PARAMETRIC_REPRESENTATION_CONTEXT() REPRESENTATION_CONTEXT('2D SPACE',''
  ) );
#7290 = PCURVE('',#7060,#7291);
#7291 = DEFINITIONAL_REPRESENTATION('',(#7292),#7296);
#7292 = LINE('',#7293,#7294);
#7293 = CARTESIAN_POINT('',(0.,0.));
#7294 = VECTOR('',#7295,1.);
#7295 = DIRECTION('',(0.,-1.));
#7296 = ( GEOMETRIC_REPRESENTATION_CONTEXT(2) 
PARAMETRIC_REPRESENTATION_CONTEXT() REPRESENTATION_CONTEXT('2D SPACE',''
  ) );
#7297 = ORIENTED_EDGE('',*,*,#7205,.F.);
#7298 = ADVANCED_FACE('',(#7299),#7060,.T.);
#7299 = FACE_BOUND('',#7300,.T.);
#7300 = EDGE_LOOP('',(#7301,#7302,#7328,#7329));
#7301 = ORIENTED_EDGE('',*,*,#7277,.T.);
#7302 = ORIENTED_EDGE('',*,*,#7303,.T.);
#7303 = EDGE_CURVE('',#7255,#7045,#7304,.T.);
#7304 = SURFACE_CURVE('',#7305,(#7309,#7316),.PCURVE_S1.);
#7305 = LINE('',#7306,#7307);
#7306 = CARTESIAN_POINT('',(-11.29071360261,20.829432319701,0.33));
#7307 = VECTOR('',#7308,1.);
#7308 = DIRECTION('',(0.5,-0.866025403784,0.));
#7309 = PCURVE('',#7060,#7310);
#7310 = DEFINITIONAL_REPRESENTATION('',(#7311),#7315);
#7311 = LINE('',#7312,#7313);
#7312 = CARTESIAN_POINT('',(0.,-0.33));
#7313 = VECTOR('',#7314,1.);
#7314 = DIRECTION('',(1.,0.));
#7315 = ( GEOMETRIC_REPRESENTATION_CONTEXT(2) 
PARAMETRIC_REPRESENTATION_CONTEXT() REPRESENTATION_CONTEXT('2D SPACE',''
  ) );
#7316 = PCURVE('',#7317,#7322);
#7317 = PLANE('',#7318);
#7318 = AXIS2_PLACEMENT_3D('',#7319,#7320,#7321);
#7319 = CARTESIAN_POINT('',(-11.34267512683,20.799432319701,0.39));
#7320 = DIRECTION('',(-0.612372435696,-0.353553390593,-0.707106781187));
#7321 = DIRECTION('',(0.5,-0.866025403784,8.326672684689E-17));
#7322 = DEFINITIONAL_REPRESENTATION('',(#7323),#7327);
#7323 = LINE('',#7324,#7325);
#7324 = CARTESIAN_POINT('',(0.,-8.485281374239E-02));
#7325 = VECTOR('',#7326,1.);
#7326 = DIRECTION('',(1.,0.));
#7327 = ( GEOMETRIC_REPRESENTATION_CONTEXT(2) 
PARAMETRIC_REPRESENTATION_CONTEXT() REPRESENTATION_CONTEXT('2D SPACE',''
  ) );
#7328 = ORIENTED_EDGE('',*,*,#7042,.F.);
#7329 = ORIENTED_EDGE('',*,*,#7228,.F.);
#7330 = ADVANCED_FACE('',(#7331),#7086,.F.);
#7331 = FACE_BOUND('',#7332,.F.);
#7332 = EDGE_LOOP('',(#7333,#7356,#7357,#7358));
#7333 = ORIENTED_EDGE('',*,*,#7334,.F.);
#7334 = EDGE_CURVE('',#7045,#7335,#7337,.T.);
#7335 = VERTEX_POINT('',#7336);
#7336 = CARTESIAN_POINT('',(-10.05395967417,18.447311679182,0.45));
#7337 = SURFACE_CURVE('',#7338,(#7342,#7349),.PCURVE_S1.);
#7338 = LINE('',#7339,#7340);
#7339 = CARTESIAN_POINT('',(-10.58246441951,18.588924098893,
    0.836892325631));
#7340 = VECTOR('',#7341,1.);
#7341 = DIRECTION('',(-0.788675134595,0.211324865405,0.57735026919));
#7342 = PCURVE('',#7086,#7343);
#7343 = DEFINITIONAL_REPRESENTATION('',(#7344),#7348);
#7344 = LINE('',#7345,#7346);
#7345 = CARTESIAN_POINT('',(0.506892325631,0.632001187828));
#7346 = VECTOR('',#7347,1.);
#7347 = DIRECTION('',(0.57735026919,0.816496580928));
#7348 = ( GEOMETRIC_REPRESENTATION_CONTEXT(2) 
PARAMETRIC_REPRESENTATION_CONTEXT() REPRESENTATION_CONTEXT('2D SPACE',''
  ) );
#7349 = PCURVE('',#7317,#7350);
#7350 = DEFINITIONAL_REPRESENTATION('',(#7351),#7355);
#7351 = LINE('',#7352,#7353);
#7352 = CARTESIAN_POINT('',(2.294461628157,0.632001187828));
#7353 = VECTOR('',#7354,1.);
#7354 = DIRECTION('',(-0.57735026919,0.816496580928));
#7355 = ( GEOMETRIC_REPRESENTATION_CONTEXT(2) 
PARAMETRIC_REPRESENTATION_CONTEXT() REPRESENTATION_CONTEXT('2D SPACE',''
  ) );
#7356 = ORIENTED_EDGE('',*,*,#7072,.T.);
#7357 = ORIENTED_EDGE('',*,*,#7123,.T.);
#7358 = ORIENTED_EDGE('',*,*,#7359,.F.);
#7359 = EDGE_CURVE('',#7335,#7124,#7360,.T.);
#7360 = SURFACE_CURVE('',#7361,(#7365,#7372),.PCURVE_S1.);
#7361 = LINE('',#7362,#7363);
#7362 = CARTESIAN_POINT('',(-9.950036625718,18.507311679182,0.45));
#7363 = VECTOR('',#7364,1.);
#7364 = DIRECTION('',(-0.866025403784,-0.5,0.));
#7365 = PCURVE('',#7086,#7366);
#7366 = DEFINITIONAL_REPRESENTATION('',(#7367),#7371);
#7367 = LINE('',#7368,#7369);
#7368 = CARTESIAN_POINT('',(-1.7763568394E-15,8.485281374239E-02));
#7369 = VECTOR('',#7370,1.);
#7370 = DIRECTION('',(1.,0.));
#7371 = ( GEOMETRIC_REPRESENTATION_CONTEXT(2) 
PARAMETRIC_REPRESENTATION_CONTEXT() REPRESENTATION_CONTEXT('2D SPACE',''
  ) );
#7372 = PCURVE('',#7189,#7373);
#7373 = DEFINITIONAL_REPRESENTATION('',(#7374),#7378);
#7374 = LINE('',#7375,#7376);
#7375 = CARTESIAN_POINT('',(-1.191712054123,-0.790763119465));
#7376 = VECTOR('',#7377,1.);
#7377 = DIRECTION('',(0.866025403784,-0.5));
#7378 = ( GEOMETRIC_REPRESENTATION_CONTEXT(2) 
PARAMETRIC_REPRESENTATION_CONTEXT() REPRESENTATION_CONTEXT('2D SPACE',''
  ) );
#7379 = ADVANCED_FACE('',(#7380),#7189,.F.);
#7380 = FACE_BOUND('',#7381,.F.);
#7381 = EDGE_LOOP('',(#7382,#7383,#7406,#7427));
#7382 = ORIENTED_EDGE('',*,*,#7175,.T.);
#7383 = ORIENTED_EDGE('',*,*,#7384,.T.);
#7384 = EDGE_CURVE('',#7148,#7385,#7387,.T.);
#7385 = VERTEX_POINT('',#7386);
#7386 = CARTESIAN_POINT('',(-11.33463665106,20.665509271247,0.45));
#7387 = SURFACE_CURVE('',#7388,(#7392,#7399),.PCURVE_S1.);
#7388 = LINE('',#7389,#7390);
#7389 = CARTESIAN_POINT('',(-12.33346073396,20.088837918113,0.45));
#7390 = VECTOR('',#7391,1.);
#7391 = DIRECTION('',(0.866025403784,0.5,0.));
#7392 = PCURVE('',#7189,#7393);
#7393 = DEFINITIONAL_REPRESENTATION('',(#7394),#7398);
#7394 = LINE('',#7395,#7396);
#7395 = CARTESIAN_POINT('',(1.191712054123,0.790763119465));
#7396 = VECTOR('',#7397,1.);
#7397 = DIRECTION('',(-0.866025403784,0.5));
#7398 = ( GEOMETRIC_REPRESENTATION_CONTEXT(2) 
PARAMETRIC_REPRESENTATION_CONTEXT() REPRESENTATION_CONTEXT('2D SPACE',''
  ) );
#7399 = PCURVE('',#7163,#7400);
#7400 = DEFINITIONAL_REPRESENTATION('',(#7401),#7405);
#7401 = LINE('',#7402,#7403);
#7402 = CARTESIAN_POINT('',(3.552713678801E-15,8.485281374239E-02));
#7403 = VECTOR('',#7404,1.);
#7404 = DIRECTION('',(1.,0.));
#7405 = ( GEOMETRIC_REPRESENTATION_CONTEXT(2) 
PARAMETRIC_REPRESENTATION_CONTEXT() REPRESENTATION_CONTEXT('2D SPACE',''
  ) );
#7406 = ORIENTED_EDGE('',*,*,#7407,.T.);
#7407 = EDGE_CURVE('',#7385,#7335,#7408,.T.);
#7408 = SURFACE_CURVE('',#7409,(#7413,#7420),.PCURVE_S1.);
#7409 = LINE('',#7410,#7411);
#7410 = CARTESIAN_POINT('',(-11.39463665106,20.769432319701,0.45));
#7411 = VECTOR('',#7412,1.);
#7412 = DIRECTION('',(0.5,-0.866025403784,0.));
#7413 = PCURVE('',#7189,#7414);
#7414 = DEFINITIONAL_REPRESENTATION('',(#7415),#7419);
#7415 = LINE('',#7416,#7417);
#7416 = CARTESIAN_POINT('',(0.252887971226,1.471357521053));
#7417 = VECTOR('',#7418,1.);
#7418 = DIRECTION('',(-0.5,-0.866025403784));
#7419 = ( GEOMETRIC_REPRESENTATION_CONTEXT(2) 
PARAMETRIC_REPRESENTATION_CONTEXT() REPRESENTATION_CONTEXT('2D SPACE',''
  ) );
#7420 = PCURVE('',#7317,#7421);
#7421 = DEFINITIONAL_REPRESENTATION('',(#7422),#7426);
#7422 = LINE('',#7423,#7424);
#7423 = CARTESIAN_POINT('',(-3.552713678801E-15,8.485281374238E-02));
#7424 = VECTOR('',#7425,1.);
#7425 = DIRECTION('',(1.,0.));
#7426 = ( GEOMETRIC_REPRESENTATION_CONTEXT(2) 
PARAMETRIC_REPRESENTATION_CONTEXT() REPRESENTATION_CONTEXT('2D SPACE',''
  ) );
#7427 = ORIENTED_EDGE('',*,*,#7359,.T.);
#7428 = ADVANCED_FACE('',(#7429),#7163,.F.);
#7429 = FACE_BOUND('',#7430,.F.);
#7430 = EDGE_LOOP('',(#7431,#7432,#7433,#7454));
#7431 = ORIENTED_EDGE('',*,*,#7147,.F.);
#7432 = ORIENTED_EDGE('',*,*,#7254,.T.);
#7433 = ORIENTED_EDGE('',*,*,#7434,.T.);
#7434 = EDGE_CURVE('',#7255,#7385,#7435,.T.);
#7435 = SURFACE_CURVE('',#7436,(#7440,#7447),.PCURVE_S1.);
#7436 = LINE('',#7437,#7438);
#7437 = CARTESIAN_POINT('',(-11.38303391513,20.484888222802,
    0.582223784378));
#7438 = VECTOR('',#7439,1.);
#7439 = DIRECTION('',(-0.211324865405,-0.788675134595,0.57735026919));
#7440 = PCURVE('',#7163,#7441);
#7441 = DEFINITIONAL_REPRESENTATION('',(#7442),#7446);
#7442 = LINE('',#7443,#7444);
#7443 = CARTESIAN_POINT('',(1.02111892189,0.271845482878));
#7444 = VECTOR('',#7445,1.);
#7445 = DIRECTION('',(-0.57735026919,0.816496580928));
#7446 = ( GEOMETRIC_REPRESENTATION_CONTEXT(2) 
PARAMETRIC_REPRESENTATION_CONTEXT() REPRESENTATION_CONTEXT('2D SPACE',''
  ) );
#7447 = PCURVE('',#7317,#7448);
#7448 = DEFINITIONAL_REPRESENTATION('',(#7449),#7453);
#7449 = LINE('',#7450,#7451);
#7450 = CARTESIAN_POINT('',(0.252223784378,0.271845482878));
#7451 = VECTOR('',#7452,1.);
#7452 = DIRECTION('',(0.57735026919,0.816496580928));
#7453 = ( GEOMETRIC_REPRESENTATION_CONTEXT(2) 
PARAMETRIC_REPRESENTATION_CONTEXT() REPRESENTATION_CONTEXT('2D SPACE',''
  ) );
#7454 = ORIENTED_EDGE('',*,*,#7384,.F.);
#7455 = ADVANCED_FACE('',(#7456),#7317,.F.);
#7456 = FACE_BOUND('',#7457,.F.);
#7457 = EDGE_LOOP('',(#7458,#7459,#7460,#7461));
#7458 = ORIENTED_EDGE('',*,*,#7434,.F.);
#7459 = ORIENTED_EDGE('',*,*,#7303,.T.);
#7460 = ORIENTED_EDGE('',*,*,#7334,.T.);
#7461 = ORIENTED_EDGE('',*,*,#7407,.F.);
#7462 = MANIFOLD_SOLID_BREP('',#7463);
#7463 = CLOSED_SHELL('',(#7464,#7584,#7665,#7746,#7795,#7844,#7876,#7925
    ,#7974,#8001));
#7464 = ADVANCED_FACE('',(#7465),#7479,.T.);
#7465 = FACE_BOUND('',#7466,.T.);
#7466 = EDGE_LOOP('',(#7467,#7502,#7530,#7558));
#7467 = ORIENTED_EDGE('',*,*,#7468,.T.);
#7468 = EDGE_CURVE('',#7469,#7471,#7473,.T.);
#7469 = VERTEX_POINT('',#7470);
#7470 = CARTESIAN_POINT('',(-0.899828845762,20.882820382787,0.));
#7471 = VERTEX_POINT('',#7472);
#7472 = CARTESIAN_POINT('',(-0.899828845762,20.882820382787,0.33));
#7473 = SURFACE_CURVE('',#7474,(#7478,#7490),.PCURVE_S1.);
#7474 = LINE('',#7475,#7476);
#7475 = CARTESIAN_POINT('',(-0.899828845762,20.882820382787,0.));
#7476 = VECTOR('',#7477,1.);
#7477 = DIRECTION('',(0.,-0.,1.));
#7478 = PCURVE('',#7479,#7484);
#7479 = PLANE('',#7480);
#7480 = AXIS2_PLACEMENT_3D('',#7481,#7482,#7483);
#7481 = CARTESIAN_POINT('',(-0.899828845762,20.882820382787,0.));
#7482 = DIRECTION('',(-1.,0.,0.));
#7483 = DIRECTION('',(0.,1.,0.));
#7484 = DEFINITIONAL_REPRESENTATION('',(#7485),#7489);
#7485 = LINE('',#7486,#7487);
#7486 = CARTESIAN_POINT('',(0.,0.));
#7487 = VECTOR('',#7488,1.);
#7488 = DIRECTION('',(0.,-1.));
#7489 = ( GEOMETRIC_REPRESENTATION_CONTEXT(2) 
PARAMETRIC_REPRESENTATION_CONTEXT() REPRESENTATION_CONTEXT('2D SPACE',''
  ) );
#7490 = PCURVE('',#7491,#7496);
#7491 = PLANE('',#7492);
#7492 = AXIS2_PLACEMENT_3D('',#7493,#7494,#7495);
#7493 = CARTESIAN_POINT('',(-0.152801124752,20.882820382787,0.));
#7494 = DIRECTION('',(-0.,-1.,0.));
#7495 = DIRECTION('',(-1.,0.,0.));
#7496 = DEFINITIONAL_REPRESENTATION('',(#7497),#7501);
#7497 = LINE('',#7498,#7499);
#7498 = CARTESIAN_POINT('',(0.74702772101,0.));
#7499 = VECTOR('',#7500,1.);
#7500 = DIRECTION('',(0.,-1.));
#7501 = ( GEOMETRIC_REPRESENTATION_CONTEXT(2) 
PARAMETRIC_REPRESENTATION_CONTEXT() REPRESENTATION_CONTEXT('2D SPACE',''
  ) );
#7502 = ORIENTED_EDGE('',*,*,#7503,.T.);
#7503 = EDGE_CURVE('',#7471,#7504,#7506,.T.);
#7504 = VERTEX_POINT('',#7505);
#7505 = CARTESIAN_POINT('',(-0.899828845762,23.684174336576,0.33));
#7506 = SURFACE_CURVE('',#7507,(#7511,#7518),.PCURVE_S1.);
#7507 = LINE('',#7508,#7509);
#7508 = CARTESIAN_POINT('',(-0.899828845762,20.882820382787,0.33));
#7509 = VECTOR('',#7510,1.);
#7510 = DIRECTION('',(0.,1.,0.));
#7511 = PCURVE('',#7479,#7512);
#7512 = DEFINITIONAL_REPRESENTATION('',(#7513),#7517);
#7513 = LINE('',#7514,#7515);
#7514 = CARTESIAN_POINT('',(0.,-0.33));
#7515 = VECTOR('',#7516,1.);
#7516 = DIRECTION('',(1.,0.));
#7517 = ( GEOMETRIC_REPRESENTATION_CONTEXT(2) 
PARAMETRIC_REPRESENTATION_CONTEXT() REPRESENTATION_CONTEXT('2D SPACE',''
  ) );
#7518 = PCURVE('',#7519,#7524);
#7519 = PLANE('',#7520);
#7520 = AXIS2_PLACEMENT_3D('',#7521,#7522,#7523);
#7521 = CARTESIAN_POINT('',(-0.839828845762,20.882820382787,0.39));
#7522 = DIRECTION('',(0.707106781187,0.,-0.707106781187));
#7523 = DIRECTION('',(0.,1.,0.));
#7524 = DEFINITIONAL_REPRESENTATION('',(#7525),#7529);
#7525 = LINE('',#7526,#7527);
#7526 = CARTESIAN_POINT('',(0.,-8.485281374239E-02));
#7527 = VECTOR('',#7528,1.);
#7528 = DIRECTION('',(1.,0.));
#7529 = ( GEOMETRIC_REPRESENTATION_CONTEXT(2) 
PARAMETRIC_REPRESENTATION_CONTEXT() REPRESENTATION_CONTEXT('2D SPACE',''
  ) );
#7530 = ORIENTED_EDGE('',*,*,#7531,.F.);
#7531 = EDGE_CURVE('',#7532,#7504,#7534,.T.);
#7532 = VERTEX_POINT('',#7533);
#7533 = CARTESIAN_POINT('',(-0.899828845762,23.684174336576,0.));
#7534 = SURFACE_CURVE('',#7535,(#7539,#7546),.PCURVE_S1.);
#7535 = LINE('',#7536,#7537);
#7536 = CARTESIAN_POINT('',(-0.899828845762,23.684174336576,0.));
#7537 = VECTOR('',#7538,1.);
#7538 = DIRECTION('',(0.,-0.,1.));
#7539 = PCURVE('',#7479,#7540);
#7540 = DEFINITIONAL_REPRESENTATION('',(#7541),#7545);
#7541 = LINE('',#7542,#7543);
#7542 = CARTESIAN_POINT('',(2.801353953789,0.));
#7543 = VECTOR('',#7544,1.);
#7544 = DIRECTION('',(0.,-1.));
#7545 = ( GEOMETRIC_REPRESENTATION_CONTEXT(2) 
PARAMETRIC_REPRESENTATION_CONTEXT() REPRESENTATION_CONTEXT('2D SPACE',''
  ) );
#7546 = PCURVE('',#7547,#7552);
#7547 = PLANE('',#7548);
#7548 = AXIS2_PLACEMENT_3D('',#7549,#7550,#7551);
#7549 = CARTESIAN_POINT('',(-0.899828845762,23.684174336576,0.));
#7550 = DIRECTION('',(-0.,1.,0.));
#7551 = DIRECTION('',(1.,0.,0.));
#7552 = DEFINITIONAL_REPRESENTATION('',(#7553),#7557);
#7553 = LINE('',#7554,#7555);
#7554 = CARTESIAN_POINT('',(0.,0.));
#7555 = VECTOR('',#7556,1.);
#7556 = DIRECTION('',(0.,-1.));
#7557 = ( GEOMETRIC_REPRESENTATION_CONTEXT(2) 
PARAMETRIC_REPRESENTATION_CONTEXT() REPRESENTATION_CONTEXT('2D SPACE',''
  ) );
#7558 = ORIENTED_EDGE('',*,*,#7559,.F.);
#7559 = EDGE_CURVE('',#7469,#7532,#7560,.T.);
#7560 = SURFACE_CURVE('',#7561,(#7565,#7572),.PCURVE_S1.);
#7561 = LINE('',#7562,#7563);
#7562 = CARTESIAN_POINT('',(-0.899828845762,20.882820382787,0.));
#7563 = VECTOR('',#7564,1.);
#7564 = DIRECTION('',(0.,1.,0.));
#7565 = PCURVE('',#7479,#7566);
#7566 = DEFINITIONAL_REPRESENTATION('',(#7567),#7571);
#7567 = LINE('',#7568,#7569);
#7568 = CARTESIAN_POINT('',(0.,0.));
#7569 = VECTOR('',#7570,1.);
#7570 = DIRECTION('',(1.,0.));
#7571 = ( GEOMETRIC_REPRESENTATION_CONTEXT(2) 
PARAMETRIC_REPRESENTATION_CONTEXT() REPRESENTATION_CONTEXT('2D SPACE',''
  ) );
#7572 = PCURVE('',#7573,#7578);
#7573 = PLANE('',#7574);
#7574 = AXIS2_PLACEMENT_3D('',#7575,#7576,#7577);
#7575 = CARTESIAN_POINT('',(-0.526314985257,22.283497359681,0.));
#7576 = DIRECTION('',(-0.,-0.,-1.));
#7577 = DIRECTION('',(-1.,0.,0.));
#7578 = DEFINITIONAL_REPRESENTATION('',(#7579),#7583);
#7579 = LINE('',#7580,#7581);
#7580 = CARTESIAN_POINT('',(0.373513860505,-1.400676976894));
#7581 = VECTOR('',#7582,1.);
#7582 = DIRECTION('',(0.,1.));
#7583 = ( GEOMETRIC_REPRESENTATION_CONTEXT(2) 
PARAMETRIC_REPRESENTATION_CONTEXT() REPRESENTATION_CONTEXT('2D SPACE',''
  ) );
#7584 = ADVANCED_FACE('',(#7585),#7491,.T.);
#7585 = FACE_BOUND('',#7586,.T.);
#7586 = EDGE_LOOP('',(#7587,#7617,#7643,#7644));
#7587 = ORIENTED_EDGE('',*,*,#7588,.T.);
#7588 = EDGE_CURVE('',#7589,#7591,#7593,.T.);
#7589 = VERTEX_POINT('',#7590);
#7590 = CARTESIAN_POINT('',(-0.152801124752,20.882820382787,0.));
#7591 = VERTEX_POINT('',#7592);
#7592 = CARTESIAN_POINT('',(-0.152801124752,20.882820382787,0.33));
#7593 = SURFACE_CURVE('',#7594,(#7598,#7605),.PCURVE_S1.);
#7594 = LINE('',#7595,#7596);
#7595 = CARTESIAN_POINT('',(-0.152801124752,20.882820382787,0.));
#7596 = VECTOR('',#7597,1.);
#7597 = DIRECTION('',(0.,-0.,1.));
#7598 = PCURVE('',#7491,#7599);
#7599 = DEFINITIONAL_REPRESENTATION('',(#7600),#7604);
#7600 = LINE('',#7601,#7602);
#7601 = CARTESIAN_POINT('',(0.,0.));
#7602 = VECTOR('',#7603,1.);
#7603 = DIRECTION('',(0.,-1.));
#7604 = ( GEOMETRIC_REPRESENTATION_CONTEXT(2) 
PARAMETRIC_REPRESENTATION_CONTEXT() REPRESENTATION_CONTEXT('2D SPACE',''
  ) );
#7605 = PCURVE('',#7606,#7611);
#7606 = PLANE('',#7607);
#7607 = AXIS2_PLACEMENT_3D('',#7608,#7609,#7610);
#7608 = CARTESIAN_POINT('',(-0.152801124752,23.684174336576,0.));
#7609 = DIRECTION('',(1.,0.,0.));
#7610 = DIRECTION('',(0.,-1.,0.));
#7611 = DEFINITIONAL_REPRESENTATION('',(#7612),#7616);
#7612 = LINE('',#7613,#7614);
#7613 = CARTESIAN_POINT('',(2.801353953789,0.));
#7614 = VECTOR('',#7615,1.);
#7615 = DIRECTION('',(0.,-1.));
#7616 = ( GEOMETRIC_REPRESENTATION_CONTEXT(2) 
PARAMETRIC_REPRESENTATION_CONTEXT() REPRESENTATION_CONTEXT('2D SPACE',''
  ) );
#7617 = ORIENTED_EDGE('',*,*,#7618,.T.);
#7618 = EDGE_CURVE('',#7591,#7471,#7619,.T.);
#7619 = SURFACE_CURVE('',#7620,(#7624,#7631),.PCURVE_S1.);
#7620 = LINE('',#7621,#7622);
#7621 = CARTESIAN_POINT('',(-0.152801124752,20.882820382787,0.33));
#7622 = VECTOR('',#7623,1.);
#7623 = DIRECTION('',(-1.,0.,0.));
#7624 = PCURVE('',#7491,#7625);
#7625 = DEFINITIONAL_REPRESENTATION('',(#7626),#7630);
#7626 = LINE('',#7627,#7628);
#7627 = CARTESIAN_POINT('',(0.,-0.33));
#7628 = VECTOR('',#7629,1.);
#7629 = DIRECTION('',(1.,0.));
#7630 = ( GEOMETRIC_REPRESENTATION_CONTEXT(2) 
PARAMETRIC_REPRESENTATION_CONTEXT() REPRESENTATION_CONTEXT('2D SPACE',''
  ) );
#7631 = PCURVE('',#7632,#7637);
#7632 = PLANE('',#7633);
#7633 = AXIS2_PLACEMENT_3D('',#7634,#7635,#7636);
#7634 = CARTESIAN_POINT('',(-0.152801124752,20.942820382787,0.39));
#7635 = DIRECTION('',(1.734973258174E-18,0.707106781187,-0.707106781187)
  );
#7636 = DIRECTION('',(-1.,1.226811356032E-18,-1.226811356032E-18));
#7637 = DEFINITIONAL_REPRESENTATION('',(#7638),#7642);
#7638 = LINE('',#7639,#7640);
#7639 = CARTESIAN_POINT('',(0.,-8.485281374238E-02));
#7640 = VECTOR('',#7641,1.);
#7641 = DIRECTION('',(1.,0.));
#7642 = ( GEOMETRIC_REPRESENTATION_CONTEXT(2) 
PARAMETRIC_REPRESENTATION_CONTEXT() REPRESENTATION_CONTEXT('2D SPACE',''
  ) );
#7643 = ORIENTED_EDGE('',*,*,#7468,.F.);
#7644 = ORIENTED_EDGE('',*,*,#7645,.F.);
#7645 = EDGE_CURVE('',#7589,#7469,#7646,.T.);
#7646 = SURFACE_CURVE('',#7647,(#7651,#7658),.PCURVE_S1.);
#7647 = LINE('',#7648,#7649);
#7648 = CARTESIAN_POINT('',(-0.152801124752,20.882820382787,0.));
#7649 = VECTOR('',#7650,1.);
#7650 = DIRECTION('',(-1.,0.,0.));
#7651 = PCURVE('',#7491,#7652);
#7652 = DEFINITIONAL_REPRESENTATION('',(#7653),#7657);
#7653 = LINE('',#7654,#7655);
#7654 = CARTESIAN_POINT('',(0.,0.));
#7655 = VECTOR('',#7656,1.);
#7656 = DIRECTION('',(1.,0.));
#7657 = ( GEOMETRIC_REPRESENTATION_CONTEXT(2) 
PARAMETRIC_REPRESENTATION_CONTEXT() REPRESENTATION_CONTEXT('2D SPACE',''
  ) );
#7658 = PCURVE('',#7573,#7659);
#7659 = DEFINITIONAL_REPRESENTATION('',(#7660),#7664);
#7660 = LINE('',#7661,#7662);
#7661 = CARTESIAN_POINT('',(-0.373513860505,-1.400676976894));
#7662 = VECTOR('',#7663,1.);
#7663 = DIRECTION('',(1.,0.));
#7664 = ( GEOMETRIC_REPRESENTATION_CONTEXT(2) 
PARAMETRIC_REPRESENTATION_CONTEXT() REPRESENTATION_CONTEXT('2D SPACE',''
  ) );
#7665 = ADVANCED_FACE('',(#7666),#7519,.F.);
#7666 = FACE_BOUND('',#7667,.F.);
#7667 = EDGE_LOOP('',(#7668,#7691,#7692,#7720));
#7668 = ORIENTED_EDGE('',*,*,#7669,.F.);
#7669 = EDGE_CURVE('',#7471,#7670,#7672,.T.);
#7670 = VERTEX_POINT('',#7671);
#7671 = CARTESIAN_POINT('',(-0.779828845762,21.002820382787,0.45));
#7672 = SURFACE_CURVE('',#7673,(#7677,#7684),.PCURVE_S1.);
#7673 = LINE('',#7674,#7675);
#7674 = CARTESIAN_POINT('',(-0.735324225594,21.047325002956,
    0.494504620168));
#7675 = VECTOR('',#7676,1.);
#7676 = DIRECTION('',(0.57735026919,0.57735026919,0.57735026919));
#7677 = PCURVE('',#7519,#7678);
#7678 = DEFINITIONAL_REPRESENTATION('',(#7679),#7683);
#7679 = LINE('',#7680,#7681);
#7680 = CARTESIAN_POINT('',(0.164504620168,0.147791851173));
#7681 = VECTOR('',#7682,1.);
#7682 = DIRECTION('',(0.57735026919,0.816496580928));
#7683 = ( GEOMETRIC_REPRESENTATION_CONTEXT(2) 
PARAMETRIC_REPRESENTATION_CONTEXT() REPRESENTATION_CONTEXT('2D SPACE',''
  ) );
#7684 = PCURVE('',#7632,#7685);
#7685 = DEFINITIONAL_REPRESENTATION('',(#7686),#7690);
#7686 = LINE('',#7687,#7688);
#7687 = CARTESIAN_POINT('',(0.582523100842,0.147791851173));
#7688 = VECTOR('',#7689,1.);
#7689 = DIRECTION('',(-0.57735026919,0.816496580928));
#7690 = ( GEOMETRIC_REPRESENTATION_CONTEXT(2) 
PARAMETRIC_REPRESENTATION_CONTEXT() REPRESENTATION_CONTEXT('2D SPACE',''
  ) );
#7691 = ORIENTED_EDGE('',*,*,#7503,.T.);
#7692 = ORIENTED_EDGE('',*,*,#7693,.T.);
#7693 = EDGE_CURVE('',#7504,#7694,#7696,.T.);
#7694 = VERTEX_POINT('',#7695);
#7695 = CARTESIAN_POINT('',(-0.779828845762,23.564174336576,0.45));
#7696 = SURFACE_CURVE('',#7697,(#7701,#7708),.PCURVE_S1.);
#7697 = LINE('',#7698,#7699);
#7698 = CARTESIAN_POINT('',(-0.392936520131,23.177282010944,
    0.836892325631));
#7699 = VECTOR('',#7700,1.);
#7700 = DIRECTION('',(0.57735026919,-0.57735026919,0.57735026919));
#7701 = PCURVE('',#7519,#7702);
#7702 = DEFINITIONAL_REPRESENTATION('',(#7703),#7707);
#7703 = LINE('',#7704,#7705);
#7704 = CARTESIAN_POINT('',(2.294461628157,0.632001187828));
#7705 = VECTOR('',#7706,1.);
#7706 = DIRECTION('',(-0.57735026919,0.816496580928));
#7707 = ( GEOMETRIC_REPRESENTATION_CONTEXT(2) 
PARAMETRIC_REPRESENTATION_CONTEXT() REPRESENTATION_CONTEXT('2D SPACE',''
  ) );
#7708 = PCURVE('',#7709,#7714);
#7709 = PLANE('',#7710);
#7710 = AXIS2_PLACEMENT_3D('',#7711,#7712,#7713);
#7711 = CARTESIAN_POINT('',(-0.899828845762,23.624174336576,0.39));
#7712 = DIRECTION('',(0.,-0.707106781187,-0.707106781187));
#7713 = DIRECTION('',(1.,0.,0.));
#7714 = DEFINITIONAL_REPRESENTATION('',(#7715),#7719);
#7715 = LINE('',#7716,#7717);
#7716 = CARTESIAN_POINT('',(0.506892325631,0.632001187828));
#7717 = VECTOR('',#7718,1.);
#7718 = DIRECTION('',(0.57735026919,0.816496580928));
#7719 = ( GEOMETRIC_REPRESENTATION_CONTEXT(2) 
PARAMETRIC_REPRESENTATION_CONTEXT() REPRESENTATION_CONTEXT('2D SPACE',''
  ) );
#7720 = ORIENTED_EDGE('',*,*,#7721,.F.);
#7721 = EDGE_CURVE('',#7670,#7694,#7722,.T.);
#7722 = SURFACE_CURVE('',#7723,(#7727,#7734),.PCURVE_S1.);
#7723 = LINE('',#7724,#7725);
#7724 = CARTESIAN_POINT('',(-0.779828845762,20.882820382787,0.45));
#7725 = VECTOR('',#7726,1.);
#7726 = DIRECTION('',(0.,1.,0.));
#7727 = PCURVE('',#7519,#7728);
#7728 = DEFINITIONAL_REPRESENTATION('',(#7729),#7733);
#7729 = LINE('',#7730,#7731);
#7730 = CARTESIAN_POINT('',(0.,8.485281374239E-02));
#7731 = VECTOR('',#7732,1.);
#7732 = DIRECTION('',(1.,0.));
#7733 = ( GEOMETRIC_REPRESENTATION_CONTEXT(2) 
PARAMETRIC_REPRESENTATION_CONTEXT() REPRESENTATION_CONTEXT('2D SPACE',''
  ) );
#7734 = PCURVE('',#7735,#7740);
#7735 = PLANE('',#7736);
#7736 = AXIS2_PLACEMENT_3D('',#7737,#7738,#7739);
#7737 = CARTESIAN_POINT('',(-0.526314985257,22.283497359681,0.45));
#7738 = DIRECTION('',(-0.,-0.,-1.));
#7739 = DIRECTION('',(-1.,0.,0.));
#7740 = DEFINITIONAL_REPRESENTATION('',(#7741),#7745);
#7741 = LINE('',#7742,#7743);
#7742 = CARTESIAN_POINT('',(0.253513860505,-1.400676976894));
#7743 = VECTOR('',#7744,1.);
#7744 = DIRECTION('',(0.,1.));
#7745 = ( GEOMETRIC_REPRESENTATION_CONTEXT(2) 
PARAMETRIC_REPRESENTATION_CONTEXT() REPRESENTATION_CONTEXT('2D SPACE',''
  ) );
#7746 = ADVANCED_FACE('',(#7747),#7573,.T.);
#7747 = FACE_BOUND('',#7748,.T.);
#7748 = EDGE_LOOP('',(#7749,#7750,#7773,#7794));
#7749 = ORIENTED_EDGE('',*,*,#7559,.T.);
#7750 = ORIENTED_EDGE('',*,*,#7751,.T.);
#7751 = EDGE_CURVE('',#7532,#7752,#7754,.T.);
#7752 = VERTEX_POINT('',#7753);
#7753 = CARTESIAN_POINT('',(-0.152801124752,23.684174336576,0.));
#7754 = SURFACE_CURVE('',#7755,(#7759,#7766),.PCURVE_S1.);
#7755 = LINE('',#7756,#7757);
#7756 = CARTESIAN_POINT('',(-0.899828845762,23.684174336576,0.));
#7757 = VECTOR('',#7758,1.);
#7758 = DIRECTION('',(1.,0.,0.));
#7759 = PCURVE('',#7573,#7760);
#7760 = DEFINITIONAL_REPRESENTATION('',(#7761),#7765);
#7761 = LINE('',#7762,#7763);
#7762 = CARTESIAN_POINT('',(0.373513860505,1.400676976894));
#7763 = VECTOR('',#7764,1.);
#7764 = DIRECTION('',(-1.,0.));
#7765 = ( GEOMETRIC_REPRESENTATION_CONTEXT(2) 
PARAMETRIC_REPRESENTATION_CONTEXT() REPRESENTATION_CONTEXT('2D SPACE',''
  ) );
#7766 = PCURVE('',#7547,#7767);
#7767 = DEFINITIONAL_REPRESENTATION('',(#7768),#7772);
#7768 = LINE('',#7769,#7770);
#7769 = CARTESIAN_POINT('',(0.,0.));
#7770 = VECTOR('',#7771,1.);
#7771 = DIRECTION('',(1.,0.));
#7772 = ( GEOMETRIC_REPRESENTATION_CONTEXT(2) 
PARAMETRIC_REPRESENTATION_CONTEXT() REPRESENTATION_CONTEXT('2D SPACE',''
  ) );
#7773 = ORIENTED_EDGE('',*,*,#7774,.T.);
#7774 = EDGE_CURVE('',#7752,#7589,#7775,.T.);
#7775 = SURFACE_CURVE('',#7776,(#7780,#7787),.PCURVE_S1.);
#7776 = LINE('',#7777,#7778);
#7777 = CARTESIAN_POINT('',(-0.152801124752,23.684174336576,0.));
#7778 = VECTOR('',#7779,1.);
#7779 = DIRECTION('',(0.,-1.,0.));
#7780 = PCURVE('',#7573,#7781);
#7781 = DEFINITIONAL_REPRESENTATION('',(#7782),#7786);
#7782 = LINE('',#7783,#7784);
#7783 = CARTESIAN_POINT('',(-0.373513860505,1.400676976894));
#7784 = VECTOR('',#7785,1.);
#7785 = DIRECTION('',(0.,-1.));
#7786 = ( GEOMETRIC_REPRESENTATION_CONTEXT(2) 
PARAMETRIC_REPRESENTATION_CONTEXT() REPRESENTATION_CONTEXT('2D SPACE',''
  ) );
#7787 = PCURVE('',#7606,#7788);
#7788 = DEFINITIONAL_REPRESENTATION('',(#7789),#7793);
#7789 = LINE('',#7790,#7791);
#7790 = CARTESIAN_POINT('',(0.,0.));
#7791 = VECTOR('',#7792,1.);
#7792 = DIRECTION('',(1.,0.));
#7793 = ( GEOMETRIC_REPRESENTATION_CONTEXT(2) 
PARAMETRIC_REPRESENTATION_CONTEXT() REPRESENTATION_CONTEXT('2D SPACE',''
  ) );
#7794 = ORIENTED_EDGE('',*,*,#7645,.T.);
#7795 = ADVANCED_FACE('',(#7796),#7547,.T.);
#7796 = FACE_BOUND('',#7797,.T.);
#7797 = EDGE_LOOP('',(#7798,#7799,#7822,#7843));
#7798 = ORIENTED_EDGE('',*,*,#7531,.T.);
#7799 = ORIENTED_EDGE('',*,*,#7800,.T.);
#7800 = EDGE_CURVE('',#7504,#7801,#7803,.T.);
#7801 = VERTEX_POINT('',#7802);
#7802 = CARTESIAN_POINT('',(-0.152801124752,23.684174336576,0.33));
#7803 = SURFACE_CURVE('',#7804,(#7808,#7815),.PCURVE_S1.);
#7804 = LINE('',#7805,#7806);
#7805 = CARTESIAN_POINT('',(-0.899828845762,23.684174336576,0.33));
#7806 = VECTOR('',#7807,1.);
#7807 = DIRECTION('',(1.,0.,0.));
#7808 = PCURVE('',#7547,#7809);
#7809 = DEFINITIONAL_REPRESENTATION('',(#7810),#7814);
#7810 = LINE('',#7811,#7812);
#7811 = CARTESIAN_POINT('',(0.,-0.33));
#7812 = VECTOR('',#7813,1.);
#7813 = DIRECTION('',(1.,0.));
#7814 = ( GEOMETRIC_REPRESENTATION_CONTEXT(2) 
PARAMETRIC_REPRESENTATION_CONTEXT() REPRESENTATION_CONTEXT('2D SPACE',''
  ) );
#7815 = PCURVE('',#7709,#7816);
#7816 = DEFINITIONAL_REPRESENTATION('',(#7817),#7821);
#7817 = LINE('',#7818,#7819);
#7818 = CARTESIAN_POINT('',(0.,-8.485281374239E-02));
#7819 = VECTOR('',#7820,1.);
#7820 = DIRECTION('',(1.,0.));
#7821 = ( GEOMETRIC_REPRESENTATION_CONTEXT(2) 
PARAMETRIC_REPRESENTATION_CONTEXT() REPRESENTATION_CONTEXT('2D SPACE',''
  ) );
#7822 = ORIENTED_EDGE('',*,*,#7823,.F.);
#7823 = EDGE_CURVE('',#7752,#7801,#7824,.T.);
#7824 = SURFACE_CURVE('',#7825,(#7829,#7836),.PCURVE_S1.);
#7825 = LINE('',#7826,#7827);
#7826 = CARTESIAN_POINT('',(-0.152801124752,23.684174336576,0.));
#7827 = VECTOR('',#7828,1.);
#7828 = DIRECTION('',(0.,-0.,1.));
#7829 = PCURVE('',#7547,#7830);
#7830 = DEFINITIONAL_REPRESENTATION('',(#7831),#7835);
#7831 = LINE('',#7832,#7833);
#7832 = CARTESIAN_POINT('',(0.74702772101,0.));
#7833 = VECTOR('',#7834,1.);
#7834 = DIRECTION('',(0.,-1.));
#7835 = ( GEOMETRIC_REPRESENTATION_CONTEXT(2) 
PARAMETRIC_REPRESENTATION_CONTEXT() REPRESENTATION_CONTEXT('2D SPACE',''
  ) );
#7836 = PCURVE('',#7606,#7837);
#7837 = DEFINITIONAL_REPRESENTATION('',(#7838),#7842);
#7838 = LINE('',#7839,#7840);
#7839 = CARTESIAN_POINT('',(0.,0.));
#7840 = VECTOR('',#7841,1.);
#7841 = DIRECTION('',(0.,-1.));
#7842 = ( GEOMETRIC_REPRESENTATION_CONTEXT(2) 
PARAMETRIC_REPRESENTATION_CONTEXT() REPRESENTATION_CONTEXT('2D SPACE',''
  ) );
#7843 = ORIENTED_EDGE('',*,*,#7751,.F.);
#7844 = ADVANCED_FACE('',(#7845),#7606,.T.);
#7845 = FACE_BOUND('',#7846,.T.);
#7846 = EDGE_LOOP('',(#7847,#7848,#7874,#7875));
#7847 = ORIENTED_EDGE('',*,*,#7823,.T.);
#7848 = ORIENTED_EDGE('',*,*,#7849,.T.);
#7849 = EDGE_CURVE('',#7801,#7591,#7850,.T.);
#7850 = SURFACE_CURVE('',#7851,(#7855,#7862),.PCURVE_S1.);
#7851 = LINE('',#7852,#7853);
#7852 = CARTESIAN_POINT('',(-0.152801124752,23.684174336576,0.33));
#7853 = VECTOR('',#7854,1.);
#7854 = DIRECTION('',(0.,-1.,0.));
#7855 = PCURVE('',#7606,#7856);
#7856 = DEFINITIONAL_REPRESENTATION('',(#7857),#7861);
#7857 = LINE('',#7858,#7859);
#7858 = CARTESIAN_POINT('',(0.,-0.33));
#7859 = VECTOR('',#7860,1.);
#7860 = DIRECTION('',(1.,0.));
#7861 = ( GEOMETRIC_REPRESENTATION_CONTEXT(2) 
PARAMETRIC_REPRESENTATION_CONTEXT() REPRESENTATION_CONTEXT('2D SPACE',''
  ) );
#7862 = PCURVE('',#7863,#7868);
#7863 = PLANE('',#7864);
#7864 = AXIS2_PLACEMENT_3D('',#7865,#7866,#7867);
#7865 = CARTESIAN_POINT('',(-0.212801124752,23.684174336576,0.39));
#7866 = DIRECTION('',(-0.707106781187,0.,-0.707106781187));
#7867 = DIRECTION('',(0.,-1.,-0.));
#7868 = DEFINITIONAL_REPRESENTATION('',(#7869),#7873);
#7869 = LINE('',#7870,#7871);
#7870 = CARTESIAN_POINT('',(0.,-8.485281374239E-02));
#7871 = VECTOR('',#7872,1.);
#7872 = DIRECTION('',(1.,0.));
#7873 = ( GEOMETRIC_REPRESENTATION_CONTEXT(2) 
PARAMETRIC_REPRESENTATION_CONTEXT() REPRESENTATION_CONTEXT('2D SPACE',''
  ) );
#7874 = ORIENTED_EDGE('',*,*,#7588,.F.);
#7875 = ORIENTED_EDGE('',*,*,#7774,.F.);
#7876 = ADVANCED_FACE('',(#7877),#7632,.F.);
#7877 = FACE_BOUND('',#7878,.F.);
#7878 = EDGE_LOOP('',(#7879,#7902,#7903,#7904));
#7879 = ORIENTED_EDGE('',*,*,#7880,.F.);
#7880 = EDGE_CURVE('',#7591,#7881,#7883,.T.);
#7881 = VERTEX_POINT('',#7882);
#7882 = CARTESIAN_POINT('',(-0.272801124752,21.002820382787,0.45));
#7883 = SURFACE_CURVE('',#7884,(#7888,#7895),.PCURVE_S1.);
#7884 = LINE('',#7885,#7886);
#7885 = CARTESIAN_POINT('',(-0.659693450384,21.389712708419,
    0.836892325631));
#7886 = VECTOR('',#7887,1.);
#7887 = DIRECTION('',(-0.57735026919,0.57735026919,0.57735026919));
#7888 = PCURVE('',#7632,#7889);
#7889 = DEFINITIONAL_REPRESENTATION('',(#7890),#7894);
#7890 = LINE('',#7891,#7892);
#7891 = CARTESIAN_POINT('',(0.506892325631,0.632001187828));
#7892 = VECTOR('',#7893,1.);
#7893 = DIRECTION('',(0.57735026919,0.816496580928));
#7894 = ( GEOMETRIC_REPRESENTATION_CONTEXT(2) 
PARAMETRIC_REPRESENTATION_CONTEXT() REPRESENTATION_CONTEXT('2D SPACE',''
  ) );
#7895 = PCURVE('',#7863,#7896);
#7896 = DEFINITIONAL_REPRESENTATION('',(#7897),#7901);
#7897 = LINE('',#7898,#7899);
#7898 = CARTESIAN_POINT('',(2.294461628157,0.632001187828));
#7899 = VECTOR('',#7900,1.);
#7900 = DIRECTION('',(-0.57735026919,0.816496580928));
#7901 = ( GEOMETRIC_REPRESENTATION_CONTEXT(2) 
PARAMETRIC_REPRESENTATION_CONTEXT() REPRESENTATION_CONTEXT('2D SPACE',''
  ) );
#7902 = ORIENTED_EDGE('',*,*,#7618,.T.);
#7903 = ORIENTED_EDGE('',*,*,#7669,.T.);
#7904 = ORIENTED_EDGE('',*,*,#7905,.F.);
#7905 = EDGE_CURVE('',#7881,#7670,#7906,.T.);
#7906 = SURFACE_CURVE('',#7907,(#7911,#7918),.PCURVE_S1.);
#7907 = LINE('',#7908,#7909);
#7908 = CARTESIAN_POINT('',(-0.152801124752,21.002820382787,0.45));
#7909 = VECTOR('',#7910,1.);
#7910 = DIRECTION('',(-1.,0.,0.));
#7911 = PCURVE('',#7632,#7912);
#7912 = DEFINITIONAL_REPRESENTATION('',(#7913),#7917);
#7913 = LINE('',#7914,#7915);
#7914 = CARTESIAN_POINT('',(0.,8.485281374239E-02));
#7915 = VECTOR('',#7916,1.);
#7916 = DIRECTION('',(1.,0.));
#7917 = ( GEOMETRIC_REPRESENTATION_CONTEXT(2) 
PARAMETRIC_REPRESENTATION_CONTEXT() REPRESENTATION_CONTEXT('2D SPACE',''
  ) );
#7918 = PCURVE('',#7735,#7919);
#7919 = DEFINITIONAL_REPRESENTATION('',(#7920),#7924);
#7920 = LINE('',#7921,#7922);
#7921 = CARTESIAN_POINT('',(-0.373513860505,-1.280676976894));
#7922 = VECTOR('',#7923,1.);
#7923 = DIRECTION('',(1.,0.));
#7924 = ( GEOMETRIC_REPRESENTATION_CONTEXT(2) 
PARAMETRIC_REPRESENTATION_CONTEXT() REPRESENTATION_CONTEXT('2D SPACE',''
  ) );
#7925 = ADVANCED_FACE('',(#7926),#7735,.F.);
#7926 = FACE_BOUND('',#7927,.F.);
#7927 = EDGE_LOOP('',(#7928,#7929,#7952,#7973));
#7928 = ORIENTED_EDGE('',*,*,#7721,.T.);
#7929 = ORIENTED_EDGE('',*,*,#7930,.T.);
#7930 = EDGE_CURVE('',#7694,#7931,#7933,.T.);
#7931 = VERTEX_POINT('',#7932);
#7932 = CARTESIAN_POINT('',(-0.272801124752,23.564174336576,0.45));
#7933 = SURFACE_CURVE('',#7934,(#7938,#7945),.PCURVE_S1.);
#7934 = LINE('',#7935,#7936);
#7935 = CARTESIAN_POINT('',(-0.899828845762,23.564174336576,0.45));
#7936 = VECTOR('',#7937,1.);
#7937 = DIRECTION('',(1.,0.,0.));
#7938 = PCURVE('',#7735,#7939);
#7939 = DEFINITIONAL_REPRESENTATION('',(#7940),#7944);
#7940 = LINE('',#7941,#7942);
#7941 = CARTESIAN_POINT('',(0.373513860505,1.280676976894));
#7942 = VECTOR('',#7943,1.);
#7943 = DIRECTION('',(-1.,0.));
#7944 = ( GEOMETRIC_REPRESENTATION_CONTEXT(2) 
PARAMETRIC_REPRESENTATION_CONTEXT() REPRESENTATION_CONTEXT('2D SPACE',''
  ) );
#7945 = PCURVE('',#7709,#7946);
#7946 = DEFINITIONAL_REPRESENTATION('',(#7947),#7951);
#7947 = LINE('',#7948,#7949);
#7948 = CARTESIAN_POINT('',(0.,8.485281374238E-02));
#7949 = VECTOR('',#7950,1.);
#7950 = DIRECTION('',(1.,0.));
#7951 = ( GEOMETRIC_REPRESENTATION_CONTEXT(2) 
PARAMETRIC_REPRESENTATION_CONTEXT() REPRESENTATION_CONTEXT('2D SPACE',''
  ) );
#7952 = ORIENTED_EDGE('',*,*,#7953,.T.);
#7953 = EDGE_CURVE('',#7931,#7881,#7954,.T.);
#7954 = SURFACE_CURVE('',#7955,(#7959,#7966),.PCURVE_S1.);
#7955 = LINE('',#7956,#7957);
#7956 = CARTESIAN_POINT('',(-0.272801124752,23.684174336576,0.45));
#7957 = VECTOR('',#7958,1.);
#7958 = DIRECTION('',(0.,-1.,0.));
#7959 = PCURVE('',#7735,#7960);
#7960 = DEFINITIONAL_REPRESENTATION('',(#7961),#7965);
#7961 = LINE('',#7962,#7963);
#7962 = CARTESIAN_POINT('',(-0.253513860505,1.400676976894));
#7963 = VECTOR('',#7964,1.);
#7964 = DIRECTION('',(0.,-1.));
#7965 = ( GEOMETRIC_REPRESENTATION_CONTEXT(2) 
PARAMETRIC_REPRESENTATION_CONTEXT() REPRESENTATION_CONTEXT('2D SPACE',''
  ) );
#7966 = PCURVE('',#7863,#7967);
#7967 = DEFINITIONAL_REPRESENTATION('',(#7968),#7972);
#7968 = LINE('',#7969,#7970);
#7969 = CARTESIAN_POINT('',(0.,8.485281374239E-02));
#7970 = VECTOR('',#7971,1.);
#7971 = DIRECTION('',(1.,0.));
#7972 = ( GEOMETRIC_REPRESENTATION_CONTEXT(2) 
PARAMETRIC_REPRESENTATION_CONTEXT() REPRESENTATION_CONTEXT('2D SPACE',''
  ) );
#7973 = ORIENTED_EDGE('',*,*,#7905,.T.);
#7974 = ADVANCED_FACE('',(#7975),#7709,.F.);
#7975 = FACE_BOUND('',#7976,.F.);
#7976 = EDGE_LOOP('',(#7977,#7978,#7979,#8000));
#7977 = ORIENTED_EDGE('',*,*,#7693,.F.);
#7978 = ORIENTED_EDGE('',*,*,#7800,.T.);
#7979 = ORIENTED_EDGE('',*,*,#7980,.T.);
#7980 = EDGE_CURVE('',#7801,#7931,#7981,.T.);
#7981 = SURFACE_CURVE('',#7982,(#7986,#7993),.PCURVE_S1.);
#7982 = LINE('',#7983,#7984);
#7983 = CARTESIAN_POINT('',(-0.31730574492,23.519669716407,
    0.494504620168));
#7984 = VECTOR('',#7985,1.);
#7985 = DIRECTION('',(-0.57735026919,-0.57735026919,0.57735026919));
#7986 = PCURVE('',#7709,#7987);
#7987 = DEFINITIONAL_REPRESENTATION('',(#7988),#7992);
#7988 = LINE('',#7989,#7990);
#7989 = CARTESIAN_POINT('',(0.582523100842,0.147791851173));
#7990 = VECTOR('',#7991,1.);
#7991 = DIRECTION('',(-0.57735026919,0.816496580928));
#7992 = ( GEOMETRIC_REPRESENTATION_CONTEXT(2) 
PARAMETRIC_REPRESENTATION_CONTEXT() REPRESENTATION_CONTEXT('2D SPACE',''
  ) );
#7993 = PCURVE('',#7863,#7994);
#7994 = DEFINITIONAL_REPRESENTATION('',(#7995),#7999);
#7995 = LINE('',#7996,#7997);
#7996 = CARTESIAN_POINT('',(0.164504620168,0.147791851173));
#7997 = VECTOR('',#7998,1.);
#7998 = DIRECTION('',(0.57735026919,0.816496580928));
#7999 = ( GEOMETRIC_REPRESENTATION_CONTEXT(2) 
PARAMETRIC_REPRESENTATION_CONTEXT() REPRESENTATION_CONTEXT('2D SPACE',''
  ) );
#8000 = ORIENTED_EDGE('',*,*,#7930,.F.);
#8001 = ADVANCED_FACE('',(#8002),#7863,.F.);
#8002 = FACE_BOUND('',#8003,.F.);
#8003 = EDGE_LOOP('',(#8004,#8005,#8006,#8007));
#8004 = ORIENTED_EDGE('',*,*,#7980,.F.);
#8005 = ORIENTED_EDGE('',*,*,#7849,.T.);
#8006 = ORIENTED_EDGE('',*,*,#7880,.T.);
#8007 = ORIENTED_EDGE('',*,*,#7953,.F.);
#8008 = MANIFOLD_SOLID_BREP('',#8009);
#8009 = CLOSED_SHELL('',(#8010,#8130,#8211,#8292,#8341,#8390,#8422,#8471
    ,#8520,#8547));
#8010 = ADVANCED_FACE('',(#8011),#8025,.T.);
#8011 = FACE_BOUND('',#8012,.T.);
#8012 = EDGE_LOOP('',(#8013,#8048,#8076,#8104));
#8013 = ORIENTED_EDGE('',*,*,#8014,.T.);
#8014 = EDGE_CURVE('',#8015,#8017,#8019,.T.);
#8015 = VERTEX_POINT('',#8016);
#8016 = CARTESIAN_POINT('',(0.152801124752,20.882820382787,0.));
#8017 = VERTEX_POINT('',#8018);
#8018 = CARTESIAN_POINT('',(0.152801124752,20.882820382787,0.33));
#8019 = SURFACE_CURVE('',#8020,(#8024,#8036),.PCURVE_S1.);
#8020 = LINE('',#8021,#8022);
#8021 = CARTESIAN_POINT('',(0.152801124752,20.882820382787,0.));
#8022 = VECTOR('',#8023,1.);
#8023 = DIRECTION('',(0.,-0.,1.));
#8024 = PCURVE('',#8025,#8030);
#8025 = PLANE('',#8026);
#8026 = AXIS2_PLACEMENT_3D('',#8027,#8028,#8029);
#8027 = CARTESIAN_POINT('',(0.152801124752,20.882820382787,0.));
#8028 = DIRECTION('',(-1.,0.,0.));
#8029 = DIRECTION('',(0.,1.,0.));
#8030 = DEFINITIONAL_REPRESENTATION('',(#8031),#8035);
#8031 = LINE('',#8032,#8033);
#8032 = CARTESIAN_POINT('',(0.,0.));
#8033 = VECTOR('',#8034,1.);
#8034 = DIRECTION('',(0.,-1.));
#8035 = ( GEOMETRIC_REPRESENTATION_CONTEXT(2) 
PARAMETRIC_REPRESENTATION_CONTEXT() REPRESENTATION_CONTEXT('2D SPACE',''
  ) );
#8036 = PCURVE('',#8037,#8042);
#8037 = PLANE('',#8038);
#8038 = AXIS2_PLACEMENT_3D('',#8039,#8040,#8041);
#8039 = CARTESIAN_POINT('',(0.899828845762,20.882820382787,0.));
#8040 = DIRECTION('',(-0.,-1.,0.));
#8041 = DIRECTION('',(-1.,0.,0.));
#8042 = DEFINITIONAL_REPRESENTATION('',(#8043),#8047);
#8043 = LINE('',#8044,#8045);
#8044 = CARTESIAN_POINT('',(0.74702772101,0.));
#8045 = VECTOR('',#8046,1.);
#8046 = DIRECTION('',(0.,-1.));
#8047 = ( GEOMETRIC_REPRESENTATION_CONTEXT(2) 
PARAMETRIC_REPRESENTATION_CONTEXT() REPRESENTATION_CONTEXT('2D SPACE',''
  ) );
#8048 = ORIENTED_EDGE('',*,*,#8049,.T.);
#8049 = EDGE_CURVE('',#8017,#8050,#8052,.T.);
#8050 = VERTEX_POINT('',#8051);
#8051 = CARTESIAN_POINT('',(0.152801124752,23.684174336576,0.33));
#8052 = SURFACE_CURVE('',#8053,(#8057,#8064),.PCURVE_S1.);
#8053 = LINE('',#8054,#8055);
#8054 = CARTESIAN_POINT('',(0.152801124752,20.882820382787,0.33));
#8055 = VECTOR('',#8056,1.);
#8056 = DIRECTION('',(0.,1.,0.));
#8057 = PCURVE('',#8025,#8058);
#8058 = DEFINITIONAL_REPRESENTATION('',(#8059),#8063);
#8059 = LINE('',#8060,#8061);
#8060 = CARTESIAN_POINT('',(0.,-0.33));
#8061 = VECTOR('',#8062,1.);
#8062 = DIRECTION('',(1.,0.));
#8063 = ( GEOMETRIC_REPRESENTATION_CONTEXT(2) 
PARAMETRIC_REPRESENTATION_CONTEXT() REPRESENTATION_CONTEXT('2D SPACE',''
  ) );
#8064 = PCURVE('',#8065,#8070);
#8065 = PLANE('',#8066);
#8066 = AXIS2_PLACEMENT_3D('',#8067,#8068,#8069);
#8067 = CARTESIAN_POINT('',(0.212801124752,20.882820382787,0.39));
#8068 = DIRECTION('',(0.707106781187,0.,-0.707106781187));
#8069 = DIRECTION('',(0.,1.,0.));
#8070 = DEFINITIONAL_REPRESENTATION('',(#8071),#8075);
#8071 = LINE('',#8072,#8073);
#8072 = CARTESIAN_POINT('',(0.,-8.485281374239E-02));
#8073 = VECTOR('',#8074,1.);
#8074 = DIRECTION('',(1.,0.));
#8075 = ( GEOMETRIC_REPRESENTATION_CONTEXT(2) 
PARAMETRIC_REPRESENTATION_CONTEXT() REPRESENTATION_CONTEXT('2D SPACE',''
  ) );
#8076 = ORIENTED_EDGE('',*,*,#8077,.F.);
#8077 = EDGE_CURVE('',#8078,#8050,#8080,.T.);
#8078 = VERTEX_POINT('',#8079);
#8079 = CARTESIAN_POINT('',(0.152801124752,23.684174336576,0.));
#8080 = SURFACE_CURVE('',#8081,(#8085,#8092),.PCURVE_S1.);
#8081 = LINE('',#8082,#8083);
#8082 = CARTESIAN_POINT('',(0.152801124752,23.684174336576,0.));
#8083 = VECTOR('',#8084,1.);
#8084 = DIRECTION('',(0.,-0.,1.));
#8085 = PCURVE('',#8025,#8086);
#8086 = DEFINITIONAL_REPRESENTATION('',(#8087),#8091);
#8087 = LINE('',#8088,#8089);
#8088 = CARTESIAN_POINT('',(2.801353953789,0.));
#8089 = VECTOR('',#8090,1.);
#8090 = DIRECTION('',(0.,-1.));
#8091 = ( GEOMETRIC_REPRESENTATION_CONTEXT(2) 
PARAMETRIC_REPRESENTATION_CONTEXT() REPRESENTATION_CONTEXT('2D SPACE',''
  ) );
#8092 = PCURVE('',#8093,#8098);
#8093 = PLANE('',#8094);
#8094 = AXIS2_PLACEMENT_3D('',#8095,#8096,#8097);
#8095 = CARTESIAN_POINT('',(0.152801124752,23.684174336576,0.));
#8096 = DIRECTION('',(-0.,1.,0.));
#8097 = DIRECTION('',(1.,0.,0.));
#8098 = DEFINITIONAL_REPRESENTATION('',(#8099),#8103);
#8099 = LINE('',#8100,#8101);
#8100 = CARTESIAN_POINT('',(0.,0.));
#8101 = VECTOR('',#8102,1.);
#8102 = DIRECTION('',(0.,-1.));
#8103 = ( GEOMETRIC_REPRESENTATION_CONTEXT(2) 
PARAMETRIC_REPRESENTATION_CONTEXT() REPRESENTATION_CONTEXT('2D SPACE',''
  ) );
#8104 = ORIENTED_EDGE('',*,*,#8105,.F.);
#8105 = EDGE_CURVE('',#8015,#8078,#8106,.T.);
#8106 = SURFACE_CURVE('',#8107,(#8111,#8118),.PCURVE_S1.);
#8107 = LINE('',#8108,#8109);
#8108 = CARTESIAN_POINT('',(0.152801124752,20.882820382787,0.));
#8109 = VECTOR('',#8110,1.);
#8110 = DIRECTION('',(0.,1.,0.));
#8111 = PCURVE('',#8025,#8112);
#8112 = DEFINITIONAL_REPRESENTATION('',(#8113),#8117);
#8113 = LINE('',#8114,#8115);
#8114 = CARTESIAN_POINT('',(0.,0.));
#8115 = VECTOR('',#8116,1.);
#8116 = DIRECTION('',(1.,0.));
#8117 = ( GEOMETRIC_REPRESENTATION_CONTEXT(2) 
PARAMETRIC_REPRESENTATION_CONTEXT() REPRESENTATION_CONTEXT('2D SPACE',''
  ) );
#8118 = PCURVE('',#8119,#8124);
#8119 = PLANE('',#8120);
#8120 = AXIS2_PLACEMENT_3D('',#8121,#8122,#8123);
#8121 = CARTESIAN_POINT('',(0.526314985257,22.283497359681,0.));
#8122 = DIRECTION('',(-0.,-0.,-1.));
#8123 = DIRECTION('',(-1.,0.,0.));
#8124 = DEFINITIONAL_REPRESENTATION('',(#8125),#8129);
#8125 = LINE('',#8126,#8127);
#8126 = CARTESIAN_POINT('',(0.373513860505,-1.400676976894));
#8127 = VECTOR('',#8128,1.);
#8128 = DIRECTION('',(0.,1.));
#8129 = ( GEOMETRIC_REPRESENTATION_CONTEXT(2) 
PARAMETRIC_REPRESENTATION_CONTEXT() REPRESENTATION_CONTEXT('2D SPACE',''
  ) );
#8130 = ADVANCED_FACE('',(#8131),#8037,.T.);
#8131 = FACE_BOUND('',#8132,.T.);
#8132 = EDGE_LOOP('',(#8133,#8163,#8189,#8190));
#8133 = ORIENTED_EDGE('',*,*,#8134,.T.);
#8134 = EDGE_CURVE('',#8135,#8137,#8139,.T.);
#8135 = VERTEX_POINT('',#8136);
#8136 = CARTESIAN_POINT('',(0.899828845762,20.882820382787,0.));
#8137 = VERTEX_POINT('',#8138);
#8138 = CARTESIAN_POINT('',(0.899828845762,20.882820382787,0.33));
#8139 = SURFACE_CURVE('',#8140,(#8144,#8151),.PCURVE_S1.);
#8140 = LINE('',#8141,#8142);
#8141 = CARTESIAN_POINT('',(0.899828845762,20.882820382787,0.));
#8142 = VECTOR('',#8143,1.);
#8143 = DIRECTION('',(0.,-0.,1.));
#8144 = PCURVE('',#8037,#8145);
#8145 = DEFINITIONAL_REPRESENTATION('',(#8146),#8150);
#8146 = LINE('',#8147,#8148);
#8147 = CARTESIAN_POINT('',(0.,0.));
#8148 = VECTOR('',#8149,1.);
#8149 = DIRECTION('',(0.,-1.));
#8150 = ( GEOMETRIC_REPRESENTATION_CONTEXT(2) 
PARAMETRIC_REPRESENTATION_CONTEXT() REPRESENTATION_CONTEXT('2D SPACE',''
  ) );
#8151 = PCURVE('',#8152,#8157);
#8152 = PLANE('',#8153);
#8153 = AXIS2_PLACEMENT_3D('',#8154,#8155,#8156);
#8154 = CARTESIAN_POINT('',(0.899828845762,23.684174336576,0.));
#8155 = DIRECTION('',(1.,0.,0.));
#8156 = DIRECTION('',(0.,-1.,0.));
#8157 = DEFINITIONAL_REPRESENTATION('',(#8158),#8162);
#8158 = LINE('',#8159,#8160);
#8159 = CARTESIAN_POINT('',(2.801353953789,0.));
#8160 = VECTOR('',#8161,1.);
#8161 = DIRECTION('',(0.,-1.));
#8162 = ( GEOMETRIC_REPRESENTATION_CONTEXT(2) 
PARAMETRIC_REPRESENTATION_CONTEXT() REPRESENTATION_CONTEXT('2D SPACE',''
  ) );
#8163 = ORIENTED_EDGE('',*,*,#8164,.T.);
#8164 = EDGE_CURVE('',#8137,#8017,#8165,.T.);
#8165 = SURFACE_CURVE('',#8166,(#8170,#8177),.PCURVE_S1.);
#8166 = LINE('',#8167,#8168);
#8167 = CARTESIAN_POINT('',(0.899828845762,20.882820382787,0.33));
#8168 = VECTOR('',#8169,1.);
#8169 = DIRECTION('',(-1.,0.,0.));
#8170 = PCURVE('',#8037,#8171);
#8171 = DEFINITIONAL_REPRESENTATION('',(#8172),#8176);
#8172 = LINE('',#8173,#8174);
#8173 = CARTESIAN_POINT('',(0.,-0.33));
#8174 = VECTOR('',#8175,1.);
#8175 = DIRECTION('',(1.,0.));
#8176 = ( GEOMETRIC_REPRESENTATION_CONTEXT(2) 
PARAMETRIC_REPRESENTATION_CONTEXT() REPRESENTATION_CONTEXT('2D SPACE',''
  ) );
#8177 = PCURVE('',#8178,#8183);
#8178 = PLANE('',#8179);
#8179 = AXIS2_PLACEMENT_3D('',#8180,#8181,#8182);
#8180 = CARTESIAN_POINT('',(0.899828845762,20.942820382787,0.39));
#8181 = DIRECTION('',(0.,0.707106781187,-0.707106781187));
#8182 = DIRECTION('',(-1.,0.,0.));
#8183 = DEFINITIONAL_REPRESENTATION('',(#8184),#8188);
#8184 = LINE('',#8185,#8186);
#8185 = CARTESIAN_POINT('',(0.,-8.485281374238E-02));
#8186 = VECTOR('',#8187,1.);
#8187 = DIRECTION('',(1.,0.));
#8188 = ( GEOMETRIC_REPRESENTATION_CONTEXT(2) 
PARAMETRIC_REPRESENTATION_CONTEXT() REPRESENTATION_CONTEXT('2D SPACE',''
  ) );
#8189 = ORIENTED_EDGE('',*,*,#8014,.F.);
#8190 = ORIENTED_EDGE('',*,*,#8191,.F.);
#8191 = EDGE_CURVE('',#8135,#8015,#8192,.T.);
#8192 = SURFACE_CURVE('',#8193,(#8197,#8204),.PCURVE_S1.);
#8193 = LINE('',#8194,#8195);
#8194 = CARTESIAN_POINT('',(0.899828845762,20.882820382787,0.));
#8195 = VECTOR('',#8196,1.);
#8196 = DIRECTION('',(-1.,0.,0.));
#8197 = PCURVE('',#8037,#8198);
#8198 = DEFINITIONAL_REPRESENTATION('',(#8199),#8203);
#8199 = LINE('',#8200,#8201);
#8200 = CARTESIAN_POINT('',(0.,0.));
#8201 = VECTOR('',#8202,1.);
#8202 = DIRECTION('',(1.,0.));
#8203 = ( GEOMETRIC_REPRESENTATION_CONTEXT(2) 
PARAMETRIC_REPRESENTATION_CONTEXT() REPRESENTATION_CONTEXT('2D SPACE',''
  ) );
#8204 = PCURVE('',#8119,#8205);
#8205 = DEFINITIONAL_REPRESENTATION('',(#8206),#8210);
#8206 = LINE('',#8207,#8208);
#8207 = CARTESIAN_POINT('',(-0.373513860505,-1.400676976894));
#8208 = VECTOR('',#8209,1.);
#8209 = DIRECTION('',(1.,0.));
#8210 = ( GEOMETRIC_REPRESENTATION_CONTEXT(2) 
PARAMETRIC_REPRESENTATION_CONTEXT() REPRESENTATION_CONTEXT('2D SPACE',''
  ) );
#8211 = ADVANCED_FACE('',(#8212),#8065,.F.);
#8212 = FACE_BOUND('',#8213,.F.);
#8213 = EDGE_LOOP('',(#8214,#8237,#8238,#8266));
#8214 = ORIENTED_EDGE('',*,*,#8215,.F.);
#8215 = EDGE_CURVE('',#8017,#8216,#8218,.T.);
#8216 = VERTEX_POINT('',#8217);
#8217 = CARTESIAN_POINT('',(0.272801124752,21.002820382787,0.45));
#8218 = SURFACE_CURVE('',#8219,(#8223,#8230),.PCURVE_S1.);
#8219 = LINE('',#8220,#8221);
#8220 = CARTESIAN_POINT('',(0.31730574492,21.047325002956,0.494504620168
    ));
#8221 = VECTOR('',#8222,1.);
#8222 = DIRECTION('',(0.57735026919,0.57735026919,0.57735026919));
#8223 = PCURVE('',#8065,#8224);
#8224 = DEFINITIONAL_REPRESENTATION('',(#8225),#8229);
#8225 = LINE('',#8226,#8227);
#8226 = CARTESIAN_POINT('',(0.164504620168,0.147791851173));
#8227 = VECTOR('',#8228,1.);
#8228 = DIRECTION('',(0.57735026919,0.816496580928));
#8229 = ( GEOMETRIC_REPRESENTATION_CONTEXT(2) 
PARAMETRIC_REPRESENTATION_CONTEXT() REPRESENTATION_CONTEXT('2D SPACE',''
  ) );
#8230 = PCURVE('',#8178,#8231);
#8231 = DEFINITIONAL_REPRESENTATION('',(#8232),#8236);
#8232 = LINE('',#8233,#8234);
#8233 = CARTESIAN_POINT('',(0.582523100842,0.147791851173));
#8234 = VECTOR('',#8235,1.);
#8235 = DIRECTION('',(-0.57735026919,0.816496580928));
#8236 = ( GEOMETRIC_REPRESENTATION_CONTEXT(2) 
PARAMETRIC_REPRESENTATION_CONTEXT() REPRESENTATION_CONTEXT('2D SPACE',''
  ) );
#8237 = ORIENTED_EDGE('',*,*,#8049,.T.);
#8238 = ORIENTED_EDGE('',*,*,#8239,.T.);
#8239 = EDGE_CURVE('',#8050,#8240,#8242,.T.);
#8240 = VERTEX_POINT('',#8241);
#8241 = CARTESIAN_POINT('',(0.272801124752,23.564174336576,0.45));
#8242 = SURFACE_CURVE('',#8243,(#8247,#8254),.PCURVE_S1.);
#8243 = LINE('',#8244,#8245);
#8244 = CARTESIAN_POINT('',(0.659693450384,23.177282010944,
    0.836892325631));
#8245 = VECTOR('',#8246,1.);
#8246 = DIRECTION('',(0.57735026919,-0.57735026919,0.57735026919));
#8247 = PCURVE('',#8065,#8248);
#8248 = DEFINITIONAL_REPRESENTATION('',(#8249),#8253);
#8249 = LINE('',#8250,#8251);
#8250 = CARTESIAN_POINT('',(2.294461628157,0.632001187828));
#8251 = VECTOR('',#8252,1.);
#8252 = DIRECTION('',(-0.57735026919,0.816496580928));
#8253 = ( GEOMETRIC_REPRESENTATION_CONTEXT(2) 
PARAMETRIC_REPRESENTATION_CONTEXT() REPRESENTATION_CONTEXT('2D SPACE',''
  ) );
#8254 = PCURVE('',#8255,#8260);
#8255 = PLANE('',#8256);
#8256 = AXIS2_PLACEMENT_3D('',#8257,#8258,#8259);
#8257 = CARTESIAN_POINT('',(0.152801124752,23.624174336576,0.39));
#8258 = DIRECTION('',(-1.734973258174E-18,-0.707106781187,
    -0.707106781187));
#8259 = DIRECTION('',(1.,-1.226811356032E-18,-1.226811356032E-18));
#8260 = DEFINITIONAL_REPRESENTATION('',(#8261),#8265);
#8261 = LINE('',#8262,#8263);
#8262 = CARTESIAN_POINT('',(0.506892325631,0.632001187828));
#8263 = VECTOR('',#8264,1.);
#8264 = DIRECTION('',(0.57735026919,0.816496580928));
#8265 = ( GEOMETRIC_REPRESENTATION_CONTEXT(2) 
PARAMETRIC_REPRESENTATION_CONTEXT() REPRESENTATION_CONTEXT('2D SPACE',''
  ) );
#8266 = ORIENTED_EDGE('',*,*,#8267,.F.);
#8267 = EDGE_CURVE('',#8216,#8240,#8268,.T.);
#8268 = SURFACE_CURVE('',#8269,(#8273,#8280),.PCURVE_S1.);
#8269 = LINE('',#8270,#8271);
#8270 = CARTESIAN_POINT('',(0.272801124752,20.882820382787,0.45));
#8271 = VECTOR('',#8272,1.);
#8272 = DIRECTION('',(0.,1.,0.));
#8273 = PCURVE('',#8065,#8274);
#8274 = DEFINITIONAL_REPRESENTATION('',(#8275),#8279);
#8275 = LINE('',#8276,#8277);
#8276 = CARTESIAN_POINT('',(0.,8.485281374239E-02));
#8277 = VECTOR('',#8278,1.);
#8278 = DIRECTION('',(1.,0.));
#8279 = ( GEOMETRIC_REPRESENTATION_CONTEXT(2) 
PARAMETRIC_REPRESENTATION_CONTEXT() REPRESENTATION_CONTEXT('2D SPACE',''
  ) );
#8280 = PCURVE('',#8281,#8286);
#8281 = PLANE('',#8282);
#8282 = AXIS2_PLACEMENT_3D('',#8283,#8284,#8285);
#8283 = CARTESIAN_POINT('',(0.526314985257,22.283497359681,0.45));
#8284 = DIRECTION('',(-0.,-0.,-1.));
#8285 = DIRECTION('',(-1.,0.,0.));
#8286 = DEFINITIONAL_REPRESENTATION('',(#8287),#8291);
#8287 = LINE('',#8288,#8289);
#8288 = CARTESIAN_POINT('',(0.253513860505,-1.400676976894));
#8289 = VECTOR('',#8290,1.);
#8290 = DIRECTION('',(0.,1.));
#8291 = ( GEOMETRIC_REPRESENTATION_CONTEXT(2) 
PARAMETRIC_REPRESENTATION_CONTEXT() REPRESENTATION_CONTEXT('2D SPACE',''
  ) );
#8292 = ADVANCED_FACE('',(#8293),#8119,.T.);
#8293 = FACE_BOUND('',#8294,.T.);
#8294 = EDGE_LOOP('',(#8295,#8296,#8319,#8340));
#8295 = ORIENTED_EDGE('',*,*,#8105,.T.);
#8296 = ORIENTED_EDGE('',*,*,#8297,.T.);
#8297 = EDGE_CURVE('',#8078,#8298,#8300,.T.);
#8298 = VERTEX_POINT('',#8299);
#8299 = CARTESIAN_POINT('',(0.899828845762,23.684174336576,0.));
#8300 = SURFACE_CURVE('',#8301,(#8305,#8312),.PCURVE_S1.);
#8301 = LINE('',#8302,#8303);
#8302 = CARTESIAN_POINT('',(0.152801124752,23.684174336576,0.));
#8303 = VECTOR('',#8304,1.);
#8304 = DIRECTION('',(1.,0.,0.));
#8305 = PCURVE('',#8119,#8306);
#8306 = DEFINITIONAL_REPRESENTATION('',(#8307),#8311);
#8307 = LINE('',#8308,#8309);
#8308 = CARTESIAN_POINT('',(0.373513860505,1.400676976894));
#8309 = VECTOR('',#8310,1.);
#8310 = DIRECTION('',(-1.,0.));
#8311 = ( GEOMETRIC_REPRESENTATION_CONTEXT(2) 
PARAMETRIC_REPRESENTATION_CONTEXT() REPRESENTATION_CONTEXT('2D SPACE',''
  ) );
#8312 = PCURVE('',#8093,#8313);
#8313 = DEFINITIONAL_REPRESENTATION('',(#8314),#8318);
#8314 = LINE('',#8315,#8316);
#8315 = CARTESIAN_POINT('',(0.,0.));
#8316 = VECTOR('',#8317,1.);
#8317 = DIRECTION('',(1.,0.));
#8318 = ( GEOMETRIC_REPRESENTATION_CONTEXT(2) 
PARAMETRIC_REPRESENTATION_CONTEXT() REPRESENTATION_CONTEXT('2D SPACE',''
  ) );
#8319 = ORIENTED_EDGE('',*,*,#8320,.T.);
#8320 = EDGE_CURVE('',#8298,#8135,#8321,.T.);
#8321 = SURFACE_CURVE('',#8322,(#8326,#8333),.PCURVE_S1.);
#8322 = LINE('',#8323,#8324);
#8323 = CARTESIAN_POINT('',(0.899828845762,23.684174336576,0.));
#8324 = VECTOR('',#8325,1.);
#8325 = DIRECTION('',(0.,-1.,0.));
#8326 = PCURVE('',#8119,#8327);
#8327 = DEFINITIONAL_REPRESENTATION('',(#8328),#8332);
#8328 = LINE('',#8329,#8330);
#8329 = CARTESIAN_POINT('',(-0.373513860505,1.400676976894));
#8330 = VECTOR('',#8331,1.);
#8331 = DIRECTION('',(0.,-1.));
#8332 = ( GEOMETRIC_REPRESENTATION_CONTEXT(2) 
PARAMETRIC_REPRESENTATION_CONTEXT() REPRESENTATION_CONTEXT('2D SPACE',''
  ) );
#8333 = PCURVE('',#8152,#8334);
#8334 = DEFINITIONAL_REPRESENTATION('',(#8335),#8339);
#8335 = LINE('',#8336,#8337);
#8336 = CARTESIAN_POINT('',(0.,0.));
#8337 = VECTOR('',#8338,1.);
#8338 = DIRECTION('',(1.,0.));
#8339 = ( GEOMETRIC_REPRESENTATION_CONTEXT(2) 
PARAMETRIC_REPRESENTATION_CONTEXT() REPRESENTATION_CONTEXT('2D SPACE',''
  ) );
#8340 = ORIENTED_EDGE('',*,*,#8191,.T.);
#8341 = ADVANCED_FACE('',(#8342),#8093,.T.);
#8342 = FACE_BOUND('',#8343,.T.);
#8343 = EDGE_LOOP('',(#8344,#8345,#8368,#8389));
#8344 = ORIENTED_EDGE('',*,*,#8077,.T.);
#8345 = ORIENTED_EDGE('',*,*,#8346,.T.);
#8346 = EDGE_CURVE('',#8050,#8347,#8349,.T.);
#8347 = VERTEX_POINT('',#8348);
#8348 = CARTESIAN_POINT('',(0.899828845762,23.684174336576,0.33));
#8349 = SURFACE_CURVE('',#8350,(#8354,#8361),.PCURVE_S1.);
#8350 = LINE('',#8351,#8352);
#8351 = CARTESIAN_POINT('',(0.152801124752,23.684174336576,0.33));
#8352 = VECTOR('',#8353,1.);
#8353 = DIRECTION('',(1.,0.,0.));
#8354 = PCURVE('',#8093,#8355);
#8355 = DEFINITIONAL_REPRESENTATION('',(#8356),#8360);
#8356 = LINE('',#8357,#8358);
#8357 = CARTESIAN_POINT('',(0.,-0.33));
#8358 = VECTOR('',#8359,1.);
#8359 = DIRECTION('',(1.,0.));
#8360 = ( GEOMETRIC_REPRESENTATION_CONTEXT(2) 
PARAMETRIC_REPRESENTATION_CONTEXT() REPRESENTATION_CONTEXT('2D SPACE',''
  ) );
#8361 = PCURVE('',#8255,#8362);
#8362 = DEFINITIONAL_REPRESENTATION('',(#8363),#8367);
#8363 = LINE('',#8364,#8365);
#8364 = CARTESIAN_POINT('',(0.,-8.485281374239E-02));
#8365 = VECTOR('',#8366,1.);
#8366 = DIRECTION('',(1.,0.));
#8367 = ( GEOMETRIC_REPRESENTATION_CONTEXT(2) 
PARAMETRIC_REPRESENTATION_CONTEXT() REPRESENTATION_CONTEXT('2D SPACE',''
  ) );
#8368 = ORIENTED_EDGE('',*,*,#8369,.F.);
#8369 = EDGE_CURVE('',#8298,#8347,#8370,.T.);
#8370 = SURFACE_CURVE('',#8371,(#8375,#8382),.PCURVE_S1.);
#8371 = LINE('',#8372,#8373);
#8372 = CARTESIAN_POINT('',(0.899828845762,23.684174336576,0.));
#8373 = VECTOR('',#8374,1.);
#8374 = DIRECTION('',(0.,-0.,1.));
#8375 = PCURVE('',#8093,#8376);
#8376 = DEFINITIONAL_REPRESENTATION('',(#8377),#8381);
#8377 = LINE('',#8378,#8379);
#8378 = CARTESIAN_POINT('',(0.74702772101,0.));
#8379 = VECTOR('',#8380,1.);
#8380 = DIRECTION('',(0.,-1.));
#8381 = ( GEOMETRIC_REPRESENTATION_CONTEXT(2) 
PARAMETRIC_REPRESENTATION_CONTEXT() REPRESENTATION_CONTEXT('2D SPACE',''
  ) );
#8382 = PCURVE('',#8152,#8383);
#8383 = DEFINITIONAL_REPRESENTATION('',(#8384),#8388);
#8384 = LINE('',#8385,#8386);
#8385 = CARTESIAN_POINT('',(0.,0.));
#8386 = VECTOR('',#8387,1.);
#8387 = DIRECTION('',(0.,-1.));
#8388 = ( GEOMETRIC_REPRESENTATION_CONTEXT(2) 
PARAMETRIC_REPRESENTATION_CONTEXT() REPRESENTATION_CONTEXT('2D SPACE',''
  ) );
#8389 = ORIENTED_EDGE('',*,*,#8297,.F.);
#8390 = ADVANCED_FACE('',(#8391),#8152,.T.);
#8391 = FACE_BOUND('',#8392,.T.);
#8392 = EDGE_LOOP('',(#8393,#8394,#8420,#8421));
#8393 = ORIENTED_EDGE('',*,*,#8369,.T.);
#8394 = ORIENTED_EDGE('',*,*,#8395,.T.);
#8395 = EDGE_CURVE('',#8347,#8137,#8396,.T.);
#8396 = SURFACE_CURVE('',#8397,(#8401,#8408),.PCURVE_S1.);
#8397 = LINE('',#8398,#8399);
#8398 = CARTESIAN_POINT('',(0.899828845762,23.684174336576,0.33));
#8399 = VECTOR('',#8400,1.);
#8400 = DIRECTION('',(0.,-1.,0.));
#8401 = PCURVE('',#8152,#8402);
#8402 = DEFINITIONAL_REPRESENTATION('',(#8403),#8407);
#8403 = LINE('',#8404,#8405);
#8404 = CARTESIAN_POINT('',(0.,-0.33));
#8405 = VECTOR('',#8406,1.);
#8406 = DIRECTION('',(1.,0.));
#8407 = ( GEOMETRIC_REPRESENTATION_CONTEXT(2) 
PARAMETRIC_REPRESENTATION_CONTEXT() REPRESENTATION_CONTEXT('2D SPACE',''
  ) );
#8408 = PCURVE('',#8409,#8414);
#8409 = PLANE('',#8410);
#8410 = AXIS2_PLACEMENT_3D('',#8411,#8412,#8413);
#8411 = CARTESIAN_POINT('',(0.839828845762,23.684174336576,0.39));
#8412 = DIRECTION('',(-0.707106781187,0.,-0.707106781187));
#8413 = DIRECTION('',(0.,-1.,-0.));
#8414 = DEFINITIONAL_REPRESENTATION('',(#8415),#8419);
#8415 = LINE('',#8416,#8417);
#8416 = CARTESIAN_POINT('',(0.,-8.485281374239E-02));
#8417 = VECTOR('',#8418,1.);
#8418 = DIRECTION('',(1.,0.));
#8419 = ( GEOMETRIC_REPRESENTATION_CONTEXT(2) 
PARAMETRIC_REPRESENTATION_CONTEXT() REPRESENTATION_CONTEXT('2D SPACE',''
  ) );
#8420 = ORIENTED_EDGE('',*,*,#8134,.F.);
#8421 = ORIENTED_EDGE('',*,*,#8320,.F.);
#8422 = ADVANCED_FACE('',(#8423),#8178,.F.);
#8423 = FACE_BOUND('',#8424,.F.);
#8424 = EDGE_LOOP('',(#8425,#8448,#8449,#8450));
#8425 = ORIENTED_EDGE('',*,*,#8426,.F.);
#8426 = EDGE_CURVE('',#8137,#8427,#8429,.T.);
#8427 = VERTEX_POINT('',#8428);
#8428 = CARTESIAN_POINT('',(0.779828845762,21.002820382787,0.45));
#8429 = SURFACE_CURVE('',#8430,(#8434,#8441),.PCURVE_S1.);
#8430 = LINE('',#8431,#8432);
#8431 = CARTESIAN_POINT('',(0.392936520131,21.389712708419,
    0.836892325631));
#8432 = VECTOR('',#8433,1.);
#8433 = DIRECTION('',(-0.57735026919,0.57735026919,0.57735026919));
#8434 = PCURVE('',#8178,#8435);
#8435 = DEFINITIONAL_REPRESENTATION('',(#8436),#8440);
#8436 = LINE('',#8437,#8438);
#8437 = CARTESIAN_POINT('',(0.506892325631,0.632001187828));
#8438 = VECTOR('',#8439,1.);
#8439 = DIRECTION('',(0.57735026919,0.816496580928));
#8440 = ( GEOMETRIC_REPRESENTATION_CONTEXT(2) 
PARAMETRIC_REPRESENTATION_CONTEXT() REPRESENTATION_CONTEXT('2D SPACE',''
  ) );
#8441 = PCURVE('',#8409,#8442);
#8442 = DEFINITIONAL_REPRESENTATION('',(#8443),#8447);
#8443 = LINE('',#8444,#8445);
#8444 = CARTESIAN_POINT('',(2.294461628157,0.632001187828));
#8445 = VECTOR('',#8446,1.);
#8446 = DIRECTION('',(-0.57735026919,0.816496580928));
#8447 = ( GEOMETRIC_REPRESENTATION_CONTEXT(2) 
PARAMETRIC_REPRESENTATION_CONTEXT() REPRESENTATION_CONTEXT('2D SPACE',''
  ) );
#8448 = ORIENTED_EDGE('',*,*,#8164,.T.);
#8449 = ORIENTED_EDGE('',*,*,#8215,.T.);
#8450 = ORIENTED_EDGE('',*,*,#8451,.F.);
#8451 = EDGE_CURVE('',#8427,#8216,#8452,.T.);
#8452 = SURFACE_CURVE('',#8453,(#8457,#8464),.PCURVE_S1.);
#8453 = LINE('',#8454,#8455);
#8454 = CARTESIAN_POINT('',(0.899828845762,21.002820382787,0.45));
#8455 = VECTOR('',#8456,1.);
#8456 = DIRECTION('',(-1.,0.,0.));
#8457 = PCURVE('',#8178,#8458);
#8458 = DEFINITIONAL_REPRESENTATION('',(#8459),#8463);
#8459 = LINE('',#8460,#8461);
#8460 = CARTESIAN_POINT('',(0.,8.485281374239E-02));
#8461 = VECTOR('',#8462,1.);
#8462 = DIRECTION('',(1.,0.));
#8463 = ( GEOMETRIC_REPRESENTATION_CONTEXT(2) 
PARAMETRIC_REPRESENTATION_CONTEXT() REPRESENTATION_CONTEXT('2D SPACE',''
  ) );
#8464 = PCURVE('',#8281,#8465);
#8465 = DEFINITIONAL_REPRESENTATION('',(#8466),#8470);
#8466 = LINE('',#8467,#8468);
#8467 = CARTESIAN_POINT('',(-0.373513860505,-1.280676976894));
#8468 = VECTOR('',#8469,1.);
#8469 = DIRECTION('',(1.,0.));
#8470 = ( GEOMETRIC_REPRESENTATION_CONTEXT(2) 
PARAMETRIC_REPRESENTATION_CONTEXT() REPRESENTATION_CONTEXT('2D SPACE',''
  ) );
#8471 = ADVANCED_FACE('',(#8472),#8281,.F.);
#8472 = FACE_BOUND('',#8473,.F.);
#8473 = EDGE_LOOP('',(#8474,#8475,#8498,#8519));
#8474 = ORIENTED_EDGE('',*,*,#8267,.T.);
#8475 = ORIENTED_EDGE('',*,*,#8476,.T.);
#8476 = EDGE_CURVE('',#8240,#8477,#8479,.T.);
#8477 = VERTEX_POINT('',#8478);
#8478 = CARTESIAN_POINT('',(0.779828845762,23.564174336576,0.45));
#8479 = SURFACE_CURVE('',#8480,(#8484,#8491),.PCURVE_S1.);
#8480 = LINE('',#8481,#8482);
#8481 = CARTESIAN_POINT('',(0.152801124752,23.564174336576,0.45));
#8482 = VECTOR('',#8483,1.);
#8483 = DIRECTION('',(1.,0.,0.));
#8484 = PCURVE('',#8281,#8485);
#8485 = DEFINITIONAL_REPRESENTATION('',(#8486),#8490);
#8486 = LINE('',#8487,#8488);
#8487 = CARTESIAN_POINT('',(0.373513860505,1.280676976894));
#8488 = VECTOR('',#8489,1.);
#8489 = DIRECTION('',(-1.,0.));
#8490 = ( GEOMETRIC_REPRESENTATION_CONTEXT(2) 
PARAMETRIC_REPRESENTATION_CONTEXT() REPRESENTATION_CONTEXT('2D SPACE',''
  ) );
#8491 = PCURVE('',#8255,#8492);
#8492 = DEFINITIONAL_REPRESENTATION('',(#8493),#8497);
#8493 = LINE('',#8494,#8495);
#8494 = CARTESIAN_POINT('',(0.,8.485281374238E-02));
#8495 = VECTOR('',#8496,1.);
#8496 = DIRECTION('',(1.,0.));
#8497 = ( GEOMETRIC_REPRESENTATION_CONTEXT(2) 
PARAMETRIC_REPRESENTATION_CONTEXT() REPRESENTATION_CONTEXT('2D SPACE',''
  ) );
#8498 = ORIENTED_EDGE('',*,*,#8499,.T.);
#8499 = EDGE_CURVE('',#8477,#8427,#8500,.T.);
#8500 = SURFACE_CURVE('',#8501,(#8505,#8512),.PCURVE_S1.);
#8501 = LINE('',#8502,#8503);
#8502 = CARTESIAN_POINT('',(0.779828845762,23.684174336576,0.45));
#8503 = VECTOR('',#8504,1.);
#8504 = DIRECTION('',(0.,-1.,0.));
#8505 = PCURVE('',#8281,#8506);
#8506 = DEFINITIONAL_REPRESENTATION('',(#8507),#8511);
#8507 = LINE('',#8508,#8509);
#8508 = CARTESIAN_POINT('',(-0.253513860505,1.400676976894));
#8509 = VECTOR('',#8510,1.);
#8510 = DIRECTION('',(0.,-1.));
#8511 = ( GEOMETRIC_REPRESENTATION_CONTEXT(2) 
PARAMETRIC_REPRESENTATION_CONTEXT() REPRESENTATION_CONTEXT('2D SPACE',''
  ) );
#8512 = PCURVE('',#8409,#8513);
#8513 = DEFINITIONAL_REPRESENTATION('',(#8514),#8518);
#8514 = LINE('',#8515,#8516);
#8515 = CARTESIAN_POINT('',(0.,8.485281374239E-02));
#8516 = VECTOR('',#8517,1.);
#8517 = DIRECTION('',(1.,0.));
#8518 = ( GEOMETRIC_REPRESENTATION_CONTEXT(2) 
PARAMETRIC_REPRESENTATION_CONTEXT() REPRESENTATION_CONTEXT('2D SPACE',''
  ) );
#8519 = ORIENTED_EDGE('',*,*,#8451,.T.);
#8520 = ADVANCED_FACE('',(#8521),#8255,.F.);
#8521 = FACE_BOUND('',#8522,.F.);
#8522 = EDGE_LOOP('',(#8523,#8524,#8525,#8546));
#8523 = ORIENTED_EDGE('',*,*,#8239,.F.);
#8524 = ORIENTED_EDGE('',*,*,#8346,.T.);
#8525 = ORIENTED_EDGE('',*,*,#8526,.T.);
#8526 = EDGE_CURVE('',#8347,#8477,#8527,.T.);
#8527 = SURFACE_CURVE('',#8528,(#8532,#8539),.PCURVE_S1.);
#8528 = LINE('',#8529,#8530);
#8529 = CARTESIAN_POINT('',(0.735324225594,23.519669716407,
    0.494504620168));
#8530 = VECTOR('',#8531,1.);
#8531 = DIRECTION('',(-0.57735026919,-0.57735026919,0.57735026919));
#8532 = PCURVE('',#8255,#8533);
#8533 = DEFINITIONAL_REPRESENTATION('',(#8534),#8538);
#8534 = LINE('',#8535,#8536);
#8535 = CARTESIAN_POINT('',(0.582523100842,0.147791851173));
#8536 = VECTOR('',#8537,1.);
#8537 = DIRECTION('',(-0.57735026919,0.816496580928));
#8538 = ( GEOMETRIC_REPRESENTATION_CONTEXT(2) 
PARAMETRIC_REPRESENTATION_CONTEXT() REPRESENTATION_CONTEXT('2D SPACE',''
  ) );
#8539 = PCURVE('',#8409,#8540);
#8540 = DEFINITIONAL_REPRESENTATION('',(#8541),#8545);
#8541 = LINE('',#8542,#8543);
#8542 = CARTESIAN_POINT('',(0.164504620168,0.147791851173));
#8543 = VECTOR('',#8544,1.);
#8544 = DIRECTION('',(0.57735026919,0.816496580928));
#8545 = ( GEOMETRIC_REPRESENTATION_CONTEXT(2) 
PARAMETRIC_REPRESENTATION_CONTEXT() REPRESENTATION_CONTEXT('2D SPACE',''
  ) );
#8546 = ORIENTED_EDGE('',*,*,#8476,.F.);
#8547 = ADVANCED_FACE('',(#8548),#8409,.F.);
#8548 = FACE_BOUND('',#8549,.F.);
#8549 = EDGE_LOOP('',(#8550,#8551,#8552,#8553));
#8550 = ORIENTED_EDGE('',*,*,#8526,.F.);
#8551 = ORIENTED_EDGE('',*,*,#8395,.T.);
#8552 = ORIENTED_EDGE('',*,*,#8426,.T.);
#8553 = ORIENTED_EDGE('',*,*,#8499,.F.);
#8554 = ( GEOMETRIC_REPRESENTATION_CONTEXT(3) 
GLOBAL_UNCERTAINTY_ASSIGNED_CONTEXT((#8558)) 
GLOBAL_UNIT_ASSIGNED_CONTEXT((#8555,#8556,#8557)) REPRESENTATION_CONTEXT
('Context #1','3D Context with UNIT and UNCERTAINTY') );
#8555 = ( LENGTH_UNIT() NAMED_UNIT(*) SI_UNIT(.MILLI.,.METRE.) );
#8556 = ( NAMED_UNIT(*) PLANE_ANGLE_UNIT() SI_UNIT($,.RADIAN.) );
#8557 = ( NAMED_UNIT(*) SI_UNIT($,.STERADIAN.) SOLID_ANGLE_UNIT() );
#8558 = UNCERTAINTY_MEASURE_WITH_UNIT(LENGTH_MEASURE(5.E-05),#8555,
  'distance_accuracy_value','confusion accuracy');
#8559 = CONTEXT_DEPENDENT_SHAPE_REPRESENTATION(#8560,#8562);
#8560 = ( REPRESENTATION_RELATIONSHIP('','',#2001,#10) 
REPRESENTATION_RELATIONSHIP_WITH_TRANSFORMATION(#8561) 
SHAPE_REPRESENTATION_RELATIONSHIP() );
#8561 = ITEM_DEFINED_TRANSFORMATION('','',#11,#35);
#8562 = PRODUCT_DEFINITION_SHAPE('Placement','Placement of an item',
  #8563);
#8563 = NEXT_ASSEMBLY_USAGE_OCCURRENCE('6','indices','',#5,#1996,$);
#8564 = PRODUCT_RELATED_PRODUCT_CATEGORY('part',$,(#1998));
#8565 = SHAPE_DEFINITION_REPRESENTATION(#8566,#8572);
#8566 = PRODUCT_DEFINITION_SHAPE('','',#8567);
#8567 = PRODUCT_DEFINITION('design','',#8568,#8571);
#8568 = PRODUCT_DEFINITION_FORMATION('','',#8569);
#8569 = PRODUCT('hour_hand','hour_hand','',(#8570));
#8570 = PRODUCT_CONTEXT('',#2,'mechanical');
#8571 = PRODUCT_DEFINITION_CONTEXT('part definition',#2,'design');
#8572 = ADVANCED_BREP_SHAPE_REPRESENTATION('',(#11,#8573),#9854);
#8573 = MANIFOLD_SOLID_BREP('',#8574);
#8574 = CLOSED_SHELL('',(#8575,#8698,#8783,#9226,#9252,#9321,#9369,#9395
    ,#9430,#9460,#9487,#9515,#9522,#9597,#9645,#9694,#9742,#9788,#9813,
    #9819,#9846));
#8575 = ADVANCED_FACE('',(#8576),#8590,.T.);
#8576 = FACE_BOUND('',#8577,.T.);
#8577 = EDGE_LOOP('',(#8578,#8612,#8640,#8667));
#8578 = ORIENTED_EDGE('',*,*,#8579,.T.);
#8579 = EDGE_CURVE('',#8580,#8582,#8584,.T.);
#8580 = VERTEX_POINT('',#8581);
#8581 = CARTESIAN_POINT('',(0.,1.1,1.203633055318));
#8582 = VERTEX_POINT('',#8583);
#8583 = CARTESIAN_POINT('',(0.,12.733427062675,1.0975));
#8584 = SURFACE_CURVE('',#8585,(#8589,#8601),.PCURVE_S1.);
#8585 = LINE('',#8586,#8587);
#8586 = CARTESIAN_POINT('',(0.,-2.88624346754,1.24));
#8587 = VECTOR('',#8588,1.);
#8588 = DIRECTION('',(0.,0.999958387013,-9.122732126377E-03));
#8589 = PCURVE('',#8590,#8595);
#8590 = PLANE('',#8591);
#8591 = AXIS2_PLACEMENT_3D('',#8592,#8593,#8594);
#8592 = CARTESIAN_POINT('',(-0.234309874915,4.918918643716,
    1.136274668288));
#8593 = DIRECTION('',(-0.137458773165,9.036134490926E-03,0.990466270982)
  );
#8594 = DIRECTION('',(0.990506710099,0.,0.137464385382));
#8595 = DEFINITIONAL_REPRESENTATION('',(#8596),#8600);
#8596 = LINE('',#8597,#8598);
#8597 = CARTESIAN_POINT('',(0.246344042319,-7.805480783252));
#8598 = VECTOR('',#8599,1.);
#8599 = DIRECTION('',(-1.254050764755E-03,0.999999213678));
#8600 = ( GEOMETRIC_REPRESENTATION_CONTEXT(2) 
PARAMETRIC_REPRESENTATION_CONTEXT() REPRESENTATION_CONTEXT('2D SPACE',''
  ) );
#8601 = PCURVE('',#8602,#8607);
#8602 = PLANE('',#8603);
#8603 = AXIS2_PLACEMENT_3D('',#8604,#8605,#8606);
#8604 = CARTESIAN_POINT('',(0.234309874915,4.918918643716,1.136274668288
    ));
#8605 = DIRECTION('',(0.137458773165,9.036134490926E-03,0.990466270982)
  );
#8606 = DIRECTION('',(0.990506710099,0.,-0.137464385382));
#8607 = DEFINITIONAL_REPRESENTATION('',(#8608),#8611);
#8608 = B_SPLINE_CURVE_WITH_KNOTS('',1,(#8609,#8610),.UNSPECIFIED.,.F.,
  .F.,(2,2),(0.,15.620320538403),.PIECEWISE_BEZIER_KNOTS.);
#8609 = CARTESIAN_POINT('',(-0.246344042319,-7.805480783252));
#8610 = CARTESIAN_POINT('',(-0.226755367402,7.81482747255));
#8611 = ( GEOMETRIC_REPRESENTATION_CONTEXT(2) 
PARAMETRIC_REPRESENTATION_CONTEXT() REPRESENTATION_CONTEXT('2D SPACE',''
  ) );
#8612 = ORIENTED_EDGE('',*,*,#8613,.T.);
#8613 = EDGE_CURVE('',#8582,#8614,#8616,.T.);
#8614 = VERTEX_POINT('',#8615);
#8615 = CARTESIAN_POINT('',(-0.933784651263,3.735138605051,1.05));
#8616 = SURFACE_CURVE('',#8617,(#8621,#8628),.PCURVE_S1.);
#8617 = LINE('',#8618,#8619);
#8618 = CARTESIAN_POINT('',(0.,12.733427062675,1.0975));
#8619 = VECTOR('',#8620,1.);
#8620 = DIRECTION('',(-0.103217868372,-0.994644913403,
    -5.250513318076E-03));
#8621 = PCURVE('',#8590,#8622);
#8622 = DEFINITIONAL_REPRESENTATION('',(#8623),#8627);
#8623 = LINE('',#8624,#8625);
#8624 = CARTESIAN_POINT('',(0.226755367402,7.81482747255));
#8625 = VECTOR('',#8626,1.);
#8626 = DIRECTION('',(-0.102959749811,-0.994685523127));
#8627 = ( GEOMETRIC_REPRESENTATION_CONTEXT(2) 
PARAMETRIC_REPRESENTATION_CONTEXT() REPRESENTATION_CONTEXT('2D SPACE',''
  ) );
#8628 = PCURVE('',#8629,#8634);
#8629 = PLANE('',#8630);
#8630 = AXIS2_PLACEMENT_3D('',#8631,#8632,#8633);
#8631 = CARTESIAN_POINT('',(-0.465684462578,8.245922241468,
    1.006906175138));
#8632 = DIRECTION('',(0.994658623817,-0.103219291151,-5.553338330289E-16
    ));
#8633 = DIRECTION('',(0.103219291151,0.994658623817,-1.232595164408E-32)
  );
#8634 = DEFINITIONAL_REPRESENTATION('',(#8635),#8639);
#8635 = LINE('',#8636,#8637);
#8636 = CARTESIAN_POINT('',(4.511602989963,9.059382486231E-02));
#8637 = VECTOR('',#8638,1.);
#8638 = DIRECTION('',(-0.99998621596,-5.250513318076E-03));
#8639 = ( GEOMETRIC_REPRESENTATION_CONTEXT(2) 
PARAMETRIC_REPRESENTATION_CONTEXT() REPRESENTATION_CONTEXT('2D SPACE',''
  ) );
#8640 = ORIENTED_EDGE('',*,*,#8641,.T.);
#8641 = EDGE_CURVE('',#8614,#8642,#8644,.T.);
#8642 = VERTEX_POINT('',#8643);
#8643 = CARTESIAN_POINT('',(-0.542022581911,0.957189386014,
    1.129713018495));
#8644 = SURFACE_CURVE('',#8645,(#8649,#8656),.PCURVE_S1.);
#8645 = LINE('',#8646,#8647);
#8646 = CARTESIAN_POINT('',(-0.933784651263,3.735138605051,1.05));
#8647 = VECTOR('',#8648,1.);
#8648 = DIRECTION('',(0.139587507015,-0.989802322473,2.840229414465E-02)
  );
#8649 = PCURVE('',#8590,#8650);
#8650 = DEFINITIONAL_REPRESENTATION('',(#8651),#8655);
#8651 = LINE('',#8652,#8653);
#8652 = CARTESIAN_POINT('',(-0.704694153768,-1.183828370467));
#8653 = VECTOR('',#8654,1.);
#8654 = DIRECTION('',(0.142166666253,-0.989842734482));
#8655 = ( GEOMETRIC_REPRESENTATION_CONTEXT(2) 
PARAMETRIC_REPRESENTATION_CONTEXT() REPRESENTATION_CONTEXT('2D SPACE',''
  ) );
#8656 = PCURVE('',#8657,#8662);
#8657 = PLANE('',#8658);
#8658 = AXIS2_PLACEMENT_3D('',#8659,#8660,#8661);
#8659 = CARTESIAN_POINT('',(-0.535576288854,0.335098050751,1.09891913702
    ));
#8660 = DIRECTION('',(-0.512931967008,-4.774212923693E-02,0.857100627883
    ));
#8661 = DIRECTION('',(0.858079100286,3.469446951954E-18,0.513517533928)
  );
#8662 = DEFINITIONAL_REPRESENTATION('',(#8663),#8666);
#8663 = B_SPLINE_CURVE_WITH_KNOTS('',1,(#8664,#8665),.UNSPECIFIED.,.F.,
  .F.,(2,2),(0.,6.689600460877),.PIECEWISE_BEZIER_KNOTS.);
#8664 = CARTESIAN_POINT('',(-0.366815107947,3.403922065696));
#8665 = CARTESIAN_POINT('',(0.532014316916,-3.225019025547));
#8666 = ( GEOMETRIC_REPRESENTATION_CONTEXT(2) 
PARAMETRIC_REPRESENTATION_CONTEXT() REPRESENTATION_CONTEXT('2D SPACE',''
  ) );
#8667 = ORIENTED_EDGE('',*,*,#8668,.F.);
#8668 = EDGE_CURVE('',#8580,#8642,#8669,.T.);
#8669 = SURFACE_CURVE('',#8670,(#8675,#8682),.PCURVE_S1.);
#8670 = ELLIPSE('',#8671,1.110588045476,1.1);
#8671 = AXIS2_PLACEMENT_3D('',#8672,#8673,#8674);
#8672 = CARTESIAN_POINT('',(0.,0.,1.213668478261));
#8673 = DIRECTION('',(-0.137458773165,9.036134490926E-03,0.990466270982)
  );
#8674 = DIRECTION('',(0.988333101491,-6.497010428129E-02,0.137755457411)
  );
#8675 = PCURVE('',#8590,#8676);
#8676 = DEFINITIONAL_REPRESENTATION('',(#8677),#8681);
#8677 = ELLIPSE('',#8678,1.110588045476,1.1);
#8678 = AXIS2_PLACEMENT_2D('',#8679,#8680);
#8679 = CARTESIAN_POINT('',(0.242724395866,-4.919119475115));
#8680 = DIRECTION('',(0.997887038126,-6.497275690433E-02));
#8681 = ( GEOMETRIC_REPRESENTATION_CONTEXT(2) 
PARAMETRIC_REPRESENTATION_CONTEXT() REPRESENTATION_CONTEXT('2D SPACE',''
  ) );
#8682 = PCURVE('',#8683,#8688);
#8683 = CYLINDRICAL_SURFACE('',#8684,1.1);
#8684 = AXIS2_PLACEMENT_3D('',#8685,#8686,#8687);
#8685 = CARTESIAN_POINT('',(0.,0.,-1.21));
#8686 = DIRECTION('',(0.,0.,1.));
#8687 = DIRECTION('',(1.,0.,-0.));
#8688 = DEFINITIONAL_REPRESENTATION('',(#8689),#8697);
#8689 = B_SPLINE_CURVE_WITH_KNOTS('',6,(#8690,#8691,#8692,#8693,#8694,
    #8695,#8696),.UNSPECIFIED.,.F.,.F.,(7,7),(1.5461827042,
    2.854180485087),.PIECEWISE_BEZIER_KNOTS.);
#8690 = CARTESIAN_POINT('',(1.480540098801,2.427433725445));
#8691 = CARTESIAN_POINT('',(1.698539728948,2.39409215925));
#8692 = CARTESIAN_POINT('',(1.916539359096,2.360536819683));
#8693 = CARTESIAN_POINT('',(2.134538989244,2.32961276956));
#8694 = CARTESIAN_POINT('',(2.352538619392,2.304228962206));
#8695 = CARTESIAN_POINT('',(2.57053824954,2.28640869203));
#8696 = CARTESIAN_POINT('',(2.788537879688,2.276954444668));
#8697 = ( GEOMETRIC_REPRESENTATION_CONTEXT(2) 
PARAMETRIC_REPRESENTATION_CONTEXT() REPRESENTATION_CONTEXT('2D SPACE',''
  ) );
#8698 = ADVANCED_FACE('',(#8699),#8602,.T.);
#8699 = FACE_BOUND('',#8700,.T.);
#8700 = EDGE_LOOP('',(#8701,#8702,#8730,#8757));
#8701 = ORIENTED_EDGE('',*,*,#8579,.F.);
#8702 = ORIENTED_EDGE('',*,*,#8703,.F.);
#8703 = EDGE_CURVE('',#8704,#8580,#8706,.T.);
#8704 = VERTEX_POINT('',#8705);
#8705 = CARTESIAN_POINT('',(0.542022581911,0.957189386014,1.129713018495
    ));
#8706 = SURFACE_CURVE('',#8707,(#8712,#8719),.PCURVE_S1.);
#8707 = ELLIPSE('',#8708,1.110588045476,1.1);
#8708 = AXIS2_PLACEMENT_3D('',#8709,#8710,#8711);
#8709 = CARTESIAN_POINT('',(0.,0.,1.213668478261));
#8710 = DIRECTION('',(0.137458773165,9.036134490926E-03,0.990466270982)
  );
#8711 = DIRECTION('',(-0.988333101491,-6.497010428129E-02,0.137755457411
    ));
#8712 = PCURVE('',#8602,#8713);
#8713 = DEFINITIONAL_REPRESENTATION('',(#8714),#8718);
#8714 = ELLIPSE('',#8715,1.110588045476,1.1);
#8715 = AXIS2_PLACEMENT_2D('',#8716,#8717);
#8716 = CARTESIAN_POINT('',(-0.242724395866,-4.919119475115));
#8717 = DIRECTION('',(-0.997887038126,-6.497275690433E-02));
#8718 = ( GEOMETRIC_REPRESENTATION_CONTEXT(2) 
PARAMETRIC_REPRESENTATION_CONTEXT() REPRESENTATION_CONTEXT('2D SPACE',''
  ) );
#8719 = PCURVE('',#8683,#8720);
#8720 = DEFINITIONAL_REPRESENTATION('',(#8721),#8729);
#8721 = B_SPLINE_CURVE_WITH_KNOTS('',6,(#8722,#8723,#8724,#8725,#8726,
    #8727,#8728),.UNSPECIFIED.,.F.,.F.,(7,7),(3.429004822092,
    4.73700260298),.PIECEWISE_BEZIER_KNOTS.);
#8722 = CARTESIAN_POINT('',(0.353054773902,2.276954444668));
#8723 = CARTESIAN_POINT('',(0.57105440405,2.28640869203));
#8724 = CARTESIAN_POINT('',(0.789054034198,2.304228962206));
#8725 = CARTESIAN_POINT('',(1.007053664346,2.32961276956));
#8726 = CARTESIAN_POINT('',(1.225053294493,2.360536819683));
#8727 = CARTESIAN_POINT('',(1.443052924641,2.39409215925));
#8728 = CARTESIAN_POINT('',(1.661052554789,2.427433725445));
#8729 = ( GEOMETRIC_REPRESENTATION_CONTEXT(2) 
PARAMETRIC_REPRESENTATION_CONTEXT() REPRESENTATION_CONTEXT('2D SPACE',''
  ) );
#8730 = ORIENTED_EDGE('',*,*,#8731,.T.);
#8731 = EDGE_CURVE('',#8704,#8732,#8734,.T.);
#8732 = VERTEX_POINT('',#8733);
#8733 = CARTESIAN_POINT('',(0.933784651263,3.735138605051,1.05));
#8734 = SURFACE_CURVE('',#8735,(#8739,#8746),.PCURVE_S1.);
#8735 = LINE('',#8736,#8737);
#8736 = CARTESIAN_POINT('',(0.,-2.88624346754,1.24));
#8737 = VECTOR('',#8738,1.);
#8738 = DIRECTION('',(0.139587507015,0.989802322473,-2.840229414465E-02)
  );
#8739 = PCURVE('',#8602,#8740);
#8740 = DEFINITIONAL_REPRESENTATION('',(#8741),#8745);
#8741 = LINE('',#8742,#8743);
#8742 = CARTESIAN_POINT('',(-0.246344042319,-7.805480783252));
#8743 = VECTOR('',#8744,1.);
#8744 = DIRECTION('',(0.142166666253,0.989842734482));
#8745 = ( GEOMETRIC_REPRESENTATION_CONTEXT(2) 
PARAMETRIC_REPRESENTATION_CONTEXT() REPRESENTATION_CONTEXT('2D SPACE',''
  ) );
#8746 = PCURVE('',#8747,#8752);
#8747 = PLANE('',#8748);
#8748 = AXIS2_PLACEMENT_3D('',#8749,#8750,#8751);
#8749 = CARTESIAN_POINT('',(0.535576288854,0.335098050751,1.09891913702)
  );
#8750 = DIRECTION('',(0.512931967008,-4.774212923693E-02,0.857100627883)
  );
#8751 = DIRECTION('',(0.858079100286,-3.469446951954E-18,-0.513517533928
    ));
#8752 = DEFINITIONAL_REPRESENTATION('',(#8753),#8756);
#8753 = B_SPLINE_CURVE_WITH_KNOTS('',1,(#8754,#8755),.UNSPECIFIED.,.F.,
  .F.,(2,2),(0.,6.689600460877),.PIECEWISE_BEZIER_KNOTS.);
#8754 = CARTESIAN_POINT('',(-0.532014316916,-3.225019025547));
#8755 = CARTESIAN_POINT('',(0.366815107947,3.403922065696));
#8756 = ( GEOMETRIC_REPRESENTATION_CONTEXT(2) 
PARAMETRIC_REPRESENTATION_CONTEXT() REPRESENTATION_CONTEXT('2D SPACE',''
  ) );
#8757 = ORIENTED_EDGE('',*,*,#8758,.T.);
#8758 = EDGE_CURVE('',#8732,#8582,#8759,.T.);
#8759 = SURFACE_CURVE('',#8760,(#8764,#8771),.PCURVE_S1.);
#8760 = LINE('',#8761,#8762);
#8761 = CARTESIAN_POINT('',(0.933784651263,3.735138605051,1.05));
#8762 = VECTOR('',#8763,1.);
#8763 = DIRECTION('',(-0.103217868372,0.994644913403,5.250513318076E-03)
  );
#8764 = PCURVE('',#8602,#8765);
#8765 = DEFINITIONAL_REPRESENTATION('',(#8766),#8770);
#8766 = LINE('',#8767,#8768);
#8767 = CARTESIAN_POINT('',(0.704694153768,-1.183828370467));
#8768 = VECTOR('',#8769,1.);
#8769 = DIRECTION('',(-0.102959749811,0.994685523127));
#8770 = ( GEOMETRIC_REPRESENTATION_CONTEXT(2) 
PARAMETRIC_REPRESENTATION_CONTEXT() REPRESENTATION_CONTEXT('2D SPACE',''
  ) );
#8771 = PCURVE('',#8772,#8777);
#8772 = PLANE('',#8773);
#8773 = AXIS2_PLACEMENT_3D('',#8774,#8775,#8776);
#8774 = CARTESIAN_POINT('',(0.465684462578,8.245922241468,1.006906175138
    ));
#8775 = DIRECTION('',(-0.994658623817,-0.103219291151,-0.));
#8776 = DIRECTION('',(0.103219291151,-0.994658623817,0.));
#8777 = DEFINITIONAL_REPRESENTATION('',(#8778),#8782);
#8778 = LINE('',#8779,#8780);
#8779 = CARTESIAN_POINT('',(4.5350068138,4.309382486231E-02));
#8780 = VECTOR('',#8781,1.);
#8781 = DIRECTION('',(-0.99998621596,5.250513318076E-03));
#8782 = ( GEOMETRIC_REPRESENTATION_CONTEXT(2) 
PARAMETRIC_REPRESENTATION_CONTEXT() REPRESENTATION_CONTEXT('2D SPACE',''
  ) );
#8783 = ADVANCED_FACE('',(#8784,#8866,#9007),#8683,.T.);
#8784 = FACE_BOUND('',#8785,.T.);
#8785 = EDGE_LOOP('',(#8786,#8811,#8838,#8839));
#8786 = ORIENTED_EDGE('',*,*,#8787,.T.);
#8787 = EDGE_CURVE('',#8788,#8790,#8792,.T.);
#8788 = VERTEX_POINT('',#8789);
#8789 = CARTESIAN_POINT('',(1.1,-2.694222958124E-16,-1.21));
#8790 = VERTEX_POINT('',#8791);
#8791 = CARTESIAN_POINT('',(1.1,-2.694222958124E-16,1.24));
#8792 = SEAM_CURVE('',#8793,(#8797,#8804),.PCURVE_S1.);
#8793 = LINE('',#8794,#8795);
#8794 = CARTESIAN_POINT('',(1.1,-2.694222958124E-16,-1.21));
#8795 = VECTOR('',#8796,1.);
#8796 = DIRECTION('',(0.,0.,1.));
#8797 = PCURVE('',#8683,#8798);
#8798 = DEFINITIONAL_REPRESENTATION('',(#8799),#8803);
#8799 = LINE('',#8800,#8801);
#8800 = CARTESIAN_POINT('',(6.28318530718,-0.));
#8801 = VECTOR('',#8802,1.);
#8802 = DIRECTION('',(0.,1.));
#8803 = ( GEOMETRIC_REPRESENTATION_CONTEXT(2) 
PARAMETRIC_REPRESENTATION_CONTEXT() REPRESENTATION_CONTEXT('2D SPACE',''
  ) );
#8804 = PCURVE('',#8683,#8805);
#8805 = DEFINITIONAL_REPRESENTATION('',(#8806),#8810);
#8806 = LINE('',#8807,#8808);
#8807 = CARTESIAN_POINT('',(0.,-0.));
#8808 = VECTOR('',#8809,1.);
#8809 = DIRECTION('',(0.,1.));
#8810 = ( GEOMETRIC_REPRESENTATION_CONTEXT(2) 
PARAMETRIC_REPRESENTATION_CONTEXT() REPRESENTATION_CONTEXT('2D SPACE',''
  ) );
#8811 = ORIENTED_EDGE('',*,*,#8812,.F.);
#8812 = EDGE_CURVE('',#8790,#8790,#8813,.T.);
#8813 = SURFACE_CURVE('',#8814,(#8819,#8826),.PCURVE_S1.);
#8814 = CIRCLE('',#8815,1.1);
#8815 = AXIS2_PLACEMENT_3D('',#8816,#8817,#8818);
#8816 = CARTESIAN_POINT('',(0.,0.,1.24));
#8817 = DIRECTION('',(0.,0.,1.));
#8818 = DIRECTION('',(1.,0.,-0.));
#8819 = PCURVE('',#8683,#8820);
#8820 = DEFINITIONAL_REPRESENTATION('',(#8821),#8825);
#8821 = LINE('',#8822,#8823);
#8822 = CARTESIAN_POINT('',(0.,2.45));
#8823 = VECTOR('',#8824,1.);
#8824 = DIRECTION('',(1.,0.));
#8825 = ( GEOMETRIC_REPRESENTATION_CONTEXT(2) 
PARAMETRIC_REPRESENTATION_CONTEXT() REPRESENTATION_CONTEXT('2D SPACE',''
  ) );
#8826 = PCURVE('',#8827,#8832);
#8827 = PLANE('',#8828);
#8828 = AXIS2_PLACEMENT_3D('',#8829,#8830,#8831);
#8829 = CARTESIAN_POINT('',(0.,0.,1.24));
#8830 = DIRECTION('',(0.,0.,1.));
#8831 = DIRECTION('',(1.,0.,-0.));
#8832 = DEFINITIONAL_REPRESENTATION('',(#8833),#8837);
#8833 = CIRCLE('',#8834,1.1);
#8834 = AXIS2_PLACEMENT_2D('',#8835,#8836);
#8835 = CARTESIAN_POINT('',(0.,0.));
#8836 = DIRECTION('',(1.,0.));
#8837 = ( GEOMETRIC_REPRESENTATION_CONTEXT(2) 
PARAMETRIC_REPRESENTATION_CONTEXT() REPRESENTATION_CONTEXT('2D SPACE',''
  ) );
#8838 = ORIENTED_EDGE('',*,*,#8787,.F.);
#8839 = ORIENTED_EDGE('',*,*,#8840,.T.);
#8840 = EDGE_CURVE('',#8788,#8788,#8841,.T.);
#8841 = SURFACE_CURVE('',#8842,(#8847,#8854),.PCURVE_S1.);
#8842 = CIRCLE('',#8843,1.1);
#8843 = AXIS2_PLACEMENT_3D('',#8844,#8845,#8846);
#8844 = CARTESIAN_POINT('',(0.,0.,-1.21));
#8845 = DIRECTION('',(0.,0.,1.));
#8846 = DIRECTION('',(1.,0.,-0.));
#8847 = PCURVE('',#8683,#8848);
#8848 = DEFINITIONAL_REPRESENTATION('',(#8849),#8853);
#8849 = LINE('',#8850,#8851);
#8850 = CARTESIAN_POINT('',(0.,0.));
#8851 = VECTOR('',#8852,1.);
#8852 = DIRECTION('',(1.,0.));
#8853 = ( GEOMETRIC_REPRESENTATION_CONTEXT(2) 
PARAMETRIC_REPRESENTATION_CONTEXT() REPRESENTATION_CONTEXT('2D SPACE',''
  ) );
#8854 = PCURVE('',#8855,#8860);
#8855 = PLANE('',#8856);
#8856 = AXIS2_PLACEMENT_3D('',#8857,#8858,#8859);
#8857 = CARTESIAN_POINT('',(0.,0.,-1.21));
#8858 = DIRECTION('',(0.,0.,1.));
#8859 = DIRECTION('',(1.,0.,-0.));
#8860 = DEFINITIONAL_REPRESENTATION('',(#8861),#8865);
#8861 = CIRCLE('',#8862,1.1);
#8862 = AXIS2_PLACEMENT_2D('',#8863,#8864);
#8863 = CARTESIAN_POINT('',(0.,0.));
#8864 = DIRECTION('',(1.,0.));
#8865 = ( GEOMETRIC_REPRESENTATION_CONTEXT(2) 
PARAMETRIC_REPRESENTATION_CONTEXT() REPRESENTATION_CONTEXT('2D SPACE',''
  ) );
#8866 = FACE_BOUND('',#8867,.T.);
#8867 = EDGE_LOOP('',(#8868,#8869,#8870,#8897,#8923,#8956,#8982));
#8868 = ORIENTED_EDGE('',*,*,#8703,.T.);
#8869 = ORIENTED_EDGE('',*,*,#8668,.T.);
#8870 = ORIENTED_EDGE('',*,*,#8871,.T.);
#8871 = EDGE_CURVE('',#8642,#8872,#8874,.T.);
#8872 = VERTEX_POINT('',#8873);
#8873 = CARTESIAN_POINT('',(-0.667508308738,0.874318396104,1.05));
#8874 = SURFACE_CURVE('',#8875,(#8880,#8890),.PCURVE_S1.);
#8875 = ELLIPSE('',#8876,1.283396563035,1.1);
#8876 = AXIS2_PLACEMENT_3D('',#8877,#8878,#8879);
#8877 = CARTESIAN_POINT('',(0.,0.,1.400769230769));
#8878 = DIRECTION('',(-0.512931967008,-4.774212923693E-02,0.857100627883
    ));
#8879 = DIRECTION('',(0.853411912262,7.943295491056E-02,0.51514902085));
#8880 = PCURVE('',#8683,#8881);
#8881 = DEFINITIONAL_REPRESENTATION('',(#8882),#8889);
#8882 = B_SPLINE_CURVE_WITH_KNOTS('',5,(#8883,#8884,#8885,#8886,#8887,
    #8888),.UNSPECIFIED.,.F.,.F.,(6,6),(1.816427538082,2.491415845944),
  .PIECEWISE_BEZIER_KNOTS.);
#8883 = CARTESIAN_POINT('',(1.909237064853,2.4500006));
#8884 = CARTESIAN_POINT('',(2.044234726426,2.363427179015));
#8885 = CARTESIAN_POINT('',(2.179232387998,2.280515161195));
#8886 = CARTESIAN_POINT('',(2.314230049571,2.204557753917));
#8887 = CARTESIAN_POINT('',(2.449227711143,2.138543667657));
#8888 = CARTESIAN_POINT('',(2.584225372716,2.084516755144));
#8889 = ( GEOMETRIC_REPRESENTATION_CONTEXT(2) 
PARAMETRIC_REPRESENTATION_CONTEXT() REPRESENTATION_CONTEXT('2D SPACE',''
  ) );
#8890 = PCURVE('',#8657,#8891);
#8891 = DEFINITIONAL_REPRESENTATION('',(#8892),#8896);
#8892 = ELLIPSE('',#8893,1.283396563035,1.1);
#8893 = AXIS2_PLACEMENT_2D('',#8894,#8895);
#8894 = CARTESIAN_POINT('',(0.614572135833,-0.335480601159));
#8895 = DIRECTION('',(0.99683298064,7.952363615824E-02));
#8896 = ( GEOMETRIC_REPRESENTATION_CONTEXT(2) 
PARAMETRIC_REPRESENTATION_CONTEXT() REPRESENTATION_CONTEXT('2D SPACE',''
  ) );
#8897 = ORIENTED_EDGE('',*,*,#8898,.F.);
#8898 = EDGE_CURVE('',#8899,#8872,#8901,.T.);
#8899 = VERTEX_POINT('',#8900);
#8900 = CARTESIAN_POINT('',(-0.667508308738,0.874318396104,0.94));
#8901 = SURFACE_CURVE('',#8902,(#8906,#8912),.PCURVE_S1.);
#8902 = LINE('',#8903,#8904);
#8903 = CARTESIAN_POINT('',(-0.667508308738,0.874318396104,-1.21));
#8904 = VECTOR('',#8905,1.);
#8905 = DIRECTION('',(0.,0.,1.));
#8906 = PCURVE('',#8683,#8907);
#8907 = DEFINITIONAL_REPRESENTATION('',(#8908),#8911);
#8908 = B_SPLINE_CURVE_WITH_KNOTS('',1,(#8909,#8910),.UNSPECIFIED.,.F.,
  .F.,(2,2),(2.139,2.271),.PIECEWISE_BEZIER_KNOTS.);
#8909 = CARTESIAN_POINT('',(2.222857184959,2.139));
#8910 = CARTESIAN_POINT('',(2.222857184959,2.271));
#8911 = ( GEOMETRIC_REPRESENTATION_CONTEXT(2) 
PARAMETRIC_REPRESENTATION_CONTEXT() REPRESENTATION_CONTEXT('2D SPACE',''
  ) );
#8912 = PCURVE('',#8913,#8918);
#8913 = PLANE('',#8914);
#8914 = AXIS2_PLACEMENT_3D('',#8915,#8916,#8917);
#8915 = CARTESIAN_POINT('',(-0.625635716346,0.424447568756,0.995));
#8916 = DIRECTION('',(0.99569628641,9.267634665814E-02,0.));
#8917 = DIRECTION('',(-9.267634665814E-02,0.99569628641,0.));
#8918 = DEFINITIONAL_REPRESENTATION('',(#8919),#8922);
#8919 = B_SPLINE_CURVE_WITH_KNOTS('',1,(#8920,#8921),.UNSPECIFIED.,.F.,
  .F.,(2,2),(2.139,2.271),.PIECEWISE_BEZIER_KNOTS.);
#8920 = CARTESIAN_POINT('',(0.451815311043,-6.6E-02));
#8921 = CARTESIAN_POINT('',(0.451815311043,6.6E-02));
#8922 = ( GEOMETRIC_REPRESENTATION_CONTEXT(2) 
PARAMETRIC_REPRESENTATION_CONTEXT() REPRESENTATION_CONTEXT('2D SPACE',''
  ) );
#8923 = ORIENTED_EDGE('',*,*,#8924,.F.);
#8924 = EDGE_CURVE('',#8925,#8899,#8927,.T.);
#8925 = VERTEX_POINT('',#8926);
#8926 = CARTESIAN_POINT('',(0.667508308738,0.874318396104,0.94));
#8927 = SURFACE_CURVE('',#8928,(#8933,#8940),.PCURVE_S1.);
#8928 = CIRCLE('',#8929,1.1);
#8929 = AXIS2_PLACEMENT_3D('',#8930,#8931,#8932);
#8930 = CARTESIAN_POINT('',(0.,0.,0.94));
#8931 = DIRECTION('',(0.,0.,1.));
#8932 = DIRECTION('',(1.,0.,-0.));
#8933 = PCURVE('',#8683,#8934);
#8934 = DEFINITIONAL_REPRESENTATION('',(#8935),#8939);
#8935 = LINE('',#8936,#8937);
#8936 = CARTESIAN_POINT('',(0.,2.15));
#8937 = VECTOR('',#8938,1.);
#8938 = DIRECTION('',(1.,0.));
#8939 = ( GEOMETRIC_REPRESENTATION_CONTEXT(2) 
PARAMETRIC_REPRESENTATION_CONTEXT() REPRESENTATION_CONTEXT('2D SPACE',''
  ) );
#8940 = PCURVE('',#8941,#8946);
#8941 = PLANE('',#8942);
#8942 = AXIS2_PLACEMENT_3D('',#8943,#8944,#8945);
#8943 = CARTESIAN_POINT('',(-2.773114038922E-17,4.770707349703,0.94));
#8944 = DIRECTION('',(-0.,-0.,-1.));
#8945 = DIRECTION('',(-1.,0.,0.));
#8946 = DEFINITIONAL_REPRESENTATION('',(#8947),#8955);
#8947 = ( BOUNDED_CURVE() B_SPLINE_CURVE(2,(#8948,#8949,#8950,#8951,
#8952,#8953,#8954),.UNSPECIFIED.,.T.,.F.) B_SPLINE_CURVE_WITH_KNOTS((1,2
    ,2,2,2,1),(-2.094395102393,0.,2.094395102393,4.188790204786,
6.28318530718,8.377580409573),.UNSPECIFIED.) CURVE() 
GEOMETRIC_REPRESENTATION_ITEM() RATIONAL_B_SPLINE_CURVE((1.,0.5,1.,0.5,
1.,0.5,1.)) REPRESENTATION_ITEM('') );
#8948 = CARTESIAN_POINT('',(-1.1,-4.770707349703));
#8949 = CARTESIAN_POINT('',(-1.1,-2.865451461377));
#8950 = CARTESIAN_POINT('',(0.55,-3.81807940554));
#8951 = CARTESIAN_POINT('',(2.2,-4.770707349703));
#8952 = CARTESIAN_POINT('',(0.55,-5.723335293866));
#8953 = CARTESIAN_POINT('',(-1.1,-6.675963238028));
#8954 = CARTESIAN_POINT('',(-1.1,-4.770707349703));
#8955 = ( GEOMETRIC_REPRESENTATION_CONTEXT(2) 
PARAMETRIC_REPRESENTATION_CONTEXT() REPRESENTATION_CONTEXT('2D SPACE',''
  ) );
#8956 = ORIENTED_EDGE('',*,*,#8957,.T.);
#8957 = EDGE_CURVE('',#8925,#8958,#8960,.T.);
#8958 = VERTEX_POINT('',#8959);
#8959 = CARTESIAN_POINT('',(0.667508308738,0.874318396104,1.05));
#8960 = SURFACE_CURVE('',#8961,(#8965,#8971),.PCURVE_S1.);
#8961 = LINE('',#8962,#8963);
#8962 = CARTESIAN_POINT('',(0.667508308738,0.874318396104,-1.21));
#8963 = VECTOR('',#8964,1.);
#8964 = DIRECTION('',(0.,0.,1.));
#8965 = PCURVE('',#8683,#8966);
#8966 = DEFINITIONAL_REPRESENTATION('',(#8967),#8970);
#8967 = B_SPLINE_CURVE_WITH_KNOTS('',1,(#8968,#8969),.UNSPECIFIED.,.F.,
  .F.,(2,2),(2.139,2.271),.PIECEWISE_BEZIER_KNOTS.);
#8968 = CARTESIAN_POINT('',(0.918735468631,2.139));
#8969 = CARTESIAN_POINT('',(0.918735468631,2.271));
#8970 = ( GEOMETRIC_REPRESENTATION_CONTEXT(2) 
PARAMETRIC_REPRESENTATION_CONTEXT() REPRESENTATION_CONTEXT('2D SPACE',''
  ) );
#8971 = PCURVE('',#8972,#8977);
#8972 = PLANE('',#8973);
#8973 = AXIS2_PLACEMENT_3D('',#8974,#8975,#8976);
#8974 = CARTESIAN_POINT('',(0.625635716346,0.424447568756,0.995));
#8975 = DIRECTION('',(-0.99569628641,9.267634665814E-02,-0.));
#8976 = DIRECTION('',(-9.267634665814E-02,-0.99569628641,0.));
#8977 = DEFINITIONAL_REPRESENTATION('',(#8978),#8981);
#8978 = B_SPLINE_CURVE_WITH_KNOTS('',1,(#8979,#8980),.UNSPECIFIED.,.F.,
  .F.,(2,2),(2.139,2.271),.PIECEWISE_BEZIER_KNOTS.);
#8979 = CARTESIAN_POINT('',(-0.451815311043,-6.6E-02));
#8980 = CARTESIAN_POINT('',(-0.451815311043,6.6E-02));
#8981 = ( GEOMETRIC_REPRESENTATION_CONTEXT(2) 
PARAMETRIC_REPRESENTATION_CONTEXT() REPRESENTATION_CONTEXT('2D SPACE',''
  ) );
#8982 = ORIENTED_EDGE('',*,*,#8983,.T.);
#8983 = EDGE_CURVE('',#8958,#8704,#8984,.T.);
#8984 = SURFACE_CURVE('',#8985,(#8990,#9000),.PCURVE_S1.);
#8985 = ELLIPSE('',#8986,1.283396563035,1.1);
#8986 = AXIS2_PLACEMENT_3D('',#8987,#8988,#8989);
#8987 = CARTESIAN_POINT('',(0.,0.,1.400769230769));
#8988 = DIRECTION('',(0.512931967008,-4.774212923693E-02,0.857100627883)
  );
#8989 = DIRECTION('',(-0.853411912262,7.943295491056E-02,0.51514902085)
  );
#8990 = PCURVE('',#8683,#8991);
#8991 = DEFINITIONAL_REPRESENTATION('',(#8992),#8999);
#8992 = B_SPLINE_CURVE_WITH_KNOTS('',5,(#8993,#8994,#8995,#8996,#8997,
    #8998),.UNSPECIFIED.,.F.,.F.,(6,6),(3.791769461235,4.466757769098),
  .PIECEWISE_BEZIER_KNOTS.);
#8993 = CARTESIAN_POINT('',(0.557367280874,2.084516755144));
#8994 = CARTESIAN_POINT('',(0.692364942446,2.138543667657));
#8995 = CARTESIAN_POINT('',(0.827362604019,2.204557753917));
#8996 = CARTESIAN_POINT('',(0.962360265591,2.280515161195));
#8997 = CARTESIAN_POINT('',(1.097357927164,2.363427179015));
#8998 = CARTESIAN_POINT('',(1.232355588736,2.4500006));
#8999 = ( GEOMETRIC_REPRESENTATION_CONTEXT(2) 
PARAMETRIC_REPRESENTATION_CONTEXT() REPRESENTATION_CONTEXT('2D SPACE',''
  ) );
#9000 = PCURVE('',#8747,#9001);
#9001 = DEFINITIONAL_REPRESENTATION('',(#9002),#9006);
#9002 = ELLIPSE('',#9003,1.283396563035,1.1);
#9003 = AXIS2_PLACEMENT_2D('',#9004,#9005);
#9004 = CARTESIAN_POINT('',(-0.614572135833,-0.335480601159));
#9005 = DIRECTION('',(-0.99683298064,7.952363615824E-02));
#9006 = ( GEOMETRIC_REPRESENTATION_CONTEXT(2) 
PARAMETRIC_REPRESENTATION_CONTEXT() REPRESENTATION_CONTEXT('2D SPACE',''
  ) );
#9007 = FACE_BOUND('',#9008,.T.);
#9008 = EDGE_LOOP('',(#9009,#9044,#9077,#9110,#9143,#9169,#9202));
#9009 = ORIENTED_EDGE('',*,*,#9010,.T.);
#9010 = EDGE_CURVE('',#9011,#9013,#9015,.T.);
#9011 = VERTEX_POINT('',#9012);
#9012 = CARTESIAN_POINT('',(-0.494682156069,-0.982491508598,1.05));
#9013 = VERTEX_POINT('',#9014);
#9014 = CARTESIAN_POINT('',(-0.25617142136,-1.069755206988,
    1.187876022601));
#9015 = SURFACE_CURVE('',#9016,(#9021,#9032),.PCURVE_S1.);
#9016 = ELLIPSE('',#9017,1.283396563035,1.1);
#9017 = AXIS2_PLACEMENT_3D('',#9018,#9019,#9020);
#9018 = CARTESIAN_POINT('',(0.,0.,1.400769230769));
#9019 = DIRECTION('',(-0.512931967008,-4.774212923693E-02,0.857100627883
    ));
#9020 = DIRECTION('',(0.853411912262,7.943295491056E-02,0.51514902085));
#9021 = PCURVE('',#8683,#9022);
#9022 = DEFINITIONAL_REPRESENTATION('',(#9023),#9031);
#9023 = B_SPLINE_CURVE_WITH_KNOTS('',6,(#9024,#9025,#9026,#9027,#9028,
    #9029,#9030),.UNSPECIFIED.,.F.,.F.,(7,7),(3.655229370955,
    4.466757769098),.PIECEWISE_BEZIER_KNOTS.);
#9024 = CARTESIAN_POINT('',(3.748038897726,2.034940082819));
#9025 = CARTESIAN_POINT('',(3.88329363075,2.078877584482));
#9026 = CARTESIAN_POINT('',(4.018548363774,2.135455904443));
#9027 = CARTESIAN_POINT('',(4.153803096798,2.203229204543));
#9028 = CARTESIAN_POINT('',(4.289057829822,2.280053474699));
#9029 = CARTESIAN_POINT('',(4.424312562845,2.363262320196));
#9030 = CARTESIAN_POINT('',(4.559567295869,2.4500006));
#9031 = ( GEOMETRIC_REPRESENTATION_CONTEXT(2) 
PARAMETRIC_REPRESENTATION_CONTEXT() REPRESENTATION_CONTEXT('2D SPACE',''
  ) );
#9032 = PCURVE('',#9033,#9038);
#9033 = PLANE('',#9034);
#9034 = AXIS2_PLACEMENT_3D('',#9035,#9036,#9037);
#9035 = CARTESIAN_POINT('',(-0.535576288854,0.335098050751,1.09891913702
    ));
#9036 = DIRECTION('',(-0.512931967008,-4.774212923693E-02,0.857100627883
    ));
#9037 = DIRECTION('',(0.858079100286,3.469446951954E-18,0.513517533928)
  );
#9038 = DEFINITIONAL_REPRESENTATION('',(#9039),#9043);
#9039 = ELLIPSE('',#9040,1.283396563035,1.1);
#9040 = AXIS2_PLACEMENT_2D('',#9041,#9042);
#9041 = CARTESIAN_POINT('',(0.614572135833,-0.335480601159));
#9042 = DIRECTION('',(0.99683298064,7.952363615824E-02));
#9043 = ( GEOMETRIC_REPRESENTATION_CONTEXT(2) 
PARAMETRIC_REPRESENTATION_CONTEXT() REPRESENTATION_CONTEXT('2D SPACE',''
  ) );
#9044 = ORIENTED_EDGE('',*,*,#9045,.T.);
#9045 = EDGE_CURVE('',#9013,#9046,#9048,.T.);
#9046 = VERTEX_POINT('',#9047);
#9047 = CARTESIAN_POINT('',(0.,-1.1,1.223703901204));
#9048 = SURFACE_CURVE('',#9049,(#9054,#9065),.PCURVE_S1.);
#9049 = ELLIPSE('',#9050,1.110588045476,1.1);
#9050 = AXIS2_PLACEMENT_3D('',#9051,#9052,#9053);
#9051 = CARTESIAN_POINT('',(0.,0.,1.213668478261));
#9052 = DIRECTION('',(-0.137458773165,9.036134490926E-03,0.990466270982)
  );
#9053 = DIRECTION('',(0.988333101491,-6.497010428129E-02,0.137755457411)
  );
#9054 = PCURVE('',#8683,#9055);
#9055 = DEFINITIONAL_REPRESENTATION('',(#9056),#9064);
#9056 = B_SPLINE_CURVE_WITH_KNOTS('',6,(#9057,#9058,#9059,#9060,#9061,
    #9062,#9063),.UNSPECIFIED.,.F.,.F.,(7,7),(3.557805639391,
    4.865803420279),.PIECEWISE_BEZIER_KNOTS.);
#9057 = CARTESIAN_POINT('',(3.492163033992,2.28374015581));
#9058 = CARTESIAN_POINT('',(3.71016266414,2.297224223896));
#9059 = CARTESIAN_POINT('',(3.928162294287,2.318687249924));
#9060 = CARTESIAN_POINT('',(4.146161924435,2.346982668961));
#9061 = CARTESIAN_POINT('',(4.364161554583,2.379795176926));
#9062 = CARTESIAN_POINT('',(4.582161184731,2.414087371404));
#9063 = CARTESIAN_POINT('',(4.800160814879,2.447047326728));
#9064 = ( GEOMETRIC_REPRESENTATION_CONTEXT(2) 
PARAMETRIC_REPRESENTATION_CONTEXT() REPRESENTATION_CONTEXT('2D SPACE',''
  ) );
#9065 = PCURVE('',#9066,#9071);
#9066 = PLANE('',#9067);
#9067 = AXIS2_PLACEMENT_3D('',#9068,#9069,#9070);
#9068 = CARTESIAN_POINT('',(-0.234309874915,4.918918643716,
    1.136274668288));
#9069 = DIRECTION('',(-0.137458773165,9.036134490926E-03,0.990466270982)
  );
#9070 = DIRECTION('',(0.990506710099,0.,0.137464385382));
#9071 = DEFINITIONAL_REPRESENTATION('',(#9072),#9076);
#9072 = ELLIPSE('',#9073,1.110588045476,1.1);
#9073 = AXIS2_PLACEMENT_2D('',#9074,#9075);
#9074 = CARTESIAN_POINT('',(0.242724395866,-4.919119475115));
#9075 = DIRECTION('',(0.997887038126,-6.497275690433E-02));
#9076 = ( GEOMETRIC_REPRESENTATION_CONTEXT(2) 
PARAMETRIC_REPRESENTATION_CONTEXT() REPRESENTATION_CONTEXT('2D SPACE',''
  ) );
#9077 = ORIENTED_EDGE('',*,*,#9078,.T.);
#9078 = EDGE_CURVE('',#9046,#9079,#9081,.T.);
#9079 = VERTEX_POINT('',#9080);
#9080 = CARTESIAN_POINT('',(0.25617142136,-1.069755206988,1.187876022601
    ));
#9081 = SURFACE_CURVE('',#9082,(#9087,#9098),.PCURVE_S1.);
#9082 = ELLIPSE('',#9083,1.110588045476,1.1);
#9083 = AXIS2_PLACEMENT_3D('',#9084,#9085,#9086);
#9084 = CARTESIAN_POINT('',(0.,0.,1.213668478261));
#9085 = DIRECTION('',(0.137458773165,9.036134490926E-03,0.990466270982)
  );
#9086 = DIRECTION('',(-0.988333101491,-6.497010428129E-02,0.137755457411
    ));
#9087 = PCURVE('',#8683,#9088);
#9088 = DEFINITIONAL_REPRESENTATION('',(#9089),#9097);
#9089 = B_SPLINE_CURVE_WITH_KNOTS('',6,(#9090,#9091,#9092,#9093,#9094,
    #9095,#9096),.UNSPECIFIED.,.F.,.F.,(7,7),(1.417381886901,
    2.725379667788),.PIECEWISE_BEZIER_KNOTS.);
#9090 = CARTESIAN_POINT('',(4.62461714589,2.447047326728));
#9091 = CARTESIAN_POINT('',(4.842616776038,2.414087371404));
#9092 = CARTESIAN_POINT('',(5.060616406186,2.379795176926));
#9093 = CARTESIAN_POINT('',(5.278616036334,2.346982668961));
#9094 = CARTESIAN_POINT('',(5.496615666482,2.318687249924));
#9095 = CARTESIAN_POINT('',(5.71461529663,2.297224223896));
#9096 = CARTESIAN_POINT('',(5.932614926778,2.28374015581));
#9097 = ( GEOMETRIC_REPRESENTATION_CONTEXT(2) 
PARAMETRIC_REPRESENTATION_CONTEXT() REPRESENTATION_CONTEXT('2D SPACE',''
  ) );
#9098 = PCURVE('',#9099,#9104);
#9099 = PLANE('',#9100);
#9100 = AXIS2_PLACEMENT_3D('',#9101,#9102,#9103);
#9101 = CARTESIAN_POINT('',(0.234309874915,4.918918643716,1.136274668288
    ));
#9102 = DIRECTION('',(0.137458773165,9.036134490926E-03,0.990466270982)
  );
#9103 = DIRECTION('',(0.990506710099,0.,-0.137464385382));
#9104 = DEFINITIONAL_REPRESENTATION('',(#9105),#9109);
#9105 = ELLIPSE('',#9106,1.110588045476,1.1);
#9106 = AXIS2_PLACEMENT_2D('',#9107,#9108);
#9107 = CARTESIAN_POINT('',(-0.242724395866,-4.919119475115));
#9108 = DIRECTION('',(-0.997887038126,-6.497275690433E-02));
#9109 = ( GEOMETRIC_REPRESENTATION_CONTEXT(2) 
PARAMETRIC_REPRESENTATION_CONTEXT() REPRESENTATION_CONTEXT('2D SPACE',''
  ) );
#9110 = ORIENTED_EDGE('',*,*,#9111,.T.);
#9111 = EDGE_CURVE('',#9079,#9112,#9114,.T.);
#9112 = VERTEX_POINT('',#9113);
#9113 = CARTESIAN_POINT('',(0.494682156069,-0.982491508598,1.05));
#9114 = SURFACE_CURVE('',#9115,(#9120,#9131),.PCURVE_S1.);
#9115 = ELLIPSE('',#9116,1.283396563035,1.1);
#9116 = AXIS2_PLACEMENT_3D('',#9117,#9118,#9119);
#9117 = CARTESIAN_POINT('',(0.,0.,1.400769230769));
#9118 = DIRECTION('',(0.512931967008,-4.774212923693E-02,0.857100627883)
  );
#9119 = DIRECTION('',(-0.853411912262,7.943295491056E-02,0.51514902085)
  );
#9120 = PCURVE('',#8683,#9121);
#9121 = DEFINITIONAL_REPRESENTATION('',(#9122),#9130);
#9122 = B_SPLINE_CURVE_WITH_KNOTS('',6,(#9123,#9124,#9125,#9126,#9127,
    #9128,#9129),.UNSPECIFIED.,.F.,.F.,(7,7),(1.816427538082,
    2.627955936225),.PIECEWISE_BEZIER_KNOTS.);
#9123 = CARTESIAN_POINT('',(4.8652106649,2.4500006));
#9124 = CARTESIAN_POINT('',(5.000465397924,2.363262320196));
#9125 = CARTESIAN_POINT('',(5.135720130948,2.280053474699));
#9126 = CARTESIAN_POINT('',(5.270974863971,2.203229204543));
#9127 = CARTESIAN_POINT('',(5.406229596996,2.135455904443));
#9128 = CARTESIAN_POINT('',(5.541484330019,2.078877584482));
#9129 = CARTESIAN_POINT('',(5.676739063043,2.034940082819));
#9130 = ( GEOMETRIC_REPRESENTATION_CONTEXT(2) 
PARAMETRIC_REPRESENTATION_CONTEXT() REPRESENTATION_CONTEXT('2D SPACE',''
  ) );
#9131 = PCURVE('',#9132,#9137);
#9132 = PLANE('',#9133);
#9133 = AXIS2_PLACEMENT_3D('',#9134,#9135,#9136);
#9134 = CARTESIAN_POINT('',(0.535576288854,0.335098050751,1.09891913702)
  );
#9135 = DIRECTION('',(0.512931967008,-4.774212923693E-02,0.857100627883)
  );
#9136 = DIRECTION('',(0.858079100286,-3.469446951954E-18,-0.513517533928
    ));
#9137 = DEFINITIONAL_REPRESENTATION('',(#9138),#9142);
#9138 = ELLIPSE('',#9139,1.283396563035,1.1);
#9139 = AXIS2_PLACEMENT_2D('',#9140,#9141);
#9140 = CARTESIAN_POINT('',(-0.614572135833,-0.335480601159));
#9141 = DIRECTION('',(-0.99683298064,7.952363615824E-02));
#9142 = ( GEOMETRIC_REPRESENTATION_CONTEXT(2) 
PARAMETRIC_REPRESENTATION_CONTEXT() REPRESENTATION_CONTEXT('2D SPACE',''
  ) );
#9143 = ORIENTED_EDGE('',*,*,#9144,.F.);
#9144 = EDGE_CURVE('',#9145,#9112,#9147,.T.);
#9145 = VERTEX_POINT('',#9146);
#9146 = CARTESIAN_POINT('',(0.494682156069,-0.982491508598,0.94));
#9147 = SURFACE_CURVE('',#9148,(#9152,#9158),.PCURVE_S1.);
#9148 = LINE('',#9149,#9150);
#9149 = CARTESIAN_POINT('',(0.494682156069,-0.982491508598,-1.21));
#9150 = VECTOR('',#9151,1.);
#9151 = DIRECTION('',(0.,0.,1.));
#9152 = PCURVE('',#8683,#9153);
#9153 = DEFINITIONAL_REPRESENTATION('',(#9154),#9157);
#9154 = B_SPLINE_CURVE_WITH_KNOTS('',1,(#9155,#9156),.UNSPECIFIED.,.F.,
  .F.,(2,2),(2.139,2.271),.PIECEWISE_BEZIER_KNOTS.);
#9155 = CARTESIAN_POINT('',(5.178830785006,2.139));
#9156 = CARTESIAN_POINT('',(5.178830785006,2.271));
#9157 = ( GEOMETRIC_REPRESENTATION_CONTEXT(2) 
PARAMETRIC_REPRESENTATION_CONTEXT() REPRESENTATION_CONTEXT('2D SPACE',''
  ) );
#9158 = PCURVE('',#9159,#9164);
#9159 = PLANE('',#9160);
#9160 = AXIS2_PLACEMENT_3D('',#9161,#9162,#9163);
#9161 = CARTESIAN_POINT('',(0.625635716346,0.424447568756,0.995));
#9162 = DIRECTION('',(-0.99569628641,9.267634665814E-02,-0.));
#9163 = DIRECTION('',(-9.267634665814E-02,-0.99569628641,0.));
#9164 = DEFINITIONAL_REPRESENTATION('',(#9165),#9168);
#9165 = B_SPLINE_CURVE_WITH_KNOTS('',1,(#9166,#9167),.UNSPECIFIED.,.F.,
  .F.,(2,2),(2.139,2.271),.PIECEWISE_BEZIER_KNOTS.);
#9166 = CARTESIAN_POINT('',(1.413020312074,-6.6E-02));
#9167 = CARTESIAN_POINT('',(1.413020312074,6.6E-02));
#9168 = ( GEOMETRIC_REPRESENTATION_CONTEXT(2) 
PARAMETRIC_REPRESENTATION_CONTEXT() REPRESENTATION_CONTEXT('2D SPACE',''
  ) );
#9169 = ORIENTED_EDGE('',*,*,#9170,.F.);
#9170 = EDGE_CURVE('',#9171,#9145,#9173,.T.);
#9171 = VERTEX_POINT('',#9172);
#9172 = CARTESIAN_POINT('',(-0.494682156069,-0.982491508598,0.94));
#9173 = SURFACE_CURVE('',#9174,(#9179,#9186),.PCURVE_S1.);
#9174 = CIRCLE('',#9175,1.1);
#9175 = AXIS2_PLACEMENT_3D('',#9176,#9177,#9178);
#9176 = CARTESIAN_POINT('',(0.,0.,0.94));
#9177 = DIRECTION('',(0.,0.,1.));
#9178 = DIRECTION('',(1.,0.,-0.));
#9179 = PCURVE('',#8683,#9180);
#9180 = DEFINITIONAL_REPRESENTATION('',(#9181),#9185);
#9181 = LINE('',#9182,#9183);
#9182 = CARTESIAN_POINT('',(0.,2.15));
#9183 = VECTOR('',#9184,1.);
#9184 = DIRECTION('',(1.,0.));
#9185 = ( GEOMETRIC_REPRESENTATION_CONTEXT(2) 
PARAMETRIC_REPRESENTATION_CONTEXT() REPRESENTATION_CONTEXT('2D SPACE',''
  ) );
#9186 = PCURVE('',#9187,#9192);
#9187 = PLANE('',#9188);
#9188 = AXIS2_PLACEMENT_3D('',#9189,#9190,#9191);
#9189 = CARTESIAN_POINT('',(-2.773114038922E-17,4.770707349703,0.94));
#9190 = DIRECTION('',(-0.,-0.,-1.));
#9191 = DIRECTION('',(-1.,0.,0.));
#9192 = DEFINITIONAL_REPRESENTATION('',(#9193),#9201);
#9193 = ( BOUNDED_CURVE() B_SPLINE_CURVE(2,(#9194,#9195,#9196,#9197,
#9198,#9199,#9200),.UNSPECIFIED.,.T.,.F.) B_SPLINE_CURVE_WITH_KNOTS((1,2
    ,2,2,2,1),(-2.094395102393,0.,2.094395102393,4.188790204786,
6.28318530718,8.377580409573),.UNSPECIFIED.) CURVE() 
GEOMETRIC_REPRESENTATION_ITEM() RATIONAL_B_SPLINE_CURVE((1.,0.5,1.,0.5,
1.,0.5,1.)) REPRESENTATION_ITEM('') );
#9194 = CARTESIAN_POINT('',(-1.1,-4.770707349703));
#9195 = CARTESIAN_POINT('',(-1.1,-2.865451461377));
#9196 = CARTESIAN_POINT('',(0.55,-3.81807940554));
#9197 = CARTESIAN_POINT('',(2.2,-4.770707349703));
#9198 = CARTESIAN_POINT('',(0.55,-5.723335293866));
#9199 = CARTESIAN_POINT('',(-1.1,-6.675963238028));
#9200 = CARTESIAN_POINT('',(-1.1,-4.770707349703));
#9201 = ( GEOMETRIC_REPRESENTATION_CONTEXT(2) 
PARAMETRIC_REPRESENTATION_CONTEXT() REPRESENTATION_CONTEXT('2D SPACE',''
  ) );
#9202 = ORIENTED_EDGE('',*,*,#9203,.T.);
#9203 = EDGE_CURVE('',#9171,#9011,#9204,.T.);
#9204 = SURFACE_CURVE('',#9205,(#9209,#9215),.PCURVE_S1.);
#9205 = LINE('',#9206,#9207);
#9206 = CARTESIAN_POINT('',(-0.494682156069,-0.982491508598,-1.21));
#9207 = VECTOR('',#9208,1.);
#9208 = DIRECTION('',(0.,0.,1.));
#9209 = PCURVE('',#8683,#9210);
#9210 = DEFINITIONAL_REPRESENTATION('',(#9211),#9214);
#9211 = B_SPLINE_CURVE_WITH_KNOTS('',1,(#9212,#9213),.UNSPECIFIED.,.F.,
  .F.,(2,2),(2.139,2.271),.PIECEWISE_BEZIER_KNOTS.);
#9212 = CARTESIAN_POINT('',(4.245947175764,2.139));
#9213 = CARTESIAN_POINT('',(4.245947175764,2.271));
#9214 = ( GEOMETRIC_REPRESENTATION_CONTEXT(2) 
PARAMETRIC_REPRESENTATION_CONTEXT() REPRESENTATION_CONTEXT('2D SPACE',''
  ) );
#9215 = PCURVE('',#9216,#9221);
#9216 = PLANE('',#9217);
#9217 = AXIS2_PLACEMENT_3D('',#9218,#9219,#9220);
#9218 = CARTESIAN_POINT('',(-0.625635716346,0.424447568756,0.995));
#9219 = DIRECTION('',(0.99569628641,9.267634665814E-02,0.));
#9220 = DIRECTION('',(-9.267634665814E-02,0.99569628641,0.));
#9221 = DEFINITIONAL_REPRESENTATION('',(#9222),#9225);
#9222 = B_SPLINE_CURVE_WITH_KNOTS('',1,(#9223,#9224),.UNSPECIFIED.,.F.,
  .F.,(2,2),(2.139,2.271),.PIECEWISE_BEZIER_KNOTS.);
#9223 = CARTESIAN_POINT('',(-1.413020312074,-6.6E-02));
#9224 = CARTESIAN_POINT('',(-1.413020312074,6.6E-02));
#9225 = ( GEOMETRIC_REPRESENTATION_CONTEXT(2) 
PARAMETRIC_REPRESENTATION_CONTEXT() REPRESENTATION_CONTEXT('2D SPACE',''
  ) );
#9226 = ADVANCED_FACE('',(#9227),#8657,.T.);
#9227 = FACE_BOUND('',#9228,.T.);
#9228 = EDGE_LOOP('',(#9229,#9230,#9251));
#9229 = ORIENTED_EDGE('',*,*,#8641,.F.);
#9230 = ORIENTED_EDGE('',*,*,#9231,.T.);
#9231 = EDGE_CURVE('',#8614,#8872,#9232,.T.);
#9232 = SURFACE_CURVE('',#9233,(#9237,#9244),.PCURVE_S1.);
#9233 = LINE('',#9234,#9235);
#9234 = CARTESIAN_POINT('',(-0.933784651263,3.735138605051,1.05));
#9235 = VECTOR('',#9236,1.);
#9236 = DIRECTION('',(9.267634665814E-02,-0.99569628641,0.));
#9237 = PCURVE('',#8657,#9238);
#9238 = DEFINITIONAL_REPRESENTATION('',(#9239),#9243);
#9239 = LINE('',#9240,#9241);
#9240 = CARTESIAN_POINT('',(-0.366815107947,3.403922065696));
#9241 = VECTOR('',#9242,1.);
#9242 = DIRECTION('',(7.952363615824E-02,-0.99683298064));
#9243 = ( GEOMETRIC_REPRESENTATION_CONTEXT(2) 
PARAMETRIC_REPRESENTATION_CONTEXT() REPRESENTATION_CONTEXT('2D SPACE',''
  ) );
#9244 = PCURVE('',#8913,#9245);
#9245 = DEFINITIONAL_REPRESENTATION('',(#9246),#9250);
#9246 = LINE('',#9247,#9248);
#9247 = CARTESIAN_POINT('',(3.325000887804,5.5E-02));
#9248 = VECTOR('',#9249,1.);
#9249 = DIRECTION('',(-1.,0.));
#9250 = ( GEOMETRIC_REPRESENTATION_CONTEXT(2) 
PARAMETRIC_REPRESENTATION_CONTEXT() REPRESENTATION_CONTEXT('2D SPACE',''
  ) );
#9251 = ORIENTED_EDGE('',*,*,#8871,.F.);
#9252 = ADVANCED_FACE('',(#9253),#8629,.F.);
#9253 = FACE_BOUND('',#9254,.F.);
#9254 = EDGE_LOOP('',(#9255,#9277,#9278,#9300));
#9255 = ORIENTED_EDGE('',*,*,#9256,.T.);
#9256 = EDGE_CURVE('',#9257,#8582,#9259,.T.);
#9257 = VERTEX_POINT('',#9258);
#9258 = CARTESIAN_POINT('',(0.,12.733427062675,0.94));
#9259 = SURFACE_CURVE('',#9260,(#9264,#9271),.PCURVE_S1.);
#9260 = LINE('',#9261,#9262);
#9261 = CARTESIAN_POINT('',(0.,12.733427062675,0.94));
#9262 = VECTOR('',#9263,1.);
#9263 = DIRECTION('',(0.,0.,1.));
#9264 = PCURVE('',#8629,#9265);
#9265 = DEFINITIONAL_REPRESENTATION('',(#9266),#9270);
#9266 = LINE('',#9267,#9268);
#9267 = CARTESIAN_POINT('',(4.511602989963,-6.690617513769E-02));
#9268 = VECTOR('',#9269,1.);
#9269 = DIRECTION('',(0.,1.));
#9270 = ( GEOMETRIC_REPRESENTATION_CONTEXT(2) 
PARAMETRIC_REPRESENTATION_CONTEXT() REPRESENTATION_CONTEXT('2D SPACE',''
  ) );
#9271 = PCURVE('',#8772,#9272);
#9272 = DEFINITIONAL_REPRESENTATION('',(#9273),#9276);
#9273 = B_SPLINE_CURVE_WITH_KNOTS('',1,(#9274,#9275),.UNSPECIFIED.,.F.,
  .F.,(2,2),(0.,0.1575),.PIECEWISE_BEZIER_KNOTS.);
#9274 = CARTESIAN_POINT('',(-4.511602989963,-6.690617513769E-02));
#9275 = CARTESIAN_POINT('',(-4.511602989963,9.059382486231E-02));
#9276 = ( GEOMETRIC_REPRESENTATION_CONTEXT(2) 
PARAMETRIC_REPRESENTATION_CONTEXT() REPRESENTATION_CONTEXT('2D SPACE',''
  ) );
#9277 = ORIENTED_EDGE('',*,*,#8613,.T.);
#9278 = ORIENTED_EDGE('',*,*,#9279,.T.);
#9279 = EDGE_CURVE('',#8614,#9280,#9282,.T.);
#9280 = VERTEX_POINT('',#9281);
#9281 = CARTESIAN_POINT('',(-0.933784651263,3.735138605051,0.94));
#9282 = SURFACE_CURVE('',#9283,(#9287,#9294),.PCURVE_S1.);
#9283 = LINE('',#9284,#9285);
#9284 = CARTESIAN_POINT('',(-0.933784651263,3.735138605051,1.05));
#9285 = VECTOR('',#9286,1.);
#9286 = DIRECTION('',(0.,0.,-1.));
#9287 = PCURVE('',#8629,#9288);
#9288 = DEFINITIONAL_REPRESENTATION('',(#9289),#9293);
#9289 = LINE('',#9290,#9291);
#9290 = CARTESIAN_POINT('',(-4.5350068138,4.309382486231E-02));
#9291 = VECTOR('',#9292,1.);
#9292 = DIRECTION('',(0.,-1.));
#9293 = ( GEOMETRIC_REPRESENTATION_CONTEXT(2) 
PARAMETRIC_REPRESENTATION_CONTEXT() REPRESENTATION_CONTEXT('2D SPACE',''
  ) );
#9294 = PCURVE('',#8913,#9295);
#9295 = DEFINITIONAL_REPRESENTATION('',(#9296),#9299);
#9296 = B_SPLINE_CURVE_WITH_KNOTS('',1,(#9297,#9298),.UNSPECIFIED.,.F.,
  .F.,(2,2),(0.,0.11),.PIECEWISE_BEZIER_KNOTS.);
#9297 = CARTESIAN_POINT('',(3.325000887804,5.5E-02));
#9298 = CARTESIAN_POINT('',(3.325000887804,-5.5E-02));
#9299 = ( GEOMETRIC_REPRESENTATION_CONTEXT(2) 
PARAMETRIC_REPRESENTATION_CONTEXT() REPRESENTATION_CONTEXT('2D SPACE',''
  ) );
#9300 = ORIENTED_EDGE('',*,*,#9301,.T.);
#9301 = EDGE_CURVE('',#9280,#9257,#9302,.T.);
#9302 = SURFACE_CURVE('',#9303,(#9307,#9314),.PCURVE_S1.);
#9303 = LINE('',#9304,#9305);
#9304 = CARTESIAN_POINT('',(-0.933784651263,3.735138605051,0.94));
#9305 = VECTOR('',#9306,1.);
#9306 = DIRECTION('',(0.103219291151,0.994658623817,0.));
#9307 = PCURVE('',#8629,#9308);
#9308 = DEFINITIONAL_REPRESENTATION('',(#9309),#9313);
#9309 = LINE('',#9310,#9311);
#9310 = CARTESIAN_POINT('',(-4.5350068138,-6.690617513769E-02));
#9311 = VECTOR('',#9312,1.);
#9312 = DIRECTION('',(1.,2.465190328816E-32));
#9313 = ( GEOMETRIC_REPRESENTATION_CONTEXT(2) 
PARAMETRIC_REPRESENTATION_CONTEXT() REPRESENTATION_CONTEXT('2D SPACE',''
  ) );
#9314 = PCURVE('',#8941,#9315);
#9315 = DEFINITIONAL_REPRESENTATION('',(#9316),#9320);
#9316 = LINE('',#9317,#9318);
#9317 = CARTESIAN_POINT('',(0.933784651263,-1.035568744651));
#9318 = VECTOR('',#9319,1.);
#9319 = DIRECTION('',(-0.103219291151,0.994658623817));
#9320 = ( GEOMETRIC_REPRESENTATION_CONTEXT(2) 
PARAMETRIC_REPRESENTATION_CONTEXT() REPRESENTATION_CONTEXT('2D SPACE',''
  ) );
#9321 = ADVANCED_FACE('',(#9322),#8772,.F.);
#9322 = FACE_BOUND('',#9323,.F.);
#9323 = EDGE_LOOP('',(#9324,#9346,#9347,#9348));
#9324 = ORIENTED_EDGE('',*,*,#9325,.F.);
#9325 = EDGE_CURVE('',#8732,#9326,#9328,.T.);
#9326 = VERTEX_POINT('',#9327);
#9327 = CARTESIAN_POINT('',(0.933784651263,3.735138605051,0.94));
#9328 = SURFACE_CURVE('',#9329,(#9333,#9339),.PCURVE_S1.);
#9329 = LINE('',#9330,#9331);
#9330 = CARTESIAN_POINT('',(0.933784651263,3.735138605051,1.05));
#9331 = VECTOR('',#9332,1.);
#9332 = DIRECTION('',(0.,0.,-1.));
#9333 = PCURVE('',#8772,#9334);
#9334 = DEFINITIONAL_REPRESENTATION('',(#9335),#9338);
#9335 = B_SPLINE_CURVE_WITH_KNOTS('',1,(#9336,#9337),.UNSPECIFIED.,.F.,
  .F.,(2,2),(0.,0.11),.PIECEWISE_BEZIER_KNOTS.);
#9336 = CARTESIAN_POINT('',(4.5350068138,4.309382486231E-02));
#9337 = CARTESIAN_POINT('',(4.5350068138,-6.690617513769E-02));
#9338 = ( GEOMETRIC_REPRESENTATION_CONTEXT(2) 
PARAMETRIC_REPRESENTATION_CONTEXT() REPRESENTATION_CONTEXT('2D SPACE',''
  ) );
#9339 = PCURVE('',#8972,#9340);
#9340 = DEFINITIONAL_REPRESENTATION('',(#9341),#9345);
#9341 = LINE('',#9342,#9343);
#9342 = CARTESIAN_POINT('',(-3.325000887804,5.5E-02));
#9343 = VECTOR('',#9344,1.);
#9344 = DIRECTION('',(-0.,-1.));
#9345 = ( GEOMETRIC_REPRESENTATION_CONTEXT(2) 
PARAMETRIC_REPRESENTATION_CONTEXT() REPRESENTATION_CONTEXT('2D SPACE',''
  ) );
#9346 = ORIENTED_EDGE('',*,*,#8758,.T.);
#9347 = ORIENTED_EDGE('',*,*,#9256,.F.);
#9348 = ORIENTED_EDGE('',*,*,#9349,.T.);
#9349 = EDGE_CURVE('',#9257,#9326,#9350,.T.);
#9350 = SURFACE_CURVE('',#9351,(#9355,#9362),.PCURVE_S1.);
#9351 = LINE('',#9352,#9353);
#9352 = CARTESIAN_POINT('',(0.,12.733427062675,0.94));
#9353 = VECTOR('',#9354,1.);
#9354 = DIRECTION('',(0.103219291151,-0.994658623817,0.));
#9355 = PCURVE('',#8772,#9356);
#9356 = DEFINITIONAL_REPRESENTATION('',(#9357),#9361);
#9357 = LINE('',#9358,#9359);
#9358 = CARTESIAN_POINT('',(-4.511602989963,-6.690617513769E-02));
#9359 = VECTOR('',#9360,1.);
#9360 = DIRECTION('',(1.,0.));
#9361 = ( GEOMETRIC_REPRESENTATION_CONTEXT(2) 
PARAMETRIC_REPRESENTATION_CONTEXT() REPRESENTATION_CONTEXT('2D SPACE',''
  ) );
#9362 = PCURVE('',#8941,#9363);
#9363 = DEFINITIONAL_REPRESENTATION('',(#9364),#9368);
#9364 = LINE('',#9365,#9366);
#9365 = CARTESIAN_POINT('',(-2.773114038922E-17,7.962719712972));
#9366 = VECTOR('',#9367,1.);
#9367 = DIRECTION('',(-0.103219291151,-0.994658623817));
#9368 = ( GEOMETRIC_REPRESENTATION_CONTEXT(2) 
PARAMETRIC_REPRESENTATION_CONTEXT() REPRESENTATION_CONTEXT('2D SPACE',''
  ) );
#9369 = ADVANCED_FACE('',(#9370),#8747,.T.);
#9370 = FACE_BOUND('',#9371,.T.);
#9371 = EDGE_LOOP('',(#9372,#9373,#9374));
#9372 = ORIENTED_EDGE('',*,*,#8731,.F.);
#9373 = ORIENTED_EDGE('',*,*,#8983,.F.);
#9374 = ORIENTED_EDGE('',*,*,#9375,.T.);
#9375 = EDGE_CURVE('',#8958,#8732,#9376,.T.);
#9376 = SURFACE_CURVE('',#9377,(#9381,#9388),.PCURVE_S1.);
#9377 = LINE('',#9378,#9379);
#9378 = CARTESIAN_POINT('',(0.317486781429,-2.88624346754,1.05));
#9379 = VECTOR('',#9380,1.);
#9380 = DIRECTION('',(9.267634665814E-02,0.99569628641,0.));
#9381 = PCURVE('',#8747,#9382);
#9382 = DEFINITIONAL_REPRESENTATION('',(#9383),#9387);
#9383 = LINE('',#9384,#9385);
#9384 = CARTESIAN_POINT('',(-0.162017213708,-3.225019025547));
#9385 = VECTOR('',#9386,1.);
#9386 = DIRECTION('',(7.952363615824E-02,0.99683298064));
#9387 = ( GEOMETRIC_REPRESENTATION_CONTEXT(2) 
PARAMETRIC_REPRESENTATION_CONTEXT() REPRESENTATION_CONTEXT('2D SPACE',''
  ) );
#9388 = PCURVE('',#8972,#9389);
#9389 = DEFINITIONAL_REPRESENTATION('',(#9390),#9394);
#9390 = LINE('',#9391,#9392);
#9391 = CARTESIAN_POINT('',(3.325000887804,5.5E-02));
#9392 = VECTOR('',#9393,1.);
#9393 = DIRECTION('',(-1.,0.));
#9394 = ( GEOMETRIC_REPRESENTATION_CONTEXT(2) 
PARAMETRIC_REPRESENTATION_CONTEXT() REPRESENTATION_CONTEXT('2D SPACE',''
  ) );
#9395 = ADVANCED_FACE('',(#9396,#9399),#8855,.F.);
#9396 = FACE_BOUND('',#9397,.F.);
#9397 = EDGE_LOOP('',(#9398));
#9398 = ORIENTED_EDGE('',*,*,#8840,.T.);
#9399 = FACE_BOUND('',#9400,.F.);
#9400 = EDGE_LOOP('',(#9401));
#9401 = ORIENTED_EDGE('',*,*,#9402,.F.);
#9402 = EDGE_CURVE('',#9403,#9403,#9405,.T.);
#9403 = VERTEX_POINT('',#9404);
#9404 = CARTESIAN_POINT('',(0.9,-2.204364238465E-16,-1.21));
#9405 = SURFACE_CURVE('',#9406,(#9411,#9418),.PCURVE_S1.);
#9406 = CIRCLE('',#9407,0.9);
#9407 = AXIS2_PLACEMENT_3D('',#9408,#9409,#9410);
#9408 = CARTESIAN_POINT('',(0.,0.,-1.21));
#9409 = DIRECTION('',(0.,0.,1.));
#9410 = DIRECTION('',(1.,0.,-0.));
#9411 = PCURVE('',#8855,#9412);
#9412 = DEFINITIONAL_REPRESENTATION('',(#9413),#9417);
#9413 = CIRCLE('',#9414,0.9);
#9414 = AXIS2_PLACEMENT_2D('',#9415,#9416);
#9415 = CARTESIAN_POINT('',(0.,0.));
#9416 = DIRECTION('',(1.,0.));
#9417 = ( GEOMETRIC_REPRESENTATION_CONTEXT(2) 
PARAMETRIC_REPRESENTATION_CONTEXT() REPRESENTATION_CONTEXT('2D SPACE',''
  ) );
#9418 = PCURVE('',#9419,#9424);
#9419 = CYLINDRICAL_SURFACE('',#9420,0.9);
#9420 = AXIS2_PLACEMENT_3D('',#9421,#9422,#9423);
#9421 = CARTESIAN_POINT('',(0.,0.,-1.31));
#9422 = DIRECTION('',(0.,0.,1.));
#9423 = DIRECTION('',(1.,0.,-0.));
#9424 = DEFINITIONAL_REPRESENTATION('',(#9425),#9429);
#9425 = LINE('',#9426,#9427);
#9426 = CARTESIAN_POINT('',(0.,0.1));
#9427 = VECTOR('',#9428,1.);
#9428 = DIRECTION('',(1.,0.));
#9429 = ( GEOMETRIC_REPRESENTATION_CONTEXT(2) 
PARAMETRIC_REPRESENTATION_CONTEXT() REPRESENTATION_CONTEXT('2D SPACE',''
  ) );
#9430 = ADVANCED_FACE('',(#9431,#9434),#8827,.T.);
#9431 = FACE_BOUND('',#9432,.T.);
#9432 = EDGE_LOOP('',(#9433));
#9433 = ORIENTED_EDGE('',*,*,#8812,.T.);
#9434 = FACE_BOUND('',#9435,.T.);
#9435 = EDGE_LOOP('',(#9436));
#9436 = ORIENTED_EDGE('',*,*,#9437,.F.);
#9437 = EDGE_CURVE('',#9438,#9438,#9440,.T.);
#9438 = VERTEX_POINT('',#9439);
#9439 = CARTESIAN_POINT('',(0.9,-2.204364238465E-16,1.24));
#9440 = SURFACE_CURVE('',#9441,(#9446,#9453),.PCURVE_S1.);
#9441 = CIRCLE('',#9442,0.9);
#9442 = AXIS2_PLACEMENT_3D('',#9443,#9444,#9445);
#9443 = CARTESIAN_POINT('',(0.,0.,1.24));
#9444 = DIRECTION('',(0.,0.,1.));
#9445 = DIRECTION('',(1.,0.,-0.));
#9446 = PCURVE('',#8827,#9447);
#9447 = DEFINITIONAL_REPRESENTATION('',(#9448),#9452);
#9448 = CIRCLE('',#9449,0.9);
#9449 = AXIS2_PLACEMENT_2D('',#9450,#9451);
#9450 = CARTESIAN_POINT('',(0.,0.));
#9451 = DIRECTION('',(1.,0.));
#9452 = ( GEOMETRIC_REPRESENTATION_CONTEXT(2) 
PARAMETRIC_REPRESENTATION_CONTEXT() REPRESENTATION_CONTEXT('2D SPACE',''
  ) );
#9453 = PCURVE('',#9419,#9454);
#9454 = DEFINITIONAL_REPRESENTATION('',(#9455),#9459);
#9455 = LINE('',#9456,#9457);
#9456 = CARTESIAN_POINT('',(0.,2.55));
#9457 = VECTOR('',#9458,1.);
#9458 = DIRECTION('',(1.,0.));
#9459 = ( GEOMETRIC_REPRESENTATION_CONTEXT(2) 
PARAMETRIC_REPRESENTATION_CONTEXT() REPRESENTATION_CONTEXT('2D SPACE',''
  ) );
#9460 = ADVANCED_FACE('',(#9461),#8972,.F.);
#9461 = FACE_BOUND('',#9462,.F.);
#9462 = EDGE_LOOP('',(#9463,#9464,#9465,#9466));
#9463 = ORIENTED_EDGE('',*,*,#8957,.T.);
#9464 = ORIENTED_EDGE('',*,*,#9375,.T.);
#9465 = ORIENTED_EDGE('',*,*,#9325,.T.);
#9466 = ORIENTED_EDGE('',*,*,#9467,.T.);
#9467 = EDGE_CURVE('',#9326,#8925,#9468,.T.);
#9468 = SURFACE_CURVE('',#9469,(#9473,#9480),.PCURVE_S1.);
#9469 = LINE('',#9470,#9471);
#9470 = CARTESIAN_POINT('',(0.933784651263,3.735138605051,0.94));
#9471 = VECTOR('',#9472,1.);
#9472 = DIRECTION('',(-9.267634665814E-02,-0.99569628641,0.));
#9473 = PCURVE('',#8972,#9474);
#9474 = DEFINITIONAL_REPRESENTATION('',(#9475),#9479);
#9475 = LINE('',#9476,#9477);
#9476 = CARTESIAN_POINT('',(-3.325000887804,-5.5E-02));
#9477 = VECTOR('',#9478,1.);
#9478 = DIRECTION('',(1.,0.));
#9479 = ( GEOMETRIC_REPRESENTATION_CONTEXT(2) 
PARAMETRIC_REPRESENTATION_CONTEXT() REPRESENTATION_CONTEXT('2D SPACE',''
  ) );
#9480 = PCURVE('',#8941,#9481);
#9481 = DEFINITIONAL_REPRESENTATION('',(#9482),#9486);
#9482 = LINE('',#9483,#9484);
#9483 = CARTESIAN_POINT('',(-0.933784651263,-1.035568744651));
#9484 = VECTOR('',#9485,1.);
#9485 = DIRECTION('',(9.267634665814E-02,-0.99569628641));
#9486 = ( GEOMETRIC_REPRESENTATION_CONTEXT(2) 
PARAMETRIC_REPRESENTATION_CONTEXT() REPRESENTATION_CONTEXT('2D SPACE',''
  ) );
#9487 = ADVANCED_FACE('',(#9488),#8941,.T.);
#9488 = FACE_BOUND('',#9489,.T.);
#9489 = EDGE_LOOP('',(#9490,#9491,#9492,#9493,#9494));
#9490 = ORIENTED_EDGE('',*,*,#9301,.T.);
#9491 = ORIENTED_EDGE('',*,*,#9349,.T.);
#9492 = ORIENTED_EDGE('',*,*,#9467,.T.);
#9493 = ORIENTED_EDGE('',*,*,#8924,.T.);
#9494 = ORIENTED_EDGE('',*,*,#9495,.T.);
#9495 = EDGE_CURVE('',#8899,#9280,#9496,.T.);
#9496 = SURFACE_CURVE('',#9497,(#9501,#9508),.PCURVE_S1.);
#9497 = LINE('',#9498,#9499);
#9498 = CARTESIAN_POINT('',(-0.317486781429,-2.88624346754,0.94));
#9499 = VECTOR('',#9500,1.);
#9500 = DIRECTION('',(-9.267634665814E-02,0.99569628641,0.));
#9501 = PCURVE('',#8941,#9502);
#9502 = DEFINITIONAL_REPRESENTATION('',(#9503),#9507);
#9503 = LINE('',#9504,#9505);
#9504 = CARTESIAN_POINT('',(0.317486781429,-7.656950817242));
#9505 = VECTOR('',#9506,1.);
#9506 = DIRECTION('',(9.267634665814E-02,0.99569628641));
#9507 = ( GEOMETRIC_REPRESENTATION_CONTEXT(2) 
PARAMETRIC_REPRESENTATION_CONTEXT() REPRESENTATION_CONTEXT('2D SPACE',''
  ) );
#9508 = PCURVE('',#8913,#9509);
#9509 = DEFINITIONAL_REPRESENTATION('',(#9510),#9514);
#9510 = LINE('',#9511,#9512);
#9511 = CARTESIAN_POINT('',(-3.325000887804,-5.5E-02));
#9512 = VECTOR('',#9513,1.);
#9513 = DIRECTION('',(1.,0.));
#9514 = ( GEOMETRIC_REPRESENTATION_CONTEXT(2) 
PARAMETRIC_REPRESENTATION_CONTEXT() REPRESENTATION_CONTEXT('2D SPACE',''
  ) );
#9515 = ADVANCED_FACE('',(#9516),#8913,.F.);
#9516 = FACE_BOUND('',#9517,.F.);
#9517 = EDGE_LOOP('',(#9518,#9519,#9520,#9521));
#9518 = ORIENTED_EDGE('',*,*,#9279,.F.);
#9519 = ORIENTED_EDGE('',*,*,#9231,.T.);
#9520 = ORIENTED_EDGE('',*,*,#8898,.F.);
#9521 = ORIENTED_EDGE('',*,*,#9495,.T.);
#9522 = ADVANCED_FACE('',(#9523),#9033,.T.);
#9523 = FACE_BOUND('',#9524,.T.);
#9524 = EDGE_LOOP('',(#9525,#9526,#9549,#9577));
#9525 = ORIENTED_EDGE('',*,*,#9010,.F.);
#9526 = ORIENTED_EDGE('',*,*,#9527,.T.);
#9527 = EDGE_CURVE('',#9011,#9528,#9530,.T.);
#9528 = VERTEX_POINT('',#9529);
#9529 = CARTESIAN_POINT('',(-0.317486781429,-2.88624346754,1.05));
#9530 = SURFACE_CURVE('',#9531,(#9535,#9542),.PCURVE_S1.);
#9531 = LINE('',#9532,#9533);
#9532 = CARTESIAN_POINT('',(-0.933784651263,3.735138605051,1.05));
#9533 = VECTOR('',#9534,1.);
#9534 = DIRECTION('',(9.267634665814E-02,-0.99569628641,0.));
#9535 = PCURVE('',#9033,#9536);
#9536 = DEFINITIONAL_REPRESENTATION('',(#9537),#9541);
#9537 = LINE('',#9538,#9539);
#9538 = CARTESIAN_POINT('',(-0.366815107947,3.403922065696));
#9539 = VECTOR('',#9540,1.);
#9540 = DIRECTION('',(7.952363615824E-02,-0.99683298064));
#9541 = ( GEOMETRIC_REPRESENTATION_CONTEXT(2) 
PARAMETRIC_REPRESENTATION_CONTEXT() REPRESENTATION_CONTEXT('2D SPACE',''
  ) );
#9542 = PCURVE('',#9216,#9543);
#9543 = DEFINITIONAL_REPRESENTATION('',(#9544),#9548);
#9544 = LINE('',#9545,#9546);
#9545 = CARTESIAN_POINT('',(3.325000887804,5.5E-02));
#9546 = VECTOR('',#9547,1.);
#9547 = DIRECTION('',(-1.,0.));
#9548 = ( GEOMETRIC_REPRESENTATION_CONTEXT(2) 
PARAMETRIC_REPRESENTATION_CONTEXT() REPRESENTATION_CONTEXT('2D SPACE',''
  ) );
#9549 = ORIENTED_EDGE('',*,*,#9550,.T.);
#9550 = EDGE_CURVE('',#9528,#9551,#9553,.T.);
#9551 = VERTEX_POINT('',#9552);
#9552 = CARTESIAN_POINT('',(0.,-2.88624346754,1.24));
#9553 = SURFACE_CURVE('',#9554,(#9558,#9565),.PCURVE_S1.);
#9554 = LINE('',#9555,#9556);
#9555 = CARTESIAN_POINT('',(-0.317486781429,-2.88624346754,1.05));
#9556 = VECTOR('',#9557,1.);
#9557 = DIRECTION('',(0.858079100286,0.,0.513517533928));
#9558 = PCURVE('',#9033,#9559);
#9559 = DEFINITIONAL_REPRESENTATION('',(#9560),#9564);
#9560 = LINE('',#9561,#9562);
#9561 = CARTESIAN_POINT('',(0.162017213708,-3.225019025547));
#9562 = VECTOR('',#9563,1.);
#9563 = DIRECTION('',(1.,-8.673617379884E-17));
#9564 = ( GEOMETRIC_REPRESENTATION_CONTEXT(2) 
PARAMETRIC_REPRESENTATION_CONTEXT() REPRESENTATION_CONTEXT('2D SPACE',''
  ) );
#9565 = PCURVE('',#9566,#9571);
#9566 = PLANE('',#9567);
#9567 = AXIS2_PLACEMENT_3D('',#9568,#9569,#9570);
#9568 = CARTESIAN_POINT('',(-8.700983226842E-18,-2.88624346754,
    1.042697255374));
#9569 = DIRECTION('',(0.,1.,0.));
#9570 = DIRECTION('',(0.,-0.,1.));
#9571 = DEFINITIONAL_REPRESENTATION('',(#9572),#9576);
#9572 = LINE('',#9573,#9574);
#9573 = CARTESIAN_POINT('',(7.302744625503E-03,-0.317486781429));
#9574 = VECTOR('',#9575,1.);
#9575 = DIRECTION('',(0.513517533928,0.858079100286));
#9576 = ( GEOMETRIC_REPRESENTATION_CONTEXT(2) 
PARAMETRIC_REPRESENTATION_CONTEXT() REPRESENTATION_CONTEXT('2D SPACE',''
  ) );
#9577 = ORIENTED_EDGE('',*,*,#9578,.F.);
#9578 = EDGE_CURVE('',#9013,#9551,#9579,.T.);
#9579 = SURFACE_CURVE('',#9580,(#9584,#9590),.PCURVE_S1.);
#9580 = LINE('',#9581,#9582);
#9581 = CARTESIAN_POINT('',(-0.933784651263,3.735138605051,1.05));
#9582 = VECTOR('',#9583,1.);
#9583 = DIRECTION('',(0.139587507015,-0.989802322473,2.840229414465E-02)
  );
#9584 = PCURVE('',#9033,#9585);
#9585 = DEFINITIONAL_REPRESENTATION('',(#9586),#9589);
#9586 = B_SPLINE_CURVE_WITH_KNOTS('',1,(#9587,#9588),.UNSPECIFIED.,.F.,
  .F.,(2,2),(0.,6.689600460877),.PIECEWISE_BEZIER_KNOTS.);
#9587 = CARTESIAN_POINT('',(-0.366815107947,3.403922065696));
#9588 = CARTESIAN_POINT('',(0.532014316916,-3.225019025547));
#9589 = ( GEOMETRIC_REPRESENTATION_CONTEXT(2) 
PARAMETRIC_REPRESENTATION_CONTEXT() REPRESENTATION_CONTEXT('2D SPACE',''
  ) );
#9590 = PCURVE('',#9066,#9591);
#9591 = DEFINITIONAL_REPRESENTATION('',(#9592),#9596);
#9592 = LINE('',#9593,#9594);
#9593 = CARTESIAN_POINT('',(-0.704694153768,-1.183828370467));
#9594 = VECTOR('',#9595,1.);
#9595 = DIRECTION('',(0.142166666253,-0.989842734482));
#9596 = ( GEOMETRIC_REPRESENTATION_CONTEXT(2) 
PARAMETRIC_REPRESENTATION_CONTEXT() REPRESENTATION_CONTEXT('2D SPACE',''
  ) );
#9597 = ADVANCED_FACE('',(#9598),#9216,.F.);
#9598 = FACE_BOUND('',#9599,.F.);
#9599 = EDGE_LOOP('',(#9600,#9601,#9602,#9624));
#9600 = ORIENTED_EDGE('',*,*,#9203,.T.);
#9601 = ORIENTED_EDGE('',*,*,#9527,.T.);
#9602 = ORIENTED_EDGE('',*,*,#9603,.T.);
#9603 = EDGE_CURVE('',#9528,#9604,#9606,.T.);
#9604 = VERTEX_POINT('',#9605);
#9605 = CARTESIAN_POINT('',(-0.317486781429,-2.88624346754,0.94));
#9606 = SURFACE_CURVE('',#9607,(#9611,#9618),.PCURVE_S1.);
#9607 = LINE('',#9608,#9609);
#9608 = CARTESIAN_POINT('',(-0.317486781429,-2.88624346754,1.05));
#9609 = VECTOR('',#9610,1.);
#9610 = DIRECTION('',(0.,0.,-1.));
#9611 = PCURVE('',#9216,#9612);
#9612 = DEFINITIONAL_REPRESENTATION('',(#9613),#9617);
#9613 = LINE('',#9614,#9615);
#9614 = CARTESIAN_POINT('',(-3.325000887804,5.5E-02));
#9615 = VECTOR('',#9616,1.);
#9616 = DIRECTION('',(0.,-1.));
#9617 = ( GEOMETRIC_REPRESENTATION_CONTEXT(2) 
PARAMETRIC_REPRESENTATION_CONTEXT() REPRESENTATION_CONTEXT('2D SPACE',''
  ) );
#9618 = PCURVE('',#9566,#9619);
#9619 = DEFINITIONAL_REPRESENTATION('',(#9620),#9623);
#9620 = B_SPLINE_CURVE_WITH_KNOTS('',1,(#9621,#9622),.UNSPECIFIED.,.F.,
  .F.,(2,2),(0.,0.11),.PIECEWISE_BEZIER_KNOTS.);
#9621 = CARTESIAN_POINT('',(7.302744625503E-03,-0.317486781429));
#9622 = CARTESIAN_POINT('',(-0.102697255374,-0.317486781429));
#9623 = ( GEOMETRIC_REPRESENTATION_CONTEXT(2) 
PARAMETRIC_REPRESENTATION_CONTEXT() REPRESENTATION_CONTEXT('2D SPACE',''
  ) );
#9624 = ORIENTED_EDGE('',*,*,#9625,.T.);
#9625 = EDGE_CURVE('',#9604,#9171,#9626,.T.);
#9626 = SURFACE_CURVE('',#9627,(#9631,#9638),.PCURVE_S1.);
#9627 = LINE('',#9628,#9629);
#9628 = CARTESIAN_POINT('',(-0.317486781429,-2.88624346754,0.94));
#9629 = VECTOR('',#9630,1.);
#9630 = DIRECTION('',(-9.267634665814E-02,0.99569628641,0.));
#9631 = PCURVE('',#9216,#9632);
#9632 = DEFINITIONAL_REPRESENTATION('',(#9633),#9637);
#9633 = LINE('',#9634,#9635);
#9634 = CARTESIAN_POINT('',(-3.325000887804,-5.5E-02));
#9635 = VECTOR('',#9636,1.);
#9636 = DIRECTION('',(1.,0.));
#9637 = ( GEOMETRIC_REPRESENTATION_CONTEXT(2) 
PARAMETRIC_REPRESENTATION_CONTEXT() REPRESENTATION_CONTEXT('2D SPACE',''
  ) );
#9638 = PCURVE('',#9187,#9639);
#9639 = DEFINITIONAL_REPRESENTATION('',(#9640),#9644);
#9640 = LINE('',#9641,#9642);
#9641 = CARTESIAN_POINT('',(0.317486781429,-7.656950817242));
#9642 = VECTOR('',#9643,1.);
#9643 = DIRECTION('',(9.267634665814E-02,0.99569628641));
#9644 = ( GEOMETRIC_REPRESENTATION_CONTEXT(2) 
PARAMETRIC_REPRESENTATION_CONTEXT() REPRESENTATION_CONTEXT('2D SPACE',''
  ) );
#9645 = ADVANCED_FACE('',(#9646),#9187,.T.);
#9646 = FACE_BOUND('',#9647,.T.);
#9647 = EDGE_LOOP('',(#9648,#9649,#9672,#9693));
#9648 = ORIENTED_EDGE('',*,*,#9170,.T.);
#9649 = ORIENTED_EDGE('',*,*,#9650,.T.);
#9650 = EDGE_CURVE('',#9145,#9651,#9653,.T.);
#9651 = VERTEX_POINT('',#9652);
#9652 = CARTESIAN_POINT('',(0.317486781429,-2.88624346754,0.94));
#9653 = SURFACE_CURVE('',#9654,(#9658,#9665),.PCURVE_S1.);
#9654 = LINE('',#9655,#9656);
#9655 = CARTESIAN_POINT('',(0.933784651263,3.735138605051,0.94));
#9656 = VECTOR('',#9657,1.);
#9657 = DIRECTION('',(-9.267634665814E-02,-0.99569628641,0.));
#9658 = PCURVE('',#9187,#9659);
#9659 = DEFINITIONAL_REPRESENTATION('',(#9660),#9664);
#9660 = LINE('',#9661,#9662);
#9661 = CARTESIAN_POINT('',(-0.933784651263,-1.035568744651));
#9662 = VECTOR('',#9663,1.);
#9663 = DIRECTION('',(9.267634665814E-02,-0.99569628641));
#9664 = ( GEOMETRIC_REPRESENTATION_CONTEXT(2) 
PARAMETRIC_REPRESENTATION_CONTEXT() REPRESENTATION_CONTEXT('2D SPACE',''
  ) );
#9665 = PCURVE('',#9159,#9666);
#9666 = DEFINITIONAL_REPRESENTATION('',(#9667),#9671);
#9667 = LINE('',#9668,#9669);
#9668 = CARTESIAN_POINT('',(-3.325000887804,-5.5E-02));
#9669 = VECTOR('',#9670,1.);
#9670 = DIRECTION('',(1.,0.));
#9671 = ( GEOMETRIC_REPRESENTATION_CONTEXT(2) 
PARAMETRIC_REPRESENTATION_CONTEXT() REPRESENTATION_CONTEXT('2D SPACE',''
  ) );
#9672 = ORIENTED_EDGE('',*,*,#9673,.T.);
#9673 = EDGE_CURVE('',#9651,#9604,#9674,.T.);
#9674 = SURFACE_CURVE('',#9675,(#9679,#9686),.PCURVE_S1.);
#9675 = LINE('',#9676,#9677);
#9676 = CARTESIAN_POINT('',(0.317486781429,-2.88624346754,0.94));
#9677 = VECTOR('',#9678,1.);
#9678 = DIRECTION('',(-1.,0.,0.));
#9679 = PCURVE('',#9187,#9680);
#9680 = DEFINITIONAL_REPRESENTATION('',(#9681),#9685);
#9681 = LINE('',#9682,#9683);
#9682 = CARTESIAN_POINT('',(-0.317486781429,-7.656950817242));
#9683 = VECTOR('',#9684,1.);
#9684 = DIRECTION('',(1.,0.));
#9685 = ( GEOMETRIC_REPRESENTATION_CONTEXT(2) 
PARAMETRIC_REPRESENTATION_CONTEXT() REPRESENTATION_CONTEXT('2D SPACE',''
  ) );
#9686 = PCURVE('',#9566,#9687);
#9687 = DEFINITIONAL_REPRESENTATION('',(#9688),#9692);
#9688 = LINE('',#9689,#9690);
#9689 = CARTESIAN_POINT('',(-0.102697255374,0.317486781429));
#9690 = VECTOR('',#9691,1.);
#9691 = DIRECTION('',(0.,-1.));
#9692 = ( GEOMETRIC_REPRESENTATION_CONTEXT(2) 
PARAMETRIC_REPRESENTATION_CONTEXT() REPRESENTATION_CONTEXT('2D SPACE',''
  ) );
#9693 = ORIENTED_EDGE('',*,*,#9625,.T.);
#9694 = ADVANCED_FACE('',(#9695),#9159,.F.);
#9695 = FACE_BOUND('',#9696,.F.);
#9696 = EDGE_LOOP('',(#9697,#9719,#9740,#9741));
#9697 = ORIENTED_EDGE('',*,*,#9698,.F.);
#9698 = EDGE_CURVE('',#9699,#9651,#9701,.T.);
#9699 = VERTEX_POINT('',#9700);
#9700 = CARTESIAN_POINT('',(0.317486781429,-2.88624346754,1.05));
#9701 = SURFACE_CURVE('',#9702,(#9706,#9712),.PCURVE_S1.);
#9702 = LINE('',#9703,#9704);
#9703 = CARTESIAN_POINT('',(0.317486781429,-2.88624346754,1.05));
#9704 = VECTOR('',#9705,1.);
#9705 = DIRECTION('',(0.,0.,-1.));
#9706 = PCURVE('',#9159,#9707);
#9707 = DEFINITIONAL_REPRESENTATION('',(#9708),#9711);
#9708 = B_SPLINE_CURVE_WITH_KNOTS('',1,(#9709,#9710),.UNSPECIFIED.,.F.,
  .F.,(2,2),(0.,0.11),.PIECEWISE_BEZIER_KNOTS.);
#9709 = CARTESIAN_POINT('',(3.325000887804,5.5E-02));
#9710 = CARTESIAN_POINT('',(3.325000887804,-5.5E-02));
#9711 = ( GEOMETRIC_REPRESENTATION_CONTEXT(2) 
PARAMETRIC_REPRESENTATION_CONTEXT() REPRESENTATION_CONTEXT('2D SPACE',''
  ) );
#9712 = PCURVE('',#9566,#9713);
#9713 = DEFINITIONAL_REPRESENTATION('',(#9714),#9718);
#9714 = LINE('',#9715,#9716);
#9715 = CARTESIAN_POINT('',(7.302744625503E-03,0.317486781429));
#9716 = VECTOR('',#9717,1.);
#9717 = DIRECTION('',(-1.,0.));
#9718 = ( GEOMETRIC_REPRESENTATION_CONTEXT(2) 
PARAMETRIC_REPRESENTATION_CONTEXT() REPRESENTATION_CONTEXT('2D SPACE',''
  ) );
#9719 = ORIENTED_EDGE('',*,*,#9720,.T.);
#9720 = EDGE_CURVE('',#9699,#9112,#9721,.T.);
#9721 = SURFACE_CURVE('',#9722,(#9726,#9733),.PCURVE_S1.);
#9722 = LINE('',#9723,#9724);
#9723 = CARTESIAN_POINT('',(0.317486781429,-2.88624346754,1.05));
#9724 = VECTOR('',#9725,1.);
#9725 = DIRECTION('',(9.267634665814E-02,0.99569628641,0.));
#9726 = PCURVE('',#9159,#9727);
#9727 = DEFINITIONAL_REPRESENTATION('',(#9728),#9732);
#9728 = LINE('',#9729,#9730);
#9729 = CARTESIAN_POINT('',(3.325000887804,5.5E-02));
#9730 = VECTOR('',#9731,1.);
#9731 = DIRECTION('',(-1.,0.));
#9732 = ( GEOMETRIC_REPRESENTATION_CONTEXT(2) 
PARAMETRIC_REPRESENTATION_CONTEXT() REPRESENTATION_CONTEXT('2D SPACE',''
  ) );
#9733 = PCURVE('',#9132,#9734);
#9734 = DEFINITIONAL_REPRESENTATION('',(#9735),#9739);
#9735 = LINE('',#9736,#9737);
#9736 = CARTESIAN_POINT('',(-0.162017213708,-3.225019025547));
#9737 = VECTOR('',#9738,1.);
#9738 = DIRECTION('',(7.952363615824E-02,0.99683298064));
#9739 = ( GEOMETRIC_REPRESENTATION_CONTEXT(2) 
PARAMETRIC_REPRESENTATION_CONTEXT() REPRESENTATION_CONTEXT('2D SPACE',''
  ) );
#9740 = ORIENTED_EDGE('',*,*,#9144,.F.);
#9741 = ORIENTED_EDGE('',*,*,#9650,.T.);
#9742 = ADVANCED_FACE('',(#9743),#9132,.T.);
#9743 = FACE_BOUND('',#9744,.T.);
#9744 = EDGE_LOOP('',(#9745,#9765,#9786,#9787));
#9745 = ORIENTED_EDGE('',*,*,#9746,.F.);
#9746 = EDGE_CURVE('',#9551,#9079,#9747,.T.);
#9747 = SURFACE_CURVE('',#9748,(#9752,#9758),.PCURVE_S1.);
#9748 = LINE('',#9749,#9750);
#9749 = CARTESIAN_POINT('',(0.,-2.88624346754,1.24));
#9750 = VECTOR('',#9751,1.);
#9751 = DIRECTION('',(0.139587507015,0.989802322473,-2.840229414465E-02)
  );
#9752 = PCURVE('',#9132,#9753);
#9753 = DEFINITIONAL_REPRESENTATION('',(#9754),#9757);
#9754 = B_SPLINE_CURVE_WITH_KNOTS('',1,(#9755,#9756),.UNSPECIFIED.,.F.,
  .F.,(2,2),(0.,6.689600460877),.PIECEWISE_BEZIER_KNOTS.);
#9755 = CARTESIAN_POINT('',(-0.532014316916,-3.225019025547));
#9756 = CARTESIAN_POINT('',(0.366815107947,3.403922065696));
#9757 = ( GEOMETRIC_REPRESENTATION_CONTEXT(2) 
PARAMETRIC_REPRESENTATION_CONTEXT() REPRESENTATION_CONTEXT('2D SPACE',''
  ) );
#9758 = PCURVE('',#9099,#9759);
#9759 = DEFINITIONAL_REPRESENTATION('',(#9760),#9764);
#9760 = LINE('',#9761,#9762);
#9761 = CARTESIAN_POINT('',(-0.246344042319,-7.805480783252));
#9762 = VECTOR('',#9763,1.);
#9763 = DIRECTION('',(0.142166666253,0.989842734482));
#9764 = ( GEOMETRIC_REPRESENTATION_CONTEXT(2) 
PARAMETRIC_REPRESENTATION_CONTEXT() REPRESENTATION_CONTEXT('2D SPACE',''
  ) );
#9765 = ORIENTED_EDGE('',*,*,#9766,.T.);
#9766 = EDGE_CURVE('',#9551,#9699,#9767,.T.);
#9767 = SURFACE_CURVE('',#9768,(#9772,#9779),.PCURVE_S1.);
#9768 = LINE('',#9769,#9770);
#9769 = CARTESIAN_POINT('',(0.,-2.88624346754,1.24));
#9770 = VECTOR('',#9771,1.);
#9771 = DIRECTION('',(0.858079100286,0.,-0.513517533928));
#9772 = PCURVE('',#9132,#9773);
#9773 = DEFINITIONAL_REPRESENTATION('',(#9774),#9778);
#9774 = LINE('',#9775,#9776);
#9775 = CARTESIAN_POINT('',(-0.532014316916,-3.225019025547));
#9776 = VECTOR('',#9777,1.);
#9777 = DIRECTION('',(1.,-3.469446951954E-17));
#9778 = ( GEOMETRIC_REPRESENTATION_CONTEXT(2) 
PARAMETRIC_REPRESENTATION_CONTEXT() REPRESENTATION_CONTEXT('2D SPACE',''
  ) );
#9779 = PCURVE('',#9566,#9780);
#9780 = DEFINITIONAL_REPRESENTATION('',(#9781),#9785);
#9781 = LINE('',#9782,#9783);
#9782 = CARTESIAN_POINT('',(0.197302744626,8.700983226842E-18));
#9783 = VECTOR('',#9784,1.);
#9784 = DIRECTION('',(-0.513517533928,0.858079100286));
#9785 = ( GEOMETRIC_REPRESENTATION_CONTEXT(2) 
PARAMETRIC_REPRESENTATION_CONTEXT() REPRESENTATION_CONTEXT('2D SPACE',''
  ) );
#9786 = ORIENTED_EDGE('',*,*,#9720,.T.);
#9787 = ORIENTED_EDGE('',*,*,#9111,.F.);
#9788 = ADVANCED_FACE('',(#9789),#9099,.T.);
#9789 = FACE_BOUND('',#9790,.T.);
#9790 = EDGE_LOOP('',(#9791,#9811,#9812));
#9791 = ORIENTED_EDGE('',*,*,#9792,.F.);
#9792 = EDGE_CURVE('',#9551,#9046,#9793,.T.);
#9793 = SURFACE_CURVE('',#9794,(#9798,#9804),.PCURVE_S1.);
#9794 = LINE('',#9795,#9796);
#9795 = CARTESIAN_POINT('',(0.,-2.88624346754,1.24));
#9796 = VECTOR('',#9797,1.);
#9797 = DIRECTION('',(0.,0.999958387013,-9.122732126377E-03));
#9798 = PCURVE('',#9099,#9799);
#9799 = DEFINITIONAL_REPRESENTATION('',(#9800),#9803);
#9800 = B_SPLINE_CURVE_WITH_KNOTS('',1,(#9801,#9802),.UNSPECIFIED.,.F.,
  .F.,(2,2),(0.,15.620320538403),.PIECEWISE_BEZIER_KNOTS.);
#9801 = CARTESIAN_POINT('',(-0.246344042319,-7.805480783252));
#9802 = CARTESIAN_POINT('',(-0.226755367402,7.81482747255));
#9803 = ( GEOMETRIC_REPRESENTATION_CONTEXT(2) 
PARAMETRIC_REPRESENTATION_CONTEXT() REPRESENTATION_CONTEXT('2D SPACE',''
  ) );
#9804 = PCURVE('',#9066,#9805);
#9805 = DEFINITIONAL_REPRESENTATION('',(#9806),#9810);
#9806 = LINE('',#9807,#9808);
#9807 = CARTESIAN_POINT('',(0.246344042319,-7.805480783252));
#9808 = VECTOR('',#9809,1.);
#9809 = DIRECTION('',(-1.254050764755E-03,0.999999213678));
#9810 = ( GEOMETRIC_REPRESENTATION_CONTEXT(2) 
PARAMETRIC_REPRESENTATION_CONTEXT() REPRESENTATION_CONTEXT('2D SPACE',''
  ) );
#9811 = ORIENTED_EDGE('',*,*,#9746,.T.);
#9812 = ORIENTED_EDGE('',*,*,#9078,.F.);
#9813 = ADVANCED_FACE('',(#9814),#9066,.T.);
#9814 = FACE_BOUND('',#9815,.T.);
#9815 = EDGE_LOOP('',(#9816,#9817,#9818));
#9816 = ORIENTED_EDGE('',*,*,#9792,.T.);
#9817 = ORIENTED_EDGE('',*,*,#9045,.F.);
#9818 = ORIENTED_EDGE('',*,*,#9578,.T.);
#9819 = ADVANCED_FACE('',(#9820),#9419,.F.);
#9820 = FACE_BOUND('',#9821,.F.);
#9821 = EDGE_LOOP('',(#9822,#9823,#9844,#9845));
#9822 = ORIENTED_EDGE('',*,*,#9437,.F.);
#9823 = ORIENTED_EDGE('',*,*,#9824,.F.);
#9824 = EDGE_CURVE('',#9403,#9438,#9825,.T.);
#9825 = SEAM_CURVE('',#9826,(#9830,#9837),.PCURVE_S1.);
#9826 = LINE('',#9827,#9828);
#9827 = CARTESIAN_POINT('',(0.9,-2.204364238465E-16,-1.31));
#9828 = VECTOR('',#9829,1.);
#9829 = DIRECTION('',(0.,0.,1.));
#9830 = PCURVE('',#9419,#9831);
#9831 = DEFINITIONAL_REPRESENTATION('',(#9832),#9836);
#9832 = LINE('',#9833,#9834);
#9833 = CARTESIAN_POINT('',(6.28318530718,-0.));
#9834 = VECTOR('',#9835,1.);
#9835 = DIRECTION('',(0.,1.));
#9836 = ( GEOMETRIC_REPRESENTATION_CONTEXT(2) 
PARAMETRIC_REPRESENTATION_CONTEXT() REPRESENTATION_CONTEXT('2D SPACE',''
  ) );
#9837 = PCURVE('',#9419,#9838);
#9838 = DEFINITIONAL_REPRESENTATION('',(#9839),#9843);
#9839 = LINE('',#9840,#9841);
#9840 = CARTESIAN_POINT('',(0.,-0.));
#9841 = VECTOR('',#9842,1.);
#9842 = DIRECTION('',(0.,1.));
#9843 = ( GEOMETRIC_REPRESENTATION_CONTEXT(2) 
PARAMETRIC_REPRESENTATION_CONTEXT() REPRESENTATION_CONTEXT('2D SPACE',''
  ) );
#9844 = ORIENTED_EDGE('',*,*,#9402,.T.);
#9845 = ORIENTED_EDGE('',*,*,#9824,.T.);
#9846 = ADVANCED_FACE('',(#9847),#9566,.F.);
#9847 = FACE_BOUND('',#9848,.F.);
#9848 = EDGE_LOOP('',(#9849,#9850,#9851,#9852,#9853));
#9849 = ORIENTED_EDGE('',*,*,#9603,.F.);
#9850 = ORIENTED_EDGE('',*,*,#9550,.T.);
#9851 = ORIENTED_EDGE('',*,*,#9766,.T.);
#9852 = ORIENTED_EDGE('',*,*,#9698,.T.);
#9853 = ORIENTED_EDGE('',*,*,#9673,.T.);
#9854 = ( GEOMETRIC_REPRESENTATION_CONTEXT(3) 
GLOBAL_UNCERTAINTY_ASSIGNED_CONTEXT((#9858)) 
GLOBAL_UNIT_ASSIGNED_CONTEXT((#9855,#9856,#9857)) REPRESENTATION_CONTEXT
('Context #1','3D Context with UNIT and UNCERTAINTY') );
#9855 = ( LENGTH_UNIT() NAMED_UNIT(*) SI_UNIT(.MILLI.,.METRE.) );
#9856 = ( NAMED_UNIT(*) PLANE_ANGLE_UNIT() SI_UNIT($,.RADIAN.) );
#9857 = ( NAMED_UNIT(*) SI_UNIT($,.STERADIAN.) SOLID_ANGLE_UNIT() );
#9858 = UNCERTAINTY_MEASURE_WITH_UNIT(LENGTH_MEASURE(1.E-07),#9855,
  'distance_accuracy_value','confusion accuracy');
#9859 = CONTEXT_DEPENDENT_SHAPE_REPRESENTATION(#9860,#9862);
#9860 = ( REPRESENTATION_RELATIONSHIP('','',#8572,#10) 
REPRESENTATION_RELATIONSHIP_WITH_TRANSFORMATION(#9861) 
SHAPE_REPRESENTATION_RELATIONSHIP() );
#9861 = ITEM_DEFINED_TRANSFORMATION('','',#11,#39);
#9862 = PRODUCT_DEFINITION_SHAPE('Placement','Placement of an item',
  #9863);
#9863 = NEXT_ASSEMBLY_USAGE_OCCURRENCE('7','hour_hand','',#5,#8567,$);
#9864 = PRODUCT_RELATED_PRODUCT_CATEGORY('part',$,(#8569));
#9865 = SHAPE_DEFINITION_REPRESENTATION(#9866,#9872);
#9866 = PRODUCT_DEFINITION_SHAPE('','',#9867);
#9867 = PRODUCT_DEFINITION('design','',#9868,#9871);
#9868 = PRODUCT_DEFINITION_FORMATION('','',#9869);
#9869 = PRODUCT('minute_hand','minute_hand','',(#9870));
#9870 = PRODUCT_CONTEXT('',#2,'mechanical');
#9871 = PRODUCT_DEFINITION_CONTEXT('part definition',#2,'design');
#9872 = ADVANCED_BREP_SHAPE_REPRESENTATION('',(#11,#9873),#11166);
#9873 = MANIFOLD_SOLID_BREP('',#9874);
#9874 = CLOSED_SHELL('',(#9875,#9999,#10085,#10532,#10558,#10627,#10675,
    #10701,#10736,#10740,#10767,#10795,#10802,#10877,#10925,#10974,
    #11022,#11068,#11093,#11099,#11154,#11162));
#9875 = ADVANCED_FACE('',(#9876),#9890,.T.);
#9876 = FACE_BOUND('',#9877,.T.);
#9877 = EDGE_LOOP('',(#9878,#9912,#9940,#9967));
#9878 = ORIENTED_EDGE('',*,*,#9879,.T.);
#9879 = EDGE_CURVE('',#9880,#9882,#9884,.T.);
#9880 = VERTEX_POINT('',#9881);
#9881 = CARTESIAN_POINT('',(0.,0.85,1.686371803795));
#9882 = VERTEX_POINT('',#9883);
#9883 = CARTESIAN_POINT('',(0.,18.16635594275,1.59));
#9884 = SURFACE_CURVE('',#9885,(#9889,#9901),.PCURVE_S1.);
#9885 = LINE('',#9886,#9887);
#9886 = CARTESIAN_POINT('',(0.,-3.395580550047,1.71));
#9887 = VECTOR('',#9888,1.);
#9888 = DIRECTION('',(0.,0.999984513728,-5.565276647923E-03));
#9889 = PCURVE('',#9890,#9895);
#9890 = PLANE('',#9891);
#9891 = AXIS2_PLACEMENT_3D('',#9892,#9893,#9894);
#9892 = CARTESIAN_POINT('',(-0.191263615973,7.381387061732,
    1.621084956011));
#9893 = DIRECTION('',(-0.149590727111,5.502656174382E-03,0.988732691448)
  );
#9894 = DIRECTION('',(0.988747660817,0.,0.149592991908));
#9895 = DEFINITIONAL_REPRESENTATION('',(#9896),#9900);
#9896 = LINE('',#9897,#9898);
#9897 = CARTESIAN_POINT('',(0.202412520349,-10.77713077459));
#9898 = VECTOR('',#9899,1.);
#9899 = DIRECTION('',(-8.325263845589E-04,0.99999965345));
#9900 = ( GEOMETRIC_REPRESENTATION_CONTEXT(2) 
PARAMETRIC_REPRESENTATION_CONTEXT() REPRESENTATION_CONTEXT('2D SPACE',''
  ) );
#9901 = PCURVE('',#9902,#9907);
#9902 = PLANE('',#9903);
#9903 = AXIS2_PLACEMENT_3D('',#9904,#9905,#9906);
#9904 = CARTESIAN_POINT('',(0.191263615973,7.381387061732,1.621084956011
    ));
#9905 = DIRECTION('',(0.149590727111,5.502656174382E-03,0.988732691448)
  );
#9906 = DIRECTION('',(0.988747660817,0.,-0.149592991908));
#9907 = DEFINITIONAL_REPRESENTATION('',(#9908),#9911);
#9908 = B_SPLINE_CURVE_WITH_KNOTS('',1,(#9909,#9910),.UNSPECIFIED.,.F.,
  .F.,(2,2),(0.,21.562270411981),.PIECEWISE_BEZIER_KNOTS.);
#9909 = CARTESIAN_POINT('',(-0.202412520349,-10.77713077459));
#9910 = CARTESIAN_POINT('',(-0.18446136132,10.785132164976));
#9911 = ( GEOMETRIC_REPRESENTATION_CONTEXT(2) 
PARAMETRIC_REPRESENTATION_CONTEXT() REPRESENTATION_CONTEXT('2D SPACE',''
  ) );
#9912 = ORIENTED_EDGE('',*,*,#9913,.T.);
#9913 = EDGE_CURVE('',#9882,#9914,#9916,.T.);
#9914 = VERTEX_POINT('',#9915);
#9915 = CARTESIAN_POINT('',(-0.764005623761,4.584033742563,1.55));
#9916 = SURFACE_CURVE('',#9917,(#9921,#9928),.PCURVE_S1.);
#9917 = LINE('',#9918,#9919);
#9918 = CARTESIAN_POINT('',(0.,18.16635594275,1.59));
#9919 = VECTOR('',#9920,1.);
#9920 = DIRECTION('',(-5.616097858775E-02,-0.998417397115,
    -2.940343727383E-03));
#9921 = PCURVE('',#9890,#9922);
#9922 = DEFINITIONAL_REPRESENTATION('',(#9923),#9927);
#9923 = LINE('',#9924,#9925);
#9924 = CARTESIAN_POINT('',(0.18446136132,10.785132164976));
#9925 = VECTOR('',#9926,1.);
#9926 = DIRECTION('',(-5.596889102327E-02,-0.998432513111));
#9927 = ( GEOMETRIC_REPRESENTATION_CONTEXT(2) 
PARAMETRIC_REPRESENTATION_CONTEXT() REPRESENTATION_CONTEXT('2D SPACE',''
  ) );
#9928 = PCURVE('',#9929,#9934);
#9929 = PLANE('',#9930);
#9930 = AXIS2_PLACEMENT_3D('',#9931,#9932,#9933);
#9931 = CARTESIAN_POINT('',(-0.381446516912,11.385084530983,
    1.50501470175));
#9932 = DIRECTION('',(0.998421713113,-5.616122136259E-02,
    7.942451057925E-16));
#9933 = DIRECTION('',(5.616122136259E-02,0.998421713113,0.));
#9934 = DEFINITIONAL_REPRESENTATION('',(#9935),#9939);
#9935 = LINE('',#9936,#9937);
#9936 = CARTESIAN_POINT('',(6.791991122293,8.498529824959E-02));
#9937 = VECTOR('',#9938,1.);
#9938 = DIRECTION('',(-0.99999567718,-2.940343727383E-03));
#9939 = ( GEOMETRIC_REPRESENTATION_CONTEXT(2) 
PARAMETRIC_REPRESENTATION_CONTEXT() REPRESENTATION_CONTEXT('2D SPACE',''
  ) );
#9940 = ORIENTED_EDGE('',*,*,#9941,.T.);
#9941 = EDGE_CURVE('',#9914,#9942,#9944,.T.);
#9942 = VERTEX_POINT('',#9943);
#9943 = CARTESIAN_POINT('',(-0.397066384249,0.751557241,1.62684534838));
#9944 = SURFACE_CURVE('',#9945,(#9949,#9956),.PCURVE_S1.);
#9945 = LINE('',#9946,#9947);
#9946 = CARTESIAN_POINT('',(-0.764005623761,4.584033742563,1.55));
#9947 = VECTOR('',#9948,1.);
#9948 = DIRECTION('',(9.528984776616E-02,-0.995249521113,
    1.995584216716E-02));
#9949 = PCURVE('',#9890,#9950);
#9950 = DEFINITIONAL_REPRESENTATION('',(#9951),#9955);
#9951 = LINE('',#9952,#9953);
#9952 = CARTESIAN_POINT('',(-0.576931131701,-2.797395670976));
#9953 = VECTOR('',#9954,1.);
#9954 = DIRECTION('',(9.720286821427E-02,-0.995264589147));
#9955 = ( GEOMETRIC_REPRESENTATION_CONTEXT(2) 
PARAMETRIC_REPRESENTATION_CONTEXT() REPRESENTATION_CONTEXT('2D SPACE',''
  ) );
#9956 = PCURVE('',#9957,#9962);
#9957 = PLANE('',#9958);
#9958 = AXIS2_PLACEMENT_3D('',#9959,#9960,#9961);
#9959 = CARTESIAN_POINT('',(-0.440927320265,0.519633954205,
    1.590802180414));
#9960 = DIRECTION('',(-0.524157954855,-3.312232182808E-02,0.850976703652
    ));
#9961 = DIRECTION('',(0.851443886344,-1.734723475977E-18,0.524445715405)
  );
#9962 = DEFINITIONAL_REPRESENTATION('',(#9963),#9966);
#9963 = B_SPLINE_CURVE_WITH_KNOTS('',1,(#9964,#9965),.UNSPECIFIED.,.F.,
  .F.,(2,2),(0.,8.017702217715),.PIECEWISE_BEZIER_KNOTS.);
#9964 = CARTESIAN_POINT('',(-0.296481575019,4.066631127038));
#9965 = CARTESIAN_POINT('',(0.43793765693,-3.917363940828));
#9966 = ( GEOMETRIC_REPRESENTATION_CONTEXT(2) 
PARAMETRIC_REPRESENTATION_CONTEXT() REPRESENTATION_CONTEXT('2D SPACE',''
  ) );
#9967 = ORIENTED_EDGE('',*,*,#9968,.F.);
#9968 = EDGE_CURVE('',#9880,#9942,#9969,.T.);
#9969 = SURFACE_CURVE('',#9970,(#9975,#9982),.PCURVE_S1.);
#9970 = ELLIPSE('',#9971,0.859686351379,0.85);
#9971 = AXIS2_PLACEMENT_3D('',#9972,#9973,#9974);
#9972 = CARTESIAN_POINT('',(0.,0.,1.691102362205));
#9973 = DIRECTION('',(-0.149590727111,5.502656174382E-03,0.988732691448)
  );
#9974 = DIRECTION('',(0.988064433948,-3.634569443679E-02,0.149691899789)
  );
#9975 = PCURVE('',#9890,#9976);
#9976 = DEFINITIONAL_REPRESENTATION('',(#9977),#9981);
#9977 = ELLIPSE('',#9978,0.859686351379,0.85);
#9978 = AXIS2_PLACEMENT_2D('',#9979,#9980);
#9979 = CARTESIAN_POINT('',(0.199585566171,-7.381498815609));
#9980 = DIRECTION('',(0.999339256957,-3.634624470901E-02));
#9981 = ( GEOMETRIC_REPRESENTATION_CONTEXT(2) 
PARAMETRIC_REPRESENTATION_CONTEXT() REPRESENTATION_CONTEXT('2D SPACE',''
  ) );
#9982 = PCURVE('',#9983,#9988);
#9983 = CYLINDRICAL_SURFACE('',#9984,0.85);
#9984 = AXIS2_PLACEMENT_3D('',#9985,#9986,#9987);
#9985 = CARTESIAN_POINT('',(0.,0.,-0.96));
#9986 = DIRECTION('',(0.,0.,1.));
#9987 = DIRECTION('',(1.,0.,-0.));
#9988 = DEFINITIONAL_REPRESENTATION('',(#9989),#9998);
#9989 = B_SPLINE_CURVE_WITH_KNOTS('',7,(#9990,#9991,#9992,#9993,#9994,
    #9995,#9996,#9997),.UNSPECIFIED.,.F.,.F.,(8,8),(1.51265842012,
    3.067254233194),.PIECEWISE_BEZIER_KNOTS.);
#9990 = CARTESIAN_POINT('',(1.475890256873,2.658579804));
#9991 = CARTESIAN_POINT('',(1.697975373027,2.630048382438));
#9992 = CARTESIAN_POINT('',(1.920060489181,2.601086792944));
#9993 = CARTESIAN_POINT('',(2.142145605334,2.573992705172));
#9994 = CARTESIAN_POINT('',(2.364230721487,2.551119526078));
#9995 = CARTESIAN_POINT('',(2.586315837641,2.534399566915));
#9996 = CARTESIAN_POINT('',(2.808400953794,2.524892307496));
#9997 = CARTESIAN_POINT('',(3.030486069948,2.522769693415));
#9998 = ( GEOMETRIC_REPRESENTATION_CONTEXT(2) 
PARAMETRIC_REPRESENTATION_CONTEXT() REPRESENTATION_CONTEXT('2D SPACE',''
  ) );
#9999 = ADVANCED_FACE('',(#10000),#9902,.T.);
#10000 = FACE_BOUND('',#10001,.T.);
#10001 = EDGE_LOOP('',(#10002,#10003,#10032,#10059));
#10002 = ORIENTED_EDGE('',*,*,#9879,.F.);
#10003 = ORIENTED_EDGE('',*,*,#10004,.F.);
#10004 = EDGE_CURVE('',#10005,#9880,#10007,.T.);
#10005 = VERTEX_POINT('',#10006);
#10006 = CARTESIAN_POINT('',(0.397066384249,0.751557241,1.62684534838));
#10007 = SURFACE_CURVE('',#10008,(#10013,#10020),.PCURVE_S1.);
#10008 = ELLIPSE('',#10009,0.859686351379,0.85);
#10009 = AXIS2_PLACEMENT_3D('',#10010,#10011,#10012);
#10010 = CARTESIAN_POINT('',(0.,0.,1.691102362205));
#10011 = DIRECTION('',(0.149590727111,5.502656174382E-03,0.988732691448)
  );
#10012 = DIRECTION('',(-0.988064433948,-3.634569443679E-02,
    0.149691899789));
#10013 = PCURVE('',#9902,#10014);
#10014 = DEFINITIONAL_REPRESENTATION('',(#10015),#10019);
#10015 = ELLIPSE('',#10016,0.859686351379,0.85);
#10016 = AXIS2_PLACEMENT_2D('',#10017,#10018);
#10017 = CARTESIAN_POINT('',(-0.199585566171,-7.381498815609));
#10018 = DIRECTION('',(-0.999339256957,-3.634624470901E-02));
#10019 = ( GEOMETRIC_REPRESENTATION_CONTEXT(2) 
PARAMETRIC_REPRESENTATION_CONTEXT() REPRESENTATION_CONTEXT('2D SPACE',''
  ) );
#10020 = PCURVE('',#9983,#10021);
#10021 = DEFINITIONAL_REPRESENTATION('',(#10022),#10031);
#10022 = B_SPLINE_CURVE_WITH_KNOTS('',7,(#10023,#10024,#10025,#10026,
    #10027,#10028,#10029,#10030),.UNSPECIFIED.,.F.,.F.,(8,8),(
    3.215931073986,4.77052688706),.PIECEWISE_BEZIER_KNOTS.);
#10023 = CARTESIAN_POINT('',(0.111106583642,2.522769693415));
#10024 = CARTESIAN_POINT('',(0.333191699796,2.524892307496));
#10025 = CARTESIAN_POINT('',(0.555276815949,2.534399566916));
#10026 = CARTESIAN_POINT('',(0.777361932102,2.551119526077));
#10027 = CARTESIAN_POINT('',(0.999447048257,2.573992705173));
#10028 = CARTESIAN_POINT('',(1.221532164409,2.601086792943));
#10029 = CARTESIAN_POINT('',(1.443617280563,2.630048382438));
#10030 = CARTESIAN_POINT('',(1.665702396716,2.658579804));
#10031 = ( GEOMETRIC_REPRESENTATION_CONTEXT(2) 
PARAMETRIC_REPRESENTATION_CONTEXT() REPRESENTATION_CONTEXT('2D SPACE',''
  ) );
#10032 = ORIENTED_EDGE('',*,*,#10033,.T.);
#10033 = EDGE_CURVE('',#10005,#10034,#10036,.T.);
#10034 = VERTEX_POINT('',#10035);
#10035 = CARTESIAN_POINT('',(0.764005623761,4.584033742563,1.55));
#10036 = SURFACE_CURVE('',#10037,(#10041,#10048),.PCURVE_S1.);
#10037 = LINE('',#10038,#10039);
#10038 = CARTESIAN_POINT('',(0.,-3.395580550047,1.71));
#10039 = VECTOR('',#10040,1.);
#10040 = DIRECTION('',(9.528984776616E-02,0.995249521113,
    -1.995584216716E-02));
#10041 = PCURVE('',#9902,#10042);
#10042 = DEFINITIONAL_REPRESENTATION('',(#10043),#10047);
#10043 = LINE('',#10044,#10045);
#10044 = CARTESIAN_POINT('',(-0.202412520349,-10.77713077459));
#10045 = VECTOR('',#10046,1.);
#10046 = DIRECTION('',(9.720286821427E-02,0.995264589147));
#10047 = ( GEOMETRIC_REPRESENTATION_CONTEXT(2) 
PARAMETRIC_REPRESENTATION_CONTEXT() REPRESENTATION_CONTEXT('2D SPACE',''
  ) );
#10048 = PCURVE('',#10049,#10054);
#10049 = PLANE('',#10050);
#10050 = AXIS2_PLACEMENT_3D('',#10051,#10052,#10053);
#10051 = CARTESIAN_POINT('',(0.440927320265,0.519633954205,
    1.590802180414));
#10052 = DIRECTION('',(0.524157954855,-3.312232182808E-02,0.850976703652
    ));
#10053 = DIRECTION('',(0.851443886344,-1.734723475977E-18,
    -0.524445715405));
#10054 = DEFINITIONAL_REPRESENTATION('',(#10055),#10058);
#10055 = B_SPLINE_CURVE_WITH_KNOTS('',1,(#10056,#10057),.UNSPECIFIED.,
  .F.,.F.,(2,2),(0.,8.017702217715),.PIECEWISE_BEZIER_KNOTS.);
#10056 = CARTESIAN_POINT('',(-0.43793765693,-3.917363940828));
#10057 = CARTESIAN_POINT('',(0.296481575019,4.066631127038));
#10058 = ( GEOMETRIC_REPRESENTATION_CONTEXT(2) 
PARAMETRIC_REPRESENTATION_CONTEXT() REPRESENTATION_CONTEXT('2D SPACE',''
  ) );
#10059 = ORIENTED_EDGE('',*,*,#10060,.T.);
#10060 = EDGE_CURVE('',#10034,#9882,#10061,.T.);
#10061 = SURFACE_CURVE('',#10062,(#10066,#10073),.PCURVE_S1.);
#10062 = LINE('',#10063,#10064);
#10063 = CARTESIAN_POINT('',(0.764005623761,4.584033742563,1.55));
#10064 = VECTOR('',#10065,1.);
#10065 = DIRECTION('',(-5.616097858775E-02,0.998417397115,
    2.940343727383E-03));
#10066 = PCURVE('',#9902,#10067);
#10067 = DEFINITIONAL_REPRESENTATION('',(#10068),#10072);
#10068 = LINE('',#10069,#10070);
#10069 = CARTESIAN_POINT('',(0.576931131701,-2.797395670976));
#10070 = VECTOR('',#10071,1.);
#10071 = DIRECTION('',(-5.596889102327E-02,0.998432513111));
#10072 = ( GEOMETRIC_REPRESENTATION_CONTEXT(2) 
PARAMETRIC_REPRESENTATION_CONTEXT() REPRESENTATION_CONTEXT('2D SPACE',''
  ) );
#10073 = PCURVE('',#10074,#10079);
#10074 = PLANE('',#10075);
#10075 = AXIS2_PLACEMENT_3D('',#10076,#10077,#10078);
#10076 = CARTESIAN_POINT('',(0.381446516912,11.385084530983,
    1.50501470175));
#10077 = DIRECTION('',(-0.998421713113,-5.616122136259E-02,
    6.949644675685E-16));
#10078 = DIRECTION('',(5.616122136259E-02,-0.998421713113,0.));
#10079 = DEFINITIONAL_REPRESENTATION('',(#10080),#10084);
#10080 = LINE('',#10081,#10082);
#10081 = CARTESIAN_POINT('',(6.811801765826,4.498529824959E-02));
#10082 = VECTOR('',#10083,1.);
#10083 = DIRECTION('',(-0.99999567718,2.940343727383E-03));
#10084 = ( GEOMETRIC_REPRESENTATION_CONTEXT(2) 
PARAMETRIC_REPRESENTATION_CONTEXT() REPRESENTATION_CONTEXT('2D SPACE',''
  ) );
#10085 = ADVANCED_FACE('',(#10086,#10168,#10311),#9983,.T.);
#10086 = FACE_BOUND('',#10087,.T.);
#10087 = EDGE_LOOP('',(#10088,#10113,#10140,#10141));
#10088 = ORIENTED_EDGE('',*,*,#10089,.T.);
#10089 = EDGE_CURVE('',#10090,#10092,#10094,.T.);
#10090 = VERTEX_POINT('',#10091);
#10091 = CARTESIAN_POINT('',(0.85,-2.081899558551E-16,-0.96));
#10092 = VERTEX_POINT('',#10093);
#10093 = CARTESIAN_POINT('',(0.85,-2.081899558551E-16,1.71));
#10094 = SEAM_CURVE('',#10095,(#10099,#10106),.PCURVE_S1.);
#10095 = LINE('',#10096,#10097);
#10096 = CARTESIAN_POINT('',(0.85,-2.081899558551E-16,-0.96));
#10097 = VECTOR('',#10098,1.);
#10098 = DIRECTION('',(0.,0.,1.));
#10099 = PCURVE('',#9983,#10100);
#10100 = DEFINITIONAL_REPRESENTATION('',(#10101),#10105);
#10101 = LINE('',#10102,#10103);
#10102 = CARTESIAN_POINT('',(6.28318530718,-0.));
#10103 = VECTOR('',#10104,1.);
#10104 = DIRECTION('',(0.,1.));
#10105 = ( GEOMETRIC_REPRESENTATION_CONTEXT(2) 
PARAMETRIC_REPRESENTATION_CONTEXT() REPRESENTATION_CONTEXT('2D SPACE',''
  ) );
#10106 = PCURVE('',#9983,#10107);
#10107 = DEFINITIONAL_REPRESENTATION('',(#10108),#10112);
#10108 = LINE('',#10109,#10110);
#10109 = CARTESIAN_POINT('',(0.,-0.));
#10110 = VECTOR('',#10111,1.);
#10111 = DIRECTION('',(0.,1.));
#10112 = ( GEOMETRIC_REPRESENTATION_CONTEXT(2) 
PARAMETRIC_REPRESENTATION_CONTEXT() REPRESENTATION_CONTEXT('2D SPACE',''
  ) );
#10113 = ORIENTED_EDGE('',*,*,#10114,.F.);
#10114 = EDGE_CURVE('',#10092,#10092,#10115,.T.);
#10115 = SURFACE_CURVE('',#10116,(#10121,#10128),.PCURVE_S1.);
#10116 = CIRCLE('',#10117,0.85);
#10117 = AXIS2_PLACEMENT_3D('',#10118,#10119,#10120);
#10118 = CARTESIAN_POINT('',(0.,0.,1.71));
#10119 = DIRECTION('',(0.,0.,1.));
#10120 = DIRECTION('',(1.,0.,-0.));
#10121 = PCURVE('',#9983,#10122);
#10122 = DEFINITIONAL_REPRESENTATION('',(#10123),#10127);
#10123 = LINE('',#10124,#10125);
#10124 = CARTESIAN_POINT('',(0.,2.67));
#10125 = VECTOR('',#10126,1.);
#10126 = DIRECTION('',(1.,0.));
#10127 = ( GEOMETRIC_REPRESENTATION_CONTEXT(2) 
PARAMETRIC_REPRESENTATION_CONTEXT() REPRESENTATION_CONTEXT('2D SPACE',''
  ) );
#10128 = PCURVE('',#10129,#10134);
#10129 = PLANE('',#10130);
#10130 = AXIS2_PLACEMENT_3D('',#10131,#10132,#10133);
#10131 = CARTESIAN_POINT('',(0.,0.,1.71));
#10132 = DIRECTION('',(0.,0.,1.));
#10133 = DIRECTION('',(1.,0.,-0.));
#10134 = DEFINITIONAL_REPRESENTATION('',(#10135),#10139);
#10135 = CIRCLE('',#10136,0.85);
#10136 = AXIS2_PLACEMENT_2D('',#10137,#10138);
#10137 = CARTESIAN_POINT('',(0.,0.));
#10138 = DIRECTION('',(1.,0.));
#10139 = ( GEOMETRIC_REPRESENTATION_CONTEXT(2) 
PARAMETRIC_REPRESENTATION_CONTEXT() REPRESENTATION_CONTEXT('2D SPACE',''
  ) );
#10140 = ORIENTED_EDGE('',*,*,#10089,.F.);
#10141 = ORIENTED_EDGE('',*,*,#10142,.T.);
#10142 = EDGE_CURVE('',#10090,#10090,#10143,.T.);
#10143 = SURFACE_CURVE('',#10144,(#10149,#10156),.PCURVE_S1.);
#10144 = CIRCLE('',#10145,0.85);
#10145 = AXIS2_PLACEMENT_3D('',#10146,#10147,#10148);
#10146 = CARTESIAN_POINT('',(0.,0.,-0.96));
#10147 = DIRECTION('',(0.,0.,1.));
#10148 = DIRECTION('',(1.,0.,-0.));
#10149 = PCURVE('',#9983,#10150);
#10150 = DEFINITIONAL_REPRESENTATION('',(#10151),#10155);
#10151 = LINE('',#10152,#10153);
#10152 = CARTESIAN_POINT('',(0.,0.));
#10153 = VECTOR('',#10154,1.);
#10154 = DIRECTION('',(1.,0.));
#10155 = ( GEOMETRIC_REPRESENTATION_CONTEXT(2) 
PARAMETRIC_REPRESENTATION_CONTEXT() REPRESENTATION_CONTEXT('2D SPACE',''
  ) );
#10156 = PCURVE('',#10157,#10162);
#10157 = PLANE('',#10158);
#10158 = AXIS2_PLACEMENT_3D('',#10159,#10160,#10161);
#10159 = CARTESIAN_POINT('',(0.,0.,-0.96));
#10160 = DIRECTION('',(0.,0.,1.));
#10161 = DIRECTION('',(1.,0.,-0.));
#10162 = DEFINITIONAL_REPRESENTATION('',(#10163),#10167);
#10163 = CIRCLE('',#10164,0.85);
#10164 = AXIS2_PLACEMENT_2D('',#10165,#10166);
#10165 = CARTESIAN_POINT('',(0.,0.));
#10166 = DIRECTION('',(1.,0.));
#10167 = ( GEOMETRIC_REPRESENTATION_CONTEXT(2) 
PARAMETRIC_REPRESENTATION_CONTEXT() REPRESENTATION_CONTEXT('2D SPACE',''
  ) );
#10168 = FACE_BOUND('',#10169,.T.);
#10169 = EDGE_LOOP('',(#10170,#10171,#10172,#10200,#10226,#10259,#10285)
  );
#10170 = ORIENTED_EDGE('',*,*,#10004,.T.);
#10171 = ORIENTED_EDGE('',*,*,#9968,.T.);
#10172 = ORIENTED_EDGE('',*,*,#10173,.T.);
#10173 = EDGE_CURVE('',#9942,#10174,#10176,.T.);
#10174 = VERTEX_POINT('',#10175);
#10175 = CARTESIAN_POINT('',(-0.516970027726,0.674716229561,1.55));
#10176 = SURFACE_CURVE('',#10177,(#10182,#10193),.PCURVE_S1.);
#10177 = ELLIPSE('',#10178,0.99885225571,0.85);
#10178 = AXIS2_PLACEMENT_3D('',#10179,#10180,#10181);
#10179 = CARTESIAN_POINT('',(0.,0.,1.842165206508));
#10180 = DIRECTION('',(-0.524157954855,-3.312232182808E-02,
    0.850976703652));
#10181 = DIRECTION('',(0.849282730295,5.366744061648E-02,0.525203436624)
  );
#10182 = PCURVE('',#9983,#10183);
#10183 = DEFINITIONAL_REPRESENTATION('',(#10184),#10192);
#10184 = B_SPLINE_CURVE_WITH_KNOTS('',6,(#10185,#10186,#10187,#10188,
    #10189,#10190,#10191),.UNSPECIFIED.,.F.,.F.,(7,7),(1.825474268222,
    2.597847683557),.PIECEWISE_BEZIER_KNOTS.);
#10185 = CARTESIAN_POINT('',(1.888581847199,2.6700006));
#10186 = CARTESIAN_POINT('',(2.017310749755,2.604647591495));
#10187 = CARTESIAN_POINT('',(2.146039652311,2.541922804127));
#10188 = CARTESIAN_POINT('',(2.274768554866,2.483774992995));
#10189 = CARTESIAN_POINT('',(2.403497457422,2.432025050519));
#10190 = CARTESIAN_POINT('',(2.532226359978,2.388160843369));
#10191 = CARTESIAN_POINT('',(2.660955262534,2.353223917072));
#10192 = ( GEOMETRIC_REPRESENTATION_CONTEXT(2) 
PARAMETRIC_REPRESENTATION_CONTEXT() REPRESENTATION_CONTEXT('2D SPACE',''
  ) );
#10193 = PCURVE('',#9957,#10194);
#10194 = DEFINITIONAL_REPRESENTATION('',(#10195),#10199);
#10195 = ELLIPSE('',#10196,0.99885225571,0.85);
#10196 = AXIS2_PLACEMENT_2D('',#10197,#10198);
#10197 = CARTESIAN_POINT('',(0.507251133208,-0.519919231098));
#10198 = DIRECTION('',(0.99855728054,5.36969038195E-02));
#10199 = ( GEOMETRIC_REPRESENTATION_CONTEXT(2) 
PARAMETRIC_REPRESENTATION_CONTEXT() REPRESENTATION_CONTEXT('2D SPACE',''
  ) );
#10200 = ORIENTED_EDGE('',*,*,#10201,.F.);
#10201 = EDGE_CURVE('',#10202,#10174,#10204,.T.);
#10202 = VERTEX_POINT('',#10203);
#10203 = CARTESIAN_POINT('',(-0.516970027726,0.674716229561,1.44));
#10204 = SURFACE_CURVE('',#10205,(#10209,#10215),.PCURVE_S1.);
#10205 = LINE('',#10206,#10207);
#10206 = CARTESIAN_POINT('',(-0.516970027726,0.674716229561,-0.96));
#10207 = VECTOR('',#10208,1.);
#10208 = DIRECTION('',(0.,0.,1.));
#10209 = PCURVE('',#9983,#10210);
#10210 = DEFINITIONAL_REPRESENTATION('',(#10211),#10214);
#10211 = B_SPLINE_CURVE_WITH_KNOTS('',1,(#10212,#10213),.UNSPECIFIED.,
  .F.,.F.,(2,2),(2.389,2.521),.PIECEWISE_BEZIER_KNOTS.);
#10212 = CARTESIAN_POINT('',(2.22458736358,2.389));
#10213 = CARTESIAN_POINT('',(2.22458736358,2.521));
#10214 = ( GEOMETRIC_REPRESENTATION_CONTEXT(2) 
PARAMETRIC_REPRESENTATION_CONTEXT() REPRESENTATION_CONTEXT('2D SPACE',''
  ) );
#10215 = PCURVE('',#10216,#10221);
#10216 = PLANE('',#10217);
#10217 = AXIS2_PLACEMENT_3D('',#10218,#10219,#10220);
#10218 = CARTESIAN_POINT('',(-0.51188376792,0.594226596258,1.495));
#10219 = DIRECTION('',(0.998009377518,6.306569896232E-02,
    -2.82276902455E-16));
#10220 = DIRECTION('',(-6.306569896232E-02,0.998009377518,
    -3.08148791102E-33));
#10221 = DEFINITIONAL_REPRESENTATION('',(#10222),#10225);
#10222 = B_SPLINE_CURVE_WITH_KNOTS('',1,(#10223,#10224),.UNSPECIFIED.,
  .F.,.F.,(2,2),(2.389,2.521),.PIECEWISE_BEZIER_KNOTS.);
#10223 = CARTESIAN_POINT('',(8.065017735892E-02,-6.6E-02));
#10224 = CARTESIAN_POINT('',(8.065017735892E-02,6.6E-02));
#10225 = ( GEOMETRIC_REPRESENTATION_CONTEXT(2) 
PARAMETRIC_REPRESENTATION_CONTEXT() REPRESENTATION_CONTEXT('2D SPACE',''
  ) );
#10226 = ORIENTED_EDGE('',*,*,#10227,.F.);
#10227 = EDGE_CURVE('',#10228,#10202,#10230,.T.);
#10228 = VERTEX_POINT('',#10229);
#10229 = CARTESIAN_POINT('',(0.516970027726,0.674716229561,1.44));
#10230 = SURFACE_CURVE('',#10231,(#10236,#10243),.PCURVE_S1.);
#10231 = CIRCLE('',#10232,0.85);
#10232 = AXIS2_PLACEMENT_3D('',#10233,#10234,#10235);
#10233 = CARTESIAN_POINT('',(0.,0.,1.44));
#10234 = DIRECTION('',(0.,0.,1.));
#10235 = DIRECTION('',(1.,0.,-0.));
#10236 = PCURVE('',#9983,#10237);
#10237 = DEFINITIONAL_REPRESENTATION('',(#10238),#10242);
#10238 = LINE('',#10239,#10240);
#10239 = CARTESIAN_POINT('',(0.,2.4));
#10240 = VECTOR('',#10241,1.);
#10241 = DIRECTION('',(1.,0.));
#10242 = ( GEOMETRIC_REPRESENTATION_CONTEXT(2) 
PARAMETRIC_REPRESENTATION_CONTEXT() REPRESENTATION_CONTEXT('2D SPACE',''
  ) );
#10243 = PCURVE('',#10244,#10249);
#10244 = PLANE('',#10245);
#10245 = AXIS2_PLACEMENT_3D('',#10246,#10247,#10248);
#10246 = CARTESIAN_POINT('',(0.,7.256246440923,1.44));
#10247 = DIRECTION('',(-0.,-0.,-1.));
#10248 = DIRECTION('',(-1.,0.,0.));
#10249 = DEFINITIONAL_REPRESENTATION('',(#10250),#10258);
#10250 = ( BOUNDED_CURVE() B_SPLINE_CURVE(2,(#10251,#10252,#10253,#10254
    ,#10255,#10256,#10257),.UNSPECIFIED.,.T.,.F.) 
B_SPLINE_CURVE_WITH_KNOTS((1,2,2,2,2,1),(-2.094395102393,0.,
    2.094395102393,4.188790204786,6.28318530718,8.377580409573),
.UNSPECIFIED.) CURVE() GEOMETRIC_REPRESENTATION_ITEM() 
RATIONAL_B_SPLINE_CURVE((1.,0.5,1.,0.5,1.,0.5,1.)) REPRESENTATION_ITEM(
  '') );
#10251 = CARTESIAN_POINT('',(-0.85,-7.256246440923));
#10252 = CARTESIAN_POINT('',(-0.85,-5.78400325449));
#10253 = CARTESIAN_POINT('',(0.425,-6.520124847706));
#10254 = CARTESIAN_POINT('',(1.7,-7.256246440923));
#10255 = CARTESIAN_POINT('',(0.425,-7.99236803414));
#10256 = CARTESIAN_POINT('',(-0.85,-8.728489627357));
#10257 = CARTESIAN_POINT('',(-0.85,-7.256246440923));
#10258 = ( GEOMETRIC_REPRESENTATION_CONTEXT(2) 
PARAMETRIC_REPRESENTATION_CONTEXT() REPRESENTATION_CONTEXT('2D SPACE',''
  ) );
#10259 = ORIENTED_EDGE('',*,*,#10260,.T.);
#10260 = EDGE_CURVE('',#10228,#10261,#10263,.T.);
#10261 = VERTEX_POINT('',#10262);
#10262 = CARTESIAN_POINT('',(0.516970027726,0.674716229561,1.55));
#10263 = SURFACE_CURVE('',#10264,(#10268,#10274),.PCURVE_S1.);
#10264 = LINE('',#10265,#10266);
#10265 = CARTESIAN_POINT('',(0.516970027726,0.674716229561,-0.96));
#10266 = VECTOR('',#10267,1.);
#10267 = DIRECTION('',(0.,0.,1.));
#10268 = PCURVE('',#9983,#10269);
#10269 = DEFINITIONAL_REPRESENTATION('',(#10270),#10273);
#10270 = B_SPLINE_CURVE_WITH_KNOTS('',1,(#10271,#10272),.UNSPECIFIED.,
  .F.,.F.,(2,2),(2.389,2.521),.PIECEWISE_BEZIER_KNOTS.);
#10271 = CARTESIAN_POINT('',(0.91700529001,2.389));
#10272 = CARTESIAN_POINT('',(0.91700529001,2.521));
#10273 = ( GEOMETRIC_REPRESENTATION_CONTEXT(2) 
PARAMETRIC_REPRESENTATION_CONTEXT() REPRESENTATION_CONTEXT('2D SPACE',''
  ) );
#10274 = PCURVE('',#10275,#10280);
#10275 = PLANE('',#10276);
#10276 = AXIS2_PLACEMENT_3D('',#10277,#10278,#10279);
#10277 = CARTESIAN_POINT('',(0.51188376792,0.594226596258,1.495));
#10278 = DIRECTION('',(-0.998009377518,6.306569896232E-02,
    1.411384512275E-16));
#10279 = DIRECTION('',(-6.306569896232E-02,-0.998009377518,0.));
#10280 = DEFINITIONAL_REPRESENTATION('',(#10281),#10284);
#10281 = B_SPLINE_CURVE_WITH_KNOTS('',1,(#10282,#10283),.UNSPECIFIED.,
  .F.,.F.,(2,2),(2.389,2.521),.PIECEWISE_BEZIER_KNOTS.);
#10282 = CARTESIAN_POINT('',(-8.065017735892E-02,-6.6E-02));
#10283 = CARTESIAN_POINT('',(-8.065017735892E-02,6.6E-02));
#10284 = ( GEOMETRIC_REPRESENTATION_CONTEXT(2) 
PARAMETRIC_REPRESENTATION_CONTEXT() REPRESENTATION_CONTEXT('2D SPACE',''
  ) );
#10285 = ORIENTED_EDGE('',*,*,#10286,.T.);
#10286 = EDGE_CURVE('',#10261,#10005,#10287,.T.);
#10287 = SURFACE_CURVE('',#10288,(#10293,#10304),.PCURVE_S1.);
#10288 = ELLIPSE('',#10289,0.99885225571,0.85);
#10289 = AXIS2_PLACEMENT_3D('',#10290,#10291,#10292);
#10290 = CARTESIAN_POINT('',(0.,0.,1.842165206508));
#10291 = DIRECTION('',(0.524157954855,-3.312232182808E-02,0.850976703652
    ));
#10292 = DIRECTION('',(-0.849282730295,5.366744061648E-02,0.525203436624
    ));
#10293 = PCURVE('',#9983,#10294);
#10294 = DEFINITIONAL_REPRESENTATION('',(#10295),#10303);
#10295 = B_SPLINE_CURVE_WITH_KNOTS('',6,(#10296,#10297,#10298,#10299,
    #10300,#10301,#10302),.UNSPECIFIED.,.F.,.F.,(7,7),(3.685337623623,
    4.457711038957),.PIECEWISE_BEZIER_KNOTS.);
#10296 = CARTESIAN_POINT('',(0.480637391056,2.353223917072));
#10297 = CARTESIAN_POINT('',(0.609366293612,2.388160843369));
#10298 = CARTESIAN_POINT('',(0.738095196168,2.432025050519));
#10299 = CARTESIAN_POINT('',(0.866824098723,2.483774992995));
#10300 = CARTESIAN_POINT('',(0.995553001279,2.541922804127));
#10301 = CARTESIAN_POINT('',(1.124281903835,2.604647591495));
#10302 = CARTESIAN_POINT('',(1.25301080639,2.6700006));
#10303 = ( GEOMETRIC_REPRESENTATION_CONTEXT(2) 
PARAMETRIC_REPRESENTATION_CONTEXT() REPRESENTATION_CONTEXT('2D SPACE',''
  ) );
#10304 = PCURVE('',#10049,#10305);
#10305 = DEFINITIONAL_REPRESENTATION('',(#10306),#10310);
#10306 = ELLIPSE('',#10307,0.99885225571,0.85);
#10307 = AXIS2_PLACEMENT_2D('',#10308,#10309);
#10308 = CARTESIAN_POINT('',(-0.507251133208,-0.519919231098));
#10309 = DIRECTION('',(-0.99855728054,5.36969038195E-02));
#10310 = ( GEOMETRIC_REPRESENTATION_CONTEXT(2) 
PARAMETRIC_REPRESENTATION_CONTEXT() REPRESENTATION_CONTEXT('2D SPACE',''
  ) );
#10311 = FACE_BOUND('',#10312,.T.);
#10312 = EDGE_LOOP('',(#10313,#10348,#10382,#10416,#10449,#10475,#10508)
  );
#10313 = ORIENTED_EDGE('',*,*,#10314,.T.);
#10314 = EDGE_CURVE('',#10315,#10317,#10319,.T.);
#10315 = VERTEX_POINT('',#10316);
#10316 = CARTESIAN_POINT('',(-0.427924262667,-0.73442550706,1.55));
#10317 = VERTEX_POINT('',#10318);
#10318 = CARTESIAN_POINT('',(-0.247244739523,-0.813246603914,
    1.658221378098));
#10319 = SURFACE_CURVE('',#10320,(#10325,#10336),.PCURVE_S1.);
#10320 = ELLIPSE('',#10321,0.99885225571,0.85);
#10321 = AXIS2_PLACEMENT_3D('',#10322,#10323,#10324);
#10322 = CARTESIAN_POINT('',(0.,0.,1.842165206508));
#10323 = DIRECTION('',(-0.524157954855,-3.312232182808E-02,
    0.850976703652));
#10324 = DIRECTION('',(0.849282730295,5.366744061648E-02,0.525203436624)
  );
#10325 = PCURVE('',#9983,#10326);
#10326 = DEFINITIONAL_REPRESENTATION('',(#10327),#10335);
#10327 = B_SPLINE_CURVE_WITH_KNOTS('',6,(#10328,#10329,#10330,#10331,
    #10332,#10333,#10334),.UNSPECIFIED.,.F.,.F.,(7,7),(3.593879758738,
    4.457711038957),.PIECEWISE_BEZIER_KNOTS.);
#10328 = CARTESIAN_POINT('',(3.656987337716,2.330313196658));
#10329 = CARTESIAN_POINT('',(3.800959217752,2.363320617511));
#10330 = CARTESIAN_POINT('',(3.944931097789,2.408064480449));
#10331 = CARTESIAN_POINT('',(4.088902977825,2.463314429387));
#10332 = CARTESIAN_POINT('',(4.232874857862,2.527105057965));
#10333 = CARTESIAN_POINT('',(4.376846737898,2.596909046248));
#10334 = CARTESIAN_POINT('',(4.520818617935,2.6700006));
#10335 = ( GEOMETRIC_REPRESENTATION_CONTEXT(2) 
PARAMETRIC_REPRESENTATION_CONTEXT() REPRESENTATION_CONTEXT('2D SPACE',''
  ) );
#10336 = PCURVE('',#10337,#10342);
#10337 = PLANE('',#10338);
#10338 = AXIS2_PLACEMENT_3D('',#10339,#10340,#10341);
#10339 = CARTESIAN_POINT('',(-0.440927320265,0.519633954205,
    1.590802180414));
#10340 = DIRECTION('',(-0.524157954855,-3.312232182808E-02,
    0.850976703652));
#10341 = DIRECTION('',(0.851443886344,-1.734723475977E-18,0.524445715405
    ));
#10342 = DEFINITIONAL_REPRESENTATION('',(#10343),#10347);
#10343 = ELLIPSE('',#10344,0.99885225571,0.85);
#10344 = AXIS2_PLACEMENT_2D('',#10345,#10346);
#10345 = CARTESIAN_POINT('',(0.507251133208,-0.519919231098));
#10346 = DIRECTION('',(0.99855728054,5.36969038195E-02));
#10347 = ( GEOMETRIC_REPRESENTATION_CONTEXT(2) 
PARAMETRIC_REPRESENTATION_CONTEXT() REPRESENTATION_CONTEXT('2D SPACE',''
  ) );
#10348 = ORIENTED_EDGE('',*,*,#10349,.T.);
#10349 = EDGE_CURVE('',#10317,#10350,#10352,.T.);
#10350 = VERTEX_POINT('',#10351);
#10351 = CARTESIAN_POINT('',(0.,-0.85,1.695832920614));
#10352 = SURFACE_CURVE('',#10353,(#10358,#10370),.PCURVE_S1.);
#10353 = ELLIPSE('',#10354,0.859686351379,0.85);
#10354 = AXIS2_PLACEMENT_3D('',#10355,#10356,#10357);
#10355 = CARTESIAN_POINT('',(0.,0.,1.691102362205));
#10356 = DIRECTION('',(-0.149590727111,5.502656174382E-03,0.988732691448
    ));
#10357 = DIRECTION('',(0.988064433948,-3.634569443679E-02,0.149691899789
    ));
#10358 = PCURVE('',#9983,#10359);
#10359 = DEFINITIONAL_REPRESENTATION('',(#10360),#10369);
#10360 = B_SPLINE_CURVE_WITH_KNOTS('',7,(#10361,#10362,#10363,#10364,
    #10365,#10366,#10367,#10368),.UNSPECIFIED.,.F.,.F.,(8,8),(
    3.287821058324,4.842416871398),.PIECEWISE_BEZIER_KNOTS.);
#10361 = CARTESIAN_POINT('',(3.251052895078,2.523787681486));
#10362 = CARTESIAN_POINT('',(3.473138011231,2.527951968823));
#10363 = CARTESIAN_POINT('',(3.695223127385,2.539442315713));
#10364 = CARTESIAN_POINT('',(3.917308243537,2.557922370418));
#10365 = CARTESIAN_POINT('',(4.139393359693,2.582174995686));
#10366 = CARTESIAN_POINT('',(4.361478475845,2.610151345539));
#10367 = CARTESIAN_POINT('',(4.583563591998,2.63944984454));
#10368 = CARTESIAN_POINT('',(4.805648708152,2.667788290479));
#10369 = ( GEOMETRIC_REPRESENTATION_CONTEXT(2) 
PARAMETRIC_REPRESENTATION_CONTEXT() REPRESENTATION_CONTEXT('2D SPACE',''
  ) );
#10370 = PCURVE('',#10371,#10376);
#10371 = PLANE('',#10372);
#10372 = AXIS2_PLACEMENT_3D('',#10373,#10374,#10375);
#10373 = CARTESIAN_POINT('',(-0.191263615973,7.381387061732,
    1.621084956011));
#10374 = DIRECTION('',(-0.149590727111,5.502656174382E-03,0.988732691448
    ));
#10375 = DIRECTION('',(0.988747660817,0.,0.149592991908));
#10376 = DEFINITIONAL_REPRESENTATION('',(#10377),#10381);
#10377 = ELLIPSE('',#10378,0.859686351379,0.85);
#10378 = AXIS2_PLACEMENT_2D('',#10379,#10380);
#10379 = CARTESIAN_POINT('',(0.199585566171,-7.381498815609));
#10380 = DIRECTION('',(0.999339256957,-3.634624470901E-02));
#10381 = ( GEOMETRIC_REPRESENTATION_CONTEXT(2) 
PARAMETRIC_REPRESENTATION_CONTEXT() REPRESENTATION_CONTEXT('2D SPACE',''
  ) );
#10382 = ORIENTED_EDGE('',*,*,#10383,.T.);
#10383 = EDGE_CURVE('',#10350,#10384,#10386,.T.);
#10384 = VERTEX_POINT('',#10385);
#10385 = CARTESIAN_POINT('',(0.247244739523,-0.813246603914,
    1.658221378098));
#10386 = SURFACE_CURVE('',#10387,(#10392,#10404),.PCURVE_S1.);
#10387 = ELLIPSE('',#10388,0.859686351379,0.85);
#10388 = AXIS2_PLACEMENT_3D('',#10389,#10390,#10391);
#10389 = CARTESIAN_POINT('',(0.,0.,1.691102362205));
#10390 = DIRECTION('',(0.149590727111,5.502656174382E-03,0.988732691448)
  );
#10391 = DIRECTION('',(-0.988064433948,-3.634569443679E-02,
    0.149691899789));
#10392 = PCURVE('',#9983,#10393);
#10393 = DEFINITIONAL_REPRESENTATION('',(#10394),#10403);
#10394 = B_SPLINE_CURVE_WITH_KNOTS('',7,(#10395,#10396,#10397,#10398,
    #10399,#10400,#10401,#10402),.UNSPECIFIED.,.F.,.F.,(8,8),(
    1.440768435782,2.995364248856),.PIECEWISE_BEZIER_KNOTS.);
#10395 = CARTESIAN_POINT('',(4.619129252618,2.667788290479));
#10396 = CARTESIAN_POINT('',(4.841214368771,2.63944984454));
#10397 = CARTESIAN_POINT('',(5.063299484925,2.61015134554));
#10398 = CARTESIAN_POINT('',(5.285384601077,2.582174995685));
#10399 = CARTESIAN_POINT('',(5.507469717233,2.557922370421));
#10400 = CARTESIAN_POINT('',(5.729554833385,2.539442315712));
#10401 = CARTESIAN_POINT('',(5.951639949538,2.527951968823));
#10402 = CARTESIAN_POINT('',(6.173725065692,2.523787681486));
#10403 = ( GEOMETRIC_REPRESENTATION_CONTEXT(2) 
PARAMETRIC_REPRESENTATION_CONTEXT() REPRESENTATION_CONTEXT('2D SPACE',''
  ) );
#10404 = PCURVE('',#10405,#10410);
#10405 = PLANE('',#10406);
#10406 = AXIS2_PLACEMENT_3D('',#10407,#10408,#10409);
#10407 = CARTESIAN_POINT('',(0.191263615973,7.381387061732,
    1.621084956011));
#10408 = DIRECTION('',(0.149590727111,5.502656174382E-03,0.988732691448)
  );
#10409 = DIRECTION('',(0.988747660817,0.,-0.149592991908));
#10410 = DEFINITIONAL_REPRESENTATION('',(#10411),#10415);
#10411 = ELLIPSE('',#10412,0.859686351379,0.85);
#10412 = AXIS2_PLACEMENT_2D('',#10413,#10414);
#10413 = CARTESIAN_POINT('',(-0.199585566171,-7.381498815609));
#10414 = DIRECTION('',(-0.999339256957,-3.634624470901E-02));
#10415 = ( GEOMETRIC_REPRESENTATION_CONTEXT(2) 
PARAMETRIC_REPRESENTATION_CONTEXT() REPRESENTATION_CONTEXT('2D SPACE',''
  ) );
#10416 = ORIENTED_EDGE('',*,*,#10417,.T.);
#10417 = EDGE_CURVE('',#10384,#10418,#10420,.T.);
#10418 = VERTEX_POINT('',#10419);
#10419 = CARTESIAN_POINT('',(0.427924262667,-0.73442550706,1.55));
#10420 = SURFACE_CURVE('',#10421,(#10426,#10437),.PCURVE_S1.);
#10421 = ELLIPSE('',#10422,0.99885225571,0.85);
#10422 = AXIS2_PLACEMENT_3D('',#10423,#10424,#10425);
#10423 = CARTESIAN_POINT('',(0.,0.,1.842165206508));
#10424 = DIRECTION('',(0.524157954855,-3.312232182808E-02,0.850976703652
    ));
#10425 = DIRECTION('',(-0.849282730295,5.366744061648E-02,0.525203436624
    ));
#10426 = PCURVE('',#9983,#10427);
#10427 = DEFINITIONAL_REPRESENTATION('',(#10428),#10436);
#10428 = B_SPLINE_CURVE_WITH_KNOTS('',6,(#10429,#10430,#10431,#10432,
    #10433,#10434,#10435),.UNSPECIFIED.,.F.,.F.,(7,7),(1.825474268222,
    2.689305548441),.PIECEWISE_BEZIER_KNOTS.);
#10429 = CARTESIAN_POINT('',(4.903959342835,2.6700006));
#10430 = CARTESIAN_POINT('',(5.047931222871,2.596909046248));
#10431 = CARTESIAN_POINT('',(5.191903102908,2.527105057965));
#10432 = CARTESIAN_POINT('',(5.335874982944,2.463314429386));
#10433 = CARTESIAN_POINT('',(5.479846862981,2.408064480449));
#10434 = CARTESIAN_POINT('',(5.623818743017,2.363320617511));
#10435 = CARTESIAN_POINT('',(5.767790623054,2.330313196658));
#10436 = ( GEOMETRIC_REPRESENTATION_CONTEXT(2) 
PARAMETRIC_REPRESENTATION_CONTEXT() REPRESENTATION_CONTEXT('2D SPACE',''
  ) );
#10437 = PCURVE('',#10438,#10443);
#10438 = PLANE('',#10439);
#10439 = AXIS2_PLACEMENT_3D('',#10440,#10441,#10442);
#10440 = CARTESIAN_POINT('',(0.440927320265,0.519633954205,
    1.590802180414));
#10441 = DIRECTION('',(0.524157954855,-3.312232182808E-02,0.850976703652
    ));
#10442 = DIRECTION('',(0.851443886344,-1.734723475977E-18,
    -0.524445715405));
#10443 = DEFINITIONAL_REPRESENTATION('',(#10444),#10448);
#10444 = ELLIPSE('',#10445,0.99885225571,0.85);
#10445 = AXIS2_PLACEMENT_2D('',#10446,#10447);
#10446 = CARTESIAN_POINT('',(-0.507251133208,-0.519919231098));
#10447 = DIRECTION('',(-0.99855728054,5.36969038195E-02));
#10448 = ( GEOMETRIC_REPRESENTATION_CONTEXT(2) 
PARAMETRIC_REPRESENTATION_CONTEXT() REPRESENTATION_CONTEXT('2D SPACE',''
  ) );
#10449 = ORIENTED_EDGE('',*,*,#10450,.F.);
#10450 = EDGE_CURVE('',#10451,#10418,#10453,.T.);
#10451 = VERTEX_POINT('',#10452);
#10452 = CARTESIAN_POINT('',(0.427924262667,-0.73442550706,1.44));
#10453 = SURFACE_CURVE('',#10454,(#10458,#10464),.PCURVE_S1.);
#10454 = LINE('',#10455,#10456);
#10455 = CARTESIAN_POINT('',(0.427924262667,-0.73442550706,-0.96));
#10456 = VECTOR('',#10457,1.);
#10457 = DIRECTION('',(0.,0.,1.));
#10458 = PCURVE('',#9983,#10459);
#10459 = DEFINITIONAL_REPRESENTATION('',(#10460),#10463);
#10460 = B_SPLINE_CURVE_WITH_KNOTS('',1,(#10461,#10462),.UNSPECIFIED.,
  .F.,.F.,(2,2),(2.389,2.521),.PIECEWISE_BEZIER_KNOTS.);
#10461 = CARTESIAN_POINT('',(5.239964859215,2.389));
#10462 = CARTESIAN_POINT('',(5.239964859215,2.521));
#10463 = ( GEOMETRIC_REPRESENTATION_CONTEXT(2) 
PARAMETRIC_REPRESENTATION_CONTEXT() REPRESENTATION_CONTEXT('2D SPACE',''
  ) );
#10464 = PCURVE('',#10465,#10470);
#10465 = PLANE('',#10466);
#10466 = AXIS2_PLACEMENT_3D('',#10467,#10468,#10469);
#10467 = CARTESIAN_POINT('',(0.51188376792,0.594226596258,1.495));
#10468 = DIRECTION('',(-0.998009377518,6.306569896232E-02,
    1.411384512275E-16));
#10469 = DIRECTION('',(-6.306569896232E-02,-0.998009377518,0.));
#10470 = DEFINITIONAL_REPRESENTATION('',(#10471),#10474);
#10471 = B_SPLINE_CURVE_WITH_KNOTS('',1,(#10472,#10473),.UNSPECIFIED.,
  .F.,.F.,(2,2),(2.389,2.521),.PIECEWISE_BEZIER_KNOTS.);
#10472 = CARTESIAN_POINT('',(1.331302223454,-6.6E-02));
#10473 = CARTESIAN_POINT('',(1.331302223454,6.6E-02));
#10474 = ( GEOMETRIC_REPRESENTATION_CONTEXT(2) 
PARAMETRIC_REPRESENTATION_CONTEXT() REPRESENTATION_CONTEXT('2D SPACE',''
  ) );
#10475 = ORIENTED_EDGE('',*,*,#10476,.F.);
#10476 = EDGE_CURVE('',#10477,#10451,#10479,.T.);
#10477 = VERTEX_POINT('',#10478);
#10478 = CARTESIAN_POINT('',(-0.427924262667,-0.73442550706,1.44));
#10479 = SURFACE_CURVE('',#10480,(#10485,#10492),.PCURVE_S1.);
#10480 = CIRCLE('',#10481,0.85);
#10481 = AXIS2_PLACEMENT_3D('',#10482,#10483,#10484);
#10482 = CARTESIAN_POINT('',(0.,0.,1.44));
#10483 = DIRECTION('',(0.,0.,1.));
#10484 = DIRECTION('',(1.,0.,-0.));
#10485 = PCURVE('',#9983,#10486);
#10486 = DEFINITIONAL_REPRESENTATION('',(#10487),#10491);
#10487 = LINE('',#10488,#10489);
#10488 = CARTESIAN_POINT('',(0.,2.4));
#10489 = VECTOR('',#10490,1.);
#10490 = DIRECTION('',(1.,0.));
#10491 = ( GEOMETRIC_REPRESENTATION_CONTEXT(2) 
PARAMETRIC_REPRESENTATION_CONTEXT() REPRESENTATION_CONTEXT('2D SPACE',''
  ) );
#10492 = PCURVE('',#10493,#10498);
#10493 = PLANE('',#10494);
#10494 = AXIS2_PLACEMENT_3D('',#10495,#10496,#10497);
#10495 = CARTESIAN_POINT('',(0.,7.256246440923,1.44));
#10496 = DIRECTION('',(-0.,-0.,-1.));
#10497 = DIRECTION('',(-1.,0.,0.));
#10498 = DEFINITIONAL_REPRESENTATION('',(#10499),#10507);
#10499 = ( BOUNDED_CURVE() B_SPLINE_CURVE(2,(#10500,#10501,#10502,#10503
    ,#10504,#10505,#10506),.UNSPECIFIED.,.T.,.F.) 
B_SPLINE_CURVE_WITH_KNOTS((1,2,2,2,2,1),(-2.094395102393,0.,
    2.094395102393,4.188790204786,6.28318530718,8.377580409573),
.UNSPECIFIED.) CURVE() GEOMETRIC_REPRESENTATION_ITEM() 
RATIONAL_B_SPLINE_CURVE((1.,0.5,1.,0.5,1.,0.5,1.)) REPRESENTATION_ITEM(
  '') );
#10500 = CARTESIAN_POINT('',(-0.85,-7.256246440923));
#10501 = CARTESIAN_POINT('',(-0.85,-5.78400325449));
#10502 = CARTESIAN_POINT('',(0.425,-6.520124847706));
#10503 = CARTESIAN_POINT('',(1.7,-7.256246440923));
#10504 = CARTESIAN_POINT('',(0.425,-7.99236803414));
#10505 = CARTESIAN_POINT('',(-0.85,-8.728489627357));
#10506 = CARTESIAN_POINT('',(-0.85,-7.256246440923));
#10507 = ( GEOMETRIC_REPRESENTATION_CONTEXT(2) 
PARAMETRIC_REPRESENTATION_CONTEXT() REPRESENTATION_CONTEXT('2D SPACE',''
  ) );
#10508 = ORIENTED_EDGE('',*,*,#10509,.T.);
#10509 = EDGE_CURVE('',#10477,#10315,#10510,.T.);
#10510 = SURFACE_CURVE('',#10511,(#10515,#10521),.PCURVE_S1.);
#10511 = LINE('',#10512,#10513);
#10512 = CARTESIAN_POINT('',(-0.427924262667,-0.73442550706,-0.96));
#10513 = VECTOR('',#10514,1.);
#10514 = DIRECTION('',(0.,0.,1.));
#10515 = PCURVE('',#9983,#10516);
#10516 = DEFINITIONAL_REPRESENTATION('',(#10517),#10520);
#10517 = B_SPLINE_CURVE_WITH_KNOTS('',1,(#10518,#10519),.UNSPECIFIED.,
  .F.,.F.,(2,2),(2.389,2.521),.PIECEWISE_BEZIER_KNOTS.);
#10518 = CARTESIAN_POINT('',(4.184813101554,2.389));
#10519 = CARTESIAN_POINT('',(4.184813101554,2.521));
#10520 = ( GEOMETRIC_REPRESENTATION_CONTEXT(2) 
PARAMETRIC_REPRESENTATION_CONTEXT() REPRESENTATION_CONTEXT('2D SPACE',''
  ) );
#10521 = PCURVE('',#10522,#10527);
#10522 = PLANE('',#10523);
#10523 = AXIS2_PLACEMENT_3D('',#10524,#10525,#10526);
#10524 = CARTESIAN_POINT('',(-0.51188376792,0.594226596258,1.495));
#10525 = DIRECTION('',(0.998009377518,6.306569896232E-02,
    -2.82276902455E-16));
#10526 = DIRECTION('',(-6.306569896232E-02,0.998009377518,
    -3.08148791102E-33));
#10527 = DEFINITIONAL_REPRESENTATION('',(#10528),#10531);
#10528 = B_SPLINE_CURVE_WITH_KNOTS('',1,(#10529,#10530),.UNSPECIFIED.,
  .F.,.F.,(2,2),(2.389,2.521),.PIECEWISE_BEZIER_KNOTS.);
#10529 = CARTESIAN_POINT('',(-1.331302223454,-6.6E-02));
#10530 = CARTESIAN_POINT('',(-1.331302223454,6.6E-02));
#10531 = ( GEOMETRIC_REPRESENTATION_CONTEXT(2) 
PARAMETRIC_REPRESENTATION_CONTEXT() REPRESENTATION_CONTEXT('2D SPACE',''
  ) );
#10532 = ADVANCED_FACE('',(#10533),#9957,.T.);
#10533 = FACE_BOUND('',#10534,.T.);
#10534 = EDGE_LOOP('',(#10535,#10536,#10557));
#10535 = ORIENTED_EDGE('',*,*,#9941,.F.);
#10536 = ORIENTED_EDGE('',*,*,#10537,.T.);
#10537 = EDGE_CURVE('',#9914,#10174,#10538,.T.);
#10538 = SURFACE_CURVE('',#10539,(#10543,#10550),.PCURVE_S1.);
#10539 = LINE('',#10540,#10541);
#10540 = CARTESIAN_POINT('',(-0.764005623761,4.584033742563,1.55));
#10541 = VECTOR('',#10542,1.);
#10542 = DIRECTION('',(6.306569896232E-02,-0.998009377518,0.));
#10543 = PCURVE('',#9957,#10544);
#10544 = DEFINITIONAL_REPRESENTATION('',(#10545),#10549);
#10545 = LINE('',#10546,#10547);
#10546 = CARTESIAN_POINT('',(-0.296481575019,4.066631127038));
#10547 = VECTOR('',#10548,1.);
#10548 = DIRECTION('',(5.36969038195E-02,-0.99855728054));
#10549 = ( GEOMETRIC_REPRESENTATION_CONTEXT(2) 
PARAMETRIC_REPRESENTATION_CONTEXT() REPRESENTATION_CONTEXT('2D SPACE',''
  ) );
#10550 = PCURVE('',#10216,#10551);
#10551 = DEFINITIONAL_REPRESENTATION('',(#10552),#10556);
#10552 = LINE('',#10553,#10554);
#10553 = CARTESIAN_POINT('',(3.997765187564,5.5E-02));
#10554 = VECTOR('',#10555,1.);
#10555 = DIRECTION('',(-1.,-2.245596866721E-33));
#10556 = ( GEOMETRIC_REPRESENTATION_CONTEXT(2) 
PARAMETRIC_REPRESENTATION_CONTEXT() REPRESENTATION_CONTEXT('2D SPACE',''
  ) );
#10557 = ORIENTED_EDGE('',*,*,#10173,.F.);
#10558 = ADVANCED_FACE('',(#10559),#9929,.F.);
#10559 = FACE_BOUND('',#10560,.F.);
#10560 = EDGE_LOOP('',(#10561,#10583,#10584,#10606));
#10561 = ORIENTED_EDGE('',*,*,#10562,.T.);
#10562 = EDGE_CURVE('',#10563,#9882,#10565,.T.);
#10563 = VERTEX_POINT('',#10564);
#10564 = CARTESIAN_POINT('',(0.,18.16635594275,1.44));
#10565 = SURFACE_CURVE('',#10566,(#10570,#10577),.PCURVE_S1.);
#10566 = LINE('',#10567,#10568);
#10567 = CARTESIAN_POINT('',(0.,18.16635594275,1.44));
#10568 = VECTOR('',#10569,1.);
#10569 = DIRECTION('',(0.,0.,1.));
#10570 = PCURVE('',#9929,#10571);
#10571 = DEFINITIONAL_REPRESENTATION('',(#10572),#10576);
#10572 = LINE('',#10573,#10574);
#10573 = CARTESIAN_POINT('',(6.791991122293,-6.501470175041E-02));
#10574 = VECTOR('',#10575,1.);
#10575 = DIRECTION('',(0.,1.));
#10576 = ( GEOMETRIC_REPRESENTATION_CONTEXT(2) 
PARAMETRIC_REPRESENTATION_CONTEXT() REPRESENTATION_CONTEXT('2D SPACE',''
  ) );
#10577 = PCURVE('',#10074,#10578);
#10578 = DEFINITIONAL_REPRESENTATION('',(#10579),#10582);
#10579 = B_SPLINE_CURVE_WITH_KNOTS('',1,(#10580,#10581),.UNSPECIFIED.,
  .F.,.F.,(2,2),(0.,0.15),.PIECEWISE_BEZIER_KNOTS.);
#10580 = CARTESIAN_POINT('',(-6.791991122293,-6.501470175041E-02));
#10581 = CARTESIAN_POINT('',(-6.791991122293,8.498529824959E-02));
#10582 = ( GEOMETRIC_REPRESENTATION_CONTEXT(2) 
PARAMETRIC_REPRESENTATION_CONTEXT() REPRESENTATION_CONTEXT('2D SPACE',''
  ) );
#10583 = ORIENTED_EDGE('',*,*,#9913,.T.);
#10584 = ORIENTED_EDGE('',*,*,#10585,.T.);
#10585 = EDGE_CURVE('',#9914,#10586,#10588,.T.);
#10586 = VERTEX_POINT('',#10587);
#10587 = CARTESIAN_POINT('',(-0.764005623761,4.584033742563,1.44));
#10588 = SURFACE_CURVE('',#10589,(#10593,#10600),.PCURVE_S1.);
#10589 = LINE('',#10590,#10591);
#10590 = CARTESIAN_POINT('',(-0.764005623761,4.584033742563,1.55));
#10591 = VECTOR('',#10592,1.);
#10592 = DIRECTION('',(0.,0.,-1.));
#10593 = PCURVE('',#9929,#10594);
#10594 = DEFINITIONAL_REPRESENTATION('',(#10595),#10599);
#10595 = LINE('',#10596,#10597);
#10596 = CARTESIAN_POINT('',(-6.811801765826,4.498529824959E-02));
#10597 = VECTOR('',#10598,1.);
#10598 = DIRECTION('',(0.,-1.));
#10599 = ( GEOMETRIC_REPRESENTATION_CONTEXT(2) 
PARAMETRIC_REPRESENTATION_CONTEXT() REPRESENTATION_CONTEXT('2D SPACE',''
  ) );
#10600 = PCURVE('',#10216,#10601);
#10601 = DEFINITIONAL_REPRESENTATION('',(#10602),#10605);
#10602 = B_SPLINE_CURVE_WITH_KNOTS('',1,(#10603,#10604),.UNSPECIFIED.,
  .F.,.F.,(2,2),(0.,0.11),.PIECEWISE_BEZIER_KNOTS.);
#10603 = CARTESIAN_POINT('',(3.997765187564,5.5E-02));
#10604 = CARTESIAN_POINT('',(3.997765187564,-5.5E-02));
#10605 = ( GEOMETRIC_REPRESENTATION_CONTEXT(2) 
PARAMETRIC_REPRESENTATION_CONTEXT() REPRESENTATION_CONTEXT('2D SPACE',''
  ) );
#10606 = ORIENTED_EDGE('',*,*,#10607,.T.);
#10607 = EDGE_CURVE('',#10586,#10563,#10608,.T.);
#10608 = SURFACE_CURVE('',#10609,(#10613,#10620),.PCURVE_S1.);
#10609 = LINE('',#10610,#10611);
#10610 = CARTESIAN_POINT('',(-0.764005623761,4.584033742563,1.44));
#10611 = VECTOR('',#10612,1.);
#10612 = DIRECTION('',(5.616122136259E-02,0.998421713113,0.));
#10613 = PCURVE('',#9929,#10614);
#10614 = DEFINITIONAL_REPRESENTATION('',(#10615),#10619);
#10615 = LINE('',#10616,#10617);
#10616 = CARTESIAN_POINT('',(-6.811801765826,-6.501470175041E-02));
#10617 = VECTOR('',#10618,1.);
#10618 = DIRECTION('',(1.,0.));
#10619 = ( GEOMETRIC_REPRESENTATION_CONTEXT(2) 
PARAMETRIC_REPRESENTATION_CONTEXT() REPRESENTATION_CONTEXT('2D SPACE',''
  ) );
#10620 = PCURVE('',#10244,#10621);
#10621 = DEFINITIONAL_REPRESENTATION('',(#10622),#10626);
#10622 = LINE('',#10623,#10624);
#10623 = CARTESIAN_POINT('',(0.764005623761,-2.67221269836));
#10624 = VECTOR('',#10625,1.);
#10625 = DIRECTION('',(-5.616122136259E-02,0.998421713113));
#10626 = ( GEOMETRIC_REPRESENTATION_CONTEXT(2) 
PARAMETRIC_REPRESENTATION_CONTEXT() REPRESENTATION_CONTEXT('2D SPACE',''
  ) );
#10627 = ADVANCED_FACE('',(#10628),#10074,.F.);
#10628 = FACE_BOUND('',#10629,.F.);
#10629 = EDGE_LOOP('',(#10630,#10652,#10653,#10654));
#10630 = ORIENTED_EDGE('',*,*,#10631,.F.);
#10631 = EDGE_CURVE('',#10034,#10632,#10634,.T.);
#10632 = VERTEX_POINT('',#10633);
#10633 = CARTESIAN_POINT('',(0.764005623761,4.584033742563,1.44));
#10634 = SURFACE_CURVE('',#10635,(#10639,#10645),.PCURVE_S1.);
#10635 = LINE('',#10636,#10637);
#10636 = CARTESIAN_POINT('',(0.764005623761,4.584033742563,1.55));
#10637 = VECTOR('',#10638,1.);
#10638 = DIRECTION('',(0.,0.,-1.));
#10639 = PCURVE('',#10074,#10640);
#10640 = DEFINITIONAL_REPRESENTATION('',(#10641),#10644);
#10641 = B_SPLINE_CURVE_WITH_KNOTS('',1,(#10642,#10643),.UNSPECIFIED.,
  .F.,.F.,(2,2),(0.,0.11),.PIECEWISE_BEZIER_KNOTS.);
#10642 = CARTESIAN_POINT('',(6.811801765826,4.498529824959E-02));
#10643 = CARTESIAN_POINT('',(6.811801765826,-6.501470175041E-02));
#10644 = ( GEOMETRIC_REPRESENTATION_CONTEXT(2) 
PARAMETRIC_REPRESENTATION_CONTEXT() REPRESENTATION_CONTEXT('2D SPACE',''
  ) );
#10645 = PCURVE('',#10275,#10646);
#10646 = DEFINITIONAL_REPRESENTATION('',(#10647),#10651);
#10647 = LINE('',#10648,#10649);
#10648 = CARTESIAN_POINT('',(-3.997765187564,5.5E-02));
#10649 = VECTOR('',#10650,1.);
#10650 = DIRECTION('',(0.,-1.));
#10651 = ( GEOMETRIC_REPRESENTATION_CONTEXT(2) 
PARAMETRIC_REPRESENTATION_CONTEXT() REPRESENTATION_CONTEXT('2D SPACE',''
  ) );
#10652 = ORIENTED_EDGE('',*,*,#10060,.T.);
#10653 = ORIENTED_EDGE('',*,*,#10562,.F.);
#10654 = ORIENTED_EDGE('',*,*,#10655,.T.);
#10655 = EDGE_CURVE('',#10563,#10632,#10656,.T.);
#10656 = SURFACE_CURVE('',#10657,(#10661,#10668),.PCURVE_S1.);
#10657 = LINE('',#10658,#10659);
#10658 = CARTESIAN_POINT('',(0.,18.16635594275,1.44));
#10659 = VECTOR('',#10660,1.);
#10660 = DIRECTION('',(5.616122136259E-02,-0.998421713113,0.));
#10661 = PCURVE('',#10074,#10662);
#10662 = DEFINITIONAL_REPRESENTATION('',(#10663),#10667);
#10663 = LINE('',#10664,#10665);
#10664 = CARTESIAN_POINT('',(-6.791991122293,-6.501470175041E-02));
#10665 = VECTOR('',#10666,1.);
#10666 = DIRECTION('',(1.,6.162975822039E-33));
#10667 = ( GEOMETRIC_REPRESENTATION_CONTEXT(2) 
PARAMETRIC_REPRESENTATION_CONTEXT() REPRESENTATION_CONTEXT('2D SPACE',''
  ) );
#10668 = PCURVE('',#10244,#10669);
#10669 = DEFINITIONAL_REPRESENTATION('',(#10670),#10674);
#10670 = LINE('',#10671,#10672);
#10671 = CARTESIAN_POINT('',(0.,10.910109501827));
#10672 = VECTOR('',#10673,1.);
#10673 = DIRECTION('',(-5.616122136259E-02,-0.998421713113));
#10674 = ( GEOMETRIC_REPRESENTATION_CONTEXT(2) 
PARAMETRIC_REPRESENTATION_CONTEXT() REPRESENTATION_CONTEXT('2D SPACE',''
  ) );
#10675 = ADVANCED_FACE('',(#10676),#10049,.T.);
#10676 = FACE_BOUND('',#10677,.T.);
#10677 = EDGE_LOOP('',(#10678,#10679,#10680));
#10678 = ORIENTED_EDGE('',*,*,#10033,.F.);
#10679 = ORIENTED_EDGE('',*,*,#10286,.F.);
#10680 = ORIENTED_EDGE('',*,*,#10681,.T.);
#10681 = EDGE_CURVE('',#10261,#10034,#10682,.T.);
#10682 = SURFACE_CURVE('',#10683,(#10687,#10694),.PCURVE_S1.);
#10683 = LINE('',#10684,#10685);
#10684 = CARTESIAN_POINT('',(0.259761912079,-3.395580550047,1.55));
#10685 = VECTOR('',#10686,1.);
#10686 = DIRECTION('',(6.306569896232E-02,0.998009377518,0.));
#10687 = PCURVE('',#10049,#10688);
#10688 = DEFINITIONAL_REPRESENTATION('',(#10689),#10693);
#10689 = LINE('',#10690,#10691);
#10690 = CARTESIAN_POINT('',(-0.13285365052,-3.917363940828));
#10691 = VECTOR('',#10692,1.);
#10692 = DIRECTION('',(5.36969038195E-02,0.99855728054));
#10693 = ( GEOMETRIC_REPRESENTATION_CONTEXT(2) 
PARAMETRIC_REPRESENTATION_CONTEXT() REPRESENTATION_CONTEXT('2D SPACE',''
  ) );
#10694 = PCURVE('',#10275,#10695);
#10695 = DEFINITIONAL_REPRESENTATION('',(#10696),#10700);
#10696 = LINE('',#10697,#10698);
#10697 = CARTESIAN_POINT('',(3.997765187564,5.5E-02));
#10698 = VECTOR('',#10699,1.);
#10699 = DIRECTION('',(-1.,1.958689477659E-33));
#10700 = ( GEOMETRIC_REPRESENTATION_CONTEXT(2) 
PARAMETRIC_REPRESENTATION_CONTEXT() REPRESENTATION_CONTEXT('2D SPACE',''
  ) );
#10701 = ADVANCED_FACE('',(#10702,#10705),#10157,.F.);
#10702 = FACE_BOUND('',#10703,.F.);
#10703 = EDGE_LOOP('',(#10704));
#10704 = ORIENTED_EDGE('',*,*,#10142,.T.);
#10705 = FACE_BOUND('',#10706,.F.);
#10706 = EDGE_LOOP('',(#10707));
#10707 = ORIENTED_EDGE('',*,*,#10708,.F.);
#10708 = EDGE_CURVE('',#10709,#10709,#10711,.T.);
#10709 = VERTEX_POINT('',#10710);
#10710 = CARTESIAN_POINT('',(0.61,-1.49406909496E-16,-0.96));
#10711 = SURFACE_CURVE('',#10712,(#10717,#10724),.PCURVE_S1.);
#10712 = CIRCLE('',#10713,0.61);
#10713 = AXIS2_PLACEMENT_3D('',#10714,#10715,#10716);
#10714 = CARTESIAN_POINT('',(0.,0.,-0.96));
#10715 = DIRECTION('',(0.,0.,1.));
#10716 = DIRECTION('',(1.,0.,-0.));
#10717 = PCURVE('',#10157,#10718);
#10718 = DEFINITIONAL_REPRESENTATION('',(#10719),#10723);
#10719 = CIRCLE('',#10720,0.61);
#10720 = AXIS2_PLACEMENT_2D('',#10721,#10722);
#10721 = CARTESIAN_POINT('',(0.,0.));
#10722 = DIRECTION('',(1.,0.));
#10723 = ( GEOMETRIC_REPRESENTATION_CONTEXT(2) 
PARAMETRIC_REPRESENTATION_CONTEXT() REPRESENTATION_CONTEXT('2D SPACE',''
  ) );
#10724 = PCURVE('',#10725,#10730);
#10725 = CYLINDRICAL_SURFACE('',#10726,0.61);
#10726 = AXIS2_PLACEMENT_3D('',#10727,#10728,#10729);
#10727 = CARTESIAN_POINT('',(0.,0.,-1.06));
#10728 = DIRECTION('',(0.,0.,1.));
#10729 = DIRECTION('',(1.,0.,-0.));
#10730 = DEFINITIONAL_REPRESENTATION('',(#10731),#10735);
#10731 = LINE('',#10732,#10733);
#10732 = CARTESIAN_POINT('',(0.,1.E-01));
#10733 = VECTOR('',#10734,1.);
#10734 = DIRECTION('',(1.,0.));
#10735 = ( GEOMETRIC_REPRESENTATION_CONTEXT(2) 
PARAMETRIC_REPRESENTATION_CONTEXT() REPRESENTATION_CONTEXT('2D SPACE',''
  ) );
#10736 = ADVANCED_FACE('',(#10737),#10129,.T.);
#10737 = FACE_BOUND('',#10738,.T.);
#10738 = EDGE_LOOP('',(#10739));
#10739 = ORIENTED_EDGE('',*,*,#10114,.T.);
#10740 = ADVANCED_FACE('',(#10741),#10275,.F.);
#10741 = FACE_BOUND('',#10742,.F.);
#10742 = EDGE_LOOP('',(#10743,#10744,#10745,#10746));
#10743 = ORIENTED_EDGE('',*,*,#10260,.T.);
#10744 = ORIENTED_EDGE('',*,*,#10681,.T.);
#10745 = ORIENTED_EDGE('',*,*,#10631,.T.);
#10746 = ORIENTED_EDGE('',*,*,#10747,.T.);
#10747 = EDGE_CURVE('',#10632,#10228,#10748,.T.);
#10748 = SURFACE_CURVE('',#10749,(#10753,#10760),.PCURVE_S1.);
#10749 = LINE('',#10750,#10751);
#10750 = CARTESIAN_POINT('',(0.764005623761,4.584033742563,1.44));
#10751 = VECTOR('',#10752,1.);
#10752 = DIRECTION('',(-6.306569896232E-02,-0.998009377518,0.));
#10753 = PCURVE('',#10275,#10754);
#10754 = DEFINITIONAL_REPRESENTATION('',(#10755),#10759);
#10755 = LINE('',#10756,#10757);
#10756 = CARTESIAN_POINT('',(-3.997765187564,-5.5E-02));
#10757 = VECTOR('',#10758,1.);
#10758 = DIRECTION('',(1.,-1.958689477659E-33));
#10759 = ( GEOMETRIC_REPRESENTATION_CONTEXT(2) 
PARAMETRIC_REPRESENTATION_CONTEXT() REPRESENTATION_CONTEXT('2D SPACE',''
  ) );
#10760 = PCURVE('',#10244,#10761);
#10761 = DEFINITIONAL_REPRESENTATION('',(#10762),#10766);
#10762 = LINE('',#10763,#10764);
#10763 = CARTESIAN_POINT('',(-0.764005623761,-2.67221269836));
#10764 = VECTOR('',#10765,1.);
#10765 = DIRECTION('',(6.306569896232E-02,-0.998009377518));
#10766 = ( GEOMETRIC_REPRESENTATION_CONTEXT(2) 
PARAMETRIC_REPRESENTATION_CONTEXT() REPRESENTATION_CONTEXT('2D SPACE',''
  ) );
#10767 = ADVANCED_FACE('',(#10768),#10244,.T.);
#10768 = FACE_BOUND('',#10769,.T.);
#10769 = EDGE_LOOP('',(#10770,#10771,#10772,#10773,#10774));
#10770 = ORIENTED_EDGE('',*,*,#10607,.T.);
#10771 = ORIENTED_EDGE('',*,*,#10655,.T.);
#10772 = ORIENTED_EDGE('',*,*,#10747,.T.);
#10773 = ORIENTED_EDGE('',*,*,#10227,.T.);
#10774 = ORIENTED_EDGE('',*,*,#10775,.T.);
#10775 = EDGE_CURVE('',#10202,#10586,#10776,.T.);
#10776 = SURFACE_CURVE('',#10777,(#10781,#10788),.PCURVE_S1.);
#10777 = LINE('',#10778,#10779);
#10778 = CARTESIAN_POINT('',(-0.259761912079,-3.395580550047,1.44));
#10779 = VECTOR('',#10780,1.);
#10780 = DIRECTION('',(-6.306569896232E-02,0.998009377518,0.));
#10781 = PCURVE('',#10244,#10782);
#10782 = DEFINITIONAL_REPRESENTATION('',(#10783),#10787);
#10783 = LINE('',#10784,#10785);
#10784 = CARTESIAN_POINT('',(0.259761912079,-10.65182699097));
#10785 = VECTOR('',#10786,1.);
#10786 = DIRECTION('',(6.306569896232E-02,0.998009377518));
#10787 = ( GEOMETRIC_REPRESENTATION_CONTEXT(2) 
PARAMETRIC_REPRESENTATION_CONTEXT() REPRESENTATION_CONTEXT('2D SPACE',''
  ) );
#10788 = PCURVE('',#10216,#10789);
#10789 = DEFINITIONAL_REPRESENTATION('',(#10790),#10794);
#10790 = LINE('',#10791,#10792);
#10791 = CARTESIAN_POINT('',(-3.997765187564,-5.5E-02));
#10792 = VECTOR('',#10793,1.);
#10793 = DIRECTION('',(1.,2.245596866721E-33));
#10794 = ( GEOMETRIC_REPRESENTATION_CONTEXT(2) 
PARAMETRIC_REPRESENTATION_CONTEXT() REPRESENTATION_CONTEXT('2D SPACE',''
  ) );
#10795 = ADVANCED_FACE('',(#10796),#10216,.F.);
#10796 = FACE_BOUND('',#10797,.F.);
#10797 = EDGE_LOOP('',(#10798,#10799,#10800,#10801));
#10798 = ORIENTED_EDGE('',*,*,#10585,.F.);
#10799 = ORIENTED_EDGE('',*,*,#10537,.T.);
#10800 = ORIENTED_EDGE('',*,*,#10201,.F.);
#10801 = ORIENTED_EDGE('',*,*,#10775,.T.);
#10802 = ADVANCED_FACE('',(#10803),#10337,.T.);
#10803 = FACE_BOUND('',#10804,.T.);
#10804 = EDGE_LOOP('',(#10805,#10806,#10829,#10857));
#10805 = ORIENTED_EDGE('',*,*,#10314,.F.);
#10806 = ORIENTED_EDGE('',*,*,#10807,.T.);
#10807 = EDGE_CURVE('',#10315,#10808,#10810,.T.);
#10808 = VERTEX_POINT('',#10809);
#10809 = CARTESIAN_POINT('',(-0.259761912079,-3.395580550047,1.55));
#10810 = SURFACE_CURVE('',#10811,(#10815,#10822),.PCURVE_S1.);
#10811 = LINE('',#10812,#10813);
#10812 = CARTESIAN_POINT('',(-0.764005623761,4.584033742563,1.55));
#10813 = VECTOR('',#10814,1.);
#10814 = DIRECTION('',(6.306569896232E-02,-0.998009377518,0.));
#10815 = PCURVE('',#10337,#10816);
#10816 = DEFINITIONAL_REPRESENTATION('',(#10817),#10821);
#10817 = LINE('',#10818,#10819);
#10818 = CARTESIAN_POINT('',(-0.296481575019,4.066631127038));
#10819 = VECTOR('',#10820,1.);
#10820 = DIRECTION('',(5.36969038195E-02,-0.99855728054));
#10821 = ( GEOMETRIC_REPRESENTATION_CONTEXT(2) 
PARAMETRIC_REPRESENTATION_CONTEXT() REPRESENTATION_CONTEXT('2D SPACE',''
  ) );
#10822 = PCURVE('',#10522,#10823);
#10823 = DEFINITIONAL_REPRESENTATION('',(#10824),#10828);
#10824 = LINE('',#10825,#10826);
#10825 = CARTESIAN_POINT('',(3.997765187564,5.5E-02));
#10826 = VECTOR('',#10827,1.);
#10827 = DIRECTION('',(-1.,-2.245596866721E-33));
#10828 = ( GEOMETRIC_REPRESENTATION_CONTEXT(2) 
PARAMETRIC_REPRESENTATION_CONTEXT() REPRESENTATION_CONTEXT('2D SPACE',''
  ) );
#10829 = ORIENTED_EDGE('',*,*,#10830,.T.);
#10830 = EDGE_CURVE('',#10808,#10831,#10833,.T.);
#10831 = VERTEX_POINT('',#10832);
#10832 = CARTESIAN_POINT('',(0.,-3.395580550047,1.71));
#10833 = SURFACE_CURVE('',#10834,(#10838,#10845),.PCURVE_S1.);
#10834 = LINE('',#10835,#10836);
#10835 = CARTESIAN_POINT('',(-0.259761912079,-3.395580550047,1.55));
#10836 = VECTOR('',#10837,1.);
#10837 = DIRECTION('',(0.851443886344,0.,0.524445715405));
#10838 = PCURVE('',#10337,#10839);
#10839 = DEFINITIONAL_REPRESENTATION('',(#10840),#10844);
#10840 = LINE('',#10841,#10842);
#10841 = CARTESIAN_POINT('',(0.13285365052,-3.917363940828));
#10842 = VECTOR('',#10843,1.);
#10843 = DIRECTION('',(1.,-6.938893903907E-18));
#10844 = ( GEOMETRIC_REPRESENTATION_CONTEXT(2) 
PARAMETRIC_REPRESENTATION_CONTEXT() REPRESENTATION_CONTEXT('2D SPACE',''
  ) );
#10845 = PCURVE('',#10846,#10851);
#10846 = PLANE('',#10847);
#10847 = AXIS2_PLACEMENT_3D('',#10848,#10849,#10850);
#10848 = CARTESIAN_POINT('',(0.,-3.395580550047,1.534860114678));
#10849 = DIRECTION('',(0.,1.,0.));
#10850 = DIRECTION('',(0.,-0.,1.));
#10851 = DEFINITIONAL_REPRESENTATION('',(#10852),#10856);
#10852 = LINE('',#10853,#10854);
#10853 = CARTESIAN_POINT('',(1.513988532197E-02,-0.259761912079));
#10854 = VECTOR('',#10855,1.);
#10855 = DIRECTION('',(0.524445715405,0.851443886344));
#10856 = ( GEOMETRIC_REPRESENTATION_CONTEXT(2) 
PARAMETRIC_REPRESENTATION_CONTEXT() REPRESENTATION_CONTEXT('2D SPACE',''
  ) );
#10857 = ORIENTED_EDGE('',*,*,#10858,.F.);
#10858 = EDGE_CURVE('',#10317,#10831,#10859,.T.);
#10859 = SURFACE_CURVE('',#10860,(#10864,#10870),.PCURVE_S1.);
#10860 = LINE('',#10861,#10862);
#10861 = CARTESIAN_POINT('',(-0.764005623761,4.584033742563,1.55));
#10862 = VECTOR('',#10863,1.);
#10863 = DIRECTION('',(9.528984776616E-02,-0.995249521113,
    1.995584216716E-02));
#10864 = PCURVE('',#10337,#10865);
#10865 = DEFINITIONAL_REPRESENTATION('',(#10866),#10869);
#10866 = B_SPLINE_CURVE_WITH_KNOTS('',1,(#10867,#10868),.UNSPECIFIED.,
  .F.,.F.,(2,2),(0.,8.017702217715),.PIECEWISE_BEZIER_KNOTS.);
#10867 = CARTESIAN_POINT('',(-0.296481575019,4.066631127038));
#10868 = CARTESIAN_POINT('',(0.43793765693,-3.917363940828));
#10869 = ( GEOMETRIC_REPRESENTATION_CONTEXT(2) 
PARAMETRIC_REPRESENTATION_CONTEXT() REPRESENTATION_CONTEXT('2D SPACE',''
  ) );
#10870 = PCURVE('',#10371,#10871);
#10871 = DEFINITIONAL_REPRESENTATION('',(#10872),#10876);
#10872 = LINE('',#10873,#10874);
#10873 = CARTESIAN_POINT('',(-0.576931131701,-2.797395670976));
#10874 = VECTOR('',#10875,1.);
#10875 = DIRECTION('',(9.720286821427E-02,-0.995264589147));
#10876 = ( GEOMETRIC_REPRESENTATION_CONTEXT(2) 
PARAMETRIC_REPRESENTATION_CONTEXT() REPRESENTATION_CONTEXT('2D SPACE',''
  ) );
#10877 = ADVANCED_FACE('',(#10878),#10522,.F.);
#10878 = FACE_BOUND('',#10879,.F.);
#10879 = EDGE_LOOP('',(#10880,#10881,#10882,#10904));
#10880 = ORIENTED_EDGE('',*,*,#10509,.T.);
#10881 = ORIENTED_EDGE('',*,*,#10807,.T.);
#10882 = ORIENTED_EDGE('',*,*,#10883,.T.);
#10883 = EDGE_CURVE('',#10808,#10884,#10886,.T.);
#10884 = VERTEX_POINT('',#10885);
#10885 = CARTESIAN_POINT('',(-0.259761912079,-3.395580550047,1.44));
#10886 = SURFACE_CURVE('',#10887,(#10891,#10898),.PCURVE_S1.);
#10887 = LINE('',#10888,#10889);
#10888 = CARTESIAN_POINT('',(-0.259761912079,-3.395580550047,1.55));
#10889 = VECTOR('',#10890,1.);
#10890 = DIRECTION('',(0.,0.,-1.));
#10891 = PCURVE('',#10522,#10892);
#10892 = DEFINITIONAL_REPRESENTATION('',(#10893),#10897);
#10893 = LINE('',#10894,#10895);
#10894 = CARTESIAN_POINT('',(-3.997765187564,5.5E-02));
#10895 = VECTOR('',#10896,1.);
#10896 = DIRECTION('',(0.,-1.));
#10897 = ( GEOMETRIC_REPRESENTATION_CONTEXT(2) 
PARAMETRIC_REPRESENTATION_CONTEXT() REPRESENTATION_CONTEXT('2D SPACE',''
  ) );
#10898 = PCURVE('',#10846,#10899);
#10899 = DEFINITIONAL_REPRESENTATION('',(#10900),#10903);
#10900 = B_SPLINE_CURVE_WITH_KNOTS('',1,(#10901,#10902),.UNSPECIFIED.,
  .F.,.F.,(2,2),(0.,0.11),.PIECEWISE_BEZIER_KNOTS.);
#10901 = CARTESIAN_POINT('',(1.513988532197E-02,-0.259761912079));
#10902 = CARTESIAN_POINT('',(-9.486011467803E-02,-0.259761912079));
#10903 = ( GEOMETRIC_REPRESENTATION_CONTEXT(2) 
PARAMETRIC_REPRESENTATION_CONTEXT() REPRESENTATION_CONTEXT('2D SPACE',''
  ) );
#10904 = ORIENTED_EDGE('',*,*,#10905,.T.);
#10905 = EDGE_CURVE('',#10884,#10477,#10906,.T.);
#10906 = SURFACE_CURVE('',#10907,(#10911,#10918),.PCURVE_S1.);
#10907 = LINE('',#10908,#10909);
#10908 = CARTESIAN_POINT('',(-0.259761912079,-3.395580550047,1.44));
#10909 = VECTOR('',#10910,1.);
#10910 = DIRECTION('',(-6.306569896232E-02,0.998009377518,0.));
#10911 = PCURVE('',#10522,#10912);
#10912 = DEFINITIONAL_REPRESENTATION('',(#10913),#10917);
#10913 = LINE('',#10914,#10915);
#10914 = CARTESIAN_POINT('',(-3.997765187564,-5.5E-02));
#10915 = VECTOR('',#10916,1.);
#10916 = DIRECTION('',(1.,2.245596866721E-33));
#10917 = ( GEOMETRIC_REPRESENTATION_CONTEXT(2) 
PARAMETRIC_REPRESENTATION_CONTEXT() REPRESENTATION_CONTEXT('2D SPACE',''
  ) );
#10918 = PCURVE('',#10493,#10919);
#10919 = DEFINITIONAL_REPRESENTATION('',(#10920),#10924);
#10920 = LINE('',#10921,#10922);
#10921 = CARTESIAN_POINT('',(0.259761912079,-10.65182699097));
#10922 = VECTOR('',#10923,1.);
#10923 = DIRECTION('',(6.306569896232E-02,0.998009377518));
#10924 = ( GEOMETRIC_REPRESENTATION_CONTEXT(2) 
PARAMETRIC_REPRESENTATION_CONTEXT() REPRESENTATION_CONTEXT('2D SPACE',''
  ) );
#10925 = ADVANCED_FACE('',(#10926),#10493,.T.);
#10926 = FACE_BOUND('',#10927,.T.);
#10927 = EDGE_LOOP('',(#10928,#10929,#10952,#10973));
#10928 = ORIENTED_EDGE('',*,*,#10476,.T.);
#10929 = ORIENTED_EDGE('',*,*,#10930,.T.);
#10930 = EDGE_CURVE('',#10451,#10931,#10933,.T.);
#10931 = VERTEX_POINT('',#10932);
#10932 = CARTESIAN_POINT('',(0.259761912079,-3.395580550047,1.44));
#10933 = SURFACE_CURVE('',#10934,(#10938,#10945),.PCURVE_S1.);
#10934 = LINE('',#10935,#10936);
#10935 = CARTESIAN_POINT('',(0.764005623761,4.584033742563,1.44));
#10936 = VECTOR('',#10937,1.);
#10937 = DIRECTION('',(-6.306569896232E-02,-0.998009377518,0.));
#10938 = PCURVE('',#10493,#10939);
#10939 = DEFINITIONAL_REPRESENTATION('',(#10940),#10944);
#10940 = LINE('',#10941,#10942);
#10941 = CARTESIAN_POINT('',(-0.764005623761,-2.67221269836));
#10942 = VECTOR('',#10943,1.);
#10943 = DIRECTION('',(6.306569896232E-02,-0.998009377518));
#10944 = ( GEOMETRIC_REPRESENTATION_CONTEXT(2) 
PARAMETRIC_REPRESENTATION_CONTEXT() REPRESENTATION_CONTEXT('2D SPACE',''
  ) );
#10945 = PCURVE('',#10465,#10946);
#10946 = DEFINITIONAL_REPRESENTATION('',(#10947),#10951);
#10947 = LINE('',#10948,#10949);
#10948 = CARTESIAN_POINT('',(-3.997765187564,-5.5E-02));
#10949 = VECTOR('',#10950,1.);
#10950 = DIRECTION('',(1.,-1.958689477659E-33));
#10951 = ( GEOMETRIC_REPRESENTATION_CONTEXT(2) 
PARAMETRIC_REPRESENTATION_CONTEXT() REPRESENTATION_CONTEXT('2D SPACE',''
  ) );
#10952 = ORIENTED_EDGE('',*,*,#10953,.T.);
#10953 = EDGE_CURVE('',#10931,#10884,#10954,.T.);
#10954 = SURFACE_CURVE('',#10955,(#10959,#10966),.PCURVE_S1.);
#10955 = LINE('',#10956,#10957);
#10956 = CARTESIAN_POINT('',(0.259761912079,-3.395580550047,1.44));
#10957 = VECTOR('',#10958,1.);
#10958 = DIRECTION('',(-1.,0.,0.));
#10959 = PCURVE('',#10493,#10960);
#10960 = DEFINITIONAL_REPRESENTATION('',(#10961),#10965);
#10961 = LINE('',#10962,#10963);
#10962 = CARTESIAN_POINT('',(-0.259761912079,-10.65182699097));
#10963 = VECTOR('',#10964,1.);
#10964 = DIRECTION('',(1.,0.));
#10965 = ( GEOMETRIC_REPRESENTATION_CONTEXT(2) 
PARAMETRIC_REPRESENTATION_CONTEXT() REPRESENTATION_CONTEXT('2D SPACE',''
  ) );
#10966 = PCURVE('',#10846,#10967);
#10967 = DEFINITIONAL_REPRESENTATION('',(#10968),#10972);
#10968 = LINE('',#10969,#10970);
#10969 = CARTESIAN_POINT('',(-9.486011467803E-02,0.259761912079));
#10970 = VECTOR('',#10971,1.);
#10971 = DIRECTION('',(0.,-1.));
#10972 = ( GEOMETRIC_REPRESENTATION_CONTEXT(2) 
PARAMETRIC_REPRESENTATION_CONTEXT() REPRESENTATION_CONTEXT('2D SPACE',''
  ) );
#10973 = ORIENTED_EDGE('',*,*,#10905,.T.);
#10974 = ADVANCED_FACE('',(#10975),#10465,.F.);
#10975 = FACE_BOUND('',#10976,.F.);
#10976 = EDGE_LOOP('',(#10977,#10999,#11020,#11021));
#10977 = ORIENTED_EDGE('',*,*,#10978,.F.);
#10978 = EDGE_CURVE('',#10979,#10931,#10981,.T.);
#10979 = VERTEX_POINT('',#10980);
#10980 = CARTESIAN_POINT('',(0.259761912079,-3.395580550047,1.55));
#10981 = SURFACE_CURVE('',#10982,(#10986,#10992),.PCURVE_S1.);
#10982 = LINE('',#10983,#10984);
#10983 = CARTESIAN_POINT('',(0.259761912079,-3.395580550047,1.55));
#10984 = VECTOR('',#10985,1.);
#10985 = DIRECTION('',(0.,0.,-1.));
#10986 = PCURVE('',#10465,#10987);
#10987 = DEFINITIONAL_REPRESENTATION('',(#10988),#10991);
#10988 = B_SPLINE_CURVE_WITH_KNOTS('',1,(#10989,#10990),.UNSPECIFIED.,
  .F.,.F.,(2,2),(0.,0.11),.PIECEWISE_BEZIER_KNOTS.);
#10989 = CARTESIAN_POINT('',(3.997765187564,5.5E-02));
#10990 = CARTESIAN_POINT('',(3.997765187564,-5.5E-02));
#10991 = ( GEOMETRIC_REPRESENTATION_CONTEXT(2) 
PARAMETRIC_REPRESENTATION_CONTEXT() REPRESENTATION_CONTEXT('2D SPACE',''
  ) );
#10992 = PCURVE('',#10846,#10993);
#10993 = DEFINITIONAL_REPRESENTATION('',(#10994),#10998);
#10994 = LINE('',#10995,#10996);
#10995 = CARTESIAN_POINT('',(1.513988532197E-02,0.259761912079));
#10996 = VECTOR('',#10997,1.);
#10997 = DIRECTION('',(-1.,0.));
#10998 = ( GEOMETRIC_REPRESENTATION_CONTEXT(2) 
PARAMETRIC_REPRESENTATION_CONTEXT() REPRESENTATION_CONTEXT('2D SPACE',''
  ) );
#10999 = ORIENTED_EDGE('',*,*,#11000,.T.);
#11000 = EDGE_CURVE('',#10979,#10418,#11001,.T.);
#11001 = SURFACE_CURVE('',#11002,(#11006,#11013),.PCURVE_S1.);
#11002 = LINE('',#11003,#11004);
#11003 = CARTESIAN_POINT('',(0.259761912079,-3.395580550047,1.55));
#11004 = VECTOR('',#11005,1.);
#11005 = DIRECTION('',(6.306569896232E-02,0.998009377518,0.));
#11006 = PCURVE('',#10465,#11007);
#11007 = DEFINITIONAL_REPRESENTATION('',(#11008),#11012);
#11008 = LINE('',#11009,#11010);
#11009 = CARTESIAN_POINT('',(3.997765187564,5.5E-02));
#11010 = VECTOR('',#11011,1.);
#11011 = DIRECTION('',(-1.,1.958689477659E-33));
#11012 = ( GEOMETRIC_REPRESENTATION_CONTEXT(2) 
PARAMETRIC_REPRESENTATION_CONTEXT() REPRESENTATION_CONTEXT('2D SPACE',''
  ) );
#11013 = PCURVE('',#10438,#11014);
#11014 = DEFINITIONAL_REPRESENTATION('',(#11015),#11019);
#11015 = LINE('',#11016,#11017);
#11016 = CARTESIAN_POINT('',(-0.13285365052,-3.917363940828));
#11017 = VECTOR('',#11018,1.);
#11018 = DIRECTION('',(5.36969038195E-02,0.99855728054));
#11019 = ( GEOMETRIC_REPRESENTATION_CONTEXT(2) 
PARAMETRIC_REPRESENTATION_CONTEXT() REPRESENTATION_CONTEXT('2D SPACE',''
  ) );
#11020 = ORIENTED_EDGE('',*,*,#10450,.F.);
#11021 = ORIENTED_EDGE('',*,*,#10930,.T.);
#11022 = ADVANCED_FACE('',(#11023),#10438,.T.);
#11023 = FACE_BOUND('',#11024,.T.);
#11024 = EDGE_LOOP('',(#11025,#11045,#11066,#11067));
#11025 = ORIENTED_EDGE('',*,*,#11026,.F.);
#11026 = EDGE_CURVE('',#10831,#10384,#11027,.T.);
#11027 = SURFACE_CURVE('',#11028,(#11032,#11038),.PCURVE_S1.);
#11028 = LINE('',#11029,#11030);
#11029 = CARTESIAN_POINT('',(0.,-3.395580550047,1.71));
#11030 = VECTOR('',#11031,1.);
#11031 = DIRECTION('',(9.528984776616E-02,0.995249521113,
    -1.995584216716E-02));
#11032 = PCURVE('',#10438,#11033);
#11033 = DEFINITIONAL_REPRESENTATION('',(#11034),#11037);
#11034 = B_SPLINE_CURVE_WITH_KNOTS('',1,(#11035,#11036),.UNSPECIFIED.,
  .F.,.F.,(2,2),(0.,8.017702217715),.PIECEWISE_BEZIER_KNOTS.);
#11035 = CARTESIAN_POINT('',(-0.43793765693,-3.917363940828));
#11036 = CARTESIAN_POINT('',(0.296481575019,4.066631127038));
#11037 = ( GEOMETRIC_REPRESENTATION_CONTEXT(2) 
PARAMETRIC_REPRESENTATION_CONTEXT() REPRESENTATION_CONTEXT('2D SPACE',''
  ) );
#11038 = PCURVE('',#10405,#11039);
#11039 = DEFINITIONAL_REPRESENTATION('',(#11040),#11044);
#11040 = LINE('',#11041,#11042);
#11041 = CARTESIAN_POINT('',(-0.202412520349,-10.77713077459));
#11042 = VECTOR('',#11043,1.);
#11043 = DIRECTION('',(9.720286821427E-02,0.995264589147));
#11044 = ( GEOMETRIC_REPRESENTATION_CONTEXT(2) 
PARAMETRIC_REPRESENTATION_CONTEXT() REPRESENTATION_CONTEXT('2D SPACE',''
  ) );
#11045 = ORIENTED_EDGE('',*,*,#11046,.T.);
#11046 = EDGE_CURVE('',#10831,#10979,#11047,.T.);
#11047 = SURFACE_CURVE('',#11048,(#11052,#11059),.PCURVE_S1.);
#11048 = LINE('',#11049,#11050);
#11049 = CARTESIAN_POINT('',(0.,-3.395580550047,1.71));
#11050 = VECTOR('',#11051,1.);
#11051 = DIRECTION('',(0.851443886344,0.,-0.524445715405));
#11052 = PCURVE('',#10438,#11053);
#11053 = DEFINITIONAL_REPRESENTATION('',(#11054),#11058);
#11054 = LINE('',#11055,#11056);
#11055 = CARTESIAN_POINT('',(-0.43793765693,-3.917363940828));
#11056 = VECTOR('',#11057,1.);
#11057 = DIRECTION('',(1.,2.428612866368E-17));
#11058 = ( GEOMETRIC_REPRESENTATION_CONTEXT(2) 
PARAMETRIC_REPRESENTATION_CONTEXT() REPRESENTATION_CONTEXT('2D SPACE',''
  ) );
#11059 = PCURVE('',#10846,#11060);
#11060 = DEFINITIONAL_REPRESENTATION('',(#11061),#11065);
#11061 = LINE('',#11062,#11063);
#11062 = CARTESIAN_POINT('',(0.175139885322,0.));
#11063 = VECTOR('',#11064,1.);
#11064 = DIRECTION('',(-0.524445715405,0.851443886344));
#11065 = ( GEOMETRIC_REPRESENTATION_CONTEXT(2) 
PARAMETRIC_REPRESENTATION_CONTEXT() REPRESENTATION_CONTEXT('2D SPACE',''
  ) );
#11066 = ORIENTED_EDGE('',*,*,#11000,.T.);
#11067 = ORIENTED_EDGE('',*,*,#10417,.F.);
#11068 = ADVANCED_FACE('',(#11069),#10405,.T.);
#11069 = FACE_BOUND('',#11070,.T.);
#11070 = EDGE_LOOP('',(#11071,#11091,#11092));
#11071 = ORIENTED_EDGE('',*,*,#11072,.F.);
#11072 = EDGE_CURVE('',#10831,#10350,#11073,.T.);
#11073 = SURFACE_CURVE('',#11074,(#11078,#11084),.PCURVE_S1.);
#11074 = LINE('',#11075,#11076);
#11075 = CARTESIAN_POINT('',(0.,-3.395580550047,1.71));
#11076 = VECTOR('',#11077,1.);
#11077 = DIRECTION('',(0.,0.999984513728,-5.565276647923E-03));
#11078 = PCURVE('',#10405,#11079);
#11079 = DEFINITIONAL_REPRESENTATION('',(#11080),#11083);
#11080 = B_SPLINE_CURVE_WITH_KNOTS('',1,(#11081,#11082),.UNSPECIFIED.,
  .F.,.F.,(2,2),(0.,21.562270411981),.PIECEWISE_BEZIER_KNOTS.);
#11081 = CARTESIAN_POINT('',(-0.202412520349,-10.77713077459));
#11082 = CARTESIAN_POINT('',(-0.18446136132,10.785132164976));
#11083 = ( GEOMETRIC_REPRESENTATION_CONTEXT(2) 
PARAMETRIC_REPRESENTATION_CONTEXT() REPRESENTATION_CONTEXT('2D SPACE',''
  ) );
#11084 = PCURVE('',#10371,#11085);
#11085 = DEFINITIONAL_REPRESENTATION('',(#11086),#11090);
#11086 = LINE('',#11087,#11088);
#11087 = CARTESIAN_POINT('',(0.202412520349,-10.77713077459));
#11088 = VECTOR('',#11089,1.);
#11089 = DIRECTION('',(-8.325263845589E-04,0.99999965345));
#11090 = ( GEOMETRIC_REPRESENTATION_CONTEXT(2) 
PARAMETRIC_REPRESENTATION_CONTEXT() REPRESENTATION_CONTEXT('2D SPACE',''
  ) );
#11091 = ORIENTED_EDGE('',*,*,#11026,.T.);
#11092 = ORIENTED_EDGE('',*,*,#10383,.F.);
#11093 = ADVANCED_FACE('',(#11094),#10371,.T.);
#11094 = FACE_BOUND('',#11095,.T.);
#11095 = EDGE_LOOP('',(#11096,#11097,#11098));
#11096 = ORIENTED_EDGE('',*,*,#11072,.T.);
#11097 = ORIENTED_EDGE('',*,*,#10349,.F.);
#11098 = ORIENTED_EDGE('',*,*,#10858,.T.);
#11099 = ADVANCED_FACE('',(#11100),#10725,.F.);
#11100 = FACE_BOUND('',#11101,.F.);
#11101 = EDGE_LOOP('',(#11102,#11125,#11152,#11153));
#11102 = ORIENTED_EDGE('',*,*,#11103,.T.);
#11103 = EDGE_CURVE('',#10709,#11104,#11106,.T.);
#11104 = VERTEX_POINT('',#11105);
#11105 = CARTESIAN_POINT('',(0.61,-1.49406909496E-16,1.56));
#11106 = SEAM_CURVE('',#11107,(#11111,#11118),.PCURVE_S1.);
#11107 = LINE('',#11108,#11109);
#11108 = CARTESIAN_POINT('',(0.61,-1.49406909496E-16,-1.06));
#11109 = VECTOR('',#11110,1.);
#11110 = DIRECTION('',(0.,0.,1.));
#11111 = PCURVE('',#10725,#11112);
#11112 = DEFINITIONAL_REPRESENTATION('',(#11113),#11117);
#11113 = LINE('',#11114,#11115);
#11114 = CARTESIAN_POINT('',(6.28318530718,-0.));
#11115 = VECTOR('',#11116,1.);
#11116 = DIRECTION('',(0.,1.));
#11117 = ( GEOMETRIC_REPRESENTATION_CONTEXT(2) 
PARAMETRIC_REPRESENTATION_CONTEXT() REPRESENTATION_CONTEXT('2D SPACE',''
  ) );
#11118 = PCURVE('',#10725,#11119);
#11119 = DEFINITIONAL_REPRESENTATION('',(#11120),#11124);
#11120 = LINE('',#11121,#11122);
#11121 = CARTESIAN_POINT('',(0.,-0.));
#11122 = VECTOR('',#11123,1.);
#11123 = DIRECTION('',(0.,1.));
#11124 = ( GEOMETRIC_REPRESENTATION_CONTEXT(2) 
PARAMETRIC_REPRESENTATION_CONTEXT() REPRESENTATION_CONTEXT('2D SPACE',''
  ) );
#11125 = ORIENTED_EDGE('',*,*,#11126,.F.);
#11126 = EDGE_CURVE('',#11104,#11104,#11127,.T.);
#11127 = SURFACE_CURVE('',#11128,(#11133,#11140),.PCURVE_S1.);
#11128 = CIRCLE('',#11129,0.61);
#11129 = AXIS2_PLACEMENT_3D('',#11130,#11131,#11132);
#11130 = CARTESIAN_POINT('',(0.,0.,1.56));
#11131 = DIRECTION('',(0.,0.,1.));
#11132 = DIRECTION('',(1.,0.,-0.));
#11133 = PCURVE('',#10725,#11134);
#11134 = DEFINITIONAL_REPRESENTATION('',(#11135),#11139);
#11135 = LINE('',#11136,#11137);
#11136 = CARTESIAN_POINT('',(0.,2.62));
#11137 = VECTOR('',#11138,1.);
#11138 = DIRECTION('',(1.,0.));
#11139 = ( GEOMETRIC_REPRESENTATION_CONTEXT(2) 
PARAMETRIC_REPRESENTATION_CONTEXT() REPRESENTATION_CONTEXT('2D SPACE',''
  ) );
#11140 = PCURVE('',#11141,#11146);
#11141 = PLANE('',#11142);
#11142 = AXIS2_PLACEMENT_3D('',#11143,#11144,#11145);
#11143 = CARTESIAN_POINT('',(0.,0.,1.56));
#11144 = DIRECTION('',(0.,0.,1.));
#11145 = DIRECTION('',(1.,0.,-0.));
#11146 = DEFINITIONAL_REPRESENTATION('',(#11147),#11151);
#11147 = CIRCLE('',#11148,0.61);
#11148 = AXIS2_PLACEMENT_2D('',#11149,#11150);
#11149 = CARTESIAN_POINT('',(0.,0.));
#11150 = DIRECTION('',(1.,0.));
#11151 = ( GEOMETRIC_REPRESENTATION_CONTEXT(2) 
PARAMETRIC_REPRESENTATION_CONTEXT() REPRESENTATION_CONTEXT('2D SPACE',''
  ) );
#11152 = ORIENTED_EDGE('',*,*,#11103,.F.);
#11153 = ORIENTED_EDGE('',*,*,#10708,.T.);
#11154 = ADVANCED_FACE('',(#11155),#10846,.F.);
#11155 = FACE_BOUND('',#11156,.F.);
#11156 = EDGE_LOOP('',(#11157,#11158,#11159,#11160,#11161));
#11157 = ORIENTED_EDGE('',*,*,#10883,.F.);
#11158 = ORIENTED_EDGE('',*,*,#10830,.T.);
#11159 = ORIENTED_EDGE('',*,*,#11046,.T.);
#11160 = ORIENTED_EDGE('',*,*,#10978,.T.);
#11161 = ORIENTED_EDGE('',*,*,#10953,.T.);
#11162 = ADVANCED_FACE('',(#11163),#11141,.F.);
#11163 = FACE_BOUND('',#11164,.F.);
#11164 = EDGE_LOOP('',(#11165));
#11165 = ORIENTED_EDGE('',*,*,#11126,.T.);
#11166 = ( GEOMETRIC_REPRESENTATION_CONTEXT(3) 
GLOBAL_UNCERTAINTY_ASSIGNED_CONTEXT((#11170)) 
GLOBAL_UNIT_ASSIGNED_CONTEXT((#11167,#11168,#11169)) 
REPRESENTATION_CONTEXT('Context #1',
  '3D Context with UNIT and UNCERTAINTY') );
#11167 = ( LENGTH_UNIT() NAMED_UNIT(*) SI_UNIT(.MILLI.,.METRE.) );
#11168 = ( NAMED_UNIT(*) PLANE_ANGLE_UNIT() SI_UNIT($,.RADIAN.) );
#11169 = ( NAMED_UNIT(*) SI_UNIT($,.STERADIAN.) SOLID_ANGLE_UNIT() );
#11170 = UNCERTAINTY_MEASURE_WITH_UNIT(LENGTH_MEASURE(1.E-07),#11167,
  'distance_accuracy_value','confusion accuracy');
#11171 = CONTEXT_DEPENDENT_SHAPE_REPRESENTATION(#11172,#11174);
#11172 = ( REPRESENTATION_RELATIONSHIP('','',#9872,#10) 
REPRESENTATION_RELATIONSHIP_WITH_TRANSFORMATION(#11173) 
SHAPE_REPRESENTATION_RELATIONSHIP() );
#11173 = ITEM_DEFINED_TRANSFORMATION('','',#11,#43);
#11174 = PRODUCT_DEFINITION_SHAPE('Placement','Placement of an item',
  #11175);
#11175 = NEXT_ASSEMBLY_USAGE_OCCURRENCE('8','minute_hand','',#5,#9867,$
  );
#11176 = PRODUCT_RELATED_PRODUCT_CATEGORY('part',$,(#9869));
#11177 = SHAPE_DEFINITION_REPRESENTATION(#11178,#11184);
#11178 = PRODUCT_DEFINITION_SHAPE('','',#11179);
#11179 = PRODUCT_DEFINITION('design','',#11180,#11183);
#11180 = PRODUCT_DEFINITION_FORMATION('','',#11181);
#11181 = PRODUCT('seconds_hand','seconds_hand','',(#11182));
#11182 = PRODUCT_CONTEXT('',#2,'mechanical');
#11183 = PRODUCT_DEFINITION_CONTEXT('part definition',#2,'design');
#11184 = ADVANCED_BREP_SHAPE_REPRESENTATION('',(#11,#11185),#12087);
#11185 = MANIFOLD_SOLID_BREP('',#11186);
#11186 = CLOSED_SHELL('',(#11187,#11307,#11381,#11450,#11482,#11718,
    #11851,#11855,#11902,#12005,#12030,#12037,#12080));
#11187 = ADVANCED_FACE('',(#11188),#11202,.T.);
#11188 = FACE_BOUND('',#11189,.T.);
#11189 = EDGE_LOOP('',(#11190,#11225,#11253,#11281));
#11190 = ORIENTED_EDGE('',*,*,#11191,.T.);
#11191 = EDGE_CURVE('',#11192,#11194,#11196,.T.);
#11192 = VERTEX_POINT('',#11193);
#11193 = CARTESIAN_POINT('',(-0.11,2.4,-0.6));
#11194 = VERTEX_POINT('',#11195);
#11195 = CARTESIAN_POINT('',(-0.11,2.4,-0.48));
#11196 = SURFACE_CURVE('',#11197,(#11201,#11213),.PCURVE_S1.);
#11197 = LINE('',#11198,#11199);
#11198 = CARTESIAN_POINT('',(-0.11,2.4,-0.6));
#11199 = VECTOR('',#11200,1.);
#11200 = DIRECTION('',(0.,-0.,1.));
#11201 = PCURVE('',#11202,#11207);
#11202 = PLANE('',#11203);
#11203 = AXIS2_PLACEMENT_3D('',#11204,#11205,#11206);
#11204 = CARTESIAN_POINT('',(-0.11,2.4,-0.6));
#11205 = DIRECTION('',(-0.,1.,0.));
#11206 = DIRECTION('',(1.,0.,0.));
#11207 = DEFINITIONAL_REPRESENTATION('',(#11208),#11212);
#11208 = LINE('',#11209,#11210);
#11209 = CARTESIAN_POINT('',(0.,0.));
#11210 = VECTOR('',#11211,1.);
#11211 = DIRECTION('',(0.,-1.));
#11212 = ( GEOMETRIC_REPRESENTATION_CONTEXT(2) 
PARAMETRIC_REPRESENTATION_CONTEXT() REPRESENTATION_CONTEXT('2D SPACE',''
  ) );
#11213 = PCURVE('',#11214,#11219);
#11214 = PLANE('',#11215);
#11215 = AXIS2_PLACEMENT_3D('',#11216,#11217,#11218);
#11216 = CARTESIAN_POINT('',(-0.176,-0.9,-0.6));
#11217 = DIRECTION('',(-0.99980005998,1.99960011996E-02,0.));
#11218 = DIRECTION('',(1.99960011996E-02,0.99980005998,0.));
#11219 = DEFINITIONAL_REPRESENTATION('',(#11220),#11224);
#11220 = LINE('',#11221,#11222);
#11221 = CARTESIAN_POINT('',(3.300659934013,0.));
#11222 = VECTOR('',#11223,1.);
#11223 = DIRECTION('',(0.,-1.));
#11224 = ( GEOMETRIC_REPRESENTATION_CONTEXT(2) 
PARAMETRIC_REPRESENTATION_CONTEXT() REPRESENTATION_CONTEXT('2D SPACE',''
  ) );
#11225 = ORIENTED_EDGE('',*,*,#11226,.T.);
#11226 = EDGE_CURVE('',#11194,#11227,#11229,.T.);
#11227 = VERTEX_POINT('',#11228);
#11228 = CARTESIAN_POINT('',(0.11,2.4,-0.48));
#11229 = SURFACE_CURVE('',#11230,(#11234,#11241),.PCURVE_S1.);
#11230 = LINE('',#11231,#11232);
#11231 = CARTESIAN_POINT('',(-0.11,2.4,-0.48));
#11232 = VECTOR('',#11233,1.);
#11233 = DIRECTION('',(1.,0.,0.));
#11234 = PCURVE('',#11202,#11235);
#11235 = DEFINITIONAL_REPRESENTATION('',(#11236),#11240);
#11236 = LINE('',#11237,#11238);
#11237 = CARTESIAN_POINT('',(0.,-0.12));
#11238 = VECTOR('',#11239,1.);
#11239 = DIRECTION('',(1.,0.));
#11240 = ( GEOMETRIC_REPRESENTATION_CONTEXT(2) 
PARAMETRIC_REPRESENTATION_CONTEXT() REPRESENTATION_CONTEXT('2D SPACE',''
  ) );
#11241 = PCURVE('',#11242,#11247);
#11242 = PLANE('',#11243);
#11243 = AXIS2_PLACEMENT_3D('',#11244,#11245,#11246);
#11244 = CARTESIAN_POINT('',(0.,0.719637489474,-0.48));
#11245 = DIRECTION('',(-0.,-0.,-1.));
#11246 = DIRECTION('',(-1.,0.,0.));
#11247 = DEFINITIONAL_REPRESENTATION('',(#11248),#11252);
#11248 = LINE('',#11249,#11250);
#11249 = CARTESIAN_POINT('',(0.11,1.680362510526));
#11250 = VECTOR('',#11251,1.);
#11251 = DIRECTION('',(-1.,0.));
#11252 = ( GEOMETRIC_REPRESENTATION_CONTEXT(2) 
PARAMETRIC_REPRESENTATION_CONTEXT() REPRESENTATION_CONTEXT('2D SPACE',''
  ) );
#11253 = ORIENTED_EDGE('',*,*,#11254,.F.);
#11254 = EDGE_CURVE('',#11255,#11227,#11257,.T.);
#11255 = VERTEX_POINT('',#11256);
#11256 = CARTESIAN_POINT('',(0.11,2.4,-0.6));
#11257 = SURFACE_CURVE('',#11258,(#11262,#11269),.PCURVE_S1.);
#11258 = LINE('',#11259,#11260);
#11259 = CARTESIAN_POINT('',(0.11,2.4,-0.6));
#11260 = VECTOR('',#11261,1.);
#11261 = DIRECTION('',(0.,-0.,1.));
#11262 = PCURVE('',#11202,#11263);
#11263 = DEFINITIONAL_REPRESENTATION('',(#11264),#11268);
#11264 = LINE('',#11265,#11266);
#11265 = CARTESIAN_POINT('',(0.22,0.));
#11266 = VECTOR('',#11267,1.);
#11267 = DIRECTION('',(0.,-1.));
#11268 = ( GEOMETRIC_REPRESENTATION_CONTEXT(2) 
PARAMETRIC_REPRESENTATION_CONTEXT() REPRESENTATION_CONTEXT('2D SPACE',''
  ) );
#11269 = PCURVE('',#11270,#11275);
#11270 = PLANE('',#11271);
#11271 = AXIS2_PLACEMENT_3D('',#11272,#11273,#11274);
#11272 = CARTESIAN_POINT('',(0.11,2.4,-0.6));
#11273 = DIRECTION('',(0.99980005998,1.99960011996E-02,0.));
#11274 = DIRECTION('',(1.99960011996E-02,-0.99980005998,0.));
#11275 = DEFINITIONAL_REPRESENTATION('',(#11276),#11280);
#11276 = LINE('',#11277,#11278);
#11277 = CARTESIAN_POINT('',(0.,0.));
#11278 = VECTOR('',#11279,1.);
#11279 = DIRECTION('',(0.,-1.));
#11280 = ( GEOMETRIC_REPRESENTATION_CONTEXT(2) 
PARAMETRIC_REPRESENTATION_CONTEXT() REPRESENTATION_CONTEXT('2D SPACE',''
  ) );
#11281 = ORIENTED_EDGE('',*,*,#11282,.F.);
#11282 = EDGE_CURVE('',#11192,#11255,#11283,.T.);
#11283 = SURFACE_CURVE('',#11284,(#11288,#11295),.PCURVE_S1.);
#11284 = LINE('',#11285,#11286);
#11285 = CARTESIAN_POINT('',(-0.11,2.4,-0.6));
#11286 = VECTOR('',#11287,1.);
#11287 = DIRECTION('',(1.,0.,0.));
#11288 = PCURVE('',#11202,#11289);
#11289 = DEFINITIONAL_REPRESENTATION('',(#11290),#11294);
#11290 = LINE('',#11291,#11292);
#11291 = CARTESIAN_POINT('',(0.,0.));
#11292 = VECTOR('',#11293,1.);
#11293 = DIRECTION('',(1.,0.));
#11294 = ( GEOMETRIC_REPRESENTATION_CONTEXT(2) 
PARAMETRIC_REPRESENTATION_CONTEXT() REPRESENTATION_CONTEXT('2D SPACE',''
  ) );
#11295 = PCURVE('',#11296,#11301);
#11296 = PLANE('',#11297);
#11297 = AXIS2_PLACEMENT_3D('',#11298,#11299,#11300);
#11298 = CARTESIAN_POINT('',(0.,0.719637489474,-0.6));
#11299 = DIRECTION('',(-0.,-0.,-1.));
#11300 = DIRECTION('',(-1.,0.,0.));
#11301 = DEFINITIONAL_REPRESENTATION('',(#11302),#11306);
#11302 = LINE('',#11303,#11304);
#11303 = CARTESIAN_POINT('',(0.11,1.680362510526));
#11304 = VECTOR('',#11305,1.);
#11305 = DIRECTION('',(-1.,0.));
#11306 = ( GEOMETRIC_REPRESENTATION_CONTEXT(2) 
PARAMETRIC_REPRESENTATION_CONTEXT() REPRESENTATION_CONTEXT('2D SPACE',''
  ) );
#11307 = ADVANCED_FACE('',(#11308),#11214,.T.);
#11308 = FACE_BOUND('',#11309,.T.);
#11309 = EDGE_LOOP('',(#11310,#11333,#11359,#11380));
#11310 = ORIENTED_EDGE('',*,*,#11311,.F.);
#11311 = EDGE_CURVE('',#11312,#11192,#11314,.T.);
#11312 = VERTEX_POINT('',#11313);
#11313 = CARTESIAN_POINT('',(-0.154323907976,0.183804601213,-0.6));
#11314 = SURFACE_CURVE('',#11315,(#11319,#11326),.PCURVE_S1.);
#11315 = LINE('',#11316,#11317);
#11316 = CARTESIAN_POINT('',(-0.176,-0.9,-0.6));
#11317 = VECTOR('',#11318,1.);
#11318 = DIRECTION('',(1.99960011996E-02,0.99980005998,0.));
#11319 = PCURVE('',#11214,#11320);
#11320 = DEFINITIONAL_REPRESENTATION('',(#11321),#11325);
#11321 = LINE('',#11322,#11323);
#11322 = CARTESIAN_POINT('',(0.,0.));
#11323 = VECTOR('',#11324,1.);
#11324 = DIRECTION('',(1.,0.));
#11325 = ( GEOMETRIC_REPRESENTATION_CONTEXT(2) 
PARAMETRIC_REPRESENTATION_CONTEXT() REPRESENTATION_CONTEXT('2D SPACE',''
  ) );
#11326 = PCURVE('',#11296,#11327);
#11327 = DEFINITIONAL_REPRESENTATION('',(#11328),#11332);
#11328 = LINE('',#11329,#11330);
#11329 = CARTESIAN_POINT('',(0.176,-1.619637489474));
#11330 = VECTOR('',#11331,1.);
#11331 = DIRECTION('',(-1.99960011996E-02,0.99980005998));
#11332 = ( GEOMETRIC_REPRESENTATION_CONTEXT(2) 
PARAMETRIC_REPRESENTATION_CONTEXT() REPRESENTATION_CONTEXT('2D SPACE',''
  ) );
#11333 = ORIENTED_EDGE('',*,*,#11334,.T.);
#11334 = EDGE_CURVE('',#11312,#11335,#11337,.T.);
#11335 = VERTEX_POINT('',#11336);
#11336 = CARTESIAN_POINT('',(-0.154323907976,0.183804601213,-0.48));
#11337 = SURFACE_CURVE('',#11338,(#11342,#11348),.PCURVE_S1.);
#11338 = LINE('',#11339,#11340);
#11339 = CARTESIAN_POINT('',(-0.154323907976,0.183804601213,-1.87));
#11340 = VECTOR('',#11341,1.);
#11341 = DIRECTION('',(0.,0.,1.));
#11342 = PCURVE('',#11214,#11343);
#11343 = DEFINITIONAL_REPRESENTATION('',(#11344),#11347);
#11344 = B_SPLINE_CURVE_WITH_KNOTS('',1,(#11345,#11346),.UNSPECIFIED.,
  .F.,.F.,(2,2),(1.258,1.3900024),.PIECEWISE_BEZIER_KNOTS.);
#11345 = CARTESIAN_POINT('',(1.084021340462,1.2E-02));
#11346 = CARTESIAN_POINT('',(1.084021340462,-0.1200024));
#11347 = ( GEOMETRIC_REPRESENTATION_CONTEXT(2) 
PARAMETRIC_REPRESENTATION_CONTEXT() REPRESENTATION_CONTEXT('2D SPACE',''
  ) );
#11348 = PCURVE('',#11349,#11354);
#11349 = CYLINDRICAL_SURFACE('',#11350,0.24);
#11350 = AXIS2_PLACEMENT_3D('',#11351,#11352,#11353);
#11351 = CARTESIAN_POINT('',(0.,0.,-1.87));
#11352 = DIRECTION('',(0.,0.,1.));
#11353 = DIRECTION('',(1.,0.,-0.));
#11354 = DEFINITIONAL_REPRESENTATION('',(#11355),#11358);
#11355 = B_SPLINE_CURVE_WITH_KNOTS('',1,(#11356,#11357),.UNSPECIFIED.,
  .F.,.F.,(2,2),(1.258,1.3900024),.PIECEWISE_BEZIER_KNOTS.);
#11356 = CARTESIAN_POINT('',(2.269226577106,1.258));
#11357 = CARTESIAN_POINT('',(2.269226577106,1.3900024));
#11358 = ( GEOMETRIC_REPRESENTATION_CONTEXT(2) 
PARAMETRIC_REPRESENTATION_CONTEXT() REPRESENTATION_CONTEXT('2D SPACE',''
  ) );
#11359 = ORIENTED_EDGE('',*,*,#11360,.T.);
#11360 = EDGE_CURVE('',#11335,#11194,#11361,.T.);
#11361 = SURFACE_CURVE('',#11362,(#11366,#11373),.PCURVE_S1.);
#11362 = LINE('',#11363,#11364);
#11363 = CARTESIAN_POINT('',(-0.176,-0.9,-0.48));
#11364 = VECTOR('',#11365,1.);
#11365 = DIRECTION('',(1.99960011996E-02,0.99980005998,0.));
#11366 = PCURVE('',#11214,#11367);
#11367 = DEFINITIONAL_REPRESENTATION('',(#11368),#11372);
#11368 = LINE('',#11369,#11370);
#11369 = CARTESIAN_POINT('',(0.,-0.12));
#11370 = VECTOR('',#11371,1.);
#11371 = DIRECTION('',(1.,0.));
#11372 = ( GEOMETRIC_REPRESENTATION_CONTEXT(2) 
PARAMETRIC_REPRESENTATION_CONTEXT() REPRESENTATION_CONTEXT('2D SPACE',''
  ) );
#11373 = PCURVE('',#11242,#11374);
#11374 = DEFINITIONAL_REPRESENTATION('',(#11375),#11379);
#11375 = LINE('',#11376,#11377);
#11376 = CARTESIAN_POINT('',(0.176,-1.619637489474));
#11377 = VECTOR('',#11378,1.);
#11378 = DIRECTION('',(-1.99960011996E-02,0.99980005998));
#11379 = ( GEOMETRIC_REPRESENTATION_CONTEXT(2) 
PARAMETRIC_REPRESENTATION_CONTEXT() REPRESENTATION_CONTEXT('2D SPACE',''
  ) );
#11380 = ORIENTED_EDGE('',*,*,#11191,.F.);
#11381 = ADVANCED_FACE('',(#11382),#11270,.T.);
#11382 = FACE_BOUND('',#11383,.T.);
#11383 = EDGE_LOOP('',(#11384,#11407,#11408,#11431));
#11384 = ORIENTED_EDGE('',*,*,#11385,.F.);
#11385 = EDGE_CURVE('',#11255,#11386,#11388,.T.);
#11386 = VERTEX_POINT('',#11387);
#11387 = CARTESIAN_POINT('',(0.154323907976,0.183804601213,-0.6));
#11388 = SURFACE_CURVE('',#11389,(#11393,#11400),.PCURVE_S1.);
#11389 = LINE('',#11390,#11391);
#11390 = CARTESIAN_POINT('',(0.11,2.4,-0.6));
#11391 = VECTOR('',#11392,1.);
#11392 = DIRECTION('',(1.99960011996E-02,-0.99980005998,0.));
#11393 = PCURVE('',#11270,#11394);
#11394 = DEFINITIONAL_REPRESENTATION('',(#11395),#11399);
#11395 = LINE('',#11396,#11397);
#11396 = CARTESIAN_POINT('',(0.,0.));
#11397 = VECTOR('',#11398,1.);
#11398 = DIRECTION('',(1.,0.));
#11399 = ( GEOMETRIC_REPRESENTATION_CONTEXT(2) 
PARAMETRIC_REPRESENTATION_CONTEXT() REPRESENTATION_CONTEXT('2D SPACE',''
  ) );
#11400 = PCURVE('',#11296,#11401);
#11401 = DEFINITIONAL_REPRESENTATION('',(#11402),#11406);
#11402 = LINE('',#11403,#11404);
#11403 = CARTESIAN_POINT('',(-0.11,1.680362510526));
#11404 = VECTOR('',#11405,1.);
#11405 = DIRECTION('',(-1.99960011996E-02,-0.99980005998));
#11406 = ( GEOMETRIC_REPRESENTATION_CONTEXT(2) 
PARAMETRIC_REPRESENTATION_CONTEXT() REPRESENTATION_CONTEXT('2D SPACE',''
  ) );
#11407 = ORIENTED_EDGE('',*,*,#11254,.T.);
#11408 = ORIENTED_EDGE('',*,*,#11409,.T.);
#11409 = EDGE_CURVE('',#11227,#11410,#11412,.T.);
#11410 = VERTEX_POINT('',#11411);
#11411 = CARTESIAN_POINT('',(0.154323907976,0.183804601213,-0.48));
#11412 = SURFACE_CURVE('',#11413,(#11417,#11424),.PCURVE_S1.);
#11413 = LINE('',#11414,#11415);
#11414 = CARTESIAN_POINT('',(0.11,2.4,-0.48));
#11415 = VECTOR('',#11416,1.);
#11416 = DIRECTION('',(1.99960011996E-02,-0.99980005998,0.));
#11417 = PCURVE('',#11270,#11418);
#11418 = DEFINITIONAL_REPRESENTATION('',(#11419),#11423);
#11419 = LINE('',#11420,#11421);
#11420 = CARTESIAN_POINT('',(0.,-0.12));
#11421 = VECTOR('',#11422,1.);
#11422 = DIRECTION('',(1.,0.));
#11423 = ( GEOMETRIC_REPRESENTATION_CONTEXT(2) 
PARAMETRIC_REPRESENTATION_CONTEXT() REPRESENTATION_CONTEXT('2D SPACE',''
  ) );
#11424 = PCURVE('',#11242,#11425);
#11425 = DEFINITIONAL_REPRESENTATION('',(#11426),#11430);
#11426 = LINE('',#11427,#11428);
#11427 = CARTESIAN_POINT('',(-0.11,1.680362510526));
#11428 = VECTOR('',#11429,1.);
#11429 = DIRECTION('',(-1.99960011996E-02,-0.99980005998));
#11430 = ( GEOMETRIC_REPRESENTATION_CONTEXT(2) 
PARAMETRIC_REPRESENTATION_CONTEXT() REPRESENTATION_CONTEXT('2D SPACE',''
  ) );
#11431 = ORIENTED_EDGE('',*,*,#11432,.F.);
#11432 = EDGE_CURVE('',#11386,#11410,#11433,.T.);
#11433 = SURFACE_CURVE('',#11434,(#11438,#11444),.PCURVE_S1.);
#11434 = LINE('',#11435,#11436);
#11435 = CARTESIAN_POINT('',(0.154323907976,0.183804601213,-1.87));
#11436 = VECTOR('',#11437,1.);
#11437 = DIRECTION('',(0.,0.,1.));
#11438 = PCURVE('',#11270,#11439);
#11439 = DEFINITIONAL_REPRESENTATION('',(#11440),#11443);
#11440 = B_SPLINE_CURVE_WITH_KNOTS('',1,(#11441,#11442),.UNSPECIFIED.,
  .F.,.F.,(2,2),(1.258,1.3900024),.PIECEWISE_BEZIER_KNOTS.);
#11441 = CARTESIAN_POINT('',(2.216638593552,1.2E-02));
#11442 = CARTESIAN_POINT('',(2.216638593552,-0.1200024));
#11443 = ( GEOMETRIC_REPRESENTATION_CONTEXT(2) 
PARAMETRIC_REPRESENTATION_CONTEXT() REPRESENTATION_CONTEXT('2D SPACE',''
  ) );
#11444 = PCURVE('',#11349,#11445);
#11445 = DEFINITIONAL_REPRESENTATION('',(#11446),#11449);
#11446 = B_SPLINE_CURVE_WITH_KNOTS('',1,(#11447,#11448),.UNSPECIFIED.,
  .F.,.F.,(2,2),(1.258,1.3900024),.PIECEWISE_BEZIER_KNOTS.);
#11447 = CARTESIAN_POINT('',(0.872366076484,1.258));
#11448 = CARTESIAN_POINT('',(0.872366076484,1.3900024));
#11449 = ( GEOMETRIC_REPRESENTATION_CONTEXT(2) 
PARAMETRIC_REPRESENTATION_CONTEXT() REPRESENTATION_CONTEXT('2D SPACE',''
  ) );
#11450 = ADVANCED_FACE('',(#11451),#11296,.T.);
#11451 = FACE_BOUND('',#11452,.T.);
#11452 = EDGE_LOOP('',(#11453,#11479,#11480,#11481));
#11453 = ORIENTED_EDGE('',*,*,#11454,.T.);
#11454 = EDGE_CURVE('',#11386,#11312,#11455,.T.);
#11455 = SURFACE_CURVE('',#11456,(#11461,#11472),.PCURVE_S1.);
#11456 = CIRCLE('',#11457,0.24);
#11457 = AXIS2_PLACEMENT_3D('',#11458,#11459,#11460);
#11458 = CARTESIAN_POINT('',(0.,0.,-0.6));
#11459 = DIRECTION('',(0.,0.,1.));
#11460 = DIRECTION('',(1.,0.,-0.));
#11461 = PCURVE('',#11296,#11462);
#11462 = DEFINITIONAL_REPRESENTATION('',(#11463),#11471);
#11463 = ( BOUNDED_CURVE() B_SPLINE_CURVE(2,(#11464,#11465,#11466,#11467
    ,#11468,#11469,#11470),.UNSPECIFIED.,.T.,.F.) 
B_SPLINE_CURVE_WITH_KNOTS((1,2,2,2,2,1),(-2.094395102393,0.,
    2.094395102393,4.188790204786,6.28318530718,8.377580409573),
.UNSPECIFIED.) CURVE() GEOMETRIC_REPRESENTATION_ITEM() 
RATIONAL_B_SPLINE_CURVE((1.,0.5,1.,0.5,1.,0.5,1.)) REPRESENTATION_ITEM(
  '') );
#11464 = CARTESIAN_POINT('',(-0.24,-0.719637489474));
#11465 = CARTESIAN_POINT('',(-0.24,-0.303945295657));
#11466 = CARTESIAN_POINT('',(0.12,-0.511791392566));
#11467 = CARTESIAN_POINT('',(0.48,-0.719637489474));
#11468 = CARTESIAN_POINT('',(0.12,-0.927483586382));
#11469 = CARTESIAN_POINT('',(-0.24,-1.13532968329));
#11470 = CARTESIAN_POINT('',(-0.24,-0.719637489474));
#11471 = ( GEOMETRIC_REPRESENTATION_CONTEXT(2) 
PARAMETRIC_REPRESENTATION_CONTEXT() REPRESENTATION_CONTEXT('2D SPACE',''
  ) );
#11472 = PCURVE('',#11349,#11473);
#11473 = DEFINITIONAL_REPRESENTATION('',(#11474),#11478);
#11474 = LINE('',#11475,#11476);
#11475 = CARTESIAN_POINT('',(0.,1.27));
#11476 = VECTOR('',#11477,1.);
#11477 = DIRECTION('',(1.,0.));
#11478 = ( GEOMETRIC_REPRESENTATION_CONTEXT(2) 
PARAMETRIC_REPRESENTATION_CONTEXT() REPRESENTATION_CONTEXT('2D SPACE',''
  ) );
#11479 = ORIENTED_EDGE('',*,*,#11311,.T.);
#11480 = ORIENTED_EDGE('',*,*,#11282,.T.);
#11481 = ORIENTED_EDGE('',*,*,#11385,.T.);
#11482 = ADVANCED_FACE('',(#11483,#11659),#11242,.F.);
#11483 = FACE_BOUND('',#11484,.F.);
#11484 = EDGE_LOOP('',(#11485,#11486,#11514,#11542,#11570,#11603,#11631,
    #11657,#11658));
#11485 = ORIENTED_EDGE('',*,*,#11409,.T.);
#11486 = ORIENTED_EDGE('',*,*,#11487,.F.);
#11487 = EDGE_CURVE('',#11488,#11410,#11490,.T.);
#11488 = VERTEX_POINT('',#11489);
#11489 = CARTESIAN_POINT('',(0.24,-5.878304635907E-17,-0.48));
#11490 = SURFACE_CURVE('',#11491,(#11496,#11507),.PCURVE_S1.);
#11491 = CIRCLE('',#11492,0.24);
#11492 = AXIS2_PLACEMENT_3D('',#11493,#11494,#11495);
#11493 = CARTESIAN_POINT('',(0.,0.,-0.48));
#11494 = DIRECTION('',(0.,0.,1.));
#11495 = DIRECTION('',(1.,0.,-0.));
#11496 = PCURVE('',#11242,#11497);
#11497 = DEFINITIONAL_REPRESENTATION('',(#11498),#11506);
#11498 = ( BOUNDED_CURVE() B_SPLINE_CURVE(2,(#11499,#11500,#11501,#11502
    ,#11503,#11504,#11505),.UNSPECIFIED.,.T.,.F.) 
B_SPLINE_CURVE_WITH_KNOTS((1,2,2,2,2,1),(-2.094395102393,0.,
    2.094395102393,4.188790204786,6.28318530718,8.377580409573),
.UNSPECIFIED.) CURVE() GEOMETRIC_REPRESENTATION_ITEM() 
RATIONAL_B_SPLINE_CURVE((1.,0.5,1.,0.5,1.,0.5,1.)) REPRESENTATION_ITEM(
  '') );
#11499 = CARTESIAN_POINT('',(-0.24,-0.719637489474));
#11500 = CARTESIAN_POINT('',(-0.24,-0.303945295657));
#11501 = CARTESIAN_POINT('',(0.12,-0.511791392566));
#11502 = CARTESIAN_POINT('',(0.48,-0.719637489474));
#11503 = CARTESIAN_POINT('',(0.12,-0.927483586382));
#11504 = CARTESIAN_POINT('',(-0.24,-1.13532968329));
#11505 = CARTESIAN_POINT('',(-0.24,-0.719637489474));
#11506 = ( GEOMETRIC_REPRESENTATION_CONTEXT(2) 
PARAMETRIC_REPRESENTATION_CONTEXT() REPRESENTATION_CONTEXT('2D SPACE',''
  ) );
#11507 = PCURVE('',#11349,#11508);
#11508 = DEFINITIONAL_REPRESENTATION('',(#11509),#11513);
#11509 = LINE('',#11510,#11511);
#11510 = CARTESIAN_POINT('',(0.,1.39));
#11511 = VECTOR('',#11512,1.);
#11512 = DIRECTION('',(1.,0.));
#11513 = ( GEOMETRIC_REPRESENTATION_CONTEXT(2) 
PARAMETRIC_REPRESENTATION_CONTEXT() REPRESENTATION_CONTEXT('2D SPACE',''
  ) );
#11514 = ORIENTED_EDGE('',*,*,#11515,.F.);
#11515 = EDGE_CURVE('',#11516,#11488,#11518,.T.);
#11516 = VERTEX_POINT('',#11517);
#11517 = CARTESIAN_POINT('',(0.161549742564,-0.177487128202,-0.48));
#11518 = SURFACE_CURVE('',#11519,(#11524,#11535),.PCURVE_S1.);
#11519 = CIRCLE('',#11520,0.24);
#11520 = AXIS2_PLACEMENT_3D('',#11521,#11522,#11523);
#11521 = CARTESIAN_POINT('',(0.,0.,-0.48));
#11522 = DIRECTION('',(0.,0.,1.));
#11523 = DIRECTION('',(1.,0.,-0.));
#11524 = PCURVE('',#11242,#11525);
#11525 = DEFINITIONAL_REPRESENTATION('',(#11526),#11534);
#11526 = ( BOUNDED_CURVE() B_SPLINE_CURVE(2,(#11527,#11528,#11529,#11530
    ,#11531,#11532,#11533),.UNSPECIFIED.,.T.,.F.) 
B_SPLINE_CURVE_WITH_KNOTS((1,2,2,2,2,1),(-2.094395102393,0.,
    2.094395102393,4.188790204786,6.28318530718,8.377580409573),
.UNSPECIFIED.) CURVE() GEOMETRIC_REPRESENTATION_ITEM() 
RATIONAL_B_SPLINE_CURVE((1.,0.5,1.,0.5,1.,0.5,1.)) REPRESENTATION_ITEM(
  '') );
#11527 = CARTESIAN_POINT('',(-0.24,-0.719637489474));
#11528 = CARTESIAN_POINT('',(-0.24,-0.303945295657));
#11529 = CARTESIAN_POINT('',(0.12,-0.511791392566));
#11530 = CARTESIAN_POINT('',(0.48,-0.719637489474));
#11531 = CARTESIAN_POINT('',(0.12,-0.927483586382));
#11532 = CARTESIAN_POINT('',(-0.24,-1.13532968329));
#11533 = CARTESIAN_POINT('',(-0.24,-0.719637489474));
#11534 = ( GEOMETRIC_REPRESENTATION_CONTEXT(2) 
PARAMETRIC_REPRESENTATION_CONTEXT() REPRESENTATION_CONTEXT('2D SPACE',''
  ) );
#11535 = PCURVE('',#11349,#11536);
#11536 = DEFINITIONAL_REPRESENTATION('',(#11537),#11541);
#11537 = LINE('',#11538,#11539);
#11538 = CARTESIAN_POINT('',(0.,1.39));
#11539 = VECTOR('',#11540,1.);
#11540 = DIRECTION('',(1.,0.));
#11541 = ( GEOMETRIC_REPRESENTATION_CONTEXT(2) 
PARAMETRIC_REPRESENTATION_CONTEXT() REPRESENTATION_CONTEXT('2D SPACE',''
  ) );
#11542 = ORIENTED_EDGE('',*,*,#11543,.T.);
#11543 = EDGE_CURVE('',#11516,#11544,#11546,.T.);
#11544 = VERTEX_POINT('',#11545);
#11545 = CARTESIAN_POINT('',(0.170321705485,-0.616085274259,-0.48));
#11546 = SURFACE_CURVE('',#11547,(#11551,#11558),.PCURVE_S1.);
#11547 = LINE('',#11548,#11549);
#11548 = CARTESIAN_POINT('',(0.11,2.4,-0.48));
#11549 = VECTOR('',#11550,1.);
#11550 = DIRECTION('',(1.99960011996E-02,-0.99980005998,0.));
#11551 = PCURVE('',#11242,#11552);
#11552 = DEFINITIONAL_REPRESENTATION('',(#11553),#11557);
#11553 = LINE('',#11554,#11555);
#11554 = CARTESIAN_POINT('',(-0.11,1.680362510526));
#11555 = VECTOR('',#11556,1.);
#11556 = DIRECTION('',(-1.99960011996E-02,-0.99980005998));
#11557 = ( GEOMETRIC_REPRESENTATION_CONTEXT(2) 
PARAMETRIC_REPRESENTATION_CONTEXT() REPRESENTATION_CONTEXT('2D SPACE',''
  ) );
#11558 = PCURVE('',#11559,#11564);
#11559 = PLANE('',#11560);
#11560 = AXIS2_PLACEMENT_3D('',#11561,#11562,#11563);
#11561 = CARTESIAN_POINT('',(0.11,2.4,-0.6));
#11562 = DIRECTION('',(0.99980005998,1.99960011996E-02,0.));
#11563 = DIRECTION('',(1.99960011996E-02,-0.99980005998,0.));
#11564 = DEFINITIONAL_REPRESENTATION('',(#11565),#11569);
#11565 = LINE('',#11566,#11567);
#11566 = CARTESIAN_POINT('',(0.,-0.12));
#11567 = VECTOR('',#11568,1.);
#11568 = DIRECTION('',(1.,0.));
#11569 = ( GEOMETRIC_REPRESENTATION_CONTEXT(2) 
PARAMETRIC_REPRESENTATION_CONTEXT() REPRESENTATION_CONTEXT('2D SPACE',''
  ) );
#11570 = ORIENTED_EDGE('',*,*,#11571,.F.);
#11571 = EDGE_CURVE('',#11572,#11544,#11574,.T.);
#11572 = VERTEX_POINT('',#11573);
#11573 = CARTESIAN_POINT('',(-0.170321705485,-0.616085274259,-0.48));
#11574 = SURFACE_CURVE('',#11575,(#11580,#11591),.PCURVE_S1.);
#11575 = CIRCLE('',#11576,0.42);
#11576 = AXIS2_PLACEMENT_3D('',#11577,#11578,#11579);
#11577 = CARTESIAN_POINT('',(0.,-1.,-0.48));
#11578 = DIRECTION('',(0.,0.,1.));
#11579 = DIRECTION('',(-0.405527870203,0.914082680335,0.));
#11580 = PCURVE('',#11242,#11581);
#11581 = DEFINITIONAL_REPRESENTATION('',(#11582),#11590);
#11582 = ( BOUNDED_CURVE() B_SPLINE_CURVE(2,(#11583,#11584,#11585,#11586
    ,#11587,#11588,#11589),.UNSPECIFIED.,.T.,.F.) 
B_SPLINE_CURVE_WITH_KNOTS((1,2,2,2,2,1),(-2.094395102393,0.,
    2.094395102393,4.188790204786,6.28318530718,8.377580409573),
.UNSPECIFIED.) CURVE() GEOMETRIC_REPRESENTATION_ITEM() 
RATIONAL_B_SPLINE_CURVE((1.,0.5,1.,0.5,1.,0.5,1.)) REPRESENTATION_ITEM(
  '') );
#11583 = CARTESIAN_POINT('',(0.170321705485,-1.335722763733));
#11584 = CARTESIAN_POINT('',(0.835281516242,-1.630728611265));
#11585 = CARTESIAN_POINT('',(0.247319052636,-2.05909777611));
#11586 = CARTESIAN_POINT('',(-0.34064341097,-2.487466940955));
#11587 = CARTESIAN_POINT('',(-0.417640758121,-1.764091928578));
#11588 = CARTESIAN_POINT('',(-0.494638105272,-1.040716916201));
#11589 = CARTESIAN_POINT('',(0.170321705485,-1.335722763733));
#11590 = ( GEOMETRIC_REPRESENTATION_CONTEXT(2) 
PARAMETRIC_REPRESENTATION_CONTEXT() REPRESENTATION_CONTEXT('2D SPACE',''
  ) );
#11591 = PCURVE('',#11592,#11597);
#11592 = CYLINDRICAL_SURFACE('',#11593,0.42);
#11593 = AXIS2_PLACEMENT_3D('',#11594,#11595,#11596);
#11594 = CARTESIAN_POINT('',(0.,-1.,-0.6));
#11595 = DIRECTION('',(-0.,-0.,-1.));
#11596 = DIRECTION('',(1.,0.,-0.));
#11597 = DEFINITIONAL_REPRESENTATION('',(#11598),#11602);
#11598 = LINE('',#11599,#11600);
#11599 = CARTESIAN_POINT('',(-1.988352569766,-0.12));
#11600 = VECTOR('',#11601,1.);
#11601 = DIRECTION('',(-1.,0.));
#11602 = ( GEOMETRIC_REPRESENTATION_CONTEXT(2) 
PARAMETRIC_REPRESENTATION_CONTEXT() REPRESENTATION_CONTEXT('2D SPACE',''
  ) );
#11603 = ORIENTED_EDGE('',*,*,#11604,.T.);
#11604 = EDGE_CURVE('',#11572,#11605,#11607,.T.);
#11605 = VERTEX_POINT('',#11606);
#11606 = CARTESIAN_POINT('',(-0.161549742564,-0.177487128202,-0.48));
#11607 = SURFACE_CURVE('',#11608,(#11612,#11619),.PCURVE_S1.);
#11608 = LINE('',#11609,#11610);
#11609 = CARTESIAN_POINT('',(-0.176,-0.9,-0.48));
#11610 = VECTOR('',#11611,1.);
#11611 = DIRECTION('',(1.99960011996E-02,0.99980005998,0.));
#11612 = PCURVE('',#11242,#11613);
#11613 = DEFINITIONAL_REPRESENTATION('',(#11614),#11618);
#11614 = LINE('',#11615,#11616);
#11615 = CARTESIAN_POINT('',(0.176,-1.619637489474));
#11616 = VECTOR('',#11617,1.);
#11617 = DIRECTION('',(-1.99960011996E-02,0.99980005998));
#11618 = ( GEOMETRIC_REPRESENTATION_CONTEXT(2) 
PARAMETRIC_REPRESENTATION_CONTEXT() REPRESENTATION_CONTEXT('2D SPACE',''
  ) );
#11619 = PCURVE('',#11620,#11625);
#11620 = PLANE('',#11621);
#11621 = AXIS2_PLACEMENT_3D('',#11622,#11623,#11624);
#11622 = CARTESIAN_POINT('',(-0.176,-0.9,-0.6));
#11623 = DIRECTION('',(-0.99980005998,1.99960011996E-02,0.));
#11624 = DIRECTION('',(1.99960011996E-02,0.99980005998,0.));
#11625 = DEFINITIONAL_REPRESENTATION('',(#11626),#11630);
#11626 = LINE('',#11627,#11628);
#11627 = CARTESIAN_POINT('',(0.,-0.12));
#11628 = VECTOR('',#11629,1.);
#11629 = DIRECTION('',(1.,0.));
#11630 = ( GEOMETRIC_REPRESENTATION_CONTEXT(2) 
PARAMETRIC_REPRESENTATION_CONTEXT() REPRESENTATION_CONTEXT('2D SPACE',''
  ) );
#11631 = ORIENTED_EDGE('',*,*,#11632,.F.);
#11632 = EDGE_CURVE('',#11335,#11605,#11633,.T.);
#11633 = SURFACE_CURVE('',#11634,(#11639,#11650),.PCURVE_S1.);
#11634 = CIRCLE('',#11635,0.24);
#11635 = AXIS2_PLACEMENT_3D('',#11636,#11637,#11638);
#11636 = CARTESIAN_POINT('',(0.,0.,-0.48));
#11637 = DIRECTION('',(0.,0.,1.));
#11638 = DIRECTION('',(1.,0.,-0.));
#11639 = PCURVE('',#11242,#11640);
#11640 = DEFINITIONAL_REPRESENTATION('',(#11641),#11649);
#11641 = ( BOUNDED_CURVE() B_SPLINE_CURVE(2,(#11642,#11643,#11644,#11645
    ,#11646,#11647,#11648),.UNSPECIFIED.,.T.,.F.) 
B_SPLINE_CURVE_WITH_KNOTS((1,2,2,2,2,1),(-2.094395102393,0.,
    2.094395102393,4.188790204786,6.28318530718,8.377580409573),
.UNSPECIFIED.) CURVE() GEOMETRIC_REPRESENTATION_ITEM() 
RATIONAL_B_SPLINE_CURVE((1.,0.5,1.,0.5,1.,0.5,1.)) REPRESENTATION_ITEM(
  '') );
#11642 = CARTESIAN_POINT('',(-0.24,-0.719637489474));
#11643 = CARTESIAN_POINT('',(-0.24,-0.303945295657));
#11644 = CARTESIAN_POINT('',(0.12,-0.511791392566));
#11645 = CARTESIAN_POINT('',(0.48,-0.719637489474));
#11646 = CARTESIAN_POINT('',(0.12,-0.927483586382));
#11647 = CARTESIAN_POINT('',(-0.24,-1.13532968329));
#11648 = CARTESIAN_POINT('',(-0.24,-0.719637489474));
#11649 = ( GEOMETRIC_REPRESENTATION_CONTEXT(2) 
PARAMETRIC_REPRESENTATION_CONTEXT() REPRESENTATION_CONTEXT('2D SPACE',''
  ) );
#11650 = PCURVE('',#11349,#11651);
#11651 = DEFINITIONAL_REPRESENTATION('',(#11652),#11656);
#11652 = LINE('',#11653,#11654);
#11653 = CARTESIAN_POINT('',(0.,1.39));
#11654 = VECTOR('',#11655,1.);
#11655 = DIRECTION('',(1.,0.));
#11656 = ( GEOMETRIC_REPRESENTATION_CONTEXT(2) 
PARAMETRIC_REPRESENTATION_CONTEXT() REPRESENTATION_CONTEXT('2D SPACE',''
  ) );
#11657 = ORIENTED_EDGE('',*,*,#11360,.T.);
#11658 = ORIENTED_EDGE('',*,*,#11226,.T.);
#11659 = FACE_BOUND('',#11660,.F.);
#11660 = EDGE_LOOP('',(#11661,#11691));
#11661 = ORIENTED_EDGE('',*,*,#11662,.T.);
#11662 = EDGE_CURVE('',#11663,#11665,#11667,.T.);
#11663 = VERTEX_POINT('',#11664);
#11664 = CARTESIAN_POINT('',(0.149666295471,-0.9,-0.48));
#11665 = VERTEX_POINT('',#11666);
#11666 = CARTESIAN_POINT('',(-0.149666295471,-0.9,-0.48));
#11667 = SURFACE_CURVE('',#11668,(#11672,#11679),.PCURVE_S1.);
#11668 = LINE('',#11669,#11670);
#11669 = CARTESIAN_POINT('',(0.176,-0.9,-0.48));
#11670 = VECTOR('',#11671,1.);
#11671 = DIRECTION('',(-1.,0.,0.));
#11672 = PCURVE('',#11242,#11673);
#11673 = DEFINITIONAL_REPRESENTATION('',(#11674),#11678);
#11674 = LINE('',#11675,#11676);
#11675 = CARTESIAN_POINT('',(-0.176,-1.619637489474));
#11676 = VECTOR('',#11677,1.);
#11677 = DIRECTION('',(1.,0.));
#11678 = ( GEOMETRIC_REPRESENTATION_CONTEXT(2) 
PARAMETRIC_REPRESENTATION_CONTEXT() REPRESENTATION_CONTEXT('2D SPACE',''
  ) );
#11679 = PCURVE('',#11680,#11685);
#11680 = PLANE('',#11681);
#11681 = AXIS2_PLACEMENT_3D('',#11682,#11683,#11684);
#11682 = CARTESIAN_POINT('',(0.176,-0.9,-0.6));
#11683 = DIRECTION('',(-0.,-1.,0.));
#11684 = DIRECTION('',(-1.,0.,0.));
#11685 = DEFINITIONAL_REPRESENTATION('',(#11686),#11690);
#11686 = LINE('',#11687,#11688);
#11687 = CARTESIAN_POINT('',(0.,-0.12));
#11688 = VECTOR('',#11689,1.);
#11689 = DIRECTION('',(1.,0.));
#11690 = ( GEOMETRIC_REPRESENTATION_CONTEXT(2) 
PARAMETRIC_REPRESENTATION_CONTEXT() REPRESENTATION_CONTEXT('2D SPACE',''
  ) );
#11691 = ORIENTED_EDGE('',*,*,#11692,.F.);
#11692 = EDGE_CURVE('',#11663,#11665,#11693,.T.);
#11693 = SURFACE_CURVE('',#11694,(#11699,#11706),.PCURVE_S1.);
#11694 = CIRCLE('',#11695,0.18);
#11695 = AXIS2_PLACEMENT_3D('',#11696,#11697,#11698);
#11696 = CARTESIAN_POINT('',(0.,-1.,-0.48));
#11697 = DIRECTION('',(0.,0.,-1.));
#11698 = DIRECTION('',(0.831479419283,0.555555555556,0.));
#11699 = PCURVE('',#11242,#11700);
#11700 = DEFINITIONAL_REPRESENTATION('',(#11701),#11705);
#11701 = CIRCLE('',#11702,0.18);
#11702 = AXIS2_PLACEMENT_2D('',#11703,#11704);
#11703 = CARTESIAN_POINT('',(0.,-1.719637489474));
#11704 = DIRECTION('',(-0.831479419283,0.555555555556));
#11705 = ( GEOMETRIC_REPRESENTATION_CONTEXT(2) 
PARAMETRIC_REPRESENTATION_CONTEXT() REPRESENTATION_CONTEXT('2D SPACE',''
  ) );
#11706 = PCURVE('',#11707,#11712);
#11707 = CYLINDRICAL_SURFACE('',#11708,0.18);
#11708 = AXIS2_PLACEMENT_3D('',#11709,#11710,#11711);
#11709 = CARTESIAN_POINT('',(0.,-1.,-0.6));
#11710 = DIRECTION('',(-0.,-0.,-1.));
#11711 = DIRECTION('',(1.,0.,-0.));
#11712 = DEFINITIONAL_REPRESENTATION('',(#11713),#11717);
#11713 = LINE('',#11714,#11715);
#11714 = CARTESIAN_POINT('',(-6.872216277396,-0.12));
#11715 = VECTOR('',#11716,1.);
#11716 = DIRECTION('',(1.,-0.));
#11717 = ( GEOMETRIC_REPRESENTATION_CONTEXT(2) 
PARAMETRIC_REPRESENTATION_CONTEXT() REPRESENTATION_CONTEXT('2D SPACE',''
  ) );
#11718 = ADVANCED_FACE('',(#11719),#11349,.T.);
#11719 = FACE_BOUND('',#11720,.T.);
#11720 = EDGE_LOOP('',(#11721,#11744,#11745,#11766,#11799,#11818,#11819,
    #11820,#11821,#11822,#11823,#11824));
#11721 = ORIENTED_EDGE('',*,*,#11722,.T.);
#11722 = EDGE_CURVE('',#11723,#11488,#11725,.T.);
#11723 = VERTEX_POINT('',#11724);
#11724 = CARTESIAN_POINT('',(0.24,-5.878304635907E-17,-1.87));
#11725 = SEAM_CURVE('',#11726,(#11730,#11737),.PCURVE_S1.);
#11726 = LINE('',#11727,#11728);
#11727 = CARTESIAN_POINT('',(0.24,-5.878304635907E-17,-1.87));
#11728 = VECTOR('',#11729,1.);
#11729 = DIRECTION('',(0.,0.,1.));
#11730 = PCURVE('',#11349,#11731);
#11731 = DEFINITIONAL_REPRESENTATION('',(#11732),#11736);
#11732 = LINE('',#11733,#11734);
#11733 = CARTESIAN_POINT('',(6.28318530718,-0.));
#11734 = VECTOR('',#11735,1.);
#11735 = DIRECTION('',(0.,1.));
#11736 = ( GEOMETRIC_REPRESENTATION_CONTEXT(2) 
PARAMETRIC_REPRESENTATION_CONTEXT() REPRESENTATION_CONTEXT('2D SPACE',''
  ) );
#11737 = PCURVE('',#11349,#11738);
#11738 = DEFINITIONAL_REPRESENTATION('',(#11739),#11743);
#11739 = LINE('',#11740,#11741);
#11740 = CARTESIAN_POINT('',(0.,-0.));
#11741 = VECTOR('',#11742,1.);
#11742 = DIRECTION('',(0.,1.));
#11743 = ( GEOMETRIC_REPRESENTATION_CONTEXT(2) 
PARAMETRIC_REPRESENTATION_CONTEXT() REPRESENTATION_CONTEXT('2D SPACE',''
  ) );
#11744 = ORIENTED_EDGE('',*,*,#11515,.F.);
#11745 = ORIENTED_EDGE('',*,*,#11746,.F.);
#11746 = EDGE_CURVE('',#11747,#11516,#11749,.T.);
#11747 = VERTEX_POINT('',#11748);
#11748 = CARTESIAN_POINT('',(0.161549742564,-0.177487128202,-0.6));
#11749 = SURFACE_CURVE('',#11750,(#11754,#11760),.PCURVE_S1.);
#11750 = LINE('',#11751,#11752);
#11751 = CARTESIAN_POINT('',(0.161549742564,-0.177487128202,-1.87));
#11752 = VECTOR('',#11753,1.);
#11753 = DIRECTION('',(0.,0.,1.));
#11754 = PCURVE('',#11349,#11755);
#11755 = DEFINITIONAL_REPRESENTATION('',(#11756),#11759);
#11756 = B_SPLINE_CURVE_WITH_KNOTS('',1,(#11757,#11758),.UNSPECIFIED.,
  .F.,.F.,(2,2),(1.258,1.3900024),.PIECEWISE_BEZIER_KNOTS.);
#11757 = CARTESIAN_POINT('',(5.450813898642,1.258));
#11758 = CARTESIAN_POINT('',(5.450813898642,1.3900024));
#11759 = ( GEOMETRIC_REPRESENTATION_CONTEXT(2) 
PARAMETRIC_REPRESENTATION_CONTEXT() REPRESENTATION_CONTEXT('2D SPACE',''
  ) );
#11760 = PCURVE('',#11559,#11761);
#11761 = DEFINITIONAL_REPRESENTATION('',(#11762),#11765);
#11762 = B_SPLINE_CURVE_WITH_KNOTS('',1,(#11763,#11764),.UNSPECIFIED.,
  .F.,.F.,(2,2),(1.258,1.3900024),.PIECEWISE_BEZIER_KNOTS.);
#11763 = CARTESIAN_POINT('',(2.578002574088,1.2E-02));
#11764 = CARTESIAN_POINT('',(2.578002574088,-0.1200024));
#11765 = ( GEOMETRIC_REPRESENTATION_CONTEXT(2) 
PARAMETRIC_REPRESENTATION_CONTEXT() REPRESENTATION_CONTEXT('2D SPACE',''
  ) );
#11766 = ORIENTED_EDGE('',*,*,#11767,.F.);
#11767 = EDGE_CURVE('',#11768,#11747,#11770,.T.);
#11768 = VERTEX_POINT('',#11769);
#11769 = CARTESIAN_POINT('',(-0.161549742564,-0.177487128202,-0.6));
#11770 = SURFACE_CURVE('',#11771,(#11776,#11783),.PCURVE_S1.);
#11771 = CIRCLE('',#11772,0.24);
#11772 = AXIS2_PLACEMENT_3D('',#11773,#11774,#11775);
#11773 = CARTESIAN_POINT('',(0.,0.,-0.6));
#11774 = DIRECTION('',(0.,0.,1.));
#11775 = DIRECTION('',(1.,0.,-0.));
#11776 = PCURVE('',#11349,#11777);
#11777 = DEFINITIONAL_REPRESENTATION('',(#11778),#11782);
#11778 = LINE('',#11779,#11780);
#11779 = CARTESIAN_POINT('',(0.,1.27));
#11780 = VECTOR('',#11781,1.);
#11781 = DIRECTION('',(1.,0.));
#11782 = ( GEOMETRIC_REPRESENTATION_CONTEXT(2) 
PARAMETRIC_REPRESENTATION_CONTEXT() REPRESENTATION_CONTEXT('2D SPACE',''
  ) );
#11783 = PCURVE('',#11784,#11789);
#11784 = PLANE('',#11785);
#11785 = AXIS2_PLACEMENT_3D('',#11786,#11787,#11788);
#11786 = CARTESIAN_POINT('',(0.,0.719637489474,-0.6));
#11787 = DIRECTION('',(-0.,-0.,-1.));
#11788 = DIRECTION('',(-1.,0.,0.));
#11789 = DEFINITIONAL_REPRESENTATION('',(#11790),#11798);
#11790 = ( BOUNDED_CURVE() B_SPLINE_CURVE(2,(#11791,#11792,#11793,#11794
    ,#11795,#11796,#11797),.UNSPECIFIED.,.T.,.F.) 
B_SPLINE_CURVE_WITH_KNOTS((1,2,2,2,2,1),(-2.094395102393,0.,
    2.094395102393,4.188790204786,6.28318530718,8.377580409573),
.UNSPECIFIED.) CURVE() GEOMETRIC_REPRESENTATION_ITEM() 
RATIONAL_B_SPLINE_CURVE((1.,0.5,1.,0.5,1.,0.5,1.)) REPRESENTATION_ITEM(
  '') );
#11791 = CARTESIAN_POINT('',(-0.24,-0.719637489474));
#11792 = CARTESIAN_POINT('',(-0.24,-0.303945295657));
#11793 = CARTESIAN_POINT('',(0.12,-0.511791392566));
#11794 = CARTESIAN_POINT('',(0.48,-0.719637489474));
#11795 = CARTESIAN_POINT('',(0.12,-0.927483586382));
#11796 = CARTESIAN_POINT('',(-0.24,-1.13532968329));
#11797 = CARTESIAN_POINT('',(-0.24,-0.719637489474));
#11798 = ( GEOMETRIC_REPRESENTATION_CONTEXT(2) 
PARAMETRIC_REPRESENTATION_CONTEXT() REPRESENTATION_CONTEXT('2D SPACE',''
  ) );
#11799 = ORIENTED_EDGE('',*,*,#11800,.T.);
#11800 = EDGE_CURVE('',#11768,#11605,#11801,.T.);
#11801 = SURFACE_CURVE('',#11802,(#11806,#11812),.PCURVE_S1.);
#11802 = LINE('',#11803,#11804);
#11803 = CARTESIAN_POINT('',(-0.161549742564,-0.177487128202,-1.87));
#11804 = VECTOR('',#11805,1.);
#11805 = DIRECTION('',(0.,0.,1.));
#11806 = PCURVE('',#11349,#11807);
#11807 = DEFINITIONAL_REPRESENTATION('',(#11808),#11811);
#11808 = B_SPLINE_CURVE_WITH_KNOTS('',1,(#11809,#11810),.UNSPECIFIED.,
  .F.,.F.,(2,2),(1.258,1.3900024),.PIECEWISE_BEZIER_KNOTS.);
#11809 = CARTESIAN_POINT('',(3.973964062128,1.258));
#11810 = CARTESIAN_POINT('',(3.973964062128,1.3900024));
#11811 = ( GEOMETRIC_REPRESENTATION_CONTEXT(2) 
PARAMETRIC_REPRESENTATION_CONTEXT() REPRESENTATION_CONTEXT('2D SPACE',''
  ) );
#11812 = PCURVE('',#11620,#11813);
#11813 = DEFINITIONAL_REPRESENTATION('',(#11814),#11817);
#11814 = B_SPLINE_CURVE_WITH_KNOTS('',1,(#11815,#11816),.UNSPECIFIED.,
  .F.,.F.,(2,2),(1.258,1.3900024),.PIECEWISE_BEZIER_KNOTS.);
#11815 = CARTESIAN_POINT('',(0.722657359925,1.2E-02));
#11816 = CARTESIAN_POINT('',(0.722657359925,-0.1200024));
#11817 = ( GEOMETRIC_REPRESENTATION_CONTEXT(2) 
PARAMETRIC_REPRESENTATION_CONTEXT() REPRESENTATION_CONTEXT('2D SPACE',''
  ) );
#11818 = ORIENTED_EDGE('',*,*,#11632,.F.);
#11819 = ORIENTED_EDGE('',*,*,#11334,.F.);
#11820 = ORIENTED_EDGE('',*,*,#11454,.F.);
#11821 = ORIENTED_EDGE('',*,*,#11432,.T.);
#11822 = ORIENTED_EDGE('',*,*,#11487,.F.);
#11823 = ORIENTED_EDGE('',*,*,#11722,.F.);
#11824 = ORIENTED_EDGE('',*,*,#11825,.T.);
#11825 = EDGE_CURVE('',#11723,#11723,#11826,.T.);
#11826 = SURFACE_CURVE('',#11827,(#11832,#11839),.PCURVE_S1.);
#11827 = CIRCLE('',#11828,0.24);
#11828 = AXIS2_PLACEMENT_3D('',#11829,#11830,#11831);
#11829 = CARTESIAN_POINT('',(0.,0.,-1.87));
#11830 = DIRECTION('',(0.,0.,1.));
#11831 = DIRECTION('',(1.,0.,-0.));
#11832 = PCURVE('',#11349,#11833);
#11833 = DEFINITIONAL_REPRESENTATION('',(#11834),#11838);
#11834 = LINE('',#11835,#11836);
#11835 = CARTESIAN_POINT('',(0.,0.));
#11836 = VECTOR('',#11837,1.);
#11837 = DIRECTION('',(1.,0.));
#11838 = ( GEOMETRIC_REPRESENTATION_CONTEXT(2) 
PARAMETRIC_REPRESENTATION_CONTEXT() REPRESENTATION_CONTEXT('2D SPACE',''
  ) );
#11839 = PCURVE('',#11840,#11845);
#11840 = PLANE('',#11841);
#11841 = AXIS2_PLACEMENT_3D('',#11842,#11843,#11844);
#11842 = CARTESIAN_POINT('',(0.,0.,-1.87));
#11843 = DIRECTION('',(0.,0.,1.));
#11844 = DIRECTION('',(1.,0.,-0.));
#11845 = DEFINITIONAL_REPRESENTATION('',(#11846),#11850);
#11846 = CIRCLE('',#11847,0.24);
#11847 = AXIS2_PLACEMENT_2D('',#11848,#11849);
#11848 = CARTESIAN_POINT('',(0.,0.));
#11849 = DIRECTION('',(1.,0.));
#11850 = ( GEOMETRIC_REPRESENTATION_CONTEXT(2) 
PARAMETRIC_REPRESENTATION_CONTEXT() REPRESENTATION_CONTEXT('2D SPACE',''
  ) );
#11851 = ADVANCED_FACE('',(#11852),#11840,.F.);
#11852 = FACE_BOUND('',#11853,.T.);
#11853 = EDGE_LOOP('',(#11854));
#11854 = ORIENTED_EDGE('',*,*,#11825,.F.);
#11855 = ADVANCED_FACE('',(#11856),#11620,.T.);
#11856 = FACE_BOUND('',#11857,.T.);
#11857 = EDGE_LOOP('',(#11858,#11881,#11900,#11901));
#11858 = ORIENTED_EDGE('',*,*,#11859,.F.);
#11859 = EDGE_CURVE('',#11860,#11768,#11862,.T.);
#11860 = VERTEX_POINT('',#11861);
#11861 = CARTESIAN_POINT('',(-0.170321705485,-0.616085274259,-0.6));
#11862 = SURFACE_CURVE('',#11863,(#11867,#11874),.PCURVE_S1.);
#11863 = LINE('',#11864,#11865);
#11864 = CARTESIAN_POINT('',(-0.176,-0.9,-0.6));
#11865 = VECTOR('',#11866,1.);
#11866 = DIRECTION('',(1.99960011996E-02,0.99980005998,0.));
#11867 = PCURVE('',#11620,#11868);
#11868 = DEFINITIONAL_REPRESENTATION('',(#11869),#11873);
#11869 = LINE('',#11870,#11871);
#11870 = CARTESIAN_POINT('',(0.,0.));
#11871 = VECTOR('',#11872,1.);
#11872 = DIRECTION('',(1.,0.));
#11873 = ( GEOMETRIC_REPRESENTATION_CONTEXT(2) 
PARAMETRIC_REPRESENTATION_CONTEXT() REPRESENTATION_CONTEXT('2D SPACE',''
  ) );
#11874 = PCURVE('',#11784,#11875);
#11875 = DEFINITIONAL_REPRESENTATION('',(#11876),#11880);
#11876 = LINE('',#11877,#11878);
#11877 = CARTESIAN_POINT('',(0.176,-1.619637489474));
#11878 = VECTOR('',#11879,1.);
#11879 = DIRECTION('',(-1.99960011996E-02,0.99980005998));
#11880 = ( GEOMETRIC_REPRESENTATION_CONTEXT(2) 
PARAMETRIC_REPRESENTATION_CONTEXT() REPRESENTATION_CONTEXT('2D SPACE',''
  ) );
#11881 = ORIENTED_EDGE('',*,*,#11882,.F.);
#11882 = EDGE_CURVE('',#11572,#11860,#11883,.T.);
#11883 = SURFACE_CURVE('',#11884,(#11888,#11894),.PCURVE_S1.);
#11884 = LINE('',#11885,#11886);
#11885 = CARTESIAN_POINT('',(-0.170321705485,-0.616085274259,-0.6));
#11886 = VECTOR('',#11887,1.);
#11887 = DIRECTION('',(-0.,-0.,-1.));
#11888 = PCURVE('',#11620,#11889);
#11889 = DEFINITIONAL_REPRESENTATION('',(#11890),#11893);
#11890 = B_SPLINE_CURVE_WITH_KNOTS('',1,(#11891,#11892),.UNSPECIFIED.,
  .F.,.F.,(2,2),(-0.1200024,2.399999999958E-06),
  .PIECEWISE_BEZIER_KNOTS.);
#11891 = CARTESIAN_POINT('',(0.283971503009,-0.1200024));
#11892 = CARTESIAN_POINT('',(0.283971503009,2.399999999958E-06));
#11893 = ( GEOMETRIC_REPRESENTATION_CONTEXT(2) 
PARAMETRIC_REPRESENTATION_CONTEXT() REPRESENTATION_CONTEXT('2D SPACE',''
  ) );
#11894 = PCURVE('',#11592,#11895);
#11895 = DEFINITIONAL_REPRESENTATION('',(#11896),#11899);
#11896 = B_SPLINE_CURVE_WITH_KNOTS('',1,(#11897,#11898),.UNSPECIFIED.,
  .F.,.F.,(2,2),(-0.12,-0.),.PIECEWISE_BEZIER_KNOTS.);
#11897 = CARTESIAN_POINT('',(-1.988352569766,-0.12));
#11898 = CARTESIAN_POINT('',(-1.988352569766,0.));
#11899 = ( GEOMETRIC_REPRESENTATION_CONTEXT(2) 
PARAMETRIC_REPRESENTATION_CONTEXT() REPRESENTATION_CONTEXT('2D SPACE',''
  ) );
#11900 = ORIENTED_EDGE('',*,*,#11604,.T.);
#11901 = ORIENTED_EDGE('',*,*,#11800,.F.);
#11902 = ADVANCED_FACE('',(#11903,#11952),#11784,.T.);
#11903 = FACE_BOUND('',#11904,.T.);
#11904 = EDGE_LOOP('',(#11905,#11929,#11930,#11931));
#11905 = ORIENTED_EDGE('',*,*,#11906,.T.);
#11906 = EDGE_CURVE('',#11907,#11860,#11909,.T.);
#11907 = VERTEX_POINT('',#11908);
#11908 = CARTESIAN_POINT('',(0.170321705485,-0.616085274259,-0.6));
#11909 = SURFACE_CURVE('',#11910,(#11915,#11922),.PCURVE_S1.);
#11910 = CIRCLE('',#11911,0.42);
#11911 = AXIS2_PLACEMENT_3D('',#11912,#11913,#11914);
#11912 = CARTESIAN_POINT('',(0.,-1.,-0.6));
#11913 = DIRECTION('',(0.,0.,-1.));
#11914 = DIRECTION('',(0.405527870203,0.914082680335,0.));
#11915 = PCURVE('',#11784,#11916);
#11916 = DEFINITIONAL_REPRESENTATION('',(#11917),#11921);
#11917 = CIRCLE('',#11918,0.42);
#11918 = AXIS2_PLACEMENT_2D('',#11919,#11920);
#11919 = CARTESIAN_POINT('',(0.,-1.719637489474));
#11920 = DIRECTION('',(-0.405527870203,0.914082680335));
#11921 = ( GEOMETRIC_REPRESENTATION_CONTEXT(2) 
PARAMETRIC_REPRESENTATION_CONTEXT() REPRESENTATION_CONTEXT('2D SPACE',''
  ) );
#11922 = PCURVE('',#11592,#11923);
#11923 = DEFINITIONAL_REPRESENTATION('',(#11924),#11928);
#11924 = LINE('',#11925,#11926);
#11925 = CARTESIAN_POINT('',(-7.436425391004,0.));
#11926 = VECTOR('',#11927,1.);
#11927 = DIRECTION('',(1.,-0.));
#11928 = ( GEOMETRIC_REPRESENTATION_CONTEXT(2) 
PARAMETRIC_REPRESENTATION_CONTEXT() REPRESENTATION_CONTEXT('2D SPACE',''
  ) );
#11929 = ORIENTED_EDGE('',*,*,#11859,.T.);
#11930 = ORIENTED_EDGE('',*,*,#11767,.T.);
#11931 = ORIENTED_EDGE('',*,*,#11932,.T.);
#11932 = EDGE_CURVE('',#11747,#11907,#11933,.T.);
#11933 = SURFACE_CURVE('',#11934,(#11938,#11945),.PCURVE_S1.);
#11934 = LINE('',#11935,#11936);
#11935 = CARTESIAN_POINT('',(0.11,2.4,-0.6));
#11936 = VECTOR('',#11937,1.);
#11937 = DIRECTION('',(1.99960011996E-02,-0.99980005998,0.));
#11938 = PCURVE('',#11784,#11939);
#11939 = DEFINITIONAL_REPRESENTATION('',(#11940),#11944);
#11940 = LINE('',#11941,#11942);
#11941 = CARTESIAN_POINT('',(-0.11,1.680362510526));
#11942 = VECTOR('',#11943,1.);
#11943 = DIRECTION('',(-1.99960011996E-02,-0.99980005998));
#11944 = ( GEOMETRIC_REPRESENTATION_CONTEXT(2) 
PARAMETRIC_REPRESENTATION_CONTEXT() REPRESENTATION_CONTEXT('2D SPACE',''
  ) );
#11945 = PCURVE('',#11559,#11946);
#11946 = DEFINITIONAL_REPRESENTATION('',(#11947),#11951);
#11947 = LINE('',#11948,#11949);
#11948 = CARTESIAN_POINT('',(0.,0.));
#11949 = VECTOR('',#11950,1.);
#11950 = DIRECTION('',(1.,0.));
#11951 = ( GEOMETRIC_REPRESENTATION_CONTEXT(2) 
PARAMETRIC_REPRESENTATION_CONTEXT() REPRESENTATION_CONTEXT('2D SPACE',''
  ) );
#11952 = FACE_BOUND('',#11953,.T.);
#11953 = EDGE_LOOP('',(#11954,#11979));
#11954 = ORIENTED_EDGE('',*,*,#11955,.T.);
#11955 = EDGE_CURVE('',#11956,#11958,#11960,.T.);
#11956 = VERTEX_POINT('',#11957);
#11957 = CARTESIAN_POINT('',(0.149666295471,-0.9,-0.6));
#11958 = VERTEX_POINT('',#11959);
#11959 = CARTESIAN_POINT('',(-0.149666295471,-0.9,-0.6));
#11960 = SURFACE_CURVE('',#11961,(#11965,#11972),.PCURVE_S1.);
#11961 = LINE('',#11962,#11963);
#11962 = CARTESIAN_POINT('',(0.176,-0.9,-0.6));
#11963 = VECTOR('',#11964,1.);
#11964 = DIRECTION('',(-1.,0.,0.));
#11965 = PCURVE('',#11784,#11966);
#11966 = DEFINITIONAL_REPRESENTATION('',(#11967),#11971);
#11967 = LINE('',#11968,#11969);
#11968 = CARTESIAN_POINT('',(-0.176,-1.619637489474));
#11969 = VECTOR('',#11970,1.);
#11970 = DIRECTION('',(1.,0.));
#11971 = ( GEOMETRIC_REPRESENTATION_CONTEXT(2) 
PARAMETRIC_REPRESENTATION_CONTEXT() REPRESENTATION_CONTEXT('2D SPACE',''
  ) );
#11972 = PCURVE('',#11680,#11973);
#11973 = DEFINITIONAL_REPRESENTATION('',(#11974),#11978);
#11974 = LINE('',#11975,#11976);
#11975 = CARTESIAN_POINT('',(0.,0.));
#11976 = VECTOR('',#11977,1.);
#11977 = DIRECTION('',(1.,0.));
#11978 = ( GEOMETRIC_REPRESENTATION_CONTEXT(2) 
PARAMETRIC_REPRESENTATION_CONTEXT() REPRESENTATION_CONTEXT('2D SPACE',''
  ) );
#11979 = ORIENTED_EDGE('',*,*,#11980,.T.);
#11980 = EDGE_CURVE('',#11958,#11956,#11981,.T.);
#11981 = SURFACE_CURVE('',#11982,(#11987,#11998),.PCURVE_S1.);
#11982 = CIRCLE('',#11983,0.18);
#11983 = AXIS2_PLACEMENT_3D('',#11984,#11985,#11986);
#11984 = CARTESIAN_POINT('',(0.,-1.,-0.6));
#11985 = DIRECTION('',(0.,0.,1.));
#11986 = DIRECTION('',(-0.831479419283,0.555555555556,0.));
#11987 = PCURVE('',#11784,#11988);
#11988 = DEFINITIONAL_REPRESENTATION('',(#11989),#11997);
#11989 = ( BOUNDED_CURVE() B_SPLINE_CURVE(2,(#11990,#11991,#11992,#11993
    ,#11994,#11995,#11996),.UNSPECIFIED.,.T.,.F.) 
B_SPLINE_CURVE_WITH_KNOTS((1,2,2,2,2,1),(-2.094395102393,0.,
    2.094395102393,4.188790204786,6.28318530718,8.377580409573),
.UNSPECIFIED.) CURVE() GEOMETRIC_REPRESENTATION_ITEM() 
RATIONAL_B_SPLINE_CURVE((1.,0.5,1.,0.5,1.,0.5,1.)) REPRESENTATION_ITEM(
  '') );
#11990 = CARTESIAN_POINT('',(0.149666295471,-1.619637489474));
#11991 = CARTESIAN_POINT('',(0.322871376228,-1.87886711741));
#11992 = CARTESIAN_POINT('',(1.176939264295E-02,-1.899252303442));
#11993 = CARTESIAN_POINT('',(-0.299332590942,-1.919637489474));
#11994 = CARTESIAN_POINT('',(-0.161435688114,-1.640022675506));
#11995 = CARTESIAN_POINT('',(-2.353878528591E-02,-1.360407861538));
#11996 = CARTESIAN_POINT('',(0.149666295471,-1.619637489474));
#11997 = ( GEOMETRIC_REPRESENTATION_CONTEXT(2) 
PARAMETRIC_REPRESENTATION_CONTEXT() REPRESENTATION_CONTEXT('2D SPACE',''
  ) );
#11998 = PCURVE('',#11707,#11999);
#11999 = DEFINITIONAL_REPRESENTATION('',(#12000),#12004);
#12000 = LINE('',#12001,#12002);
#12001 = CARTESIAN_POINT('',(-2.552561683374,0.));
#12002 = VECTOR('',#12003,1.);
#12003 = DIRECTION('',(-1.,0.));
#12004 = ( GEOMETRIC_REPRESENTATION_CONTEXT(2) 
PARAMETRIC_REPRESENTATION_CONTEXT() REPRESENTATION_CONTEXT('2D SPACE',''
  ) );
#12005 = ADVANCED_FACE('',(#12006),#11559,.T.);
#12006 = FACE_BOUND('',#12007,.T.);
#12007 = EDGE_LOOP('',(#12008,#12009,#12010,#12011));
#12008 = ORIENTED_EDGE('',*,*,#11932,.F.);
#12009 = ORIENTED_EDGE('',*,*,#11746,.T.);
#12010 = ORIENTED_EDGE('',*,*,#11543,.T.);
#12011 = ORIENTED_EDGE('',*,*,#12012,.T.);
#12012 = EDGE_CURVE('',#11544,#11907,#12013,.T.);
#12013 = SURFACE_CURVE('',#12014,(#12018,#12024),.PCURVE_S1.);
#12014 = LINE('',#12015,#12016);
#12015 = CARTESIAN_POINT('',(0.170321705485,-0.616085274259,-0.6));
#12016 = VECTOR('',#12017,1.);
#12017 = DIRECTION('',(-0.,-0.,-1.));
#12018 = PCURVE('',#11559,#12019);
#12019 = DEFINITIONAL_REPRESENTATION('',(#12020),#12023);
#12020 = B_SPLINE_CURVE_WITH_KNOTS('',1,(#12021,#12022),.UNSPECIFIED.,
  .F.,.F.,(2,2),(-0.1200024,2.399999999958E-06),
  .PIECEWISE_BEZIER_KNOTS.);
#12021 = CARTESIAN_POINT('',(3.016688431004,-0.1200024));
#12022 = CARTESIAN_POINT('',(3.016688431004,2.399999999958E-06));
#12023 = ( GEOMETRIC_REPRESENTATION_CONTEXT(2) 
PARAMETRIC_REPRESENTATION_CONTEXT() REPRESENTATION_CONTEXT('2D SPACE',''
  ) );
#12024 = PCURVE('',#11592,#12025);
#12025 = DEFINITIONAL_REPRESENTATION('',(#12026),#12029);
#12026 = B_SPLINE_CURVE_WITH_KNOTS('',1,(#12027,#12028),.UNSPECIFIED.,
  .F.,.F.,(2,2),(-0.12,0.),.PIECEWISE_BEZIER_KNOTS.);
#12027 = CARTESIAN_POINT('',(-7.436425391004,-0.12));
#12028 = CARTESIAN_POINT('',(-7.436425391004,0.));
#12029 = ( GEOMETRIC_REPRESENTATION_CONTEXT(2) 
PARAMETRIC_REPRESENTATION_CONTEXT() REPRESENTATION_CONTEXT('2D SPACE',''
  ) );
#12030 = ADVANCED_FACE('',(#12031),#11592,.T.);
#12031 = FACE_BOUND('',#12032,.F.);
#12032 = EDGE_LOOP('',(#12033,#12034,#12035,#12036));
#12033 = ORIENTED_EDGE('',*,*,#11571,.T.);
#12034 = ORIENTED_EDGE('',*,*,#12012,.T.);
#12035 = ORIENTED_EDGE('',*,*,#11906,.T.);
#12036 = ORIENTED_EDGE('',*,*,#11882,.F.);
#12037 = ADVANCED_FACE('',(#12038),#11680,.T.);
#12038 = FACE_BOUND('',#12039,.T.);
#12039 = EDGE_LOOP('',(#12040,#12041,#12060,#12061));
#12040 = ORIENTED_EDGE('',*,*,#11955,.F.);
#12041 = ORIENTED_EDGE('',*,*,#12042,.F.);
#12042 = EDGE_CURVE('',#11663,#11956,#12043,.T.);
#12043 = SURFACE_CURVE('',#12044,(#12048,#12054),.PCURVE_S1.);
#12044 = LINE('',#12045,#12046);
#12045 = CARTESIAN_POINT('',(0.149666295471,-0.9,-0.6));
#12046 = VECTOR('',#12047,1.);
#12047 = DIRECTION('',(-0.,-0.,-1.));
#12048 = PCURVE('',#11680,#12049);
#12049 = DEFINITIONAL_REPRESENTATION('',(#12050),#12053);
#12050 = B_SPLINE_CURVE_WITH_KNOTS('',1,(#12051,#12052),.UNSPECIFIED.,
  .F.,.F.,(2,2),(-0.1200024,2.399999999958E-06),
  .PIECEWISE_BEZIER_KNOTS.);
#12051 = CARTESIAN_POINT('',(2.633370452904E-02,-0.1200024));
#12052 = CARTESIAN_POINT('',(2.633370452904E-02,2.399999999958E-06));
#12053 = ( GEOMETRIC_REPRESENTATION_CONTEXT(2) 
PARAMETRIC_REPRESENTATION_CONTEXT() REPRESENTATION_CONTEXT('2D SPACE',''
  ) );
#12054 = PCURVE('',#11707,#12055);
#12055 = DEFINITIONAL_REPRESENTATION('',(#12056),#12059);
#12056 = B_SPLINE_CURVE_WITH_KNOTS('',1,(#12057,#12058),.UNSPECIFIED.,
  .F.,.F.,(2,2),(-0.12,0.),.PIECEWISE_BEZIER_KNOTS.);
#12057 = CARTESIAN_POINT('',(-6.872216277396,-0.12));
#12058 = CARTESIAN_POINT('',(-6.872216277396,0.));
#12059 = ( GEOMETRIC_REPRESENTATION_CONTEXT(2) 
PARAMETRIC_REPRESENTATION_CONTEXT() REPRESENTATION_CONTEXT('2D SPACE',''
  ) );
#12060 = ORIENTED_EDGE('',*,*,#11662,.T.);
#12061 = ORIENTED_EDGE('',*,*,#12062,.T.);
#12062 = EDGE_CURVE('',#11665,#11958,#12063,.T.);
#12063 = SURFACE_CURVE('',#12064,(#12068,#12074),.PCURVE_S1.);
#12064 = LINE('',#12065,#12066);
#12065 = CARTESIAN_POINT('',(-0.149666295471,-0.9,-0.6));
#12066 = VECTOR('',#12067,1.);
#12067 = DIRECTION('',(-0.,-0.,-1.));
#12068 = PCURVE('',#11680,#12069);
#12069 = DEFINITIONAL_REPRESENTATION('',(#12070),#12073);
#12070 = B_SPLINE_CURVE_WITH_KNOTS('',1,(#12071,#12072),.UNSPECIFIED.,
  .F.,.F.,(2,2),(-0.1200024,2.399999999958E-06),
  .PIECEWISE_BEZIER_KNOTS.);
#12071 = CARTESIAN_POINT('',(0.325666295471,-0.1200024));
#12072 = CARTESIAN_POINT('',(0.325666295471,2.399999999958E-06));
#12073 = ( GEOMETRIC_REPRESENTATION_CONTEXT(2) 
PARAMETRIC_REPRESENTATION_CONTEXT() REPRESENTATION_CONTEXT('2D SPACE',''
  ) );
#12074 = PCURVE('',#11707,#12075);
#12075 = DEFINITIONAL_REPRESENTATION('',(#12076),#12079);
#12076 = B_SPLINE_CURVE_WITH_KNOTS('',1,(#12077,#12078),.UNSPECIFIED.,
  .F.,.F.,(2,2),(-0.12,0.),.PIECEWISE_BEZIER_KNOTS.);
#12077 = CARTESIAN_POINT('',(-2.552561683374,-0.12));
#12078 = CARTESIAN_POINT('',(-2.552561683374,0.));
#12079 = ( GEOMETRIC_REPRESENTATION_CONTEXT(2) 
PARAMETRIC_REPRESENTATION_CONTEXT() REPRESENTATION_CONTEXT('2D SPACE',''
  ) );
#12080 = ADVANCED_FACE('',(#12081),#11707,.F.);
#12081 = FACE_BOUND('',#12082,.T.);
#12082 = EDGE_LOOP('',(#12083,#12084,#12085,#12086));
#12083 = ORIENTED_EDGE('',*,*,#11692,.F.);
#12084 = ORIENTED_EDGE('',*,*,#12042,.T.);
#12085 = ORIENTED_EDGE('',*,*,#11980,.F.);
#12086 = ORIENTED_EDGE('',*,*,#12062,.F.);
#12087 = ( GEOMETRIC_REPRESENTATION_CONTEXT(3) 
GLOBAL_UNCERTAINTY_ASSIGNED_CONTEXT((#12091)) 
GLOBAL_UNIT_ASSIGNED_CONTEXT((#12088,#12089,#12090)) 
REPRESENTATION_CONTEXT('Context #1',
  '3D Context with UNIT and UNCERTAINTY') );
#12088 = ( LENGTH_UNIT() NAMED_UNIT(*) SI_UNIT(.MILLI.,.METRE.) );
#12089 = ( NAMED_UNIT(*) PLANE_ANGLE_UNIT() SI_UNIT($,.RADIAN.) );
#12090 = ( NAMED_UNIT(*) SI_UNIT($,.STERADIAN.) SOLID_ANGLE_UNIT() );
#12091 = UNCERTAINTY_MEASURE_WITH_UNIT(LENGTH_MEASURE(1.E-07),#12088,
  'distance_accuracy_value','confusion accuracy');
#12092 = CONTEXT_DEPENDENT_SHAPE_REPRESENTATION(#12093,#12095);
#12093 = ( REPRESENTATION_RELATIONSHIP('','',#11184,#10) 
REPRESENTATION_RELATIONSHIP_WITH_TRANSFORMATION(#12094) 
SHAPE_REPRESENTATION_RELATIONSHIP() );
#12094 = ITEM_DEFINED_TRANSFORMATION('','',#11,#47);
#12095 = PRODUCT_DEFINITION_SHAPE('Placement','Placement of an item',
  #12096);
#12096 = NEXT_ASSEMBLY_USAGE_OCCURRENCE('9','seconds_hand','',#5,#11179,
  $);
#12097 = PRODUCT_RELATED_PRODUCT_CATEGORY('part',$,(#11181));
#12098 = SHAPE_DEFINITION_REPRESENTATION(#12099,#12105);
#12099 = PRODUCT_DEFINITION_SHAPE('','',#12100);
#12100 = PRODUCT_DEFINITION('design','',#12101,#12104);
#12101 = PRODUCT_DEFINITION_FORMATION('','',#12102);
#12102 = PRODUCT('cap','cap','',(#12103));
#12103 = PRODUCT_CONTEXT('',#2,'mechanical');
#12104 = PRODUCT_DEFINITION_CONTEXT('part definition',#2,'design');
#12105 = ADVANCED_BREP_SHAPE_REPRESENTATION('',(#11,#12106),#12174);
#12106 = MANIFOLD_SOLID_BREP('',#12107);
#12107 = CLOSED_SHELL('',(#12108,#12145));
#12108 = ADVANCED_FACE('',(#12109),#12122,.F.);
#12109 = FACE_BOUND('',#12110,.T.);
#12110 = EDGE_LOOP('',(#12111));
#12111 = ORIENTED_EDGE('',*,*,#12112,.F.);
#12112 = EDGE_CURVE('',#12113,#12113,#12115,.T.);
#12113 = VERTEX_POINT('',#12114);
#12114 = CARTESIAN_POINT('',(0.93802912695,0.,1.71));
#12115 = SURFACE_CURVE('',#12116,(#12121,#12133),.PCURVE_S1.);
#12116 = CIRCLE('',#12117,0.93802912695);
#12117 = AXIS2_PLACEMENT_3D('',#12118,#12119,#12120);
#12118 = CARTESIAN_POINT('',(0.,0.,1.71));
#12119 = DIRECTION('',(0.,0.,1.));
#12120 = DIRECTION('',(1.,0.,-0.));
#12121 = PCURVE('',#12122,#12127);
#12122 = PLANE('',#12123);
#12123 = AXIS2_PLACEMENT_3D('',#12124,#12125,#12126);
#12124 = CARTESIAN_POINT('',(0.,0.,1.71));
#12125 = DIRECTION('',(0.,0.,1.));
#12126 = DIRECTION('',(1.,0.,-0.));
#12127 = DEFINITIONAL_REPRESENTATION('',(#12128),#12132);
#12128 = CIRCLE('',#12129,0.93802912695);
#12129 = AXIS2_PLACEMENT_2D('',#12130,#12131);
#12130 = CARTESIAN_POINT('',(0.,0.));
#12131 = DIRECTION('',(1.,-0.));
#12132 = ( GEOMETRIC_REPRESENTATION_CONTEXT(2) 
PARAMETRIC_REPRESENTATION_CONTEXT() REPRESENTATION_CONTEXT('2D SPACE',''
  ) );
#12133 = PCURVE('',#12134,#12139);
#12134 = SPHERICAL_SURFACE('',#12135,3.212495153598);
#12135 = AXIS2_PLACEMENT_3D('',#12136,#12137,#12138);
#12136 = CARTESIAN_POINT('',(-8.854028621386E-15,-0.,-1.362495153598));
#12137 = DIRECTION('',(0.,0.,1.));
#12138 = DIRECTION('',(1.,0.,-0.));
#12139 = DEFINITIONAL_REPRESENTATION('',(#12140),#12144);
#12140 = LINE('',#12141,#12142);
#12141 = CARTESIAN_POINT('',(0.,1.274485352375));
#12142 = VECTOR('',#12143,1.);
#12143 = DIRECTION('',(1.,0.));
#12144 = ( GEOMETRIC_REPRESENTATION_CONTEXT(2) 
PARAMETRIC_REPRESENTATION_CONTEXT() REPRESENTATION_CONTEXT('2D SPACE',''
  ) );
#12145 = ADVANCED_FACE('',(#12146),#12134,.T.);
#12146 = FACE_BOUND('',#12147,.T.);
#12147 = EDGE_LOOP('',(#12148,#12149,#12173));
#12148 = ORIENTED_EDGE('',*,*,#12112,.T.);
#12149 = ORIENTED_EDGE('',*,*,#12150,.T.);
#12150 = EDGE_CURVE('',#12113,#12151,#12153,.T.);
#12151 = VERTEX_POINT('',#12152);
#12152 = CARTESIAN_POINT('',(-9.71445146547E-17,0.,1.85));
#12153 = SEAM_CURVE('',#12154,(#12159,#12166),.PCURVE_S1.);
#12154 = CIRCLE('',#12155,3.212495153598);
#12155 = AXIS2_PLACEMENT_3D('',#12156,#12157,#12158);
#12156 = CARTESIAN_POINT('',(-8.854028621386E-15,-0.,-1.362495153598));
#12157 = DIRECTION('',(0.,-1.,0.));
#12158 = DIRECTION('',(0.291993943057,0.,0.956420167718));
#12159 = PCURVE('',#12134,#12160);
#12160 = DEFINITIONAL_REPRESENTATION('',(#12161),#12165);
#12161 = LINE('',#12162,#12163);
#12162 = CARTESIAN_POINT('',(0.,1.274485352375));
#12163 = VECTOR('',#12164,1.);
#12164 = DIRECTION('',(0.,1.));
#12165 = ( GEOMETRIC_REPRESENTATION_CONTEXT(2) 
PARAMETRIC_REPRESENTATION_CONTEXT() REPRESENTATION_CONTEXT('2D SPACE',''
  ) );
#12166 = PCURVE('',#12134,#12167);
#12167 = DEFINITIONAL_REPRESENTATION('',(#12168),#12172);
#12168 = LINE('',#12169,#12170);
#12169 = CARTESIAN_POINT('',(6.28318530718,1.274485352375));
#12170 = VECTOR('',#12171,1.);
#12171 = DIRECTION('',(0.,1.));
#12172 = ( GEOMETRIC_REPRESENTATION_CONTEXT(2) 
PARAMETRIC_REPRESENTATION_CONTEXT() REPRESENTATION_CONTEXT('2D SPACE',''
  ) );
#12173 = ORIENTED_EDGE('',*,*,#12150,.F.);
#12174 = ( GEOMETRIC_REPRESENTATION_CONTEXT(3) 
GLOBAL_UNCERTAINTY_ASSIGNED_CONTEXT((#12178)) 
GLOBAL_UNIT_ASSIGNED_CONTEXT((#12175,#12176,#12177)) 
REPRESENTATION_CONTEXT('Context #1',
  '3D Context with UNIT and UNCERTAINTY') );
#12175 = ( LENGTH_UNIT() NAMED_UNIT(*) SI_UNIT(.MILLI.,.METRE.) );
#12176 = ( NAMED_UNIT(*) PLANE_ANGLE_UNIT() SI_UNIT($,.RADIAN.) );
#12177 = ( NAMED_UNIT(*) SI_UNIT($,.STERADIAN.) SOLID_ANGLE_UNIT() );
#12178 = UNCERTAINTY_MEASURE_WITH_UNIT(LENGTH_MEASURE(1.E-07),#12175,
  'distance_accuracy_value','confusion accuracy');
#12179 = CONTEXT_DEPENDENT_SHAPE_REPRESENTATION(#12180,#12182);
#12180 = ( REPRESENTATION_RELATIONSHIP('','',#12105,#10) 
REPRESENTATION_RELATIONSHIP_WITH_TRANSFORMATION(#12181) 
SHAPE_REPRESENTATION_RELATIONSHIP() );
#12181 = ITEM_DEFINED_TRANSFORMATION('','',#11,#51);
#12182 = PRODUCT_DEFINITION_SHAPE('Placement','Placement of an item',
  #12183);
#12183 = NEXT_ASSEMBLY_USAGE_OCCURRENCE('10','cap','',#5,#12100,$);
#12184 = PRODUCT_RELATED_PRODUCT_CATEGORY('part',$,(#12102));
#12185 = SHAPE_DEFINITION_REPRESENTATION(#12186,#12192);
#12186 = PRODUCT_DEFINITION_SHAPE('','',#12187);
#12187 = PRODUCT_DEFINITION('design','',#12188,#12191);
#12188 = PRODUCT_DEFINITION_FORMATION('','',#12189);
#12189 = PRODUCT('crown','crown','',(#12190));
#12190 = PRODUCT_CONTEXT('',#2,'mechanical');
#12191 = PRODUCT_DEFINITION_CONTEXT('part definition',#2,'design');
#12192 = ADVANCED_BREP_SHAPE_REPRESENTATION('',(#11,#12193),#16853);
#12193 = MANIFOLD_SOLID_BREP('',#12194);
#12194 = CLOSED_SHELL('',(#12195,#12283,#13217,#13221,#13400,#13448,
    #13496,#13630,#13764,#13812,#13860,#13994,#14128,#14176,#14224,
    #14388,#14522,#14570,#14618,#14797,#14931,#14979,#15027,#15240,
    #15458,#15506,#15554,#15772,#15990,#16038,#16086,#16306,#16470,
    #16518,#16566,#16764,#16849));
#12195 = ADVANCED_FACE('',(#12196),#12209,.T.);
#12196 = FACE_BOUND('',#12197,.T.);
#12197 = EDGE_LOOP('',(#12198,#12232,#12255,#12282));
#12198 = ORIENTED_EDGE('',*,*,#12199,.F.);
#12199 = EDGE_CURVE('',#12200,#12200,#12202,.T.);
#12200 = VERTEX_POINT('',#12201);
#12201 = CARTESIAN_POINT('',(0.45,-1.102182119233E-16,3.4));
#12202 = SURFACE_CURVE('',#12203,(#12208,#12220),.PCURVE_S1.);
#12203 = CIRCLE('',#12204,0.45);
#12204 = AXIS2_PLACEMENT_3D('',#12205,#12206,#12207);
#12205 = CARTESIAN_POINT('',(0.,0.,3.4));
#12206 = DIRECTION('',(0.,0.,1.));
#12207 = DIRECTION('',(1.,0.,-0.));
#12208 = PCURVE('',#12209,#12214);
#12209 = CYLINDRICAL_SURFACE('',#12210,0.45);
#12210 = AXIS2_PLACEMENT_3D('',#12211,#12212,#12213);
#12211 = CARTESIAN_POINT('',(0.,0.,2.4));
#12212 = DIRECTION('',(0.,0.,1.));
#12213 = DIRECTION('',(1.,0.,-0.));
#12214 = DEFINITIONAL_REPRESENTATION('',(#12215),#12219);
#12215 = LINE('',#12216,#12217);
#12216 = CARTESIAN_POINT('',(0.,1.));
#12217 = VECTOR('',#12218,1.);
#12218 = DIRECTION('',(1.,0.));
#12219 = ( GEOMETRIC_REPRESENTATION_CONTEXT(2) 
PARAMETRIC_REPRESENTATION_CONTEXT() REPRESENTATION_CONTEXT('2D SPACE',''
  ) );
#12220 = PCURVE('',#12221,#12226);
#12221 = PLANE('',#12222);
#12222 = AXIS2_PLACEMENT_3D('',#12223,#12224,#12225);
#12223 = CARTESIAN_POINT('',(0.,0.,3.4));
#12224 = DIRECTION('',(0.,0.,1.));
#12225 = DIRECTION('',(1.,0.,-0.));
#12226 = DEFINITIONAL_REPRESENTATION('',(#12227),#12231);
#12227 = CIRCLE('',#12228,0.45);
#12228 = AXIS2_PLACEMENT_2D('',#12229,#12230);
#12229 = CARTESIAN_POINT('',(0.,0.));
#12230 = DIRECTION('',(1.,0.));
#12231 = ( GEOMETRIC_REPRESENTATION_CONTEXT(2) 
PARAMETRIC_REPRESENTATION_CONTEXT() REPRESENTATION_CONTEXT('2D SPACE',''
  ) );
#12232 = ORIENTED_EDGE('',*,*,#12233,.F.);
#12233 = EDGE_CURVE('',#12234,#12200,#12236,.T.);
#12234 = VERTEX_POINT('',#12235);
#12235 = CARTESIAN_POINT('',(0.45,-1.102182119233E-16,2.4));
#12236 = SEAM_CURVE('',#12237,(#12241,#12248),.PCURVE_S1.);
#12237 = LINE('',#12238,#12239);
#12238 = CARTESIAN_POINT('',(0.45,-1.102182119233E-16,2.4));
#12239 = VECTOR('',#12240,1.);
#12240 = DIRECTION('',(0.,0.,1.));
#12241 = PCURVE('',#12209,#12242);
#12242 = DEFINITIONAL_REPRESENTATION('',(#12243),#12247);
#12243 = LINE('',#12244,#12245);
#12244 = CARTESIAN_POINT('',(6.28318530718,-0.));
#12245 = VECTOR('',#12246,1.);
#12246 = DIRECTION('',(0.,1.));
#12247 = ( GEOMETRIC_REPRESENTATION_CONTEXT(2) 
PARAMETRIC_REPRESENTATION_CONTEXT() REPRESENTATION_CONTEXT('2D SPACE',''
  ) );
#12248 = PCURVE('',#12209,#12249);
#12249 = DEFINITIONAL_REPRESENTATION('',(#12250),#12254);
#12250 = LINE('',#12251,#12252);
#12251 = CARTESIAN_POINT('',(0.,-0.));
#12252 = VECTOR('',#12253,1.);
#12253 = DIRECTION('',(0.,1.));
#12254 = ( GEOMETRIC_REPRESENTATION_CONTEXT(2) 
PARAMETRIC_REPRESENTATION_CONTEXT() REPRESENTATION_CONTEXT('2D SPACE',''
  ) );
#12255 = ORIENTED_EDGE('',*,*,#12256,.T.);
#12256 = EDGE_CURVE('',#12234,#12234,#12257,.T.);
#12257 = SURFACE_CURVE('',#12258,(#12263,#12270),.PCURVE_S1.);
#12258 = CIRCLE('',#12259,0.45);
#12259 = AXIS2_PLACEMENT_3D('',#12260,#12261,#12262);
#12260 = CARTESIAN_POINT('',(0.,0.,2.4));
#12261 = DIRECTION('',(0.,0.,1.));
#12262 = DIRECTION('',(1.,0.,-0.));
#12263 = PCURVE('',#12209,#12264);
#12264 = DEFINITIONAL_REPRESENTATION('',(#12265),#12269);
#12265 = LINE('',#12266,#12267);
#12266 = CARTESIAN_POINT('',(0.,0.));
#12267 = VECTOR('',#12268,1.);
#12268 = DIRECTION('',(1.,0.));
#12269 = ( GEOMETRIC_REPRESENTATION_CONTEXT(2) 
PARAMETRIC_REPRESENTATION_CONTEXT() REPRESENTATION_CONTEXT('2D SPACE',''
  ) );
#12270 = PCURVE('',#12271,#12276);
#12271 = PLANE('',#12272);
#12272 = AXIS2_PLACEMENT_3D('',#12273,#12274,#12275);
#12273 = CARTESIAN_POINT('',(0.,0.,2.4));
#12274 = DIRECTION('',(0.,0.,1.));
#12275 = DIRECTION('',(1.,0.,-0.));
#12276 = DEFINITIONAL_REPRESENTATION('',(#12277),#12281);
#12277 = CIRCLE('',#12278,0.45);
#12278 = AXIS2_PLACEMENT_2D('',#12279,#12280);
#12279 = CARTESIAN_POINT('',(0.,0.));
#12280 = DIRECTION('',(1.,0.));
#12281 = ( GEOMETRIC_REPRESENTATION_CONTEXT(2) 
PARAMETRIC_REPRESENTATION_CONTEXT() REPRESENTATION_CONTEXT('2D SPACE',''
  ) );
#12282 = ORIENTED_EDGE('',*,*,#12233,.T.);
#12283 = ADVANCED_FACE('',(#12284,#13214),#12221,.F.);
#12284 = FACE_BOUND('',#12285,.F.);
#12285 = EDGE_LOOP('',(#12286,#12317,#12346,#12375,#12404,#12433,#12462,
    #12491,#12520,#12549,#12578,#12607,#12636,#12665,#12694,#12723,
    #12752,#12781,#12810,#12839,#12868,#12897,#12926,#12955,#12984,
    #13013,#13042,#13071,#13100,#13129,#13158,#13187));
#12286 = ORIENTED_EDGE('',*,*,#12287,.F.);
#12287 = EDGE_CURVE('',#12288,#12290,#12292,.T.);
#12288 = VERTEX_POINT('',#12289);
#12289 = CARTESIAN_POINT('',(1.635333333333,0.219510566691,3.4));
#12290 = VERTEX_POINT('',#12291);
#12291 = CARTESIAN_POINT('',(1.635333333333,-0.219510566691,3.4));
#12292 = SURFACE_CURVE('',#12293,(#12298,#12305),.PCURVE_S1.);
#12293 = CIRCLE('',#12294,0.22);
#12294 = AXIS2_PLACEMENT_3D('',#12295,#12296,#12297);
#12295 = CARTESIAN_POINT('',(1.65,0.,3.4));
#12296 = DIRECTION('',(0.,0.,1.));
#12297 = DIRECTION('',(1.,0.,-0.));
#12298 = PCURVE('',#12221,#12299);
#12299 = DEFINITIONAL_REPRESENTATION('',(#12300),#12304);
#12300 = CIRCLE('',#12301,0.22);
#12301 = AXIS2_PLACEMENT_2D('',#12302,#12303);
#12302 = CARTESIAN_POINT('',(1.65,0.));
#12303 = DIRECTION('',(1.,0.));
#12304 = ( GEOMETRIC_REPRESENTATION_CONTEXT(2) 
PARAMETRIC_REPRESENTATION_CONTEXT() REPRESENTATION_CONTEXT('2D SPACE',''
  ) );
#12305 = PCURVE('',#12306,#12311);
#12306 = CYLINDRICAL_SURFACE('',#12307,0.22);
#12307 = AXIS2_PLACEMENT_3D('',#12308,#12309,#12310);
#12308 = CARTESIAN_POINT('',(1.65,0.,3.3));
#12309 = DIRECTION('',(0.,0.,1.));
#12310 = DIRECTION('',(1.,0.,-0.));
#12311 = DEFINITIONAL_REPRESENTATION('',(#12312),#12316);
#12312 = LINE('',#12313,#12314);
#12313 = CARTESIAN_POINT('',(0.,0.1));
#12314 = VECTOR('',#12315,1.);
#12315 = DIRECTION('',(1.,0.));
#12316 = ( GEOMETRIC_REPRESENTATION_CONTEXT(2) 
PARAMETRIC_REPRESENTATION_CONTEXT() REPRESENTATION_CONTEXT('2D SPACE',''
  ) );
#12317 = ORIENTED_EDGE('',*,*,#12318,.T.);
#12318 = EDGE_CURVE('',#12288,#12319,#12321,.T.);
#12319 = VERTEX_POINT('',#12320);
#12320 = CARTESIAN_POINT('',(1.594854052602,0.423013653326,3.4));
#12321 = SURFACE_CURVE('',#12322,(#12327,#12334),.PCURVE_S1.);
#12322 = CIRCLE('',#12323,1.65);
#12323 = AXIS2_PLACEMENT_3D('',#12324,#12325,#12326);
#12324 = CARTESIAN_POINT('',(0.,0.,3.4));
#12325 = DIRECTION('',(0.,0.,1.));
#12326 = DIRECTION('',(1.,0.,-0.));
#12327 = PCURVE('',#12221,#12328);
#12328 = DEFINITIONAL_REPRESENTATION('',(#12329),#12333);
#12329 = CIRCLE('',#12330,1.65);
#12330 = AXIS2_PLACEMENT_2D('',#12331,#12332);
#12331 = CARTESIAN_POINT('',(0.,0.));
#12332 = DIRECTION('',(1.,0.));
#12333 = ( GEOMETRIC_REPRESENTATION_CONTEXT(2) 
PARAMETRIC_REPRESENTATION_CONTEXT() REPRESENTATION_CONTEXT('2D SPACE',''
  ) );
#12334 = PCURVE('',#12335,#12340);
#12335 = CYLINDRICAL_SURFACE('',#12336,1.65);
#12336 = AXIS2_PLACEMENT_3D('',#12337,#12338,#12339);
#12337 = CARTESIAN_POINT('',(0.,0.,3.4));
#12338 = DIRECTION('',(0.,0.,1.));
#12339 = DIRECTION('',(1.,0.,-0.));
#12340 = DEFINITIONAL_REPRESENTATION('',(#12341),#12345);
#12341 = LINE('',#12342,#12343);
#12342 = CARTESIAN_POINT('',(0.,0.));
#12343 = VECTOR('',#12344,1.);
#12344 = DIRECTION('',(1.,0.));
#12345 = ( GEOMETRIC_REPRESENTATION_CONTEXT(2) 
PARAMETRIC_REPRESENTATION_CONTEXT() REPRESENTATION_CONTEXT('2D SPACE',''
  ) );
#12346 = ORIENTED_EDGE('',*,*,#12347,.F.);
#12347 = EDGE_CURVE('',#12348,#12319,#12350,.T.);
#12348 = VERTEX_POINT('',#12349);
#12349 = CARTESIAN_POINT('',(1.426847938399,0.828616292797,3.4));
#12350 = SURFACE_CURVE('',#12351,(#12356,#12363),.PCURVE_S1.);
#12351 = CIRCLE('',#12352,0.22);
#12352 = AXIS2_PLACEMENT_3D('',#12353,#12354,#12355);
#12353 = CARTESIAN_POINT('',(1.524401228644,0.631427663402,3.4));
#12354 = DIRECTION('',(0.,0.,1.));
#12355 = DIRECTION('',(1.,0.,-0.));
#12356 = PCURVE('',#12221,#12357);
#12357 = DEFINITIONAL_REPRESENTATION('',(#12358),#12362);
#12358 = CIRCLE('',#12359,0.22);
#12359 = AXIS2_PLACEMENT_2D('',#12360,#12361);
#12360 = CARTESIAN_POINT('',(1.524401228644,0.631427663402));
#12361 = DIRECTION('',(1.,0.));
#12362 = ( GEOMETRIC_REPRESENTATION_CONTEXT(2) 
PARAMETRIC_REPRESENTATION_CONTEXT() REPRESENTATION_CONTEXT('2D SPACE',''
  ) );
#12363 = PCURVE('',#12364,#12369);
#12364 = CYLINDRICAL_SURFACE('',#12365,0.22);
#12365 = AXIS2_PLACEMENT_3D('',#12366,#12367,#12368);
#12366 = CARTESIAN_POINT('',(1.524401228644,0.631427663402,3.3));
#12367 = DIRECTION('',(0.,0.,1.));
#12368 = DIRECTION('',(1.,0.,-0.));
#12369 = DEFINITIONAL_REPRESENTATION('',(#12370),#12374);
#12370 = LINE('',#12371,#12372);
#12371 = CARTESIAN_POINT('',(0.,0.1));
#12372 = VECTOR('',#12373,1.);
#12373 = DIRECTION('',(1.,0.));
#12374 = ( GEOMETRIC_REPRESENTATION_CONTEXT(2) 
PARAMETRIC_REPRESENTATION_CONTEXT() REPRESENTATION_CONTEXT('2D SPACE',''
  ) );
#12375 = ORIENTED_EDGE('',*,*,#12376,.T.);
#12376 = EDGE_CURVE('',#12348,#12377,#12379,.T.);
#12377 = VERTEX_POINT('',#12378);
#12378 = CARTESIAN_POINT('',(1.31157269975,1.001137879251,3.4));
#12379 = SURFACE_CURVE('',#12380,(#12385,#12392),.PCURVE_S1.);
#12380 = CIRCLE('',#12381,1.65);
#12381 = AXIS2_PLACEMENT_3D('',#12382,#12383,#12384);
#12382 = CARTESIAN_POINT('',(0.,0.,3.4));
#12383 = DIRECTION('',(0.,0.,1.));
#12384 = DIRECTION('',(1.,0.,-0.));
#12385 = PCURVE('',#12221,#12386);
#12386 = DEFINITIONAL_REPRESENTATION('',(#12387),#12391);
#12387 = CIRCLE('',#12388,1.65);
#12388 = AXIS2_PLACEMENT_2D('',#12389,#12390);
#12389 = CARTESIAN_POINT('',(0.,0.));
#12390 = DIRECTION('',(1.,0.));
#12391 = ( GEOMETRIC_REPRESENTATION_CONTEXT(2) 
PARAMETRIC_REPRESENTATION_CONTEXT() REPRESENTATION_CONTEXT('2D SPACE',''
  ) );
#12392 = PCURVE('',#12393,#12398);
#12393 = CYLINDRICAL_SURFACE('',#12394,1.65);
#12394 = AXIS2_PLACEMENT_3D('',#12395,#12396,#12397);
#12395 = CARTESIAN_POINT('',(0.,0.,3.4));
#12396 = DIRECTION('',(0.,0.,1.));
#12397 = DIRECTION('',(1.,0.,-0.));
#12398 = DEFINITIONAL_REPRESENTATION('',(#12399),#12403);
#12399 = LINE('',#12400,#12401);
#12400 = CARTESIAN_POINT('',(0.,0.));
#12401 = VECTOR('',#12402,1.);
#12402 = DIRECTION('',(1.,0.));
#12403 = ( GEOMETRIC_REPRESENTATION_CONTEXT(2) 
PARAMETRIC_REPRESENTATION_CONTEXT() REPRESENTATION_CONTEXT('2D SPACE',''
  ) );
#12404 = ORIENTED_EDGE('',*,*,#12405,.F.);
#12405 = EDGE_CURVE('',#12406,#12377,#12408,.T.);
#12406 = VERTEX_POINT('',#12407);
#12407 = CARTESIAN_POINT('',(1.001137879251,1.31157269975,3.4));
#12408 = SURFACE_CURVE('',#12409,(#12414,#12421),.PCURVE_S1.);
#12409 = CIRCLE('',#12410,0.22);
#12410 = AXIS2_PLACEMENT_3D('',#12411,#12412,#12413);
#12411 = CARTESIAN_POINT('',(1.166726188958,1.166726188958,3.4));
#12412 = DIRECTION('',(0.,0.,1.));
#12413 = DIRECTION('',(1.,0.,-0.));
#12414 = PCURVE('',#12221,#12415);
#12415 = DEFINITIONAL_REPRESENTATION('',(#12416),#12420);
#12416 = CIRCLE('',#12417,0.22);
#12417 = AXIS2_PLACEMENT_2D('',#12418,#12419);
#12418 = CARTESIAN_POINT('',(1.166726188958,1.166726188958));
#12419 = DIRECTION('',(1.,0.));
#12420 = ( GEOMETRIC_REPRESENTATION_CONTEXT(2) 
PARAMETRIC_REPRESENTATION_CONTEXT() REPRESENTATION_CONTEXT('2D SPACE',''
  ) );
#12421 = PCURVE('',#12422,#12427);
#12422 = CYLINDRICAL_SURFACE('',#12423,0.22);
#12423 = AXIS2_PLACEMENT_3D('',#12424,#12425,#12426);
#12424 = CARTESIAN_POINT('',(1.166726188958,1.166726188958,3.3));
#12425 = DIRECTION('',(0.,0.,1.));
#12426 = DIRECTION('',(1.,0.,-0.));
#12427 = DEFINITIONAL_REPRESENTATION('',(#12428),#12432);
#12428 = LINE('',#12429,#12430);
#12429 = CARTESIAN_POINT('',(0.,0.1));
#12430 = VECTOR('',#12431,1.);
#12431 = DIRECTION('',(1.,0.));
#12432 = ( GEOMETRIC_REPRESENTATION_CONTEXT(2) 
PARAMETRIC_REPRESENTATION_CONTEXT() REPRESENTATION_CONTEXT('2D SPACE',''
  ) );
#12433 = ORIENTED_EDGE('',*,*,#12434,.T.);
#12434 = EDGE_CURVE('',#12406,#12435,#12437,.T.);
#12435 = VERTEX_POINT('',#12436);
#12436 = CARTESIAN_POINT('',(0.828616292797,1.426847938399,3.4));
#12437 = SURFACE_CURVE('',#12438,(#12443,#12450),.PCURVE_S1.);
#12438 = CIRCLE('',#12439,1.65);
#12439 = AXIS2_PLACEMENT_3D('',#12440,#12441,#12442);
#12440 = CARTESIAN_POINT('',(0.,0.,3.4));
#12441 = DIRECTION('',(0.,0.,1.));
#12442 = DIRECTION('',(1.,0.,-0.));
#12443 = PCURVE('',#12221,#12444);
#12444 = DEFINITIONAL_REPRESENTATION('',(#12445),#12449);
#12445 = CIRCLE('',#12446,1.65);
#12446 = AXIS2_PLACEMENT_2D('',#12447,#12448);
#12447 = CARTESIAN_POINT('',(0.,0.));
#12448 = DIRECTION('',(1.,0.));
#12449 = ( GEOMETRIC_REPRESENTATION_CONTEXT(2) 
PARAMETRIC_REPRESENTATION_CONTEXT() REPRESENTATION_CONTEXT('2D SPACE',''
  ) );
#12450 = PCURVE('',#12451,#12456);
#12451 = CYLINDRICAL_SURFACE('',#12452,1.65);
#12452 = AXIS2_PLACEMENT_3D('',#12453,#12454,#12455);
#12453 = CARTESIAN_POINT('',(0.,0.,3.4));
#12454 = DIRECTION('',(0.,0.,1.));
#12455 = DIRECTION('',(1.,0.,-0.));
#12456 = DEFINITIONAL_REPRESENTATION('',(#12457),#12461);
#12457 = LINE('',#12458,#12459);
#12458 = CARTESIAN_POINT('',(0.,0.));
#12459 = VECTOR('',#12460,1.);
#12460 = DIRECTION('',(1.,0.));
#12461 = ( GEOMETRIC_REPRESENTATION_CONTEXT(2) 
PARAMETRIC_REPRESENTATION_CONTEXT() REPRESENTATION_CONTEXT('2D SPACE',''
  ) );
#12462 = ORIENTED_EDGE('',*,*,#12463,.F.);
#12463 = EDGE_CURVE('',#12464,#12435,#12466,.T.);
#12464 = VERTEX_POINT('',#12465);
#12465 = CARTESIAN_POINT('',(0.423013653326,1.594854052602,3.4));
#12466 = SURFACE_CURVE('',#12467,(#12472,#12479),.PCURVE_S1.);
#12467 = CIRCLE('',#12468,0.22);
#12468 = AXIS2_PLACEMENT_3D('',#12469,#12470,#12471);
#12469 = CARTESIAN_POINT('',(0.631427663402,1.524401228644,3.4));
#12470 = DIRECTION('',(0.,0.,1.));
#12471 = DIRECTION('',(1.,0.,-0.));
#12472 = PCURVE('',#12221,#12473);
#12473 = DEFINITIONAL_REPRESENTATION('',(#12474),#12478);
#12474 = CIRCLE('',#12475,0.22);
#12475 = AXIS2_PLACEMENT_2D('',#12476,#12477);
#12476 = CARTESIAN_POINT('',(0.631427663402,1.524401228644));
#12477 = DIRECTION('',(1.,0.));
#12478 = ( GEOMETRIC_REPRESENTATION_CONTEXT(2) 
PARAMETRIC_REPRESENTATION_CONTEXT() REPRESENTATION_CONTEXT('2D SPACE',''
  ) );
#12479 = PCURVE('',#12480,#12485);
#12480 = CYLINDRICAL_SURFACE('',#12481,0.22);
#12481 = AXIS2_PLACEMENT_3D('',#12482,#12483,#12484);
#12482 = CARTESIAN_POINT('',(0.631427663402,1.524401228644,3.3));
#12483 = DIRECTION('',(0.,0.,1.));
#12484 = DIRECTION('',(1.,0.,-0.));
#12485 = DEFINITIONAL_REPRESENTATION('',(#12486),#12490);
#12486 = LINE('',#12487,#12488);
#12487 = CARTESIAN_POINT('',(0.,0.1));
#12488 = VECTOR('',#12489,1.);
#12489 = DIRECTION('',(1.,0.));
#12490 = ( GEOMETRIC_REPRESENTATION_CONTEXT(2) 
PARAMETRIC_REPRESENTATION_CONTEXT() REPRESENTATION_CONTEXT('2D SPACE',''
  ) );
#12491 = ORIENTED_EDGE('',*,*,#12492,.T.);
#12492 = EDGE_CURVE('',#12464,#12493,#12495,.T.);
#12493 = VERTEX_POINT('',#12494);
#12494 = CARTESIAN_POINT('',(0.219510566691,1.635333333333,3.4));
#12495 = SURFACE_CURVE('',#12496,(#12501,#12508),.PCURVE_S1.);
#12496 = CIRCLE('',#12497,1.65);
#12497 = AXIS2_PLACEMENT_3D('',#12498,#12499,#12500);
#12498 = CARTESIAN_POINT('',(0.,0.,3.4));
#12499 = DIRECTION('',(0.,0.,1.));
#12500 = DIRECTION('',(1.,0.,-0.));
#12501 = PCURVE('',#12221,#12502);
#12502 = DEFINITIONAL_REPRESENTATION('',(#12503),#12507);
#12503 = CIRCLE('',#12504,1.65);
#12504 = AXIS2_PLACEMENT_2D('',#12505,#12506);
#12505 = CARTESIAN_POINT('',(0.,0.));
#12506 = DIRECTION('',(1.,0.));
#12507 = ( GEOMETRIC_REPRESENTATION_CONTEXT(2) 
PARAMETRIC_REPRESENTATION_CONTEXT() REPRESENTATION_CONTEXT('2D SPACE',''
  ) );
#12508 = PCURVE('',#12509,#12514);
#12509 = CYLINDRICAL_SURFACE('',#12510,1.65);
#12510 = AXIS2_PLACEMENT_3D('',#12511,#12512,#12513);
#12511 = CARTESIAN_POINT('',(0.,0.,3.4));
#12512 = DIRECTION('',(0.,0.,1.));
#12513 = DIRECTION('',(1.,0.,-0.));
#12514 = DEFINITIONAL_REPRESENTATION('',(#12515),#12519);
#12515 = LINE('',#12516,#12517);
#12516 = CARTESIAN_POINT('',(0.,0.));
#12517 = VECTOR('',#12518,1.);
#12518 = DIRECTION('',(1.,0.));
#12519 = ( GEOMETRIC_REPRESENTATION_CONTEXT(2) 
PARAMETRIC_REPRESENTATION_CONTEXT() REPRESENTATION_CONTEXT('2D SPACE',''
  ) );
#12520 = ORIENTED_EDGE('',*,*,#12521,.F.);
#12521 = EDGE_CURVE('',#12522,#12493,#12524,.T.);
#12522 = VERTEX_POINT('',#12523);
#12523 = CARTESIAN_POINT('',(-0.219510566691,1.635333333333,3.4));
#12524 = SURFACE_CURVE('',#12525,(#12530,#12537),.PCURVE_S1.);
#12525 = CIRCLE('',#12526,0.22);
#12526 = AXIS2_PLACEMENT_3D('',#12527,#12528,#12529);
#12527 = CARTESIAN_POINT('',(1.010333609297E-16,1.65,3.4));
#12528 = DIRECTION('',(0.,0.,1.));
#12529 = DIRECTION('',(1.,0.,-0.));
#12530 = PCURVE('',#12221,#12531);
#12531 = DEFINITIONAL_REPRESENTATION('',(#12532),#12536);
#12532 = CIRCLE('',#12533,0.22);
#12533 = AXIS2_PLACEMENT_2D('',#12534,#12535);
#12534 = CARTESIAN_POINT('',(1.010333609297E-16,1.65));
#12535 = DIRECTION('',(1.,0.));
#12536 = ( GEOMETRIC_REPRESENTATION_CONTEXT(2) 
PARAMETRIC_REPRESENTATION_CONTEXT() REPRESENTATION_CONTEXT('2D SPACE',''
  ) );
#12537 = PCURVE('',#12538,#12543);
#12538 = CYLINDRICAL_SURFACE('',#12539,0.22);
#12539 = AXIS2_PLACEMENT_3D('',#12540,#12541,#12542);
#12540 = CARTESIAN_POINT('',(1.010333609297E-16,1.65,3.3));
#12541 = DIRECTION('',(0.,0.,1.));
#12542 = DIRECTION('',(1.,0.,-0.));
#12543 = DEFINITIONAL_REPRESENTATION('',(#12544),#12548);
#12544 = LINE('',#12545,#12546);
#12545 = CARTESIAN_POINT('',(0.,0.1));
#12546 = VECTOR('',#12547,1.);
#12547 = DIRECTION('',(1.,0.));
#12548 = ( GEOMETRIC_REPRESENTATION_CONTEXT(2) 
PARAMETRIC_REPRESENTATION_CONTEXT() REPRESENTATION_CONTEXT('2D SPACE',''
  ) );
#12549 = ORIENTED_EDGE('',*,*,#12550,.T.);
#12550 = EDGE_CURVE('',#12522,#12551,#12553,.T.);
#12551 = VERTEX_POINT('',#12552);
#12552 = CARTESIAN_POINT('',(-0.423013653326,1.594854052602,3.4));
#12553 = SURFACE_CURVE('',#12554,(#12559,#12566),.PCURVE_S1.);
#12554 = CIRCLE('',#12555,1.65);
#12555 = AXIS2_PLACEMENT_3D('',#12556,#12557,#12558);
#12556 = CARTESIAN_POINT('',(0.,0.,3.4));
#12557 = DIRECTION('',(0.,0.,1.));
#12558 = DIRECTION('',(1.,0.,-0.));
#12559 = PCURVE('',#12221,#12560);
#12560 = DEFINITIONAL_REPRESENTATION('',(#12561),#12565);
#12561 = CIRCLE('',#12562,1.65);
#12562 = AXIS2_PLACEMENT_2D('',#12563,#12564);
#12563 = CARTESIAN_POINT('',(0.,0.));
#12564 = DIRECTION('',(1.,0.));
#12565 = ( GEOMETRIC_REPRESENTATION_CONTEXT(2) 
PARAMETRIC_REPRESENTATION_CONTEXT() REPRESENTATION_CONTEXT('2D SPACE',''
  ) );
#12566 = PCURVE('',#12567,#12572);
#12567 = CYLINDRICAL_SURFACE('',#12568,1.65);
#12568 = AXIS2_PLACEMENT_3D('',#12569,#12570,#12571);
#12569 = CARTESIAN_POINT('',(0.,0.,3.4));
#12570 = DIRECTION('',(0.,0.,1.));
#12571 = DIRECTION('',(1.,0.,-0.));
#12572 = DEFINITIONAL_REPRESENTATION('',(#12573),#12577);
#12573 = LINE('',#12574,#12575);
#12574 = CARTESIAN_POINT('',(0.,0.));
#12575 = VECTOR('',#12576,1.);
#12576 = DIRECTION('',(1.,0.));
#12577 = ( GEOMETRIC_REPRESENTATION_CONTEXT(2) 
PARAMETRIC_REPRESENTATION_CONTEXT() REPRESENTATION_CONTEXT('2D SPACE',''
  ) );
#12578 = ORIENTED_EDGE('',*,*,#12579,.F.);
#12579 = EDGE_CURVE('',#12580,#12551,#12582,.T.);
#12580 = VERTEX_POINT('',#12581);
#12581 = CARTESIAN_POINT('',(-0.828616292797,1.426847938399,3.4));
#12582 = SURFACE_CURVE('',#12583,(#12588,#12595),.PCURVE_S1.);
#12583 = CIRCLE('',#12584,0.22);
#12584 = AXIS2_PLACEMENT_3D('',#12585,#12586,#12587);
#12585 = CARTESIAN_POINT('',(-0.631427663402,1.524401228644,3.4));
#12586 = DIRECTION('',(0.,0.,1.));
#12587 = DIRECTION('',(-0.896311951792,-0.443424046569,0.));
#12588 = PCURVE('',#12221,#12589);
#12589 = DEFINITIONAL_REPRESENTATION('',(#12590),#12594);
#12590 = CIRCLE('',#12591,0.22);
#12591 = AXIS2_PLACEMENT_2D('',#12592,#12593);
#12592 = CARTESIAN_POINT('',(-0.631427663402,1.524401228644));
#12593 = DIRECTION('',(-0.896311951792,-0.443424046569));
#12594 = ( GEOMETRIC_REPRESENTATION_CONTEXT(2) 
PARAMETRIC_REPRESENTATION_CONTEXT() REPRESENTATION_CONTEXT('2D SPACE',''
  ) );
#12595 = PCURVE('',#12596,#12601);
#12596 = CYLINDRICAL_SURFACE('',#12597,0.22);
#12597 = AXIS2_PLACEMENT_3D('',#12598,#12599,#12600);
#12598 = CARTESIAN_POINT('',(-0.631427663402,1.524401228644,3.3));
#12599 = DIRECTION('',(0.,0.,1.));
#12600 = DIRECTION('',(1.,0.,-0.));
#12601 = DEFINITIONAL_REPRESENTATION('',(#12602),#12606);
#12602 = LINE('',#12603,#12604);
#12603 = CARTESIAN_POINT('',(3.601007883699,0.1));
#12604 = VECTOR('',#12605,1.);
#12605 = DIRECTION('',(1.,0.));
#12606 = ( GEOMETRIC_REPRESENTATION_CONTEXT(2) 
PARAMETRIC_REPRESENTATION_CONTEXT() REPRESENTATION_CONTEXT('2D SPACE',''
  ) );
#12607 = ORIENTED_EDGE('',*,*,#12608,.T.);
#12608 = EDGE_CURVE('',#12580,#12609,#12611,.T.);
#12609 = VERTEX_POINT('',#12610);
#12610 = CARTESIAN_POINT('',(-1.001137879251,1.31157269975,3.4));
#12611 = SURFACE_CURVE('',#12612,(#12617,#12624),.PCURVE_S1.);
#12612 = CIRCLE('',#12613,1.65);
#12613 = AXIS2_PLACEMENT_3D('',#12614,#12615,#12616);
#12614 = CARTESIAN_POINT('',(0.,0.,3.4));
#12615 = DIRECTION('',(0.,0.,1.));
#12616 = DIRECTION('',(1.,0.,-0.));
#12617 = PCURVE('',#12221,#12618);
#12618 = DEFINITIONAL_REPRESENTATION('',(#12619),#12623);
#12619 = CIRCLE('',#12620,1.65);
#12620 = AXIS2_PLACEMENT_2D('',#12621,#12622);
#12621 = CARTESIAN_POINT('',(0.,0.));
#12622 = DIRECTION('',(1.,0.));
#12623 = ( GEOMETRIC_REPRESENTATION_CONTEXT(2) 
PARAMETRIC_REPRESENTATION_CONTEXT() REPRESENTATION_CONTEXT('2D SPACE',''
  ) );
#12624 = PCURVE('',#12625,#12630);
#12625 = CYLINDRICAL_SURFACE('',#12626,1.65);
#12626 = AXIS2_PLACEMENT_3D('',#12627,#12628,#12629);
#12627 = CARTESIAN_POINT('',(0.,0.,3.4));
#12628 = DIRECTION('',(0.,0.,1.));
#12629 = DIRECTION('',(1.,0.,-0.));
#12630 = DEFINITIONAL_REPRESENTATION('',(#12631),#12635);
#12631 = LINE('',#12632,#12633);
#12632 = CARTESIAN_POINT('',(0.,0.));
#12633 = VECTOR('',#12634,1.);
#12634 = DIRECTION('',(1.,0.));
#12635 = ( GEOMETRIC_REPRESENTATION_CONTEXT(2) 
PARAMETRIC_REPRESENTATION_CONTEXT() REPRESENTATION_CONTEXT('2D SPACE',''
  ) );
#12636 = ORIENTED_EDGE('',*,*,#12637,.F.);
#12637 = EDGE_CURVE('',#12638,#12609,#12640,.T.);
#12638 = VERTEX_POINT('',#12639);
#12639 = CARTESIAN_POINT('',(-1.31157269975,1.001137879251,3.4));
#12640 = SURFACE_CURVE('',#12641,(#12646,#12653),.PCURVE_S1.);
#12641 = CIRCLE('',#12642,0.22);
#12642 = AXIS2_PLACEMENT_3D('',#12643,#12644,#12645);
#12643 = CARTESIAN_POINT('',(-1.166726188958,1.166726188958,3.4));
#12644 = DIRECTION('',(0.,0.,1.));
#12645 = DIRECTION('',(-0.658393230871,-0.75267413503,0.));
#12646 = PCURVE('',#12221,#12647);
#12647 = DEFINITIONAL_REPRESENTATION('',(#12648),#12652);
#12648 = CIRCLE('',#12649,0.22);
#12649 = AXIS2_PLACEMENT_2D('',#12650,#12651);
#12650 = CARTESIAN_POINT('',(-1.166726188958,1.166726188958));
#12651 = DIRECTION('',(-0.658393230871,-0.75267413503));
#12652 = ( GEOMETRIC_REPRESENTATION_CONTEXT(2) 
PARAMETRIC_REPRESENTATION_CONTEXT() REPRESENTATION_CONTEXT('2D SPACE',''
  ) );
#12653 = PCURVE('',#12654,#12659);
#12654 = CYLINDRICAL_SURFACE('',#12655,0.22);
#12655 = AXIS2_PLACEMENT_3D('',#12656,#12657,#12658);
#12656 = CARTESIAN_POINT('',(-1.166726188958,1.166726188958,3.3));
#12657 = DIRECTION('',(0.,0.,1.));
#12658 = DIRECTION('',(1.,0.,-0.));
#12659 = DEFINITIONAL_REPRESENTATION('',(#12660),#12664);
#12660 = LINE('',#12661,#12662);
#12661 = CARTESIAN_POINT('',(3.993706965397,0.1));
#12662 = VECTOR('',#12663,1.);
#12663 = DIRECTION('',(1.,0.));
#12664 = ( GEOMETRIC_REPRESENTATION_CONTEXT(2) 
PARAMETRIC_REPRESENTATION_CONTEXT() REPRESENTATION_CONTEXT('2D SPACE',''
  ) );
#12665 = ORIENTED_EDGE('',*,*,#12666,.T.);
#12666 = EDGE_CURVE('',#12638,#12667,#12669,.T.);
#12667 = VERTEX_POINT('',#12668);
#12668 = CARTESIAN_POINT('',(-1.426847938399,0.828616292797,3.4));
#12669 = SURFACE_CURVE('',#12670,(#12675,#12682),.PCURVE_S1.);
#12670 = CIRCLE('',#12671,1.65);
#12671 = AXIS2_PLACEMENT_3D('',#12672,#12673,#12674);
#12672 = CARTESIAN_POINT('',(0.,0.,3.4));
#12673 = DIRECTION('',(0.,0.,1.));
#12674 = DIRECTION('',(1.,0.,-0.));
#12675 = PCURVE('',#12221,#12676);
#12676 = DEFINITIONAL_REPRESENTATION('',(#12677),#12681);
#12677 = CIRCLE('',#12678,1.65);
#12678 = AXIS2_PLACEMENT_2D('',#12679,#12680);
#12679 = CARTESIAN_POINT('',(0.,0.));
#12680 = DIRECTION('',(1.,0.));
#12681 = ( GEOMETRIC_REPRESENTATION_CONTEXT(2) 
PARAMETRIC_REPRESENTATION_CONTEXT() REPRESENTATION_CONTEXT('2D SPACE',''
  ) );
#12682 = PCURVE('',#12683,#12688);
#12683 = CYLINDRICAL_SURFACE('',#12684,1.65);
#12684 = AXIS2_PLACEMENT_3D('',#12685,#12686,#12687);
#12685 = CARTESIAN_POINT('',(0.,0.,3.4));
#12686 = DIRECTION('',(0.,0.,1.));
#12687 = DIRECTION('',(1.,0.,-0.));
#12688 = DEFINITIONAL_REPRESENTATION('',(#12689),#12693);
#12689 = LINE('',#12690,#12691);
#12690 = CARTESIAN_POINT('',(0.,0.));
#12691 = VECTOR('',#12692,1.);
#12692 = DIRECTION('',(1.,0.));
#12693 = ( GEOMETRIC_REPRESENTATION_CONTEXT(2) 
PARAMETRIC_REPRESENTATION_CONTEXT() REPRESENTATION_CONTEXT('2D SPACE',''
  ) );
#12694 = ORIENTED_EDGE('',*,*,#12695,.F.);
#12695 = EDGE_CURVE('',#12696,#12667,#12698,.T.);
#12696 = VERTEX_POINT('',#12697);
#12697 = CARTESIAN_POINT('',(-1.594854052602,0.423013653326,3.4));
#12698 = SURFACE_CURVE('',#12699,(#12704,#12711),.PCURVE_S1.);
#12699 = CIRCLE('',#12700,0.22);
#12700 = AXIS2_PLACEMENT_3D('',#12701,#12702,#12703);
#12701 = CARTESIAN_POINT('',(-1.524401228644,0.631427663402,3.4));
#12702 = DIRECTION('',(0.,0.,1.));
#12703 = DIRECTION('',(-0.320240108901,-0.94733640944,0.));
#12704 = PCURVE('',#12221,#12705);
#12705 = DEFINITIONAL_REPRESENTATION('',(#12706),#12710);
#12706 = CIRCLE('',#12707,0.22);
#12707 = AXIS2_PLACEMENT_2D('',#12708,#12709);
#12708 = CARTESIAN_POINT('',(-1.524401228644,0.631427663402));
#12709 = DIRECTION('',(-0.320240108901,-0.94733640944));
#12710 = ( GEOMETRIC_REPRESENTATION_CONTEXT(2) 
PARAMETRIC_REPRESENTATION_CONTEXT() REPRESENTATION_CONTEXT('2D SPACE',''
  ) );
#12711 = PCURVE('',#12712,#12717);
#12712 = CYLINDRICAL_SURFACE('',#12713,0.22);
#12713 = AXIS2_PLACEMENT_3D('',#12714,#12715,#12716);
#12714 = CARTESIAN_POINT('',(-1.524401228644,0.631427663402,3.3));
#12715 = DIRECTION('',(0.,0.,1.));
#12716 = DIRECTION('',(1.,0.,-0.));
#12717 = DEFINITIONAL_REPRESENTATION('',(#12718),#12722);
#12718 = LINE('',#12719,#12720);
#12719 = CARTESIAN_POINT('',(4.386406047096,0.1));
#12720 = VECTOR('',#12721,1.);
#12721 = DIRECTION('',(1.,0.));
#12722 = ( GEOMETRIC_REPRESENTATION_CONTEXT(2) 
PARAMETRIC_REPRESENTATION_CONTEXT() REPRESENTATION_CONTEXT('2D SPACE',''
  ) );
#12723 = ORIENTED_EDGE('',*,*,#12724,.T.);
#12724 = EDGE_CURVE('',#12696,#12725,#12727,.T.);
#12725 = VERTEX_POINT('',#12726);
#12726 = CARTESIAN_POINT('',(-1.635333333333,0.219510566691,3.4));
#12727 = SURFACE_CURVE('',#12728,(#12733,#12740),.PCURVE_S1.);
#12728 = CIRCLE('',#12729,1.65);
#12729 = AXIS2_PLACEMENT_3D('',#12730,#12731,#12732);
#12730 = CARTESIAN_POINT('',(0.,0.,3.4));
#12731 = DIRECTION('',(0.,0.,1.));
#12732 = DIRECTION('',(1.,0.,-0.));
#12733 = PCURVE('',#12221,#12734);
#12734 = DEFINITIONAL_REPRESENTATION('',(#12735),#12739);
#12735 = CIRCLE('',#12736,1.65);
#12736 = AXIS2_PLACEMENT_2D('',#12737,#12738);
#12737 = CARTESIAN_POINT('',(0.,0.));
#12738 = DIRECTION('',(1.,0.));
#12739 = ( GEOMETRIC_REPRESENTATION_CONTEXT(2) 
PARAMETRIC_REPRESENTATION_CONTEXT() REPRESENTATION_CONTEXT('2D SPACE',''
  ) );
#12740 = PCURVE('',#12741,#12746);
#12741 = CYLINDRICAL_SURFACE('',#12742,1.65);
#12742 = AXIS2_PLACEMENT_3D('',#12743,#12744,#12745);
#12743 = CARTESIAN_POINT('',(0.,0.,3.4));
#12744 = DIRECTION('',(0.,0.,1.));
#12745 = DIRECTION('',(1.,0.,-0.));
#12746 = DEFINITIONAL_REPRESENTATION('',(#12747),#12751);
#12747 = LINE('',#12748,#12749);
#12748 = CARTESIAN_POINT('',(0.,0.));
#12749 = VECTOR('',#12750,1.);
#12750 = DIRECTION('',(1.,0.));
#12751 = ( GEOMETRIC_REPRESENTATION_CONTEXT(2) 
PARAMETRIC_REPRESENTATION_CONTEXT() REPRESENTATION_CONTEXT('2D SPACE',''
  ) );
#12752 = ORIENTED_EDGE('',*,*,#12753,.F.);
#12753 = EDGE_CURVE('',#12754,#12725,#12756,.T.);
#12754 = VERTEX_POINT('',#12755);
#12755 = CARTESIAN_POINT('',(-1.635333333333,-0.219510566691,3.4));
#12756 = SURFACE_CURVE('',#12757,(#12762,#12769),.PCURVE_S1.);
#12757 = CIRCLE('',#12758,0.22);
#12758 = AXIS2_PLACEMENT_3D('',#12759,#12760,#12761);
#12759 = CARTESIAN_POINT('',(-1.65,2.020667218593E-16,3.4));
#12760 = DIRECTION('',(0.,0.,1.));
#12761 = DIRECTION('',(6.666666666667E-02,-0.99777530314,0.));
#12762 = PCURVE('',#12221,#12763);
#12763 = DEFINITIONAL_REPRESENTATION('',(#12764),#12768);
#12764 = CIRCLE('',#12765,0.22);
#12765 = AXIS2_PLACEMENT_2D('',#12766,#12767);
#12766 = CARTESIAN_POINT('',(-1.65,2.020667218593E-16));
#12767 = DIRECTION('',(6.666666666667E-02,-0.99777530314));
#12768 = ( GEOMETRIC_REPRESENTATION_CONTEXT(2) 
PARAMETRIC_REPRESENTATION_CONTEXT() REPRESENTATION_CONTEXT('2D SPACE',''
  ) );
#12769 = PCURVE('',#12770,#12775);
#12770 = CYLINDRICAL_SURFACE('',#12771,0.22);
#12771 = AXIS2_PLACEMENT_3D('',#12772,#12773,#12774);
#12772 = CARTESIAN_POINT('',(-1.65,2.020667218593E-16,3.3));
#12773 = DIRECTION('',(0.,0.,1.));
#12774 = DIRECTION('',(1.,0.,-0.));
#12775 = DEFINITIONAL_REPRESENTATION('',(#12776),#12780);
#12776 = LINE('',#12777,#12778);
#12777 = CARTESIAN_POINT('',(4.779105128795,0.1));
#12778 = VECTOR('',#12779,1.);
#12779 = DIRECTION('',(1.,0.));
#12780 = ( GEOMETRIC_REPRESENTATION_CONTEXT(2) 
PARAMETRIC_REPRESENTATION_CONTEXT() REPRESENTATION_CONTEXT('2D SPACE',''
  ) );
#12781 = ORIENTED_EDGE('',*,*,#12782,.T.);
#12782 = EDGE_CURVE('',#12754,#12783,#12785,.T.);
#12783 = VERTEX_POINT('',#12784);
#12784 = CARTESIAN_POINT('',(-1.594854052602,-0.423013653326,3.4));
#12785 = SURFACE_CURVE('',#12786,(#12791,#12798),.PCURVE_S1.);
#12786 = CIRCLE('',#12787,1.65);
#12787 = AXIS2_PLACEMENT_3D('',#12788,#12789,#12790);
#12788 = CARTESIAN_POINT('',(0.,0.,3.4));
#12789 = DIRECTION('',(0.,0.,1.));
#12790 = DIRECTION('',(1.,0.,-0.));
#12791 = PCURVE('',#12221,#12792);
#12792 = DEFINITIONAL_REPRESENTATION('',(#12793),#12797);
#12793 = CIRCLE('',#12794,1.65);
#12794 = AXIS2_PLACEMENT_2D('',#12795,#12796);
#12795 = CARTESIAN_POINT('',(0.,0.));
#12796 = DIRECTION('',(1.,0.));
#12797 = ( GEOMETRIC_REPRESENTATION_CONTEXT(2) 
PARAMETRIC_REPRESENTATION_CONTEXT() REPRESENTATION_CONTEXT('2D SPACE',''
  ) );
#12798 = PCURVE('',#12799,#12804);
#12799 = CYLINDRICAL_SURFACE('',#12800,1.65);
#12800 = AXIS2_PLACEMENT_3D('',#12801,#12802,#12803);
#12801 = CARTESIAN_POINT('',(0.,0.,3.4));
#12802 = DIRECTION('',(0.,0.,1.));
#12803 = DIRECTION('',(1.,0.,-0.));
#12804 = DEFINITIONAL_REPRESENTATION('',(#12805),#12809);
#12805 = LINE('',#12806,#12807);
#12806 = CARTESIAN_POINT('',(0.,0.));
#12807 = VECTOR('',#12808,1.);
#12808 = DIRECTION('',(1.,0.));
#12809 = ( GEOMETRIC_REPRESENTATION_CONTEXT(2) 
PARAMETRIC_REPRESENTATION_CONTEXT() REPRESENTATION_CONTEXT('2D SPACE',''
  ) );
#12810 = ORIENTED_EDGE('',*,*,#12811,.F.);
#12811 = EDGE_CURVE('',#12812,#12783,#12814,.T.);
#12812 = VERTEX_POINT('',#12813);
#12813 = CARTESIAN_POINT('',(-1.426847938399,-0.828616292797,3.4));
#12814 = SURFACE_CURVE('',#12815,(#12820,#12827),.PCURVE_S1.);
#12815 = CIRCLE('',#12816,0.22);
#12816 = AXIS2_PLACEMENT_3D('',#12817,#12818,#12819);
#12817 = CARTESIAN_POINT('',(-1.524401228644,-0.631427663402,3.4));
#12818 = DIRECTION('',(-0.,0.,1.));
#12819 = DIRECTION('',(0.443424046569,-0.896311951792,0.));
#12820 = PCURVE('',#12221,#12821);
#12821 = DEFINITIONAL_REPRESENTATION('',(#12822),#12826);
#12822 = CIRCLE('',#12823,0.22);
#12823 = AXIS2_PLACEMENT_2D('',#12824,#12825);
#12824 = CARTESIAN_POINT('',(-1.524401228644,-0.631427663402));
#12825 = DIRECTION('',(0.443424046569,-0.896311951792));
#12826 = ( GEOMETRIC_REPRESENTATION_CONTEXT(2) 
PARAMETRIC_REPRESENTATION_CONTEXT() REPRESENTATION_CONTEXT('2D SPACE',''
  ) );
#12827 = PCURVE('',#12828,#12833);
#12828 = CYLINDRICAL_SURFACE('',#12829,0.22);
#12829 = AXIS2_PLACEMENT_3D('',#12830,#12831,#12832);
#12830 = CARTESIAN_POINT('',(-1.524401228644,-0.631427663402,3.3));
#12831 = DIRECTION('',(0.,0.,1.));
#12832 = DIRECTION('',(1.,0.,-0.));
#12833 = DEFINITIONAL_REPRESENTATION('',(#12834),#12838);
#12834 = LINE('',#12835,#12836);
#12835 = CARTESIAN_POINT('',(5.171804210494,0.1));
#12836 = VECTOR('',#12837,1.);
#12837 = DIRECTION('',(1.,0.));
#12838 = ( GEOMETRIC_REPRESENTATION_CONTEXT(2) 
PARAMETRIC_REPRESENTATION_CONTEXT() REPRESENTATION_CONTEXT('2D SPACE',''
  ) );
#12839 = ORIENTED_EDGE('',*,*,#12840,.T.);
#12840 = EDGE_CURVE('',#12812,#12841,#12843,.T.);
#12841 = VERTEX_POINT('',#12842);
#12842 = CARTESIAN_POINT('',(-1.31157269975,-1.001137879251,3.4));
#12843 = SURFACE_CURVE('',#12844,(#12849,#12856),.PCURVE_S1.);
#12844 = CIRCLE('',#12845,1.65);
#12845 = AXIS2_PLACEMENT_3D('',#12846,#12847,#12848);
#12846 = CARTESIAN_POINT('',(0.,0.,3.4));
#12847 = DIRECTION('',(0.,0.,1.));
#12848 = DIRECTION('',(1.,0.,-0.));
#12849 = PCURVE('',#12221,#12850);
#12850 = DEFINITIONAL_REPRESENTATION('',(#12851),#12855);
#12851 = CIRCLE('',#12852,1.65);
#12852 = AXIS2_PLACEMENT_2D('',#12853,#12854);
#12853 = CARTESIAN_POINT('',(0.,0.));
#12854 = DIRECTION('',(1.,0.));
#12855 = ( GEOMETRIC_REPRESENTATION_CONTEXT(2) 
PARAMETRIC_REPRESENTATION_CONTEXT() REPRESENTATION_CONTEXT('2D SPACE',''
  ) );
#12856 = PCURVE('',#12857,#12862);
#12857 = CYLINDRICAL_SURFACE('',#12858,1.65);
#12858 = AXIS2_PLACEMENT_3D('',#12859,#12860,#12861);
#12859 = CARTESIAN_POINT('',(0.,0.,3.4));
#12860 = DIRECTION('',(0.,0.,1.));
#12861 = DIRECTION('',(1.,0.,-0.));
#12862 = DEFINITIONAL_REPRESENTATION('',(#12863),#12867);
#12863 = LINE('',#12864,#12865);
#12864 = CARTESIAN_POINT('',(0.,0.));
#12865 = VECTOR('',#12866,1.);
#12866 = DIRECTION('',(1.,0.));
#12867 = ( GEOMETRIC_REPRESENTATION_CONTEXT(2) 
PARAMETRIC_REPRESENTATION_CONTEXT() REPRESENTATION_CONTEXT('2D SPACE',''
  ) );
#12868 = ORIENTED_EDGE('',*,*,#12869,.F.);
#12869 = EDGE_CURVE('',#12870,#12841,#12872,.T.);
#12870 = VERTEX_POINT('',#12871);
#12871 = CARTESIAN_POINT('',(-1.001137879251,-1.31157269975,3.4));
#12872 = SURFACE_CURVE('',#12873,(#12878,#12885),.PCURVE_S1.);
#12873 = CIRCLE('',#12874,0.22);
#12874 = AXIS2_PLACEMENT_3D('',#12875,#12876,#12877);
#12875 = CARTESIAN_POINT('',(-1.166726188958,-1.166726188958,3.4));
#12876 = DIRECTION('',(-0.,0.,1.));
#12877 = DIRECTION('',(0.75267413503,-0.658393230871,0.));
#12878 = PCURVE('',#12221,#12879);
#12879 = DEFINITIONAL_REPRESENTATION('',(#12880),#12884);
#12880 = CIRCLE('',#12881,0.22);
#12881 = AXIS2_PLACEMENT_2D('',#12882,#12883);
#12882 = CARTESIAN_POINT('',(-1.166726188958,-1.166726188958));
#12883 = DIRECTION('',(0.75267413503,-0.658393230871));
#12884 = ( GEOMETRIC_REPRESENTATION_CONTEXT(2) 
PARAMETRIC_REPRESENTATION_CONTEXT() REPRESENTATION_CONTEXT('2D SPACE',''
  ) );
#12885 = PCURVE('',#12886,#12891);
#12886 = CYLINDRICAL_SURFACE('',#12887,0.22);
#12887 = AXIS2_PLACEMENT_3D('',#12888,#12889,#12890);
#12888 = CARTESIAN_POINT('',(-1.166726188958,-1.166726188958,3.3));
#12889 = DIRECTION('',(0.,0.,1.));
#12890 = DIRECTION('',(1.,0.,-0.));
#12891 = DEFINITIONAL_REPRESENTATION('',(#12892),#12896);
#12892 = LINE('',#12893,#12894);
#12893 = CARTESIAN_POINT('',(5.564503292192,0.1));
#12894 = VECTOR('',#12895,1.);
#12895 = DIRECTION('',(1.,0.));
#12896 = ( GEOMETRIC_REPRESENTATION_CONTEXT(2) 
PARAMETRIC_REPRESENTATION_CONTEXT() REPRESENTATION_CONTEXT('2D SPACE',''
  ) );
#12897 = ORIENTED_EDGE('',*,*,#12898,.T.);
#12898 = EDGE_CURVE('',#12870,#12899,#12901,.T.);
#12899 = VERTEX_POINT('',#12900);
#12900 = CARTESIAN_POINT('',(-0.828616292797,-1.426847938399,3.4));
#12901 = SURFACE_CURVE('',#12902,(#12907,#12914),.PCURVE_S1.);
#12902 = CIRCLE('',#12903,1.65);
#12903 = AXIS2_PLACEMENT_3D('',#12904,#12905,#12906);
#12904 = CARTESIAN_POINT('',(0.,0.,3.4));
#12905 = DIRECTION('',(0.,0.,1.));
#12906 = DIRECTION('',(1.,0.,-0.));
#12907 = PCURVE('',#12221,#12908);
#12908 = DEFINITIONAL_REPRESENTATION('',(#12909),#12913);
#12909 = CIRCLE('',#12910,1.65);
#12910 = AXIS2_PLACEMENT_2D('',#12911,#12912);
#12911 = CARTESIAN_POINT('',(0.,0.));
#12912 = DIRECTION('',(1.,0.));
#12913 = ( GEOMETRIC_REPRESENTATION_CONTEXT(2) 
PARAMETRIC_REPRESENTATION_CONTEXT() REPRESENTATION_CONTEXT('2D SPACE',''
  ) );
#12914 = PCURVE('',#12915,#12920);
#12915 = CYLINDRICAL_SURFACE('',#12916,1.65);
#12916 = AXIS2_PLACEMENT_3D('',#12917,#12918,#12919);
#12917 = CARTESIAN_POINT('',(0.,0.,3.4));
#12918 = DIRECTION('',(0.,0.,1.));
#12919 = DIRECTION('',(1.,0.,-0.));
#12920 = DEFINITIONAL_REPRESENTATION('',(#12921),#12925);
#12921 = LINE('',#12922,#12923);
#12922 = CARTESIAN_POINT('',(0.,0.));
#12923 = VECTOR('',#12924,1.);
#12924 = DIRECTION('',(1.,0.));
#12925 = ( GEOMETRIC_REPRESENTATION_CONTEXT(2) 
PARAMETRIC_REPRESENTATION_CONTEXT() REPRESENTATION_CONTEXT('2D SPACE',''
  ) );
#12926 = ORIENTED_EDGE('',*,*,#12927,.F.);
#12927 = EDGE_CURVE('',#12928,#12899,#12930,.T.);
#12928 = VERTEX_POINT('',#12929);
#12929 = CARTESIAN_POINT('',(-0.423013653326,-1.594854052602,3.4));
#12930 = SURFACE_CURVE('',#12931,(#12936,#12943),.PCURVE_S1.);
#12931 = CIRCLE('',#12932,0.22);
#12932 = AXIS2_PLACEMENT_3D('',#12933,#12934,#12935);
#12933 = CARTESIAN_POINT('',(-0.631427663402,-1.524401228644,3.4));
#12934 = DIRECTION('',(-0.,0.,1.));
#12935 = DIRECTION('',(0.94733640944,-0.320240108901,0.));
#12936 = PCURVE('',#12221,#12937);
#12937 = DEFINITIONAL_REPRESENTATION('',(#12938),#12942);
#12938 = CIRCLE('',#12939,0.22);
#12939 = AXIS2_PLACEMENT_2D('',#12940,#12941);
#12940 = CARTESIAN_POINT('',(-0.631427663402,-1.524401228644));
#12941 = DIRECTION('',(0.94733640944,-0.320240108901));
#12942 = ( GEOMETRIC_REPRESENTATION_CONTEXT(2) 
PARAMETRIC_REPRESENTATION_CONTEXT() REPRESENTATION_CONTEXT('2D SPACE',''
  ) );
#12943 = PCURVE('',#12944,#12949);
#12944 = CYLINDRICAL_SURFACE('',#12945,0.22);
#12945 = AXIS2_PLACEMENT_3D('',#12946,#12947,#12948);
#12946 = CARTESIAN_POINT('',(-0.631427663402,-1.524401228644,3.3));
#12947 = DIRECTION('',(0.,0.,1.));
#12948 = DIRECTION('',(1.,0.,-0.));
#12949 = DEFINITIONAL_REPRESENTATION('',(#12950),#12954);
#12950 = LINE('',#12951,#12952);
#12951 = CARTESIAN_POINT('',(5.957202373891,0.1));
#12952 = VECTOR('',#12953,1.);
#12953 = DIRECTION('',(1.,0.));
#12954 = ( GEOMETRIC_REPRESENTATION_CONTEXT(2) 
PARAMETRIC_REPRESENTATION_CONTEXT() REPRESENTATION_CONTEXT('2D SPACE',''
  ) );
#12955 = ORIENTED_EDGE('',*,*,#12956,.T.);
#12956 = EDGE_CURVE('',#12928,#12957,#12959,.T.);
#12957 = VERTEX_POINT('',#12958);
#12958 = CARTESIAN_POINT('',(-0.219510566691,-1.635333333333,3.4));
#12959 = SURFACE_CURVE('',#12960,(#12965,#12972),.PCURVE_S1.);
#12960 = CIRCLE('',#12961,1.65);
#12961 = AXIS2_PLACEMENT_3D('',#12962,#12963,#12964);
#12962 = CARTESIAN_POINT('',(0.,0.,3.4));
#12963 = DIRECTION('',(0.,0.,1.));
#12964 = DIRECTION('',(1.,0.,-0.));
#12965 = PCURVE('',#12221,#12966);
#12966 = DEFINITIONAL_REPRESENTATION('',(#12967),#12971);
#12967 = CIRCLE('',#12968,1.65);
#12968 = AXIS2_PLACEMENT_2D('',#12969,#12970);
#12969 = CARTESIAN_POINT('',(0.,0.));
#12970 = DIRECTION('',(1.,0.));
#12971 = ( GEOMETRIC_REPRESENTATION_CONTEXT(2) 
PARAMETRIC_REPRESENTATION_CONTEXT() REPRESENTATION_CONTEXT('2D SPACE',''
  ) );
#12972 = PCURVE('',#12973,#12978);
#12973 = CYLINDRICAL_SURFACE('',#12974,1.65);
#12974 = AXIS2_PLACEMENT_3D('',#12975,#12976,#12977);
#12975 = CARTESIAN_POINT('',(0.,0.,3.4));
#12976 = DIRECTION('',(0.,0.,1.));
#12977 = DIRECTION('',(1.,0.,-0.));
#12978 = DEFINITIONAL_REPRESENTATION('',(#12979),#12983);
#12979 = LINE('',#12980,#12981);
#12980 = CARTESIAN_POINT('',(0.,0.));
#12981 = VECTOR('',#12982,1.);
#12982 = DIRECTION('',(1.,0.));
#12983 = ( GEOMETRIC_REPRESENTATION_CONTEXT(2) 
PARAMETRIC_REPRESENTATION_CONTEXT() REPRESENTATION_CONTEXT('2D SPACE',''
  ) );
#12984 = ORIENTED_EDGE('',*,*,#12985,.F.);
#12985 = EDGE_CURVE('',#12986,#12957,#12988,.T.);
#12986 = VERTEX_POINT('',#12987);
#12987 = CARTESIAN_POINT('',(0.219510566691,-1.635333333333,3.4));
#12988 = SURFACE_CURVE('',#12989,(#12994,#13001),.PCURVE_S1.);
#12989 = CIRCLE('',#12990,0.22);
#12990 = AXIS2_PLACEMENT_3D('',#12991,#12992,#12993);
#12991 = CARTESIAN_POINT('',(-3.03100082789E-16,-1.65,3.4));
#12992 = DIRECTION('',(0.,0.,1.));
#12993 = DIRECTION('',(1.,0.,-0.));
#12994 = PCURVE('',#12221,#12995);
#12995 = DEFINITIONAL_REPRESENTATION('',(#12996),#13000);
#12996 = CIRCLE('',#12997,0.22);
#12997 = AXIS2_PLACEMENT_2D('',#12998,#12999);
#12998 = CARTESIAN_POINT('',(-3.03100082789E-16,-1.65));
#12999 = DIRECTION('',(1.,0.));
#13000 = ( GEOMETRIC_REPRESENTATION_CONTEXT(2) 
PARAMETRIC_REPRESENTATION_CONTEXT() REPRESENTATION_CONTEXT('2D SPACE',''
  ) );
#13001 = PCURVE('',#13002,#13007);
#13002 = CYLINDRICAL_SURFACE('',#13003,0.22);
#13003 = AXIS2_PLACEMENT_3D('',#13004,#13005,#13006);
#13004 = CARTESIAN_POINT('',(-3.03100082789E-16,-1.65,3.3));
#13005 = DIRECTION('',(0.,0.,1.));
#13006 = DIRECTION('',(1.,0.,-0.));
#13007 = DEFINITIONAL_REPRESENTATION('',(#13008),#13012);
#13008 = LINE('',#13009,#13010);
#13009 = CARTESIAN_POINT('',(0.,0.1));
#13010 = VECTOR('',#13011,1.);
#13011 = DIRECTION('',(1.,0.));
#13012 = ( GEOMETRIC_REPRESENTATION_CONTEXT(2) 
PARAMETRIC_REPRESENTATION_CONTEXT() REPRESENTATION_CONTEXT('2D SPACE',''
  ) );
#13013 = ORIENTED_EDGE('',*,*,#13014,.T.);
#13014 = EDGE_CURVE('',#12986,#13015,#13017,.T.);
#13015 = VERTEX_POINT('',#13016);
#13016 = CARTESIAN_POINT('',(0.423013653326,-1.594854052602,3.4));
#13017 = SURFACE_CURVE('',#13018,(#13023,#13030),.PCURVE_S1.);
#13018 = CIRCLE('',#13019,1.65);
#13019 = AXIS2_PLACEMENT_3D('',#13020,#13021,#13022);
#13020 = CARTESIAN_POINT('',(0.,0.,3.4));
#13021 = DIRECTION('',(0.,0.,1.));
#13022 = DIRECTION('',(1.,0.,-0.));
#13023 = PCURVE('',#12221,#13024);
#13024 = DEFINITIONAL_REPRESENTATION('',(#13025),#13029);
#13025 = CIRCLE('',#13026,1.65);
#13026 = AXIS2_PLACEMENT_2D('',#13027,#13028);
#13027 = CARTESIAN_POINT('',(0.,0.));
#13028 = DIRECTION('',(1.,0.));
#13029 = ( GEOMETRIC_REPRESENTATION_CONTEXT(2) 
PARAMETRIC_REPRESENTATION_CONTEXT() REPRESENTATION_CONTEXT('2D SPACE',''
  ) );
#13030 = PCURVE('',#13031,#13036);
#13031 = CYLINDRICAL_SURFACE('',#13032,1.65);
#13032 = AXIS2_PLACEMENT_3D('',#13033,#13034,#13035);
#13033 = CARTESIAN_POINT('',(0.,0.,3.4));
#13034 = DIRECTION('',(0.,0.,1.));
#13035 = DIRECTION('',(1.,0.,-0.));
#13036 = DEFINITIONAL_REPRESENTATION('',(#13037),#13041);
#13037 = LINE('',#13038,#13039);
#13038 = CARTESIAN_POINT('',(0.,0.));
#13039 = VECTOR('',#13040,1.);
#13040 = DIRECTION('',(1.,0.));
#13041 = ( GEOMETRIC_REPRESENTATION_CONTEXT(2) 
PARAMETRIC_REPRESENTATION_CONTEXT() REPRESENTATION_CONTEXT('2D SPACE',''
  ) );
#13042 = ORIENTED_EDGE('',*,*,#13043,.F.);
#13043 = EDGE_CURVE('',#13044,#13015,#13046,.T.);
#13044 = VERTEX_POINT('',#13045);
#13045 = CARTESIAN_POINT('',(0.828616292797,-1.426847938399,3.4));
#13046 = SURFACE_CURVE('',#13047,(#13052,#13059),.PCURVE_S1.);
#13047 = CIRCLE('',#13048,0.22);
#13048 = AXIS2_PLACEMENT_3D('',#13049,#13050,#13051);
#13049 = CARTESIAN_POINT('',(0.631427663402,-1.524401228644,3.4));
#13050 = DIRECTION('',(0.,0.,1.));
#13051 = DIRECTION('',(1.,0.,-0.));
#13052 = PCURVE('',#12221,#13053);
#13053 = DEFINITIONAL_REPRESENTATION('',(#13054),#13058);
#13054 = CIRCLE('',#13055,0.22);
#13055 = AXIS2_PLACEMENT_2D('',#13056,#13057);
#13056 = CARTESIAN_POINT('',(0.631427663402,-1.524401228644));
#13057 = DIRECTION('',(1.,0.));
#13058 = ( GEOMETRIC_REPRESENTATION_CONTEXT(2) 
PARAMETRIC_REPRESENTATION_CONTEXT() REPRESENTATION_CONTEXT('2D SPACE',''
  ) );
#13059 = PCURVE('',#13060,#13065);
#13060 = CYLINDRICAL_SURFACE('',#13061,0.22);
#13061 = AXIS2_PLACEMENT_3D('',#13062,#13063,#13064);
#13062 = CARTESIAN_POINT('',(0.631427663402,-1.524401228644,3.3));
#13063 = DIRECTION('',(0.,0.,1.));
#13064 = DIRECTION('',(1.,0.,-0.));
#13065 = DEFINITIONAL_REPRESENTATION('',(#13066),#13070);
#13066 = LINE('',#13067,#13068);
#13067 = CARTESIAN_POINT('',(0.,0.1));
#13068 = VECTOR('',#13069,1.);
#13069 = DIRECTION('',(1.,0.));
#13070 = ( GEOMETRIC_REPRESENTATION_CONTEXT(2) 
PARAMETRIC_REPRESENTATION_CONTEXT() REPRESENTATION_CONTEXT('2D SPACE',''
  ) );
#13071 = ORIENTED_EDGE('',*,*,#13072,.T.);
#13072 = EDGE_CURVE('',#13044,#13073,#13075,.T.);
#13073 = VERTEX_POINT('',#13074);
#13074 = CARTESIAN_POINT('',(1.001137879251,-1.31157269975,3.4));
#13075 = SURFACE_CURVE('',#13076,(#13081,#13088),.PCURVE_S1.);
#13076 = CIRCLE('',#13077,1.65);
#13077 = AXIS2_PLACEMENT_3D('',#13078,#13079,#13080);
#13078 = CARTESIAN_POINT('',(0.,0.,3.4));
#13079 = DIRECTION('',(0.,0.,1.));
#13080 = DIRECTION('',(1.,0.,-0.));
#13081 = PCURVE('',#12221,#13082);
#13082 = DEFINITIONAL_REPRESENTATION('',(#13083),#13087);
#13083 = CIRCLE('',#13084,1.65);
#13084 = AXIS2_PLACEMENT_2D('',#13085,#13086);
#13085 = CARTESIAN_POINT('',(0.,0.));
#13086 = DIRECTION('',(1.,0.));
#13087 = ( GEOMETRIC_REPRESENTATION_CONTEXT(2) 
PARAMETRIC_REPRESENTATION_CONTEXT() REPRESENTATION_CONTEXT('2D SPACE',''
  ) );
#13088 = PCURVE('',#13089,#13094);
#13089 = CYLINDRICAL_SURFACE('',#13090,1.65);
#13090 = AXIS2_PLACEMENT_3D('',#13091,#13092,#13093);
#13091 = CARTESIAN_POINT('',(0.,0.,3.4));
#13092 = DIRECTION('',(0.,0.,1.));
#13093 = DIRECTION('',(1.,0.,-0.));
#13094 = DEFINITIONAL_REPRESENTATION('',(#13095),#13099);
#13095 = LINE('',#13096,#13097);
#13096 = CARTESIAN_POINT('',(0.,0.));
#13097 = VECTOR('',#13098,1.);
#13098 = DIRECTION('',(1.,0.));
#13099 = ( GEOMETRIC_REPRESENTATION_CONTEXT(2) 
PARAMETRIC_REPRESENTATION_CONTEXT() REPRESENTATION_CONTEXT('2D SPACE',''
  ) );
#13100 = ORIENTED_EDGE('',*,*,#13101,.F.);
#13101 = EDGE_CURVE('',#13102,#13073,#13104,.T.);
#13102 = VERTEX_POINT('',#13103);
#13103 = CARTESIAN_POINT('',(1.31157269975,-1.001137879251,3.4));
#13104 = SURFACE_CURVE('',#13105,(#13110,#13117),.PCURVE_S1.);
#13105 = CIRCLE('',#13106,0.22);
#13106 = AXIS2_PLACEMENT_3D('',#13107,#13108,#13109);
#13107 = CARTESIAN_POINT('',(1.166726188958,-1.166726188958,3.4));
#13108 = DIRECTION('',(0.,0.,1.));
#13109 = DIRECTION('',(1.,0.,-0.));
#13110 = PCURVE('',#12221,#13111);
#13111 = DEFINITIONAL_REPRESENTATION('',(#13112),#13116);
#13112 = CIRCLE('',#13113,0.22);
#13113 = AXIS2_PLACEMENT_2D('',#13114,#13115);
#13114 = CARTESIAN_POINT('',(1.166726188958,-1.166726188958));
#13115 = DIRECTION('',(1.,0.));
#13116 = ( GEOMETRIC_REPRESENTATION_CONTEXT(2) 
PARAMETRIC_REPRESENTATION_CONTEXT() REPRESENTATION_CONTEXT('2D SPACE',''
  ) );
#13117 = PCURVE('',#13118,#13123);
#13118 = CYLINDRICAL_SURFACE('',#13119,0.22);
#13119 = AXIS2_PLACEMENT_3D('',#13120,#13121,#13122);
#13120 = CARTESIAN_POINT('',(1.166726188958,-1.166726188958,3.3));
#13121 = DIRECTION('',(0.,0.,1.));
#13122 = DIRECTION('',(1.,0.,-0.));
#13123 = DEFINITIONAL_REPRESENTATION('',(#13124),#13128);
#13124 = LINE('',#13125,#13126);
#13125 = CARTESIAN_POINT('',(0.,0.1));
#13126 = VECTOR('',#13127,1.);
#13127 = DIRECTION('',(1.,0.));
#13128 = ( GEOMETRIC_REPRESENTATION_CONTEXT(2) 
PARAMETRIC_REPRESENTATION_CONTEXT() REPRESENTATION_CONTEXT('2D SPACE',''
  ) );
#13129 = ORIENTED_EDGE('',*,*,#13130,.T.);
#13130 = EDGE_CURVE('',#13102,#13131,#13133,.T.);
#13131 = VERTEX_POINT('',#13132);
#13132 = CARTESIAN_POINT('',(1.426847938399,-0.828616292797,3.4));
#13133 = SURFACE_CURVE('',#13134,(#13139,#13146),.PCURVE_S1.);
#13134 = CIRCLE('',#13135,1.65);
#13135 = AXIS2_PLACEMENT_3D('',#13136,#13137,#13138);
#13136 = CARTESIAN_POINT('',(0.,0.,3.4));
#13137 = DIRECTION('',(0.,0.,1.));
#13138 = DIRECTION('',(1.,0.,-0.));
#13139 = PCURVE('',#12221,#13140);
#13140 = DEFINITIONAL_REPRESENTATION('',(#13141),#13145);
#13141 = CIRCLE('',#13142,1.65);
#13142 = AXIS2_PLACEMENT_2D('',#13143,#13144);
#13143 = CARTESIAN_POINT('',(0.,0.));
#13144 = DIRECTION('',(1.,0.));
#13145 = ( GEOMETRIC_REPRESENTATION_CONTEXT(2) 
PARAMETRIC_REPRESENTATION_CONTEXT() REPRESENTATION_CONTEXT('2D SPACE',''
  ) );
#13146 = PCURVE('',#13147,#13152);
#13147 = CYLINDRICAL_SURFACE('',#13148,1.65);
#13148 = AXIS2_PLACEMENT_3D('',#13149,#13150,#13151);
#13149 = CARTESIAN_POINT('',(0.,0.,3.4));
#13150 = DIRECTION('',(0.,0.,1.));
#13151 = DIRECTION('',(1.,0.,-0.));
#13152 = DEFINITIONAL_REPRESENTATION('',(#13153),#13157);
#13153 = LINE('',#13154,#13155);
#13154 = CARTESIAN_POINT('',(0.,0.));
#13155 = VECTOR('',#13156,1.);
#13156 = DIRECTION('',(1.,0.));
#13157 = ( GEOMETRIC_REPRESENTATION_CONTEXT(2) 
PARAMETRIC_REPRESENTATION_CONTEXT() REPRESENTATION_CONTEXT('2D SPACE',''
  ) );
#13158 = ORIENTED_EDGE('',*,*,#13159,.F.);
#13159 = EDGE_CURVE('',#13160,#13131,#13162,.T.);
#13160 = VERTEX_POINT('',#13161);
#13161 = CARTESIAN_POINT('',(1.594854052602,-0.423013653326,3.4));
#13162 = SURFACE_CURVE('',#13163,(#13168,#13175),.PCURVE_S1.);
#13163 = CIRCLE('',#13164,0.22);
#13164 = AXIS2_PLACEMENT_3D('',#13165,#13166,#13167);
#13165 = CARTESIAN_POINT('',(1.524401228644,-0.631427663402,3.4));
#13166 = DIRECTION('',(0.,0.,1.));
#13167 = DIRECTION('',(1.,0.,-0.));
#13168 = PCURVE('',#12221,#13169);
#13169 = DEFINITIONAL_REPRESENTATION('',(#13170),#13174);
#13170 = CIRCLE('',#13171,0.22);
#13171 = AXIS2_PLACEMENT_2D('',#13172,#13173);
#13172 = CARTESIAN_POINT('',(1.524401228644,-0.631427663402));
#13173 = DIRECTION('',(1.,0.));
#13174 = ( GEOMETRIC_REPRESENTATION_CONTEXT(2) 
PARAMETRIC_REPRESENTATION_CONTEXT() REPRESENTATION_CONTEXT('2D SPACE',''
  ) );
#13175 = PCURVE('',#13176,#13181);
#13176 = CYLINDRICAL_SURFACE('',#13177,0.22);
#13177 = AXIS2_PLACEMENT_3D('',#13178,#13179,#13180);
#13178 = CARTESIAN_POINT('',(1.524401228644,-0.631427663402,3.3));
#13179 = DIRECTION('',(0.,0.,1.));
#13180 = DIRECTION('',(1.,0.,-0.));
#13181 = DEFINITIONAL_REPRESENTATION('',(#13182),#13186);
#13182 = LINE('',#13183,#13184);
#13183 = CARTESIAN_POINT('',(0.,0.1));
#13184 = VECTOR('',#13185,1.);
#13185 = DIRECTION('',(1.,0.));
#13186 = ( GEOMETRIC_REPRESENTATION_CONTEXT(2) 
PARAMETRIC_REPRESENTATION_CONTEXT() REPRESENTATION_CONTEXT('2D SPACE',''
  ) );
#13187 = ORIENTED_EDGE('',*,*,#13188,.T.);
#13188 = EDGE_CURVE('',#13160,#12290,#13189,.T.);
#13189 = SURFACE_CURVE('',#13190,(#13195,#13202),.PCURVE_S1.);
#13190 = CIRCLE('',#13191,1.65);
#13191 = AXIS2_PLACEMENT_3D('',#13192,#13193,#13194);
#13192 = CARTESIAN_POINT('',(0.,0.,3.4));
#13193 = DIRECTION('',(0.,0.,1.));
#13194 = DIRECTION('',(1.,0.,-0.));
#13195 = PCURVE('',#12221,#13196);
#13196 = DEFINITIONAL_REPRESENTATION('',(#13197),#13201);
#13197 = CIRCLE('',#13198,1.65);
#13198 = AXIS2_PLACEMENT_2D('',#13199,#13200);
#13199 = CARTESIAN_POINT('',(0.,0.));
#13200 = DIRECTION('',(1.,0.));
#13201 = ( GEOMETRIC_REPRESENTATION_CONTEXT(2) 
PARAMETRIC_REPRESENTATION_CONTEXT() REPRESENTATION_CONTEXT('2D SPACE',''
  ) );
#13202 = PCURVE('',#13203,#13208);
#13203 = CYLINDRICAL_SURFACE('',#13204,1.65);
#13204 = AXIS2_PLACEMENT_3D('',#13205,#13206,#13207);
#13205 = CARTESIAN_POINT('',(0.,0.,3.4));
#13206 = DIRECTION('',(0.,0.,1.));
#13207 = DIRECTION('',(1.,0.,-0.));
#13208 = DEFINITIONAL_REPRESENTATION('',(#13209),#13213);
#13209 = LINE('',#13210,#13211);
#13210 = CARTESIAN_POINT('',(0.,0.));
#13211 = VECTOR('',#13212,1.);
#13212 = DIRECTION('',(1.,0.));
#13213 = ( GEOMETRIC_REPRESENTATION_CONTEXT(2) 
PARAMETRIC_REPRESENTATION_CONTEXT() REPRESENTATION_CONTEXT('2D SPACE',''
  ) );
#13214 = FACE_BOUND('',#13215,.F.);
#13215 = EDGE_LOOP('',(#13216));
#13216 = ORIENTED_EDGE('',*,*,#12199,.F.);
#13217 = ADVANCED_FACE('',(#13218),#12271,.F.);
#13218 = FACE_BOUND('',#13219,.T.);
#13219 = EDGE_LOOP('',(#13220));
#13220 = ORIENTED_EDGE('',*,*,#12256,.F.);
#13221 = ADVANCED_FACE('',(#13222),#12306,.F.);
#13222 = FACE_BOUND('',#13223,.F.);
#13223 = EDGE_LOOP('',(#13224,#13245,#13246,#13267,#13352));
#13224 = ORIENTED_EDGE('',*,*,#13225,.F.);
#13225 = EDGE_CURVE('',#12288,#13226,#13228,.T.);
#13226 = VERTEX_POINT('',#13227);
#13227 = CARTESIAN_POINT('',(1.635333333333,0.219510566691,4.85));
#13228 = SURFACE_CURVE('',#13229,(#13233,#13239),.PCURVE_S1.);
#13229 = LINE('',#13230,#13231);
#13230 = CARTESIAN_POINT('',(1.635333333333,0.219510566691,3.4));
#13231 = VECTOR('',#13232,1.);
#13232 = DIRECTION('',(0.,0.,1.));
#13233 = PCURVE('',#12306,#13234);
#13234 = DEFINITIONAL_REPRESENTATION('',(#13235),#13238);
#13235 = B_SPLINE_CURVE_WITH_KNOTS('',1,(#13236,#13237),.UNSPECIFIED.,
  .F.,.F.,(2,2),(-5.999999999062E-07,1.4500006),
  .PIECEWISE_BEZIER_KNOTS.);
#13236 = CARTESIAN_POINT('',(1.637512475205,9.99994E-02));
#13237 = CARTESIAN_POINT('',(1.637512475205,1.5500006));
#13238 = ( GEOMETRIC_REPRESENTATION_CONTEXT(2) 
PARAMETRIC_REPRESENTATION_CONTEXT() REPRESENTATION_CONTEXT('2D SPACE',''
  ) );
#13239 = PCURVE('',#12335,#13240);
#13240 = DEFINITIONAL_REPRESENTATION('',(#13241),#13244);
#13241 = B_SPLINE_CURVE_WITH_KNOTS('',1,(#13242,#13243),.UNSPECIFIED.,
  .F.,.F.,(2,2),(-5.999999999062E-07,1.4500006),
  .PIECEWISE_BEZIER_KNOTS.);
#13242 = CARTESIAN_POINT('',(0.13343229682,-5.999999999062E-07));
#13243 = CARTESIAN_POINT('',(0.13343229682,1.4500006));
#13244 = ( GEOMETRIC_REPRESENTATION_CONTEXT(2) 
PARAMETRIC_REPRESENTATION_CONTEXT() REPRESENTATION_CONTEXT('2D SPACE',''
  ) );
#13245 = ORIENTED_EDGE('',*,*,#12287,.T.);
#13246 = ORIENTED_EDGE('',*,*,#13247,.T.);
#13247 = EDGE_CURVE('',#12290,#13248,#13250,.T.);
#13248 = VERTEX_POINT('',#13249);
#13249 = CARTESIAN_POINT('',(1.635333333333,-0.219510566691,4.85));
#13250 = SURFACE_CURVE('',#13251,(#13255,#13261),.PCURVE_S1.);
#13251 = LINE('',#13252,#13253);
#13252 = CARTESIAN_POINT('',(1.635333333333,-0.219510566691,3.4));
#13253 = VECTOR('',#13254,1.);
#13254 = DIRECTION('',(0.,0.,1.));
#13255 = PCURVE('',#12306,#13256);
#13256 = DEFINITIONAL_REPRESENTATION('',(#13257),#13260);
#13257 = B_SPLINE_CURVE_WITH_KNOTS('',1,(#13258,#13259),.UNSPECIFIED.,
  .F.,.F.,(2,2),(-5.999999999062E-07,1.4500006),
  .PIECEWISE_BEZIER_KNOTS.);
#13258 = CARTESIAN_POINT('',(4.645672831974,9.99994E-02));
#13259 = CARTESIAN_POINT('',(4.645672831974,1.5500006));
#13260 = ( GEOMETRIC_REPRESENTATION_CONTEXT(2) 
PARAMETRIC_REPRESENTATION_CONTEXT() REPRESENTATION_CONTEXT('2D SPACE',''
  ) );
#13261 = PCURVE('',#13203,#13262);
#13262 = DEFINITIONAL_REPRESENTATION('',(#13263),#13266);
#13263 = B_SPLINE_CURVE_WITH_KNOTS('',1,(#13264,#13265),.UNSPECIFIED.,
  .F.,.F.,(2,2),(-5.999999999062E-07,1.4500006),
  .PIECEWISE_BEZIER_KNOTS.);
#13264 = CARTESIAN_POINT('',(6.149753010359,-5.999999999062E-07));
#13265 = CARTESIAN_POINT('',(6.149753010359,1.4500006));
#13266 = ( GEOMETRIC_REPRESENTATION_CONTEXT(2) 
PARAMETRIC_REPRESENTATION_CONTEXT() REPRESENTATION_CONTEXT('2D SPACE',''
  ) );
#13267 = ORIENTED_EDGE('',*,*,#13268,.F.);
#13268 = EDGE_CURVE('',#13269,#13248,#13271,.T.);
#13269 = VERTEX_POINT('',#13270);
#13270 = CARTESIAN_POINT('',(1.43,0.,5.07));
#13271 = SURFACE_CURVE('',#13272,(#13295,#13321),.PCURVE_S1.);
#13272 = B_SPLINE_CURVE_WITH_KNOTS('',6,(#13273,#13274,#13275,#13276,
    #13277,#13278,#13279,#13280,#13281,#13282,#13283,#13284,#13285,
    #13286,#13287,#13288,#13289,#13290,#13291,#13292,#13293,#13294),
  .UNSPECIFIED.,.F.,.F.,(7,5,5,5,7),(0.,0.447767080135,0.713401260256,
    0.982922505957,1.),.UNSPECIFIED.);
#13273 = CARTESIAN_POINT('',(1.43,2.775557561563E-17,5.07));
#13274 = CARTESIAN_POINT('',(1.43,-2.571352508579E-02,5.07));
#13275 = CARTESIAN_POINT('',(1.433606310394,-5.143668761657E-02,
    5.065839350086));
#13276 = CARTESIAN_POINT('',(1.440825035448,-7.636892209679E-02,
    5.057507678775));
#13277 = CARTESIAN_POINT('',(1.451352820536,-9.979702552225E-02,
    5.045457592324));
#13278 = CARTESIAN_POINT('',(1.464746870032,-0.121218868434,
    5.030349915712));
#13279 = CARTESIAN_POINT('',(1.489895399481,-0.151598683301,
    5.002447744908));
#13280 = CARTESIAN_POINT('',(1.500104377622,-0.162086611994,
    4.991207968523));
#13281 = CARTESIAN_POINT('',(1.511063925138,-0.171682142593,
    4.979249503316));
#13282 = CARTESIAN_POINT('',(1.52267844164,-0.180334134472,
    4.966700860212));
#13283 = CARTESIAN_POINT('',(1.534853922942,-0.188004436193,
    4.953682779763));
#13284 = CARTESIAN_POINT('',(1.560332693119,-0.201420166912,
    4.926728833233));
#13285 = CARTESIAN_POINT('',(1.573649009485,-0.207135342995,
    4.912783286524));
#13286 = CARTESIAN_POINT('',(1.587355583747,-0.211778606563,
    4.898581254361));
#13287 = CARTESIAN_POINT('',(1.601359134457,-0.215326904613,
    4.884228461477));
#13288 = CARTESIAN_POINT('',(1.615566526066,-0.217763761424,
    4.869823355998));
#13289 = CARTESIAN_POINT('',(1.630791246513,-0.219161706795,
    4.854548104026));
#13290 = CARTESIAN_POINT('',(1.631698879053,-0.219240500336,
    4.853638063537));
#13291 = CARTESIAN_POINT('',(1.632606928114,-0.219314785655,
    4.852728209263));
#13292 = CARTESIAN_POINT('',(1.633515369603,-0.219384560141,
    4.851818564865));
#13293 = CARTESIAN_POINT('',(1.634424179396,-0.219449821288,
    4.850909153937));
#13294 = CARTESIAN_POINT('',(1.635333333333,-0.219510566691,4.85));
#13295 = PCURVE('',#12306,#13296);
#13296 = DEFINITIONAL_REPRESENTATION('',(#13297),#13320);
#13297 = B_SPLINE_CURVE_WITH_KNOTS('',6,(#13298,#13299,#13300,#13301,
    #13302,#13303,#13304,#13305,#13306,#13307,#13308,#13309,#13310,
    #13311,#13312,#13313,#13314,#13315,#13316,#13317,#13318,#13319),
  .UNSPECIFIED.,.F.,.F.,(7,5,5,5,7),(0.,0.447767080135,0.713401260256,
    0.982922505957,1.),.UNSPECIFIED.);
#13298 = CARTESIAN_POINT('',(3.14159265359,1.77));
#13299 = CARTESIAN_POINT('',(3.258472313071,1.77));
#13300 = CARTESIAN_POINT('',(3.375394861041,1.765839350086));
#13301 = CARTESIAN_POINT('',(3.491601683729,1.757507678775));
#13302 = CARTESIAN_POINT('',(3.606713903964,1.745457592324));
#13303 = CARTESIAN_POINT('',(3.720542823527,1.730349915712));
#13304 = CARTESIAN_POINT('',(3.899807949034,1.702447744908));
#13305 = CARTESIAN_POINT('',(3.966120871506,1.691207968523));
#13306 = CARTESIAN_POINT('',(4.032021118957,1.679249503316));
#13307 = CARTESIAN_POINT('',(4.097549857541,1.666700860212));
#13308 = CARTESIAN_POINT('',(4.162763476155,1.653682779763));
#13309 = CARTESIAN_POINT('',(4.293649645271,1.626728833233));
#13310 = CARTESIAN_POINT('',(4.359310859341,1.612783286524));
#13311 = CARTESIAN_POINT('',(4.424787225637,1.598581254361));
#13312 = CARTESIAN_POINT('',(4.490150165136,1.584228461477));
#13313 = CARTESIAN_POINT('',(4.55547152924,1.569823355998));
#13314 = CARTESIAN_POINT('',(4.624965919874,1.554548104026));
#13315 = CARTESIAN_POINT('',(4.62910698802,1.553638063537));
#13316 = CARTESIAN_POINT('',(4.633248195618,1.552728209263));
#13317 = CARTESIAN_POINT('',(4.637389560388,1.551818564865));
#13318 = CARTESIAN_POINT('',(4.641531099979,1.550909153937));
#13319 = CARTESIAN_POINT('',(4.645672831974,1.55));
#13320 = ( GEOMETRIC_REPRESENTATION_CONTEXT(2) 
PARAMETRIC_REPRESENTATION_CONTEXT() REPRESENTATION_CONTEXT('2D SPACE',''
  ) );
#13321 = PCURVE('',#13322,#13327);
#13322 = CONICAL_SURFACE('',#13323,1.65,0.785398163397);
#13323 = AXIS2_PLACEMENT_3D('',#13324,#13325,#13326);
#13324 = CARTESIAN_POINT('',(0.,0.,4.85));
#13325 = DIRECTION('',(-0.,-0.,-1.));
#13326 = DIRECTION('',(1.,0.,0.));
#13327 = DEFINITIONAL_REPRESENTATION('',(#13328),#13351);
#13328 = B_SPLINE_CURVE_WITH_KNOTS('',6,(#13329,#13330,#13331,#13332,
    #13333,#13334,#13335,#13336,#13337,#13338,#13339,#13340,#13341,
    #13342,#13343,#13344,#13345,#13346,#13347,#13348,#13349,#13350),
  .UNSPECIFIED.,.F.,.F.,(7,5,5,5,7),(0.,0.447767080135,0.713401260256,
    0.982922505957,1.),.UNSPECIFIED.);
#13329 = CARTESIAN_POINT('',(-6.28318530718,-0.22));
#13330 = CARTESIAN_POINT('',(-6.265203821106,-0.22));
#13331 = CARTESIAN_POINT('',(-6.247215560508,-0.215839350086));
#13332 = CARTESIAN_POINT('',(-6.230005346595,-0.207507678775));
#13333 = CARTESIAN_POINT('',(-6.214299649875,-0.195457592324));
#13334 = CARTESIAN_POINT('',(-6.200476297834,-0.180349915712));
#13335 = CARTESIAN_POINT('',(-6.181734545594,-0.152447744908));
#13336 = CARTESIAN_POINT('',(-6.175478262802,-0.141207968523));
#13337 = CARTESIAN_POINT('',(-6.169978604709,-0.129249503316));
#13338 = CARTESIAN_POINT('',(-6.16524592037,-0.116700860212));
#13339 = CARTESIAN_POINT('',(-6.161274456617,-0.103682779763));
#13340 = CARTESIAN_POINT('',(-6.154779051005,-7.672883323298E-02));
#13341 = CARTESIAN_POINT('',(-6.15227736695,-6.278328652438E-02));
#13342 = CARTESIAN_POINT('',(-6.150530295027,-4.858125436098E-02));
#13343 = CARTESIAN_POINT('',(-6.14951516412,-3.422846147659E-02));
#13344 = CARTESIAN_POINT('',(-6.149205122779,-1.98233559975E-02));
#13345 = CARTESIAN_POINT('',(-6.149595920285,-4.548104026304E-03));
#13346 = CARTESIAN_POINT('',(-6.149621926662,-3.638063536962E-03));
#13347 = CARTESIAN_POINT('',(-6.149650645975,-2.728209262523E-03));
#13348 = CARTESIAN_POINT('',(-6.149682071118,-1.818564865334E-03));
#13349 = CARTESIAN_POINT('',(-6.149716194964,-9.091539373222E-04));
#13350 = CARTESIAN_POINT('',(-6.149753010359,0.));
#13351 = ( GEOMETRIC_REPRESENTATION_CONTEXT(2) 
PARAMETRIC_REPRESENTATION_CONTEXT() REPRESENTATION_CONTEXT('2D SPACE',''
  ) );
#13352 = ORIENTED_EDGE('',*,*,#13353,.F.);
#13353 = EDGE_CURVE('',#13226,#13269,#13354,.T.);
#13354 = SURFACE_CURVE('',#13355,(#13368,#13384),.PCURVE_S1.);
#13355 = B_SPLINE_CURVE_WITH_KNOTS('',6,(#13356,#13357,#13358,#13359,
    #13360,#13361,#13362,#13363,#13364,#13365,#13366,#13367),
  .UNSPECIFIED.,.F.,.F.,(7,5,7),(0.,0.552147481337,1.),.UNSPECIFIED.);
#13356 = CARTESIAN_POINT('',(1.635333333333,0.219510566691,4.85));
#13357 = CARTESIAN_POINT('',(1.605937742608,0.21754649117,4.879395590725
    ));
#13358 = CARTESIAN_POINT('',(1.576916726718,0.210862643242,
    4.909045422116));
#13359 = CARTESIAN_POINT('',(1.549053439149,0.199546615349,
    4.938184114327));
#13360 = CARTESIAN_POINT('',(1.523139651963,0.183767202502,
    4.965940585136));
#13361 = CARTESIAN_POINT('',(1.50003089308,0.163832699088,4.99120292792)
  );
#13362 = CARTESIAN_POINT('',(1.464767185396,0.121251360217,
    5.030327000389));
#13363 = CARTESIAN_POINT('',(1.451365606279,9.982546211669E-02,
    5.045442959921));
#13364 = CARTESIAN_POINT('',(1.440831605622,7.639162478503E-02,
    5.057500093675));
#13365 = CARTESIAN_POINT('',(1.433608496586,5.145228587097E-02,
    5.065836828581));
#13366 = CARTESIAN_POINT('',(1.43,2.572132079248E-02,5.07));
#13367 = CARTESIAN_POINT('',(1.43,0.,5.07));
#13368 = PCURVE('',#12306,#13369);
#13369 = DEFINITIONAL_REPRESENTATION('',(#13370),#13383);
#13370 = B_SPLINE_CURVE_WITH_KNOTS('',6,(#13371,#13372,#13373,#13374,
    #13375,#13376,#13377,#13378,#13379,#13380,#13381,#13382),
  .UNSPECIFIED.,.F.,.F.,(7,5,7),(0.,0.552147481337,1.),.UNSPECIFIED.);
#13371 = CARTESIAN_POINT('',(1.637512475205,1.55));
#13372 = CARTESIAN_POINT('',(1.771426715272,1.579395590725));
#13373 = CARTESIAN_POINT('',(1.905071532563,1.609045422116));
#13374 = CARTESIAN_POINT('',(2.039196456489,1.638184114327));
#13375 = CARTESIAN_POINT('',(2.174379886929,1.665940585136));
#13376 = CARTESIAN_POINT('',(2.31116335199,1.69120292792));
#13377 = CARTESIAN_POINT('',(2.562469834878,1.730327000389));
#13378 = CARTESIAN_POINT('',(2.676331667017,1.745442959921));
#13379 = CARTESIAN_POINT('',(2.791477815021,1.757500093675));
#13380 = CARTESIAN_POINT('',(2.907719545094,1.765836828581));
#13381 = CARTESIAN_POINT('',(3.024677559079,1.77));
#13382 = CARTESIAN_POINT('',(3.14159265359,1.77));
#13383 = ( GEOMETRIC_REPRESENTATION_CONTEXT(2) 
PARAMETRIC_REPRESENTATION_CONTEXT() REPRESENTATION_CONTEXT('2D SPACE',''
  ) );
#13384 = PCURVE('',#13322,#13385);
#13385 = DEFINITIONAL_REPRESENTATION('',(#13386),#13399);
#13386 = B_SPLINE_CURVE_WITH_KNOTS('',6,(#13387,#13388,#13389,#13390,
    #13391,#13392,#13393,#13394,#13395,#13396,#13397,#13398),
  .UNSPECIFIED.,.F.,.F.,(7,5,7),(0.,0.552147481337,1.),.UNSPECIFIED.);
#13387 = CARTESIAN_POINT('',(-0.13343229682,-8.881784197001E-16));
#13388 = CARTESIAN_POINT('',(-0.134622645621,-2.939559072496E-02));
#13389 = CARTESIAN_POINT('',(-0.132998526633,-5.904542211568E-02));
#13390 = CARTESIAN_POINT('',(-0.12832528096,-8.818411432725E-02));
#13391 = CARTESIAN_POINT('',(-0.120369849592,-0.115940585136));
#13392 = CARTESIAN_POINT('',(-0.108996966609,-0.14120292792));
#13393 = CARTESIAN_POINT('',(-8.272997576298E-02,-0.180327000389));
#13394 = CARTESIAN_POINT('',(-6.890472035148E-02,-0.195442959921));
#13395 = CARTESIAN_POINT('',(-5.319563151648E-02,-0.207500093675));
#13396 = CARTESIAN_POINT('',(-3.598065481423E-02,-0.215836828581));
#13397 = CARTESIAN_POINT('',(-1.798693761712E-02,-0.22));
#13398 = CARTESIAN_POINT('',(0.,-0.22));
#13399 = ( GEOMETRIC_REPRESENTATION_CONTEXT(2) 
PARAMETRIC_REPRESENTATION_CONTEXT() REPRESENTATION_CONTEXT('2D SPACE',''
  ) );
#13400 = ADVANCED_FACE('',(#13401),#12335,.T.);
#13401 = FACE_BOUND('',#13402,.T.);
#13402 = EDGE_LOOP('',(#13403,#13427,#13428,#13429));
#13403 = ORIENTED_EDGE('',*,*,#13404,.F.);
#13404 = EDGE_CURVE('',#13226,#13405,#13407,.T.);
#13405 = VERTEX_POINT('',#13406);
#13406 = CARTESIAN_POINT('',(1.594854052602,0.423013653326,4.85));
#13407 = SURFACE_CURVE('',#13408,(#13413,#13420),.PCURVE_S1.);
#13408 = CIRCLE('',#13409,1.65);
#13409 = AXIS2_PLACEMENT_3D('',#13410,#13411,#13412);
#13410 = CARTESIAN_POINT('',(0.,0.,4.85));
#13411 = DIRECTION('',(0.,0.,1.));
#13412 = DIRECTION('',(1.,0.,-0.));
#13413 = PCURVE('',#12335,#13414);
#13414 = DEFINITIONAL_REPRESENTATION('',(#13415),#13419);
#13415 = LINE('',#13416,#13417);
#13416 = CARTESIAN_POINT('',(0.,1.45));
#13417 = VECTOR('',#13418,1.);
#13418 = DIRECTION('',(1.,0.));
#13419 = ( GEOMETRIC_REPRESENTATION_CONTEXT(2) 
PARAMETRIC_REPRESENTATION_CONTEXT() REPRESENTATION_CONTEXT('2D SPACE',''
  ) );
#13420 = PCURVE('',#13322,#13421);
#13421 = DEFINITIONAL_REPRESENTATION('',(#13422),#13426);
#13422 = LINE('',#13423,#13424);
#13423 = CARTESIAN_POINT('',(-0.,-0.));
#13424 = VECTOR('',#13425,1.);
#13425 = DIRECTION('',(-1.,-0.));
#13426 = ( GEOMETRIC_REPRESENTATION_CONTEXT(2) 
PARAMETRIC_REPRESENTATION_CONTEXT() REPRESENTATION_CONTEXT('2D SPACE',''
  ) );
#13427 = ORIENTED_EDGE('',*,*,#13225,.F.);
#13428 = ORIENTED_EDGE('',*,*,#12318,.T.);
#13429 = ORIENTED_EDGE('',*,*,#13430,.T.);
#13430 = EDGE_CURVE('',#12319,#13405,#13431,.T.);
#13431 = SURFACE_CURVE('',#13432,(#13436,#13442),.PCURVE_S1.);
#13432 = LINE('',#13433,#13434);
#13433 = CARTESIAN_POINT('',(1.594854052602,0.423013653326,3.4));
#13434 = VECTOR('',#13435,1.);
#13435 = DIRECTION('',(0.,0.,1.));
#13436 = PCURVE('',#12335,#13437);
#13437 = DEFINITIONAL_REPRESENTATION('',(#13438),#13441);
#13438 = B_SPLINE_CURVE_WITH_KNOTS('',1,(#13439,#13440),.UNSPECIFIED.,
  .F.,.F.,(2,2),(-5.999999999062E-07,1.4500006),
  .PIECEWISE_BEZIER_KNOTS.);
#13439 = CARTESIAN_POINT('',(0.259266784878,-5.999999999062E-07));
#13440 = CARTESIAN_POINT('',(0.259266784878,1.4500006));
#13441 = ( GEOMETRIC_REPRESENTATION_CONTEXT(2) 
PARAMETRIC_REPRESENTATION_CONTEXT() REPRESENTATION_CONTEXT('2D SPACE',''
  ) );
#13442 = PCURVE('',#12364,#13443);
#13443 = DEFINITIONAL_REPRESENTATION('',(#13444),#13447);
#13444 = B_SPLINE_CURVE_WITH_KNOTS('',1,(#13445,#13446),.UNSPECIFIED.,
  .F.,.F.,(2,2),(-5.999999999062E-07,1.4500006),
  .PIECEWISE_BEZIER_KNOTS.);
#13445 = CARTESIAN_POINT('',(5.038371913673,9.99994E-02));
#13446 = CARTESIAN_POINT('',(5.038371913673,1.5500006));
#13447 = ( GEOMETRIC_REPRESENTATION_CONTEXT(2) 
PARAMETRIC_REPRESENTATION_CONTEXT() REPRESENTATION_CONTEXT('2D SPACE',''
  ) );
#13448 = ADVANCED_FACE('',(#13449),#13203,.T.);
#13449 = FACE_BOUND('',#13450,.T.);
#13450 = EDGE_LOOP('',(#13451,#13475,#13494,#13495));
#13451 = ORIENTED_EDGE('',*,*,#13452,.F.);
#13452 = EDGE_CURVE('',#13453,#13248,#13455,.T.);
#13453 = VERTEX_POINT('',#13454);
#13454 = CARTESIAN_POINT('',(1.594854052602,-0.423013653326,4.85));
#13455 = SURFACE_CURVE('',#13456,(#13461,#13468),.PCURVE_S1.);
#13456 = CIRCLE('',#13457,1.65);
#13457 = AXIS2_PLACEMENT_3D('',#13458,#13459,#13460);
#13458 = CARTESIAN_POINT('',(0.,0.,4.85));
#13459 = DIRECTION('',(0.,0.,1.));
#13460 = DIRECTION('',(1.,0.,-0.));
#13461 = PCURVE('',#13203,#13462);
#13462 = DEFINITIONAL_REPRESENTATION('',(#13463),#13467);
#13463 = LINE('',#13464,#13465);
#13464 = CARTESIAN_POINT('',(0.,1.45));
#13465 = VECTOR('',#13466,1.);
#13466 = DIRECTION('',(1.,0.));
#13467 = ( GEOMETRIC_REPRESENTATION_CONTEXT(2) 
PARAMETRIC_REPRESENTATION_CONTEXT() REPRESENTATION_CONTEXT('2D SPACE',''
  ) );
#13468 = PCURVE('',#13322,#13469);
#13469 = DEFINITIONAL_REPRESENTATION('',(#13470),#13474);
#13470 = LINE('',#13471,#13472);
#13471 = CARTESIAN_POINT('',(-0.,-0.));
#13472 = VECTOR('',#13473,1.);
#13473 = DIRECTION('',(-1.,-0.));
#13474 = ( GEOMETRIC_REPRESENTATION_CONTEXT(2) 
PARAMETRIC_REPRESENTATION_CONTEXT() REPRESENTATION_CONTEXT('2D SPACE',''
  ) );
#13475 = ORIENTED_EDGE('',*,*,#13476,.F.);
#13476 = EDGE_CURVE('',#13160,#13453,#13477,.T.);
#13477 = SURFACE_CURVE('',#13478,(#13482,#13488),.PCURVE_S1.);
#13478 = LINE('',#13479,#13480);
#13479 = CARTESIAN_POINT('',(1.594854052602,-0.423013653326,3.4));
#13480 = VECTOR('',#13481,1.);
#13481 = DIRECTION('',(0.,0.,1.));
#13482 = PCURVE('',#13203,#13483);
#13483 = DEFINITIONAL_REPRESENTATION('',(#13484),#13487);
#13484 = B_SPLINE_CURVE_WITH_KNOTS('',1,(#13485,#13486),.UNSPECIFIED.,
  .F.,.F.,(2,2),(-5.999999999062E-07,1.4500006),
  .PIECEWISE_BEZIER_KNOTS.);
#13485 = CARTESIAN_POINT('',(6.023918522301,-5.999999999062E-07));
#13486 = CARTESIAN_POINT('',(6.023918522301,1.4500006));
#13487 = ( GEOMETRIC_REPRESENTATION_CONTEXT(2) 
PARAMETRIC_REPRESENTATION_CONTEXT() REPRESENTATION_CONTEXT('2D SPACE',''
  ) );
#13488 = PCURVE('',#13176,#13489);
#13489 = DEFINITIONAL_REPRESENTATION('',(#13490),#13493);
#13490 = B_SPLINE_CURVE_WITH_KNOTS('',1,(#13491,#13492),.UNSPECIFIED.,
  .F.,.F.,(2,2),(-5.999999999062E-07,1.4500006),
  .PIECEWISE_BEZIER_KNOTS.);
#13491 = CARTESIAN_POINT('',(1.244813393506,9.99994E-02));
#13492 = CARTESIAN_POINT('',(1.244813393506,1.5500006));
#13493 = ( GEOMETRIC_REPRESENTATION_CONTEXT(2) 
PARAMETRIC_REPRESENTATION_CONTEXT() REPRESENTATION_CONTEXT('2D SPACE',''
  ) );
#13494 = ORIENTED_EDGE('',*,*,#13188,.T.);
#13495 = ORIENTED_EDGE('',*,*,#13247,.T.);
#13496 = ADVANCED_FACE('',(#13497),#12364,.F.);
#13497 = FACE_BOUND('',#13498,.F.);
#13498 = EDGE_LOOP('',(#13499,#13520,#13521,#13522));
#13499 = ORIENTED_EDGE('',*,*,#13500,.F.);
#13500 = EDGE_CURVE('',#12348,#13501,#13503,.T.);
#13501 = VERTEX_POINT('',#13502);
#13502 = CARTESIAN_POINT('',(1.426847938399,0.828616292797,4.85));
#13503 = SURFACE_CURVE('',#13504,(#13508,#13514),.PCURVE_S1.);
#13504 = LINE('',#13505,#13506);
#13505 = CARTESIAN_POINT('',(1.426847938399,0.828616292797,3.4));
#13506 = VECTOR('',#13507,1.);
#13507 = DIRECTION('',(0.,0.,1.));
#13508 = PCURVE('',#12364,#13509);
#13509 = DEFINITIONAL_REPRESENTATION('',(#13510),#13513);
#13510 = B_SPLINE_CURVE_WITH_KNOTS('',1,(#13511,#13512),.UNSPECIFIED.,
  .F.,.F.,(2,2),(-5.999999999062E-07,1.4500006),
  .PIECEWISE_BEZIER_KNOTS.);
#13511 = CARTESIAN_POINT('',(2.030211556904,9.99994E-02));
#13512 = CARTESIAN_POINT('',(2.030211556904,1.5500006));
#13513 = ( GEOMETRIC_REPRESENTATION_CONTEXT(2) 
PARAMETRIC_REPRESENTATION_CONTEXT() REPRESENTATION_CONTEXT('2D SPACE',''
  ) );
#13514 = PCURVE('',#12393,#13515);
#13515 = DEFINITIONAL_REPRESENTATION('',(#13516),#13519);
#13516 = B_SPLINE_CURVE_WITH_KNOTS('',1,(#13517,#13518),.UNSPECIFIED.,
  .F.,.F.,(2,2),(-5.999999999062E-07,1.4500006),
  .PIECEWISE_BEZIER_KNOTS.);
#13517 = CARTESIAN_POINT('',(0.526131378519,-5.999999999062E-07));
#13518 = CARTESIAN_POINT('',(0.526131378519,1.4500006));
#13519 = ( GEOMETRIC_REPRESENTATION_CONTEXT(2) 
PARAMETRIC_REPRESENTATION_CONTEXT() REPRESENTATION_CONTEXT('2D SPACE',''
  ) );
#13520 = ORIENTED_EDGE('',*,*,#12347,.T.);
#13521 = ORIENTED_EDGE('',*,*,#13430,.T.);
#13522 = ORIENTED_EDGE('',*,*,#13523,.F.);
#13523 = EDGE_CURVE('',#13501,#13405,#13524,.T.);
#13524 = SURFACE_CURVE('',#13525,(#13558,#13594),.PCURVE_S1.);
#13525 = B_SPLINE_CURVE_WITH_KNOTS('',6,(#13526,#13527,#13528,#13529,
    #13530,#13531,#13532,#13533,#13534,#13535,#13536,#13537,#13538,
    #13539,#13540,#13541,#13542,#13543,#13544,#13545,#13546,#13547,
    #13548,#13549,#13550,#13551,#13552,#13553,#13554,#13555,#13556,
    #13557),.UNSPECIFIED.,.F.,.F.,(7,5,5,5,5,5,7),(0.,0.27593803845,
    0.355235459638,0.500134372408,0.723632036377,0.97830102804,1.),
  .UNSPECIFIED.);
#13526 = CARTESIAN_POINT('',(1.426847938399,0.828616292797,4.85));
#13527 = CARTESIAN_POINT('',(1.400450570222,0.815556969207,
    4.879385574946));
#13528 = CARTESIAN_POINT('',(1.376203963799,0.798283355045,4.90902523063
    ));
#13529 = CARTESIAN_POINT('',(1.354797456743,0.777175688416,
    4.938154352171));
#13530 = CARTESIAN_POINT('',(1.336897284293,0.752692437054,
    4.965902761755));
#13531 = CARTESIAN_POINT('',(1.323175152509,0.725445079421,
    4.991159899527));
#13532 = CARTESIAN_POINT('',(1.311593550542,0.687905932467,
    5.018968654818));
#13533 = CARTESIAN_POINT('',(1.309399057191,0.679370119611,
    5.024873067724));
#13534 = CARTESIAN_POINT('',(1.307608333742,0.670699524694,5.03044625582
    ));
#13535 = CARTESIAN_POINT('',(1.306233293573,0.661917778252,
    5.035659773332));
#13536 = CARTESIAN_POINT('',(1.305284030466,0.653050778849,
    5.040485940591));
#13537 = CARTESIAN_POINT('',(1.303825196545,0.627819835734,
    5.052962987895));
#13538 = CARTESIAN_POINT('',(1.304328791769,0.611319659739,
    5.059649263855));
#13539 = CARTESIAN_POINT('',(1.306326138386,0.594802080252,
    5.064797027919));
#13540 = CARTESIAN_POINT('',(1.309830719329,0.578464240434,
    5.068275782685));
#13541 = CARTESIAN_POINT('',(1.314812621137,0.562510401667,
    5.070009368069));
#13542 = CARTESIAN_POINT('',(1.331024073445,0.52342660895,5.069985473032
    ));
#13543 = CARTESIAN_POINT('',(1.34418257968,0.501083916856,5.065824372559
    ));
#13544 = CARTESIAN_POINT('',(1.360364783216,0.480847594791,5.0575072524)
  );
#13545 = CARTESIAN_POINT('',(1.379020418261,0.463257665383,5.04548428038
    ));
#13546 = CARTESIAN_POINT('',(1.399551346231,0.448607415538,
    5.030412610983));
#13547 = CARTESIAN_POINT('',(1.446269831602,0.423850062603,
    4.993033293259));
#13548 = CARTESIAN_POINT('',(1.47285388802,0.414657716413,4.970004472303
    ));
#13549 = CARTESIAN_POINT('',(1.50035863999,0.409633205658,4.944771248166
    ));
#13550 = CARTESIAN_POINT('',(1.528062295692,0.408756744635,
    4.918215826049));
#13551 = CARTESIAN_POINT('',(1.555330120504,0.411924946836,
    4.891045701559));
#13552 = CARTESIAN_POINT('',(1.583799167161,0.419585167822,
    4.861564308593));
#13553 = CARTESIAN_POINT('',(1.586026830014,0.420214834435,4.85924968063
    ));
#13554 = CARTESIAN_POINT('',(1.588246531934,0.420872624925,4.85693554526
    ));
#13555 = CARTESIAN_POINT('',(1.590457890745,0.421558432833,
    4.854622294585));
#13556 = CARTESIAN_POINT('',(1.592660524724,0.422272147352,
    4.852310317562));
#13557 = CARTESIAN_POINT('',(1.594854052602,0.423013653326,4.85));
#13558 = PCURVE('',#12364,#13559);
#13559 = DEFINITIONAL_REPRESENTATION('',(#13560),#13593);
#13560 = B_SPLINE_CURVE_WITH_KNOTS('',6,(#13561,#13562,#13563,#13564,
    #13565,#13566,#13567,#13568,#13569,#13570,#13571,#13572,#13573,
    #13574,#13575,#13576,#13577,#13578,#13579,#13580,#13581,#13582,
    #13583,#13584,#13585,#13586,#13587,#13588,#13589,#13590,#13591,
    #13592),.UNSPECIFIED.,.F.,.F.,(7,5,5,5,5,5,7),(0.,0.27593803845,
    0.355235459638,0.500134372408,0.723632036377,0.97830102804,1.),
  .UNSPECIFIED.);
#13561 = CARTESIAN_POINT('',(2.030211556904,1.55));
#13562 = CARTESIAN_POINT('',(2.164080169195,1.579385574946));
#13563 = CARTESIAN_POINT('',(2.297679608338,1.60902523063));
#13564 = CARTESIAN_POINT('',(2.431758526624,1.638154352171));
#13565 = CARTESIAN_POINT('',(2.566894792085,1.665902761755));
#13566 = CARTESIAN_POINT('',(2.703629449161,1.691159899527));
#13567 = CARTESIAN_POINT('',(2.882198199849,1.718968654818));
#13568 = CARTESIAN_POINT('',(2.922213712246,1.724873067724));
#13569 = CARTESIAN_POINT('',(2.962387452052,1.73044625582));
#13570 = CARTESIAN_POINT('',(3.002719542026,1.735659773332));
#13571 = CARTESIAN_POINT('',(3.043205914792,1.740485940591));
#13572 = CARTESIAN_POINT('',(3.158083561427,1.752962987895));
#13573 = CARTESIAN_POINT('',(3.232828117474,1.759649263855));
#13574 = CARTESIAN_POINT('',(3.307992861404,1.764797027919));
#13575 = CARTESIAN_POINT('',(3.383474541591,1.768275782685));
#13576 = CARTESIAN_POINT('',(3.459133361922,1.770009368069));
#13577 = CARTESIAN_POINT('',(3.651463250217,1.769985473032));
#13578 = CARTESIAN_POINT('',(3.768186255954,1.765824372559));
#13579 = CARTESIAN_POINT('',(3.884196075855,1.7575072524));
#13580 = CARTESIAN_POINT('',(3.999115271547,1.74548428038));
#13581 = CARTESIAN_POINT('',(4.112755792159,1.730412610983));
#13582 = CARTESIAN_POINT('',(4.353087149147,1.693033293259));
#13583 = CARTESIAN_POINT('',(4.479422607067,1.670004472303));
#13584 = CARTESIAN_POINT('',(4.604363442561,1.644771248166));
#13585 = CARTESIAN_POINT('',(4.728320890797,1.618215826049));
#13586 = CARTESIAN_POINT('',(4.851749809423,1.591045701559));
#13587 = CARTESIAN_POINT('',(4.985757148801,1.561564308593));
#13588 = CARTESIAN_POINT('',(4.996278779218,1.55924968063));
#13589 = CARTESIAN_POINT('',(5.006800778419,1.55693554526));
#13590 = CARTESIAN_POINT('',(5.017323440119,1.554622294585));
#13591 = CARTESIAN_POINT('',(5.027847055592,1.552310317562));
#13592 = CARTESIAN_POINT('',(5.038371913673,1.55));
#13593 = ( GEOMETRIC_REPRESENTATION_CONTEXT(2) 
PARAMETRIC_REPRESENTATION_CONTEXT() REPRESENTATION_CONTEXT('2D SPACE',''
  ) );
#13594 = PCURVE('',#13322,#13595);
#13595 = DEFINITIONAL_REPRESENTATION('',(#13596),#13629);
#13596 = B_SPLINE_CURVE_WITH_KNOTS('',6,(#13597,#13598,#13599,#13600,
    #13601,#13602,#13603,#13604,#13605,#13606,#13607,#13608,#13609,
    #13610,#13611,#13612,#13613,#13614,#13615,#13616,#13617,#13618,
    #13619,#13620,#13621,#13622,#13623,#13624,#13625,#13626,#13627,
    #13628),.UNSPECIFIED.,.F.,.F.,(7,5,5,5,5,5,7),(0.,0.27593803845,
    0.355235459638,0.500134372408,0.723632036377,0.97830102804,1.),
  .UNSPECIFIED.);
#13597 = CARTESIAN_POINT('',(-0.526131378519,1.221245327088E-15));
#13598 = CARTESIAN_POINT('',(-0.52732132174,-2.938557494612E-02));
#13599 = CARTESIAN_POINT('',(-0.525698715786,-5.902523063008E-02));
#13600 = CARTESIAN_POINT('',(-0.521029132887,-8.815435217108E-02));
#13601 = CARTESIAN_POINT('',(-0.513079766607,-0.115902761755));
#13602 = CARTESIAN_POINT('',(-0.501715418001,-0.141159899527));
#13603 = CARTESIAN_POINT('',(-0.483057508961,-0.168968654818));
#13604 = CARTESIAN_POINT('',(-0.478635088588,-0.174873067724));
#13605 = CARTESIAN_POINT('',(-0.473962596709,-0.18044625582));
#13606 = CARTESIAN_POINT('',(-0.469050810964,-0.185659773332));
#13607 = CARTESIAN_POINT('',(-0.463914310083,-0.190485940591));
#13608 = CARTESIAN_POINT('',(-0.448809898861,-0.202962987895));
#13609 = CARTESIAN_POINT('',(-0.438359211516,-0.209649263855));
#13610 = CARTESIAN_POINT('',(-0.4273348987,-0.214797027919));
#13611 = CARTESIAN_POINT('',(-0.415902994135,-0.218275782685));
#13612 = CARTESIAN_POINT('',(-0.404261906272,-0.220009368069));
#13613 = CARTESIAN_POINT('',(-0.374672698035,-0.219985473032));
#13614 = CARTESIAN_POINT('',(-0.356716998031,-0.215824372559));
#13615 = CARTESIAN_POINT('',(-0.339537423966,-0.2075072524));
#13616 = CARTESIAN_POINT('',(-0.323856435441,-0.19548428038));
#13617 = CARTESIAN_POINT('',(-0.310050442838,-0.180412610983));
#13618 = CARTESIAN_POINT('',(-0.28490399004,-0.143033293259));
#13619 = CARTESIAN_POINT('',(-0.274171616508,-0.120004472303));
#13620 = CARTESIAN_POINT('',(-0.266329801377,-9.477124816564E-02));
#13621 = CARTESIAN_POINT('',(-0.26129773802,-6.821582604937E-02));
#13622 = CARTESIAN_POINT('',(-0.258904110341,-4.104570155883E-02));
#13623 = CARTESIAN_POINT('',(-0.258973990602,-1.156430859285E-02));
#13624 = CARTESIAN_POINT('',(-0.258997321306,-9.2496806301E-03));
#13625 = CARTESIAN_POINT('',(-0.259038381898,-6.935545259959E-03));
#13626 = CARTESIAN_POINT('',(-0.259097057109,-4.622294585029E-03));
#13627 = CARTESIAN_POINT('',(-0.259173230584,-2.310317561668E-03));
#13628 = CARTESIAN_POINT('',(-0.259266784878,0.));
#13629 = ( GEOMETRIC_REPRESENTATION_CONTEXT(2) 
PARAMETRIC_REPRESENTATION_CONTEXT() REPRESENTATION_CONTEXT('2D SPACE',''
  ) );
#13630 = ADVANCED_FACE('',(#13631),#13176,.F.);
#13631 = FACE_BOUND('',#13632,.F.);
#13632 = EDGE_LOOP('',(#13633,#13743,#13744,#13745));
#13633 = ORIENTED_EDGE('',*,*,#13634,.F.);
#13634 = EDGE_CURVE('',#13453,#13635,#13637,.T.);
#13635 = VERTEX_POINT('',#13636);
#13636 = CARTESIAN_POINT('',(1.426847938399,-0.828616292797,4.85));
#13637 = SURFACE_CURVE('',#13638,(#13671,#13707),.PCURVE_S1.);
#13638 = B_SPLINE_CURVE_WITH_KNOTS('',6,(#13639,#13640,#13641,#13642,
    #13643,#13644,#13645,#13646,#13647,#13648,#13649,#13650,#13651,
    #13652,#13653,#13654,#13655,#13656,#13657,#13658,#13659,#13660,
    #13661,#13662,#13663,#13664,#13665,#13666,#13667,#13668,#13669,
    #13670),.UNSPECIFIED.,.F.,.F.,(7,5,5,5,5,5,7),(0.,0.276136647701,
    0.355113261588,0.499926974258,0.723711053782,0.974652248915,1.),
  .UNSPECIFIED.);
#13639 = CARTESIAN_POINT('',(1.594854052602,-0.423013653326,4.85));
#13640 = CARTESIAN_POINT('',(1.566933943036,-0.413575465541,
    4.87940665587));
#13641 = CARTESIAN_POINT('',(1.537552632132,-0.408644518702,
    4.909067729133));
#13642 = CARTESIAN_POINT('',(1.507468014665,-0.408439818448,
    4.938216994251));
#13643 = CARTESIAN_POINT('',(1.477477085353,-0.413108569121,
    4.965982369118));
#13644 = CARTESIAN_POINT('',(1.448489373057,-0.422693320364,
    4.991250457699));
#13645 = CARTESIAN_POINT('',(1.413777049313,-0.441063329072,
    5.019032649552));
#13646 = CARTESIAN_POINT('',(1.406221922208,-0.445532356165,
    5.024910340194));
#13647 = CARTESIAN_POINT('',(1.398855610647,-0.450379068159,
    5.030459314153));
#13648 = CARTESIAN_POINT('',(1.391702944216,-0.455595269409,
    5.035651474075));
#13649 = CARTESIAN_POINT('',(1.384789064227,-0.461169919777,
    5.040459477209));
#13650 = CARTESIAN_POINT('',(1.365944928735,-0.477941267053,
    5.05292295456));
#13651 = CARTESIAN_POINT('',(1.354635502292,-0.489952351212,
    5.059612481895));
#13652 = CARTESIAN_POINT('',(1.344368167902,-0.503031176351,
    5.064765889375));
#13653 = CARTESIAN_POINT('',(1.335291650644,-0.517048240493,
    5.06825276495));
#13654 = CARTESIAN_POINT('',(1.327529133463,-0.531838382903,
    5.069996846479));
#13655 = CARTESIAN_POINT('',(1.311321579799,-0.570948720267,
    5.070004864508));
#13656 = CARTESIAN_POINT('',(1.304806686548,-0.596081994027,
    5.065852520552));
#13657 = CARTESIAN_POINT('',(1.301928670327,-0.621867494652,
    5.057532308561));
#13658 = CARTESIAN_POINT('',(1.302680591912,-0.647531081737,
    5.045495790689));
#13659 = CARTESIAN_POINT('',(1.306846019401,-0.672439930133,
    5.030402818432));
#13660 = CARTESIAN_POINT('',(1.322274487411,-0.722612512029,
    4.993283782778));
#13661 = CARTESIAN_POINT('',(1.334339821437,-0.747560559555,
    4.970633170228));
#13662 = CARTESIAN_POINT('',(1.349904474527,-0.770287910582,
    4.945830093494));
#13663 = CARTESIAN_POINT('',(1.368467426594,-0.790317170377,
    4.919719807309));
#13664 = CARTESIAN_POINT('',(1.389529562345,-0.807286205989,
    4.892983077107));
#13665 = CARTESIAN_POINT('',(1.414911970626,-0.822266375145,
    4.863510502331));
#13666 = CARTESIAN_POINT('',(1.417260882134,-0.82360634531,4.86080635045
    ));
#13667 = CARTESIAN_POINT('',(1.419629486549,-0.824911631596,
    4.858102600458));
#13668 = CARTESIAN_POINT('',(1.422017234514,-0.826181921399,
    4.85539987915));
#13669 = CARTESIAN_POINT('',(1.424423571618,-0.827416908446,
    4.852698807368));
#13670 = CARTESIAN_POINT('',(1.426847938399,-0.828616292797,4.85));
#13671 = PCURVE('',#13176,#13672);
#13672 = DEFINITIONAL_REPRESENTATION('',(#13673),#13706);
#13673 = B_SPLINE_CURVE_WITH_KNOTS('',6,(#13674,#13675,#13676,#13677,
    #13678,#13679,#13680,#13681,#13682,#13683,#13684,#13685,#13686,
    #13687,#13688,#13689,#13690,#13691,#13692,#13693,#13694,#13695,
    #13696,#13697,#13698,#13699,#13700,#13701,#13702,#13703,#13704,
    #13705),.UNSPECIFIED.,.F.,.F.,(7,5,5,5,5,5,7),(0.,0.276136647701,
    0.355113261588,0.499926974258,0.723711053782,0.974652248915,1.),
  .UNSPECIFIED.);
#13674 = CARTESIAN_POINT('',(1.244813393506,1.55));
#13675 = CARTESIAN_POINT('',(1.37877804183,1.57940665587));
#13676 = CARTESIAN_POINT('',(1.51247299139,1.609067729133));
#13677 = CARTESIAN_POINT('',(1.646648741518,1.638216994251));
#13678 = CARTESIAN_POINT('',(1.781884279905,1.665982369118));
#13679 = CARTESIAN_POINT('',(1.918721669274,1.691250457699));
#13680 = CARTESIAN_POINT('',(2.097237279608,1.719032649552));
#13681 = CARTESIAN_POINT('',(2.137092160129,1.724910340194));
#13682 = CARTESIAN_POINT('',(2.177103985208,1.730459314153));
#13683 = CARTESIAN_POINT('',(2.217272861371,1.735651474075));
#13684 = CARTESIAN_POINT('',(2.25759477123,1.740459477209));
#13685 = CARTESIAN_POINT('',(2.37226097129,1.75292295456));
#13686 = CARTESIAN_POINT('',(2.446959221049,1.759612481895));
#13687 = CARTESIAN_POINT('',(2.522077553214,1.764765889375));
#13688 = CARTESIAN_POINT('',(2.597513046922,1.76825276495));
#13689 = CARTESIAN_POINT('',(2.673126258188,1.769996846479));
#13690 = CARTESIAN_POINT('',(2.865560817445,1.770004864508));
#13691 = CARTESIAN_POINT('',(2.982435667805,1.765852520552));
#13692 = CARTESIAN_POINT('',(3.098596390027,1.757532308561));
#13693 = CARTESIAN_POINT('',(3.213663989486,1.745495790689));
#13694 = CARTESIAN_POINT('',(3.327449562046,1.730402818432));
#13695 = CARTESIAN_POINT('',(3.566045904975,1.693283782778));
#13696 = CARTESIAN_POINT('',(3.690556121638,1.670633170228));
#13697 = CARTESIAN_POINT('',(3.81370772529,1.645830093494));
#13698 = CARTESIAN_POINT('',(3.935891814116,1.619719807309));
#13699 = CARTESIAN_POINT('',(4.057543498139,1.592983077107));
#13700 = CARTESIAN_POINT('',(4.191512789526,1.563510502331));
#13701 = CARTESIAN_POINT('',(4.20380344571,1.56080635045));
#13702 = CARTESIAN_POINT('',(4.216094402678,1.558102600458));
#13703 = CARTESIAN_POINT('',(4.228386129834,1.55539987915));
#13704 = CARTESIAN_POINT('',(4.240679092172,1.552698807368));
#13705 = CARTESIAN_POINT('',(4.252973750276,1.55));
#13706 = ( GEOMETRIC_REPRESENTATION_CONTEXT(2) 
PARAMETRIC_REPRESENTATION_CONTEXT() REPRESENTATION_CONTEXT('2D SPACE',''
  ) );
#13707 = PCURVE('',#13322,#13708);
#13708 = DEFINITIONAL_REPRESENTATION('',(#13709),#13742);
#13709 = B_SPLINE_CURVE_WITH_KNOTS('',6,(#13710,#13711,#13712,#13713,
    #13714,#13715,#13716,#13717,#13718,#13719,#13720,#13721,#13722,
    #13723,#13724,#13725,#13726,#13727,#13728,#13729,#13730,#13731,
    #13732,#13733,#13734,#13735,#13736,#13737,#13738,#13739,#13740,
    #13741),.UNSPECIFIED.,.F.,.F.,(7,5,5,5,5,5,7),(0.,0.276136647701,
    0.355113261588,0.499926974258,0.723711053782,0.974652248915,1.),
  .UNSPECIFIED.);
#13710 = CARTESIAN_POINT('',(-6.023918522301,6.328271240363E-15));
#13711 = CARTESIAN_POINT('',(-6.025109319175,-2.940665586994E-02));
#13712 = CARTESIAN_POINT('',(-6.023483527866,-5.906772913331E-02));
#13713 = CARTESIAN_POINT('',(-6.018806233982,-8.821699425078E-02));
#13714 = CARTESIAN_POINT('',(-6.010844099211,-0.115982369118));
#13715 = CARTESIAN_POINT('',(-5.999461783776,-0.141250457699));
#13716 = CARTESIAN_POINT('',(-5.980795946386,-0.169032649552));
#13717 = CARTESIAN_POINT('',(-5.976389339413,-0.174910340194));
#13718 = CARTESIAN_POINT('',(-5.971734749649,-0.180459314153));
#13719 = CARTESIAN_POINT('',(-5.966842837929,-0.185651474075));
#13720 = CARTESIAN_POINT('',(-5.961728005678,-0.190459477209));
#13721 = CARTESIAN_POINT('',(-5.946655489503,-0.20292295456));
#13722 = CARTESIAN_POINT('',(-5.936213909137,-0.209612481895));
#13723 = CARTESIAN_POINT('',(-5.925198804832,-0.214765889375));
#13724 = CARTESIAN_POINT('',(-5.913775765484,-0.21825276495));
#13725 = CARTESIAN_POINT('',(-5.902142735045,-0.219996846479));
#13726 = CARTESIAN_POINT('',(-5.872537418838,-0.220004864508));
#13727 = CARTESIAN_POINT('',(-5.854555874637,-0.215852520552));
#13728 = CARTESIAN_POINT('',(-5.837350668432,-0.207532308561));
#13729 = CARTESIAN_POINT('',(-5.821647644163,-0.195495790689));
#13730 = CARTESIAN_POINT('',(-5.807824650761,-0.180402818432));
#13731 = CARTESIAN_POINT('',(-5.782866779802,-0.143283782778));
#13732 = CARTESIAN_POINT('',(-5.772257146448,-0.120633170228));
#13733 = CARTESIAN_POINT('',(-5.764451064958,-9.583009349416E-02));
#13734 = CARTESIAN_POINT('',(-5.759375295257,-6.97198073087E-02));
#13735 = CARTESIAN_POINT('',(-5.756868114312,-4.298307710719E-02));
#13736 = CARTESIAN_POINT('',(-5.756746537402,-1.351050233054E-02));
#13737 = CARTESIAN_POINT('',(-5.756759837673,-1.080635045032E-02));
#13738 = CARTESIAN_POINT('',(-5.756797411086,-8.102600458403E-03));
#13739 = CARTESIAN_POINT('',(-5.756859074529,-5.399879150119E-03));
#13740 = CARTESIAN_POINT('',(-5.756944642811,-2.698807367642E-03));
#13741 = CARTESIAN_POINT('',(-5.75705392866,7.660538869914E-15));
#13742 = ( GEOMETRIC_REPRESENTATION_CONTEXT(2) 
PARAMETRIC_REPRESENTATION_CONTEXT() REPRESENTATION_CONTEXT('2D SPACE',''
  ) );
#13743 = ORIENTED_EDGE('',*,*,#13476,.F.);
#13744 = ORIENTED_EDGE('',*,*,#13159,.T.);
#13745 = ORIENTED_EDGE('',*,*,#13746,.T.);
#13746 = EDGE_CURVE('',#13131,#13635,#13747,.T.);
#13747 = SURFACE_CURVE('',#13748,(#13752,#13758),.PCURVE_S1.);
#13748 = LINE('',#13749,#13750);
#13749 = CARTESIAN_POINT('',(1.426847938399,-0.828616292797,3.4));
#13750 = VECTOR('',#13751,1.);
#13751 = DIRECTION('',(0.,0.,1.));
#13752 = PCURVE('',#13176,#13753);
#13753 = DEFINITIONAL_REPRESENTATION('',(#13754),#13757);
#13754 = B_SPLINE_CURVE_WITH_KNOTS('',1,(#13755,#13756),.UNSPECIFIED.,
  .F.,.F.,(2,2),(-5.999999999062E-07,1.4500006),
  .PIECEWISE_BEZIER_KNOTS.);
#13755 = CARTESIAN_POINT('',(4.252973750276,9.99994E-02));
#13756 = CARTESIAN_POINT('',(4.252973750276,1.5500006));
#13757 = ( GEOMETRIC_REPRESENTATION_CONTEXT(2) 
PARAMETRIC_REPRESENTATION_CONTEXT() REPRESENTATION_CONTEXT('2D SPACE',''
  ) );
#13758 = PCURVE('',#13147,#13759);
#13759 = DEFINITIONAL_REPRESENTATION('',(#13760),#13763);
#13760 = B_SPLINE_CURVE_WITH_KNOTS('',1,(#13761,#13762),.UNSPECIFIED.,
  .F.,.F.,(2,2),(-5.999999999062E-07,1.4500006),
  .PIECEWISE_BEZIER_KNOTS.);
#13761 = CARTESIAN_POINT('',(5.75705392866,-5.999999999062E-07));
#13762 = CARTESIAN_POINT('',(5.75705392866,1.4500006));
#13763 = ( GEOMETRIC_REPRESENTATION_CONTEXT(2) 
PARAMETRIC_REPRESENTATION_CONTEXT() REPRESENTATION_CONTEXT('2D SPACE',''
  ) );
#13764 = ADVANCED_FACE('',(#13765),#12393,.T.);
#13765 = FACE_BOUND('',#13766,.T.);
#13766 = EDGE_LOOP('',(#13767,#13791,#13792,#13793));
#13767 = ORIENTED_EDGE('',*,*,#13768,.F.);
#13768 = EDGE_CURVE('',#13501,#13769,#13771,.T.);
#13769 = VERTEX_POINT('',#13770);
#13770 = CARTESIAN_POINT('',(1.31157269975,1.001137879251,4.85));
#13771 = SURFACE_CURVE('',#13772,(#13777,#13784),.PCURVE_S1.);
#13772 = CIRCLE('',#13773,1.65);
#13773 = AXIS2_PLACEMENT_3D('',#13774,#13775,#13776);
#13774 = CARTESIAN_POINT('',(0.,0.,4.85));
#13775 = DIRECTION('',(0.,0.,1.));
#13776 = DIRECTION('',(1.,0.,-0.));
#13777 = PCURVE('',#12393,#13778);
#13778 = DEFINITIONAL_REPRESENTATION('',(#13779),#13783);
#13779 = LINE('',#13780,#13781);
#13780 = CARTESIAN_POINT('',(0.,1.45));
#13781 = VECTOR('',#13782,1.);
#13782 = DIRECTION('',(1.,0.));
#13783 = ( GEOMETRIC_REPRESENTATION_CONTEXT(2) 
PARAMETRIC_REPRESENTATION_CONTEXT() REPRESENTATION_CONTEXT('2D SPACE',''
  ) );
#13784 = PCURVE('',#13322,#13785);
#13785 = DEFINITIONAL_REPRESENTATION('',(#13786),#13790);
#13786 = LINE('',#13787,#13788);
#13787 = CARTESIAN_POINT('',(-0.,-0.));
#13788 = VECTOR('',#13789,1.);
#13789 = DIRECTION('',(-1.,-0.));
#13790 = ( GEOMETRIC_REPRESENTATION_CONTEXT(2) 
PARAMETRIC_REPRESENTATION_CONTEXT() REPRESENTATION_CONTEXT('2D SPACE',''
  ) );
#13791 = ORIENTED_EDGE('',*,*,#13500,.F.);
#13792 = ORIENTED_EDGE('',*,*,#12376,.T.);
#13793 = ORIENTED_EDGE('',*,*,#13794,.T.);
#13794 = EDGE_CURVE('',#12377,#13769,#13795,.T.);
#13795 = SURFACE_CURVE('',#13796,(#13800,#13806),.PCURVE_S1.);
#13796 = LINE('',#13797,#13798);
#13797 = CARTESIAN_POINT('',(1.31157269975,1.001137879251,3.4));
#13798 = VECTOR('',#13799,1.);
#13799 = DIRECTION('',(0.,0.,1.));
#13800 = PCURVE('',#12393,#13801);
#13801 = DEFINITIONAL_REPRESENTATION('',(#13802),#13805);
#13802 = B_SPLINE_CURVE_WITH_KNOTS('',1,(#13803,#13804),.UNSPECIFIED.,
  .F.,.F.,(2,2),(-5.999999999062E-07,1.4500006),
  .PIECEWISE_BEZIER_KNOTS.);
#13803 = CARTESIAN_POINT('',(0.651965866577,-5.999999999062E-07));
#13804 = CARTESIAN_POINT('',(0.651965866577,1.4500006));
#13805 = ( GEOMETRIC_REPRESENTATION_CONTEXT(2) 
PARAMETRIC_REPRESENTATION_CONTEXT() REPRESENTATION_CONTEXT('2D SPACE',''
  ) );
#13806 = PCURVE('',#12422,#13807);
#13807 = DEFINITIONAL_REPRESENTATION('',(#13808),#13811);
#13808 = B_SPLINE_CURVE_WITH_KNOTS('',1,(#13809,#13810),.UNSPECIFIED.,
  .F.,.F.,(2,2),(-5.999999999062E-07,1.4500006),
  .PIECEWISE_BEZIER_KNOTS.);
#13809 = CARTESIAN_POINT('',(5.431070995372,9.99994E-02));
#13810 = CARTESIAN_POINT('',(5.431070995372,1.5500006));
#13811 = ( GEOMETRIC_REPRESENTATION_CONTEXT(2) 
PARAMETRIC_REPRESENTATION_CONTEXT() REPRESENTATION_CONTEXT('2D SPACE',''
  ) );
#13812 = ADVANCED_FACE('',(#13813),#13147,.T.);
#13813 = FACE_BOUND('',#13814,.T.);
#13814 = EDGE_LOOP('',(#13815,#13839,#13858,#13859));
#13815 = ORIENTED_EDGE('',*,*,#13816,.F.);
#13816 = EDGE_CURVE('',#13817,#13635,#13819,.T.);
#13817 = VERTEX_POINT('',#13818);
#13818 = CARTESIAN_POINT('',(1.31157269975,-1.001137879251,4.85));
#13819 = SURFACE_CURVE('',#13820,(#13825,#13832),.PCURVE_S1.);
#13820 = CIRCLE('',#13821,1.65);
#13821 = AXIS2_PLACEMENT_3D('',#13822,#13823,#13824);
#13822 = CARTESIAN_POINT('',(0.,0.,4.85));
#13823 = DIRECTION('',(0.,0.,1.));
#13824 = DIRECTION('',(1.,0.,-0.));
#13825 = PCURVE('',#13147,#13826);
#13826 = DEFINITIONAL_REPRESENTATION('',(#13827),#13831);
#13827 = LINE('',#13828,#13829);
#13828 = CARTESIAN_POINT('',(0.,1.45));
#13829 = VECTOR('',#13830,1.);
#13830 = DIRECTION('',(1.,0.));
#13831 = ( GEOMETRIC_REPRESENTATION_CONTEXT(2) 
PARAMETRIC_REPRESENTATION_CONTEXT() REPRESENTATION_CONTEXT('2D SPACE',''
  ) );
#13832 = PCURVE('',#13322,#13833);
#13833 = DEFINITIONAL_REPRESENTATION('',(#13834),#13838);
#13834 = LINE('',#13835,#13836);
#13835 = CARTESIAN_POINT('',(-0.,-0.));
#13836 = VECTOR('',#13837,1.);
#13837 = DIRECTION('',(-1.,-0.));
#13838 = ( GEOMETRIC_REPRESENTATION_CONTEXT(2) 
PARAMETRIC_REPRESENTATION_CONTEXT() REPRESENTATION_CONTEXT('2D SPACE',''
  ) );
#13839 = ORIENTED_EDGE('',*,*,#13840,.F.);
#13840 = EDGE_CURVE('',#13102,#13817,#13841,.T.);
#13841 = SURFACE_CURVE('',#13842,(#13846,#13852),.PCURVE_S1.);
#13842 = LINE('',#13843,#13844);
#13843 = CARTESIAN_POINT('',(1.31157269975,-1.001137879251,3.4));
#13844 = VECTOR('',#13845,1.);
#13845 = DIRECTION('',(0.,0.,1.));
#13846 = PCURVE('',#13147,#13847);
#13847 = DEFINITIONAL_REPRESENTATION('',(#13848),#13851);
#13848 = B_SPLINE_CURVE_WITH_KNOTS('',1,(#13849,#13850),.UNSPECIFIED.,
  .F.,.F.,(2,2),(-5.999999999062E-07,1.4500006),
  .PIECEWISE_BEZIER_KNOTS.);
#13849 = CARTESIAN_POINT('',(5.631219440603,-5.999999999062E-07));
#13850 = CARTESIAN_POINT('',(5.631219440603,1.4500006));
#13851 = ( GEOMETRIC_REPRESENTATION_CONTEXT(2) 
PARAMETRIC_REPRESENTATION_CONTEXT() REPRESENTATION_CONTEXT('2D SPACE',''
  ) );
#13852 = PCURVE('',#13118,#13853);
#13853 = DEFINITIONAL_REPRESENTATION('',(#13854),#13857);
#13854 = B_SPLINE_CURVE_WITH_KNOTS('',1,(#13855,#13856),.UNSPECIFIED.,
  .F.,.F.,(2,2),(-5.999999999062E-07,1.4500006),
  .PIECEWISE_BEZIER_KNOTS.);
#13855 = CARTESIAN_POINT('',(0.852114311808,9.99994E-02));
#13856 = CARTESIAN_POINT('',(0.852114311808,1.5500006));
#13857 = ( GEOMETRIC_REPRESENTATION_CONTEXT(2) 
PARAMETRIC_REPRESENTATION_CONTEXT() REPRESENTATION_CONTEXT('2D SPACE',''
  ) );
#13858 = ORIENTED_EDGE('',*,*,#13130,.T.);
#13859 = ORIENTED_EDGE('',*,*,#13746,.T.);
#13860 = ADVANCED_FACE('',(#13861),#12422,.F.);
#13861 = FACE_BOUND('',#13862,.F.);
#13862 = EDGE_LOOP('',(#13863,#13973,#13992,#13993));
#13863 = ORIENTED_EDGE('',*,*,#13864,.F.);
#13864 = EDGE_CURVE('',#13865,#13769,#13867,.T.);
#13865 = VERTEX_POINT('',#13866);
#13866 = CARTESIAN_POINT('',(1.001137879251,1.31157269975,4.85));
#13867 = SURFACE_CURVE('',#13868,(#13901,#13937),.PCURVE_S1.);
#13868 = B_SPLINE_CURVE_WITH_KNOTS('',6,(#13869,#13870,#13871,#13872,
    #13873,#13874,#13875,#13876,#13877,#13878,#13879,#13880,#13881,
    #13882,#13883,#13884,#13885,#13886,#13887,#13888,#13889,#13890,
    #13891,#13892,#13893,#13894,#13895,#13896,#13897,#13898,#13899,
    #13900),.UNSPECIFIED.,.F.,.F.,(7,5,5,5,5,5,7),(0.,0.276221617166,
    0.499812847287,0.645047968748,0.724031893543,0.980184769802,1.),
  .UNSPECIFIED.);
#13869 = CARTESIAN_POINT('',(1.001137879251,1.31157269975,4.85));
#13870 = CARTESIAN_POINT('',(0.981731954102,1.289387875785,
    4.879409100733));
#13871 = CARTESIAN_POINT('',(0.965931600773,1.264127722673,
    4.909072657922));
#13872 = CARTESIAN_POINT('',(0.954229305636,1.236408785121,
    4.938224259051));
#13873 = CARTESIAN_POINT('',(0.947066171536,1.206911228046,
    4.965991600947));
#13874 = CARTESIAN_POINT('',(0.944829663596,1.176459299112,
    4.991260958252));
#13875 = CARTESIAN_POINT('',(0.950022880891,1.121439586744,
    5.030352140373));
#13876 = CARTESIAN_POINT('',(0.955692417687,1.096852988521,
    5.045439782321));
#13877 = CARTESIAN_POINT('',(0.964798442004,1.072872855272,
    5.057477789339));
#13878 = CARTESIAN_POINT('',(0.977299239002,1.050164723116,
    5.065807955177));
#13879 = CARTESIAN_POINT('',(0.992906513608,1.029444630842,
    5.069978990561));
#13880 = CARTESIAN_POINT('',(1.022839790165,0.999469006006,
    5.070013542201));
#13881 = CARTESIAN_POINT('',(1.035702736244,0.988735821836,
    5.068276063276));
#13882 = CARTESIAN_POINT('',(1.049490047893,0.979226351764,5.06478518515
    ));
#13883 = CARTESIAN_POINT('',(1.064023185502,0.971047086163,
    5.059617698524));
#13884 = CARTESIAN_POINT('',(1.079113514208,0.964261304436,
    5.052905198233));
#13885 = CARTESIAN_POINT('',(1.102989958232,0.955972876693,
    5.040407212331));
#13886 = CARTESIAN_POINT('',(1.111512514477,0.95347204268,5.035595163564
    ));
#13887 = CARTESIAN_POINT('',(1.120118318899,0.951393843287,
    5.030399083239));
#13888 = CARTESIAN_POINT('',(1.12877991867,0.94973884201,5.024846327904)
  );
#13889 = CARTESIAN_POINT('',(1.13747123909,0.94850509534,5.018965004685)
  );
#13890 = CARTESIAN_POINT('',(1.174371961412,0.945041683517,
    4.992733337795));
#13891 = CARTESIAN_POINT('',(1.202616261432,0.946787251558,
    4.969530313454));
#13892 = CARTESIAN_POINT('',(1.230098719328,0.952784334741,4.94410664919
    ));
#13893 = CARTESIAN_POINT('',(1.256149537215,0.962732133815,
    4.917359330639));
#13894 = CARTESIAN_POINT('',(1.280213179818,0.976285344876,
    4.890006585346));
#13895 = CARTESIAN_POINT('',(1.303456840372,0.994362622132,
    4.860562060151));
#13896 = CARTESIAN_POINT('',(1.305110852122,0.995679884698,4.85844806176
    ));
#13897 = CARTESIAN_POINT('',(1.306749680952,0.997016229936,
    4.856334559267));
#13898 = CARTESIAN_POINT('',(1.308373089123,0.998371470946,4.85422185104
    ));
#13899 = CARTESIAN_POINT('',(1.309980840339,0.999745418143,
    4.852110233277));
#13900 = CARTESIAN_POINT('',(1.31157269975,1.001137879251,4.85));
#13901 = PCURVE('',#12422,#13902);
#13902 = DEFINITIONAL_REPRESENTATION('',(#13903),#13936);
#13903 = B_SPLINE_CURVE_WITH_KNOTS('',6,(#13904,#13905,#13906,#13907,
    #13908,#13909,#13910,#13911,#13912,#13913,#13914,#13915,#13916,
    #13917,#13918,#13919,#13920,#13921,#13922,#13923,#13924,#13925,
    #13926,#13927,#13928,#13929,#13930,#13931,#13932,#13933,#13934,
    #13935),.UNSPECIFIED.,.F.,.F.,(7,5,5,5,5,5,7),(0.,0.276221617166,
    0.499812847287,0.645047968748,0.724031893543,0.980184769802,1.),
  .UNSPECIFIED.);
#13904 = CARTESIAN_POINT('',(2.422910638603,1.55));
#13905 = CARTESIAN_POINT('',(2.556886424717,1.579409100733));
#13906 = CARTESIAN_POINT('',(2.690592451098,1.609072657922));
#13907 = CARTESIAN_POINT('',(2.824779431339,1.638224259051));
#13908 = CARTESIAN_POINT('',(2.960026482881,1.665991600947));
#13909 = CARTESIAN_POINT('',(3.096875786417,1.691260958252));
#13910 = CARTESIAN_POINT('',(3.348076960898,1.730352140373));
#13911 = CARTESIAN_POINT('',(3.461760993468,1.745439782321));
#13912 = CARTESIAN_POINT('',(3.576725132257,1.757477789339));
#13913 = CARTESIAN_POINT('',(3.692781573517,1.765807955177));
#13914 = CARTESIAN_POINT('',(3.809552831093,1.769978990561));
#13915 = CARTESIAN_POINT('',(4.002107381145,1.770013542201));
#13916 = CARTESIAN_POINT('',(4.077942258675,1.768276063276));
#13917 = CARTESIAN_POINT('',(4.153598998416,1.76478518515));
#13918 = CARTESIAN_POINT('',(4.228936890382,1.759617698524));
#13919 = CARTESIAN_POINT('',(4.303852127908,1.752905198233));
#13920 = CARTESIAN_POINT('',(4.418734623906,1.740407212331));
#13921 = CARTESIAN_POINT('',(4.459058999696,1.735595163564));
#13922 = CARTESIAN_POINT('',(4.499230273845,1.730399083239));
#13923 = CARTESIAN_POINT('',(4.539244452118,1.724846327904));
#13924 = CARTESIAN_POINT('',(4.579101663365,1.718965004685));
#13925 = CARTESIAN_POINT('',(4.747569388978,1.692733337795));
#13926 = CARTESIAN_POINT('',(4.874648811407,1.669530313454));
#13927 = CARTESIAN_POINT('',(5.000320981435,1.64410664919));
#13928 = CARTESIAN_POINT('',(5.12500618266,1.617359330639));
#13929 = CARTESIAN_POINT('',(5.249167782021,1.590006585346));
#13930 = CARTESIAN_POINT('',(5.383012371571,1.560562060151));
#13931 = CARTESIAN_POINT('',(5.392622908435,1.55844806176));
#13932 = CARTESIAN_POINT('',(5.402233816594,1.556334559267));
#13933 = CARTESIAN_POINT('',(5.411845319561,1.55422185104));
#13934 = CARTESIAN_POINT('',(5.421457639129,1.552110233277));
#13935 = CARTESIAN_POINT('',(5.431070995372,1.55));
#13936 = ( GEOMETRIC_REPRESENTATION_CONTEXT(2) 
PARAMETRIC_REPRESENTATION_CONTEXT() REPRESENTATION_CONTEXT('2D SPACE',''
  ) );
#13937 = PCURVE('',#13322,#13938);
#13938 = DEFINITIONAL_REPRESENTATION('',(#13939),#13972);
#13939 = B_SPLINE_CURVE_WITH_KNOTS('',6,(#13940,#13941,#13942,#13943,
    #13944,#13945,#13946,#13947,#13948,#13949,#13950,#13951,#13952,
    #13953,#13954,#13955,#13956,#13957,#13958,#13959,#13960,#13961,
    #13962,#13963,#13964,#13965,#13966,#13967,#13968,#13969,#13970,
    #13971),.UNSPECIFIED.,.F.,.F.,(7,5,5,5,5,5,7),(0.,0.276221617166,
    0.499812847287,0.645047968748,0.724031893543,0.980184769802,1.),
  .UNSPECIFIED.);
#13940 = CARTESIAN_POINT('',(-0.918830460218,6.661338147751E-16));
#13941 = CARTESIAN_POINT('',(-0.920021356094,-2.940910073281E-02));
#13942 = CARTESIAN_POINT('',(-0.918395195175,-5.907265792188E-02));
#13943 = CARTESIAN_POINT('',(-0.91371700659,-8.822425905061E-02));
#13944 = CARTESIAN_POINT('',(-0.905753390293,-0.115991600947));
#13945 = CARTESIAN_POINT('',(-0.894368990267,-0.141260958252));
#13946 = CARTESIAN_POINT('',(-0.868100851067,-0.180352140373));
#13947 = CARTESIAN_POINT('',(-0.854295184638,-0.195439782321));
#13948 = CARTESIAN_POINT('',(-0.838612076867,-0.207477789339));
#13949 = CARTESIAN_POINT('',(-0.821427833802,-0.215807955177));
#13950 = CARTESIAN_POINT('',(-0.803465539059,-0.219978990561));
#13951 = CARTESIAN_POINT('',(-0.773841773295,-0.220013542201));
#13952 = CARTESIAN_POINT('',(-0.762173243044,-0.218276063276));
#13953 = CARTESIAN_POINT('',(-0.750714986668,-0.21478518515));
#13954 = CARTESIAN_POINT('',(-0.739666790037,-0.209617698524));
#13955 = CARTESIAN_POINT('',(-0.729195738284,-0.202905198233));
#13956 = CARTESIAN_POINT('',(-0.714099587475,-0.190407212331));
#13957 = CARTESIAN_POINT('',(-0.708986283123,-0.185595163564));
#13958 = CARTESIAN_POINT('',(-0.704096056676,-0.180399083239));
#13959 = CARTESIAN_POINT('',(-0.699443291621,-0.174846327904));
#13960 = CARTESIAN_POINT('',(-0.69503863115,-0.168965004685));
#13961 = CARTESIAN_POINT('',(-0.677433155487,-0.142733337795));
#13962 = CARTESIAN_POINT('',(-0.666671135995,-0.119530313454));
#13963 = CARTESIAN_POINT('',(-0.658836017296,-9.410664919022E-02));
#13964 = CARTESIAN_POINT('',(-0.653843004039,-6.735933063852E-02));
#13965 = CARTESIAN_POINT('',(-0.651516524918,-4.00065853463E-02));
#13966 = CARTESIAN_POINT('',(-0.651684504087,-1.056206015077E-02));
#13967 = CARTESIAN_POINT('',(-0.651711419553,-8.448061760298E-03));
#13968 = CARTESIAN_POINT('',(-0.651753101899,-6.334559267141E-03));
#13969 = CARTESIAN_POINT('',(-0.651809463134,-4.22185104039E-03));
#13970 = CARTESIAN_POINT('',(-0.651880414522,-2.110233276642E-03));
#13971 = CARTESIAN_POINT('',(-0.651965866577,1.221245327088E-15));
#13972 = ( GEOMETRIC_REPRESENTATION_CONTEXT(2) 
PARAMETRIC_REPRESENTATION_CONTEXT() REPRESENTATION_CONTEXT('2D SPACE',''
  ) );
#13973 = ORIENTED_EDGE('',*,*,#13974,.F.);
#13974 = EDGE_CURVE('',#12406,#13865,#13975,.T.);
#13975 = SURFACE_CURVE('',#13976,(#13980,#13986),.PCURVE_S1.);
#13976 = LINE('',#13977,#13978);
#13977 = CARTESIAN_POINT('',(1.001137879251,1.31157269975,3.4));
#13978 = VECTOR('',#13979,1.);
#13979 = DIRECTION('',(0.,0.,1.));
#13980 = PCURVE('',#12422,#13981);
#13981 = DEFINITIONAL_REPRESENTATION('',(#13982),#13985);
#13982 = B_SPLINE_CURVE_WITH_KNOTS('',1,(#13983,#13984),.UNSPECIFIED.,
  .F.,.F.,(2,2),(-5.999999999062E-07,1.4500006),
  .PIECEWISE_BEZIER_KNOTS.);
#13983 = CARTESIAN_POINT('',(2.422910638603,9.99994E-02));
#13984 = CARTESIAN_POINT('',(2.422910638603,1.5500006));
#13985 = ( GEOMETRIC_REPRESENTATION_CONTEXT(2) 
PARAMETRIC_REPRESENTATION_CONTEXT() REPRESENTATION_CONTEXT('2D SPACE',''
  ) );
#13986 = PCURVE('',#12451,#13987);
#13987 = DEFINITIONAL_REPRESENTATION('',(#13988),#13991);
#13988 = B_SPLINE_CURVE_WITH_KNOTS('',1,(#13989,#13990),.UNSPECIFIED.,
  .F.,.F.,(2,2),(-5.999999999062E-07,1.4500006),
  .PIECEWISE_BEZIER_KNOTS.);
#13989 = CARTESIAN_POINT('',(0.918830460218,-5.999999999062E-07));
#13990 = CARTESIAN_POINT('',(0.918830460218,1.4500006));
#13991 = ( GEOMETRIC_REPRESENTATION_CONTEXT(2) 
PARAMETRIC_REPRESENTATION_CONTEXT() REPRESENTATION_CONTEXT('2D SPACE',''
  ) );
#13992 = ORIENTED_EDGE('',*,*,#12405,.T.);
#13993 = ORIENTED_EDGE('',*,*,#13794,.T.);
#13994 = ADVANCED_FACE('',(#13995),#13118,.F.);
#13995 = FACE_BOUND('',#13996,.F.);
#13996 = EDGE_LOOP('',(#13997,#14107,#14108,#14109));
#13997 = ORIENTED_EDGE('',*,*,#13998,.F.);
#13998 = EDGE_CURVE('',#13817,#13999,#14001,.T.);
#13999 = VERTEX_POINT('',#14000);
#14000 = CARTESIAN_POINT('',(1.001137879251,-1.31157269975,4.85));
#14001 = SURFACE_CURVE('',#14002,(#14035,#14071),.PCURVE_S1.);
#14002 = B_SPLINE_CURVE_WITH_KNOTS('',6,(#14003,#14004,#14005,#14006,
    #14007,#14008,#14009,#14010,#14011,#14012,#14013,#14014,#14015,
    #14016,#14017,#14018,#14019,#14020,#14021,#14022,#14023,#14024,
    #14025,#14026,#14027,#14028,#14029,#14030,#14031,#14032,#14033,
    #14034),.UNSPECIFIED.,.F.,.F.,(7,5,5,5,5,5,7),(0.,0.276327430494,
    0.355184313931,0.499884065918,0.723431006644,0.97259102085,1.),
  .UNSPECIFIED.);
#14003 = CARTESIAN_POINT('',(1.31157269975,-1.001137879251,4.85));
#14004 = CARTESIAN_POINT('',(1.289374428868,-0.981720191563,
    4.87942692651));
#14005 = CARTESIAN_POINT('',(1.26409711863,-0.965912464377,
    4.909108594289));
#14006 = CARTESIAN_POINT('',(1.23635841572,-0.954208043059,
    4.938277226939));
#14007 = CARTESIAN_POINT('',(1.206839728402,-0.947048811795,
    4.966058908681));
#14008 = CARTESIAN_POINT('',(1.176367023359,-0.944822912852,
    4.991337510754));
#14009 = CARTESIAN_POINT('',(1.137259646406,-0.948534100493,
    5.019108918713));
#14010 = CARTESIAN_POINT('',(1.128582875122,-0.949774266853,
    5.024974260283));
#14011 = CARTESIAN_POINT('',(1.119936131428,-0.951434365201,
    5.030511655292));
#14012 = CARTESIAN_POINT('',(1.111345381024,-0.953516303266,
    5.035693136999));
#14013 = CARTESIAN_POINT('',(1.102837956978,-0.956019492971,
    5.040491492392));
#14014 = CARTESIAN_POINT('',(1.079036452177,-0.964299482451,
    5.052936772512));
#14015 = CARTESIAN_POINT('',(1.064004286405,-0.971065275969,
    5.05961845795));
#14016 = CARTESIAN_POINT('',(1.049525623621,-0.979214059052,
    5.064766303292));
#14017 = CARTESIAN_POINT('',(1.035786974573,-0.988683220237,
    5.068250246804));
#14018 = CARTESIAN_POINT('',(1.022964926428,-0.999367561752,
    5.06999421207));
#14019 = CARTESIAN_POINT('',(0.993048679875,-1.029265790726,
    5.070008912477));
#14020 = CARTESIAN_POINT('',(0.977422598662,-1.049966003392,
    5.065869440185));
#14021 = CARTESIAN_POINT('',(0.964899434878,-1.072657486512,
    5.057570718128));
#14022 = CARTESIAN_POINT('',(0.955768623324,-1.096624838848,
    5.045562105819));
#14023 = CARTESIAN_POINT('',(0.950072881069,-1.121202499005,
    5.03050095095));
#14024 = CARTESIAN_POINT('',(0.945103277943,-1.173237345877,
    4.993571822533));
#14025 = CARTESIAN_POINT('',(0.946639010324,-1.200710263049,
    4.97111613581));
#14026 = CARTESIAN_POINT('',(0.952201982795,-1.227488859216,
    4.946528390279));
#14027 = CARTESIAN_POINT('',(0.961518869931,-1.252952263757,
    4.920637155742));
#14028 = CARTESIAN_POINT('',(0.974274666355,-1.276584651038,
    4.894111030603));
#14029 = CARTESIAN_POINT('',(0.991868709937,-1.300267984587,
    4.86461002568));
#14030 = CARTESIAN_POINT('',(0.993649725265,-1.302587211955,
    4.86168585929));
#14031 = CARTESIAN_POINT('',(0.995467643715,-1.304877926243,
    4.858761983871));
#14032 = CARTESIAN_POINT('',(0.997321976255,-1.307139495673,
    4.855839193184));
#14033 = CARTESIAN_POINT('',(0.999212224209,-1.309371293849,
    4.852918272779));
#14034 = CARTESIAN_POINT('',(1.001137879251,-1.31157269975,4.85));
#14035 = PCURVE('',#13118,#14036);
#14036 = DEFINITIONAL_REPRESENTATION('',(#14037),#14070);
#14037 = B_SPLINE_CURVE_WITH_KNOTS('',6,(#14038,#14039,#14040,#14041,
    #14042,#14043,#14044,#14045,#14046,#14047,#14048,#14049,#14050,
    #14051,#14052,#14053,#14054,#14055,#14056,#14057,#14058,#14059,
    #14060,#14061,#14062,#14063,#14064,#14065,#14066,#14067,#14068,
    #14069),.UNSPECIFIED.,.F.,.F.,(7,5,5,5,5,5,7),(0.,0.276327430494,
    0.355184313931,0.499884065918,0.723431006644,0.97259102085,1.),
  .UNSPECIFIED.);
#14038 = CARTESIAN_POINT('',(0.852114311808,1.55));
#14039 = CARTESIAN_POINT('',(0.986171304843,1.57942692651));
#14040 = CARTESIAN_POINT('',(1.119958092977,1.609108594289));
#14041 = CARTESIAN_POINT('',(1.254226954776,1.638277226939));
#14042 = CARTESIAN_POINT('',(1.389557955412,1.666058908681));
#14043 = CARTESIAN_POINT('',(1.52649413768,1.691337510754));
#14044 = CARTESIAN_POINT('',(1.705053561651,1.719108918713));
#14045 = CARTESIAN_POINT('',(1.744849621207,1.724974260283));
#14046 = CARTESIAN_POINT('',(1.784802153615,1.730511655292));
#14047 = CARTESIAN_POINT('',(1.824911242105,1.735693136999));
#14048 = CARTESIAN_POINT('',(1.86517286865,1.740491492392));
#14049 = CARTESIAN_POINT('',(1.979721015855,1.752936772512));
#14050 = CARTESIAN_POINT('',(2.054361044658,1.75961845795));
#14051 = CARTESIAN_POINT('',(2.129420376054,1.764766303292));
#14052 = CARTESIAN_POINT('',(2.204796296751,1.768250246804));
#14053 = CARTESIAN_POINT('',(2.280349684123,1.76999421207));
#14054 = CARTESIAN_POINT('',(2.472600698566,1.770008912477));
#14055 = CARTESIAN_POINT('',(2.589352006915,1.765869440185));
#14056 = CARTESIAN_POINT('',(2.70539204815,1.757570718128));
#14057 = CARTESIAN_POINT('',(2.820342393016,1.745562105819));
#14058 = CARTESIAN_POINT('',(2.934014017358,1.73050095095));
#14059 = CARTESIAN_POINT('',(3.171612289515,1.693571822533));
#14060 = CARTESIAN_POINT('',(3.295259385853,1.67111613581));
#14061 = CARTESIAN_POINT('',(3.417563117201,1.646528390279));
#14062 = CARTESIAN_POINT('',(3.53890476488,1.620637155742));
#14063 = CARTESIAN_POINT('',(3.659710013835,1.594111030603));
#14064 = CARTESIAN_POINT('',(3.793816381018,1.56461002568));
#14065 = CARTESIAN_POINT('',(3.807106420414,1.56168585929));
#14066 = CARTESIAN_POINT('',(3.820396677514,1.558761983871));
#14067 = CARTESIAN_POINT('',(3.833687746642,1.555839193184));
#14068 = CARTESIAN_POINT('',(3.846980216182,1.552918272779));
#14069 = CARTESIAN_POINT('',(3.860274668577,1.55));
#14070 = ( GEOMETRIC_REPRESENTATION_CONTEXT(2) 
PARAMETRIC_REPRESENTATION_CONTEXT() REPRESENTATION_CONTEXT('2D SPACE',''
  ) );
#14071 = PCURVE('',#13322,#14072);
#14072 = DEFINITIONAL_REPRESENTATION('',(#14073),#14106);
#14073 = B_SPLINE_CURVE_WITH_KNOTS('',6,(#14074,#14075,#14076,#14077,
    #14078,#14079,#14080,#14081,#14082,#14083,#14084,#14085,#14086,
    #14087,#14088,#14089,#14090,#14091,#14092,#14093,#14094,#14095,
    #14096,#14097,#14098,#14099,#14100,#14101,#14102,#14103,#14104,
    #14105),.UNSPECIFIED.,.F.,.F.,(7,5,5,5,5,5,7),(0.,0.276327430494,
    0.355184313931,0.499884065918,0.723431006644,0.97259102085,1.),
  .UNSPECIFIED.);
#14074 = CARTESIAN_POINT('',(-5.631219440603,6.994405055138E-15));
#14075 = CARTESIAN_POINT('',(-5.632411058318,-2.94269265101E-02));
#14076 = CARTESIAN_POINT('',(-5.630782201345,-5.910859428911E-02));
#14077 = CARTESIAN_POINT('',(-5.626097486806,-8.827722693908E-02));
#14078 = CARTESIAN_POINT('',(-5.618123064022,-0.116058908681));
#14079 = CARTESIAN_POINT('',(-5.606723458287,-0.141337510754));
#14080 = CARTESIAN_POINT('',(-5.5880400793,-0.169108918713));
#14081 = CARTESIAN_POINT('',(-5.583637545847,-0.174974260283));
#14082 = CARTESIAN_POINT('',(-5.578987864585,-0.180511655292));
#14083 = CARTESIAN_POINT('',(-5.574101669026,-0.185693136999));
#14084 = CARTESIAN_POINT('',(-5.568993312204,-0.190491492392));
#14085 = CARTESIAN_POINT('',(-5.553933975519,-0.202936772512));
#14086 = CARTESIAN_POINT('',(-5.543499722364,-0.20961845795));
#14087 = CARTESIAN_POINT('',(-5.532493052544,-0.214766303292));
#14088 = CARTESIAN_POINT('',(-5.521079181085,-0.218250246804));
#14089 = CARTESIAN_POINT('',(-5.509455574688,-0.21999421207));
#14090 = CARTESIAN_POINT('',(-5.479878497568,-0.220008912477));
#14091 = CARTESIAN_POINT('',(-5.461915444887,-0.215869440185));
#14092 = CARTESIAN_POINT('',(-5.444725636012,-0.207570718128));
#14093 = CARTESIAN_POINT('',(-5.429032867105,-0.195562105819));
#14094 = CARTESIAN_POINT('',(-5.415214698994,-0.18050095095));
#14095 = CARTESIAN_POINT('',(-5.3903357521,-0.143571822533));
#14096 = CARTESIAN_POINT('',(-5.379767721244,-0.12111613581));
#14097 = CARTESIAN_POINT('',(-5.371962188761,-9.652839027864E-02));
#14098 = CARTESIAN_POINT('',(-5.366849966806,-7.063715574228E-02));
#14099 = CARTESIAN_POINT('',(-5.364273972329,-4.411103060309E-02));
#14100 = CARTESIAN_POINT('',(-5.364043654026,-1.461002567999E-02));
#14101 = CARTESIAN_POINT('',(-5.364049490416,-1.168585929008E-02));
#14102 = CARTESIAN_POINT('',(-5.3640837604,-8.76198387136E-03));
#14103 = CARTESIAN_POINT('',(-5.364146232924,-5.839193183829E-03));
#14104 = CARTESIAN_POINT('',(-5.364236674052,-2.918272779021E-03));
#14105 = CARTESIAN_POINT('',(-5.364354846962,7.660538869914E-15));
#14106 = ( GEOMETRIC_REPRESENTATION_CONTEXT(2) 
PARAMETRIC_REPRESENTATION_CONTEXT() REPRESENTATION_CONTEXT('2D SPACE',''
  ) );
#14107 = ORIENTED_EDGE('',*,*,#13840,.F.);
#14108 = ORIENTED_EDGE('',*,*,#13101,.T.);
#14109 = ORIENTED_EDGE('',*,*,#14110,.T.);
#14110 = EDGE_CURVE('',#13073,#13999,#14111,.T.);
#14111 = SURFACE_CURVE('',#14112,(#14116,#14122),.PCURVE_S1.);
#14112 = LINE('',#14113,#14114);
#14113 = CARTESIAN_POINT('',(1.001137879251,-1.31157269975,3.4));
#14114 = VECTOR('',#14115,1.);
#14115 = DIRECTION('',(0.,0.,1.));
#14116 = PCURVE('',#13118,#14117);
#14117 = DEFINITIONAL_REPRESENTATION('',(#14118),#14121);
#14118 = B_SPLINE_CURVE_WITH_KNOTS('',1,(#14119,#14120),.UNSPECIFIED.,
  .F.,.F.,(2,2),(-5.999999999062E-07,1.4500006),
  .PIECEWISE_BEZIER_KNOTS.);
#14119 = CARTESIAN_POINT('',(3.860274668577,9.99994E-02));
#14120 = CARTESIAN_POINT('',(3.860274668577,1.5500006));
#14121 = ( GEOMETRIC_REPRESENTATION_CONTEXT(2) 
PARAMETRIC_REPRESENTATION_CONTEXT() REPRESENTATION_CONTEXT('2D SPACE',''
  ) );
#14122 = PCURVE('',#13089,#14123);
#14123 = DEFINITIONAL_REPRESENTATION('',(#14124),#14127);
#14124 = B_SPLINE_CURVE_WITH_KNOTS('',1,(#14125,#14126),.UNSPECIFIED.,
  .F.,.F.,(2,2),(-5.999999999062E-07,1.4500006),
  .PIECEWISE_BEZIER_KNOTS.);
#14125 = CARTESIAN_POINT('',(5.364354846962,-5.999999999062E-07));
#14126 = CARTESIAN_POINT('',(5.364354846962,1.4500006));
#14127 = ( GEOMETRIC_REPRESENTATION_CONTEXT(2) 
PARAMETRIC_REPRESENTATION_CONTEXT() REPRESENTATION_CONTEXT('2D SPACE',''
  ) );
#14128 = ADVANCED_FACE('',(#14129),#12451,.T.);
#14129 = FACE_BOUND('',#14130,.T.);
#14130 = EDGE_LOOP('',(#14131,#14155,#14156,#14157));
#14131 = ORIENTED_EDGE('',*,*,#14132,.F.);
#14132 = EDGE_CURVE('',#13865,#14133,#14135,.T.);
#14133 = VERTEX_POINT('',#14134);
#14134 = CARTESIAN_POINT('',(0.828616292797,1.426847938399,4.85));
#14135 = SURFACE_CURVE('',#14136,(#14141,#14148),.PCURVE_S1.);
#14136 = CIRCLE('',#14137,1.65);
#14137 = AXIS2_PLACEMENT_3D('',#14138,#14139,#14140);
#14138 = CARTESIAN_POINT('',(0.,0.,4.85));
#14139 = DIRECTION('',(0.,0.,1.));
#14140 = DIRECTION('',(1.,0.,-0.));
#14141 = PCURVE('',#12451,#14142);
#14142 = DEFINITIONAL_REPRESENTATION('',(#14143),#14147);
#14143 = LINE('',#14144,#14145);
#14144 = CARTESIAN_POINT('',(0.,1.45));
#14145 = VECTOR('',#14146,1.);
#14146 = DIRECTION('',(1.,0.));
#14147 = ( GEOMETRIC_REPRESENTATION_CONTEXT(2) 
PARAMETRIC_REPRESENTATION_CONTEXT() REPRESENTATION_CONTEXT('2D SPACE',''
  ) );
#14148 = PCURVE('',#13322,#14149);
#14149 = DEFINITIONAL_REPRESENTATION('',(#14150),#14154);
#14150 = LINE('',#14151,#14152);
#14151 = CARTESIAN_POINT('',(-0.,-0.));
#14152 = VECTOR('',#14153,1.);
#14153 = DIRECTION('',(-1.,-0.));
#14154 = ( GEOMETRIC_REPRESENTATION_CONTEXT(2) 
PARAMETRIC_REPRESENTATION_CONTEXT() REPRESENTATION_CONTEXT('2D SPACE',''
  ) );
#14155 = ORIENTED_EDGE('',*,*,#13974,.F.);
#14156 = ORIENTED_EDGE('',*,*,#12434,.T.);
#14157 = ORIENTED_EDGE('',*,*,#14158,.T.);
#14158 = EDGE_CURVE('',#12435,#14133,#14159,.T.);
#14159 = SURFACE_CURVE('',#14160,(#14164,#14170),.PCURVE_S1.);
#14160 = LINE('',#14161,#14162);
#14161 = CARTESIAN_POINT('',(0.828616292797,1.426847938399,3.4));
#14162 = VECTOR('',#14163,1.);
#14163 = DIRECTION('',(0.,0.,1.));
#14164 = PCURVE('',#12451,#14165);
#14165 = DEFINITIONAL_REPRESENTATION('',(#14166),#14169);
#14166 = B_SPLINE_CURVE_WITH_KNOTS('',1,(#14167,#14168),.UNSPECIFIED.,
  .F.,.F.,(2,2),(-5.999999999062E-07,1.4500006),
  .PIECEWISE_BEZIER_KNOTS.);
#14167 = CARTESIAN_POINT('',(1.044664948276,-5.999999999062E-07));
#14168 = CARTESIAN_POINT('',(1.044664948276,1.4500006));
#14169 = ( GEOMETRIC_REPRESENTATION_CONTEXT(2) 
PARAMETRIC_REPRESENTATION_CONTEXT() REPRESENTATION_CONTEXT('2D SPACE',''
  ) );
#14170 = PCURVE('',#12480,#14171);
#14171 = DEFINITIONAL_REPRESENTATION('',(#14172),#14175);
#14172 = B_SPLINE_CURVE_WITH_KNOTS('',1,(#14173,#14174),.UNSPECIFIED.,
  .F.,.F.,(2,2),(-5.999999999062E-07,1.4500006),
  .PIECEWISE_BEZIER_KNOTS.);
#14173 = CARTESIAN_POINT('',(5.823770077071,9.99994E-02));
#14174 = CARTESIAN_POINT('',(5.823770077071,1.5500006));
#14175 = ( GEOMETRIC_REPRESENTATION_CONTEXT(2) 
PARAMETRIC_REPRESENTATION_CONTEXT() REPRESENTATION_CONTEXT('2D SPACE',''
  ) );
#14176 = ADVANCED_FACE('',(#14177),#13089,.T.);
#14177 = FACE_BOUND('',#14178,.T.);
#14178 = EDGE_LOOP('',(#14179,#14203,#14222,#14223));
#14179 = ORIENTED_EDGE('',*,*,#14180,.F.);
#14180 = EDGE_CURVE('',#14181,#13999,#14183,.T.);
#14181 = VERTEX_POINT('',#14182);
#14182 = CARTESIAN_POINT('',(0.828616292797,-1.426847938399,4.85));
#14183 = SURFACE_CURVE('',#14184,(#14189,#14196),.PCURVE_S1.);
#14184 = CIRCLE('',#14185,1.65);
#14185 = AXIS2_PLACEMENT_3D('',#14186,#14187,#14188);
#14186 = CARTESIAN_POINT('',(0.,0.,4.85));
#14187 = DIRECTION('',(0.,0.,1.));
#14188 = DIRECTION('',(1.,0.,-0.));
#14189 = PCURVE('',#13089,#14190);
#14190 = DEFINITIONAL_REPRESENTATION('',(#14191),#14195);
#14191 = LINE('',#14192,#14193);
#14192 = CARTESIAN_POINT('',(0.,1.45));
#14193 = VECTOR('',#14194,1.);
#14194 = DIRECTION('',(1.,0.));
#14195 = ( GEOMETRIC_REPRESENTATION_CONTEXT(2) 
PARAMETRIC_REPRESENTATION_CONTEXT() REPRESENTATION_CONTEXT('2D SPACE',''
  ) );
#14196 = PCURVE('',#13322,#14197);
#14197 = DEFINITIONAL_REPRESENTATION('',(#14198),#14202);
#14198 = LINE('',#14199,#14200);
#14199 = CARTESIAN_POINT('',(-0.,-0.));
#14200 = VECTOR('',#14201,1.);
#14201 = DIRECTION('',(-1.,-0.));
#14202 = ( GEOMETRIC_REPRESENTATION_CONTEXT(2) 
PARAMETRIC_REPRESENTATION_CONTEXT() REPRESENTATION_CONTEXT('2D SPACE',''
  ) );
#14203 = ORIENTED_EDGE('',*,*,#14204,.F.);
#14204 = EDGE_CURVE('',#13044,#14181,#14205,.T.);
#14205 = SURFACE_CURVE('',#14206,(#14210,#14216),.PCURVE_S1.);
#14206 = LINE('',#14207,#14208);
#14207 = CARTESIAN_POINT('',(0.828616292797,-1.426847938399,3.4));
#14208 = VECTOR('',#14209,1.);
#14209 = DIRECTION('',(0.,0.,1.));
#14210 = PCURVE('',#13089,#14211);
#14211 = DEFINITIONAL_REPRESENTATION('',(#14212),#14215);
#14212 = B_SPLINE_CURVE_WITH_KNOTS('',1,(#14213,#14214),.UNSPECIFIED.,
  .F.,.F.,(2,2),(-5.999999999062E-07,1.4500006),
  .PIECEWISE_BEZIER_KNOTS.);
#14213 = CARTESIAN_POINT('',(5.238520358904,-5.999999999062E-07));
#14214 = CARTESIAN_POINT('',(5.238520358904,1.4500006));
#14215 = ( GEOMETRIC_REPRESENTATION_CONTEXT(2) 
PARAMETRIC_REPRESENTATION_CONTEXT() REPRESENTATION_CONTEXT('2D SPACE',''
  ) );
#14216 = PCURVE('',#13060,#14217);
#14217 = DEFINITIONAL_REPRESENTATION('',(#14218),#14221);
#14218 = B_SPLINE_CURVE_WITH_KNOTS('',1,(#14219,#14220),.UNSPECIFIED.,
  .F.,.F.,(2,2),(-5.999999999062E-07,1.4500006),
  .PIECEWISE_BEZIER_KNOTS.);
#14219 = CARTESIAN_POINT('',(0.459415230109,9.99994E-02));
#14220 = CARTESIAN_POINT('',(0.459415230109,1.5500006));
#14221 = ( GEOMETRIC_REPRESENTATION_CONTEXT(2) 
PARAMETRIC_REPRESENTATION_CONTEXT() REPRESENTATION_CONTEXT('2D SPACE',''
  ) );
#14222 = ORIENTED_EDGE('',*,*,#13072,.T.);
#14223 = ORIENTED_EDGE('',*,*,#14110,.T.);
#14224 = ADVANCED_FACE('',(#14225),#12480,.F.);
#14225 = FACE_BOUND('',#14226,.F.);
#14226 = EDGE_LOOP('',(#14227,#14367,#14386,#14387));
#14227 = ORIENTED_EDGE('',*,*,#14228,.F.);
#14228 = EDGE_CURVE('',#14229,#14133,#14231,.T.);
#14229 = VERTEX_POINT('',#14230);
#14230 = CARTESIAN_POINT('',(0.423013653326,1.594854052602,4.85));
#14231 = SURFACE_CURVE('',#14232,(#14275,#14321),.PCURVE_S1.);
#14232 = B_SPLINE_CURVE_WITH_KNOTS('',6,(#14233,#14234,#14235,#14236,
    #14237,#14238,#14239,#14240,#14241,#14242,#14243,#14244,#14245,
    #14246,#14247,#14248,#14249,#14250,#14251,#14252,#14253,#14254,
    #14255,#14256,#14257,#14258,#14259,#14260,#14261,#14262,#14263,
    #14264,#14265,#14266,#14267,#14268,#14269,#14270,#14271,#14272,
    #14273,#14274),.UNSPECIFIED.,.F.,.F.,(7,5,5,5,5,5,5,5,7),(0.,
    0.143363623922,0.275868328691,0.354837161744,0.499873009891,
    0.723868059713,0.856397721542,0.991408493458,1.),.UNSPECIFIED.);
#14233 = CARTESIAN_POINT('',(0.423013653326,1.594854052602,4.85));
#14234 = CARTESIAN_POINT('',(0.418113627162,1.580358762776,
    4.865267060419));
#14235 = CARTESIAN_POINT('',(0.414427401762,1.565466319012,
    4.880606035741));
#14236 = CARTESIAN_POINT('',(0.411987601301,1.550285767618,
    4.895906788053));
#14237 = CARTESIAN_POINT('',(0.41081970569,1.534928041228,4.91105176506)
  );
#14238 = CARTESIAN_POINT('',(0.41094148614,1.519507287983,4.925914301115
    ));
#14239 = CARTESIAN_POINT('',(0.413675766675,1.489940924974,
    4.953705595313));
#14240 = CARTESIAN_POINT('',(0.41609882431,1.475788223653,4.966694556502
    ));
#14241 = CARTESIAN_POINT('',(0.419638615297,1.461777547776,
    4.979216051112));
#14242 = CARTESIAN_POINT('',(0.424295855246,1.448009678478,
    4.991150138914));
#14243 = CARTESIAN_POINT('',(0.430059974592,1.434591786741,
    5.002369172418));
#14244 = CARTESIAN_POINT('',(0.440983024739,1.413915526403,
    5.018924339883));
#14245 = CARTESIAN_POINT('',(0.445445420929,1.406359045183,
    5.024805825768));
#14246 = CARTESIAN_POINT('',(0.450285450037,1.398991006975,5.03035906228
    ));
#14247 = CARTESIAN_POINT('',(0.455494945774,1.391836221949,
    5.035555965713));
#14248 = CARTESIAN_POINT('',(0.461062902887,1.38491981508,5.040369199208
    ));
#14249 = CARTESIAN_POINT('',(0.477833132146,1.36604741326,5.052862047371
    ));
#14250 = CARTESIAN_POINT('',(0.489853705163,1.354714135445,
    5.059572369631));
#14251 = CARTESIAN_POINT('',(0.502945796348,1.34442512575,5.064742883918
    ));
#14252 = CARTESIAN_POINT('',(0.516979496257,1.335329839762,
    5.068242410477));
#14253 = CARTESIAN_POINT('',(0.531789015222,1.327552087297,
    5.069994176036));
#14254 = CARTESIAN_POINT('',(0.570939439758,1.311321577293,
    5.070008965061));
#14255 = CARTESIAN_POINT('',(0.596094465783,1.304800451556,
    5.065853662908));
#14256 = CARTESIAN_POINT('',(0.621902790646,1.301922596052,
    5.057523134079));
#14257 = CARTESIAN_POINT('',(0.647588241209,1.302680914331,
    5.045470327571));
#14258 = CARTESIAN_POINT('',(0.672516545815,1.306858186327,
    5.030357008698));
#14259 = CARTESIAN_POINT('',(0.710186814133,1.318460262855,
    5.002470183923));
#14260 = CARTESIAN_POINT('',(0.723753902069,1.323864137657,
    4.991257263689));
#14261 = CARTESIAN_POINT('',(0.736786355045,1.330298488179,
    4.979328560181));
#14262 = CARTESIAN_POINT('',(0.749200863738,1.337695032978,4.96681174129
    ));
#14263 = CARTESIAN_POINT('',(0.760926628316,1.345982019057,
    4.953826778512));
#14264 = CARTESIAN_POINT('',(0.783083830786,1.364365326185,
    4.926886280406));
#14265 = CARTESIAN_POINT('',(0.793486182527,1.374491981827,
    4.912918089459));
#14266 = CARTESIAN_POINT('',(0.803044937709,1.385392700242,
    4.898691751192));
#14267 = CARTESIAN_POINT('',(0.81170276325,1.396989713756,4.884313599081
    ));
#14268 = CARTESIAN_POINT('',(0.819408508057,1.40920285865,4.869882631238
    ));
#14269 = CARTESIAN_POINT('',(0.826542954635,1.422760374421,
    4.854575939946));
#14270 = CARTESIAN_POINT('',(0.82696575508,1.423573657936,4.853660327707
    ));
#14271 = CARTESIAN_POINT('',(0.827384500923,1.424389077778,
    4.852744903529));
#14272 = CARTESIAN_POINT('',(0.827799180318,1.425206612297,
    4.851829691512));
#14273 = CARTESIAN_POINT('',(0.828209781502,1.426026239768,
    4.850914715684));
#14274 = CARTESIAN_POINT('',(0.828616292797,1.426847938399,4.85));
#14275 = PCURVE('',#12480,#14276);
#14276 = DEFINITIONAL_REPRESENTATION('',(#14277),#14320);
#14277 = B_SPLINE_CURVE_WITH_KNOTS('',6,(#14278,#14279,#14280,#14281,
    #14282,#14283,#14284,#14285,#14286,#14287,#14288,#14289,#14290,
    #14291,#14292,#14293,#14294,#14295,#14296,#14297,#14298,#14299,
    #14300,#14301,#14302,#14303,#14304,#14305,#14306,#14307,#14308,
    #14309,#14310,#14311,#14312,#14313,#14314,#14315,#14316,#14317,
    #14318,#14319),.UNSPECIFIED.,.F.,.F.,(7,5,5,5,5,5,5,5,7),(0.,
    0.143363623922,0.275868328691,0.354837161744,0.499873009891,
    0.723868059713,0.856397721542,0.991408493458,1.),.UNSPECIFIED.);
#14278 = CARTESIAN_POINT('',(2.815609720301,1.55));
#14279 = CARTESIAN_POINT('',(2.885160178162,1.565267060419));
#14280 = CARTESIAN_POINT('',(2.954653997992,1.580606035741));
#14281 = CARTESIAN_POINT('',(3.024179517778,1.595906788053));
#14282 = CARTESIAN_POINT('',(3.093822981871,1.61105176506));
#14283 = CARTESIAN_POINT('',(3.163670464132,1.625914301115));
#14284 = CARTESIAN_POINT('',(3.298636492274,1.653705595313));
#14285 = CARTESIAN_POINT('',(3.363708178914,1.666694556502));
#14286 = CARTESIAN_POINT('',(3.429093613812,1.679216051112));
#14287 = CARTESIAN_POINT('',(3.494848816986,1.691150138914));
#14288 = CARTESIAN_POINT('',(3.561014726236,1.702369172418));
#14289 = CARTESIAN_POINT('',(3.667306540185,1.718924339883));
#14290 = CARTESIAN_POINT('',(3.7071514172,1.724805825768));
#14291 = CARTESIAN_POINT('',(3.747153165544,1.73035906228));
#14292 = CARTESIAN_POINT('',(3.787311927885,1.735555965713));
#14293 = CARTESIAN_POINT('',(3.827623730072,1.740369199208));
#14294 = CARTESIAN_POINT('',(3.942382562702,1.752862047371));
#14295 = CARTESIAN_POINT('',(4.017185354903,1.759572369631));
#14296 = CARTESIAN_POINT('',(4.092409995542,1.764742883918));
#14297 = CARTESIAN_POINT('',(4.167953307806,1.768242410477));
#14298 = CARTESIAN_POINT('',(4.243675337802,1.769994176036));
#14299 = CARTESIAN_POINT('',(4.436318179313,1.770008965061));
#14300 = CARTESIAN_POINT('',(4.553292943152,1.765853662908));
#14301 = CARTESIAN_POINT('',(4.669552043232,1.757523134079));
#14302 = CARTESIAN_POINT('',(4.784715766664,1.745470327571));
#14303 = CARTESIAN_POINT('',(4.898595003457,1.730357008698));
#14304 = CARTESIAN_POINT('',(5.077760729344,1.702470183923));
#14305 = CARTESIAN_POINT('',(5.143927076061,1.691257263689));
#14306 = CARTESIAN_POINT('',(5.209682522115,1.679328560181));
#14307 = CARTESIAN_POINT('',(5.275067917008,1.66681174129));
#14308 = CARTESIAN_POINT('',(5.340139221351,1.653826778512));
#14309 = CARTESIAN_POINT('',(5.471004713008,1.626886280406));
#14310 = CARTESIAN_POINT('',(5.536785524711,1.612918089459));
#14311 = CARTESIAN_POINT('',(5.602380325575,1.598691751192));
#14312 = CARTESIAN_POINT('',(5.66786090999,1.584313599081));
#14313 = CARTESIAN_POINT('',(5.733299519119,1.569882631238));
#14314 = CARTESIAN_POINT('',(5.802936500163,1.554575939946));
#14315 = CARTESIAN_POINT('',(5.807102897851,1.553660327707));
#14316 = CARTESIAN_POINT('',(5.811269436374,1.552744903529));
#14317 = CARTESIAN_POINT('',(5.81543613378,1.551829691512));
#14318 = CARTESIAN_POINT('',(5.819603008044,1.550914715684));
#14319 = CARTESIAN_POINT('',(5.823770077071,1.55));
#14320 = ( GEOMETRIC_REPRESENTATION_CONTEXT(2) 
PARAMETRIC_REPRESENTATION_CONTEXT() REPRESENTATION_CONTEXT('2D SPACE',''
  ) );
#14321 = PCURVE('',#13322,#14322);
#14322 = DEFINITIONAL_REPRESENTATION('',(#14323),#14366);
#14323 = B_SPLINE_CURVE_WITH_KNOTS('',6,(#14324,#14325,#14326,#14327,
    #14328,#14329,#14330,#14331,#14332,#14333,#14334,#14335,#14336,
    #14337,#14338,#14339,#14340,#14341,#14342,#14343,#14344,#14345,
    #14346,#14347,#14348,#14349,#14350,#14351,#14352,#14353,#14354,
    #14355,#14356,#14357,#14358,#14359,#14360,#14361,#14362,#14363,
    #14364,#14365),.UNSPECIFIED.,.F.,.F.,(7,5,5,5,5,5,5,5,7),(0.,
    0.143363623922,0.275868328691,0.354837161744,0.499873009891,
    0.723868059713,0.856397721542,0.991408493458,1.),.UNSPECIFIED.);
#14324 = CARTESIAN_POINT('',(-1.311529541917,2.553512956638E-15));
#14325 = CARTESIAN_POINT('',(-1.312147768209,-1.52670604187E-02));
#14326 = CARTESIAN_POINT('',(-1.312006918241,-3.06060357405E-02));
#14327 = CARTESIAN_POINT('',(-1.311073559612,-4.59067880526E-02));
#14328 = CARTESIAN_POINT('',(-1.309314781552,-6.105176506009E-02));
#14329 = CARTESIAN_POINT('',(-1.306702769187,-7.5914301115E-02));
#14330 = CARTESIAN_POINT('',(-1.299999832061,-0.103705595313));
#14331 = CARTESIAN_POINT('',(-1.296036159221,-0.116694556502));
#14332 = CARTESIAN_POINT('',(-1.291314596266,-0.129216051112));
#14333 = CARTESIAN_POINT('',(-1.285829436874,-0.141150138914));
#14334 = CARTESIAN_POINT('',(-1.279590929148,-0.152369172418));
#14335 = CARTESIAN_POINT('',(-1.268486559374,-0.168924339883));
#14336 = CARTESIAN_POINT('',(-1.264084599133,-0.174805825768));
#14337 = CARTESIAN_POINT('',(-1.259434631949,-0.18035906228));
#14338 = CARTESIAN_POINT('',(-1.254547278903,-0.185555965713));
#14339 = CARTESIAN_POINT('',(-1.249436895962,-0.190369199208));
#14340 = CARTESIAN_POINT('',(-1.234360625304,-0.202862047371));
#14341 = CARTESIAN_POINT('',(-1.223908213299,-0.209572369631));
#14342 = CARTESIAN_POINT('',(-1.212879734587,-0.214742883918));
#14343 = CARTESIAN_POINT('',(-1.201441346522,-0.218242410477));
#14344 = CARTESIAN_POINT('',(-1.18979179212,-0.219994176036));
#14345 = CARTESIAN_POINT('',(-1.160154433932,-0.220008965061));
#14346 = CARTESIAN_POINT('',(-1.142156990144,-0.215853662908));
#14347 = CARTESIAN_POINT('',(-1.124937299525,-0.207523134079));
#14348 = CARTESIAN_POINT('',(-1.109223129162,-0.195470327571));
#14349 = CARTESIAN_POINT('',(-1.095392889214,-0.180357008698));
#14350 = CARTESIAN_POINT('',(-1.076661621284,-0.152470183923));
#14351 = CARTESIAN_POINT('',(-1.070417690945,-0.141257263689));
#14352 = CARTESIAN_POINT('',(-1.064926948617,-0.129328560181));
#14353 = CARTESIAN_POINT('',(-1.06019972596,-0.11681174129));
#14354 = CARTESIAN_POINT('',(-1.05623037673,-0.103826778512));
#14355 = CARTESIAN_POINT('',(-1.049719599822,-7.688628040553E-02));
#14356 = CARTESIAN_POINT('',(-1.047206523253,-6.29180894594E-02));
#14357 = CARTESIAN_POINT('',(-1.045450927435,-4.869175119205E-02));
#14358 = CARTESIAN_POINT('',(-1.044430038762,-3.431359908052E-02));
#14359 = CARTESIAN_POINT('',(-1.044116863209,-1.988263123834E-02));
#14360 = CARTESIAN_POINT('',(-1.044507063747,-4.575939945739E-03));
#14361 = CARTESIAN_POINT('',(-1.044533162425,-3.660327707303E-03));
#14362 = CARTESIAN_POINT('',(-1.044562007465,-2.744903529378E-03));
#14363 = CARTESIAN_POINT('',(-1.044593591631,-1.829691512074E-03));
#14364 = CARTESIAN_POINT('',(-1.044627907662,-9.147156835464E-04));
#14365 = CARTESIAN_POINT('',(-1.044664948276,1.221245327088E-15));
#14366 = ( GEOMETRIC_REPRESENTATION_CONTEXT(2) 
PARAMETRIC_REPRESENTATION_CONTEXT() REPRESENTATION_CONTEXT('2D SPACE',''
  ) );
#14367 = ORIENTED_EDGE('',*,*,#14368,.F.);
#14368 = EDGE_CURVE('',#12464,#14229,#14369,.T.);
#14369 = SURFACE_CURVE('',#14370,(#14374,#14380),.PCURVE_S1.);
#14370 = LINE('',#14371,#14372);
#14371 = CARTESIAN_POINT('',(0.423013653326,1.594854052602,3.4));
#14372 = VECTOR('',#14373,1.);
#14373 = DIRECTION('',(0.,0.,1.));
#14374 = PCURVE('',#12480,#14375);
#14375 = DEFINITIONAL_REPRESENTATION('',(#14376),#14379);
#14376 = B_SPLINE_CURVE_WITH_KNOTS('',1,(#14377,#14378),.UNSPECIFIED.,
  .F.,.F.,(2,2),(-5.999999999062E-07,1.4500006),
  .PIECEWISE_BEZIER_KNOTS.);
#14377 = CARTESIAN_POINT('',(2.815609720301,9.99994E-02));
#14378 = CARTESIAN_POINT('',(2.815609720301,1.5500006));
#14379 = ( GEOMETRIC_REPRESENTATION_CONTEXT(2) 
PARAMETRIC_REPRESENTATION_CONTEXT() REPRESENTATION_CONTEXT('2D SPACE',''
  ) );
#14380 = PCURVE('',#12509,#14381);
#14381 = DEFINITIONAL_REPRESENTATION('',(#14382),#14385);
#14382 = B_SPLINE_CURVE_WITH_KNOTS('',1,(#14383,#14384),.UNSPECIFIED.,
  .F.,.F.,(2,2),(-5.999999999062E-07,1.4500006),
  .PIECEWISE_BEZIER_KNOTS.);
#14383 = CARTESIAN_POINT('',(1.311529541917,-5.999999999062E-07));
#14384 = CARTESIAN_POINT('',(1.311529541917,1.4500006));
#14385 = ( GEOMETRIC_REPRESENTATION_CONTEXT(2) 
PARAMETRIC_REPRESENTATION_CONTEXT() REPRESENTATION_CONTEXT('2D SPACE',''
  ) );
#14386 = ORIENTED_EDGE('',*,*,#12463,.T.);
#14387 = ORIENTED_EDGE('',*,*,#14158,.T.);
#14388 = ADVANCED_FACE('',(#14389),#13060,.F.);
#14389 = FACE_BOUND('',#14390,.F.);
#14390 = EDGE_LOOP('',(#14391,#14501,#14502,#14503));
#14391 = ORIENTED_EDGE('',*,*,#14392,.F.);
#14392 = EDGE_CURVE('',#14181,#14393,#14395,.T.);
#14393 = VERTEX_POINT('',#14394);
#14394 = CARTESIAN_POINT('',(0.423013653326,-1.594854052602,4.85));
#14395 = SURFACE_CURVE('',#14396,(#14429,#14465),.PCURVE_S1.);
#14396 = B_SPLINE_CURVE_WITH_KNOTS('',6,(#14397,#14398,#14399,#14400,
    #14401,#14402,#14403,#14404,#14405,#14406,#14407,#14408,#14409,
    #14410,#14411,#14412,#14413,#14414,#14415,#14416,#14417,#14418,
    #14419,#14420,#14421,#14422,#14423,#14424,#14425,#14426,#14427,
    #14428),.UNSPECIFIED.,.F.,.F.,(7,5,5,5,5,5,7),(0.,0.276482516183,
    0.500089828073,0.644908845109,0.723703070741,0.969935110137,1.),
  .UNSPECIFIED.);
#14397 = CARTESIAN_POINT('',(0.828616292797,-1.426847938399,4.85));
#14398 = CARTESIAN_POINT('',(0.81553426121,-1.400404669579,
    4.879436671585));
#14399 = CARTESIAN_POINT('',(0.798223302748,-1.376119713119,
    4.909128240194));
#14400 = CARTESIAN_POINT('',(0.777065630666,-1.354685888838,
    4.938306183132));
#14401 = CARTESIAN_POINT('',(0.752522147312,-1.336772863506,
    4.966095702197));
#14402 = CARTESIAN_POINT('',(0.725208138348,-1.323056019994,
    4.991379352939));
#14403 = CARTESIAN_POINT('',(0.672344242498,-1.306830111541,
    5.030460709756));
#14404 = CARTESIAN_POINT('',(0.647452838053,-1.302678452765,
    5.045532330549));
#14405 = CARTESIAN_POINT('',(0.621809324002,-1.301935382851,
    5.057550854205));
#14406 = CARTESIAN_POINT('',(0.596045260856,-1.304816519998,
    5.065858255304));
#14407 = CARTESIAN_POINT('',(0.570932932876,-1.311328518593,
    5.070004438696));
#14408 = CARTESIAN_POINT('',(0.531840672018,-1.327527928148,
    5.069997120585));
#14409 = CARTESIAN_POINT('',(0.517049935402,-1.335290544924,
    5.068253195303));
#14410 = CARTESIAN_POINT('',(0.503032313886,-1.344367261751,
    5.064766351468));
#14411 = CARTESIAN_POINT('',(0.489952987049,-1.354634884891,
    5.059612855511));
#14412 = CARTESIAN_POINT('',(0.477941471274,-1.365944674379,
    5.052923131795));
#14413 = CARTESIAN_POINT('',(0.461183464558,-1.384773858978,
    5.040469529036));
#14414 = CARTESIAN_POINT('',(0.455620918204,-1.391671148652,
    5.035673580346));
#14415 = CARTESIAN_POINT('',(0.450415132207,-1.398806178819,
    5.030495191084));
#14416 = CARTESIAN_POINT('',(0.445577078093,-1.406153982408,
    5.024961510751));
#14417 = CARTESIAN_POINT('',(0.441114907809,-1.41368990012,
    5.019100438985));
#14418 = CARTESIAN_POINT('',(0.424283132295,-1.445453292618,
    4.993686472751));
#14419 = CARTESIAN_POINT('',(0.415265940732,-1.471109370849,
    4.971513931679));
#14420 = CARTESIAN_POINT('',(0.410142277671,-1.49765046697,
    4.947251171722));
#14421 = CARTESIAN_POINT('',(0.408899207551,-1.524420801259,
    4.921699028333));
#14422 = CARTESIAN_POINT('',(0.411447741491,-1.55084245433,
    4.895505914057));
#14423 = CARTESIAN_POINT('',(0.418412277485,-1.579489672764,
    4.866030460507));
#14424 = CARTESIAN_POINT('',(0.419224621366,-1.582593463077,
    4.862822136425));
#14425 = CARTESIAN_POINT('',(0.420091213434,-1.585682813664,
    4.859613883828));
#14426 = CARTESIAN_POINT('',(0.421011779062,-1.588756706112,
    4.856406753235));
#14427 = CARTESIAN_POINT('',(0.42198602779,-1.591814123941,
    4.853201783137));
#14428 = CARTESIAN_POINT('',(0.423013653326,-1.594854052602,4.85));
#14429 = PCURVE('',#13060,#14430);
#14430 = DEFINITIONAL_REPRESENTATION('',(#14431),#14464);
#14431 = B_SPLINE_CURVE_WITH_KNOTS('',6,(#14432,#14433,#14434,#14435,
    #14436,#14437,#14438,#14439,#14440,#14441,#14442,#14443,#14444,
    #14445,#14446,#14447,#14448,#14449,#14450,#14451,#14452,#14453,
    #14454,#14455,#14456,#14457,#14458,#14459,#14460,#14461,#14462,
    #14463),.UNSPECIFIED.,.F.,.F.,(7,5,5,5,5,5,7),(0.,0.276482516183,
    0.500089828073,0.644908845109,0.723703070741,0.969935110137,1.),
  .UNSPECIFIED.);
#14432 = CARTESIAN_POINT('',(0.459415230109,1.55));
#14433 = CARTESIAN_POINT('',(0.593516617702,1.579436671585));
#14434 = CARTESIAN_POINT('',(0.727347556802,1.609128240194));
#14435 = CARTESIAN_POINT('',(0.861661182508,1.638306183132));
#14436 = CARTESIAN_POINT('',(0.997038078336,1.666095702197));
#14437 = CARTESIAN_POINT('',(1.134021758635,1.691379352939));
#14438 = CARTESIAN_POINT('',(1.385376418578,1.730460709756));
#14439 = CARTESIAN_POINT('',(1.499075728098,1.745532330549));
#14440 = CARTESIAN_POINT('',(1.614054683872,1.757550854205));
#14441 = CARTESIAN_POINT('',(1.730124434174,1.765858255304));
#14442 = CARTESIAN_POINT('',(1.846906531424,1.770004438696));
#14443 = CARTESIAN_POINT('',(2.039251012388,1.769997120585));
#14444 = CARTESIAN_POINT('',(2.11486679415,1.768253195303));
#14445 = CARTESIAN_POINT('',(2.190304859201,1.764766351468));
#14446 = CARTESIAN_POINT('',(2.265425748064,1.759612855511));
#14447 = CARTESIAN_POINT('',(2.340126528299,1.752923131795));
#14448 = CARTESIAN_POINT('',(2.454701649074,1.740469529036));
#14449 = CARTESIAN_POINT('',(2.494930652282,1.735673580346));
#14450 = CARTESIAN_POINT('',(2.535007348501,1.730495191084));
#14451 = CARTESIAN_POINT('',(2.574927737127,1.724961510751));
#14452 = CARTESIAN_POINT('',(2.614691905253,1.719100438985));
#14453 = CARTESIAN_POINT('',(2.778089570167,1.693686472751));
#14454 = CARTESIAN_POINT('',(2.900325428958,1.671513931679));
#14455 = CARTESIAN_POINT('',(3.021246293485,1.647251171722));
#14456 = CARTESIAN_POINT('',(3.141218844107,1.621699028333));
#14457 = CARTESIAN_POINT('',(3.260654159128,1.595505914057));
#14458 = CARTESIAN_POINT('',(3.394661674461,1.566030460507));
#14459 = CARTESIAN_POINT('',(3.409242786023,1.562822136425));
#14460 = CARTESIAN_POINT('',(3.423823950952,1.559613883828));
#14461 = CARTESIAN_POINT('',(3.438405955555,1.556406753235));
#14462 = CARTESIAN_POINT('',(3.452989577714,1.553201783137));
#14463 = CARTESIAN_POINT('',(3.467575586878,1.55));
#14464 = ( GEOMETRIC_REPRESENTATION_CONTEXT(2) 
PARAMETRIC_REPRESENTATION_CONTEXT() REPRESENTATION_CONTEXT('2D SPACE',''
  ) );
#14465 = PCURVE('',#13322,#14466);
#14466 = DEFINITIONAL_REPRESENTATION('',(#14467),#14500);
#14467 = B_SPLINE_CURVE_WITH_KNOTS('',6,(#14468,#14469,#14470,#14471,
    #14472,#14473,#14474,#14475,#14476,#14477,#14478,#14479,#14480,
    #14481,#14482,#14483,#14484,#14485,#14486,#14487,#14488,#14489,
    #14490,#14491,#14492,#14493,#14494,#14495,#14496,#14497,#14498,
    #14499),.UNSPECIFIED.,.F.,.F.,(7,5,5,5,5,5,7),(0.,0.276482516183,
    0.500089828073,0.644908845109,0.723703070741,0.969935110137,1.),
  .UNSPECIFIED.);
#14468 = CARTESIAN_POINT('',(-5.238520358904,7.660538869914E-15));
#14469 = CARTESIAN_POINT('',(-5.239712371238,-2.943667158459E-02));
#14470 = CARTESIAN_POINT('',(-5.238082039495,-5.912824019385E-02));
#14471 = CARTESIAN_POINT('',(-5.233393755377,-8.830618313242E-02));
#14472 = CARTESIAN_POINT('',(-5.225413421553,-0.116095702197));
#14473 = CARTESIAN_POINT('',(-5.214005498607,-0.141379352939));
#14474 = CARTESIAN_POINT('',(-5.187696497892,-0.180460709756));
#14475 = CARTESIAN_POINT('',(-5.173878702945,-0.195532330549));
#14476 = CARTESIAN_POINT('',(-5.158184720855,-0.207550854205));
#14477 = CARTESIAN_POINT('',(-5.140992029763,-0.215858255304));
#14478 = CARTESIAN_POINT('',(-5.123024812098,-0.220004438696));
#14479 = CARTESIAN_POINT('',(-5.093433353989,-0.219997120585));
#14480 = CARTESIAN_POINT('',(-5.081799905277,-0.218253195303));
#14481 = CARTESIAN_POINT('',(-5.070376443407,-0.214766351468));
#14482 = CARTESIAN_POINT('',(-5.059360934385,-0.209612855511));
#14483 = CARTESIAN_POINT('',(-5.048918985611,-0.202923131795));
#14484 = CARTESIAN_POINT('',(-5.033858452483,-0.190469529036));
#14485 = CARTESIAN_POINT('',(-5.028754980524,-0.185673580346));
#14486 = CARTESIAN_POINT('',(-5.023873356673,-0.180495191084));
#14487 = CARTESIAN_POINT('',(-5.019227892534,-0.174961510751));
#14488 = CARTESIAN_POINT('',(-5.014829192431,-0.169100438985));
#14489 = CARTESIAN_POINT('',(-4.997732742653,-0.143686472751));
#14490 = CARTESIAN_POINT('',(-4.98726855163,-0.121513931679));
#14491 = CARTESIAN_POINT('',(-4.979501296082,-9.725117172202E-02));
#14492 = CARTESIAN_POINT('',(-4.974366869658,-7.169902833258E-02));
#14493 = CARTESIAN_POINT('',(-4.971715161104,-4.550591405703E-02));
#14494 = CARTESIAN_POINT('',(-4.971344423098,-1.60304605073E-02));
#14495 = CARTESIAN_POINT('',(-4.971338689354,-1.282213642498E-02));
#14496 = CARTESIAN_POINT('',(-4.971367263165,-9.613883827634E-03));
#14497 = CARTESIAN_POINT('',(-4.971429840196,-6.406753234541E-03));
#14498 = CARTESIAN_POINT('',(-4.971526111848,-3.201783137337E-03));
#14499 = CARTESIAN_POINT('',(-4.971655765263,6.661338147751E-15));
#14500 = ( GEOMETRIC_REPRESENTATION_CONTEXT(2) 
PARAMETRIC_REPRESENTATION_CONTEXT() REPRESENTATION_CONTEXT('2D SPACE',''
  ) );
#14501 = ORIENTED_EDGE('',*,*,#14204,.F.);
#14502 = ORIENTED_EDGE('',*,*,#13043,.T.);
#14503 = ORIENTED_EDGE('',*,*,#14504,.T.);
#14504 = EDGE_CURVE('',#13015,#14393,#14505,.T.);
#14505 = SURFACE_CURVE('',#14506,(#14510,#14516),.PCURVE_S1.);
#14506 = LINE('',#14507,#14508);
#14507 = CARTESIAN_POINT('',(0.423013653326,-1.594854052602,3.4));
#14508 = VECTOR('',#14509,1.);
#14509 = DIRECTION('',(0.,0.,1.));
#14510 = PCURVE('',#13060,#14511);
#14511 = DEFINITIONAL_REPRESENTATION('',(#14512),#14515);
#14512 = B_SPLINE_CURVE_WITH_KNOTS('',1,(#14513,#14514),.UNSPECIFIED.,
  .F.,.F.,(2,2),(-5.999999999062E-07,1.4500006),
  .PIECEWISE_BEZIER_KNOTS.);
#14513 = CARTESIAN_POINT('',(3.467575586878,9.99994E-02));
#14514 = CARTESIAN_POINT('',(3.467575586878,1.5500006));
#14515 = ( GEOMETRIC_REPRESENTATION_CONTEXT(2) 
PARAMETRIC_REPRESENTATION_CONTEXT() REPRESENTATION_CONTEXT('2D SPACE',''
  ) );
#14516 = PCURVE('',#13031,#14517);
#14517 = DEFINITIONAL_REPRESENTATION('',(#14518),#14521);
#14518 = B_SPLINE_CURVE_WITH_KNOTS('',1,(#14519,#14520),.UNSPECIFIED.,
  .F.,.F.,(2,2),(-5.999999999062E-07,1.4500006),
  .PIECEWISE_BEZIER_KNOTS.);
#14519 = CARTESIAN_POINT('',(4.971655765263,-5.999999999062E-07));
#14520 = CARTESIAN_POINT('',(4.971655765263,1.4500006));
#14521 = ( GEOMETRIC_REPRESENTATION_CONTEXT(2) 
PARAMETRIC_REPRESENTATION_CONTEXT() REPRESENTATION_CONTEXT('2D SPACE',''
  ) );
#14522 = ADVANCED_FACE('',(#14523),#12509,.T.);
#14523 = FACE_BOUND('',#14524,.T.);
#14524 = EDGE_LOOP('',(#14525,#14549,#14550,#14551));
#14525 = ORIENTED_EDGE('',*,*,#14526,.F.);
#14526 = EDGE_CURVE('',#14229,#14527,#14529,.T.);
#14527 = VERTEX_POINT('',#14528);
#14528 = CARTESIAN_POINT('',(0.219510566691,1.635333333333,4.85));
#14529 = SURFACE_CURVE('',#14530,(#14535,#14542),.PCURVE_S1.);
#14530 = CIRCLE('',#14531,1.65);
#14531 = AXIS2_PLACEMENT_3D('',#14532,#14533,#14534);
#14532 = CARTESIAN_POINT('',(0.,0.,4.85));
#14533 = DIRECTION('',(0.,0.,1.));
#14534 = DIRECTION('',(1.,0.,-0.));
#14535 = PCURVE('',#12509,#14536);
#14536 = DEFINITIONAL_REPRESENTATION('',(#14537),#14541);
#14537 = LINE('',#14538,#14539);
#14538 = CARTESIAN_POINT('',(0.,1.45));
#14539 = VECTOR('',#14540,1.);
#14540 = DIRECTION('',(1.,0.));
#14541 = ( GEOMETRIC_REPRESENTATION_CONTEXT(2) 
PARAMETRIC_REPRESENTATION_CONTEXT() REPRESENTATION_CONTEXT('2D SPACE',''
  ) );
#14542 = PCURVE('',#13322,#14543);
#14543 = DEFINITIONAL_REPRESENTATION('',(#14544),#14548);
#14544 = LINE('',#14545,#14546);
#14545 = CARTESIAN_POINT('',(-0.,-0.));
#14546 = VECTOR('',#14547,1.);
#14547 = DIRECTION('',(-1.,-0.));
#14548 = ( GEOMETRIC_REPRESENTATION_CONTEXT(2) 
PARAMETRIC_REPRESENTATION_CONTEXT() REPRESENTATION_CONTEXT('2D SPACE',''
  ) );
#14549 = ORIENTED_EDGE('',*,*,#14368,.F.);
#14550 = ORIENTED_EDGE('',*,*,#12492,.T.);
#14551 = ORIENTED_EDGE('',*,*,#14552,.T.);
#14552 = EDGE_CURVE('',#12493,#14527,#14553,.T.);
#14553 = SURFACE_CURVE('',#14554,(#14558,#14564),.PCURVE_S1.);
#14554 = LINE('',#14555,#14556);
#14555 = CARTESIAN_POINT('',(0.219510566691,1.635333333333,3.4));
#14556 = VECTOR('',#14557,1.);
#14557 = DIRECTION('',(0.,0.,1.));
#14558 = PCURVE('',#12509,#14559);
#14559 = DEFINITIONAL_REPRESENTATION('',(#14560),#14563);
#14560 = B_SPLINE_CURVE_WITH_KNOTS('',1,(#14561,#14562),.UNSPECIFIED.,
  .F.,.F.,(2,2),(-5.999999999062E-07,1.4500006),
  .PIECEWISE_BEZIER_KNOTS.);
#14561 = CARTESIAN_POINT('',(1.437364029974,-5.999999999062E-07));
#14562 = CARTESIAN_POINT('',(1.437364029974,1.4500006));
#14563 = ( GEOMETRIC_REPRESENTATION_CONTEXT(2) 
PARAMETRIC_REPRESENTATION_CONTEXT() REPRESENTATION_CONTEXT('2D SPACE',''
  ) );
#14564 = PCURVE('',#12538,#14565);
#14565 = DEFINITIONAL_REPRESENTATION('',(#14566),#14569);
#14566 = B_SPLINE_CURVE_WITH_KNOTS('',1,(#14567,#14568),.UNSPECIFIED.,
  .F.,.F.,(2,2),(-5.999999999062E-07,1.4500006),
  .PIECEWISE_BEZIER_KNOTS.);
#14567 = CARTESIAN_POINT('',(6.216469158769,9.99994E-02));
#14568 = CARTESIAN_POINT('',(6.216469158769,1.5500006));
#14569 = ( GEOMETRIC_REPRESENTATION_CONTEXT(2) 
PARAMETRIC_REPRESENTATION_CONTEXT() REPRESENTATION_CONTEXT('2D SPACE',''
  ) );
#14570 = ADVANCED_FACE('',(#14571),#13031,.T.);
#14571 = FACE_BOUND('',#14572,.T.);
#14572 = EDGE_LOOP('',(#14573,#14597,#14616,#14617));
#14573 = ORIENTED_EDGE('',*,*,#14574,.F.);
#14574 = EDGE_CURVE('',#14575,#14393,#14577,.T.);
#14575 = VERTEX_POINT('',#14576);
#14576 = CARTESIAN_POINT('',(0.219510566691,-1.635333333333,4.85));
#14577 = SURFACE_CURVE('',#14578,(#14583,#14590),.PCURVE_S1.);
#14578 = CIRCLE('',#14579,1.65);
#14579 = AXIS2_PLACEMENT_3D('',#14580,#14581,#14582);
#14580 = CARTESIAN_POINT('',(0.,0.,4.85));
#14581 = DIRECTION('',(0.,0.,1.));
#14582 = DIRECTION('',(1.,0.,-0.));
#14583 = PCURVE('',#13031,#14584);
#14584 = DEFINITIONAL_REPRESENTATION('',(#14585),#14589);
#14585 = LINE('',#14586,#14587);
#14586 = CARTESIAN_POINT('',(0.,1.45));
#14587 = VECTOR('',#14588,1.);
#14588 = DIRECTION('',(1.,0.));
#14589 = ( GEOMETRIC_REPRESENTATION_CONTEXT(2) 
PARAMETRIC_REPRESENTATION_CONTEXT() REPRESENTATION_CONTEXT('2D SPACE',''
  ) );
#14590 = PCURVE('',#13322,#14591);
#14591 = DEFINITIONAL_REPRESENTATION('',(#14592),#14596);
#14592 = LINE('',#14593,#14594);
#14593 = CARTESIAN_POINT('',(-0.,-0.));
#14594 = VECTOR('',#14595,1.);
#14595 = DIRECTION('',(-1.,-0.));
#14596 = ( GEOMETRIC_REPRESENTATION_CONTEXT(2) 
PARAMETRIC_REPRESENTATION_CONTEXT() REPRESENTATION_CONTEXT('2D SPACE',''
  ) );
#14597 = ORIENTED_EDGE('',*,*,#14598,.F.);
#14598 = EDGE_CURVE('',#12986,#14575,#14599,.T.);
#14599 = SURFACE_CURVE('',#14600,(#14604,#14610),.PCURVE_S1.);
#14600 = LINE('',#14601,#14602);
#14601 = CARTESIAN_POINT('',(0.219510566691,-1.635333333333,3.4));
#14602 = VECTOR('',#14603,1.);
#14603 = DIRECTION('',(0.,0.,1.));
#14604 = PCURVE('',#13031,#14605);
#14605 = DEFINITIONAL_REPRESENTATION('',(#14606),#14609);
#14606 = B_SPLINE_CURVE_WITH_KNOTS('',1,(#14607,#14608),.UNSPECIFIED.,
  .F.,.F.,(2,2),(-5.999999999062E-07,1.4500006),
  .PIECEWISE_BEZIER_KNOTS.);
#14607 = CARTESIAN_POINT('',(4.845821277205,-5.999999999062E-07));
#14608 = CARTESIAN_POINT('',(4.845821277205,1.4500006));
#14609 = ( GEOMETRIC_REPRESENTATION_CONTEXT(2) 
PARAMETRIC_REPRESENTATION_CONTEXT() REPRESENTATION_CONTEXT('2D SPACE',''
  ) );
#14610 = PCURVE('',#13002,#14611);
#14611 = DEFINITIONAL_REPRESENTATION('',(#14612),#14615);
#14612 = B_SPLINE_CURVE_WITH_KNOTS('',1,(#14613,#14614),.UNSPECIFIED.,
  .F.,.F.,(2,2),(-5.999999999062E-07,1.4500006),
  .PIECEWISE_BEZIER_KNOTS.);
#14613 = CARTESIAN_POINT('',(6.671614841023E-02,9.99994E-02));
#14614 = CARTESIAN_POINT('',(6.671614841023E-02,1.5500006));
#14615 = ( GEOMETRIC_REPRESENTATION_CONTEXT(2) 
PARAMETRIC_REPRESENTATION_CONTEXT() REPRESENTATION_CONTEXT('2D SPACE',''
  ) );
#14616 = ORIENTED_EDGE('',*,*,#13014,.T.);
#14617 = ORIENTED_EDGE('',*,*,#14504,.T.);
#14618 = ADVANCED_FACE('',(#14619),#12538,.F.);
#14619 = FACE_BOUND('',#14620,.F.);
#14620 = EDGE_LOOP('',(#14621,#14776,#14795,#14796));
#14621 = ORIENTED_EDGE('',*,*,#14622,.F.);
#14622 = EDGE_CURVE('',#14623,#14527,#14625,.T.);
#14623 = VERTEX_POINT('',#14624);
#14624 = CARTESIAN_POINT('',(-0.219510566691,1.635333333333,4.85));
#14625 = SURFACE_CURVE('',#14626,(#14674,#14725),.PCURVE_S1.);
#14626 = B_SPLINE_CURVE_WITH_KNOTS('',6,(#14627,#14628,#14629,#14630,
    #14631,#14632,#14633,#14634,#14635,#14636,#14637,#14638,#14639,
    #14640,#14641,#14642,#14643,#14644,#14645,#14646,#14647,#14648,
    #14649,#14650,#14651,#14652,#14653,#14654,#14655,#14656,#14657,
    #14658,#14659,#14660,#14661,#14662,#14663,#14664,#14665,#14666,
    #14667,#14668,#14669,#14670,#14671,#14672,#14673),.UNSPECIFIED.,.F.,
  .F.,(7,5,5,5,5,5,5,5,5,7),(0.,8.496217695939E-03,0.143579840579,
    0.276180206466,0.499827539542,0.644818898117,0.723973656748,
    0.856546273703,0.991599901801,1.),.UNSPECIFIED.);
#14627 = CARTESIAN_POINT('',(-0.219510566691,1.635333333333,4.85));
#14628 = CARTESIAN_POINT('',(-0.219450127472,1.634428761939,
    4.850904571395));
#14629 = CARTESIAN_POINT('',(-0.219385217917,1.633524531229,
    4.851809397195));
#14630 = CARTESIAN_POINT('',(-0.219315840395,1.632620664999,
    4.852714454233));
#14631 = CARTESIAN_POINT('',(-0.219241997374,1.631717187011,
    4.853619719274));
#14632 = CARTESIAN_POINT('',(-0.219163691424,1.630814120994,
    4.854525169013));
#14633 = CARTESIAN_POINT('',(-0.217765003222,1.615560330886,
    4.869829330962));
#14634 = CARTESIAN_POINT('',(-0.215321606472,1.601319704884,
    4.884268242371));
#14635 = CARTESIAN_POINT('',(-0.211761574953,1.587283972301,
    4.898654505723));
#14636 = CARTESIAN_POINT('',(-0.20710150605,1.57354692181,4.912888973174
    ));
#14637 = CARTESIAN_POINT('',(-0.201364638834,1.560202492695,
    4.926865147933));
#14638 = CARTESIAN_POINT('',(-0.187923528684,1.53472485179,
    4.953820738975));
#14639 = CARTESIAN_POINT('',(-0.180257821643,1.522574724893,
    4.96681282468));
#14640 = CARTESIAN_POINT('',(-0.171613987665,1.510984270355,
    4.979336287585));
#14641 = CARTESIAN_POINT('',(-0.16203003828,1.500047024517,
    4.991270961189));
#14642 = CARTESIAN_POINT('',(-0.151556899433,1.48985810638,
    5.002488967211));
#14643 = CARTESIAN_POINT('',(-0.121213559537,1.464747044132,
    5.030349983087));
#14644 = CARTESIAN_POINT('',(-9.981612108278E-02,1.451368244168,
    5.04544034501));
#14645 = CARTESIAN_POINT('',(-7.641689531118E-02,1.440849106689,
    5.057480165832));
#14646 = CARTESIAN_POINT('',(-5.151621425827E-02,1.433630954227,
    5.065810911724));
#14647 = CARTESIAN_POINT('',(-2.582461229365E-02,1.430016368028,
    5.069981113815));
#14648 = CARTESIAN_POINT('',(1.651172552508E-02,1.429989461783,
    5.070012159481));
#14649 = CARTESIAN_POINT('',(3.316694516742E-02,1.431491256406,
    5.068279495593));
#14650 = CARTESIAN_POINT('',(4.961150715639E-02,1.434506557799,
    5.064799695113));
#14651 = CARTESIAN_POINT('',(6.564491496269E-02,1.438984766236,
    5.059649023297));
#14652 = CARTESIAN_POINT('',(8.108990252677E-02,1.444837830514,
    5.05295820263));
#14653 = CARTESIAN_POINT('',(0.103833470415,1.45583972475,5.040482785091
    ));
#14654 = CARTESIAN_POINT('',(0.111647348323,1.460101912043,
    5.035665750792));
#14655 = CARTESIAN_POINT('',(0.119220449982,1.464723478908,
    5.030462827418));
#14656 = CARTESIAN_POINT('',(0.126532822339,1.469685299547,
    5.024901535569));
#14657 = CARTESIAN_POINT('',(0.133567283384,1.474967440474,
    5.019010157309));
#14658 = CARTESIAN_POINT('',(0.151600748709,1.489899620956,
    5.002443204498));
#14659 = CARTESIAN_POINT('',(0.162071065954,1.500091375227,
    4.991222425577));
#14660 = CARTESIAN_POINT('',(0.171652008426,1.51103122224,4.979285309778
    ));
#14661 = CARTESIAN_POINT('',(0.180292677442,1.522624041465,
    4.966759726136));
#14662 = CARTESIAN_POINT('',(0.187955082222,1.534776297274,4.95376582696
    ));
#14663 = CARTESIAN_POINT('',(0.201389193723,1.560257593089,
    4.926807344461));
#14664 = CARTESIAN_POINT('',(0.207122386945,1.573603526684,
    4.912830112464));
#14665 = CARTESIAN_POINT('',(0.211778700256,1.587341825489,
    4.898594885892));
#14666 = CARTESIAN_POINT('',(0.215334908036,1.60137855054,4.884208145902
    ));
#14667 = CARTESIAN_POINT('',(0.217774424718,1.615619910651,
    4.869769028084));
#14668 = CARTESIAN_POINT('',(0.219168027101,1.630864186119,
    4.854474972471));
#14669 = CARTESIAN_POINT('',(0.219245269077,1.631757257263,
    4.853579570205));
#14670 = CARTESIAN_POINT('',(0.219318146458,1.632650730522,4.85268434932
    ));
#14671 = CARTESIAN_POINT('',(0.219386656763,1.633544582946,
    4.851789332354));
#14672 = CARTESIAN_POINT('',(0.219450797604,1.634438791554,
    4.850894541779));
#14673 = CARTESIAN_POINT('',(0.219510566691,1.635333333333,4.85));
#14674 = PCURVE('',#12538,#14675);
#14675 = DEFINITIONAL_REPRESENTATION('',(#14676),#14724);
#14676 = B_SPLINE_CURVE_WITH_KNOTS('',6,(#14677,#14678,#14679,#14680,
    #14681,#14682,#14683,#14684,#14685,#14686,#14687,#14688,#14689,
    #14690,#14691,#14692,#14693,#14694,#14695,#14696,#14697,#14698,
    #14699,#14700,#14701,#14702,#14703,#14704,#14705,#14706,#14707,
    #14708,#14709,#14710,#14711,#14712,#14713,#14714,#14715,#14716,
    #14717,#14718,#14719,#14720,#14721,#14722,#14723),.UNSPECIFIED.,.F.,
  .F.,(7,5,5,5,5,5,5,5,5,7),(0.,8.496217695939E-03,0.143579840579,
    0.276180206466,0.499827539542,0.644818898117,0.723973656748,
    0.856546273703,0.991599901801,1.),.UNSPECIFIED.);
#14677 = CARTESIAN_POINT('',(3.208308802,1.55));
#14678 = CARTESIAN_POINT('',(3.212429657813,1.550904571395));
#14679 = CARTESIAN_POINT('',(3.21655032315,1.551809397195));
#14680 = CARTESIAN_POINT('',(3.220670815335,1.552714454233));
#14681 = CARTESIAN_POINT('',(3.224791151756,1.553619719274));
#14682 = CARTESIAN_POINT('',(3.228911349863,1.554525169013));
#14683 = CARTESIAN_POINT('',(3.298537631078,1.569829330962));
#14684 = CARTESIAN_POINT('',(3.36401150224,1.584268242371));
#14685 = CARTESIAN_POINT('',(3.429527228418,1.598654505723));
#14686 = CARTESIAN_POINT('',(3.495157165341,1.612888973174));
#14687 = CARTESIAN_POINT('',(3.560973225306,1.626865147933));
#14688 = CARTESIAN_POINT('',(3.691908641549,1.653820738975));
#14689 = CARTESIAN_POINT('',(3.757014600667,1.66681282468));
#14690 = CARTESIAN_POINT('',(3.822434983996,1.679336287585));
#14691 = CARTESIAN_POINT('',(3.888225842193,1.691270961189));
#14692 = CARTESIAN_POINT('',(3.954428080639,1.702488967211));
#14693 = CARTESIAN_POINT('',(4.133456895624,1.730349983087));
#14694 = CARTESIAN_POINT('',(4.247158326883,1.74544034501));
#14695 = CARTESIAN_POINT('',(4.362140273445,1.757480165832));
#14696 = CARTESIAN_POINT('',(4.478214838082,1.765810911724));
#14697 = CARTESIAN_POINT('',(4.595004355429,1.769981113815));
#14698 = CARTESIAN_POINT('',(4.787442293469,1.770012159481));
#14699 = CARTESIAN_POINT('',(4.863142396139,1.768279495593));
#14700 = CARTESIAN_POINT('',(4.93866525851,1.764799695113));
#14701 = CARTESIAN_POINT('',(5.013870852028,1.759649023297));
#14702 = CARTESIAN_POINT('',(5.088655765128,1.75295820263));
#14703 = CARTESIAN_POINT('',(5.203495894486,1.740482785091));
#14704 = CARTESIAN_POINT('',(5.243905541907,1.735665750792));
#14705 = CARTESIAN_POINT('',(5.284161498636,1.730462827418));
#14706 = CARTESIAN_POINT('',(5.324259716468,1.724901535569));
#14707 = CARTESIAN_POINT('',(5.364200306657,1.719010157309));
#14708 = CARTESIAN_POINT('',(5.470623744159,1.702443204498));
#14709 = CARTESIAN_POINT('',(5.536825784249,1.691222425577));
#14710 = CARTESIAN_POINT('',(5.602616532248,1.679285309778));
#14711 = CARTESIAN_POINT('',(5.668036933638,1.666759726136));
#14712 = CARTESIAN_POINT('',(5.733143066056,1.65376582696));
#14713 = CARTESIAN_POINT('',(5.86407833713,1.626807344461));
#14714 = CARTESIAN_POINT('',(5.929894091749,1.612830112464));
#14715 = CARTESIAN_POINT('',(5.99552392305,1.598594885892));
#14716 = CARTESIAN_POINT('',(6.061039748848,1.584208145902));
#14717 = CARTESIAN_POINT('',(6.126513923384,1.569769028084));
#14718 = CARTESIAN_POINT('',(6.19609502865,1.554474972471));
#14719 = CARTESIAN_POINT('',(6.20016954932,1.553579570205));
#14720 = CARTESIAN_POINT('',(6.204244205823,1.55268434932));
#14721 = CARTESIAN_POINT('',(6.208319015035,1.551789332354));
#14722 = CARTESIAN_POINT('',(6.212393993767,1.550894541779));
#14723 = CARTESIAN_POINT('',(6.216469158769,1.55));
#14724 = ( GEOMETRIC_REPRESENTATION_CONTEXT(2) 
PARAMETRIC_REPRESENTATION_CONTEXT() REPRESENTATION_CONTEXT('2D SPACE',''
  ) );
#14725 = PCURVE('',#13322,#14726);
#14726 = DEFINITIONAL_REPRESENTATION('',(#14727),#14775);
#14727 = B_SPLINE_CURVE_WITH_KNOTS('',6,(#14728,#14729,#14730,#14731,
    #14732,#14733,#14734,#14735,#14736,#14737,#14738,#14739,#14740,
    #14741,#14742,#14743,#14744,#14745,#14746,#14747,#14748,#14749,
    #14750,#14751,#14752,#14753,#14754,#14755,#14756,#14757,#14758,
    #14759,#14760,#14761,#14762,#14763,#14764,#14765,#14766,#14767,
    #14768,#14769,#14770,#14771,#14772,#14773,#14774),.UNSPECIFIED.,.F.,
  .F.,(7,5,5,5,5,5,5,5,5,7),(0.,8.496217695939E-03,0.143579840579,
    0.276180206466,0.499827539542,0.644818898117,0.723973656748,
    0.856546273703,0.991599901801,1.),.UNSPECIFIED.);
#14728 = CARTESIAN_POINT('',(-1.704228623615,1.7763568394E-15));
#14729 = CARTESIAN_POINT('',(-1.704265253445,-9.045713948253E-04));
#14730 = CARTESIAN_POINT('',(-1.704299218789,-1.80939719455E-03));
#14731 = CARTESIAN_POINT('',(-1.704330512603,-2.714454233084E-03));
#14732 = CARTESIAN_POINT('',(-1.704359127867,-3.619719274459E-03));
#14733 = CARTESIAN_POINT('',(-1.704385057582,-4.525169012834E-03));
#14734 = CARTESIAN_POINT('',(-1.704777749059,-1.982933096169E-02));
#14735 = CARTESIAN_POINT('',(-1.704466515887,-3.42682423714E-02));
#14736 = CARTESIAN_POINT('',(-1.703446865383,-4.865450572282E-02));
#14737 = CARTESIAN_POINT('',(-1.701691754331,-6.288897317357E-02));
#14738 = CARTESIAN_POINT('',(-1.699178366011,-7.68651479331E-02));
#14739 = CARTESIAN_POINT('',(-1.692665354136,-0.103820738975));
#14740 = CARTESIAN_POINT('',(-1.68869412138,-0.11681282468));
#14741 = CARTESIAN_POINT('',(-1.683964202665,-0.129336287585));
#14742 = CARTESIAN_POINT('',(-1.678469940201,-0.141270961189));
#14743 = CARTESIAN_POINT('',(-1.67222169005,-0.152488967211));
#14744 = CARTESIAN_POINT('',(-1.653501421107,-0.180349983087));
#14745 = CARTESIAN_POINT('',(-1.639693808938,-0.19544034501));
#14746 = CARTESIAN_POINT('',(-1.624008135436,-0.207480165832));
#14747 = CARTESIAN_POINT('',(-1.606820869741,-0.215810911724));
#14748 = CARTESIAN_POINT('',(-1.588855494382,-0.219981113815));
#14749 = CARTESIAN_POINT('',(-1.559249666782,-0.220012159481));
#14750 = CARTESIAN_POINT('',(-1.547601993711,-0.218279495593));
#14751 = CARTESIAN_POINT('',(-1.536163585341,-0.214799695113));
#14752 = CARTESIAN_POINT('',(-1.525133189891,-0.209649023297));
#14753 = CARTESIAN_POINT('',(-1.51467711494,-0.20295820263));
#14754 = CARTESIAN_POINT('',(-1.49957870148,-0.190482785091));
#14755 = CARTESIAN_POINT('',(-1.494451986245,-0.185665750792));
#14756 = CARTESIAN_POINT('',(-1.489549125136,-0.180462827418));
#14757 = CARTESIAN_POINT('',(-1.48488461761,-0.174901535569));
#14758 = CARTESIAN_POINT('',(-1.480469190133,-0.169010157309));
#14759 = CARTESIAN_POINT('',(-1.469344642808,-0.152443204498));
#14760 = CARTESIAN_POINT('',(-1.463098850967,-0.141222425577));
#14761 = CARTESIAN_POINT('',(-1.457607119649,-0.129285309778));
#14762 = CARTESIAN_POINT('',(-1.452879766972,-0.116759726136));
#14763 = CARTESIAN_POINT('',(-1.448911107865,-0.10376582696));
#14764 = CARTESIAN_POINT('',(-1.442403312057,-7.680734446083E-02));
#14765 = CARTESIAN_POINT('',(-1.439892545731,-6.283011246358E-02));
#14766 = CARTESIAN_POINT('',(-1.438140006786,-4.859488589225E-02));
#14767 = CARTESIAN_POINT('',(-1.437122867832,-3.42081459023E-02));
#14768 = CARTESIAN_POINT('',(-1.436814080011,-1.97690280844E-02));
#14769 = CARTESIAN_POINT('',(-1.437209036814,-4.474972471374E-03));
#14770 = CARTESIAN_POINT('',(-1.437234796808,-3.579570204633E-03));
#14771 = CARTESIAN_POINT('',(-1.437263182901,-2.684349319696E-03));
#14772 = CARTESIAN_POINT('',(-1.437294188323,-1.789332354063E-03));
#14773 = CARTESIAN_POINT('',(-1.437327806286,-8.945417790911E-04));
#14774 = CARTESIAN_POINT('',(-1.437364029974,2.553512956638E-15));
#14775 = ( GEOMETRIC_REPRESENTATION_CONTEXT(2) 
PARAMETRIC_REPRESENTATION_CONTEXT() REPRESENTATION_CONTEXT('2D SPACE',''
  ) );
#14776 = ORIENTED_EDGE('',*,*,#14777,.F.);
#14777 = EDGE_CURVE('',#12522,#14623,#14778,.T.);
#14778 = SURFACE_CURVE('',#14779,(#14783,#14789),.PCURVE_S1.);
#14779 = LINE('',#14780,#14781);
#14780 = CARTESIAN_POINT('',(-0.219510566691,1.635333333333,3.4));
#14781 = VECTOR('',#14782,1.);
#14782 = DIRECTION('',(0.,0.,1.));
#14783 = PCURVE('',#12538,#14784);
#14784 = DEFINITIONAL_REPRESENTATION('',(#14785),#14788);
#14785 = B_SPLINE_CURVE_WITH_KNOTS('',1,(#14786,#14787),.UNSPECIFIED.,
  .F.,.F.,(2,2),(-5.999999999062E-07,1.4500006),
  .PIECEWISE_BEZIER_KNOTS.);
#14786 = CARTESIAN_POINT('',(3.208308802,9.99994E-02));
#14787 = CARTESIAN_POINT('',(3.208308802,1.5500006));
#14788 = ( GEOMETRIC_REPRESENTATION_CONTEXT(2) 
PARAMETRIC_REPRESENTATION_CONTEXT() REPRESENTATION_CONTEXT('2D SPACE',''
  ) );
#14789 = PCURVE('',#12567,#14790);
#14790 = DEFINITIONAL_REPRESENTATION('',(#14791),#14794);
#14791 = B_SPLINE_CURVE_WITH_KNOTS('',1,(#14792,#14793),.UNSPECIFIED.,
  .F.,.F.,(2,2),(-5.999999999062E-07,1.4500006),
  .PIECEWISE_BEZIER_KNOTS.);
#14792 = CARTESIAN_POINT('',(1.704228623615,-5.999999999062E-07));
#14793 = CARTESIAN_POINT('',(1.704228623615,1.4500006));
#14794 = ( GEOMETRIC_REPRESENTATION_CONTEXT(2) 
PARAMETRIC_REPRESENTATION_CONTEXT() REPRESENTATION_CONTEXT('2D SPACE',''
  ) );
#14795 = ORIENTED_EDGE('',*,*,#12521,.T.);
#14796 = ORIENTED_EDGE('',*,*,#14552,.T.);
#14797 = ADVANCED_FACE('',(#14798),#13002,.F.);
#14798 = FACE_BOUND('',#14799,.F.);
#14799 = EDGE_LOOP('',(#14800,#14801,#14802,#14823));
#14800 = ORIENTED_EDGE('',*,*,#14598,.F.);
#14801 = ORIENTED_EDGE('',*,*,#12985,.T.);
#14802 = ORIENTED_EDGE('',*,*,#14803,.T.);
#14803 = EDGE_CURVE('',#12957,#14804,#14806,.T.);
#14804 = VERTEX_POINT('',#14805);
#14805 = CARTESIAN_POINT('',(-0.219510566691,-1.635333333333,4.85));
#14806 = SURFACE_CURVE('',#14807,(#14811,#14817),.PCURVE_S1.);
#14807 = LINE('',#14808,#14809);
#14808 = CARTESIAN_POINT('',(-0.219510566691,-1.635333333333,3.4));
#14809 = VECTOR('',#14810,1.);
#14810 = DIRECTION('',(0.,0.,1.));
#14811 = PCURVE('',#13002,#14812);
#14812 = DEFINITIONAL_REPRESENTATION('',(#14813),#14816);
#14813 = B_SPLINE_CURVE_WITH_KNOTS('',1,(#14814,#14815),.UNSPECIFIED.,
  .F.,.F.,(2,2),(-5.999999999062E-07,1.4500006),
  .PIECEWISE_BEZIER_KNOTS.);
#14814 = CARTESIAN_POINT('',(3.07487650518,9.99994E-02));
#14815 = CARTESIAN_POINT('',(3.07487650518,1.5500006));
#14816 = ( GEOMETRIC_REPRESENTATION_CONTEXT(2) 
PARAMETRIC_REPRESENTATION_CONTEXT() REPRESENTATION_CONTEXT('2D SPACE',''
  ) );
#14817 = PCURVE('',#12973,#14818);
#14818 = DEFINITIONAL_REPRESENTATION('',(#14819),#14822);
#14819 = B_SPLINE_CURVE_WITH_KNOTS('',1,(#14820,#14821),.UNSPECIFIED.,
  .F.,.F.,(2,2),(-5.999999999062E-07,1.4500006),
  .PIECEWISE_BEZIER_KNOTS.);
#14820 = CARTESIAN_POINT('',(4.578956683564,-5.999999999062E-07));
#14821 = CARTESIAN_POINT('',(4.578956683564,1.4500006));
#14822 = ( GEOMETRIC_REPRESENTATION_CONTEXT(2) 
PARAMETRIC_REPRESENTATION_CONTEXT() REPRESENTATION_CONTEXT('2D SPACE',''
  ) );
#14823 = ORIENTED_EDGE('',*,*,#14824,.F.);
#14824 = EDGE_CURVE('',#14575,#14804,#14825,.T.);
#14825 = SURFACE_CURVE('',#14826,(#14859,#14895),.PCURVE_S1.);
#14826 = B_SPLINE_CURVE_WITH_KNOTS('',6,(#14827,#14828,#14829,#14830,
    #14831,#14832,#14833,#14834,#14835,#14836,#14837,#14838,#14839,
    #14840,#14841,#14842,#14843,#14844,#14845,#14846,#14847,#14848,
    #14849,#14850,#14851,#14852,#14853,#14854,#14855,#14856,#14857,
    #14858),.UNSPECIFIED.,.F.,.F.,(7,5,5,5,5,5,7),(0.,0.276028152965,
    0.499561577781,0.645110812578,0.724095549608,0.967835878985,1.),
  .UNSPECIFIED.);
#14827 = CARTESIAN_POINT('',(0.219510566691,-1.635333333333,4.85));
#14828 = CARTESIAN_POINT('',(0.217546980125,-1.605945060613,
    4.87938827272));
#14829 = CARTESIAN_POINT('',(0.210865970083,-1.576931166002,
    4.909030669237));
#14830 = CARTESIAN_POINT('',(0.199555058624,-1.549074234612,
    4.938162368738));
#14831 = CARTESIAN_POINT('',(0.183782906801,-1.523165451712,
    4.965912949934));
#14832 = CARTESIAN_POINT('',(0.163857507261,-1.500059651189,
    4.991171490378));
#14833 = CARTESIAN_POINT('',(0.121325089261,-1.46482160389,
    5.030266245654));
#14834 = CARTESIAN_POINT('',(9.994619838212E-02,-1.451436133935,
    5.045363205908));
#14835 = CARTESIAN_POINT('',(7.656557521036E-02,-1.440906217479,
    5.057414617357));
#14836 = CARTESIAN_POINT('',(5.168229202081E-02,-1.433672840851,
    5.065762581451));
#14837 = CARTESIAN_POINT('',(2.600537908355E-02,-1.430038926898,
    5.069955084358));
#14838 = CARTESIAN_POINT('',(-1.638564729798E-02,-1.429975065735,
    5.0700287703));
#14839 = CARTESIAN_POINT('',(-3.310805677376E-02,-1.431474184212,
    5.06829919939));
#14840 = CARTESIAN_POINT('',(-4.961886989821E-02,-1.434499040814,
    5.064808268466));
#14841 = CARTESIAN_POINT('',(-6.571516363229E-02,-1.438998478913,
    5.059633092823));
#14842 = CARTESIAN_POINT('',(-8.121760338813E-02,-1.444883301537,
    5.052906099046));
#14843 = CARTESIAN_POINT('',(-0.103991094644,-1.455924972871,
    5.040386418836));
#14844 = CARTESIAN_POINT('',(-0.111784960847,-1.460184299456,
    5.035572941316));
#14845 = CARTESIAN_POINT('',(-0.119338783635,-1.464801285716,
    5.030375509789));
#14846 = CARTESIAN_POINT('',(-0.126632758714,-1.469756915778,
    5.024821483249));
#14847 = CARTESIAN_POINT('',(-0.133649828579,-1.475031376548,
    5.018938969579));
#14848 = CARTESIAN_POINT('',(-0.161129944937,-1.497803753386,
    4.993674511706));
#14849 = CARTESIAN_POINT('',(-0.179098900235,-1.517841426383,
    4.971737628195));
#14850 = CARTESIAN_POINT('',(-0.193877187475,-1.540142388384,
    4.947749401782));
#14851 = CARTESIAN_POINT('',(-0.205231902985,-1.564114211099,
    4.922486704593));
#14852 = CARTESIAN_POINT('',(-0.213026911615,-1.589205540252,
    4.896580455898));
#14853 = CARTESIAN_POINT('',(-0.217726623285,-1.618268365635,
    4.867150534389));
#14854 = CARTESIAN_POINT('',(-0.218211037341,-1.621666440323,
    4.863718206982));
#14855 = CARTESIAN_POINT('',(-0.218631797795,-1.625073257275,
    4.860285709328));
#14856 = CARTESIAN_POINT('',(-0.218988735511,-1.628487536401,
    4.856854329885));
#14857 = CARTESIAN_POINT('',(-0.219281701454,-1.631907992114,
    4.853425341219));
#14858 = CARTESIAN_POINT('',(-0.219510566691,-1.635333333333,4.85));
#14859 = PCURVE('',#13002,#14860);
#14860 = DEFINITIONAL_REPRESENTATION('',(#14861),#14894);
#14861 = B_SPLINE_CURVE_WITH_KNOTS('',6,(#14862,#14863,#14864,#14865,
    #14866,#14867,#14868,#14869,#14870,#14871,#14872,#14873,#14874,
    #14875,#14876,#14877,#14878,#14879,#14880,#14881,#14882,#14883,
    #14884,#14885,#14886,#14887,#14888,#14889,#14890,#14891,#14892,
    #14893),.UNSPECIFIED.,.F.,.F.,(7,5,5,5,5,5,7),(0.,0.276028152965,
    0.499561577781,0.645110812578,0.724095549608,0.967835878985,1.),
  .UNSPECIFIED.);
#14862 = CARTESIAN_POINT('',(6.671614841019E-02,1.55));
#14863 = CARTESIAN_POINT('',(0.200597050652,1.57938827272));
#14864 = CARTESIAN_POINT('',(0.33420871246,1.609030669237));
#14865 = CARTESIAN_POINT('',(0.468300022594,1.638162368738));
#14866 = CARTESIAN_POINT('',(0.603448992608,1.665912949934));
#14867 = CARTESIAN_POINT('',(0.740196797523,1.691171490378));
#14868 = CARTESIAN_POINT('',(0.991257627725,1.730266245654));
#14869 = CARTESIAN_POINT('',(1.10490505918,1.745363205908));
#14870 = CARTESIAN_POINT('',(1.219832403596,1.757414617357));
#14871 = CARTESIAN_POINT('',(1.335852842814,1.765762581451));
#14872 = CARTESIAN_POINT('',(1.45258992524,1.769955084358));
#14873 = CARTESIAN_POINT('',(1.645276627441,1.7700287703));
#14874 = CARTESIAN_POINT('',(1.721276115162,1.76829919939));
#14875 = CARTESIAN_POINT('',(1.797097371557,1.764808268466));
#14876 = CARTESIAN_POINT('',(1.872598711407,1.759633092823));
#14877 = CARTESIAN_POINT('',(1.947675618334,1.752906099046));
#14878 = CARTESIAN_POINT('',(2.062716970028,1.740386418836));
#14879 = CARTESIAN_POINT('',(2.103040855541,1.735572941316));
#14880 = CARTESIAN_POINT('',(2.143211623662,1.730375509789));
#14881 = CARTESIAN_POINT('',(2.1832252897,1.724821483249));
#14882 = CARTESIAN_POINT('',(2.223081991143,1.718938969579));
#14883 = CARTESIAN_POINT('',(2.385306833958,1.693674511706));
#14884 = CARTESIAN_POINT('',(2.506311604001,1.671737628195));
#14885 = CARTESIAN_POINT('',(2.626027005649,1.647749401782));
#14886 = CARTESIAN_POINT('',(2.744807641837,1.622486704593));
#14887 = CARTESIAN_POINT('',(2.863052266491,1.596580455898));
#14888 = CARTESIAN_POINT('',(2.996872108765,1.567150534389));
#14889 = CARTESIAN_POINT('',(3.012471325837,1.563718206982));
#14890 = CARTESIAN_POINT('',(3.028070415345,1.560285709328));
#14891 = CARTESIAN_POINT('',(3.043670341384,1.556854329885));
#14892 = CARTESIAN_POINT('',(3.059272057198,1.553425341219));
#14893 = CARTESIAN_POINT('',(3.07487650518,1.55));
#14894 = ( GEOMETRIC_REPRESENTATION_CONTEXT(2) 
PARAMETRIC_REPRESENTATION_CONTEXT() REPRESENTATION_CONTEXT('2D SPACE',''
  ) );
#14895 = PCURVE('',#13322,#14896);
#14896 = DEFINITIONAL_REPRESENTATION('',(#14897),#14930);
#14897 = B_SPLINE_CURVE_WITH_KNOTS('',6,(#14898,#14899,#14900,#14901,
    #14902,#14903,#14904,#14905,#14906,#14907,#14908,#14909,#14910,
    #14911,#14912,#14913,#14914,#14915,#14916,#14917,#14918,#14919,
    #14920,#14921,#14922,#14923,#14924,#14925,#14926,#14927,#14928,
    #14929),.UNSPECIFIED.,.F.,.F.,(7,5,5,5,5,5,7),(0.,0.276028152965,
    0.499561577781,0.645110812578,0.724095549608,0.967835878985,1.),
  .UNSPECIFIED.);
#14898 = CARTESIAN_POINT('',(-4.845821277205,5.551115123126E-15));
#14899 = CARTESIAN_POINT('',(-4.84701132967,-2.938827272013E-02));
#14900 = CARTESIAN_POINT('',(-4.845388316241,-5.903066923704E-02));
#14901 = CARTESIAN_POINT('',(-4.840717746913,-8.816236873803E-02));
#14902 = CARTESIAN_POINT('',(-4.832766747214,-0.115912949934));
#14903 = CARTESIAN_POINT('',(-4.821400100047,-0.141171490378));
#14904 = CARTESIAN_POINT('',(-4.795165367068,-0.180266245654));
#14905 = CARTESIAN_POINT('',(-4.78137231942,-0.195363205908));
#14906 = CARTESIAN_POINT('',(-4.765701667166,-0.207414617357));
#14907 = CARTESIAN_POINT('',(-4.74852853338,-0.215762581451));
#14908 = CARTESIAN_POINT('',(-4.730574549752,-0.219955084358));
#14909 = CARTESIAN_POINT('',(-4.700930492477,-0.2200287703));
#14910 = CARTESIAN_POINT('',(-4.68923535641,-0.21829919939));
#14911 = CARTESIAN_POINT('',(-4.677750417207,-0.214808268466));
#14912 = CARTESIAN_POINT('',(-4.666676864483,-0.209633092823));
#14913 = CARTESIAN_POINT('',(-4.656182945581,-0.202906099046));
#14914 = CARTESIAN_POINT('',(-4.641067846226,-0.190386418836));
#14915 = CARTESIAN_POINT('',(-4.635955335146,-0.185572941316));
#14916 = CARTESIAN_POINT('',(-4.631065947918,-0.180375509789));
#14917 = CARTESIAN_POINT('',(-4.626414059409,-0.174821483249));
#14918 = CARTESIAN_POINT('',(-4.622010304839,-0.168938969579));
#14919 = CARTESIAN_POINT('',(-4.605060812364,-0.143674511706));
#14920 = CARTESIAN_POINT('',(-4.594698371886,-0.121737628195));
#14921 = CARTESIAN_POINT('',(-4.586976652365,-9.77494017822E-02));
#14922 = CARTESIAN_POINT('',(-4.581835384892,-7.248670459306E-02));
#14923 = CARTESIAN_POINT('',(-4.57913023773,-4.658045589845E-02));
#14924 = CARTESIAN_POINT('',(-4.578649016835,-1.715053438854E-02));
#14925 = CARTESIAN_POINT('',(-4.57863262231,-1.371820698248E-02));
#14926 = CARTESIAN_POINT('',(-4.578655566391,-1.02857093281E-02));
#14927 = CARTESIAN_POINT('',(-4.578717477244,-6.854329885405E-03));
#14928 = CARTESIAN_POINT('',(-4.57881797736,-3.425341219388E-03));
#14929 = CARTESIAN_POINT('',(-4.578956683564,6.661338147751E-15));
#14930 = ( GEOMETRIC_REPRESENTATION_CONTEXT(2) 
PARAMETRIC_REPRESENTATION_CONTEXT() REPRESENTATION_CONTEXT('2D SPACE',''
  ) );
#14931 = ADVANCED_FACE('',(#14932),#12567,.T.);
#14932 = FACE_BOUND('',#14933,.T.);
#14933 = EDGE_LOOP('',(#14934,#14958,#14959,#14960));
#14934 = ORIENTED_EDGE('',*,*,#14935,.F.);
#14935 = EDGE_CURVE('',#14623,#14936,#14938,.T.);
#14936 = VERTEX_POINT('',#14937);
#14937 = CARTESIAN_POINT('',(-0.423013653326,1.594854052602,4.85));
#14938 = SURFACE_CURVE('',#14939,(#14944,#14951),.PCURVE_S1.);
#14939 = CIRCLE('',#14940,1.65);
#14940 = AXIS2_PLACEMENT_3D('',#14941,#14942,#14943);
#14941 = CARTESIAN_POINT('',(0.,0.,4.85));
#14942 = DIRECTION('',(0.,0.,1.));
#14943 = DIRECTION('',(1.,0.,-0.));
#14944 = PCURVE('',#12567,#14945);
#14945 = DEFINITIONAL_REPRESENTATION('',(#14946),#14950);
#14946 = LINE('',#14947,#14948);
#14947 = CARTESIAN_POINT('',(0.,1.45));
#14948 = VECTOR('',#14949,1.);
#14949 = DIRECTION('',(1.,0.));
#14950 = ( GEOMETRIC_REPRESENTATION_CONTEXT(2) 
PARAMETRIC_REPRESENTATION_CONTEXT() REPRESENTATION_CONTEXT('2D SPACE',''
  ) );
#14951 = PCURVE('',#13322,#14952);
#14952 = DEFINITIONAL_REPRESENTATION('',(#14953),#14957);
#14953 = LINE('',#14954,#14955);
#14954 = CARTESIAN_POINT('',(-0.,-0.));
#14955 = VECTOR('',#14956,1.);
#14956 = DIRECTION('',(-1.,-0.));
#14957 = ( GEOMETRIC_REPRESENTATION_CONTEXT(2) 
PARAMETRIC_REPRESENTATION_CONTEXT() REPRESENTATION_CONTEXT('2D SPACE',''
  ) );
#14958 = ORIENTED_EDGE('',*,*,#14777,.F.);
#14959 = ORIENTED_EDGE('',*,*,#12550,.T.);
#14960 = ORIENTED_EDGE('',*,*,#14961,.T.);
#14961 = EDGE_CURVE('',#12551,#14936,#14962,.T.);
#14962 = SURFACE_CURVE('',#14963,(#14967,#14973),.PCURVE_S1.);
#14963 = LINE('',#14964,#14965);
#14964 = CARTESIAN_POINT('',(-0.423013653326,1.594854052602,3.4));
#14965 = VECTOR('',#14966,1.);
#14966 = DIRECTION('',(0.,0.,1.));
#14967 = PCURVE('',#12567,#14968);
#14968 = DEFINITIONAL_REPRESENTATION('',(#14969),#14972);
#14969 = B_SPLINE_CURVE_WITH_KNOTS('',1,(#14970,#14971),.UNSPECIFIED.,
  .F.,.F.,(2,2),(-5.999999999062E-07,1.4500006),
  .PIECEWISE_BEZIER_KNOTS.);
#14970 = CARTESIAN_POINT('',(1.830063111673,-5.999999999062E-07));
#14971 = CARTESIAN_POINT('',(1.830063111673,1.4500006));
#14972 = ( GEOMETRIC_REPRESENTATION_CONTEXT(2) 
PARAMETRIC_REPRESENTATION_CONTEXT() REPRESENTATION_CONTEXT('2D SPACE',''
  ) );
#14973 = PCURVE('',#12596,#14974);
#14974 = DEFINITIONAL_REPRESENTATION('',(#14975),#14978);
#14975 = B_SPLINE_CURVE_WITH_KNOTS('',1,(#14976,#14977),.UNSPECIFIED.,
  .F.,.F.,(2,2),(0.,1.45),.PIECEWISE_BEZIER_KNOTS.);
#14976 = CARTESIAN_POINT('',(6.609168240468,0.1));
#14977 = CARTESIAN_POINT('',(6.609168240468,1.55));
#14978 = ( GEOMETRIC_REPRESENTATION_CONTEXT(2) 
PARAMETRIC_REPRESENTATION_CONTEXT() REPRESENTATION_CONTEXT('2D SPACE',''
  ) );
#14979 = ADVANCED_FACE('',(#14980),#12973,.T.);
#14980 = FACE_BOUND('',#14981,.T.);
#14981 = EDGE_LOOP('',(#14982,#15006,#15025,#15026));
#14982 = ORIENTED_EDGE('',*,*,#14983,.F.);
#14983 = EDGE_CURVE('',#14984,#14804,#14986,.T.);
#14984 = VERTEX_POINT('',#14985);
#14985 = CARTESIAN_POINT('',(-0.423013653326,-1.594854052602,4.85));
#14986 = SURFACE_CURVE('',#14987,(#14992,#14999),.PCURVE_S1.);
#14987 = CIRCLE('',#14988,1.65);
#14988 = AXIS2_PLACEMENT_3D('',#14989,#14990,#14991);
#14989 = CARTESIAN_POINT('',(0.,0.,4.85));
#14990 = DIRECTION('',(0.,0.,1.));
#14991 = DIRECTION('',(1.,0.,-0.));
#14992 = PCURVE('',#12973,#14993);
#14993 = DEFINITIONAL_REPRESENTATION('',(#14994),#14998);
#14994 = LINE('',#14995,#14996);
#14995 = CARTESIAN_POINT('',(0.,1.45));
#14996 = VECTOR('',#14997,1.);
#14997 = DIRECTION('',(1.,0.));
#14998 = ( GEOMETRIC_REPRESENTATION_CONTEXT(2) 
PARAMETRIC_REPRESENTATION_CONTEXT() REPRESENTATION_CONTEXT('2D SPACE',''
  ) );
#14999 = PCURVE('',#13322,#15000);
#15000 = DEFINITIONAL_REPRESENTATION('',(#15001),#15005);
#15001 = LINE('',#15002,#15003);
#15002 = CARTESIAN_POINT('',(-0.,-0.));
#15003 = VECTOR('',#15004,1.);
#15004 = DIRECTION('',(-1.,-0.));
#15005 = ( GEOMETRIC_REPRESENTATION_CONTEXT(2) 
PARAMETRIC_REPRESENTATION_CONTEXT() REPRESENTATION_CONTEXT('2D SPACE',''
  ) );
#15006 = ORIENTED_EDGE('',*,*,#15007,.F.);
#15007 = EDGE_CURVE('',#12928,#14984,#15008,.T.);
#15008 = SURFACE_CURVE('',#15009,(#15013,#15019),.PCURVE_S1.);
#15009 = LINE('',#15010,#15011);
#15010 = CARTESIAN_POINT('',(-0.423013653326,-1.594854052602,3.4));
#15011 = VECTOR('',#15012,1.);
#15012 = DIRECTION('',(0.,0.,1.));
#15013 = PCURVE('',#12973,#15014);
#15014 = DEFINITIONAL_REPRESENTATION('',(#15015),#15018);
#15015 = B_SPLINE_CURVE_WITH_KNOTS('',1,(#15016,#15017),.UNSPECIFIED.,
  .F.,.F.,(2,2),(-5.999999999062E-07,1.4500006),
  .PIECEWISE_BEZIER_KNOTS.);
#15016 = CARTESIAN_POINT('',(4.453122195506,-5.999999999062E-07));
#15017 = CARTESIAN_POINT('',(4.453122195506,1.4500006));
#15018 = ( GEOMETRIC_REPRESENTATION_CONTEXT(2) 
PARAMETRIC_REPRESENTATION_CONTEXT() REPRESENTATION_CONTEXT('2D SPACE',''
  ) );
#15019 = PCURVE('',#12944,#15020);
#15020 = DEFINITIONAL_REPRESENTATION('',(#15021),#15024);
#15021 = B_SPLINE_CURVE_WITH_KNOTS('',1,(#15022,#15023),.UNSPECIFIED.,
  .F.,.F.,(2,2),(0.,1.45),.PIECEWISE_BEZIER_KNOTS.);
#15022 = CARTESIAN_POINT('',(5.957202373891,0.1));
#15023 = CARTESIAN_POINT('',(5.957202373891,1.55));
#15024 = ( GEOMETRIC_REPRESENTATION_CONTEXT(2) 
PARAMETRIC_REPRESENTATION_CONTEXT() REPRESENTATION_CONTEXT('2D SPACE',''
  ) );
#15025 = ORIENTED_EDGE('',*,*,#12956,.T.);
#15026 = ORIENTED_EDGE('',*,*,#14803,.T.);
#15027 = ADVANCED_FACE('',(#15028),#12596,.F.);
#15028 = FACE_BOUND('',#15029,.F.);
#15029 = EDGE_LOOP('',(#15030,#15031,#15032,#15221));
#15030 = ORIENTED_EDGE('',*,*,#12579,.T.);
#15031 = ORIENTED_EDGE('',*,*,#14961,.T.);
#15032 = ORIENTED_EDGE('',*,*,#15033,.T.);
#15033 = EDGE_CURVE('',#14936,#15034,#15036,.T.);
#15034 = VERTEX_POINT('',#15035);
#15035 = CARTESIAN_POINT('',(-0.828616292797,1.426847938399,4.85));
#15036 = SURFACE_CURVE('',#15037,(#15075,#15148),.PCURVE_S1.);
#15037 = B_SPLINE_CURVE_WITH_KNOTS('',6,(#15038,#15039,#15040,#15041,
    #15042,#15043,#15044,#15045,#15046,#15047,#15048,#15049,#15050,
    #15051,#15052,#15053,#15054,#15055,#15056,#15057,#15058,#15059,
    #15060,#15061,#15062,#15063,#15064,#15065,#15066,#15067,#15068,
    #15069,#15070,#15071,#15072,#15073,#15074),.UNSPECIFIED.,.F.,.F.,(7,
    5,5,5,5,5,5,7),(0.,0.283598936647,1.,2.581897100626,4.466888869745,
    5.765855523583,6.467927784339,8.936754021573),.UNSPECIFIED.);
#15038 = CARTESIAN_POINT('',(-0.423013653326,1.594854052602,4.85));
#15039 = CARTESIAN_POINT('',(-0.421929167375,1.591645919085,4.8533789437
    ));
#15040 = CARTESIAN_POINT('',(-0.420904128556,1.588418307483,
    4.85676143673));
#15041 = CARTESIAN_POINT('',(-0.419938896811,1.585172410172,
    4.860146272758));
#15042 = CARTESIAN_POINT('',(-0.419033812494,1.581909421984,
    4.863532230431));
#15043 = CARTESIAN_POINT('',(-0.418189196368,1.578630540209,
    4.866918073375));
#15044 = CARTESIAN_POINT('',(-0.415425269351,1.567017042449,
    4.878852098452));
#15045 = CARTESIAN_POINT('',(-0.413832973146,1.558603387226,
    4.887392890476));
#15046 = CARTESIAN_POINT('',(-0.412633319904,1.550115268356,
    4.895904838039));
#15047 = CARTESIAN_POINT('',(-0.411830425627,1.541572248901,
    4.904366975479));
#15048 = CARTESIAN_POINT('',(-0.411427663402,1.532994185555,
    4.912757459712));
#15049 = CARTESIAN_POINT('',(-0.411427663402,1.5054269776,4.939372349796
    ));
#15050 = CARTESIAN_POINT('',(-0.413391418022,1.486382259254,
    4.957228909157));
#15051 = CARTESIAN_POINT('',(-0.417346290817,1.467481506586,
    4.974380994473));
#15052 = CARTESIAN_POINT('',(-0.423303301479,1.448957252825,
    4.99055465668));
#15053 = CARTESIAN_POINT('',(-0.431242328744,1.431066837976,
    5.005438781308));
#15054 = CARTESIAN_POINT('',(-0.452819583615,1.393838990183,
    5.034552649444));
#15055 = CARTESIAN_POINT('',(-0.467263694762,1.374872105018,
    5.04811728177));
#15056 = CARTESIAN_POINT('',(-0.484280578541,1.357664056221,
    5.058870986546));
#15057 = CARTESIAN_POINT('',(-0.503600108226,1.342714309393,
    5.066278376944));
#15058 = CARTESIAN_POINT('',(-0.524757174777,1.330472754335,
    5.069985665659));
#15059 = CARTESIAN_POINT('',(-0.562552958304,1.314794567951,
    5.070009821818));
#15060 = CARTESIAN_POINT('',(-0.578557495494,1.309801297312,
    5.068265972185));
#15061 = CARTESIAN_POINT('',(-0.594947809328,1.306294694102,
    5.064766191469));
#15062 = CARTESIAN_POINT('',(-0.611517735615,1.304304779021,
    5.059587592092));
#15063 = CARTESIAN_POINT('',(-0.628068375298,1.303817671932,
    5.052862210681));
#15064 = CARTESIAN_POINT('',(-0.653261498806,1.305308355753,
    5.040369465271));
#15065 = CARTESIAN_POINT('',(-0.662043964026,1.306256421821,
    5.035581499573));
#15066 = CARTESIAN_POINT('',(-0.670742446789,1.307622206335,
    5.030413744998));
#15067 = CARTESIAN_POINT('',(-0.679331783911,1.309395885906,
    5.024893113392));
#15068 = CARTESIAN_POINT('',(-0.68778899717,1.311565886111,
    5.019047251938));
#15069 = CARTESIAN_POINT('',(-0.725295247122,1.323099778607,
    4.991298708846));
#15070 = CARTESIAN_POINT('',(-0.752584752572,1.336818580439,
    4.966024791469));
#15071 = CARTESIAN_POINT('',(-0.777106091002,1.354726890232,
    4.938250377978));
#15072 = CARTESIAN_POINT('',(-0.79824537823,1.376150678342,4.90909037835
    ));
#15073 = CARTESIAN_POINT('',(-0.815542607661,1.400421540617,
    4.87941789073));
#15074 = CARTESIAN_POINT('',(-0.828616292797,1.426847938399,4.85));
#15075 = PCURVE('',#12596,#15076);
#15076 = DEFINITIONAL_REPRESENTATION('',(#15077),#15147);
#15077 = B_SPLINE_CURVE_WITH_KNOTS('',3,(#15078,#15079,#15080,#15081,
    #15082,#15083,#15084,#15085,#15086,#15087,#15088,#15089,#15090,
    #15091,#15092,#15093,#15094,#15095,#15096,#15097,#15098,#15099,
    #15100,#15101,#15102,#15103,#15104,#15105,#15106,#15107,#15108,
    #15109,#15110,#15111,#15112,#15113,#15114,#15115,#15116,#15117,
    #15118,#15119,#15120,#15121,#15122,#15123,#15124,#15125,#15126,
    #15127,#15128,#15129,#15130,#15131,#15132,#15133,#15134,#15135,
    #15136,#15137,#15138,#15139,#15140,#15141,#15142,#15143,#15144,
    #15145,#15146),.UNSPECIFIED.,.F.,.F.,(4,1,1,1,1,1,1,1,1,1,1,1,1,1,1,
    1,1,1,1,1,1,1,1,1,1,1,1,1,1,1,1,1,1,1,1,1,1,1,1,1,1,1,1,1,1,1,1,1,1,
    1,1,1,1,1,1,1,1,1,1,1,1,1,1,1,1,1,4),(0.,0.135405363963,
    0.270810727926,0.40621609189,0.541621455853,0.677026819816,
    0.812432183779,0.947837547743,1.083242911706,1.218648275669,
    1.354053639632,1.489459003596,1.624864367559,1.760269731522,
    1.895675095485,2.031080459448,2.166485823412,2.301891187375,
    2.437296551338,2.572701915301,2.708107279265,2.843512643228,
    2.978918007191,3.114323371154,3.249728735118,3.385134099081,
    3.520539463044,3.655944827007,3.791350190971,3.926755554934,
    4.062160918897,4.19756628286,4.332971646823,4.468377010787,
    4.60378237475,4.739187738713,4.874593102676,5.00999846664,
    5.145403830603,5.280809194566,5.416214558529,5.551619922493,
    5.687025286456,5.822430650419,5.957836014382,6.093241378345,
    6.228646742309,6.364052106272,6.499457470235,6.634862834198,
    6.770268198162,6.905673562125,7.041078926088,7.176484290051,
    7.311889654015,7.447295017978,7.582700381941,7.718105745904,
    7.853511109867,7.988916473831,8.124321837794,8.259727201757,
    8.39513256572,8.530537929684,8.665943293647,8.80134865761,
    8.936754021573),.QUASI_UNIFORM_KNOTS.);
#15078 = CARTESIAN_POINT('',(6.609168240468,1.55));
#15079 = CARTESIAN_POINT('',(6.594469262139,1.553226553645));
#15080 = CARTESIAN_POINT('',(6.565077415828,1.559687845033));
#15081 = CARTESIAN_POINT('',(6.520995885563,1.569388117125));
#15082 = CARTESIAN_POINT('',(6.476908596188,1.579080618485));
#15083 = CARTESIAN_POINT('',(6.432803222044,1.588748852984));
#15084 = CARTESIAN_POINT('',(6.388667387734,1.598375992415));
#15085 = CARTESIAN_POINT('',(6.344488779966,1.607944785743));
#15086 = CARTESIAN_POINT('',(6.300255005028,1.617437587774));
#15087 = CARTESIAN_POINT('',(6.25595361302,1.626836334075));
#15088 = CARTESIAN_POINT('',(6.211573944323,1.636122129293));
#15089 = CARTESIAN_POINT('',(6.167102814953,1.645276152514));
#15090 = CARTESIAN_POINT('',(6.122528415883,1.65427882811));
#15091 = CARTESIAN_POINT('',(6.077839544358,1.663109997251));
#15092 = CARTESIAN_POINT('',(6.033025818792,1.671748894214));
#15093 = CARTESIAN_POINT('',(5.9880776325,1.680174190984));
#15094 = CARTESIAN_POINT('',(5.942986195186,1.688364037743));
#15095 = CARTESIAN_POINT('',(5.897743524232,1.696296125323));
#15096 = CARTESIAN_POINT('',(5.852342603408,1.703947737762));
#15097 = CARTESIAN_POINT('',(5.806776992627,1.711295896284));
#15098 = CARTESIAN_POINT('',(5.761042553347,1.718317221328));
#15099 = CARTESIAN_POINT('',(5.715131364379,1.72498890477));
#15100 = CARTESIAN_POINT('',(5.669040549219,1.731287559741));
#15101 = CARTESIAN_POINT('',(5.622775999206,1.737189057113));
#15102 = CARTESIAN_POINT('',(5.576342898846,1.742670106892));
#15103 = CARTESIAN_POINT('',(5.529748333406,1.747708139307));
#15104 = CARTESIAN_POINT('',(5.483000697416,1.752281638618));
#15105 = CARTESIAN_POINT('',(5.436109967199,1.756370356657));
#15106 = CARTESIAN_POINT('',(5.389087748685,1.759955559639));
#15107 = CARTESIAN_POINT('',(5.341947387423,1.763020267098));
#15108 = CARTESIAN_POINT('',(5.294704086452,1.765549493962));
#15109 = CARTESIAN_POINT('',(5.247374976661,1.76753049287));
#15110 = CARTESIAN_POINT('',(5.199979438863,1.768952997299));
#15111 = CARTESIAN_POINT('',(5.152538568425,1.769809466158));
#15112 = CARTESIAN_POINT('',(5.105077960385,1.770095326595));
#15113 = CARTESIAN_POINT('',(5.057618256462,1.769809227411));
#15114 = CARTESIAN_POINT('',(5.010179074655,1.768952563773));
#15115 = CARTESIAN_POINT('',(4.962784726512,1.767529892427));
#15116 = CARTESIAN_POINT('',(4.915455614522,1.765548705369));
#15117 = CARTESIAN_POINT('',(4.868210888265,1.763019215879));
#15118 = CARTESIAN_POINT('',(4.821067997972,1.75995414259));
#15119 = CARTESIAN_POINT('',(4.774042954831,1.75636848902));
#15120 = CARTESIAN_POINT('',(4.727150447745,1.752279343232));
#15121 = CARTESIAN_POINT('',(4.680403447117,1.747705601522));
#15122 = CARTESIAN_POINT('',(4.633814673836,1.742667975859));
#15123 = CARTESIAN_POINT('',(4.587388522521,1.737187626923));
#15124 = CARTESIAN_POINT('',(4.541130205278,1.731286866173));
#15125 = CARTESIAN_POINT('',(4.495042731642,1.724988633454));
#15126 = CARTESIAN_POINT('',(4.449127735189,1.718316367011));
#15127 = CARTESIAN_POINT('',(4.403382510879,1.711293307821));
#15128 = CARTESIAN_POINT('',(4.357812997499,1.703944334775));
#15129 = CARTESIAN_POINT('',(4.312412831666,1.696292687447));
#15130 = CARTESIAN_POINT('',(4.267173349815,1.688361041448));
#15131 = CARTESIAN_POINT('',(4.222085883959,1.680171846186));
#15132 = CARTESIAN_POINT('',(4.177141209101,1.671747169477));
#15133 = CARTESIAN_POINT('',(4.132329740993,1.663108682335));
#15134 = CARTESIAN_POINT('',(4.087641520384,1.654277614247));
#15135 = CARTESIAN_POINT('',(4.043066242788,1.64527472441));
#15136 = CARTESIAN_POINT('',(3.998593265429,1.636120276728));
#15137 = CARTESIAN_POINT('',(3.954211610913,1.626834021849));
#15138 = CARTESIAN_POINT('',(3.909909963815,1.617435185384));
#15139 = CARTESIAN_POINT('',(3.865676662485,1.607942462429));
#15140 = CARTESIAN_POINT('',(3.821499687319,1.598374018752));
#15141 = CARTESIAN_POINT('',(3.77736664479,1.588747497101));
#15142 = CARTESIAN_POINT('',(3.733264754837,1.579080034456));
#15143 = CARTESIAN_POINT('',(3.689180817214,1.569388268432));
#15144 = CARTESIAN_POINT('',(3.645101251187,1.559688414215));
#15145 = CARTESIAN_POINT('',(3.615708322701,1.553226876944));
#15146 = CARTESIAN_POINT('',(3.601007883699,1.55));
#15147 = ( GEOMETRIC_REPRESENTATION_CONTEXT(2) 
PARAMETRIC_REPRESENTATION_CONTEXT() REPRESENTATION_CONTEXT('2D SPACE',''
  ) );
#15148 = PCURVE('',#13322,#15149);
#15149 = DEFINITIONAL_REPRESENTATION('',(#15150),#15220);
#15150 = B_SPLINE_CURVE_WITH_KNOTS('',3,(#15151,#15152,#15153,#15154,
    #15155,#15156,#15157,#15158,#15159,#15160,#15161,#15162,#15163,
    #15164,#15165,#15166,#15167,#15168,#15169,#15170,#15171,#15172,
    #15173,#15174,#15175,#15176,#15177,#15178,#15179,#15180,#15181,
    #15182,#15183,#15184,#15185,#15186,#15187,#15188,#15189,#15190,
    #15191,#15192,#15193,#15194,#15195,#15196,#15197,#15198,#15199,
    #15200,#15201,#15202,#15203,#15204,#15205,#15206,#15207,#15208,
    #15209,#15210,#15211,#15212,#15213,#15214,#15215,#15216,#15217,
    #15218,#15219),.UNSPECIFIED.,.F.,.F.,(4,1,1,1,1,1,1,1,1,1,1,1,1,1,1,
    1,1,1,1,1,1,1,1,1,1,1,1,1,1,1,1,1,1,1,1,1,1,1,1,1,1,1,1,1,1,1,1,1,1,
    1,1,1,1,1,1,1,1,1,1,1,1,1,1,1,1,1,4),(0.,0.135405363963,
    0.270810727926,0.40621609189,0.541621455853,0.677026819816,
    0.812432183779,0.947837547743,1.083242911706,1.218648275669,
    1.354053639632,1.489459003596,1.624864367559,1.760269731522,
    1.895675095485,2.031080459448,2.166485823412,2.301891187375,
    2.437296551338,2.572701915301,2.708107279265,2.843512643228,
    2.978918007191,3.114323371154,3.249728735118,3.385134099081,
    3.520539463044,3.655944827007,3.791350190971,3.926755554934,
    4.062160918897,4.19756628286,4.332971646823,4.468377010787,
    4.60378237475,4.739187738713,4.874593102676,5.00999846664,
    5.145403830603,5.280809194566,5.416214558529,5.551619922493,
    5.687025286456,5.822430650419,5.957836014382,6.093241378345,
    6.228646742309,6.364052106272,6.499457470235,6.634862834198,
    6.770268198162,6.905673562125,7.041078926088,7.176484290051,
    7.311889654015,7.447295017978,7.582700381941,7.718105745904,
    7.853511109867,7.988916473831,8.124321837794,8.259727201757,
    8.39513256572,8.530537929684,8.665943293647,8.80134865761,
    8.936754021573),.QUASI_UNIFORM_KNOTS.);
#15151 = CARTESIAN_POINT('',(-1.830063111673,2.6645352591E-15));
#15152 = CARTESIAN_POINT('',(-1.829932445449,-3.226553723427E-03));
#15153 = CARTESIAN_POINT('',(-1.829755897977,-9.687845065583E-03));
#15154 = CARTESIAN_POINT('',(-1.829750070293,-1.938811690733E-02));
#15155 = CARTESIAN_POINT('',(-1.830007919752,-2.908061931229E-02));
#15156 = CARTESIAN_POINT('',(-1.830533972384,-3.874885394293E-02));
#15157 = CARTESIAN_POINT('',(-1.831332611775,-4.83759919722E-02));
#15158 = CARTESIAN_POINT('',(-1.832408024898,-5.794478459407E-02));
#15159 = CARTESIAN_POINT('',(-1.833764169203,-6.743758786512E-02));
#15160 = CARTESIAN_POINT('',(-1.835404735055,-7.68363338518E-02));
#15161 = CARTESIAN_POINT('',(-1.837332991693,-8.612212846346E-02));
#15162 = CARTESIAN_POINT('',(-1.839551911476,-9.527615225188E-02));
#15163 = CARTESIAN_POINT('',(-1.842063961354,-0.104278828539));
#15164 = CARTESIAN_POINT('',(-1.844871034245,-0.113109997835));
#15165 = CARTESIAN_POINT('',(-1.847974345856,-0.121748894339));
#15166 = CARTESIAN_POINT('',(-1.851374335108,-0.130174190536));
#15167 = CARTESIAN_POINT('',(-1.855070557233,-0.138364037173));
#15168 = CARTESIAN_POINT('',(-1.859061578741,-0.146296125316));
#15169 = CARTESIAN_POINT('',(-1.863344853306,-0.153947738309));
#15170 = CARTESIAN_POINT('',(-1.867916659289,-0.161295897343));
#15171 = CARTESIAN_POINT('',(-1.872771804413,-0.168317219587));
#15172 = CARTESIAN_POINT('',(-1.877904203603,-0.174988910704));
#15173 = CARTESIAN_POINT('',(-1.883305858921,-0.181287571362));
#15174 = CARTESIAN_POINT('',(-1.888966186658,-0.187189063358));
#15175 = CARTESIAN_POINT('',(-1.894873005027,-0.192670104167));
#15176 = CARTESIAN_POINT('',(-1.901012207213,-0.197708130963));
#15177 = CARTESIAN_POINT('',(-1.907367815473,-0.202281631528));
#15178 = CARTESIAN_POINT('',(-1.913921968082,-0.206370356137));
#15179 = CARTESIAN_POINT('',(-1.920654961657,-0.209955566093));
#15180 = CARTESIAN_POINT('',(-1.927545318844,-0.213020275717));
#15181 = CARTESIAN_POINT('',(-1.934569887655,-0.215549497699));
#15182 = CARTESIAN_POINT('',(-1.941703982655,-0.217530487477));
#15183 = CARTESIAN_POINT('',(-1.948921521872,-0.218952985828));
#15184 = CARTESIAN_POINT('',(-1.956195330123,-0.219809458678));
#15185 = CARTESIAN_POINT('',(-1.963496963516,-0.220095330579));
#15186 = CARTESIAN_POINT('',(-1.970798452323,-0.219809218944));
#15187 = CARTESIAN_POINT('',(-1.978071986786,-0.2189525526));
#15188 = CARTESIAN_POINT('',(-1.985289323009,-0.217529889736));
#15189 = CARTESIAN_POINT('',(-1.992423389654,-0.215548712253));
#15190 = CARTESIAN_POINT('',(-1.999448132558,-0.213019224703));
#15191 = CARTESIAN_POINT('',(-2.006338808527,-0.209954144385));
#15192 = CARTESIAN_POINT('',(-2.013072137698,-0.206368481318));
#15193 = CARTESIAN_POINT('',(-2.019626450282,-0.202279332379));
#15194 = CARTESIAN_POINT('',(-2.025981863758,-0.197705600049));
#15195 = CARTESIAN_POINT('',(-2.032120203503,-0.192667976335));
#15196 = CARTESIAN_POINT('',(-2.038026069651,-0.187187627057));
#15197 = CARTESIAN_POINT('',(-2.043685596642,-0.181286865934));
#15198 = CARTESIAN_POINT('',(-2.049086847009,-0.17498863337));
#15199 = CARTESIAN_POINT('',(-2.054219664489,-0.168316367666));
#15200 = CARTESIAN_POINT('',(-2.059075892096,-0.161293306393));
#15201 = CARTESIAN_POINT('',(-2.063647960393,-0.153944342492));
#15202 = CARTESIAN_POINT('',(-2.067931033032,-0.146292700378));
#15203 = CARTESIAN_POINT('',(-2.071921658106,-0.138361052292));
#15204 = CARTESIAN_POINT('',(-2.075617465972,-0.130171849932));
#15205 = CARTESIAN_POINT('',(-2.079017126005,-0.121747165335));
#15206 = CARTESIAN_POINT('',(-2.082120235368,-0.113108673166));
#15207 = CARTESIAN_POINT('',(-2.084927228685,-0.104277604745));
#15208 = CARTESIAN_POINT('',(-2.087439285889,-9.527471897536E-02));
#15209 = CARTESIAN_POINT('',(-2.08965824522,-8.612027775671E-02));
#15210 = CARTESIAN_POINT('',(-2.091586520165,-7.683402887207E-02));
#15211 = CARTESIAN_POINT('',(-2.093227021162,-6.743519525497E-02));
#15212 = CARTESIAN_POINT('',(-2.094583082191,-5.794247050141E-02));
#15213 = CARTESIAN_POINT('',(-2.095658392359,-4.837402075536E-02));
#15214 = CARTESIAN_POINT('',(-2.09645693271,-3.874749114859E-02));
#15215 = CARTESIAN_POINT('',(-2.096982917406,-2.908002257721E-02));
#15216 = CARTESIAN_POINT('',(-2.097240742228,-1.938825622633E-02));
#15217 = CARTESIAN_POINT('',(-2.097234928767,-9.6884092325E-03));
#15218 = CARTESIAN_POINT('',(-2.097058380852,-3.22687603276E-03));
#15219 = CARTESIAN_POINT('',(-2.096927705314,3.996802888651E-15));
#15220 = ( GEOMETRIC_REPRESENTATION_CONTEXT(2) 
PARAMETRIC_REPRESENTATION_CONTEXT() REPRESENTATION_CONTEXT('2D SPACE',''
  ) );
#15221 = ORIENTED_EDGE('',*,*,#15222,.F.);
#15222 = EDGE_CURVE('',#12580,#15034,#15223,.T.);
#15223 = SURFACE_CURVE('',#15224,(#15228,#15234),.PCURVE_S1.);
#15224 = LINE('',#15225,#15226);
#15225 = CARTESIAN_POINT('',(-0.828616292797,1.426847938399,3.4));
#15226 = VECTOR('',#15227,1.);
#15227 = DIRECTION('',(0.,0.,1.));
#15228 = PCURVE('',#12596,#15229);
#15229 = DEFINITIONAL_REPRESENTATION('',(#15230),#15233);
#15230 = B_SPLINE_CURVE_WITH_KNOTS('',1,(#15231,#15232),.UNSPECIFIED.,
  .F.,.F.,(2,2),(0.,1.45),.PIECEWISE_BEZIER_KNOTS.);
#15231 = CARTESIAN_POINT('',(3.601007883699,0.1));
#15232 = CARTESIAN_POINT('',(3.601007883699,1.55));
#15233 = ( GEOMETRIC_REPRESENTATION_CONTEXT(2) 
PARAMETRIC_REPRESENTATION_CONTEXT() REPRESENTATION_CONTEXT('2D SPACE',''
  ) );
#15234 = PCURVE('',#12625,#15235);
#15235 = DEFINITIONAL_REPRESENTATION('',(#15236),#15239);
#15236 = B_SPLINE_CURVE_WITH_KNOTS('',1,(#15237,#15238),.UNSPECIFIED.,
  .F.,.F.,(2,2),(-5.999999999062E-07,1.4500006),
  .PIECEWISE_BEZIER_KNOTS.);
#15237 = CARTESIAN_POINT('',(2.096927705314,-5.999999999062E-07));
#15238 = CARTESIAN_POINT('',(2.096927705314,1.4500006));
#15239 = ( GEOMETRIC_REPRESENTATION_CONTEXT(2) 
PARAMETRIC_REPRESENTATION_CONTEXT() REPRESENTATION_CONTEXT('2D SPACE',''
  ) );
#15240 = ADVANCED_FACE('',(#15241),#12944,.F.);
#15241 = FACE_BOUND('',#15242,.F.);
#15242 = EDGE_LOOP('',(#15243,#15244,#15265,#15457));
#15243 = ORIENTED_EDGE('',*,*,#12927,.T.);
#15244 = ORIENTED_EDGE('',*,*,#15245,.T.);
#15245 = EDGE_CURVE('',#12899,#15246,#15248,.T.);
#15246 = VERTEX_POINT('',#15247);
#15247 = CARTESIAN_POINT('',(-0.828616292797,-1.426847938399,4.85));
#15248 = SURFACE_CURVE('',#15249,(#15253,#15259),.PCURVE_S1.);
#15249 = LINE('',#15250,#15251);
#15250 = CARTESIAN_POINT('',(-0.828616292797,-1.426847938399,3.4));
#15251 = VECTOR('',#15252,1.);
#15252 = DIRECTION('',(0.,0.,1.));
#15253 = PCURVE('',#12944,#15254);
#15254 = DEFINITIONAL_REPRESENTATION('',(#15255),#15258);
#15255 = B_SPLINE_CURVE_WITH_KNOTS('',1,(#15256,#15257),.UNSPECIFIED.,
  .F.,.F.,(2,2),(0.,1.45),.PIECEWISE_BEZIER_KNOTS.);
#15256 = CARTESIAN_POINT('',(8.96536273066,0.1));
#15257 = CARTESIAN_POINT('',(8.96536273066,1.55));
#15258 = ( GEOMETRIC_REPRESENTATION_CONTEXT(2) 
PARAMETRIC_REPRESENTATION_CONTEXT() REPRESENTATION_CONTEXT('2D SPACE',''
  ) );
#15259 = PCURVE('',#12915,#15260);
#15260 = DEFINITIONAL_REPRESENTATION('',(#15261),#15264);
#15261 = B_SPLINE_CURVE_WITH_KNOTS('',1,(#15262,#15263),.UNSPECIFIED.,
  .F.,.F.,(2,2),(-5.999999999062E-07,1.4500006),
  .PIECEWISE_BEZIER_KNOTS.);
#15262 = CARTESIAN_POINT('',(4.186257601866,-5.999999999062E-07));
#15263 = CARTESIAN_POINT('',(4.186257601866,1.4500006));
#15264 = ( GEOMETRIC_REPRESENTATION_CONTEXT(2) 
PARAMETRIC_REPRESENTATION_CONTEXT() REPRESENTATION_CONTEXT('2D SPACE',''
  ) );
#15265 = ORIENTED_EDGE('',*,*,#15266,.T.);
#15266 = EDGE_CURVE('',#15246,#14984,#15267,.T.);
#15267 = SURFACE_CURVE('',#15268,(#15311,#15384),.PCURVE_S1.);
#15268 = B_SPLINE_CURVE_WITH_KNOTS('',6,(#15269,#15270,#15271,#15272,
    #15273,#15274,#15275,#15276,#15277,#15278,#15279,#15280,#15281,
    #15282,#15283,#15284,#15285,#15286,#15287,#15288,#15289,#15290,
    #15291,#15292,#15293,#15294,#15295,#15296,#15297,#15298,#15299,
    #15300,#15301,#15302,#15303,#15304,#15305,#15306,#15307,#15308,
    #15309,#15310),.UNSPECIFIED.,.F.,.F.,(7,5,5,5,5,5,5,5,7),(0.,
    3.60340744504E-02,0.311032145979,0.399757475047,0.563132148411,
    0.798764019047,1.,1.116557593827,1.125998263209),.UNSPECIFIED.);
#15269 = CARTESIAN_POINT('',(-0.828616292797,-1.426847938399,4.85));
#15270 = CARTESIAN_POINT('',(-0.827101809899,-1.423786649476,
    4.853407829692));
#15271 = CARTESIAN_POINT('',(-0.825530560172,-1.420754108228,
    4.856819269652));
#15272 = CARTESIAN_POINT('',(-0.823903147458,-1.417751440691,
    4.86023308236));
#15273 = CARTESIAN_POINT('',(-0.822220191733,-1.414779760375,
    4.863648014742));
#15274 = CARTESIAN_POINT('',(-0.820482329101,-1.411840168269,
    4.867062798167));
#15275 = CARTESIAN_POINT('',(-0.805013468029,-1.386753118215,
    4.896525513108));
#15276 = CARTESIAN_POINT('',(-0.788181277835,-1.366511872779,
    4.9224831976));
#15277 = CARTESIAN_POINT('',(-0.768477413333,-1.348676021043,
    4.947795460844));
#15278 = CARTESIAN_POINT('',(-0.746240505551,-1.333705496851,
    4.971827834105));
#15279 = CARTESIAN_POINT('',(-0.721915185247,-1.322061236745,
    4.993798555134));
#15280 = CARTESIAN_POINT('',(-0.687770909675,-1.311560036181,
    5.019060908303));
#15281 = CARTESIAN_POINT('',(-0.679288043944,-1.309384435785,
    5.024923567546));
#15282 = CARTESIAN_POINT('',(-0.670672313413,-1.307607560809,
    5.030458982382));
#15283 = CARTESIAN_POINT('',(-0.661946909068,-1.306241087483,
    5.03563925518));
#15284 = CARTESIAN_POINT('',(-0.653137232945,-1.30529491787,
    5.040437235768));
#15285 = CARTESIAN_POINT('',(-0.62794482612,-1.303821715194,
    5.052912001907));
#15286 = CARTESIAN_POINT('',(-0.611423924043,-1.304316832135,
    5.059616096944));
#15287 = CARTESIAN_POINT('',(-0.594884669878,-1.306309405919,
    5.064778404324));
#15288 = CARTESIAN_POINT('',(-0.578524917525,-1.309813112293,
    5.06826776057));
#15289 = CARTESIAN_POINT('',(-0.562549709579,-1.314798027231,
    5.070007568674));
#15290 = CARTESIAN_POINT('',(-0.524956652428,-1.330386966758,
    5.069989035575));
#15291 = CARTESIAN_POINT('',(-0.503955733163,-1.342506168473,
    5.066343212611));
#15292 = CARTESIAN_POINT('',(-0.48475807504,-1.357293210508,
    5.059055496407));
#15293 = CARTESIAN_POINT('',(-0.467819370449,-1.374310485708,
    5.048468048482));
#15294 = CARTESIAN_POINT('',(-0.453406568347,-1.393070805388,
    5.035101243981));
#15295 = CARTESIAN_POINT('',(-0.431626325553,-1.430206269017,
    5.006154027708));
#15296 = CARTESIAN_POINT('',(-0.42353379208,-1.448244139744,
    4.991176927043));
#15297 = CARTESIAN_POINT('',(-0.417461044931,-1.466935740773,
    4.974876105393));
#15298 = CARTESIAN_POINT('',(-0.413429421745,-1.486015591297,
    4.95757265011));
#15299 = CARTESIAN_POINT('',(-0.411427663402,-1.50524425844,
    4.939548756865));
#15300 = CARTESIAN_POINT('',(-0.411427663402,-1.53549710892,
    4.910341000622));
#15301 = CARTESIAN_POINT('',(-0.412099226767,-1.546568131875,
    4.899471110942));
#15302 = CARTESIAN_POINT('',(-0.413436694472,-1.557570993934,
    4.888492706566));
#15303 = CARTESIAN_POINT('',(-0.415432338168,-1.568463122521,
    4.877452268543));
#15304 = CARTESIAN_POINT('',(-0.418076360173,-1.579202676061,
    4.866393953588));
#15305 = CARTESIAN_POINT('',(-0.421622602719,-1.59060271443,
    4.854465857895));
#15306 = CARTESIAN_POINT('',(-0.421892487491,-1.591455613301,
    4.85357228002));
#15307 = CARTESIAN_POINT('',(-0.422166541437,-1.592307218568,
    4.852678882925));
#15308 = CARTESIAN_POINT('',(-0.422444758107,-1.593157508212,
    4.851785689013));
#15309 = CARTESIAN_POINT('',(-0.422727130953,-1.594006460224,
    4.850892720615));
#15310 = CARTESIAN_POINT('',(-0.423013653326,-1.594854052602,4.85));
#15311 = PCURVE('',#12944,#15312);
#15312 = DEFINITIONAL_REPRESENTATION('',(#15313),#15383);
#15313 = B_SPLINE_CURVE_WITH_KNOTS('',3,(#15314,#15315,#15316,#15317,
    #15318,#15319,#15320,#15321,#15322,#15323,#15324,#15325,#15326,
    #15327,#15328,#15329,#15330,#15331,#15332,#15333,#15334,#15335,
    #15336,#15337,#15338,#15339,#15340,#15341,#15342,#15343,#15344,
    #15345,#15346,#15347,#15348,#15349,#15350,#15351,#15352,#15353,
    #15354,#15355,#15356,#15357,#15358,#15359,#15360,#15361,#15362,
    #15363,#15364,#15365,#15366,#15367,#15368,#15369,#15370,#15371,
    #15372,#15373,#15374,#15375,#15376,#15377,#15378,#15379,#15380,
    #15381,#15382),.UNSPECIFIED.,.F.,.F.,(4,1,1,1,1,1,1,1,1,1,1,1,1,1,1,
    1,1,1,1,1,1,1,1,1,1,1,1,1,1,1,1,1,1,1,1,1,1,1,1,1,1,1,1,1,1,1,1,1,1,
    1,1,1,1,1,1,1,1,1,1,1,1,1,1,1,1,1,4),(0.,1.706057974559E-02,
    3.412115949118E-02,5.118173923677E-02,6.824231898236E-02,
    8.530289872795E-02,0.102363478474,0.119424058219,0.136484637965,
    0.15354521771,0.170605797456,0.187666377201,0.204726956947,
    0.221787536693,0.238848116438,0.255908696184,0.272969275929,
    0.290029855675,0.307090435421,0.324151015166,0.341211594912,
    0.358272174657,0.375332754403,0.392393334149,0.409453913894,
    0.42651449364,0.443575073385,0.460635653131,0.477696232877,
    0.494756812622,0.511817392368,0.528877972113,0.545938551859,
    0.562999131604,0.58005971135,0.597120291096,0.614180870841,
    0.631241450587,0.648302030332,0.665362610078,0.682423189824,
    0.699483769569,0.716544349315,0.73360492906,0.750665508806,
    0.767726088552,0.784786668297,0.801847248043,0.818907827788,
    0.835968407534,0.853028987279,0.870089567025,0.887150146771,
    0.904210726516,0.921271306262,0.938331886007,0.955392465753,
    0.972453045499,0.989513625244,1.00657420499,1.023634784735,
    1.040695364481,1.057755944227,1.074816523972,1.091877103718,
    1.108937683463,1.125998263209),.QUASI_UNIFORM_KNOTS.);
#15314 = CARTESIAN_POINT('',(8.96536273066,1.55));
#15315 = CARTESIAN_POINT('',(8.950662352502,1.553226861598));
#15316 = CARTESIAN_POINT('',(8.921267224186,1.559688874859));
#15317 = CARTESIAN_POINT('',(8.8771808015,1.569390222473));
#15318 = CARTESIAN_POINT('',(8.833089944568,1.579083511047));
#15319 = CARTESIAN_POINT('',(8.788984263722,1.588751808809));
#15320 = CARTESIAN_POINT('',(8.744848803708,1.598378844702));
#15321 = CARTESIAN_POINT('',(8.700670432704,1.607947555359));
#15322 = CARTESIAN_POINT('',(8.656436156486,1.617440429949));
#15323 = CARTESIAN_POINT('',(8.612133551664,1.626839392763));
#15324 = CARTESIAN_POINT('',(8.56775063262,1.636125819376));
#15325 = CARTESIAN_POINT('',(8.523275872687,1.645280526716));
#15326 = CARTESIAN_POINT('',(8.478698187859,1.654283779827));
#15327 = CARTESIAN_POINT('',(8.434006935703,1.663115303907));
#15328 = CARTESIAN_POINT('',(8.389191917937,1.671754304506));
#15329 = CARTESIAN_POINT('',(8.344243388318,1.680179495705));
#15330 = CARTESIAN_POINT('',(8.299152079341,1.688369134169));
#15331 = CARTESIAN_POINT('',(8.253909200648,1.696301067673));
#15332 = CARTESIAN_POINT('',(8.208506592208,1.70395276576));
#15333 = CARTESIAN_POINT('',(8.16293635433,1.711301453373));
#15334 = CARTESIAN_POINT('',(8.117192489141,1.718323896362));
#15335 = CARTESIAN_POINT('',(8.071278416688,1.724995607949));
#15336 = CARTESIAN_POINT('',(8.025191993491,1.731293261922));
#15337 = CARTESIAN_POINT('',(7.978934709683,1.737193444914));
#15338 = CARTESIAN_POINT('',(7.932509601733,1.74267321508));
#15339 = CARTESIAN_POINT('',(7.885921928983,1.747710258161));
#15340 = CARTESIAN_POINT('',(7.839176053554,1.752283422136));
#15341 = CARTESIAN_POINT('',(7.792284671189,1.756371999806));
#15342 = CARTESIAN_POINT('',(7.745260765553,1.759957095952));
#15343 = CARTESIAN_POINT('',(7.698119027886,1.763021625263));
#15344 = CARTESIAN_POINT('',(7.650875473854,1.765550587022));
#15345 = CARTESIAN_POINT('',(7.603547556139,1.767531265675));
#15346 = CARTESIAN_POINT('',(7.556154426448,1.768953451115));
#15347 = CARTESIAN_POINT('',(7.508716484028,1.769809654243));
#15348 = CARTESIAN_POINT('',(7.46125804741,1.770095321675));
#15349 = CARTESIAN_POINT('',(7.4137986913,1.769809058604));
#15350 = CARTESIAN_POINT('',(7.36635910718,1.768952219403));
#15351 = CARTESIAN_POINT('',(7.318964834513,1.767529379057));
#15352 = CARTESIAN_POINT('',(7.271636959276,1.765548077862));
#15353 = CARTESIAN_POINT('',(7.224394855534,1.763018580884));
#15354 = CARTESIAN_POINT('',(7.177255659196,1.759953634197));
#15355 = CARTESIAN_POINT('',(7.130234585834,1.756368222631));
#15356 = CARTESIAN_POINT('',(7.083345001213,1.75227932801));
#15357 = CARTESIAN_POINT('',(7.036598537837,1.747705687281));
#15358 = CARTESIAN_POINT('',(6.990005207335,1.742667553955));
#15359 = CARTESIAN_POINT('',(6.943573438765,1.737186449722));
#15360 = CARTESIAN_POINT('',(6.897310385948,1.731284955428));
#15361 = CARTESIAN_POINT('',(6.851221205063,1.724986357767));
#15362 = CARTESIAN_POINT('',(6.805312148746,1.718314837097));
#15363 = CARTESIAN_POINT('',(6.75957863939,1.711293534936));
#15364 = CARTESIAN_POINT('',(6.714014131177,1.703945445284));
#15365 = CARTESIAN_POINT('',(6.668614166793,1.69629390059));
#15366 = CARTESIAN_POINT('',(6.623372434649,1.688361895991));
#15367 = CARTESIAN_POINT('',(6.578281918708,1.680172146754));
#15368 = CARTESIAN_POINT('',(6.533334660857,1.671746964948));
#15369 = CARTESIAN_POINT('',(6.488521877452,1.663108200595));
#15370 = CARTESIAN_POINT('',(6.443833960621,1.654277180249));
#15371 = CARTESIAN_POINT('',(6.399260517211,1.645274665986));
#15372 = CARTESIAN_POINT('',(6.354790319352,1.636120809869));
#15373 = CARTESIAN_POINT('',(6.310411532545,1.626835180735));
#15374 = CARTESIAN_POINT('',(6.266110896326,1.617436580768));
#15375 = CARTESIAN_POINT('',(6.221877898572,1.607943941302));
#15376 = CARTESIAN_POINT('',(6.177699994218,1.598375295748));
#15377 = CARTESIAN_POINT('',(6.133564777504,1.588748283287));
#15378 = CARTESIAN_POINT('',(6.089459972533,1.579080163605));
#15379 = CARTESIAN_POINT('',(6.045373347219,1.569387804166));
#15380 = CARTESIAN_POINT('',(6.001292616417,1.559687716369));
#15381 = CARTESIAN_POINT('',(5.97190119774,1.553226521237));
#15382 = CARTESIAN_POINT('',(5.957202373891,1.55));
#15383 = ( GEOMETRIC_REPRESENTATION_CONTEXT(2) 
PARAMETRIC_REPRESENTATION_CONTEXT() REPRESENTATION_CONTEXT('2D SPACE',''
  ) );
#15384 = PCURVE('',#13322,#15385);
#15385 = DEFINITIONAL_REPRESENTATION('',(#15386),#15456);
#15386 = B_SPLINE_CURVE_WITH_KNOTS('',3,(#15387,#15388,#15389,#15390,
    #15391,#15392,#15393,#15394,#15395,#15396,#15397,#15398,#15399,
    #15400,#15401,#15402,#15403,#15404,#15405,#15406,#15407,#15408,
    #15409,#15410,#15411,#15412,#15413,#15414,#15415,#15416,#15417,
    #15418,#15419,#15420,#15421,#15422,#15423,#15424,#15425,#15426,
    #15427,#15428,#15429,#15430,#15431,#15432,#15433,#15434,#15435,
    #15436,#15437,#15438,#15439,#15440,#15441,#15442,#15443,#15444,
    #15445,#15446,#15447,#15448,#15449,#15450,#15451,#15452,#15453,
    #15454,#15455),.UNSPECIFIED.,.F.,.F.,(4,1,1,1,1,1,1,1,1,1,1,1,1,1,1,
    1,1,1,1,1,1,1,1,1,1,1,1,1,1,1,1,1,1,1,1,1,1,1,1,1,1,1,1,1,1,1,1,1,1,
    1,1,1,1,1,1,1,1,1,1,1,1,1,1,1,1,1,4),(0.,1.706057974559E-02,
    3.412115949118E-02,5.118173923677E-02,6.824231898236E-02,
    8.530289872795E-02,0.102363478474,0.119424058219,0.136484637965,
    0.15354521771,0.170605797456,0.187666377201,0.204726956947,
    0.221787536693,0.238848116438,0.255908696184,0.272969275929,
    0.290029855675,0.307090435421,0.324151015166,0.341211594912,
    0.358272174657,0.375332754403,0.392393334149,0.409453913894,
    0.42651449364,0.443575073385,0.460635653131,0.477696232877,
    0.494756812622,0.511817392368,0.528877972113,0.545938551859,
    0.562999131604,0.58005971135,0.597120291096,0.614180870841,
    0.631241450587,0.648302030332,0.665362610078,0.682423189824,
    0.699483769569,0.716544349315,0.73360492906,0.750665508806,
    0.767726088552,0.784786668297,0.801847248043,0.818907827788,
    0.835968407534,0.853028987279,0.870089567025,0.887150146771,
    0.904210726516,0.921271306262,0.938331886007,0.955392465753,
    0.972453045499,0.989513625244,1.00657420499,1.023634784735,
    1.040695364481,1.057755944227,1.074816523972,1.091877103718,
    1.108937683463,1.125998263209),.QUASI_UNIFORM_KNOTS.);
#15387 = CARTESIAN_POINT('',(-4.186257601866,6.439293542826E-15));
#15388 = CARTESIAN_POINT('',(-4.186126920376,-3.226861330106E-03));
#15389 = CARTESIAN_POINT('',(-4.185950365088,-9.688874813458E-03));
#15390 = CARTESIAN_POINT('',(-4.185944578039,-1.939022305189E-02));
#15391 = CARTESIAN_POINT('',(-4.186202523262,-2.908350876397E-02));
#15392 = CARTESIAN_POINT('',(-4.186728664594,-3.875180270321E-02));
#15393 = CARTESIAN_POINT('',(-4.187527378161,-4.837883962055E-02));
#15394 = CARTESIAN_POINT('',(-4.188602866156,-5.79475540885E-02));
#15395 = CARTESIAN_POINT('',(-4.189959110145,-6.744043268615E-02));
#15396 = CARTESIAN_POINT('',(-4.191599807595,-7.68393974282E-02));
#15397 = CARTESIAN_POINT('',(-4.193528306383,-8.612582311499E-02));
#15398 = CARTESIAN_POINT('',(-4.195747533243,-9.528052740306E-02));
#15399 = CARTESIAN_POINT('',(-4.198259917241,-0.104283777082));
#15400 = CARTESIAN_POINT('',(-4.20106730815,-0.11311529927));
#15401 = CARTESIAN_POINT('',(-4.204170889959,-0.121754300726));
#15402 = CARTESIAN_POINT('',(-4.207571090186,-0.130179495353));
#15403 = CARTESIAN_POINT('',(-4.211267484373,-0.138369138057));
#15404 = CARTESIAN_POINT('',(-4.215258700825,-0.146301073821));
#15405 = CARTESIAN_POINT('',(-4.219542310051,-0.153952770024));
#15406 = CARTESIAN_POINT('',(-4.224114761333,-0.16130145256));
#15407 = CARTESIAN_POINT('',(-4.22897113855,-0.168323896856));
#15408 = CARTESIAN_POINT('',(-4.234104127617,-0.174995607913));
#15409 = CARTESIAN_POINT('',(-4.239505513738,-0.181293261663));
#15410 = CARTESIAN_POINT('',(-4.245165154144,-0.187193445061));
#15411 = CARTESIAN_POINT('',(-4.251071108237,-0.192673215523));
#15412 = CARTESIAN_POINT('',(-4.257209503393,-0.19771025684));
#15413 = CARTESIAN_POINT('',(-4.263564943035,-0.202283411403));
#15414 = CARTESIAN_POINT('',(-4.270119255914,-0.206371992099));
#15415 = CARTESIAN_POINT('',(-4.276852557821,-0.209957097663));
#15416 = CARTESIAN_POINT('',(-4.283743178882,-0.213021633998));
#15417 = CARTESIAN_POINT('',(-4.290767839078,-0.215550593873));
#15418 = CARTESIAN_POINT('',(-4.297901795611,-0.21753126303));
#15419 = CARTESIAN_POINT('',(-4.305118995043,-0.21895344003));
#15420 = CARTESIAN_POINT('',(-4.312392367878,-0.219809645884));
#15421 = CARTESIAN_POINT('',(-4.31969367077,-0.220095325577));
#15422 = CARTESIAN_POINT('',(-4.326995102495,-0.219809051353));
#15423 = CARTESIAN_POINT('',(-4.33426868773,-0.21895220852));
#15424 = CARTESIAN_POINT('',(-4.341485993364,-0.217529374151));
#15425 = CARTESIAN_POINT('',(-4.348619847855,-0.215548081678));
#15426 = CARTESIAN_POINT('',(-4.355644172357,-0.213018589139));
#15427 = CARTESIAN_POINT('',(-4.362534282674,-0.209953640088));
#15428 = CARTESIAN_POINT('',(-4.369267026932,-0.206368221713));
#15429 = CARTESIAN_POINT('',(-4.375820926924,-0.202279320987));
#15430 = CARTESIAN_POINT('',(-4.38217627781,-0.197705679509));
#15431 = CARTESIAN_POINT('',(-4.388315215781,-0.192667552015));
#15432 = CARTESIAN_POINT('',(-4.394221761564,-0.187186456358));
#15433 = CARTESIAN_POINT('',(-4.399881803865,-0.181284966593));
#15434 = CARTESIAN_POINT('',(-4.405283167279,-0.174986362115));
#15435 = CARTESIAN_POINT('',(-4.410415234311,-0.168314835797));
#15436 = CARTESIAN_POINT('',(-4.415270193623,-0.161293535985));
#15437 = CARTESIAN_POINT('',(-4.419841803151,-0.153945445833));
#15438 = CARTESIAN_POINT('',(-4.424124906551,-0.146293900508));
#15439 = CARTESIAN_POINT('',(-4.428115768045,-0.13836189538));
#15440 = CARTESIAN_POINT('',(-4.431811842156,-0.130172146319));
#15441 = CARTESIAN_POINT('',(-4.435211693663,-0.121746965123));
#15442 = CARTESIAN_POINT('',(-4.438314877983,-0.113108201218));
#15443 = CARTESIAN_POINT('',(-4.441121834673,-0.104277180665));
#15444 = CARTESIAN_POINT('',(-4.443633780565,-9.527466565418E-02));
#15445 = CARTESIAN_POINT('',(-4.445852609901,-8.612080897726E-02));
#15446 = CARTESIAN_POINT('',(-4.447780790417,-7.683518044798E-02));
#15447 = CARTESIAN_POINT('',(-4.449421295929,-6.743658105687E-02));
#15448 = CARTESIAN_POINT('',(-4.450777388488,-5.79439376174E-02));
#15449 = CARTESIAN_POINT('',(-4.451852761294,-4.83752918853E-02));
#15450 = CARTESIAN_POINT('',(-4.452651371802,-3.874828293429E-02));
#15451 = CARTESIAN_POINT('',(-4.453177405737,-2.908016730071E-02));
#15452 = CARTESIAN_POINT('',(-4.453435242046,-1.938780844711E-02));
#15453 = CARTESIAN_POINT('',(-4.45342940628,-9.687716704097E-03));
#15454 = CARTESIAN_POINT('',(-4.453252859451,-3.226520560928E-03));
#15455 = CARTESIAN_POINT('',(-4.453122195506,6.106226635438E-15));
#15456 = ( GEOMETRIC_REPRESENTATION_CONTEXT(2) 
PARAMETRIC_REPRESENTATION_CONTEXT() REPRESENTATION_CONTEXT('2D SPACE',''
  ) );
#15457 = ORIENTED_EDGE('',*,*,#15007,.F.);
#15458 = ADVANCED_FACE('',(#15459),#12625,.T.);
#15459 = FACE_BOUND('',#15460,.T.);
#15460 = EDGE_LOOP('',(#15461,#15485,#15486,#15487));
#15461 = ORIENTED_EDGE('',*,*,#15462,.F.);
#15462 = EDGE_CURVE('',#15034,#15463,#15465,.T.);
#15463 = VERTEX_POINT('',#15464);
#15464 = CARTESIAN_POINT('',(-1.001137879251,1.31157269975,4.85));
#15465 = SURFACE_CURVE('',#15466,(#15471,#15478),.PCURVE_S1.);
#15466 = CIRCLE('',#15467,1.65);
#15467 = AXIS2_PLACEMENT_3D('',#15468,#15469,#15470);
#15468 = CARTESIAN_POINT('',(0.,0.,4.85));
#15469 = DIRECTION('',(0.,0.,1.));
#15470 = DIRECTION('',(1.,0.,-0.));
#15471 = PCURVE('',#12625,#15472);
#15472 = DEFINITIONAL_REPRESENTATION('',(#15473),#15477);
#15473 = LINE('',#15474,#15475);
#15474 = CARTESIAN_POINT('',(0.,1.45));
#15475 = VECTOR('',#15476,1.);
#15476 = DIRECTION('',(1.,0.));
#15477 = ( GEOMETRIC_REPRESENTATION_CONTEXT(2) 
PARAMETRIC_REPRESENTATION_CONTEXT() REPRESENTATION_CONTEXT('2D SPACE',''
  ) );
#15478 = PCURVE('',#13322,#15479);
#15479 = DEFINITIONAL_REPRESENTATION('',(#15480),#15484);
#15480 = LINE('',#15481,#15482);
#15481 = CARTESIAN_POINT('',(-0.,-0.));
#15482 = VECTOR('',#15483,1.);
#15483 = DIRECTION('',(-1.,-0.));
#15484 = ( GEOMETRIC_REPRESENTATION_CONTEXT(2) 
PARAMETRIC_REPRESENTATION_CONTEXT() REPRESENTATION_CONTEXT('2D SPACE',''
  ) );
#15485 = ORIENTED_EDGE('',*,*,#15222,.F.);
#15486 = ORIENTED_EDGE('',*,*,#12608,.T.);
#15487 = ORIENTED_EDGE('',*,*,#15488,.T.);
#15488 = EDGE_CURVE('',#12609,#15463,#15489,.T.);
#15489 = SURFACE_CURVE('',#15490,(#15494,#15500),.PCURVE_S1.);
#15490 = LINE('',#15491,#15492);
#15491 = CARTESIAN_POINT('',(-1.001137879251,1.31157269975,3.4));
#15492 = VECTOR('',#15493,1.);
#15493 = DIRECTION('',(0.,0.,1.));
#15494 = PCURVE('',#12625,#15495);
#15495 = DEFINITIONAL_REPRESENTATION('',(#15496),#15499);
#15496 = B_SPLINE_CURVE_WITH_KNOTS('',1,(#15497,#15498),.UNSPECIFIED.,
  .F.,.F.,(2,2),(-5.999999999062E-07,1.4500006),
  .PIECEWISE_BEZIER_KNOTS.);
#15497 = CARTESIAN_POINT('',(2.222762193372,-5.999999999062E-07));
#15498 = CARTESIAN_POINT('',(2.222762193372,1.4500006));
#15499 = ( GEOMETRIC_REPRESENTATION_CONTEXT(2) 
PARAMETRIC_REPRESENTATION_CONTEXT() REPRESENTATION_CONTEXT('2D SPACE',''
  ) );
#15500 = PCURVE('',#12654,#15501);
#15501 = DEFINITIONAL_REPRESENTATION('',(#15502),#15505);
#15502 = B_SPLINE_CURVE_WITH_KNOTS('',1,(#15503,#15504),.UNSPECIFIED.,
  .F.,.F.,(2,2),(0.,1.45),.PIECEWISE_BEZIER_KNOTS.);
#15503 = CARTESIAN_POINT('',(7.001867322167,0.1));
#15504 = CARTESIAN_POINT('',(7.001867322167,1.55));
#15505 = ( GEOMETRIC_REPRESENTATION_CONTEXT(2) 
PARAMETRIC_REPRESENTATION_CONTEXT() REPRESENTATION_CONTEXT('2D SPACE',''
  ) );
#15506 = ADVANCED_FACE('',(#15507),#12915,.T.);
#15507 = FACE_BOUND('',#15508,.T.);
#15508 = EDGE_LOOP('',(#15509,#15533,#15552,#15553));
#15509 = ORIENTED_EDGE('',*,*,#15510,.F.);
#15510 = EDGE_CURVE('',#15511,#15246,#15513,.T.);
#15511 = VERTEX_POINT('',#15512);
#15512 = CARTESIAN_POINT('',(-1.001137879251,-1.31157269975,4.85));
#15513 = SURFACE_CURVE('',#15514,(#15519,#15526),.PCURVE_S1.);
#15514 = CIRCLE('',#15515,1.65);
#15515 = AXIS2_PLACEMENT_3D('',#15516,#15517,#15518);
#15516 = CARTESIAN_POINT('',(0.,0.,4.85));
#15517 = DIRECTION('',(0.,0.,1.));
#15518 = DIRECTION('',(1.,0.,-0.));
#15519 = PCURVE('',#12915,#15520);
#15520 = DEFINITIONAL_REPRESENTATION('',(#15521),#15525);
#15521 = LINE('',#15522,#15523);
#15522 = CARTESIAN_POINT('',(0.,1.45));
#15523 = VECTOR('',#15524,1.);
#15524 = DIRECTION('',(1.,0.));
#15525 = ( GEOMETRIC_REPRESENTATION_CONTEXT(2) 
PARAMETRIC_REPRESENTATION_CONTEXT() REPRESENTATION_CONTEXT('2D SPACE',''
  ) );
#15526 = PCURVE('',#13322,#15527);
#15527 = DEFINITIONAL_REPRESENTATION('',(#15528),#15532);
#15528 = LINE('',#15529,#15530);
#15529 = CARTESIAN_POINT('',(-0.,-0.));
#15530 = VECTOR('',#15531,1.);
#15531 = DIRECTION('',(-1.,-0.));
#15532 = ( GEOMETRIC_REPRESENTATION_CONTEXT(2) 
PARAMETRIC_REPRESENTATION_CONTEXT() REPRESENTATION_CONTEXT('2D SPACE',''
  ) );
#15533 = ORIENTED_EDGE('',*,*,#15534,.F.);
#15534 = EDGE_CURVE('',#12870,#15511,#15535,.T.);
#15535 = SURFACE_CURVE('',#15536,(#15540,#15546),.PCURVE_S1.);
#15536 = LINE('',#15537,#15538);
#15537 = CARTESIAN_POINT('',(-1.001137879251,-1.31157269975,3.4));
#15538 = VECTOR('',#15539,1.);
#15539 = DIRECTION('',(0.,0.,1.));
#15540 = PCURVE('',#12915,#15541);
#15541 = DEFINITIONAL_REPRESENTATION('',(#15542),#15545);
#15542 = B_SPLINE_CURVE_WITH_KNOTS('',1,(#15543,#15544),.UNSPECIFIED.,
  .F.,.F.,(2,2),(-5.999999999062E-07,1.4500006),
  .PIECEWISE_BEZIER_KNOTS.);
#15543 = CARTESIAN_POINT('',(4.060423113808,-5.999999999062E-07));
#15544 = CARTESIAN_POINT('',(4.060423113808,1.4500006));
#15545 = ( GEOMETRIC_REPRESENTATION_CONTEXT(2) 
PARAMETRIC_REPRESENTATION_CONTEXT() REPRESENTATION_CONTEXT('2D SPACE',''
  ) );
#15546 = PCURVE('',#12886,#15547);
#15547 = DEFINITIONAL_REPRESENTATION('',(#15548),#15551);
#15548 = B_SPLINE_CURVE_WITH_KNOTS('',1,(#15549,#15550),.UNSPECIFIED.,
  .F.,.F.,(2,2),(0.,1.45),.PIECEWISE_BEZIER_KNOTS.);
#15549 = CARTESIAN_POINT('',(5.564503292192,0.1));
#15550 = CARTESIAN_POINT('',(5.564503292192,1.55));
#15551 = ( GEOMETRIC_REPRESENTATION_CONTEXT(2) 
PARAMETRIC_REPRESENTATION_CONTEXT() REPRESENTATION_CONTEXT('2D SPACE',''
  ) );
#15552 = ORIENTED_EDGE('',*,*,#12898,.T.);
#15553 = ORIENTED_EDGE('',*,*,#15245,.T.);
#15554 = ADVANCED_FACE('',(#15555),#12654,.F.);
#15555 = FACE_BOUND('',#15556,.F.);
#15556 = EDGE_LOOP('',(#15557,#15558,#15559,#15753));
#15557 = ORIENTED_EDGE('',*,*,#12637,.T.);
#15558 = ORIENTED_EDGE('',*,*,#15488,.T.);
#15559 = ORIENTED_EDGE('',*,*,#15560,.T.);
#15560 = EDGE_CURVE('',#15463,#15561,#15563,.T.);
#15561 = VERTEX_POINT('',#15562);
#15562 = CARTESIAN_POINT('',(-1.31157269975,1.001137879251,4.85));
#15563 = SURFACE_CURVE('',#15564,(#15607,#15680),.PCURVE_S1.);
#15564 = B_SPLINE_CURVE_WITH_KNOTS('',6,(#15565,#15566,#15567,#15568,
    #15569,#15570,#15571,#15572,#15573,#15574,#15575,#15576,#15577,
    #15578,#15579,#15580,#15581,#15582,#15583,#15584,#15585,#15586,
    #15587,#15588,#15589,#15590,#15591,#15592,#15593,#15594,#15595,
    #15596,#15597,#15598,#15599,#15600,#15601,#15602,#15603,#15604,
    #15605,#15606),.UNSPECIFIED.,.F.,.F.,(7,5,5,5,5,5,5,5,7),(0.,
    0.13126845382,1.,1.38534297554,2.041713277052,2.957484682961,
    3.499190933787,4.051023975628,4.084616043257),.UNSPECIFIED.);
#15565 = CARTESIAN_POINT('',(-1.001137879251,1.31157269975,4.85));
#15566 = CARTESIAN_POINT('',(-0.998879654233,1.308991100361,
    4.853422272658));
#15567 = CARTESIAN_POINT('',(-0.996670122463,1.306367704479,
    4.856848186245));
#15568 = CARTESIAN_POINT('',(-0.994510103509,1.30370351352,4.86027648745
    ));
#15569 = CARTESIAN_POINT('',(-0.992400398895,1.300999539185,
    4.863705907134));
#15570 = CARTESIAN_POINT('',(-0.990341792106,1.29825680346,
    4.867135160329));
#15571 = CARTESIAN_POINT('',(-0.975054467083,1.277075287546,
    4.893247952906));
#15572 = CARTESIAN_POINT('',(-0.964047830581,1.25702521341,
    4.915864543559));
#15573 = CARTESIAN_POINT('',(-0.955530301744,1.235619025812,
    4.938044206255));
#15574 = CARTESIAN_POINT('',(-0.949698628673,1.213177542687,
    4.959372544522));
#15575 = CARTESIAN_POINT('',(-0.946726188958,1.190070177568,
    4.979361597494));
#15576 = CARTESIAN_POINT('',(-0.946726188958,1.156371503357,
    5.005529203276));
#15577 = CARTESIAN_POINT('',(-0.947311027837,1.145971493322,
    5.013202477943));
#15578 = CARTESIAN_POINT('',(-0.948490283373,1.135564561822,
    5.020462382264));
#15579 = CARTESIAN_POINT('',(-0.950270853216,1.125192547429,
    5.027260823751));
#15580 = CARTESIAN_POINT('',(-0.952655366677,1.114900304121,
    5.033550006314));
#15581 = CARTESIAN_POINT('',(-0.960725459425,1.087420785483,
    5.049053018121));
#15582 = CARTESIAN_POINT('',(-0.967554457751,1.070471189755,
    5.057215043941));
#15583 = CARTESIAN_POINT('',(-0.976110585379,1.054128981063,
    5.063542754042));
#15584 = CARTESIAN_POINT('',(-0.986324501674,1.038648546445,
    5.067839848339));
#15585 = CARTESIAN_POINT('',(-0.998057349307,1.024278243758,
    5.069991678818));
#15586 = CARTESIAN_POINT('',(-1.029302112845,0.993009108461,
    5.070011563552));
#15587 = CARTESIAN_POINT('',(-1.050067268243,0.977343844632,
    5.065851082717));
#15588 = CARTESIAN_POINT('',(-1.072833744887,0.964800712739,
    5.057507385684));
#15589 = CARTESIAN_POINT('',(-1.096879588239,0.955670801103,
    5.045435051974));
#15590 = CARTESIAN_POINT('',(-1.121533901875,0.949995896001,
    5.030297982556));
#15591 = CARTESIAN_POINT('',(-1.160810238044,0.946317541711,
    5.002371855103));
#15592 = CARTESIAN_POINT('',(-1.175422384274,0.946126813244,
    4.991145315297));
#15593 = CARTESIAN_POINT('',(-1.189934134741,0.947094184533,
    4.979202780931));
#15594 = CARTESIAN_POINT('',(-1.204242228667,0.949188341595,
    4.966672154434));
#15595 = CARTESIAN_POINT('',(-1.21825365338,0.952369969868,
    4.953673609781));
#15596 = CARTESIAN_POINT('',(-1.245770359044,0.960902542468,
    4.926706857095));
#15597 = CARTESIAN_POINT('',(-1.259260347769,0.966292626519,
    4.912726031491));
#15598 = CARTESIAN_POINT('',(-1.272265771646,0.972721666098,
    4.898487670764));
#15599 = CARTESIAN_POINT('',(-1.284703769172,0.980139624259,
    4.88409826803));
#15600 = CARTESIAN_POINT('',(-1.2964962753,0.988491869482,4.869656973297
    ));
#15601 = CARTESIAN_POINT('',(-1.308242918681,0.99828099004,
    4.854380217688));
#15602 = CARTESIAN_POINT('',(-1.308914279863,0.998845938067,
    4.853503781631));
#15603 = CARTESIAN_POINT('',(-1.309582955404,0.999414114619,
    4.85262752073));
#15604 = CARTESIAN_POINT('',(-1.310248928439,0.99998550612,4.85175145612
    ));
#15605 = CARTESIAN_POINT('',(-1.310912182147,1.000560098911,
    4.850875608872));
#15606 = CARTESIAN_POINT('',(-1.31157269975,1.001137879251,4.85));
#15607 = PCURVE('',#12654,#15608);
#15608 = DEFINITIONAL_REPRESENTATION('',(#15609),#15679);
#15609 = B_SPLINE_CURVE_WITH_KNOTS('',3,(#15610,#15611,#15612,#15613,
    #15614,#15615,#15616,#15617,#15618,#15619,#15620,#15621,#15622,
    #15623,#15624,#15625,#15626,#15627,#15628,#15629,#15630,#15631,
    #15632,#15633,#15634,#15635,#15636,#15637,#15638,#15639,#15640,
    #15641,#15642,#15643,#15644,#15645,#15646,#15647,#15648,#15649,
    #15650,#15651,#15652,#15653,#15654,#15655,#15656,#15657,#15658,
    #15659,#15660,#15661,#15662,#15663,#15664,#15665,#15666,#15667,
    #15668,#15669,#15670,#15671,#15672,#15673,#15674,#15675,#15676,
    #15677,#15678),.UNSPECIFIED.,.F.,.F.,(4,1,1,1,1,1,1,1,1,1,1,1,1,1,1,
    1,1,1,1,1,1,1,1,1,1,1,1,1,1,1,1,1,1,1,1,1,1,1,1,1,1,1,1,1,1,1,1,1,1,
    1,1,1,1,1,1,1,1,1,1,1,1,1,1,1,1,1,4),(0.,6.188812186753E-02,
    0.123776243735,0.185664365603,0.24755248747,0.309440609338,
    0.371328731205,0.433216853073,0.49510497494,0.556993096808,
    0.618881218675,0.680769340543,0.74265746241,0.804545584278,
    0.866433706145,0.928321828013,0.99020994988,1.052098071748,
    1.113986193615,1.175874315483,1.237762437351,1.299650559218,
    1.361538681086,1.423426802953,1.485314924821,1.547203046688,
    1.609091168556,1.670979290423,1.732867412291,1.794755534158,
    1.856643656026,1.918531777893,1.980419899761,2.042308021628,
    2.104196143496,2.166084265363,2.227972387231,2.289860509098,
    2.351748630966,2.413636752834,2.475524874701,2.537412996569,
    2.599301118436,2.661189240304,2.723077362171,2.784965484039,
    2.846853605906,2.908741727774,2.970629849641,3.032517971509,
    3.094406093376,3.156294215244,3.218182337111,3.280070458979,
    3.341958580846,3.403846702714,3.465734824581,3.527622946449,
    3.589511068317,3.651399190184,3.713287312052,3.775175433919,
    3.837063555787,3.898951677654,3.960839799522,4.022727921389,
    4.084616043257),.QUASI_UNIFORM_KNOTS.);
#15610 = CARTESIAN_POINT('',(7.001867322167,1.55));
#15611 = CARTESIAN_POINT('',(6.987166774701,1.553226898443));
#15612 = CARTESIAN_POINT('',(6.957771488378,1.559688946819));
#15613 = CARTESIAN_POINT('',(6.913684816168,1.569390350037));
#15614 = CARTESIAN_POINT('',(6.86959321791,1.579083798261));
#15615 = CARTESIAN_POINT('',(6.82548556197,1.588752522249));
#15616 = CARTESIAN_POINT('',(6.781347709539,1.598380074475));
#15617 = CARTESIAN_POINT('',(6.737166815831,1.607949323744));
#15618 = CARTESIAN_POINT('',(6.692930189806,1.617442687779));
#15619 = CARTESIAN_POINT('',(6.648625578442,1.62684204965));
#15620 = CARTESIAN_POINT('',(6.604241071949,1.636128766844));
#15621 = CARTESIAN_POINT('',(6.559765113964,1.645283663474));
#15622 = CARTESIAN_POINT('',(6.515186489263,1.654287034793));
#15623 = CARTESIAN_POINT('',(6.470494320541,1.663118656895));
#15624 = CARTESIAN_POINT('',(6.425678081671,1.671757800864));
#15625 = CARTESIAN_POINT('',(6.380727572473,1.680183261473));
#15626 = CARTESIAN_POINT('',(6.335633073404,1.688373360783));
#15627 = CARTESIAN_POINT('',(6.290384866899,1.696306075079));
#15628 = CARTESIAN_POINT('',(6.244975164434,1.703958731114));
#15629 = CARTESIAN_POINT('',(6.199401738779,1.711307623674));
#15630 = CARTESIAN_POINT('',(6.153659471762,1.718329517199));
#15631 = CARTESIAN_POINT('',(6.107746077357,1.725000815908));
#15632 = CARTESIAN_POINT('',(6.061660650868,1.731298004202));
#15633 = CARTESIAN_POINT('',(6.015404314729,1.73719773913));
#15634 = CARTESIAN_POINT('',(5.968979742188,1.742677118951));
#15635 = CARTESIAN_POINT('',(5.922388221095,1.747714204669));
#15636 = CARTESIAN_POINT('',(5.875641063968,1.752287054203));
#15637 = CARTESIAN_POINT('',(5.82874921213,1.756375256501));
#15638 = CARTESIAN_POINT('',(5.781725436898,1.75995992386));
#15639 = CARTESIAN_POINT('',(5.734583860959,1.763024005048));
#15640 = CARTESIAN_POINT('',(5.687340221504,1.765552502657));
#15641 = CARTESIAN_POINT('',(5.640011879201,1.767532706795));
#15642 = CARTESIAN_POINT('',(5.592618133795,1.768954413267));
#15643 = CARTESIAN_POINT('',(5.545179607317,1.76981014154));
#15644 = CARTESIAN_POINT('',(5.497721108026,1.770095323125));
#15645 = CARTESIAN_POINT('',(5.450261586038,1.769808562645));
#15646 = CARTESIAN_POINT('',(5.402822043267,1.768951231876));
#15647 = CARTESIAN_POINT('',(5.355428183379,1.767527905952));
#15648 = CARTESIAN_POINT('',(5.308101156961,1.765546148214));
#15649 = CARTESIAN_POINT('',(5.26086031917,1.763016245546));
#15650 = CARTESIAN_POINT('',(5.213722720226,1.759950960297));
#15651 = CARTESIAN_POINT('',(5.166703434019,1.756365281111));
#15652 = CARTESIAN_POINT('',(5.119815633887,1.752276177298));
#15653 = CARTESIAN_POINT('',(5.073070718412,1.74770235587));
#15654 = CARTESIAN_POINT('',(5.026478403892,1.742664020152));
#15655 = CARTESIAN_POINT('',(4.980046842802,1.737182635166));
#15656 = CARTESIAN_POINT('',(4.93378263424,1.731280680094));
#15657 = CARTESIAN_POINT('',(4.887691213614,1.724981461419));
#15658 = CARTESIAN_POINT('',(4.841775807789,1.718308712011));
#15659 = CARTESIAN_POINT('',(4.7960417154,1.711287001511));
#15660 = CARTESIAN_POINT('',(4.750479229203,1.70393891296));
#15661 = CARTESIAN_POINT('',(4.705080654789,1.69628733322));
#15662 = CARTESIAN_POINT('',(4.659840730727,1.688355412241));
#15663 = CARTESIAN_POINT('',(4.614752203874,1.680165818337));
#15664 = CARTESIAN_POINT('',(4.569807130094,1.671740857322));
#15665 = CARTESIAN_POINT('',(4.524996614747,1.663102362717));
#15666 = CARTESIAN_POINT('',(4.480310891393,1.654271637792));
#15667 = CARTESIAN_POINT('',(4.435739406953,1.645269419225));
#15668 = CARTESIAN_POINT('',(4.391270325057,1.636115702446));
#15669 = CARTESIAN_POINT('',(4.346893227553,1.626830347918));
#15670 = CARTESIAN_POINT('',(4.302595692357,1.61743235138));
#15671 = CARTESIAN_POINT('',(4.258365485075,1.607940266381));
#15672 = CARTESIAN_POINT('',(4.214190336915,1.598372191343));
#15673 = CARTESIAN_POINT('',(4.170057984805,1.588745792175));
#15674 = CARTESIAN_POINT('',(4.125956137654,1.579078317819));
#15675 = CARTESIAN_POINT('',(4.081872478727,1.569386608518));
#15676 = CARTESIAN_POINT('',(4.037794586547,1.559687140265));
#15677 = CARTESIAN_POINT('',(4.008404943118,1.553226334624));
#15678 = CARTESIAN_POINT('',(3.993706965397,1.55));
#15679 = ( GEOMETRIC_REPRESENTATION_CONTEXT(2) 
PARAMETRIC_REPRESENTATION_CONTEXT() REPRESENTATION_CONTEXT('2D SPACE',''
  ) );
#15680 = PCURVE('',#13322,#15681);
#15681 = DEFINITIONAL_REPRESENTATION('',(#15682),#15752);
#15682 = B_SPLINE_CURVE_WITH_KNOTS('',3,(#15683,#15684,#15685,#15686,
    #15687,#15688,#15689,#15690,#15691,#15692,#15693,#15694,#15695,
    #15696,#15697,#15698,#15699,#15700,#15701,#15702,#15703,#15704,
    #15705,#15706,#15707,#15708,#15709,#15710,#15711,#15712,#15713,
    #15714,#15715,#15716,#15717,#15718,#15719,#15720,#15721,#15722,
    #15723,#15724,#15725,#15726,#15727,#15728,#15729,#15730,#15731,
    #15732,#15733,#15734,#15735,#15736,#15737,#15738,#15739,#15740,
    #15741,#15742,#15743,#15744,#15745,#15746,#15747,#15748,#15749,
    #15750,#15751),.UNSPECIFIED.,.F.,.F.,(4,1,1,1,1,1,1,1,1,1,1,1,1,1,1,
    1,1,1,1,1,1,1,1,1,1,1,1,1,1,1,1,1,1,1,1,1,1,1,1,1,1,1,1,1,1,1,1,1,1,
    1,1,1,1,1,1,1,1,1,1,1,1,1,1,1,1,1,4),(0.,6.188812186753E-02,
    0.123776243735,0.185664365603,0.24755248747,0.309440609338,
    0.371328731205,0.433216853073,0.49510497494,0.556993096808,
    0.618881218675,0.680769340543,0.74265746241,0.804545584278,
    0.866433706145,0.928321828013,0.99020994988,1.052098071748,
    1.113986193615,1.175874315483,1.237762437351,1.299650559218,
    1.361538681086,1.423426802953,1.485314924821,1.547203046688,
    1.609091168556,1.670979290423,1.732867412291,1.794755534158,
    1.856643656026,1.918531777893,1.980419899761,2.042308021628,
    2.104196143496,2.166084265363,2.227972387231,2.289860509098,
    2.351748630966,2.413636752834,2.475524874701,2.537412996569,
    2.599301118436,2.661189240304,2.723077362171,2.784965484039,
    2.846853605906,2.908741727774,2.970629849641,3.032517971509,
    3.094406093376,3.156294215244,3.218182337111,3.280070458979,
    3.341958580846,3.403846702714,3.465734824581,3.527622946449,
    3.589511068317,3.651399190184,3.713287312052,3.775175433919,
    3.837063555787,3.898951677654,3.960839799522,4.022727921389,
    4.084616043257),.QUASI_UNIFORM_KNOTS.);
#15683 = CARTESIAN_POINT('',(-2.222762193372,4.329869796038E-15));
#15684 = CARTESIAN_POINT('',(-2.222631511465,-3.226898333641E-03));
#15685 = CARTESIAN_POINT('',(-2.222454954752,-9.688946797889E-03));
#15686 = CARTESIAN_POINT('',(-2.222449170556,-1.939035029426E-02));
#15687 = CARTESIAN_POINT('',(-2.222707123868,-2.90837972401E-02));
#15688 = CARTESIAN_POINT('',(-2.223233301601,-3.875251994367E-02));
#15689 = CARTESIAN_POINT('',(-2.224032086096,-4.838007314377E-02));
#15690 = CARTESIAN_POINT('',(-2.225107678728,-5.794932416681E-02));
#15691 = CARTESIAN_POINT('',(-2.226464054085,-6.744268938613E-02));
#15692 = CARTESIAN_POINT('',(-2.228104899859,-7.684205112004E-02));
#15693 = CARTESIAN_POINT('',(-2.230033554197,-8.612876708758E-02));
#15694 = CARTESIAN_POINT('',(-2.232252937274,-9.528366231159E-02));
#15695 = CARTESIAN_POINT('',(-2.234765477898,-0.10428703307));
#15696 = CARTESIAN_POINT('',(-2.237573035366,-0.11311865597));
#15697 = CARTESIAN_POINT('',(-2.240676815541,-0.12175780169));
#15698 = CARTESIAN_POINT('',(-2.244077286425,-0.130183263664));
#15699 = CARTESIAN_POINT('',(-2.247774075254,-0.138373362573));
#15700 = CARTESIAN_POINT('',(-2.251765916664,-0.146306074495));
#15701 = CARTESIAN_POINT('',(-2.256050395559,-0.153958732007));
#15702 = CARTESIAN_POINT('',(-2.260623402981,-0.161307624117));
#15703 = CARTESIAN_POINT('',(-2.265479832637,-0.168329516478));
#15704 = CARTESIAN_POINT('',(-2.270612950281,-0.175000815555));
#15705 = CARTESIAN_POINT('',(-2.27601441358,-0.181298005207));
#15706 = CARTESIAN_POINT('',(-2.281674115399,-0.187197739031));
#15707 = CARTESIAN_POINT('',(-2.287580159761,-0.192677119592));
#15708 = CARTESIAN_POINT('',(-2.29371922088,-0.197714206775));
#15709 = CARTESIAN_POINT('',(-2.300074997341,-0.202287054404));
#15710 = CARTESIAN_POINT('',(-2.306629518037,-0.206375255098));
#15711 = CARTESIAN_POINT('',(-2.313362927571,-0.209959922753));
#15712 = CARTESIAN_POINT('',(-2.320253633985,-0.21302400558));
#15713 = CARTESIAN_POINT('',(-2.327278398429,-0.215552504198));
#15714 = CARTESIAN_POINT('',(-2.334412491577,-0.217532707313));
#15715 = CARTESIAN_POINT('',(-2.341629837385,-0.218954411935));
#15716 = CARTESIAN_POINT('',(-2.348903331854,-0.219810139181));
#15717 = CARTESIAN_POINT('',(-2.35620465527,-0.220095326143));
#15718 = CARTESIAN_POINT('',(-2.363506101641,-0.219808552922));
#15719 = CARTESIAN_POINT('',(-2.370779648039,-0.218951214885));
#15720 = CARTESIAN_POINT('',(-2.377996836936,-0.217527896167));
#15721 = CARTESIAN_POINT('',(-2.385130489435,-0.215546151042));
#15722 = CARTESIAN_POINT('',(-2.392154533813,-0.213016257135));
#15723 = CARTESIAN_POINT('',(-2.399044304141,-0.209950971755));
#15724 = CARTESIAN_POINT('',(-2.405776674964,-0.206365284646));
#15725 = CARTESIAN_POINT('',(-2.412330200056,-0.202276170645));
#15726 = CARTESIAN_POINT('',(-2.418685209047,-0.197702343442));
#15727 = CARTESIAN_POINT('',(-2.424823875304,-0.192664010545));
#15728 = CARTESIAN_POINT('',(-2.430730249131,-0.187182636097));
#15729 = CARTESIAN_POINT('',(-2.436390272091,-0.181280692629));
#15730 = CARTESIAN_POINT('',(-2.441791724189,-0.174981477881));
#15731 = CARTESIAN_POINT('',(-2.446924293118,-0.1683087174));
#15732 = CARTESIAN_POINT('',(-2.451779071064,-0.16128699936));
#15733 = CARTESIAN_POINT('',(-2.456350233418,-0.153938917704));
#15734 = CARTESIAN_POINT('',(-2.460632971426,-0.146287336671));
#15735 = CARTESIAN_POINT('',(-2.464623444986,-0.138355411328));
#15736 = CARTESIAN_POINT('',(-2.468319135758,-0.130165814548));
#15737 = CARTESIAN_POINT('',(-2.471718609223,-0.121740855243));
#15738 = CARTESIAN_POINT('',(-2.474821434897,-0.113102365031));
#15739 = CARTESIAN_POINT('',(-2.477628066929,-0.104271642572));
#15740 = CARTESIAN_POINT('',(-2.480139733909,-9.526941982996E-02));
#15741 = CARTESIAN_POINT('',(-2.482358346292,-8.611570235293E-02));
#15742 = CARTESIAN_POINT('',(-2.484286296101,-7.683034941511E-02));
#15743 = CARTESIAN_POINT('',(-2.485926549614,-6.743235216196E-02));
#15744 = CARTESIAN_POINT('',(-2.487282443919,-5.794026586443E-02));
#15745 = CARTESIAN_POINT('',(-2.488357652066,-4.837219022573E-02));
#15746 = CARTESIAN_POINT('',(-2.48915612848,-3.874579175368E-02));
#15747 = CARTESIAN_POINT('',(-2.489682062762,-2.907831866013E-02));
#15748 = CARTESIAN_POINT('',(-2.489939839138,-1.938660982572E-02));
#15749 = CARTESIAN_POINT('',(-2.489933983983,-9.687140402023E-03));
#15750 = CARTESIAN_POINT('',(-2.489757443921,-3.226334436355E-03));
#15751 = CARTESIAN_POINT('',(-2.489626787013,3.219646771413E-15));
#15752 = ( GEOMETRIC_REPRESENTATION_CONTEXT(2) 
PARAMETRIC_REPRESENTATION_CONTEXT() REPRESENTATION_CONTEXT('2D SPACE',''
  ) );
#15753 = ORIENTED_EDGE('',*,*,#15754,.F.);
#15754 = EDGE_CURVE('',#12638,#15561,#15755,.T.);
#15755 = SURFACE_CURVE('',#15756,(#15760,#15766),.PCURVE_S1.);
#15756 = LINE('',#15757,#15758);
#15757 = CARTESIAN_POINT('',(-1.31157269975,1.001137879251,3.4));
#15758 = VECTOR('',#15759,1.);
#15759 = DIRECTION('',(0.,0.,1.));
#15760 = PCURVE('',#12654,#15761);
#15761 = DEFINITIONAL_REPRESENTATION('',(#15762),#15765);
#15762 = B_SPLINE_CURVE_WITH_KNOTS('',1,(#15763,#15764),.UNSPECIFIED.,
  .F.,.F.,(2,2),(0.,1.45),.PIECEWISE_BEZIER_KNOTS.);
#15763 = CARTESIAN_POINT('',(3.993706965397,0.1));
#15764 = CARTESIAN_POINT('',(3.993706965397,1.55));
#15765 = ( GEOMETRIC_REPRESENTATION_CONTEXT(2) 
PARAMETRIC_REPRESENTATION_CONTEXT() REPRESENTATION_CONTEXT('2D SPACE',''
  ) );
#15766 = PCURVE('',#12683,#15767);
#15767 = DEFINITIONAL_REPRESENTATION('',(#15768),#15771);
#15768 = B_SPLINE_CURVE_WITH_KNOTS('',1,(#15769,#15770),.UNSPECIFIED.,
  .F.,.F.,(2,2),(-5.999999999062E-07,1.4500006),
  .PIECEWISE_BEZIER_KNOTS.);
#15769 = CARTESIAN_POINT('',(2.489626787013,-5.999999999062E-07));
#15770 = CARTESIAN_POINT('',(2.489626787013,1.4500006));
#15771 = ( GEOMETRIC_REPRESENTATION_CONTEXT(2) 
PARAMETRIC_REPRESENTATION_CONTEXT() REPRESENTATION_CONTEXT('2D SPACE',''
  ) );
#15772 = ADVANCED_FACE('',(#15773),#12886,.F.);
#15773 = FACE_BOUND('',#15774,.F.);
#15774 = EDGE_LOOP('',(#15775,#15776,#15797,#15989));
#15775 = ORIENTED_EDGE('',*,*,#12869,.T.);
#15776 = ORIENTED_EDGE('',*,*,#15777,.T.);
#15777 = EDGE_CURVE('',#12841,#15778,#15780,.T.);
#15778 = VERTEX_POINT('',#15779);
#15779 = CARTESIAN_POINT('',(-1.31157269975,-1.001137879251,4.85));
#15780 = SURFACE_CURVE('',#15781,(#15785,#15791),.PCURVE_S1.);
#15781 = LINE('',#15782,#15783);
#15782 = CARTESIAN_POINT('',(-1.31157269975,-1.001137879251,3.4));
#15783 = VECTOR('',#15784,1.);
#15784 = DIRECTION('',(0.,0.,1.));
#15785 = PCURVE('',#12886,#15786);
#15786 = DEFINITIONAL_REPRESENTATION('',(#15787),#15790);
#15787 = B_SPLINE_CURVE_WITH_KNOTS('',1,(#15788,#15789),.UNSPECIFIED.,
  .F.,.F.,(2,2),(0.,1.45),.PIECEWISE_BEZIER_KNOTS.);
#15788 = CARTESIAN_POINT('',(8.572663648962,0.1));
#15789 = CARTESIAN_POINT('',(8.572663648962,1.55));
#15790 = ( GEOMETRIC_REPRESENTATION_CONTEXT(2) 
PARAMETRIC_REPRESENTATION_CONTEXT() REPRESENTATION_CONTEXT('2D SPACE',''
  ) );
#15791 = PCURVE('',#12857,#15792);
#15792 = DEFINITIONAL_REPRESENTATION('',(#15793),#15796);
#15793 = B_SPLINE_CURVE_WITH_KNOTS('',1,(#15794,#15795),.UNSPECIFIED.,
  .F.,.F.,(2,2),(-5.999999999062E-07,1.4500006),
  .PIECEWISE_BEZIER_KNOTS.);
#15794 = CARTESIAN_POINT('',(3.793558520167,-5.999999999062E-07));
#15795 = CARTESIAN_POINT('',(3.793558520167,1.4500006));
#15796 = ( GEOMETRIC_REPRESENTATION_CONTEXT(2) 
PARAMETRIC_REPRESENTATION_CONTEXT() REPRESENTATION_CONTEXT('2D SPACE',''
  ) );
#15797 = ORIENTED_EDGE('',*,*,#15798,.T.);
#15798 = EDGE_CURVE('',#15778,#15511,#15799,.T.);
#15799 = SURFACE_CURVE('',#15800,(#15843,#15916),.PCURVE_S1.);
#15800 = B_SPLINE_CURVE_WITH_KNOTS('',6,(#15801,#15802,#15803,#15804,
    #15805,#15806,#15807,#15808,#15809,#15810,#15811,#15812,#15813,
    #15814,#15815,#15816,#15817,#15818,#15819,#15820,#15821,#15822,
    #15823,#15824,#15825,#15826,#15827,#15828,#15829,#15830,#15831,
    #15832,#15833,#15834,#15835,#15836,#15837,#15838,#15839,#15840,
    #15841,#15842),.UNSPECIFIED.,.F.,.F.,(7,5,5,5,5,5,5,5,7),(0.,
    4.184557339905E-02,0.365326356305,0.661803470602,0.870264148884,1.,
    1.15455616599,1.313214692449,1.324151489893),.UNSPECIFIED.);
#15801 = CARTESIAN_POINT('',(-1.31157269975,-1.001137879251,4.85));
#15802 = CARTESIAN_POINT('',(-1.309034680792,-0.998917775725,
    4.853364500674));
#15803 = CARTESIAN_POINT('',(-1.306456264575,-0.996744735316,
    4.856732520403));
#15804 = CARTESIAN_POINT('',(-1.303838402661,-0.994619536802,
    4.860102868249));
#15805 = CARTESIAN_POINT('',(-1.301182056208,-0.99254294209,
    4.86347433852));
#15806 = CARTESIAN_POINT('',(-1.298488195978,-0.990515696217,
    4.86684571076));
#15807 = CARTESIAN_POINT('',(-1.274650913275,-0.973254326839,
    4.896267318992));
#15808 = CARTESIAN_POINT('',(-1.25136766475,-0.960967542237,
    4.922231002608));
#15809 = CARTESIAN_POINT('',(-1.226348473598,-0.95200043553,
    4.947553251973));
#15810 = CARTESIAN_POINT('',(-1.200081996185,-0.946648553548,
    4.971599975509));
#15811 = CARTESIAN_POINT('',(-1.17315491553,-0.945167888695,
    4.993589989689));
#15812 = CARTESIAN_POINT('',(-1.121618685313,-0.949982042046,
    5.030241902694));
#15813 = CARTESIAN_POINT('',(-1.096996266479,-0.955638926455,
    5.045367177991));
#15814 = CARTESIAN_POINT('',(-1.072979006606,-0.964741500655,
    5.057437656426));
#15815 = CARTESIAN_POINT('',(-1.050234852173,-0.977248595244,
    5.06579206144));
#15816 = CARTESIAN_POINT('',(-1.029482886381,-0.992871310053,
    5.069976500471));
#15817 = CARTESIAN_POINT('',(-0.998490516049,-1.023814791627,
    5.070016388437));
#15818 = CARTESIAN_POINT('',(-0.986952920893,-1.037853912963,
    5.067975454759));
#15819 = CARTESIAN_POINT('',(-0.976867620384,-1.05296474337,
    5.063874852213));
#15820 = CARTESIAN_POINT('',(-0.968367076231,-1.068914813321,
    5.057819260811));
#15821 = CARTESIAN_POINT('',(-0.961519683587,-1.085464938911,
    5.049989890884));
#15822 = CARTESIAN_POINT('',(-0.953124177894,-1.112916789247,
    5.034755186909));
#15823 = CARTESIAN_POINT('',(-0.950550907189,-1.123592776404,
    5.028305495389));
#15824 = CARTESIAN_POINT('',(-0.948629380623,-1.134360422284,
    5.021300526617));
#15825 = CARTESIAN_POINT('',(-0.947357015466,-1.145169199006,
    5.013793820614));
#15826 = CARTESIAN_POINT('',(-0.946726188958,-1.155972100186,
    5.005839346775));
#15827 = CARTESIAN_POINT('',(-0.946726188958,-1.179537687976,
    4.987540258584));
#15828 = CARTESIAN_POINT('',(-0.947621487204,-1.192279433305,
    4.977029877098));
#15829 = CARTESIAN_POINT('',(-0.949393707835,-1.204878963452,
    4.96604486306));
#15830 = CARTESIAN_POINT('',(-0.95201852103,-1.217270124736,
    4.954668943101));
#15831 = CARTESIAN_POINT('',(-0.955467713931,-1.229392316448,
    4.942980691907));
#15832 = CARTESIAN_POINT('',(-0.96406744505,-1.253300292677,
    4.918806790197));
#15833 = CARTESIAN_POINT('',(-0.969260529573,-1.265068115827,
    4.906308726132));
#15834 = CARTESIAN_POINT('',(-0.975257755862,-1.276432770329,
    4.89363607969));
#15835 = CARTESIAN_POINT('',(-0.982023535427,-1.287337188945,
    4.880861971539));
#15836 = CARTESIAN_POINT('',(-0.989519401896,-1.29772710769,
    4.868055150216));
#15837 = CARTESIAN_POINT('',(-0.9982681481,-1.308227656495,
    4.854400141193));
#15838 = CARTESIAN_POINT('',(-0.998835605666,-1.308902119064,
    4.853519717245));
#15839 = CARTESIAN_POINT('',(-0.999406321367,-1.309573871748,
    4.852639469758));
#15840 = CARTESIAN_POINT('',(-0.999980281443,-1.310242897451,
    4.851759420158));
#15841 = CARTESIAN_POINT('',(-1.000557472047,-1.310909179121,
    4.850879589805));
#15842 = CARTESIAN_POINT('',(-1.001137879251,-1.31157269975,4.85));
#15843 = PCURVE('',#12886,#15844);
#15844 = DEFINITIONAL_REPRESENTATION('',(#15845),#15915);
#15845 = B_SPLINE_CURVE_WITH_KNOTS('',3,(#15846,#15847,#15848,#15849,
    #15850,#15851,#15852,#15853,#15854,#15855,#15856,#15857,#15858,
    #15859,#15860,#15861,#15862,#15863,#15864,#15865,#15866,#15867,
    #15868,#15869,#15870,#15871,#15872,#15873,#15874,#15875,#15876,
    #15877,#15878,#15879,#15880,#15881,#15882,#15883,#15884,#15885,
    #15886,#15887,#15888,#15889,#15890,#15891,#15892,#15893,#15894,
    #15895,#15896,#15897,#15898,#15899,#15900,#15901,#15902,#15903,
    #15904,#15905,#15906,#15907,#15908,#15909,#15910,#15911,#15912,
    #15913,#15914),.UNSPECIFIED.,.F.,.F.,(4,1,1,1,1,1,1,1,1,1,1,1,1,1,1,
    1,1,1,1,1,1,1,1,1,1,1,1,1,1,1,1,1,1,1,1,1,1,1,1,1,1,1,1,1,1,1,1,1,1,
    1,1,1,1,1,1,1,1,1,1,1,1,1,1,1,1,1,4),(0.,2.006290136201E-02,
    4.012580272402E-02,6.018870408603E-02,8.025160544804E-02,
    0.10031450681,0.120377408172,0.140440309534,0.160503210896,
    0.180566112258,0.20062901362,0.220691914982,0.240754816344,
    0.260817717706,0.280880619068,0.30094352043,0.321006421792,
    0.341069323154,0.361132224516,0.381195125878,0.40125802724,
    0.421320928602,0.441383829964,0.461446731326,0.481509632688,
    0.50157253405,0.521635435412,0.541698336774,0.561761238136,
    0.581824139498,0.60188704086,0.621949942222,0.642012843584,
    0.662075744946,0.682138646308,0.70220154767,0.722264449032,
    0.742327350394,0.762390251756,0.782453153118,0.80251605448,
    0.822578955842,0.842641857204,0.862704758566,0.882767659928,
    0.90283056129,0.922893462652,0.942956364014,0.963019265377,
    0.983082166739,1.003145068101,1.023207969463,1.043270870825,
    1.063333772187,1.083396673549,1.103459574911,1.123522476273,
    1.143585377635,1.163648278997,1.183711180359,1.203774081721,
    1.223836983083,1.243899884445,1.263962785807,1.284025687169,
    1.304088588531,1.324151489893),.QUASI_UNIFORM_KNOTS.);
#15846 = CARTESIAN_POINT('',(8.572663648962,1.55));
#15847 = CARTESIAN_POINT('',(8.557966443,1.553226165315));
#15848 = CARTESIAN_POINT('',(8.528577632855,1.559686787564));
#15849 = CARTESIAN_POINT('',(8.484500668349,1.569386052632));
#15850 = CARTESIAN_POINT('',(8.440419424159,1.57907723723));
#15851 = CARTESIAN_POINT('',(8.39632328509,1.588743470713));
#15852 = CARTESIAN_POINT('',(8.352197369147,1.598368479528));
#15853 = CARTESIAN_POINT('',(8.308028553229,1.60793521164));
#15854 = CARTESIAN_POINT('',(8.263803865531,1.617426164934));
#15855 = CARTESIAN_POINT('',(8.219510897733,1.626823274375));
#15856 = CARTESIAN_POINT('',(8.175137677509,1.636107927044));
#15857 = CARTESIAN_POINT('',(8.130672688207,1.645260952555));
#15858 = CARTESIAN_POINT('',(8.086104852829,1.654262629738));
#15859 = CARTESIAN_POINT('',(8.041423533286,1.66309269856));
#15860 = CARTESIAN_POINT('',(7.996618531353,1.671730380473));
#15861 = CARTESIAN_POINT('',(7.951680102708,1.680154405492));
#15862 = CARTESIAN_POINT('',(7.906598960637,1.688343049579));
#15863 = CARTESIAN_POINT('',(7.861366360105,1.696274169756));
#15864 = CARTESIAN_POINT('',(7.815973930892,1.703925283633));
#15865 = CARTESIAN_POINT('',(7.770414501424,1.711273519247));
#15866 = CARTESIAN_POINT('',(7.724679283892,1.718296084868));
#15867 = CARTESIAN_POINT('',(7.678763761209,1.724969560899));
#15868 = CARTESIAN_POINT('',(7.632672010974,1.731269573669));
#15869 = CARTESIAN_POINT('',(7.586407557036,1.737172340665));
#15870 = CARTESIAN_POINT('',(7.539975729317,1.742654570102));
#15871 = CARTESIAN_POINT('',(7.493383133745,1.747693778639));
#15872 = CARTESIAN_POINT('',(7.446637904122,1.752268500493));
#15873 = CARTESIAN_POINT('',(7.39974974959,1.756358529079));
#15874 = CARTESIAN_POINT('',(7.352730063341,1.759945153375));
#15875 = CARTESIAN_POINT('',(7.305592017652,1.763011399101));
#15876 = CARTESIAN_POINT('',(7.258350690125,1.765542272144));
#15877 = CARTESIAN_POINT('',(7.211023136567,1.767525004452));
#15878 = CARTESIAN_POINT('',(7.16362873294,1.768949304008));
#15879 = CARTESIAN_POINT('',(7.116188618494,1.769807602268));
#15880 = CARTESIAN_POINT('',(7.068728633761,1.770095323903));
#15881 = CARTESIAN_POINT('',(7.021269391706,1.769811086056));
#15882 = CARTESIAN_POINT('',(6.973830298688,1.768956283972));
#15883 = CARTESIAN_POINT('',(6.926435916829,1.767535482302));
#15884 = CARTESIAN_POINT('',(6.879106861599,1.765556153463));
#15885 = CARTESIAN_POINT('',(6.831862408644,1.763028493957));
#15886 = CARTESIAN_POINT('',(6.784719944401,1.759965209001));
#15887 = CARTESIAN_POINT('',(6.737695254233,1.756381295527));
#15888 = CARTESIAN_POINT('',(6.690802563798,1.752293812978));
#15889 = CARTESIAN_POINT('',(6.64405469278,1.747721654167));
#15890 = CARTESIAN_POINT('',(6.597462974894,1.742685277675));
#15891 = CARTESIAN_POINT('',(6.551037966105,1.737206543613));
#15892 = CARTESIAN_POINT('',(6.504780322636,1.731307306163));
#15893 = CARTESIAN_POINT('',(6.458693807978,1.72501058913));
#15894 = CARTESIAN_POINT('',(6.412779271024,1.718339703422));
#15895 = CARTESIAN_POINT('',(6.367035927246,1.711318183509));
#15896 = CARTESIAN_POINT('',(6.321461253169,1.703969587411));
#15897 = CARTESIAN_POINT('',(6.276050723589,1.696317254612));
#15898 = CARTESIAN_POINT('',(6.230799226337,1.688384382456));
#15899 = CARTESIAN_POINT('',(6.185699610439,1.680193717397));
#15900 = CARTESIAN_POINT('',(6.140743509607,1.671767510109));
#15901 = CARTESIAN_POINT('',(6.095921896259,1.663127571095));
#15902 = CARTESIAN_POINT('',(6.051225007591,1.654295207317));
#15903 = CARTESIAN_POINT('',(6.006642384115,1.64529118423));
#15904 = CARTESIAN_POINT('',(5.96216294352,1.636135705165));
#15905 = CARTESIAN_POINT('',(5.917774638285,1.626848295924));
#15906 = CARTESIAN_POINT('',(5.873466297124,1.617448215244));
#15907 = CARTESIAN_POINT('',(5.829225418395,1.607953990135));
#15908 = CARTESIAN_POINT('',(5.785039660946,1.598383718612));
#15909 = CARTESIAN_POINT('',(5.740896690997,1.588755066096));
#15910 = CARTESIAN_POINT('',(5.696784197483,1.579085290034));
#15911 = CARTESIAN_POINT('',(5.652689876699,1.569391246709));
#15912 = CARTESIAN_POINT('',(5.608601373892,1.559689441056));
#15913 = CARTESIAN_POINT('',(5.579204736044,1.553227095208));
#15914 = CARTESIAN_POINT('',(5.564503292192,1.55));
#15915 = ( GEOMETRIC_REPRESENTATION_CONTEXT(2) 
PARAMETRIC_REPRESENTATION_CONTEXT() REPRESENTATION_CONTEXT('2D SPACE',''
  ) );
#15916 = PCURVE('',#13322,#15917);
#15917 = DEFINITIONAL_REPRESENTATION('',(#15918),#15988);
#15918 = B_SPLINE_CURVE_WITH_KNOTS('',3,(#15919,#15920,#15921,#15922,
    #15923,#15924,#15925,#15926,#15927,#15928,#15929,#15930,#15931,
    #15932,#15933,#15934,#15935,#15936,#15937,#15938,#15939,#15940,
    #15941,#15942,#15943,#15944,#15945,#15946,#15947,#15948,#15949,
    #15950,#15951,#15952,#15953,#15954,#15955,#15956,#15957,#15958,
    #15959,#15960,#15961,#15962,#15963,#15964,#15965,#15966,#15967,
    #15968,#15969,#15970,#15971,#15972,#15973,#15974,#15975,#15976,
    #15977,#15978,#15979,#15980,#15981,#15982,#15983,#15984,#15985,
    #15986,#15987),.UNSPECIFIED.,.F.,.F.,(4,1,1,1,1,1,1,1,1,1,1,1,1,1,1,
    1,1,1,1,1,1,1,1,1,1,1,1,1,1,1,1,1,1,1,1,1,1,1,1,1,1,1,1,1,1,1,1,1,1,
    1,1,1,1,1,1,1,1,1,1,1,1,1,1,1,1,1,4),(0.,2.006290136201E-02,
    4.012580272402E-02,6.018870408603E-02,8.025160544804E-02,
    0.10031450681,0.120377408172,0.140440309534,0.160503210896,
    0.180566112258,0.20062901362,0.220691914982,0.240754816344,
    0.260817717706,0.280880619068,0.30094352043,0.321006421792,
    0.341069323154,0.361132224516,0.381195125878,0.40125802724,
    0.421320928602,0.441383829964,0.461446731326,0.481509632688,
    0.50157253405,0.521635435412,0.541698336774,0.561761238136,
    0.581824139498,0.60188704086,0.621949942222,0.642012843584,
    0.662075744946,0.682138646308,0.70220154767,0.722264449032,
    0.742327350394,0.762390251756,0.782453153118,0.80251605448,
    0.822578955842,0.842641857204,0.862704758566,0.882767659928,
    0.90283056129,0.922893462652,0.942956364014,0.963019265377,
    0.983082166739,1.003145068101,1.023207969463,1.043270870825,
    1.063333772187,1.083396673549,1.103459574911,1.123522476273,
    1.143585377635,1.163648278997,1.183711180359,1.203774081721,
    1.223836983083,1.243899884445,1.263962785807,1.284025687169,
    1.304088588531,1.324151489893),.QUASI_UNIFORM_KNOTS.);
#15919 = CARTESIAN_POINT('',(-3.793558520167,6.439293542826E-15));
#15920 = CARTESIAN_POINT('',(-3.79342786672,-3.226165035617E-03));
#15921 = CARTESIAN_POINT('',(-3.793251331244,-9.686787509997E-03));
#15922 = CARTESIAN_POINT('',(-3.793245461524,-1.938605325293E-02));
#15923 = CARTESIAN_POINT('',(-3.793503207559,-2.907723479357E-02));
#15924 = CARTESIAN_POINT('',(-3.794029031026,-3.874346459293E-02));
#15925 = CARTESIAN_POINT('',(-3.794827305949,-4.836847452439E-02));
#15926 = CARTESIAN_POINT('',(-3.795902232164,-5.793521048125E-02));
#15927 = CARTESIAN_POINT('',(-3.797257788942,-6.742616774689E-02));
#15928 = CARTESIAN_POINT('',(-3.798897671605,-7.682327904499E-02));
#15929 = CARTESIAN_POINT('',(-3.8008252262,-8.610793072319E-02));
#15930 = CARTESIAN_POINT('',(-3.803043378102,-9.526095315601E-02));
#15931 = CARTESIAN_POINT('',(-3.80555455567,-0.104262626927));
#15932 = CARTESIAN_POINT('',(-3.808360608755,-0.113092693915));
#15933 = CARTESIAN_POINT('',(-3.811462722565,-0.121730376754));
#15934 = CARTESIAN_POINT('',(-3.814861326549,-0.130154405232));
#15935 = CARTESIAN_POINT('',(-3.818556001408,-0.138343053571));
#15936 = CARTESIAN_POINT('',(-3.822545375361,-0.146274175815));
#15937 = CARTESIAN_POINT('',(-3.82682704618,-0.153925288138));
#15938 = CARTESIAN_POINT('',(-3.83139739701,-0.16127351708));
#15939 = CARTESIAN_POINT('',(-3.836251803768,-0.168296090277));
#15940 = CARTESIAN_POINT('',(-3.841383921493,-0.174969577216));
#15941 = CARTESIAN_POINT('',(-3.84678496653,-0.181269586018));
#15942 = CARTESIAN_POINT('',(-3.852444599217,-0.187172341484));
#15943 = CARTESIAN_POINT('',(-3.858350612844,-0.19265456052));
#15944 = CARTESIAN_POINT('',(-3.864488951212,-0.197693766352));
#15945 = CARTESIAN_POINT('',(-3.870843669445,-0.202268494014));
#15946 = CARTESIAN_POINT('',(-3.877396944446,-0.206358532717));
#15947 = CARTESIAN_POINT('',(-3.8841291089,-0.209945164789));
#15948 = CARTESIAN_POINT('',(-3.891018718751,-0.213011410505));
#15949 = CARTESIAN_POINT('',(-3.898042649613,-0.215542274734));
#15950 = CARTESIAN_POINT('',(-3.90517623587,-0.217524994552));
#15951 = CARTESIAN_POINT('',(-3.912393403263,-0.218949287133));
#15952 = CARTESIAN_POINT('',(-3.919666974788,-0.219807593035));
#15953 = CARTESIAN_POINT('',(-3.926968471564,-0.220095326757));
#15954 = CARTESIAN_POINT('',(-3.934269929836,-0.219811083869));
#15955 = CARTESIAN_POINT('',(-3.941543572248,-0.21895628293));
#15956 = CARTESIAN_POINT('',(-3.948761115501,-0.217535482884));
#15957 = CARTESIAN_POINT('',(-3.955895454428,-0.215556154791));
#15958 = CARTESIAN_POINT('',(-3.962920513838,-0.213028494234));
#15959 = CARTESIAN_POINT('',(-3.9698115573,-0.209965207889));
#15960 = CARTESIAN_POINT('',(-3.976545335524,-0.206381294439));
#15961 = CARTESIAN_POINT('',(-3.983100239246,-0.202293813505));
#15962 = CARTESIAN_POINT('',(-3.98945640392,-0.197721656121));
#15963 = CARTESIAN_POINT('',(-3.995595806695,-0.192685277541));
#15964 = CARTESIAN_POINT('',(-4.001502245802,-0.187206544134));
#15965 = CARTESIAN_POINT('',(-4.007162464395,-0.181307307139));
#15966 = CARTESIAN_POINT('',(-4.012564423874,-0.175010588525));
#15967 = CARTESIAN_POINT('',(-4.017698048586,-0.168339702614));
#15968 = CARTESIAN_POINT('',(-4.022554980419,-0.161318184155));
#15969 = CARTESIAN_POINT('',(-4.02712850502,-0.15396958845));
#15970 = CARTESIAN_POINT('',(-4.031413460846,-0.146317253964));
#15971 = CARTESIAN_POINT('',(-4.035405989565,-0.138384384442));
#15972 = CARTESIAN_POINT('',(-4.039103572956,-0.130193718443));
#15973 = CARTESIAN_POINT('',(-4.042504810315,-0.121767509083));
#15974 = CARTESIAN_POINT('',(-4.045609271244,-0.113127569658));
#15975 = CARTESIAN_POINT('',(-4.048417401135,-0.104295207599));
#15976 = CARTESIAN_POINT('',(-4.050930416018,-9.52911862193E-02));
#15977 = CARTESIAN_POINT('',(-4.05315020154,-8.613570553596E-02));
#15978 = CARTESIAN_POINT('',(-4.055079224702,-7.684829587621E-02));
#15979 = CARTESIAN_POINT('',(-4.056720385492,-6.744821596917E-02));
#15980 = CARTESIAN_POINT('',(-4.058077043583,-5.795399030407E-02));
#15981 = CARTESIAN_POINT('',(-4.059152876151,-4.838371817594E-02));
#15982 = CARTESIAN_POINT('',(-4.059951841488,-3.875506568588E-02));
#15983 = CARTESIAN_POINT('',(-4.060478130277,-2.908529024776E-02));
#15984 = CARTESIAN_POINT('',(-4.060736128025,-1.939124735368E-02));
#15985 = CARTESIAN_POINT('',(-4.060730363748,-9.689441140854E-03));
#15986 = CARTESIAN_POINT('',(-4.060553801563,-3.227095124333E-03));
#15987 = CARTESIAN_POINT('',(-4.060423113808,5.551115123126E-15));
#15988 = ( GEOMETRIC_REPRESENTATION_CONTEXT(2) 
PARAMETRIC_REPRESENTATION_CONTEXT() REPRESENTATION_CONTEXT('2D SPACE',''
  ) );
#15989 = ORIENTED_EDGE('',*,*,#15534,.F.);
#15990 = ADVANCED_FACE('',(#15991),#12683,.T.);
#15991 = FACE_BOUND('',#15992,.T.);
#15992 = EDGE_LOOP('',(#15993,#16017,#16018,#16019));
#15993 = ORIENTED_EDGE('',*,*,#15994,.F.);
#15994 = EDGE_CURVE('',#15561,#15995,#15997,.T.);
#15995 = VERTEX_POINT('',#15996);
#15996 = CARTESIAN_POINT('',(-1.426847938399,0.828616292797,4.85));
#15997 = SURFACE_CURVE('',#15998,(#16003,#16010),.PCURVE_S1.);
#15998 = CIRCLE('',#15999,1.65);
#15999 = AXIS2_PLACEMENT_3D('',#16000,#16001,#16002);
#16000 = CARTESIAN_POINT('',(0.,0.,4.85));
#16001 = DIRECTION('',(0.,0.,1.));
#16002 = DIRECTION('',(1.,0.,-0.));
#16003 = PCURVE('',#12683,#16004);
#16004 = DEFINITIONAL_REPRESENTATION('',(#16005),#16009);
#16005 = LINE('',#16006,#16007);
#16006 = CARTESIAN_POINT('',(0.,1.45));
#16007 = VECTOR('',#16008,1.);
#16008 = DIRECTION('',(1.,0.));
#16009 = ( GEOMETRIC_REPRESENTATION_CONTEXT(2) 
PARAMETRIC_REPRESENTATION_CONTEXT() REPRESENTATION_CONTEXT('2D SPACE',''
  ) );
#16010 = PCURVE('',#13322,#16011);
#16011 = DEFINITIONAL_REPRESENTATION('',(#16012),#16016);
#16012 = LINE('',#16013,#16014);
#16013 = CARTESIAN_POINT('',(-0.,-0.));
#16014 = VECTOR('',#16015,1.);
#16015 = DIRECTION('',(-1.,-0.));
#16016 = ( GEOMETRIC_REPRESENTATION_CONTEXT(2) 
PARAMETRIC_REPRESENTATION_CONTEXT() REPRESENTATION_CONTEXT('2D SPACE',''
  ) );
#16017 = ORIENTED_EDGE('',*,*,#15754,.F.);
#16018 = ORIENTED_EDGE('',*,*,#12666,.T.);
#16019 = ORIENTED_EDGE('',*,*,#16020,.T.);
#16020 = EDGE_CURVE('',#12667,#15995,#16021,.T.);
#16021 = SURFACE_CURVE('',#16022,(#16026,#16032),.PCURVE_S1.);
#16022 = LINE('',#16023,#16024);
#16023 = CARTESIAN_POINT('',(-1.426847938399,0.828616292797,3.4));
#16024 = VECTOR('',#16025,1.);
#16025 = DIRECTION('',(0.,0.,1.));
#16026 = PCURVE('',#12683,#16027);
#16027 = DEFINITIONAL_REPRESENTATION('',(#16028),#16031);
#16028 = B_SPLINE_CURVE_WITH_KNOTS('',1,(#16029,#16030),.UNSPECIFIED.,
  .F.,.F.,(2,2),(-5.999999999062E-07,1.4500006),
  .PIECEWISE_BEZIER_KNOTS.);
#16029 = CARTESIAN_POINT('',(2.615461275071,-5.999999999062E-07));
#16030 = CARTESIAN_POINT('',(2.615461275071,1.4500006));
#16031 = ( GEOMETRIC_REPRESENTATION_CONTEXT(2) 
PARAMETRIC_REPRESENTATION_CONTEXT() REPRESENTATION_CONTEXT('2D SPACE',''
  ) );
#16032 = PCURVE('',#12712,#16033);
#16033 = DEFINITIONAL_REPRESENTATION('',(#16034),#16037);
#16034 = B_SPLINE_CURVE_WITH_KNOTS('',1,(#16035,#16036),.UNSPECIFIED.,
  .F.,.F.,(2,2),(0.,1.45),.PIECEWISE_BEZIER_KNOTS.);
#16035 = CARTESIAN_POINT('',(7.394566403866,0.1));
#16036 = CARTESIAN_POINT('',(7.394566403866,1.55));
#16037 = ( GEOMETRIC_REPRESENTATION_CONTEXT(2) 
PARAMETRIC_REPRESENTATION_CONTEXT() REPRESENTATION_CONTEXT('2D SPACE',''
  ) );
#16038 = ADVANCED_FACE('',(#16039),#12857,.T.);
#16039 = FACE_BOUND('',#16040,.T.);
#16040 = EDGE_LOOP('',(#16041,#16065,#16084,#16085));
#16041 = ORIENTED_EDGE('',*,*,#16042,.F.);
#16042 = EDGE_CURVE('',#16043,#15778,#16045,.T.);
#16043 = VERTEX_POINT('',#16044);
#16044 = CARTESIAN_POINT('',(-1.426847938399,-0.828616292797,4.85));
#16045 = SURFACE_CURVE('',#16046,(#16051,#16058),.PCURVE_S1.);
#16046 = CIRCLE('',#16047,1.65);
#16047 = AXIS2_PLACEMENT_3D('',#16048,#16049,#16050);
#16048 = CARTESIAN_POINT('',(0.,0.,4.85));
#16049 = DIRECTION('',(0.,0.,1.));
#16050 = DIRECTION('',(1.,0.,-0.));
#16051 = PCURVE('',#12857,#16052);
#16052 = DEFINITIONAL_REPRESENTATION('',(#16053),#16057);
#16053 = LINE('',#16054,#16055);
#16054 = CARTESIAN_POINT('',(0.,1.45));
#16055 = VECTOR('',#16056,1.);
#16056 = DIRECTION('',(1.,0.));
#16057 = ( GEOMETRIC_REPRESENTATION_CONTEXT(2) 
PARAMETRIC_REPRESENTATION_CONTEXT() REPRESENTATION_CONTEXT('2D SPACE',''
  ) );
#16058 = PCURVE('',#13322,#16059);
#16059 = DEFINITIONAL_REPRESENTATION('',(#16060),#16064);
#16060 = LINE('',#16061,#16062);
#16061 = CARTESIAN_POINT('',(-0.,-0.));
#16062 = VECTOR('',#16063,1.);
#16063 = DIRECTION('',(-1.,-0.));
#16064 = ( GEOMETRIC_REPRESENTATION_CONTEXT(2) 
PARAMETRIC_REPRESENTATION_CONTEXT() REPRESENTATION_CONTEXT('2D SPACE',''
  ) );
#16065 = ORIENTED_EDGE('',*,*,#16066,.F.);
#16066 = EDGE_CURVE('',#12812,#16043,#16067,.T.);
#16067 = SURFACE_CURVE('',#16068,(#16072,#16078),.PCURVE_S1.);
#16068 = LINE('',#16069,#16070);
#16069 = CARTESIAN_POINT('',(-1.426847938399,-0.828616292797,3.4));
#16070 = VECTOR('',#16071,1.);
#16071 = DIRECTION('',(0.,0.,1.));
#16072 = PCURVE('',#12857,#16073);
#16073 = DEFINITIONAL_REPRESENTATION('',(#16074),#16077);
#16074 = B_SPLINE_CURVE_WITH_KNOTS('',1,(#16075,#16076),.UNSPECIFIED.,
  .F.,.F.,(2,2),(-5.999999999062E-07,1.4500006),
  .PIECEWISE_BEZIER_KNOTS.);
#16075 = CARTESIAN_POINT('',(3.667724032109,-5.999999999062E-07));
#16076 = CARTESIAN_POINT('',(3.667724032109,1.4500006));
#16077 = ( GEOMETRIC_REPRESENTATION_CONTEXT(2) 
PARAMETRIC_REPRESENTATION_CONTEXT() REPRESENTATION_CONTEXT('2D SPACE',''
  ) );
#16078 = PCURVE('',#12828,#16079);
#16079 = DEFINITIONAL_REPRESENTATION('',(#16080),#16083);
#16080 = B_SPLINE_CURVE_WITH_KNOTS('',1,(#16081,#16082),.UNSPECIFIED.,
  .F.,.F.,(2,2),(0.,1.45),.PIECEWISE_BEZIER_KNOTS.);
#16081 = CARTESIAN_POINT('',(5.171804210494,0.1));
#16082 = CARTESIAN_POINT('',(5.171804210494,1.55));
#16083 = ( GEOMETRIC_REPRESENTATION_CONTEXT(2) 
PARAMETRIC_REPRESENTATION_CONTEXT() REPRESENTATION_CONTEXT('2D SPACE',''
  ) );
#16084 = ORIENTED_EDGE('',*,*,#12840,.T.);
#16085 = ORIENTED_EDGE('',*,*,#15777,.T.);
#16086 = ADVANCED_FACE('',(#16087),#12712,.F.);
#16087 = FACE_BOUND('',#16088,.F.);
#16088 = EDGE_LOOP('',(#16089,#16090,#16091,#16287));
#16089 = ORIENTED_EDGE('',*,*,#12695,.T.);
#16090 = ORIENTED_EDGE('',*,*,#16020,.T.);
#16091 = ORIENTED_EDGE('',*,*,#16092,.T.);
#16092 = EDGE_CURVE('',#15995,#16093,#16095,.T.);
#16093 = VERTEX_POINT('',#16094);
#16094 = CARTESIAN_POINT('',(-1.594854052602,0.423013653326,4.85));
#16095 = SURFACE_CURVE('',#16096,(#16141,#16214),.PCURVE_S1.);
#16096 = B_SPLINE_CURVE_WITH_KNOTS('',7,(#16097,#16098,#16099,#16100,
    #16101,#16102,#16103,#16104,#16105,#16106,#16107,#16108,#16109,
    #16110,#16111,#16112,#16113,#16114,#16115,#16116,#16117,#16118,
    #16119,#16120,#16121,#16122,#16123,#16124,#16125,#16126,#16127,
    #16128,#16129,#16130,#16131,#16132,#16133,#16134,#16135,#16136,
    #16137,#16138,#16139,#16140),.UNSPECIFIED.,.F.,.F.,(8,6,6,6,6,6,6,8)
  ,(0.,8.701281419629E-02,1.,1.336431140101,1.934638746648,
    2.288827954011,2.649666754057,2.672952429861),.UNSPECIFIED.);
#16097 = CARTESIAN_POINT('',(-1.426847938399,0.828616292797,4.85));
#16098 = CARTESIAN_POINT('',(-1.424179493355,0.827296157885,
    4.852970515518));
#16099 = CARTESIAN_POINT('',(-1.421532284504,0.825934088809,
    4.855943697945));
#16100 = CARTESIAN_POINT('',(-1.418906988549,0.824530448465,
    4.858918803582));
#16101 = CARTESIAN_POINT('',(-1.416304276468,0.823085607144,
    4.861895081583));
#16102 = CARTESIAN_POINT('',(-1.413724813515,0.821599942535,
    4.864871773952));
#16103 = CARTESIAN_POINT('',(-1.411169259217,0.820073839724,
    4.867848115542));
#16104 = CARTESIAN_POINT('',(-1.382081683268,0.802074783557,
    4.902040993243));
#16105 = CARTESIAN_POINT('',(-1.358248579896,0.781245105005,
    4.933112393985));
#16106 = CARTESIAN_POINT('',(-1.337842945091,0.756455275869,
    4.96319707293));
#16107 = CARTESIAN_POINT('',(-1.321593001113,0.728227918146,
    4.991288822588));
#16108 = CARTESIAN_POINT('',(-1.310226861494,0.69726666454,
    5.016159430961));
#16109 = CARTESIAN_POINT('',(-1.304401228644,0.664571658147,
    5.036364773364));
#16110 = CARTESIAN_POINT('',(-1.304401228644,0.619214269707,
    5.056127419615));
#16111 = CARTESIAN_POINT('',(-1.305192234256,0.606946243338,
    5.060663506553));
#16112 = CARTESIAN_POINT('',(-1.306787112321,0.594692659803,
    5.064358265228));
#16113 = CARTESIAN_POINT('',(-1.309189571819,0.582526863297,
    5.067165150559));
#16114 = CARTESIAN_POINT('',(-1.312393011327,0.57052435038,
    5.069050147812));
#16115 = CARTESIAN_POINT('',(-1.316379366461,0.558760653652,
    5.069994924803));
#16116 = CARTESIAN_POINT('',(-1.329543637271,0.526947461454,
    5.07000898006));
#16117 = CARTESIAN_POINT('',(-1.340351370977,0.507563718187,
    5.067047159546));
#16118 = CARTESIAN_POINT('',(-1.353369640724,0.489581844665,
    5.061108230454));
#16119 = CARTESIAN_POINT('',(-1.368318724022,0.4733405262,5.052384208408
    ));
#16120 = CARTESIAN_POINT('',(-1.384869025534,0.459079115825,
    5.041192814171));
#16121 = CARTESIAN_POINT('',(-1.402681222326,0.446943827261,
    5.027910197451));
#16122 = CARTESIAN_POINT('',(-1.432528022973,0.431135167986,
    5.004027009077));
#16123 = CARTESIAN_POINT('',(-1.443959154314,0.426027362899,
    4.994539729916));
#16124 = CARTESIAN_POINT('',(-1.455657223891,0.421706304057,
    4.984521956518));
#16125 = CARTESIAN_POINT('',(-1.467560171016,0.418180422731,
    4.974047132576));
#16126 = CARTESIAN_POINT('',(-1.479608539318,0.415452583876,
    4.963186049615));
#16127 = CARTESIAN_POINT('',(-1.491745749179,0.413521518458,
    4.952005558045));
#16128 = CARTESIAN_POINT('',(-1.516319521483,0.411223623224,
    4.928914254669));
#16129 = CARTESIAN_POINT('',(-1.528756729015,0.410886897777,
    4.916994361263));
#16130 = CARTESIAN_POINT('',(-1.541173267098,0.411368609109,
    4.904873286413));
#16131 = CARTESIAN_POINT('',(-1.553513990202,0.412661451755,
    4.892613054561));
#16132 = CARTESIAN_POINT('',(-1.56572504617,0.414755440924,
    4.880272370346));
#16133 = CARTESIAN_POINT('',(-1.577753589445,0.417638068302,
    4.867906962788));
#16134 = CARTESIAN_POINT('',(-1.590308579427,0.421530412259,
    4.854773795138));
#16135 = CARTESIAN_POINT('',(-1.591068686304,0.4217695885,4.853977780211
    ));
#16136 = CARTESIAN_POINT('',(-1.591827800801,0.42201198252,
    4.853181899104));
#16137 = CARTESIAN_POINT('',(-1.592585908796,0.422257590202,
    4.852386166199));
#16138 = CARTESIAN_POINT('',(-1.59334299617,0.422506407381,
    4.851590595843));
#16139 = CARTESIAN_POINT('',(-1.594099048809,0.422758429844,
    4.850795202349));
#16140 = CARTESIAN_POINT('',(-1.594854052602,0.423013653326,4.85));
#16141 = PCURVE('',#12712,#16142);
#16142 = DEFINITIONAL_REPRESENTATION('',(#16143),#16213);
#16143 = B_SPLINE_CURVE_WITH_KNOTS('',3,(#16144,#16145,#16146,#16147,
    #16148,#16149,#16150,#16151,#16152,#16153,#16154,#16155,#16156,
    #16157,#16158,#16159,#16160,#16161,#16162,#16163,#16164,#16165,
    #16166,#16167,#16168,#16169,#16170,#16171,#16172,#16173,#16174,
    #16175,#16176,#16177,#16178,#16179,#16180,#16181,#16182,#16183,
    #16184,#16185,#16186,#16187,#16188,#16189,#16190,#16191,#16192,
    #16193,#16194,#16195,#16196,#16197,#16198,#16199,#16200,#16201,
    #16202,#16203,#16204,#16205,#16206,#16207,#16208,#16209,#16210,
    #16211,#16212),.UNSPECIFIED.,.F.,.F.,(4,1,1,1,1,1,1,1,1,1,1,1,1,1,1,
    1,1,1,1,1,1,1,1,1,1,1,1,1,1,1,1,1,1,1,1,1,1,1,1,1,1,1,1,1,1,1,1,1,1,
    1,1,1,1,1,1,1,1,1,1,1,1,1,1,1,1,1,4),(0.,4.049927924031E-02,
    8.099855848062E-02,0.121497837721,0.161997116961,0.202496396202,
    0.242995675442,0.283494954682,0.323994233922,0.364493513163,
    0.404992792403,0.445492071643,0.485991350884,0.526490630124,
    0.566989909364,0.607489188605,0.647988467845,0.688487747085,
    0.728987026326,0.769486305566,0.809985584806,0.850484864047,
    0.890984143287,0.931483422527,0.971982701767,1.012481981008,
    1.052981260248,1.093480539488,1.133979818729,1.174479097969,
    1.214978377209,1.25547765645,1.29597693569,1.33647621493,
    1.376975494171,1.417474773411,1.457974052651,1.498473331892,
    1.538972611132,1.579471890372,1.619971169612,1.660470448853,
    1.700969728093,1.741469007333,1.781968286574,1.822467565814,
    1.862966845054,1.903466124295,1.943965403535,1.984464682775,
    2.024963962016,2.065463241256,2.105962520496,2.146461799736,
    2.186961078977,2.227460358217,2.267959637457,2.308458916698,
    2.348958195938,2.389457475178,2.429956754419,2.470456033659,
    2.510955312899,2.55145459214,2.59195387138,2.63245315062,
    2.672952429861),.QUASI_UNIFORM_KNOTS.);
#16144 = CARTESIAN_POINT('',(7.394566403866,1.55));
#16145 = CARTESIAN_POINT('',(7.379870071394,1.553225973275));
#16146 = CARTESIAN_POINT('',(7.350482617785,1.559686296955));
#16147 = CARTESIAN_POINT('',(7.306407791545,1.569385092183));
#16148 = CARTESIAN_POINT('',(7.262329442677,1.579075638295));
#16149 = CARTESIAN_POINT('',(7.218239783813,1.588740456466));
#16150 = CARTESIAN_POINT('',(7.174121327657,1.598363862561));
#16151 = CARTESIAN_POINT('',(7.129960111142,1.607928996619));
#16152 = CARTESIAN_POINT('',(7.085742234721,1.61741856302));
#16153 = CARTESIAN_POINT('',(7.041454733747,1.626814616194));
#16154 = CARTESIAN_POINT('',(6.997085304324,1.636098608988));
#16155 = CARTESIAN_POINT('',(6.952622349797,1.64525137862));
#16156 = CARTESIAN_POINT('',(6.908054953519,1.654253158405));
#16157 = CARTESIAN_POINT('',(6.863372882185,1.663083592668));
#16158 = CARTESIAN_POINT('',(6.818566590671,1.671721761969));
#16159 = CARTESIAN_POINT('',(6.77362723541,1.680146217802));
#16160 = CARTESIAN_POINT('',(6.728546694072,1.68833502804));
#16161 = CARTESIAN_POINT('',(6.683317592437,1.696265833861));
#16162 = CARTESIAN_POINT('',(6.637933338702,1.703915919033));
#16163 = CARTESIAN_POINT('',(6.592388167642,1.711262292307));
#16164 = CARTESIAN_POINT('',(6.546677192132,1.718281784113));
#16165 = CARTESIAN_POINT('',(6.500796479959,1.724951157031));
#16166 = CARTESIAN_POINT('',(6.454743100356,1.731247236002));
#16167 = CARTESIAN_POINT('',(6.408515361096,1.737147040008));
#16168 = CARTESIAN_POINT('',(6.36211242775,1.742627987328));
#16169 = CARTESIAN_POINT('',(6.315536359503,1.747667909282));
#16170 = CARTESIAN_POINT('',(6.268785255884,1.752245865738));
#16171 = CARTESIAN_POINT('',(6.221884953966,1.756339583216));
#16172 = CARTESIAN_POINT('',(6.174851646354,1.759929769874));
#16173 = CARTESIAN_POINT('',(6.127699777926,1.762999303979));
#16174 = CARTESIAN_POINT('',(6.080445931159,1.765533113669));
#16175 = CARTESIAN_POINT('',(6.033107761425,1.767518463953));
#16176 = CARTESIAN_POINT('',(5.985704515017,1.768945133744));
#16177 = CARTESIAN_POINT('',(5.938256482605,1.769805625558));
#16178 = CARTESIAN_POINT('',(5.890787495472,1.770095354503));
#16179 = CARTESIAN_POINT('',(5.843316722014,1.769812887448));
#16180 = CARTESIAN_POINT('',(5.795865884186,1.768959558295));
#16181 = CARTESIAN_POINT('',(5.748460535784,1.767539925817));
#16182 = CARTESIAN_POINT('',(5.701121908264,1.765561536822));
#16183 = CARTESIAN_POINT('',(5.653869373538,1.763034667181));
#16184 = CARTESIAN_POINT('',(5.60672001355,1.759972072059));
#16185 = CARTESIAN_POINT('',(5.55968892778,1.75638873698));
#16186 = CARTESIAN_POINT('',(5.512789314788,1.752301631866));
#16187 = CARTESIAN_POINT('',(5.466032596613,1.747729467847));
#16188 = CARTESIAN_POINT('',(5.419428511761,1.742692455548));
#16189 = CARTESIAN_POINT('',(5.372985233774,1.737212070159));
#16190 = CARTESIAN_POINT('',(5.32670938153,1.731310803461));
#16191 = CARTESIAN_POINT('',(5.28060641018,1.725011976706));
#16192 = CARTESIAN_POINT('',(5.234679562044,1.71833933866));
#16193 = CARTESIAN_POINT('',(5.188934163061,1.711317477646));
#16194 = CARTESIAN_POINT('',(5.143360231196,1.703968951316));
#16195 = CARTESIAN_POINT('',(5.097950358078,1.696316705466));
#16196 = CARTESIAN_POINT('',(5.052699214863,1.688383896766));
#16197 = CARTESIAN_POINT('',(5.007599571598,1.680193214764));
#16198 = CARTESIAN_POINT('',(4.962643479209,1.671766982558));
#16199 = CARTESIAN_POINT('',(4.917822040726,1.663127051173));
#16200 = CARTESIAN_POINT('',(4.873125484063,1.654294740451));
#16201 = CARTESIAN_POINT('',(4.828543236903,1.645290800176));
#16202 = CARTESIAN_POINT('',(4.784063472432,1.636135243747));
#16203 = CARTESIAN_POINT('',(4.739675773212,1.62684795002));
#16204 = CARTESIAN_POINT('',(4.695367682131,1.617447922726));
#16205 = CARTESIAN_POINT('',(4.651126971601,1.607953732555));
#16206 = CARTESIAN_POINT('',(4.606941365095,1.598383491604));
#16207 = CARTESIAN_POINT('',(4.562798592796,1.588754879328));
#16208 = CARTESIAN_POINT('',(4.518686353179,1.579085156971));
#16209 = CARTESIAN_POINT('',(4.474592318852,1.56939117657));
#16210 = CARTESIAN_POINT('',(4.430504047743,1.5596894232));
#16211 = CARTESIAN_POINT('',(4.401107485024,1.55322709419));
#16212 = CARTESIAN_POINT('',(4.386406047096,1.55));
#16213 = ( GEOMETRIC_REPRESENTATION_CONTEXT(2) 
PARAMETRIC_REPRESENTATION_CONTEXT() REPRESENTATION_CONTEXT('2D SPACE',''
  ) );
#16214 = PCURVE('',#13322,#16215);
#16215 = DEFINITIONAL_REPRESENTATION('',(#16216),#16286);
#16216 = B_SPLINE_CURVE_WITH_KNOTS('',3,(#16217,#16218,#16219,#16220,
    #16221,#16222,#16223,#16224,#16225,#16226,#16227,#16228,#16229,
    #16230,#16231,#16232,#16233,#16234,#16235,#16236,#16237,#16238,
    #16239,#16240,#16241,#16242,#16243,#16244,#16245,#16246,#16247,
    #16248,#16249,#16250,#16251,#16252,#16253,#16254,#16255,#16256,
    #16257,#16258,#16259,#16260,#16261,#16262,#16263,#16264,#16265,
    #16266,#16267,#16268,#16269,#16270,#16271,#16272,#16273,#16274,
    #16275,#16276,#16277,#16278,#16279,#16280,#16281,#16282,#16283,
    #16284,#16285),.UNSPECIFIED.,.F.,.F.,(4,1,1,1,1,1,1,1,1,1,1,1,1,1,1,
    1,1,1,1,1,1,1,1,1,1,1,1,1,1,1,1,1,1,1,1,1,1,1,1,1,1,1,1,1,1,1,1,1,1,
    1,1,1,1,1,1,1,1,1,1,1,1,1,1,1,1,1,4),(0.,4.049927924031E-02,
    8.099855848062E-02,0.121497837721,0.161997116961,0.202496396202,
    0.242995675442,0.283494954682,0.323994233922,0.364493513163,
    0.404992792403,0.445492071643,0.485991350884,0.526490630124,
    0.566989909364,0.607489188605,0.647988467845,0.688487747085,
    0.728987026326,0.769486305566,0.809985584806,0.850484864047,
    0.890984143287,0.931483422527,0.971982701767,1.012481981008,
    1.052981260248,1.093480539488,1.133979818729,1.174479097969,
    1.214978377209,1.25547765645,1.29597693569,1.33647621493,
    1.376975494171,1.417474773411,1.457974052651,1.498473331892,
    1.538972611132,1.579471890372,1.619971169612,1.660470448853,
    1.700969728093,1.741469007333,1.781968286574,1.822467565814,
    1.862966845054,1.903466124295,1.943965403535,1.984464682775,
    2.024963962016,2.065463241256,2.105962520496,2.146461799736,
    2.186961078977,2.227460358217,2.267959637457,2.308458916698,
    2.348958195938,2.389457475178,2.429956754419,2.470456033659,
    2.510955312899,2.55145459214,2.59195387138,2.63245315062,
    2.672952429861),.QUASI_UNIFORM_KNOTS.);
#16217 = CARTESIAN_POINT('',(-2.615461275071,4.440892098501E-15));
#16218 = CARTESIAN_POINT('',(-2.615330627174,-3.225973147618E-03));
#16219 = CARTESIAN_POINT('',(-2.615154098024,-9.686296945783E-03));
#16220 = CARTESIAN_POINT('',(-2.615148207953,-1.938509242934E-02));
#16221 = CARTESIAN_POINT('',(-2.61540590743,-2.907563729807E-02));
#16222 = CARTESIAN_POINT('',(-2.615931594756,-3.874045302619E-02));
#16223 = CARTESIAN_POINT('',(-2.616729626929,-4.836385890439E-02));
#16224 = CARTESIAN_POINT('',(-2.617804210458,-5.792899451868E-02));
#16225 = CARTESIAN_POINT('',(-2.619159351285,-6.741856329754E-02));
#16226 = CARTESIAN_POINT('',(-2.620798782764,-7.681461846429E-02));
#16227 = CARTESIAN_POINT('',(-2.622725892764,-8.609861206278E-02));
#16228 = CARTESIAN_POINT('',(-2.624943644222,-9.525138108947E-02));
#16229 = CARTESIAN_POINT('',(-2.627454490753,-0.104253159204));
#16230 = CARTESIAN_POINT('',(-2.630260287099,-0.113083591457));
#16231 = CARTESIAN_POINT('',(-2.633362194876,-0.12172175924));
#16232 = CARTESIAN_POINT('',(-2.636760584075,-0.130146214683));
#16233 = CARTESIAN_POINT('',(-2.640454931001,-0.138335025877));
#16234 = CARTESIAN_POINT('',(-2.644443713497,-0.146265833685));
#16235 = CARTESIAN_POINT('',(-2.648724304582,-0.153915921088));
#16236 = CARTESIAN_POINT('',(-2.653292865635,-0.161262295814));
#16237 = CARTESIAN_POINT('',(-2.658144241246,-0.168281787423));
#16238 = CARTESIAN_POINT('',(-2.663271855286,-0.174951158238));
#16239 = CARTESIAN_POINT('',(-2.668667618333,-0.181247233901));
#16240 = CARTESIAN_POINT('',(-2.674321818121,-0.187147035165));
#16241 = CARTESIAN_POINT('',(-2.680223109059,-0.192627982315));
#16242 = CARTESIAN_POINT('',(-2.686358178756,-0.197667908079));
#16243 = CARTESIAN_POINT('',(-2.692712678082,-0.202245866573));
#16244 = CARTESIAN_POINT('',(-2.69926678265,-0.206339577397));
#16245 = CARTESIAN_POINT('',(-2.706000174721,-0.209929766304));
#16246 = CARTESIAN_POINT('',(-2.712891224299,-0.212999306333));
#16247 = CARTESIAN_POINT('',(-2.719916565845,-0.215533118623));
#16248 = CARTESIAN_POINT('',(-2.727051417945,-0.217518464979));
#16249 = CARTESIAN_POINT('',(-2.734269702828,-0.218945128765));
#16250 = CARTESIAN_POINT('',(-2.741544356086,-0.219805620017));
#16251 = CARTESIAN_POINT('',(-2.748847196336,-0.220095358322));
#16252 = CARTESIAN_POINT('',(-2.756150469365,-0.219812877711));
#16253 = CARTESIAN_POINT('',(-2.763426022916,-0.218959541509));
#16254 = CARTESIAN_POINT('',(-2.770645402125,-0.217539916073));
#16255 = CARTESIAN_POINT('',(-2.777781393751,-0.21556153961));
#16256 = CARTESIAN_POINT('',(-2.784807900677,-0.213034678663));
#16257 = CARTESIAN_POINT('',(-2.791700228859,-0.209972083401));
#16258 = CARTESIAN_POINT('',(-2.798435225737,-0.206388740444));
#16259 = CARTESIAN_POINT('',(-2.804991418535,-0.202301625226));
#16260 = CARTESIAN_POINT('',(-2.811349111497,-0.197729455521));
#16261 = CARTESIAN_POINT('',(-2.817490454019,-0.192692446096));
#16262 = CARTESIAN_POINT('',(-2.823399474108,-0.187212071218));
#16263 = CARTESIAN_POINT('',(-2.829062092914,-0.181310815992));
#16264 = CARTESIAN_POINT('',(-2.834466071957,-0.175011992987));
#16265 = CARTESIAN_POINT('',(-2.839601082759,-0.168339343704));
#16266 = CARTESIAN_POINT('',(-2.844458202476,-0.161317475633));
#16267 = CARTESIAN_POINT('',(-2.849031623442,-0.153968956095));
#16268 = CARTESIAN_POINT('',(-2.853316496818,-0.146316708846));
#16269 = CARTESIAN_POINT('',(-2.857308981856,-0.138383895761));
#16270 = CARTESIAN_POINT('',(-2.861006551617,-0.130193210963));
#16271 = CARTESIAN_POINT('',(-2.864407767427,-0.121766980565));
#16272 = CARTESIAN_POINT('',(-2.86751219551,-0.113127053583));
#16273 = CARTESIAN_POINT('',(-2.870320288089,-0.104294745216));
#16274 = CARTESIAN_POINT('',(-2.872833273353,-9.529080063747E-02));
#16275 = CARTESIAN_POINT('',(-2.875053060336,-8.613524372951E-02));
#16276 = CARTESIAN_POINT('',(-2.876982041905,-7.684795151849E-02));
#16277 = CARTESIAN_POINT('',(-2.878623186449,-6.744792347743E-02));
#16278 = CARTESIAN_POINT('',(-2.879979832003,-5.79537320043E-02));
#16279 = CARTESIAN_POINT('',(-2.881055653771,-4.838349048721E-02));
#16280 = CARTESIAN_POINT('',(-2.881854608682,-3.875487894087E-02));
#16281 = CARTESIAN_POINT('',(-2.88238088919,-2.908515784767E-02));
#16282 = CARTESIAN_POINT('',(-2.882638882554,-1.939117786568E-02));
#16283 = CARTESIAN_POINT('',(-2.882633118094,-9.689423301916E-03));
#16284 = CARTESIAN_POINT('',(-2.882456556423,-3.227093981314E-03));
#16285 = CARTESIAN_POINT('',(-2.882325868712,5.218048215738E-15));
#16286 = ( GEOMETRIC_REPRESENTATION_CONTEXT(2) 
PARAMETRIC_REPRESENTATION_CONTEXT() REPRESENTATION_CONTEXT('2D SPACE',''
  ) );
#16287 = ORIENTED_EDGE('',*,*,#16288,.F.);
#16288 = EDGE_CURVE('',#12696,#16093,#16289,.T.);
#16289 = SURFACE_CURVE('',#16290,(#16294,#16300),.PCURVE_S1.);
#16290 = LINE('',#16291,#16292);
#16291 = CARTESIAN_POINT('',(-1.594854052602,0.423013653326,3.4));
#16292 = VECTOR('',#16293,1.);
#16293 = DIRECTION('',(0.,0.,1.));
#16294 = PCURVE('',#12712,#16295);
#16295 = DEFINITIONAL_REPRESENTATION('',(#16296),#16299);
#16296 = B_SPLINE_CURVE_WITH_KNOTS('',1,(#16297,#16298),.UNSPECIFIED.,
  .F.,.F.,(2,2),(0.,1.45),.PIECEWISE_BEZIER_KNOTS.);
#16297 = CARTESIAN_POINT('',(4.386406047096,0.1));
#16298 = CARTESIAN_POINT('',(4.386406047096,1.55));
#16299 = ( GEOMETRIC_REPRESENTATION_CONTEXT(2) 
PARAMETRIC_REPRESENTATION_CONTEXT() REPRESENTATION_CONTEXT('2D SPACE',''
  ) );
#16300 = PCURVE('',#12741,#16301);
#16301 = DEFINITIONAL_REPRESENTATION('',(#16302),#16305);
#16302 = B_SPLINE_CURVE_WITH_KNOTS('',1,(#16303,#16304),.UNSPECIFIED.,
  .F.,.F.,(2,2),(-5.999999999062E-07,1.4500006),
  .PIECEWISE_BEZIER_KNOTS.);
#16303 = CARTESIAN_POINT('',(2.882325868712,-5.999999999062E-07));
#16304 = CARTESIAN_POINT('',(2.882325868712,1.4500006));
#16305 = ( GEOMETRIC_REPRESENTATION_CONTEXT(2) 
PARAMETRIC_REPRESENTATION_CONTEXT() REPRESENTATION_CONTEXT('2D SPACE',''
  ) );
#16306 = ADVANCED_FACE('',(#16307),#12828,.F.);
#16307 = FACE_BOUND('',#16308,.F.);
#16308 = EDGE_LOOP('',(#16309,#16310,#16331,#16469));
#16309 = ORIENTED_EDGE('',*,*,#12811,.T.);
#16310 = ORIENTED_EDGE('',*,*,#16311,.T.);
#16311 = EDGE_CURVE('',#12783,#16312,#16314,.T.);
#16312 = VERTEX_POINT('',#16313);
#16313 = CARTESIAN_POINT('',(-1.594854052602,-0.423013653326,4.85));
#16314 = SURFACE_CURVE('',#16315,(#16319,#16325),.PCURVE_S1.);
#16315 = LINE('',#16316,#16317);
#16316 = CARTESIAN_POINT('',(-1.594854052602,-0.423013653326,3.4));
#16317 = VECTOR('',#16318,1.);
#16318 = DIRECTION('',(0.,0.,1.));
#16319 = PCURVE('',#12828,#16320);
#16320 = DEFINITIONAL_REPRESENTATION('',(#16321),#16324);
#16321 = B_SPLINE_CURVE_WITH_KNOTS('',1,(#16322,#16323),.UNSPECIFIED.,
  .F.,.F.,(2,2),(0.,1.45),.PIECEWISE_BEZIER_KNOTS.);
#16322 = CARTESIAN_POINT('',(8.179964567263,0.1));
#16323 = CARTESIAN_POINT('',(8.179964567263,1.55));
#16324 = ( GEOMETRIC_REPRESENTATION_CONTEXT(2) 
PARAMETRIC_REPRESENTATION_CONTEXT() REPRESENTATION_CONTEXT('2D SPACE',''
  ) );
#16325 = PCURVE('',#12799,#16326);
#16326 = DEFINITIONAL_REPRESENTATION('',(#16327),#16330);
#16327 = B_SPLINE_CURVE_WITH_KNOTS('',1,(#16328,#16329),.UNSPECIFIED.,
  .F.,.F.,(2,2),(-5.999999999062E-07,1.4500006),
  .PIECEWISE_BEZIER_KNOTS.);
#16328 = CARTESIAN_POINT('',(3.400859438468,-5.999999999062E-07));
#16329 = CARTESIAN_POINT('',(3.400859438468,1.4500006));
#16330 = ( GEOMETRIC_REPRESENTATION_CONTEXT(2) 
PARAMETRIC_REPRESENTATION_CONTEXT() REPRESENTATION_CONTEXT('2D SPACE',''
  ) );
#16331 = ORIENTED_EDGE('',*,*,#16332,.T.);
#16332 = EDGE_CURVE('',#16312,#16043,#16333,.T.);
#16333 = SURFACE_CURVE('',#16334,(#16367,#16418),.PCURVE_S1.);
#16334 = B_SPLINE_CURVE_WITH_KNOTS('',6,(#16335,#16336,#16337,#16338,
    #16339,#16340,#16341,#16342,#16343,#16344,#16345,#16346,#16347,
    #16348,#16349,#16350,#16351,#16352,#16353,#16354,#16355,#16356,
    #16357,#16358,#16359,#16360,#16361,#16362,#16363,#16364,#16365,
    #16366),.UNSPECIFIED.,.F.,.F.,(7,5,5,5,5,5,7),(0.,5.156138800297E-02
    ,0.441735257042,0.799333565643,1.,1.279797065166,1.597337585405),
  .UNSPECIFIED.);
#16335 = CARTESIAN_POINT('',(-1.594854052602,-0.423013653326,4.85));
#16336 = CARTESIAN_POINT('',(-1.591591067628,-0.421910625243,
    4.853436715605));
#16337 = CARTESIAN_POINT('',(-1.588307932831,-0.42086909449,
    4.856877102926));
#16338 = CARTESIAN_POINT('',(-1.585005902774,-0.419889439769,
    4.860319892731));
#16339 = CARTESIAN_POINT('',(-1.581686234671,-0.418972018836,
    4.86376379968));
#16340 = CARTESIAN_POINT('',(-1.578350188383,-0.418117168498,
    4.867207522325));
#16341 = CARTESIAN_POINT('',(-1.549640208933,-0.411332278018,
    4.896697618323));
#16342 = CARTESIAN_POINT('',(-1.523424009121,-0.408942265564,
    4.922651283147));
#16343 = CARTESIAN_POINT('',(-1.496880569886,-0.410283803086,
    4.947956867805));
#16344 = CARTESIAN_POINT('',(-1.470574635702,-0.415442481134,
    4.971979651803));
#16345 = CARTESIAN_POINT('',(-1.445146769136,-0.424429520556,
    4.993937487346));
#16346 = CARTESIAN_POINT('',(-1.399420985514,-0.44869093321,
    5.030511724789));
#16347 = CARTESIAN_POINT('',(-1.37886539883,-0.463381401917,
    5.045592940552));
#16348 = CARTESIAN_POINT('',(-1.360193988547,-0.481020175879,
    5.057612450808));
#16349 = CARTESIAN_POINT('',(-1.344007928486,-0.501311657682,
    5.065909999512));
#16350 = CARTESIAN_POINT('',(-1.33085954435,-0.523711768941,
    5.070034948865));
#16351 = CARTESIAN_POINT('',(-1.315542546357,-0.560814465849,
    5.06998011065));
#16352 = CARTESIAN_POINT('',(-1.311086044128,-0.574585175068,
    5.068650328682));
#16353 = CARTESIAN_POINT('',(-1.307731862371,-0.58866237856,
    5.066009867146));
#16354 = CARTESIAN_POINT('',(-1.305503987714,-0.602913525623,
    5.06210167204));
#16355 = CARTESIAN_POINT('',(-1.304401228644,-0.617208638396,
    5.057001292284));
#16356 = CARTESIAN_POINT('',(-1.304401228644,-0.651253806619,
    5.042167488151));
#16357 = CARTESIAN_POINT('',(-1.306545280644,-0.670932791604,
    5.031399652597));
#16358 = CARTESIAN_POINT('',(-1.310773687312,-0.690147423505,
    5.018760427629));
#16359 = CARTESIAN_POINT('',(-1.316955697197,-0.708629505933,
    5.00457298393));
#16360 = CARTESIAN_POINT('',(-1.32493591649,-0.726169051481,
    4.989144933466));
#16361 = CARTESIAN_POINT('',(-1.345470762975,-0.76123744724,
    4.954149614225));
#16362 = CARTESIAN_POINT('',(-1.358495299463,-0.778442376649,
    4.934308008262));
#16363 = CARTESIAN_POINT('',(-1.373395603918,-0.793965999795,
    4.91362923334));
#16364 = CARTESIAN_POINT('',(-1.389924983868,-0.807610160734,
    4.89247703746));
#16365 = CARTESIAN_POINT('',(-1.40783047605,-0.81920796114,
    4.871170256876));
#16366 = CARTESIAN_POINT('',(-1.426847938399,-0.828616292797,4.85));
#16367 = PCURVE('',#12828,#16368);
#16368 = DEFINITIONAL_REPRESENTATION('',(#16369),#16417);
#16369 = B_SPLINE_CURVE_WITH_KNOTS('',3,(#16370,#16371,#16372,#16373,
    #16374,#16375,#16376,#16377,#16378,#16379,#16380,#16381,#16382,
    #16383,#16384,#16385,#16386,#16387,#16388,#16389,#16390,#16391,
    #16392,#16393,#16394,#16395,#16396,#16397,#16398,#16399,#16400,
    #16401,#16402,#16403,#16404,#16405,#16406,#16407,#16408,#16409,
    #16410,#16411,#16412,#16413,#16414,#16415,#16416),.UNSPECIFIED.,.F.,
  .F.,(4,1,1,1,1,1,1,1,1,1,1,1,1,1,1,1,1,1,1,1,1,1,1,1,1,1,1,1,1,1,1,1,1
    ,1,1,1,1,1,1,1,1,1,1,1,4),(0.,3.630312694102E-02,7.260625388205E-02,
    0.108909380823,0.145212507764,0.181515634705,0.217818761646,
    0.254121888587,0.290425015528,0.326728142469,0.36303126941,
    0.399334396351,0.435637523292,0.471940650233,0.508243777174,
    0.544546904115,0.580850031056,0.617153157997,0.653456284938,
    0.689759411879,0.72606253882,0.762365665762,0.798668792703,
    0.834971919644,0.871275046585,0.907578173526,0.943881300467,
    0.980184427408,1.016487554349,1.05279068129,1.089093808231,
    1.125396935172,1.161700062113,1.198003189054,1.234306315995,
    1.270609442936,1.306912569877,1.343215696818,1.379518823759,
    1.4158219507,1.452125077641,1.488428204582,1.524731331523,
    1.561034458464,1.597337585405),.QUASI_UNIFORM_KNOTS.);
#16370 = CARTESIAN_POINT('',(8.179964567263,1.55));
#16371 = CARTESIAN_POINT('',(8.15791826426,1.554839252281));
#16372 = CARTESIAN_POINT('',(8.113838946253,1.564536577645));
#16373 = CARTESIAN_POINT('',(8.047721172996,1.579082899736));
#16374 = CARTESIAN_POINT('',(7.981570031477,1.593573255106));
#16375 = CARTESIAN_POINT('',(7.915336640894,1.607951946436));
#16376 = CARTESIAN_POINT('',(7.848977615705,1.622160218969));
#16377 = CARTESIAN_POINT('',(7.782451193533,1.636136687391));
#16378 = CARTESIAN_POINT('',(7.715718144691,1.64981711579));
#16379 = CARTESIAN_POINT('',(7.648741448879,1.66313447984));
#16380 = CARTESIAN_POINT('',(7.581486309309,1.676019071247));
#16381 = CARTESIAN_POINT('',(7.513920358787,1.688398675127));
#16382 = CARTESIAN_POINT('',(7.446013209126,1.700198937652));
#16383 = CARTESIAN_POINT('',(7.377739028573,1.711343423878));
#16384 = CARTESIAN_POINT('',(7.309068390958,1.721755248843));
#16385 = CARTESIAN_POINT('',(7.23999388073,1.73135435594));
#16386 = CARTESIAN_POINT('',(7.170531124842,1.740059387368));
#16387 = CARTESIAN_POINT('',(7.100698154666,1.747792435565));
#16388 = CARTESIAN_POINT('',(7.030521434417,1.754480026312));
#16389 = CARTESIAN_POINT('',(6.960035124594,1.760055108196));
#16390 = CARTESIAN_POINT('',(6.889282123411,1.764458808972));
#16391 = CARTESIAN_POINT('',(6.818315098575,1.767642288738));
#16392 = CARTESIAN_POINT('',(6.747196330186,1.769568609831));
#16393 = CARTESIAN_POINT('',(6.676003314382,1.770214613818));
#16394 = CARTESIAN_POINT('',(6.60481416314,1.76957292421));
#16395 = CARTESIAN_POINT('',(6.533697898321,1.767651042885));
#16396 = CARTESIAN_POINT('',(6.4627287614,1.764471818435));
#16397 = CARTESIAN_POINT('',(6.391969322007,1.760071869803));
#16398 = CARTESIAN_POINT('',(6.321475860884,1.754499996366));
#16399 = CARTESIAN_POINT('',(6.25129930015,1.747815944758));
#16400 = CARTESIAN_POINT('',(6.181475722777,1.740087438196));
#16401 = CARTESIAN_POINT('',(6.112025535006,1.731387488865));
#16402 = CARTESIAN_POINT('',(6.042959849344,1.721793009751));
#16403 = CARTESIAN_POINT('',(5.974280268815,1.711382961011));
#16404 = CARTESIAN_POINT('',(5.905979993706,1.700236909884));
#16405 = CARTESIAN_POINT('',(5.838044470666,1.688433796344));
#16406 = CARTESIAN_POINT('',(5.770451321289,1.67605080761));
#16407 = CARTESIAN_POINT('',(5.703172914323,1.663162956885));
#16408 = CARTESIAN_POINT('',(5.636178923507,1.649843071011));
#16409 = CARTESIAN_POINT('',(5.569428782922,1.636159826784));
#16410 = CARTESIAN_POINT('',(5.502883629276,1.622179885323));
#16411 = CARTESIAN_POINT('',(5.436503458256,1.607967353509));
#16412 = CARTESIAN_POINT('',(5.370247827841,1.593583964019));
#16413 = CARTESIAN_POINT('',(5.304075516814,1.579089034474));
#16414 = CARTESIAN_POINT('',(5.237944589935,1.564539829575));
#16415 = CARTESIAN_POINT('',(5.193855994036,1.554840456648));
#16416 = CARTESIAN_POINT('',(5.171804210494,1.55));
#16417 = ( GEOMETRIC_REPRESENTATION_CONTEXT(2) 
PARAMETRIC_REPRESENTATION_CONTEXT() REPRESENTATION_CONTEXT('2D SPACE',''
  ) );
#16418 = PCURVE('',#13322,#16419);
#16419 = DEFINITIONAL_REPRESENTATION('',(#16420),#16468);
#16420 = B_SPLINE_CURVE_WITH_KNOTS('',3,(#16421,#16422,#16423,#16424,
    #16425,#16426,#16427,#16428,#16429,#16430,#16431,#16432,#16433,
    #16434,#16435,#16436,#16437,#16438,#16439,#16440,#16441,#16442,
    #16443,#16444,#16445,#16446,#16447,#16448,#16449,#16450,#16451,
    #16452,#16453,#16454,#16455,#16456,#16457,#16458,#16459,#16460,
    #16461,#16462,#16463,#16464,#16465,#16466,#16467),.UNSPECIFIED.,.F.,
  .F.,(4,1,1,1,1,1,1,1,1,1,1,1,1,1,1,1,1,1,1,1,1,1,1,1,1,1,1,1,1,1,1,1,1
    ,1,1,1,1,1,1,1,1,1,1,1,4),(0.,3.630312694102E-02,7.260625388205E-02,
    0.108909380823,0.145212507764,0.181515634705,0.217818761646,
    0.254121888587,0.290425015528,0.326728142469,0.36303126941,
    0.399334396351,0.435637523292,0.471940650233,0.508243777174,
    0.544546904115,0.580850031056,0.617153157997,0.653456284938,
    0.689759411879,0.72606253882,0.762365665762,0.798668792703,
    0.834971919644,0.871275046585,0.907578173526,0.943881300467,
    0.980184427408,1.016487554349,1.05279068129,1.089093808231,
    1.125396935172,1.161700062113,1.198003189054,1.234306315995,
    1.270609442936,1.306912569877,1.343215696818,1.379518823759,
    1.4158219507,1.452125077641,1.488428204582,1.524731331523,
    1.561034458464,1.597337585405),.QUASI_UNIFORM_KNOTS.);
#16421 = CARTESIAN_POINT('',(-3.400859438468,5.218048215738E-15));
#16422 = CARTESIAN_POINT('',(-3.400663411092,-4.839252847498E-03));
#16423 = CARTESIAN_POINT('',(-3.400462228732,-1.453657787924E-02));
#16424 = CARTESIAN_POINT('',(-3.400748277619,-2.908289796511E-02));
#16425 = CARTESIAN_POINT('',(-3.401637613551,-4.357324771543E-02));
#16426 = CARTESIAN_POINT('',(-3.403144793352,-5.795194516303E-02));
#16427 = CARTESIAN_POINT('',(-3.405283481532,-7.216022357262E-02));
#16428 = CARTESIAN_POINT('',(-3.408065885492,-8.613669166935E-02));
#16429 = CARTESIAN_POINT('',(-3.411502273615,-9.981711462267E-02));
#16430 = CARTESIAN_POINT('',(-3.415600394603,-0.113134474567));
#16431 = CARTESIAN_POINT('',(-3.420364855693,-0.126019068477));
#16432 = CARTESIAN_POINT('',(-3.425796422326,-0.138398679093));
#16433 = CARTESIAN_POINT('',(-3.431891360734,-0.150198945521));
#16434 = CARTESIAN_POINT('',(-3.438640426066,-0.161343419022));
#16435 = CARTESIAN_POINT('',(-3.446029040267,-0.171755262166));
#16436 = CARTESIAN_POINT('',(-3.454033743891,-0.181354371254));
#16437 = CARTESIAN_POINT('',(-3.462620640114,-0.190059381391));
#16438 = CARTESIAN_POINT('',(-3.471747092793,-0.197792421211));
#16439 = CARTESIAN_POINT('',(-3.481360840459,-0.204480023997));
#16440 = CARTESIAN_POINT('',(-3.491400140347,-0.210055121213));
#16441 = CARTESIAN_POINT('',(-3.501794069667,-0.214458819046));
#16442 = CARTESIAN_POINT('',(-3.512463178568,-0.217642278021));
#16443 = CARTESIAN_POINT('',(-3.52332072564,-0.219568591051));
#16444 = CARTESIAN_POINT('',(-3.534273415787,-0.220214620826));
#16445 = CARTESIAN_POINT('',(-3.545225651006,-0.219572914882));
#16446 = CARTESIAN_POINT('',(-3.556083243011,-0.217651044624));
#16447 = CARTESIAN_POINT('',(-3.566753378052,-0.214471824401));
#16448 = CARTESIAN_POINT('',(-3.577149209662,-0.210071864648));
#16449 = CARTESIAN_POINT('',(-3.587190674812,-0.204499993312));
#16450 = CARTESIAN_POINT('',(-3.596805721028,-0.197815945386));
#16451 = CARTESIAN_POINT('',(-3.605932495406,-0.190087437636));
#16452 = CARTESIAN_POINT('',(-3.614519653028,-0.181387489304));
#16453 = CARTESIAN_POINT('',(-3.622525409646,-0.171793009815));
#16454 = CARTESIAN_POINT('',(-3.629917215407,-0.161382960715));
#16455 = CARTESIAN_POINT('',(-3.636671019729,-0.150236909825));
#16456 = CARTESIAN_POINT('',(-3.64277044595,-0.13843379675));
#16457 = CARTESIAN_POINT('',(-3.648205920441,-0.126050807323));
#16458 = CARTESIAN_POINT('',(-3.652973521943,-0.113162957806));
#16459 = CARTESIAN_POINT('',(-3.657074018827,-9.984307185128E-02));
#16460 = CARTESIAN_POINT('',(-3.660512455172,-8.615982600936E-02));
#16461 = CARTESIAN_POINT('',(-3.663296631529,-7.217988460194E-02));
#16462 = CARTESIAN_POINT('',(-3.665436785501,-5.796735401701E-02));
#16463 = CARTESIAN_POINT('',(-3.666945038807,-4.358396493193E-02));
#16464 = CARTESIAN_POINT('',(-3.667834995465,-2.908903400397E-02));
#16465 = CARTESIAN_POINT('',(-3.668121287673,-1.453982853333E-02));
#16466 = CARTESIAN_POINT('',(-3.667920092441,-4.840456047387E-03));
#16467 = CARTESIAN_POINT('',(-3.667724032109,6.661338147751E-15));
#16468 = ( GEOMETRIC_REPRESENTATION_CONTEXT(2) 
PARAMETRIC_REPRESENTATION_CONTEXT() REPRESENTATION_CONTEXT('2D SPACE',''
  ) );
#16469 = ORIENTED_EDGE('',*,*,#16066,.F.);
#16470 = ADVANCED_FACE('',(#16471),#12741,.T.);
#16471 = FACE_BOUND('',#16472,.T.);
#16472 = EDGE_LOOP('',(#16473,#16497,#16498,#16499));
#16473 = ORIENTED_EDGE('',*,*,#16474,.F.);
#16474 = EDGE_CURVE('',#16093,#16475,#16477,.T.);
#16475 = VERTEX_POINT('',#16476);
#16476 = CARTESIAN_POINT('',(-1.635333333333,0.219510566691,4.85));
#16477 = SURFACE_CURVE('',#16478,(#16483,#16490),.PCURVE_S1.);
#16478 = CIRCLE('',#16479,1.65);
#16479 = AXIS2_PLACEMENT_3D('',#16480,#16481,#16482);
#16480 = CARTESIAN_POINT('',(0.,0.,4.85));
#16481 = DIRECTION('',(0.,0.,1.));
#16482 = DIRECTION('',(1.,0.,-0.));
#16483 = PCURVE('',#12741,#16484);
#16484 = DEFINITIONAL_REPRESENTATION('',(#16485),#16489);
#16485 = LINE('',#16486,#16487);
#16486 = CARTESIAN_POINT('',(0.,1.45));
#16487 = VECTOR('',#16488,1.);
#16488 = DIRECTION('',(1.,0.));
#16489 = ( GEOMETRIC_REPRESENTATION_CONTEXT(2) 
PARAMETRIC_REPRESENTATION_CONTEXT() REPRESENTATION_CONTEXT('2D SPACE',''
  ) );
#16490 = PCURVE('',#13322,#16491);
#16491 = DEFINITIONAL_REPRESENTATION('',(#16492),#16496);
#16492 = LINE('',#16493,#16494);
#16493 = CARTESIAN_POINT('',(-0.,-0.));
#16494 = VECTOR('',#16495,1.);
#16495 = DIRECTION('',(-1.,-0.));
#16496 = ( GEOMETRIC_REPRESENTATION_CONTEXT(2) 
PARAMETRIC_REPRESENTATION_CONTEXT() REPRESENTATION_CONTEXT('2D SPACE',''
  ) );
#16497 = ORIENTED_EDGE('',*,*,#16288,.F.);
#16498 = ORIENTED_EDGE('',*,*,#12724,.T.);
#16499 = ORIENTED_EDGE('',*,*,#16500,.T.);
#16500 = EDGE_CURVE('',#12725,#16475,#16501,.T.);
#16501 = SURFACE_CURVE('',#16502,(#16506,#16512),.PCURVE_S1.);
#16502 = LINE('',#16503,#16504);
#16503 = CARTESIAN_POINT('',(-1.635333333333,0.219510566691,3.4));
#16504 = VECTOR('',#16505,1.);
#16505 = DIRECTION('',(0.,0.,1.));
#16506 = PCURVE('',#12741,#16507);
#16507 = DEFINITIONAL_REPRESENTATION('',(#16508),#16511);
#16508 = B_SPLINE_CURVE_WITH_KNOTS('',1,(#16509,#16510),.UNSPECIFIED.,
  .F.,.F.,(2,2),(-5.999999999062E-07,1.4500006),
  .PIECEWISE_BEZIER_KNOTS.);
#16509 = CARTESIAN_POINT('',(3.008160356769,-5.999999999062E-07));
#16510 = CARTESIAN_POINT('',(3.008160356769,1.4500006));
#16511 = ( GEOMETRIC_REPRESENTATION_CONTEXT(2) 
PARAMETRIC_REPRESENTATION_CONTEXT() REPRESENTATION_CONTEXT('2D SPACE',''
  ) );
#16512 = PCURVE('',#12770,#16513);
#16513 = DEFINITIONAL_REPRESENTATION('',(#16514),#16517);
#16514 = B_SPLINE_CURVE_WITH_KNOTS('',1,(#16515,#16516),.UNSPECIFIED.,
  .F.,.F.,(2,2),(0.,1.45),.PIECEWISE_BEZIER_KNOTS.);
#16515 = CARTESIAN_POINT('',(7.787265485564,0.1));
#16516 = CARTESIAN_POINT('',(7.787265485564,1.55));
#16517 = ( GEOMETRIC_REPRESENTATION_CONTEXT(2) 
PARAMETRIC_REPRESENTATION_CONTEXT() REPRESENTATION_CONTEXT('2D SPACE',''
  ) );
#16518 = ADVANCED_FACE('',(#16519),#12799,.T.);
#16519 = FACE_BOUND('',#16520,.T.);
#16520 = EDGE_LOOP('',(#16521,#16545,#16564,#16565));
#16521 = ORIENTED_EDGE('',*,*,#16522,.F.);
#16522 = EDGE_CURVE('',#16523,#16312,#16525,.T.);
#16523 = VERTEX_POINT('',#16524);
#16524 = CARTESIAN_POINT('',(-1.635333333333,-0.219510566691,4.85));
#16525 = SURFACE_CURVE('',#16526,(#16531,#16538),.PCURVE_S1.);
#16526 = CIRCLE('',#16527,1.65);
#16527 = AXIS2_PLACEMENT_3D('',#16528,#16529,#16530);
#16528 = CARTESIAN_POINT('',(0.,0.,4.85));
#16529 = DIRECTION('',(0.,0.,1.));
#16530 = DIRECTION('',(1.,0.,-0.));
#16531 = PCURVE('',#12799,#16532);
#16532 = DEFINITIONAL_REPRESENTATION('',(#16533),#16537);
#16533 = LINE('',#16534,#16535);
#16534 = CARTESIAN_POINT('',(0.,1.45));
#16535 = VECTOR('',#16536,1.);
#16536 = DIRECTION('',(1.,0.));
#16537 = ( GEOMETRIC_REPRESENTATION_CONTEXT(2) 
PARAMETRIC_REPRESENTATION_CONTEXT() REPRESENTATION_CONTEXT('2D SPACE',''
  ) );
#16538 = PCURVE('',#13322,#16539);
#16539 = DEFINITIONAL_REPRESENTATION('',(#16540),#16544);
#16540 = LINE('',#16541,#16542);
#16541 = CARTESIAN_POINT('',(-0.,-0.));
#16542 = VECTOR('',#16543,1.);
#16543 = DIRECTION('',(-1.,-0.));
#16544 = ( GEOMETRIC_REPRESENTATION_CONTEXT(2) 
PARAMETRIC_REPRESENTATION_CONTEXT() REPRESENTATION_CONTEXT('2D SPACE',''
  ) );
#16545 = ORIENTED_EDGE('',*,*,#16546,.F.);
#16546 = EDGE_CURVE('',#12754,#16523,#16547,.T.);
#16547 = SURFACE_CURVE('',#16548,(#16552,#16558),.PCURVE_S1.);
#16548 = LINE('',#16549,#16550);
#16549 = CARTESIAN_POINT('',(-1.635333333333,-0.219510566691,3.4));
#16550 = VECTOR('',#16551,1.);
#16551 = DIRECTION('',(0.,0.,1.));
#16552 = PCURVE('',#12799,#16553);
#16553 = DEFINITIONAL_REPRESENTATION('',(#16554),#16557);
#16554 = B_SPLINE_CURVE_WITH_KNOTS('',1,(#16555,#16556),.UNSPECIFIED.,
  .F.,.F.,(2,2),(-5.999999999062E-07,1.4500006),
  .PIECEWISE_BEZIER_KNOTS.);
#16555 = CARTESIAN_POINT('',(3.27502495041,-5.999999999062E-07));
#16556 = CARTESIAN_POINT('',(3.27502495041,1.4500006));
#16557 = ( GEOMETRIC_REPRESENTATION_CONTEXT(2) 
PARAMETRIC_REPRESENTATION_CONTEXT() REPRESENTATION_CONTEXT('2D SPACE',''
  ) );
#16558 = PCURVE('',#12770,#16559);
#16559 = DEFINITIONAL_REPRESENTATION('',(#16560),#16563);
#16560 = B_SPLINE_CURVE_WITH_KNOTS('',1,(#16561,#16562),.UNSPECIFIED.,
  .F.,.F.,(2,2),(0.,1.45),.PIECEWISE_BEZIER_KNOTS.);
#16561 = CARTESIAN_POINT('',(4.779105128795,0.1));
#16562 = CARTESIAN_POINT('',(4.779105128795,1.55));
#16563 = ( GEOMETRIC_REPRESENTATION_CONTEXT(2) 
PARAMETRIC_REPRESENTATION_CONTEXT() REPRESENTATION_CONTEXT('2D SPACE',''
  ) );
#16564 = ORIENTED_EDGE('',*,*,#12782,.T.);
#16565 = ORIENTED_EDGE('',*,*,#16311,.T.);
#16566 = ADVANCED_FACE('',(#16567),#12770,.F.);
#16567 = FACE_BOUND('',#16568,.F.);
#16568 = EDGE_LOOP('',(#16569,#16570,#16571,#16763));
#16569 = ORIENTED_EDGE('',*,*,#12753,.T.);
#16570 = ORIENTED_EDGE('',*,*,#16500,.T.);
#16571 = ORIENTED_EDGE('',*,*,#16572,.T.);
#16572 = EDGE_CURVE('',#16475,#16523,#16573,.T.);
#16573 = SURFACE_CURVE('',#16574,(#16617,#16690),.PCURVE_S1.);
#16574 = B_SPLINE_CURVE_WITH_KNOTS('',6,(#16575,#16576,#16577,#16578,
    #16579,#16580,#16581,#16582,#16583,#16584,#16585,#16586,#16587,
    #16588,#16589,#16590,#16591,#16592,#16593,#16594,#16595,#16596,
    #16597,#16598,#16599,#16600,#16601,#16602,#16603,#16604,#16605,
    #16606,#16607,#16608,#16609,#16610,#16611,#16612,#16613,#16614,
    #16615,#16616),.UNSPECIFIED.,.F.,.F.,(7,5,5,5,5,5,5,5,7),(0.,
    6.374041638318E-02,0.552262479782,1.,1.221605642477,1.447901739226,
    1.708953442197,1.982914739182,1.999801538614),.UNSPECIFIED.);
#16575 = CARTESIAN_POINT('',(-1.635333333333,0.219510566691,4.85));
#16576 = CARTESIAN_POINT('',(-1.631939946627,0.219283836504,
    4.853393386706));
#16577 = CARTESIAN_POINT('',(-1.62855135468,0.218994196007,
    4.856790353147));
#16578 = CARTESIAN_POINT('',(-1.625168812801,0.218641770554,
    4.860189677462));
#16579 = CARTESIAN_POINT('',(-1.621793570992,0.218226704864,
    4.863590122506));
#16580 = CARTESIAN_POINT('',(-1.618426873939,0.217749163021,
    4.866990435847));
#16581 = CARTESIAN_POINT('',(-1.589341763417,0.213071905136,
    4.896439453228));
#16582 = CARTESIAN_POINT('',(-1.56419657412,0.205276727915,
    4.922399141478));
#16583 = CARTESIAN_POINT('',(-1.54017357613,0.193907538899,
    4.947714737663));
#16584 = CARTESIAN_POINT('',(-1.517827282486,0.179101084514,
    4.971751898832));
#16585 = CARTESIAN_POINT('',(-1.497753648814,0.161091570763,
    4.993729055589));
#16586 = CARTESIAN_POINT('',(-1.464746906804,0.121218912856,
    5.030349874913));
#16587 = CARTESIAN_POINT('',(-1.451352785666,9.979701136159E-02,
    5.045457630783));
#16588 = CARTESIAN_POINT('',(-1.440825066121,7.636890350146E-02,
    5.057507644715));
#16589 = CARTESIAN_POINT('',(-1.433606338288,5.143680683272E-02,
    5.065839317741));
#16590 = CARTESIAN_POINT('',(-1.43,2.571361333499E-02,5.07));
#16591 = CARTESIAN_POINT('',(-1.43,-1.272683558154E-02,5.07));
#16592 = CARTESIAN_POINT('',(-1.430883472108,-2.545445196154E-02,
    5.068980653253));
#16593 = CARTESIAN_POINT('',(-1.43265067714,-3.808834756971E-02,
    5.066941441777));
#16594 = CARTESIAN_POINT('',(-1.435284618434,-5.05375394765E-02,
    5.063907880407));
#16595 = CARTESIAN_POINT('',(-1.438754238327,-6.271764355222E-02,
    5.059926151931));
#16596 = CARTESIAN_POINT('',(-1.447371228598,-8.664079034946E-02,
    5.05008628887));
#16597 = CARTESIAN_POINT('',(-1.45255289367,-9.836992499683E-02,
    5.044189778316));
#16598 = CARTESIAN_POINT('',(-1.458518553615,-0.109662790143,
    5.037432929203));
#16599 = CARTESIAN_POINT('',(-1.465214709435,-0.1204539299,
    5.029893677137));
#16600 = CARTESIAN_POINT('',(-1.472583036775,-0.130689773794,
    5.021655505194));
#16601 = CARTESIAN_POINT('',(-1.489772877361,-0.151445238392,
    5.002583939388));
#16602 = CARTESIAN_POINT('',(-1.499797113865,-0.161766652271,
    4.991546530805));
#16603 = CARTESIAN_POINT('',(-1.510548036767,-0.171226624678,
    4.979812703839));
#16604 = CARTESIAN_POINT('',(-1.521934815366,-0.179776317845,
    4.967504630876));
#16605 = CARTESIAN_POINT('',(-1.533868096408,-0.187379105601,
    4.954737259818));
#16606 = CARTESIAN_POINT('',(-1.559270113858,-0.200961831022,
    4.927841913775));
#16607 = CARTESIAN_POINT('',(-1.572784703844,-0.206842454717,
    4.913678863713));
#16608 = CARTESIAN_POINT('',(-1.586707367826,-0.211615984393,
    4.899245426977));
#16609 = CARTESIAN_POINT('',(-1.600940021404,-0.215257971549,
    4.884653007455));
#16610 = CARTESIAN_POINT('',(-1.615384768794,-0.217751023482,
    4.870005191115));
#16611 = CARTESIAN_POINT('',(-1.63084050607,-0.21916597777,
    4.854498714495));
#16612 = CARTESIAN_POINT('',(-1.631738304668,-0.21924372244,
    4.853598559969));
#16613 = CARTESIAN_POINT('',(-1.632636510026,-0.219317056141,
    4.852698588392));
#16614 = CARTESIAN_POINT('',(-1.633535098827,-0.219385976351,
    4.851798822663));
#16615 = CARTESIAN_POINT('',(-1.634434047722,-0.219450480643,
    4.850899285611));
#16616 = CARTESIAN_POINT('',(-1.635333333333,-0.219510566691,4.85));
#16617 = PCURVE('',#12770,#16618);
#16618 = DEFINITIONAL_REPRESENTATION('',(#16619),#16689);
#16619 = B_SPLINE_CURVE_WITH_KNOTS('',3,(#16620,#16621,#16622,#16623,
    #16624,#16625,#16626,#16627,#16628,#16629,#16630,#16631,#16632,
    #16633,#16634,#16635,#16636,#16637,#16638,#16639,#16640,#16641,
    #16642,#16643,#16644,#16645,#16646,#16647,#16648,#16649,#16650,
    #16651,#16652,#16653,#16654,#16655,#16656,#16657,#16658,#16659,
    #16660,#16661,#16662,#16663,#16664,#16665,#16666,#16667,#16668,
    #16669,#16670,#16671,#16672,#16673,#16674,#16675,#16676,#16677,
    #16678,#16679,#16680,#16681,#16682,#16683,#16684,#16685,#16686,
    #16687,#16688),.UNSPECIFIED.,.F.,.F.,(4,1,1,1,1,1,1,1,1,1,1,1,1,1,1,
    1,1,1,1,1,1,1,1,1,1,1,1,1,1,1,1,1,1,1,1,1,1,1,1,1,1,1,1,1,1,1,1,1,1,
    1,1,1,1,1,1,1,1,1,1,1,1,1,1,1,1,1,4),(0.,3.030002331233E-02,
    6.060004662466E-02,9.090006993699E-02,0.121200093249,0.151500116562,
    0.181800139874,0.212100163186,0.242400186499,0.272700209811,
    0.303000233123,0.333300256436,0.363600279748,0.39390030306,
    0.424200326373,0.454500349685,0.484800372997,0.51510039631,
    0.545400419622,0.575700442934,0.606000466247,0.636300489559,
    0.666600512871,0.696900536184,0.727200559496,0.757500582808,
    0.787800606121,0.818100629433,0.848400652745,0.878700676058,
    0.90900069937,0.939300722682,0.969600745995,0.999900769307,
    1.030200792619,1.060500815932,1.090800839244,1.121100862556,
    1.151400885869,1.181700909181,1.212000932493,1.242300955805,
    1.272600979118,1.30290100243,1.333201025742,1.363501049055,
    1.393801072367,1.424101095679,1.454401118992,1.484701142304,
    1.515001165616,1.545301188929,1.575601212241,1.605901235553,
    1.636201258866,1.666501282178,1.69680130549,1.727101328803,
    1.757401352115,1.787701375427,1.81800139874,1.848301422052,
    1.878601445364,1.908901468677,1.939201491989,1.969501515301,
    1.999801538614),.QUASI_UNIFORM_KNOTS.);
#16620 = CARTESIAN_POINT('',(7.787265485564,1.55));
#16621 = CARTESIAN_POINT('',(7.772568389009,1.553226141284));
#16622 = CARTESIAN_POINT('',(7.743179813763,1.559686711827));
#16623 = CARTESIAN_POINT('',(7.699103214571,1.569385896537));
#16624 = CARTESIAN_POINT('',(7.655022235413,1.579077022922));
#16625 = CARTESIAN_POINT('',(7.610926420706,1.588743186421));
#16626 = CARTESIAN_POINT('',(7.566800844536,1.598368123131));
#16627 = CARTESIAN_POINT('',(7.522632384046,1.60793478146));
#16628 = CARTESIAN_POINT('',(7.478408057871,1.617425661898));
#16629 = CARTESIAN_POINT('',(7.43411545286,1.626822701033));
#16630 = CARTESIAN_POINT('',(7.389742592742,1.636107287357));
#16631 = CARTESIAN_POINT('',(7.345277958867,1.645260251444));
#16632 = CARTESIAN_POINT('',(7.30071047392,1.654261872683));
#16633 = CARTESIAN_POINT('',(7.256029501229,1.663091891209));
#16634 = CARTESIAN_POINT('',(7.21122484573,1.671729528292));
#16635 = CARTESIAN_POINT('',(7.166286767836,1.680153513505));
#16636 = CARTESIAN_POINT('',(7.12120598768,1.688342122119));
#16637 = CARTESIAN_POINT('',(7.075973767143,1.696273210607));
#16638 = CARTESIAN_POINT('',(7.030581750614,1.703924295299));
#16639 = CARTESIAN_POINT('',(6.985022760488,1.711272506119));
#16640 = CARTESIAN_POINT('',(6.93928808833,1.718295042655));
#16641 = CARTESIAN_POINT('',(6.893372908907,1.724968528975));
#16642 = CARTESIAN_POINT('',(6.847281424651,1.731268571041));
#16643 = CARTESIAN_POINT('',(6.801017188746,1.737171381539));
#16644 = CARTESIAN_POINT('',(6.754585569199,1.742653663213));
#16645 = CARTESIAN_POINT('',(6.70799319256,1.747692930327));
#16646 = CARTESIAN_POINT('',(6.661248204363,1.752267716162));
#16647 = CARTESIAN_POINT('',(6.614360315873,1.756357814481));
#16648 = CARTESIAN_POINT('',(6.567340914313,1.759944515333));
#16649 = CARTESIAN_POINT('',(6.520203160045,1.763010845799));
#16650 = CARTESIAN_POINT('',(6.472962110763,1.765541812889));
#16651 = CARTESIAN_POINT('',(6.425634809407,1.767524649133));
#16652 = CARTESIAN_POINT('',(6.378240578034,1.768949061511));
#16653 = CARTESIAN_POINT('',(6.330800649421,1.769807480589));
#16654 = CARTESIAN_POINT('',(6.283340411592,1.770095321737));
#16655 = CARTESIAN_POINT('',(6.235882083175,1.76981121407));
#16656 = CARTESIAN_POINT('',(6.18844471593,1.768956581806));
#16657 = CARTESIAN_POINT('',(6.14105173234,1.767535977161));
#16658 = CARTESIAN_POINT('',(6.093723388492,1.765556849553));
#16659 = CARTESIAN_POINT('',(6.046479016171,1.763029372922));
#16660 = CARTESIAN_POINT('',(5.999336572616,1.759966259739));
#16661 = CARTESIAN_POINT('',(5.952312819395,1.756382570114));
#16662 = CARTESIAN_POINT('',(5.905423365207,1.75229555383));
#16663 = CARTESIAN_POINT('',(5.858678842154,1.747723940043));
#16664 = CARTESIAN_POINT('',(5.812089405,1.742688059981));
#16665 = CARTESIAN_POINT('',(5.765662361636,1.737209328801));
#16666 = CARTESIAN_POINT('',(5.719402973348,1.731310066089));
#16667 = CARTESIAN_POINT('',(5.673314447683,1.725013240076));
#16668 = CARTESIAN_POINT('',(5.627398115985,1.718342244394));
#16669 = CARTESIAN_POINT('',(5.581653195182,1.711320620967));
#16670 = CARTESIAN_POINT('',(5.536077645858,1.703971980129));
#16671 = CARTESIAN_POINT('',(5.490666707442,1.696319678475));
#16672 = CARTESIAN_POINT('',(5.445414360889,1.688386767617));
#16673 = CARTESIAN_POINT('',(5.400313573234,1.680195970418));
#16674 = CARTESIAN_POINT('',(5.355356348199,1.671769605554));
#16675 = CARTESIAN_POINT('',(5.310533794634,1.663129527002));
#16676 = CARTESIAN_POINT('',(5.265836135767,1.654297055519));
#16677 = CARTESIAN_POINT('',(5.221252732265,1.645292927208));
#16678 = CARTESIAN_POINT('',(5.176771887686,1.63613718177));
#16679 = CARTESIAN_POINT('',(5.132383176528,1.626849704676));
#16680 = CARTESIAN_POINT('',(5.088074029873,1.617449474629));
#16681 = CARTESIAN_POINT('',(5.043832267664,1.607955073835));
#16682 = CARTESIAN_POINT('',(4.999645612408,1.598384615536));
#16683 = CARTESIAN_POINT('',(4.955501801032,1.588755782315));
#16684 = CARTESIAN_POINT('',(4.911388531854,1.579085837057));
#16685 = CARTESIAN_POINT('',(4.867293473701,1.569391632531));
#16686 = CARTESIAN_POINT('',(4.823204178241,1.559689653823));
#16687 = CARTESIAN_POINT('',(4.793806920066,1.553227171772));
#16688 = CARTESIAN_POINT('',(4.779105128795,1.55));
#16689 = ( GEOMETRIC_REPRESENTATION_CONTEXT(2) 
PARAMETRIC_REPRESENTATION_CONTEXT() REPRESENTATION_CONTEXT('2D SPACE',''
  ) );
#16690 = PCURVE('',#13322,#16691);
#16691 = DEFINITIONAL_REPRESENTATION('',(#16692),#16762);
#16692 = B_SPLINE_CURVE_WITH_KNOTS('',3,(#16693,#16694,#16695,#16696,
    #16697,#16698,#16699,#16700,#16701,#16702,#16703,#16704,#16705,
    #16706,#16707,#16708,#16709,#16710,#16711,#16712,#16713,#16714,
    #16715,#16716,#16717,#16718,#16719,#16720,#16721,#16722,#16723,
    #16724,#16725,#16726,#16727,#16728,#16729,#16730,#16731,#16732,
    #16733,#16734,#16735,#16736,#16737,#16738,#16739,#16740,#16741,
    #16742,#16743,#16744,#16745,#16746,#16747,#16748,#16749,#16750,
    #16751,#16752,#16753,#16754,#16755,#16756,#16757,#16758,#16759,
    #16760,#16761),.UNSPECIFIED.,.F.,.F.,(4,1,1,1,1,1,1,1,1,1,1,1,1,1,1,
    1,1,1,1,1,1,1,1,1,1,1,1,1,1,1,1,1,1,1,1,1,1,1,1,1,1,1,1,1,1,1,1,1,1,
    1,1,1,1,1,1,1,1,1,1,1,1,1,1,1,1,1,4),(0.,3.030002331233E-02,
    6.060004662466E-02,9.090006993699E-02,0.121200093249,0.151500116562,
    0.181800139874,0.212100163186,0.242400186499,0.272700209811,
    0.303000233123,0.333300256436,0.363600279748,0.39390030306,
    0.424200326373,0.454500349685,0.484800372997,0.51510039631,
    0.545400419622,0.575700442934,0.606000466247,0.636300489559,
    0.666600512871,0.696900536184,0.727200559496,0.757500582808,
    0.787800606121,0.818100629433,0.848400652745,0.878700676058,
    0.90900069937,0.939300722682,0.969600745995,0.999900769307,
    1.030200792619,1.060500815932,1.090800839244,1.121100862556,
    1.151400885869,1.181700909181,1.212000932493,1.242300955805,
    1.272600979118,1.30290100243,1.333201025742,1.363501049055,
    1.393801072367,1.424101095679,1.454401118992,1.484701142304,
    1.515001165616,1.545301188929,1.575601212241,1.605901235553,
    1.636201258866,1.666501282178,1.69680130549,1.727101328803,
    1.757401352115,1.787701375427,1.81800139874,1.848301422052,
    1.878601445364,1.908901468677,1.939201491989,1.969501515301,
    1.999801538614),.QUASI_UNIFORM_KNOTS.);
#16693 = CARTESIAN_POINT('',(-3.008160356769,5.329070518201E-15));
#16694 = CARTESIAN_POINT('',(-3.008029704407,-3.226141012177E-03));
#16695 = CARTESIAN_POINT('',(-3.007853169606,-9.686711778331E-03));
#16696 = CARTESIAN_POINT('',(-3.00784729673,-1.938589712978E-02));
#16697 = CARTESIAN_POINT('',(-3.008105036107,-2.907702059034E-02));
#16698 = CARTESIAN_POINT('',(-3.008630848864,-3.874318031171E-02));
#16699 = CARTESIAN_POINT('',(-3.009429108515,-4.836811807299E-02));
#16700 = CARTESIAN_POINT('',(-3.010504014691,-5.793478022236E-02));
#16701 = CARTESIAN_POINT('',(-3.011859546597,-6.742566465777E-02));
#16702 = CARTESIAN_POINT('',(-3.013499399615,-7.682270569921E-02));
#16703 = CARTESIAN_POINT('',(-3.015426919929,-8.61072910793E-02));
#16704 = CARTESIAN_POINT('',(-3.017645033078,-9.526025210825E-02));
#16705 = CARTESIAN_POINT('',(-3.020156167567,-0.104261869921));
#16706 = CARTESIAN_POINT('',(-3.022962173321,-0.11309188657));
#16707 = CARTESIAN_POINT('',(-3.026064235499,-0.12172952453));
#16708 = CARTESIAN_POINT('',(-3.029462783339,-0.130153513171));
#16709 = CARTESIAN_POINT('',(-3.033157397051,-0.138342126049));
#16710 = CARTESIAN_POINT('',(-3.037146704271,-0.146273216667));
#16711 = CARTESIAN_POINT('',(-3.041428301164,-0.153924299869));
#16712 = CARTESIAN_POINT('',(-3.045998571466,-0.161272504064));
#16713 = CARTESIAN_POINT('',(-3.050852881619,-0.168295047754));
#16714 = CARTESIAN_POINT('',(-3.055984921219,-0.174968545213));
#16715 = CARTESIAN_POINT('',(-3.06138589576,-0.181268583509));
#16716 = CARTESIAN_POINT('',(-3.067045463237,-0.187171382559));
#16717 = CARTESIAN_POINT('',(-3.072951413178,-0.192653653769));
#16718 = CARTESIAN_POINT('',(-3.07908968716,-0.19769291804));
#16719 = CARTESIAN_POINT('',(-3.085444339044,-0.202267709558));
#16720 = CARTESIAN_POINT('',(-3.091997545696,-0.206357817955));
#16721 = CARTESIAN_POINT('',(-3.098729640973,-0.209944526655));
#16722 = CARTESIAN_POINT('',(-3.10561918298,-0.213010857249));
#16723 = CARTESIAN_POINT('',(-3.112643050854,-0.215541815654));
#16724 = CARTESIAN_POINT('',(-3.119776581554,-0.2175246394));
#16725 = CARTESIAN_POINT('',(-3.126993709793,-0.218949044703));
#16726 = CARTESIAN_POINT('',(-3.134267244815,-0.219807470956));
#16727 = CARTESIAN_POINT('',(-3.141568777887,-0.220095325083));
#16728 = CARTESIAN_POINT('',(-3.148870098116,-0.219811210319));
#16729 = CARTESIAN_POINT('',(-3.156143484829,-0.218956579798));
#16730 = CARTESIAN_POINT('',(-3.163360832288,-0.217535978871));
#16731 = CARTESIAN_POINT('',(-3.170495090029,-0.215556851966));
#16732 = CARTESIAN_POINT('',(-3.177520171684,-0.213029372024));
#16733 = CARTESIAN_POINT('',(-3.184411253033,-0.209966256371));
#16734 = CARTESIAN_POINT('',(-3.191144942888,-0.206382570138));
#16735 = CARTESIAN_POINT('',(-3.197699454966,-0.202295554537));
#16736 = CARTESIAN_POINT('',(-3.204055246893,-0.197723941885));
#16737 = CARTESIAN_POINT('',(-3.21019445715,-0.192688059774));
#16738 = CARTESIAN_POINT('',(-3.216101270842,-0.187209327221));
#16739 = CARTESIAN_POINT('',(-3.221761810393,-0.181310065566));
#16740 = CARTESIAN_POINT('',(-3.227164108979,-0.175013241761));
#16741 = CARTESIAN_POINT('',(-3.232298032962,-0.16834224576));
#16742 = CARTESIAN_POINT('',(-3.237155226368,-0.161320619949));
#16743 = CARTESIAN_POINT('',(-3.241728922669,-0.153971984297));
#16744 = CARTESIAN_POINT('',(-3.246014004018,-0.146319681578));
#16745 = CARTESIAN_POINT('',(-3.250006698567,-0.138386766513));
#16746 = CARTESIAN_POINT('',(-3.253704459212,-0.130195966883));
#16747 = CARTESIAN_POINT('',(-3.25710585206,-0.121769603948));
#16748 = CARTESIAN_POINT('',(-3.26021044242,-0.113129529552));
#16749 = CARTESIAN_POINT('',(-3.263018682875,-0.104297059872));
#16750 = CARTESIAN_POINT('',(-3.265531804486,-9.529292707171E-02));
#16751 = CARTESIAN_POINT('',(-3.26775170823,-8.613718210817E-02));
#16752 = CARTESIAN_POINT('',(-3.269680790754,-7.684970628484E-02));
#16753 = CARTESIAN_POINT('',(-3.271322024507,-6.744947535423E-02));
#16754 = CARTESIAN_POINT('',(-3.272678745171,-5.795507315209E-02));
#16755 = CARTESIAN_POINT('',(-3.273754628178,-4.838461432022E-02));
#16756 = CARTESIAN_POINT('',(-3.274553630589,-3.875578193726E-02));
#16757 = CARTESIAN_POINT('',(-3.275079945365,-2.90858380419E-02));
#16758 = CARTESIAN_POINT('',(-3.275337960262,-1.939163394961E-02));
#16759 = CARTESIAN_POINT('',(-3.275332205033,-9.689653950955E-03));
#16760 = CARTESIAN_POINT('',(-3.275155641242,-3.227171555434E-03));
#16761 = CARTESIAN_POINT('',(-3.27502495041,4.884981308351E-15));
#16762 = ( GEOMETRIC_REPRESENTATION_CONTEXT(2) 
PARAMETRIC_REPRESENTATION_CONTEXT() REPRESENTATION_CONTEXT('2D SPACE',''
  ) );
#16763 = ORIENTED_EDGE('',*,*,#16546,.F.);
#16764 = ADVANCED_FACE('',(#16765),#13322,.T.);
#16765 = FACE_BOUND('',#16766,.T.);
#16766 = EDGE_LOOP('',(#16767,#16788,#16789,#16790,#16791,#16792,#16793,
    #16794,#16795,#16796,#16797,#16798,#16799,#16800,#16801,#16802,
    #16803,#16804,#16805,#16806,#16807,#16808,#16809,#16810,#16811,
    #16812,#16813,#16814,#16815,#16816,#16817,#16818,#16819,#16820,
    #16821,#16822));
#16767 = ORIENTED_EDGE('',*,*,#16768,.F.);
#16768 = EDGE_CURVE('',#13269,#16769,#16771,.T.);
#16769 = VERTEX_POINT('',#16770);
#16770 = CARTESIAN_POINT('',(1.4,0.,5.1));
#16771 = SEAM_CURVE('',#16772,(#16776,#16782),.PCURVE_S1.);
#16772 = LINE('',#16773,#16774);
#16773 = CARTESIAN_POINT('',(1.65,0.,4.85));
#16774 = VECTOR('',#16775,1.);
#16775 = DIRECTION('',(-0.707106781187,0.,0.707106781187));
#16776 = PCURVE('',#13322,#16777);
#16777 = DEFINITIONAL_REPRESENTATION('',(#16778),#16781);
#16778 = B_SPLINE_CURVE_WITH_KNOTS('',1,(#16779,#16780),.UNSPECIFIED.,
  .F.,.F.,(2,2),(0.,0.353553390593),.PIECEWISE_BEZIER_KNOTS.);
#16779 = CARTESIAN_POINT('',(0.,0.));
#16780 = CARTESIAN_POINT('',(0.,-0.25));
#16781 = ( GEOMETRIC_REPRESENTATION_CONTEXT(2) 
PARAMETRIC_REPRESENTATION_CONTEXT() REPRESENTATION_CONTEXT('2D SPACE',''
  ) );
#16782 = PCURVE('',#13322,#16783);
#16783 = DEFINITIONAL_REPRESENTATION('',(#16784),#16787);
#16784 = B_SPLINE_CURVE_WITH_KNOTS('',1,(#16785,#16786),.UNSPECIFIED.,
  .F.,.F.,(2,2),(0.,0.353553390593),.PIECEWISE_BEZIER_KNOTS.);
#16785 = CARTESIAN_POINT('',(-6.28318530718,0.));
#16786 = CARTESIAN_POINT('',(-6.28318530718,-0.25));
#16787 = ( GEOMETRIC_REPRESENTATION_CONTEXT(2) 
PARAMETRIC_REPRESENTATION_CONTEXT() REPRESENTATION_CONTEXT('2D SPACE',''
  ) );
#16788 = ORIENTED_EDGE('',*,*,#13353,.F.);
#16789 = ORIENTED_EDGE('',*,*,#13404,.T.);
#16790 = ORIENTED_EDGE('',*,*,#13523,.F.);
#16791 = ORIENTED_EDGE('',*,*,#13768,.T.);
#16792 = ORIENTED_EDGE('',*,*,#13864,.F.);
#16793 = ORIENTED_EDGE('',*,*,#14132,.T.);
#16794 = ORIENTED_EDGE('',*,*,#14228,.F.);
#16795 = ORIENTED_EDGE('',*,*,#14526,.T.);
#16796 = ORIENTED_EDGE('',*,*,#14622,.F.);
#16797 = ORIENTED_EDGE('',*,*,#14935,.T.);
#16798 = ORIENTED_EDGE('',*,*,#15033,.T.);
#16799 = ORIENTED_EDGE('',*,*,#15462,.T.);
#16800 = ORIENTED_EDGE('',*,*,#15560,.T.);
#16801 = ORIENTED_EDGE('',*,*,#15994,.T.);
#16802 = ORIENTED_EDGE('',*,*,#16092,.T.);
#16803 = ORIENTED_EDGE('',*,*,#16474,.T.);
#16804 = ORIENTED_EDGE('',*,*,#16572,.T.);
#16805 = ORIENTED_EDGE('',*,*,#16522,.T.);
#16806 = ORIENTED_EDGE('',*,*,#16332,.T.);
#16807 = ORIENTED_EDGE('',*,*,#16042,.T.);
#16808 = ORIENTED_EDGE('',*,*,#15798,.T.);
#16809 = ORIENTED_EDGE('',*,*,#15510,.T.);
#16810 = ORIENTED_EDGE('',*,*,#15266,.T.);
#16811 = ORIENTED_EDGE('',*,*,#14983,.T.);
#16812 = ORIENTED_EDGE('',*,*,#14824,.F.);
#16813 = ORIENTED_EDGE('',*,*,#14574,.T.);
#16814 = ORIENTED_EDGE('',*,*,#14392,.F.);
#16815 = ORIENTED_EDGE('',*,*,#14180,.T.);
#16816 = ORIENTED_EDGE('',*,*,#13998,.F.);
#16817 = ORIENTED_EDGE('',*,*,#13816,.T.);
#16818 = ORIENTED_EDGE('',*,*,#13634,.F.);
#16819 = ORIENTED_EDGE('',*,*,#13452,.T.);
#16820 = ORIENTED_EDGE('',*,*,#13268,.F.);
#16821 = ORIENTED_EDGE('',*,*,#16768,.T.);
#16822 = ORIENTED_EDGE('',*,*,#16823,.F.);
#16823 = EDGE_CURVE('',#16769,#16769,#16824,.T.);
#16824 = SURFACE_CURVE('',#16825,(#16830,#16837),.PCURVE_S1.);
#16825 = CIRCLE('',#16826,1.4);
#16826 = AXIS2_PLACEMENT_3D('',#16827,#16828,#16829);
#16827 = CARTESIAN_POINT('',(0.,0.,5.1));
#16828 = DIRECTION('',(0.,0.,1.));
#16829 = DIRECTION('',(1.,0.,-0.));
#16830 = PCURVE('',#13322,#16831);
#16831 = DEFINITIONAL_REPRESENTATION('',(#16832),#16836);
#16832 = LINE('',#16833,#16834);
#16833 = CARTESIAN_POINT('',(-0.,-0.25));
#16834 = VECTOR('',#16835,1.);
#16835 = DIRECTION('',(-1.,-0.));
#16836 = ( GEOMETRIC_REPRESENTATION_CONTEXT(2) 
PARAMETRIC_REPRESENTATION_CONTEXT() REPRESENTATION_CONTEXT('2D SPACE',''
  ) );
#16837 = PCURVE('',#16838,#16843);
#16838 = PLANE('',#16839);
#16839 = AXIS2_PLACEMENT_3D('',#16840,#16841,#16842);
#16840 = CARTESIAN_POINT('',(0.,0.,5.1));
#16841 = DIRECTION('',(0.,0.,1.));
#16842 = DIRECTION('',(1.,0.,-0.));
#16843 = DEFINITIONAL_REPRESENTATION('',(#16844),#16848);
#16844 = CIRCLE('',#16845,1.4);
#16845 = AXIS2_PLACEMENT_2D('',#16846,#16847);
#16846 = CARTESIAN_POINT('',(0.,0.));
#16847 = DIRECTION('',(1.,0.));
#16848 = ( GEOMETRIC_REPRESENTATION_CONTEXT(2) 
PARAMETRIC_REPRESENTATION_CONTEXT() REPRESENTATION_CONTEXT('2D SPACE',''
  ) );
#16849 = ADVANCED_FACE('',(#16850),#16838,.T.);
#16850 = FACE_BOUND('',#16851,.T.);
#16851 = EDGE_LOOP('',(#16852));
#16852 = ORIENTED_EDGE('',*,*,#16823,.T.);
#16853 = ( GEOMETRIC_REPRESENTATION_CONTEXT(3) 
GLOBAL_UNCERTAINTY_ASSIGNED_CONTEXT((#16857)) 
GLOBAL_UNIT_ASSIGNED_CONTEXT((#16854,#16855,#16856)) 
REPRESENTATION_CONTEXT('Context #1',
  '3D Context with UNIT and UNCERTAINTY') );
#16854 = ( LENGTH_UNIT() NAMED_UNIT(*) SI_UNIT(.MILLI.,.METRE.) );
#16855 = ( NAMED_UNIT(*) PLANE_ANGLE_UNIT() SI_UNIT($,.RADIAN.) );
#16856 = ( NAMED_UNIT(*) SI_UNIT($,.STERADIAN.) SOLID_ANGLE_UNIT() );
#16857 = UNCERTAINTY_MEASURE_WITH_UNIT(LENGTH_MEASURE(1.E-07),#16854,
  'distance_accuracy_value','confusion accuracy');
#16858 = CONTEXT_DEPENDENT_SHAPE_REPRESENTATION(#16859,#16861);
#16859 = ( REPRESENTATION_RELATIONSHIP('','',#12192,#10) 
REPRESENTATION_RELATIONSHIP_WITH_TRANSFORMATION(#16860) 
SHAPE_REPRESENTATION_RELATIONSHIP() );
#16860 = ITEM_DEFINED_TRANSFORMATION('','',#11,#55);
#16861 = PRODUCT_DEFINITION_SHAPE('Placement','Placement of an item',
  #16862);
#16862 = NEXT_ASSEMBLY_USAGE_OCCURRENCE('11','crown','',#5,#12187,$);
#16863 = PRODUCT_RELATED_PRODUCT_CATEGORY('part',$,(#12189));
ENDSEC;
END-ISO-10303-21;
