ISO-10303-21;
HEADER;
FILE_DESCRIPTION(('Open CASCADE Model'),'2;1');
FILE_NAME('Open CASCADE Shape Model','2026-09-01T11:17:25',('Author'),(
    'Open CASCADE'),'Open CASCADE STEP processor 7.9','Open CASCADE 7.9'
  ,'Unknown');
FILE_SCHEMA(('AUTOMOTIVE_DESIGN { 1 0 10303 214 1 1 1 1 }'));
ENDSEC;
DATA;
#1 = APPLICATION_PROTOCOL_DEFINITION('international standard',
  'automotive_design',2000,#2);
#2 = APPLICATION_CONTEXT(
  'core data for automotive mechanical design processes');
#3 = SHAPE_DEFINITION_REPRESENTATION(#4,#10);
#4 = PRODUCT_DEFINITION_SHAPE('','',#5);
#5 = PRODUCT_DEFINITION('design','',#6,#9);
#6 = PRODUCT_DEFINITION_FORMATION('','',#7);
#7 = PRODUCT('Open CASCADE STEP translator 7.9 23',
  'Open CASCADE STEP translator 7.9 23','',(#8));
#8 = PRODUCT_CONTEXT('',#2,'mechanical');
#9 = PRODUCT_DEFINITION_CONTEXT('part definition',#2,'design');
#10 = ADVANCED_BREP_SHAPE_REPRESENTATION('',(#11,#15),#10374);
#11 = AXIS2_PLACEMENT_3D('',#12,#13,#14);
#12 = CARTESIAN_POINT('',(0.,0.,0.));
#13 = DIRECTION('',(0.,0.,1.));
#14 = DIRECTION('',(1.,0.,-0.));
#15 = MANIFOLD_SOLID_BREP('',#16);
#16 = CLOSED_SHELL('',(#17,#205,#545,#699,#753,#807,#928,#975,#1056,
    #1165,#1321,#1543,#1704,#1785,#2003,#2172,#2235,#2361,#2448,#2531,
    #2606,#2665,#2747,#2828,#2915,#2998,#3085,#3161,#3219,#3269,#3319,
    #3369,#3419,#3586,#5069,#5139,#5194,#5244,#5294,#5349,#5404,#5459,
    #5514,#5569,#5624,#5679,#5729,#5777,#5784,#5856,#5906,#5956,#6006,
    #6013,#6120,#6191,#6246,#6301,#6356,#6411,#6466,#6515,#6595,#6649,
    #6704,#6759,#6814,#6863,#6913,#6941,#7057,#7176,#7226,#7276,#7326,
    #7423,#7473,#7527,#7673,#7723,#7795,#7823,#7870,#7899,#7949,#8021,
    #8099,#8149,#8199,#8249,#8371,#8421,#8470,#8520,#8570,#8620,#8647,
    #8656,#8745,#8777,#8784,#8837,#8846,#8906,#9143,#9196,#9224,#9231,
    #9238,#9279,#9327,#9375,#9425,#9473,#9500,#9550,#9599,#9649,#9676,
    #9705,#9732,#9759,#9766,#9798,#9825,#9853,#9911,#9938,#9996,#10023,
    #10051,#10058,#10112,#10178,#10185,#10212,#10239,#10266,#10293,
    #10320,#10347));
#17 = ADVANCED_FACE('',(#18),#33,.T.);
#18 = FACE_BOUND('',#19,.T.);
#19 = EDGE_LOOP('',(#20,#56,#84,#113,#146,#174));
#20 = ORIENTED_EDGE('',*,*,#21,.F.);
#21 = EDGE_CURVE('',#22,#24,#26,.T.);
#22 = VERTEX_POINT('',#23);
#23 = CARTESIAN_POINT('',(-7.356398624145,1.400690153974,1.500247792129)
  );
#24 = VERTEX_POINT('',#25);
#25 = CARTESIAN_POINT('',(-6.76332944227,1.918238774275,1.500247792129)
  );
#26 = SURFACE_CURVE('',#27,(#32,#44),.PCURVE_S1.);
#27 = CIRCLE('',#28,0.5);
#28 = AXIS2_PLACEMENT_3D('',#29,#30,#31);
#29 = CARTESIAN_POINT('',(-6.857097112163,1.427109846108,1.500247792129)
  );
#30 = DIRECTION('',(6.12318272229E-17,-3.605340855893E-30,-1.));
#31 = DIRECTION('',(-0.657506099938,0.753449220946,-4.02602999094E-17));
#32 = PCURVE('',#33,#38);
#33 = PLANE('',#34);
#34 = AXIS2_PLACEMENT_3D('',#35,#36,#37);
#35 = CARTESIAN_POINT('',(-7.311870311144,-0.954865455504,1.500247792129
    ));
#36 = DIRECTION('',(6.12318272229E-17,-3.583545125319E-30,-1.));
#37 = DIRECTION('',(-2.22044604925E-16,1.,-3.597141322204E-30));
#38 = DEFINITIONAL_REPRESENTATION('',(#39),#43);
#39 = CIRCLE('',#40,0.5);
#40 = AXIS2_PLACEMENT_2D('',#41,#42);
#41 = CARTESIAN_POINT('',(2.381975301612,0.454773198981));
#42 = DIRECTION('',(0.753449220946,-0.657506099938));
#43 = ( GEOMETRIC_REPRESENTATION_CONTEXT(2) 
PARAMETRIC_REPRESENTATION_CONTEXT() REPRESENTATION_CONTEXT('2D SPACE',''
  ) );
#44 = PCURVE('',#45,#50);
#45 = CYLINDRICAL_SURFACE('',#46,0.5);
#46 = AXIS2_PLACEMENT_3D('',#47,#48,#49);
#47 = CARTESIAN_POINT('',(-6.857097112163,1.427109846108,2.000247792129)
  );
#48 = DIRECTION('',(6.12318272229E-17,-3.583545125319E-30,-1.));
#49 = DIRECTION('',(-0.657506099938,0.753449220946,-4.02602999094E-17));
#50 = DEFINITIONAL_REPRESENTATION('',(#51),#55);
#51 = LINE('',#52,#53);
#52 = CARTESIAN_POINT('',(-6.28318530718,0.5));
#53 = VECTOR('',#54,1.);
#54 = DIRECTION('',(1.,0.));
#55 = ( GEOMETRIC_REPRESENTATION_CONTEXT(2) 
PARAMETRIC_REPRESENTATION_CONTEXT() REPRESENTATION_CONTEXT('2D SPACE',''
  ) );
#56 = ORIENTED_EDGE('',*,*,#57,.F.);
#57 = EDGE_CURVE('',#58,#22,#60,.T.);
#58 = VERTEX_POINT('',#59);
#59 = CARTESIAN_POINT('',(-7.300543079226,0.345085195028,1.500247792129)
  );
#60 = SURFACE_CURVE('',#61,(#65,#72),.PCURVE_S1.);
#61 = LINE('',#62,#63);
#62 = CARTESIAN_POINT('',(-7.256196117035,-0.49302091011,1.500247792129)
  );
#63 = VECTOR('',#64,1.);
#64 = DIRECTION('',(-5.283938426837E-02,0.998603023964,
    -3.235452048089E-18));
#65 = PCURVE('',#33,#66);
#66 = DEFINITIONAL_REPRESENTATION('',(#67),#71);
#67 = LINE('',#68,#69);
#68 = CARTESIAN_POINT('',(0.461844545394,5.567419410866E-02));
#69 = VECTOR('',#70,1.);
#70 = DIRECTION('',(0.998603023964,-5.283938426836E-02));
#71 = ( GEOMETRIC_REPRESENTATION_CONTEXT(2) 
PARAMETRIC_REPRESENTATION_CONTEXT() REPRESENTATION_CONTEXT('2D SPACE',''
  ) );
#72 = PCURVE('',#73,#78);
#73 = PLANE('',#74);
#74 = AXIS2_PLACEMENT_3D('',#75,#76,#77);
#75 = CARTESIAN_POINT('',(-7.280410164844,-3.540351545703E-02,
    2.000247792129));
#76 = DIRECTION('',(-0.998603023964,-5.283938426837E-02,
    -6.114628782763E-17));
#77 = DIRECTION('',(-5.283938426837E-02,0.998603023964,
    -3.235452048089E-18));
#78 = DEFINITIONAL_REPRESENTATION('',(#79),#83);
#79 = LINE('',#80,#81);
#80 = CARTESIAN_POINT('',(-0.458257569496,0.5));
#81 = VECTOR('',#82,1.);
#82 = DIRECTION('',(1.,-1.54074395551E-33));
#83 = ( GEOMETRIC_REPRESENTATION_CONTEXT(2) 
PARAMETRIC_REPRESENTATION_CONTEXT() REPRESENTATION_CONTEXT('2D SPACE',''
  ) );
#84 = ORIENTED_EDGE('',*,*,#85,.F.);
#85 = EDGE_CURVE('',#86,#58,#88,.T.);
#86 = VERTEX_POINT('',#87);
#87 = CARTESIAN_POINT('',(-7.995259222863,0.151018623113,1.500247792129)
  );
#88 = SURFACE_CURVE('',#89,(#94,#101),.PCURVE_S1.);
#89 = CIRCLE('',#90,1.3);
#90 = AXIS2_PLACEMENT_3D('',#91,#92,#93);
#91 = CARTESIAN_POINT('',(-7.311870311144,-0.954865455504,1.500247792129
    ));
#92 = DIRECTION('',(6.12318272229E-17,-3.583545125319E-30,-1.));
#93 = DIRECTION('',(-1.,-2.22044604925E-16,-6.12318272229E-17));
#94 = PCURVE('',#33,#95);
#95 = DEFINITIONAL_REPRESENTATION('',(#96),#100);
#96 = CIRCLE('',#97,1.3);
#97 = AXIS2_PLACEMENT_2D('',#98,#99);
#98 = CARTESIAN_POINT('',(0.,0.));
#99 = DIRECTION('',(7.928682086825E-48,-1.));
#100 = ( GEOMETRIC_REPRESENTATION_CONTEXT(2) 
PARAMETRIC_REPRESENTATION_CONTEXT() REPRESENTATION_CONTEXT('2D SPACE',''
  ) );
#101 = PCURVE('',#102,#107);
#102 = CYLINDRICAL_SURFACE('',#103,1.3);
#103 = AXIS2_PLACEMENT_3D('',#104,#105,#106);
#104 = CARTESIAN_POINT('',(-7.311870311144,-0.954865455504,
    2.477921290868E-04));
#105 = DIRECTION('',(-6.12318272229E-17,3.583545125319E-30,1.));
#106 = DIRECTION('',(-1.,-2.22044604925E-16,-6.12318272229E-17));
#107 = DEFINITIONAL_REPRESENTATION('',(#108),#112);
#108 = LINE('',#109,#110);
#109 = CARTESIAN_POINT('',(6.28318530718,1.5));
#110 = VECTOR('',#111,1.);
#111 = DIRECTION('',(-1.,0.));
#112 = ( GEOMETRIC_REPRESENTATION_CONTEXT(2) 
PARAMETRIC_REPRESENTATION_CONTEXT() REPRESENTATION_CONTEXT('2D SPACE',''
  ) );
#113 = ORIENTED_EDGE('',*,*,#114,.F.);
#114 = EDGE_CURVE('',#115,#86,#117,.T.);
#115 = VERTEX_POINT('',#116);
#116 = CARTESIAN_POINT('',(-8.300116583305,0.310586758355,1.500247792129
    ));
#117 = SURFACE_CURVE('',#118,(#123,#134),.PCURVE_S1.);
#118 = CIRCLE('',#119,0.2);
#119 = AXIS2_PLACEMENT_3D('',#120,#121,#122);
#120 = CARTESIAN_POINT('',(-8.100395978512,0.321154635208,1.500247792129
    ));
#121 = DIRECTION('',(-6.12318272229E-17,3.568363000961E-30,1.));
#122 = DIRECTION('',(-0.463735473514,-0.885973707626,-2.839537039133E-17
    ));
#123 = PCURVE('',#33,#124);
#124 = DEFINITIONAL_REPRESENTATION('',(#125),#133);
#125 = ( BOUNDED_CURVE() B_SPLINE_CURVE(2,(#126,#127,#128,#129,#130,#131
,#132),.UNSPECIFIED.,.T.,.F.) B_SPLINE_CURVE_WITH_KNOTS((1,2,2,2,2,1),(
    -2.094395102393,0.,2.094395102393,4.188790204786,6.28318530718,
8.377580409573),.UNSPECIFIED.) CURVE() GEOMETRIC_REPRESENTATION_ITEM() 
RATIONAL_B_SPLINE_CURVE((1.,0.5,1.,0.5,1.,0.5,1.)) REPRESENTATION_ITEM(
  '') );
#126 = CARTESIAN_POINT('',(1.098825349187,-0.881272762071));
#127 = CARTESIAN_POINT('',(0.938182668907,-0.574362466915));
#128 = CARTESIAN_POINT('',(1.284296121335,-0.588696972439));
#129 = CARTESIAN_POINT('',(1.630409573763,-0.603031477963));
#130 = CARTESIAN_POINT('',(1.444938801615,-0.895607267595));
#131 = CARTESIAN_POINT('',(1.259468029467,-1.188183057227));
#132 = CARTESIAN_POINT('',(1.098825349187,-0.881272762071));
#133 = ( GEOMETRIC_REPRESENTATION_CONTEXT(2) 
PARAMETRIC_REPRESENTATION_CONTEXT() REPRESENTATION_CONTEXT('2D SPACE',''
  ) );
#134 = PCURVE('',#135,#140);
#135 = CYLINDRICAL_SURFACE('',#136,0.2);
#136 = AXIS2_PLACEMENT_3D('',#137,#138,#139);
#137 = CARTESIAN_POINT('',(-8.100395978512,0.321154635208,
    2.477921290867E-04));
#138 = DIRECTION('',(-6.12318272229E-17,3.583545125319E-30,1.));
#139 = DIRECTION('',(-0.463735473514,-0.885973707626,-2.839537039133E-17
    ));
#140 = DEFINITIONAL_REPRESENTATION('',(#141),#145);
#141 = LINE('',#142,#143);
#142 = CARTESIAN_POINT('',(1.7763568394E-15,1.5));
#143 = VECTOR('',#144,1.);
#144 = DIRECTION('',(1.,0.));
#145 = ( GEOMETRIC_REPRESENTATION_CONTEXT(2) 
PARAMETRIC_REPRESENTATION_CONTEXT() REPRESENTATION_CONTEXT('2D SPACE',''
  ) );
#146 = ORIENTED_EDGE('',*,*,#147,.F.);
#147 = EDGE_CURVE('',#148,#115,#150,.T.);
#148 = VERTEX_POINT('',#149);
#149 = CARTESIAN_POINT('',(-8.377296238933,1.76919265555,1.500247792129)
  );
#150 = SURFACE_CURVE('',#151,(#155,#162),.PCURVE_S1.);
#151 = LINE('',#152,#153);
#152 = CARTESIAN_POINT('',(-8.394958838923,2.102995291706,1.500247792129
    ));
#153 = VECTOR('',#154,1.);
#154 = DIRECTION('',(5.283938426836E-02,-0.998603023964,
    3.235452048089E-18));
#155 = PCURVE('',#33,#156);
#156 = DEFINITIONAL_REPRESENTATION('',(#157),#161);
#157 = LINE('',#158,#159);
#158 = CARTESIAN_POINT('',(3.05786074721,-1.083088527779));
#159 = VECTOR('',#160,1.);
#160 = DIRECTION('',(-0.998603023964,5.283938426836E-02));
#161 = ( GEOMETRIC_REPRESENTATION_CONTEXT(2) 
PARAMETRIC_REPRESENTATION_CONTEXT() REPRESENTATION_CONTEXT('2D SPACE',''
  ) );
#162 = PCURVE('',#163,#168);
#163 = PLANE('',#164);
#164 = AXIS2_PLACEMENT_3D('',#165,#166,#167);
#165 = CARTESIAN_POINT('',(-8.559332584655,5.209468272443,
    2.477921290867E-04));
#166 = DIRECTION('',(-0.998603023964,-5.283938426836E-02,
    -6.114628782763E-17));
#167 = DIRECTION('',(5.283938426836E-02,-0.998603023964,
    3.235452048089E-18));
#168 = DEFINITIONAL_REPRESENTATION('',(#169),#173);
#169 = LINE('',#170,#171);
#170 = CARTESIAN_POINT('',(3.110818719941,1.5));
#171 = VECTOR('',#172,1.);
#172 = DIRECTION('',(1.,-1.54074395551E-33));
#173 = ( GEOMETRIC_REPRESENTATION_CONTEXT(2) 
PARAMETRIC_REPRESENTATION_CONTEXT() REPRESENTATION_CONTEXT('2D SPACE',''
  ) );
#174 = ORIENTED_EDGE('',*,*,#175,.F.);
#175 = EDGE_CURVE('',#24,#148,#176,.T.);
#176 = SURFACE_CURVE('',#177,(#182,#193),.PCURVE_S1.);
#177 = CIRCLE('',#178,2.925);
#178 = AXIS2_PLACEMENT_3D('',#179,#180,#181);
#179 = CARTESIAN_POINT('',(-7.311870311144,-0.954865455504,
    1.500247792129));
#180 = DIRECTION('',(-6.12318272229E-17,3.583545125319E-30,1.));
#181 = DIRECTION('',(-1.,-2.22044604925E-16,-6.12318272229E-17));
#182 = PCURVE('',#33,#183);
#183 = DEFINITIONAL_REPRESENTATION('',(#184),#192);
#184 = ( BOUNDED_CURVE() B_SPLINE_CURVE(2,(#185,#186,#187,#188,#189,#190
,#191),.UNSPECIFIED.,.T.,.F.) B_SPLINE_CURVE_WITH_KNOTS((1,2,2,2,2,1),(
    -2.094395102393,0.,2.094395102393,4.188790204786,6.28318530718,
8.377580409573),.UNSPECIFIED.) CURVE() GEOMETRIC_REPRESENTATION_ITEM() 
RATIONAL_B_SPLINE_CURVE((1.,0.5,1.,0.5,1.,0.5,1.)) REPRESENTATION_ITEM(
  '') );
#185 = CARTESIAN_POINT('',(2.319139510396E-47,-2.925));
#186 = CARTESIAN_POINT('',(-5.066248612139,-2.925));
#187 = CARTESIAN_POINT('',(-2.533124306069,1.4625));
#188 = CARTESIAN_POINT('',(-7.164183775012E-16,5.85));
#189 = CARTESIAN_POINT('',(2.533124306069,1.4625));
#190 = CARTESIAN_POINT('',(5.066248612139,-2.925));
#191 = CARTESIAN_POINT('',(2.319139510396E-47,-2.925));
#192 = ( GEOMETRIC_REPRESENTATION_CONTEXT(2) 
PARAMETRIC_REPRESENTATION_CONTEXT() REPRESENTATION_CONTEXT('2D SPACE',''
  ) );
#193 = PCURVE('',#194,#199);
#194 = CYLINDRICAL_SURFACE('',#195,2.925);
#195 = AXIS2_PLACEMENT_3D('',#196,#197,#198);
#196 = CARTESIAN_POINT('',(-7.311870311144,-0.954865455504,
    2.000247792129));
#197 = DIRECTION('',(6.12318272229E-17,-3.583545125319E-30,-1.));
#198 = DIRECTION('',(-0.342416373449,-0.939548310197,-2.096678021729E-17
    ));
#199 = DEFINITIONAL_REPRESENTATION('',(#200),#204);
#200 = LINE('',#201,#202);
#201 = CARTESIAN_POINT('',(7.504494091912,0.5));
#202 = VECTOR('',#203,1.);
#203 = DIRECTION('',(-1.,0.));
#204 = ( GEOMETRIC_REPRESENTATION_CONTEXT(2) 
PARAMETRIC_REPRESENTATION_CONTEXT() REPRESENTATION_CONTEXT('2D SPACE',''
  ) );
#205 = ADVANCED_FACE('',(#206,#510),#221,.T.);
#206 = FACE_BOUND('',#207,.T.);
#207 = EDGE_LOOP('',(#208,#243,#266,#295,#323,#356,#384,#413,#446,#479)
  );
#208 = ORIENTED_EDGE('',*,*,#209,.T.);
#209 = EDGE_CURVE('',#210,#212,#214,.T.);
#210 = VERTEX_POINT('',#211);
#211 = CARTESIAN_POINT('',(-6.310302418807,1.793313351823,
    2.477921290868E-04));
#212 = VERTEX_POINT('',#213);
#213 = CARTESIAN_POINT('',(-8.377296238933,1.76919265555,
    2.477921290867E-04));
#214 = SURFACE_CURVE('',#215,(#220,#236),.PCURVE_S1.);
#215 = CIRCLE('',#216,2.925);
#216 = AXIS2_PLACEMENT_3D('',#217,#218,#219);
#217 = CARTESIAN_POINT('',(-7.311870311144,-0.954865455504,
    2.477921290868E-04));
#218 = DIRECTION('',(-6.12318272229E-17,3.583545125319E-30,1.));
#219 = DIRECTION('',(-1.,-2.22044604925E-16,-6.12318272229E-17));
#220 = PCURVE('',#221,#226);
#221 = PLANE('',#222);
#222 = AXIS2_PLACEMENT_3D('',#223,#224,#225);
#223 = CARTESIAN_POINT('',(-0.873167672093,-0.166284423009,
    2.477921290872E-04));
#224 = DIRECTION('',(6.12318272229E-17,-3.583545125319E-30,-1.));
#225 = DIRECTION('',(-2.22044604925E-16,1.,-3.597141322204E-30));
#226 = DEFINITIONAL_REPRESENTATION('',(#227),#235);
#227 = ( BOUNDED_CURVE() B_SPLINE_CURVE(2,(#228,#229,#230,#231,#232,#233
,#234),.UNSPECIFIED.,.T.,.F.) B_SPLINE_CURVE_WITH_KNOTS((1,2,2,2,2,1),(
    -2.094395102393,0.,2.094395102393,4.188790204786,6.28318530718,
8.377580409573),.UNSPECIFIED.) CURVE() GEOMETRIC_REPRESENTATION_ITEM() 
RATIONAL_B_SPLINE_CURVE((1.,0.5,1.,0.5,1.,0.5,1.)) REPRESENTATION_ITEM(
  '') );
#228 = CARTESIAN_POINT('',(-0.788581032495,-9.363702639051));
#229 = CARTESIAN_POINT('',(-5.854829644633,-9.363702639051));
#230 = CARTESIAN_POINT('',(-3.321705338564,-4.976202639051));
#231 = CARTESIAN_POINT('',(-0.788581032495,-0.588702639051));
#232 = CARTESIAN_POINT('',(1.744543273575,-4.976202639051));
#233 = CARTESIAN_POINT('',(4.277667579644,-9.363702639051));
#234 = CARTESIAN_POINT('',(-0.788581032495,-9.363702639051));
#235 = ( GEOMETRIC_REPRESENTATION_CONTEXT(2) 
PARAMETRIC_REPRESENTATION_CONTEXT() REPRESENTATION_CONTEXT('2D SPACE',''
  ) );
#236 = PCURVE('',#194,#237);
#237 = DEFINITIONAL_REPRESENTATION('',(#238),#242);
#238 = LINE('',#239,#240);
#239 = CARTESIAN_POINT('',(7.504494091912,2.));
#240 = VECTOR('',#241,1.);
#241 = DIRECTION('',(-1.,0.));
#242 = ( GEOMETRIC_REPRESENTATION_CONTEXT(2) 
PARAMETRIC_REPRESENTATION_CONTEXT() REPRESENTATION_CONTEXT('2D SPACE',''
  ) );
#243 = ORIENTED_EDGE('',*,*,#244,.T.);
#244 = EDGE_CURVE('',#212,#245,#247,.T.);
#245 = VERTEX_POINT('',#246);
#246 = CARTESIAN_POINT('',(-8.559332584655,5.209468272443,
    2.477921290867E-04));
#247 = SURFACE_CURVE('',#248,(#252,#259),.PCURVE_S1.);
#248 = LINE('',#249,#250);
#249 = CARTESIAN_POINT('',(-8.230585093191,-1.003477689031,
    2.477921290867E-04));
#250 = VECTOR('',#251,1.);
#251 = DIRECTION('',(-5.283938426836E-02,0.998603023964,
    -3.235452048089E-18));
#252 = PCURVE('',#221,#253);
#253 = DEFINITIONAL_REPRESENTATION('',(#254),#258);
#254 = LINE('',#255,#256);
#255 = CARTESIAN_POINT('',(-0.837193266021,-7.357417421098));
#256 = VECTOR('',#257,1.);
#257 = DIRECTION('',(0.998603023964,-5.283938426836E-02));
#258 = ( GEOMETRIC_REPRESENTATION_CONTEXT(2) 
PARAMETRIC_REPRESENTATION_CONTEXT() REPRESENTATION_CONTEXT('2D SPACE',''
  ) );
#259 = PCURVE('',#163,#260);
#260 = DEFINITIONAL_REPRESENTATION('',(#261),#265);
#261 = LINE('',#262,#263);
#262 = CARTESIAN_POINT('',(6.221637439882,-2.64435396627E-18));
#263 = VECTOR('',#264,1.);
#264 = DIRECTION('',(-1.,1.54074395551E-33));
#265 = ( GEOMETRIC_REPRESENTATION_CONTEXT(2) 
PARAMETRIC_REPRESENTATION_CONTEXT() REPRESENTATION_CONTEXT('2D SPACE',''
  ) );
#266 = ORIENTED_EDGE('',*,*,#267,.T.);
#267 = EDGE_CURVE('',#245,#268,#270,.T.);
#268 = VERTEX_POINT('',#269);
#269 = CARTESIAN_POINT('',(-1.249766583468,5.855437931387,
    2.477921290872E-04));
#270 = SURFACE_CURVE('',#271,(#276,#283),.PCURVE_S1.);
#271 = CIRCLE('',#272,14.9);
#272 = AXIS2_PLACEMENT_3D('',#273,#274,#275);
#273 = CARTESIAN_POINT('',(-3.633289234841,-8.852682946903,
    2.47792129087E-04));
#274 = DIRECTION('',(6.12318272229E-17,-3.571444488872E-30,-1.));
#275 = DIRECTION('',(-0.330606936229,0.943768538211,-2.024366679788E-17)
  );
#276 = PCURVE('',#221,#277);
#277 = DEFINITIONAL_REPRESENTATION('',(#278),#282);
#278 = CIRCLE('',#279,14.9);
#279 = AXIS2_PLACEMENT_2D('',#280,#281);
#280 = CARTESIAN_POINT('',(-8.686398523894,-2.760121562748));
#281 = DIRECTION('',(0.943768538211,-0.330606936229));
#282 = ( GEOMETRIC_REPRESENTATION_CONTEXT(2) 
PARAMETRIC_REPRESENTATION_CONTEXT() REPRESENTATION_CONTEXT('2D SPACE',''
  ) );
#283 = PCURVE('',#284,#289);
#284 = CYLINDRICAL_SURFACE('',#285,14.9);
#285 = AXIS2_PLACEMENT_3D('',#286,#287,#288);
#286 = CARTESIAN_POINT('',(-3.633289234841,-8.852682946903,
    2.47792129087E-04));
#287 = DIRECTION('',(-6.12318272229E-17,3.583545125319E-30,1.));
#288 = DIRECTION('',(-0.330606936229,0.943768538211,-2.024366679788E-17)
  );
#289 = DEFINITIONAL_REPRESENTATION('',(#290),#294);
#290 = LINE('',#291,#292);
#291 = CARTESIAN_POINT('',(6.28318530718,0.));
#292 = VECTOR('',#293,1.);
#293 = DIRECTION('',(-1.,0.));
#294 = ( GEOMETRIC_REPRESENTATION_CONTEXT(2) 
PARAMETRIC_REPRESENTATION_CONTEXT() REPRESENTATION_CONTEXT('2D SPACE',''
  ) );
#295 = ORIENTED_EDGE('',*,*,#296,.T.);
#296 = EDGE_CURVE('',#268,#297,#299,.T.);
#297 = VERTEX_POINT('',#298);
#298 = CARTESIAN_POINT('',(-1.383650492278,5.029273886626,
    2.477921290871E-04));
#299 = SURFACE_CURVE('',#300,(#304,#311),.PCURVE_S1.);
#300 = LINE('',#301,#302);
#301 = CARTESIAN_POINT('',(-1.674694955969,3.233311448233,
    2.477921290871E-04));
#302 = VECTOR('',#303,1.);
#303 = DIRECTION('',(-0.159967963179,-0.987122206597,-9.795130682596E-18
    ));
#304 = PCURVE('',#221,#305);
#305 = DEFINITIONAL_REPRESENTATION('',(#306),#310);
#306 = LINE('',#307,#308);
#307 = CARTESIAN_POINT('',(3.399595871243,-0.801527283876));
#308 = VECTOR('',#309,1.);
#309 = DIRECTION('',(-0.987122206597,-0.159967963179));
#310 = ( GEOMETRIC_REPRESENTATION_CONTEXT(2) 
PARAMETRIC_REPRESENTATION_CONTEXT() REPRESENTATION_CONTEXT('2D SPACE',''
  ) );
#311 = PCURVE('',#312,#317);
#312 = PLANE('',#313);
#313 = AXIS2_PLACEMENT_3D('',#314,#315,#316);
#314 = CARTESIAN_POINT('',(-1.158382695396,6.419345000328,
    2.477921290872E-04));
#315 = DIRECTION('',(-0.987122206597,0.159967963179,-6.044329640222E-17)
  );
#316 = DIRECTION('',(-0.159967963179,-0.987122206597,-9.795130682596E-18
    ));
#317 = DEFINITIONAL_REPRESENTATION('',(#318),#322);
#318 = LINE('',#319,#320);
#319 = CARTESIAN_POINT('',(3.227597890924,-2.751845755317E-17));
#320 = VECTOR('',#321,1.);
#321 = DIRECTION('',(1.,-3.08148791102E-33));
#322 = ( GEOMETRIC_REPRESENTATION_CONTEXT(2) 
PARAMETRIC_REPRESENTATION_CONTEXT() REPRESENTATION_CONTEXT('2D SPACE',''
  ) );
#323 = ORIENTED_EDGE('',*,*,#324,.T.);
#324 = EDGE_CURVE('',#297,#325,#327,.T.);
#325 = VERTEX_POINT('',#326);
#326 = CARTESIAN_POINT('',(0.595995351301,4.55935462721,
    2.477921290873E-04));
#327 = SURFACE_CURVE('',#328,(#333,#344),.PCURVE_S1.);
#328 = CIRCLE('',#329,1.02);
#329 = AXIS2_PLACEMENT_3D('',#330,#331,#332);
#330 = CARTESIAN_POINT('',(-0.37678584155,4.866106564183,
    2.477921290872E-04));
#331 = DIRECTION('',(-6.12318272229E-17,3.577607464694E-30,1.));
#332 = DIRECTION('',(0.953707051814,-0.300737193111,5.839722541795E-17)
  );
#333 = PCURVE('',#221,#334);
#334 = DEFINITIONAL_REPRESENTATION('',(#335),#343);
#335 = ( BOUNDED_CURVE() B_SPLINE_CURVE(2,(#336,#337,#338,#339,#340,#341
,#342),.UNSPECIFIED.,.T.,.F.) B_SPLINE_CURVE_WITH_KNOTS((1,2,2,2,2,1),(
    -2.094395102393,0.,2.094395102393,4.188790204786,6.28318530718,
8.377580409573),.UNSPECIFIED.) CURVE() GEOMETRIC_REPRESENTATION_ITEM() 
RATIONAL_B_SPLINE_CURVE((1.,0.5,1.,0.5,1.,0.5,1.)) REPRESENTATION_ITEM(
  '') );
#336 = CARTESIAN_POINT('',(4.72563905022,1.469163023394));
#337 = CARTESIAN_POINT('',(6.410545500884,2.000472963551));
#338 = CARTESIAN_POINT('',(6.028220181011,0.275646204197));
#339 = CARTESIAN_POINT('',(5.645894861138,-1.449180555157));
#340 = CARTESIAN_POINT('',(4.343313730347,-0.25566373596));
#341 = CARTESIAN_POINT('',(3.040732599555,0.937853083237));
#342 = CARTESIAN_POINT('',(4.72563905022,1.469163023394));
#343 = ( GEOMETRIC_REPRESENTATION_CONTEXT(2) 
PARAMETRIC_REPRESENTATION_CONTEXT() REPRESENTATION_CONTEXT('2D SPACE',''
  ) );
#344 = PCURVE('',#345,#350);
#345 = CYLINDRICAL_SURFACE('',#346,1.02);
#346 = AXIS2_PLACEMENT_3D('',#347,#348,#349);
#347 = CARTESIAN_POINT('',(-0.37678584155,4.866106564183,
    2.477921290872E-04));
#348 = DIRECTION('',(-6.12318272229E-17,3.583545125319E-30,1.));
#349 = DIRECTION('',(0.953707051814,-0.300737193111,5.839722541795E-17)
  );
#350 = DEFINITIONAL_REPRESENTATION('',(#351),#355);
#351 = LINE('',#352,#353);
#352 = CARTESIAN_POINT('',(4.440892098501E-16,0.));
#353 = VECTOR('',#354,1.);
#354 = DIRECTION('',(1.,0.));
#355 = ( GEOMETRIC_REPRESENTATION_CONTEXT(2) 
PARAMETRIC_REPRESENTATION_CONTEXT() REPRESENTATION_CONTEXT('2D SPACE',''
  ) );
#356 = ORIENTED_EDGE('',*,*,#357,.T.);
#357 = EDGE_CURVE('',#325,#358,#360,.T.);
#358 = VERTEX_POINT('',#359);
#359 = CARTESIAN_POINT('',(0.847694942506,5.357552125127,
    2.477921290873E-04));
#360 = SURFACE_CURVE('',#361,(#365,#372),.PCURVE_S1.);
#361 = LINE('',#362,#363);
#362 = CARTESIAN_POINT('',(-0.148134812705,2.199546126175,
    2.477921290872E-04));
#363 = VECTOR('',#364,1.);
#364 = DIRECTION('',(0.300737193111,0.953707051814,1.841468784804E-17));
#365 = PCURVE('',#221,#366);
#366 = DEFINITIONAL_REPRESENTATION('',(#367),#371);
#367 = LINE('',#368,#369);
#368 = CARTESIAN_POINT('',(2.365830549185,0.725032859388));
#369 = VECTOR('',#370,1.);
#370 = DIRECTION('',(0.953707051814,0.300737193111));
#371 = ( GEOMETRIC_REPRESENTATION_CONTEXT(2) 
PARAMETRIC_REPRESENTATION_CONTEXT() REPRESENTATION_CONTEXT('2D SPACE',''
  ) );
#372 = PCURVE('',#373,#378);
#373 = PLANE('',#374);
#374 = AXIS2_PLACEMENT_3D('',#375,#376,#377);
#375 = CARTESIAN_POINT('',(0.595995351301,4.55935462721,
    2.477921290873E-04));
#376 = DIRECTION('',(0.953707051814,-0.300737193111,5.839722541795E-17)
  );
#377 = DIRECTION('',(0.300737193111,0.953707051814,1.841468784804E-17));
#378 = DEFINITIONAL_REPRESENTATION('',(#379),#383);
#379 = LINE('',#380,#381);
#380 = CARTESIAN_POINT('',(-2.4743536252,-8.64333618316E-18));
#381 = VECTOR('',#382,1.);
#382 = DIRECTION('',(1.,-6.162975822039E-33));
#383 = ( GEOMETRIC_REPRESENTATION_CONTEXT(2) 
PARAMETRIC_REPRESENTATION_CONTEXT() REPRESENTATION_CONTEXT('2D SPACE',''
  ) );
#384 = ORIENTED_EDGE('',*,*,#385,.T.);
#385 = EDGE_CURVE('',#358,#386,#388,.T.);
#386 = VERTEX_POINT('',#387);
#387 = CARTESIAN_POINT('',(2.773001559214,4.599805234174,
    2.477921290874E-04));
#388 = SURFACE_CURVE('',#389,(#394,#401),.PCURVE_S1.);
#389 = CIRCLE('',#390,14.9);
#390 = AXIS2_PLACEMENT_3D('',#391,#392,#393);
#391 = CARTESIAN_POINT('',(-3.633289234841,-8.852682946903,
    2.47792129087E-04));
#392 = DIRECTION('',(6.12318272229E-17,-3.571444488872E-30,-1.));
#393 = DIRECTION('',(-0.330606936229,0.943768538211,-2.024366679788E-17)
  );
#394 = PCURVE('',#221,#395);
#395 = DEFINITIONAL_REPRESENTATION('',(#396),#400);
#396 = CIRCLE('',#397,14.9);
#397 = AXIS2_PLACEMENT_2D('',#398,#399);
#398 = CARTESIAN_POINT('',(-8.686398523894,-2.760121562748));
#399 = DIRECTION('',(0.943768538211,-0.330606936229));
#400 = ( GEOMETRIC_REPRESENTATION_CONTEXT(2) 
PARAMETRIC_REPRESENTATION_CONTEXT() REPRESENTATION_CONTEXT('2D SPACE',''
  ) );
#401 = PCURVE('',#402,#407);
#402 = CYLINDRICAL_SURFACE('',#403,14.9);
#403 = AXIS2_PLACEMENT_3D('',#404,#405,#406);
#404 = CARTESIAN_POINT('',(-3.633289234841,-8.852682946903,
    2.47792129087E-04));
#405 = DIRECTION('',(-6.12318272229E-17,3.583545125319E-30,1.));
#406 = DIRECTION('',(-0.330606936229,0.943768538211,-2.024366679788E-17)
  );
#407 = DEFINITIONAL_REPRESENTATION('',(#408),#412);
#408 = LINE('',#409,#410);
#409 = CARTESIAN_POINT('',(6.28318530718,0.));
#410 = VECTOR('',#411,1.);
#411 = DIRECTION('',(-1.,0.));
#412 = ( GEOMETRIC_REPRESENTATION_CONTEXT(2) 
PARAMETRIC_REPRESENTATION_CONTEXT() REPRESENTATION_CONTEXT('2D SPACE',''
  ) );
#413 = ORIENTED_EDGE('',*,*,#414,.T.);
#414 = EDGE_CURVE('',#386,#415,#417,.T.);
#415 = VERTEX_POINT('',#416);
#416 = CARTESIAN_POINT('',(1.992050937281,3.310414504502,
    2.477921290873E-04));
#417 = SURFACE_CURVE('',#418,(#423,#434),.PCURVE_S1.);
#418 = CIRCLE('',#419,2.5);
#419 = AXIS2_PLACEMENT_3D('',#420,#421,#422);
#420 = CARTESIAN_POINT('',(4.421387397131,2.720224395436,
    2.477921290875E-04));
#421 = DIRECTION('',(-6.12318272229E-17,3.583545125319E-30,1.));
#422 = DIRECTION('',(-1.,-2.22044604925E-16,-6.12318272229E-17));
#423 = PCURVE('',#221,#424);
#424 = DEFINITIONAL_REPRESENTATION('',(#425),#433);
#425 = ( BOUNDED_CURVE() B_SPLINE_CURVE(2,(#426,#427,#428,#429,#430,#431
,#432),.UNSPECIFIED.,.T.,.F.) B_SPLINE_CURVE_WITH_KNOTS((1,2,2,2,2,1),(
    -2.094395102393,0.,2.094395102393,4.188790204786,6.28318530718,
8.377580409573),.UNSPECIFIED.) CURVE() GEOMETRIC_REPRESENTATION_ITEM() 
RATIONAL_B_SPLINE_CURVE((1.,0.5,1.,0.5,1.,0.5,1.)) REPRESENTATION_ITEM(
  '') );
#426 = CARTESIAN_POINT('',(2.886508818445,2.794555069225));
#427 = CARTESIAN_POINT('',(-1.443618200477,2.794555069225));
#428 = CARTESIAN_POINT('',(0.721445308984,6.544555069225));
#429 = CARTESIAN_POINT('',(2.886508818445,10.294555069225));
#430 = CARTESIAN_POINT('',(5.051572327906,6.544555069225));
#431 = CARTESIAN_POINT('',(7.216635837367,2.794555069225));
#432 = CARTESIAN_POINT('',(2.886508818445,2.794555069225));
#433 = ( GEOMETRIC_REPRESENTATION_CONTEXT(2) 
PARAMETRIC_REPRESENTATION_CONTEXT() REPRESENTATION_CONTEXT('2D SPACE',''
  ) );
#434 = PCURVE('',#435,#440);
#435 = CYLINDRICAL_SURFACE('',#436,2.5);
#436 = AXIS2_PLACEMENT_3D('',#437,#438,#439);
#437 = CARTESIAN_POINT('',(4.421387397131,2.720224395436,
    2.477921290875E-04));
#438 = DIRECTION('',(-6.12318272229E-17,3.583545125319E-30,1.));
#439 = DIRECTION('',(-1.,-2.22044604925E-16,-6.12318272229E-17));
#440 = DEFINITIONAL_REPRESENTATION('',(#441),#445);
#441 = LINE('',#442,#443);
#442 = CARTESIAN_POINT('',(0.,0.));
#443 = VECTOR('',#444,1.);
#444 = DIRECTION('',(1.,0.));
#445 = ( GEOMETRIC_REPRESENTATION_CONTEXT(2) 
PARAMETRIC_REPRESENTATION_CONTEXT() REPRESENTATION_CONTEXT('2D SPACE',''
  ) );
#446 = ORIENTED_EDGE('',*,*,#447,.T.);
#447 = EDGE_CURVE('',#415,#448,#450,.T.);
#448 = VERTEX_POINT('',#449);
#449 = CARTESIAN_POINT('',(-1.893162967111,2.484929459048,
    2.477921290871E-04));
#450 = SURFACE_CURVE('',#451,(#456,#467),.PCURVE_S1.);
#451 = CIRCLE('',#452,4.206);
#452 = AXIS2_PLACEMENT_3D('',#453,#454,#455);
#453 = CARTESIAN_POINT('',(0.819993019216,-0.728981024127,
    2.477921290873E-04));
#454 = DIRECTION('',(-6.12318272229E-17,3.574525976783E-30,1.));
#455 = DIRECTION('',(-0.960908268694,-0.276866934024,-5.883816908572E-17
    ));
#456 = PCURVE('',#221,#457);
#457 = DEFINITIONAL_REPRESENTATION('',(#458),#466);
#458 = ( BOUNDED_CURVE() B_SPLINE_CURVE(2,(#459,#460,#461,#462,#463,#464
,#465),.UNSPECIFIED.,.T.,.F.) B_SPLINE_CURVE_WITH_KNOTS((1,2,2,2,2,1),(
    -2.094395102393,0.,2.094395102393,4.188790204786,6.28318530718,
8.377580409573),.UNSPECIFIED.) CURVE() GEOMETRIC_REPRESENTATION_ITEM() 
RATIONAL_B_SPLINE_CURVE((1.,0.5,1.,0.5,1.,0.5,1.)) REPRESENTATION_ITEM(
  '') );
#459 = CARTESIAN_POINT('',(-1.727198925622,-2.348419486817));
#460 = CARTESIAN_POINT('',(-8.727421137,-0.331442295243));
#461 = CARTESIAN_POINT('',(-3.480556544554,4.722439376159));
#462 = CARTESIAN_POINT('',(1.766308047891,9.776321047562));
#463 = CARTESIAN_POINT('',(3.519665666824,2.705462184586));
#464 = CARTESIAN_POINT('',(5.273023285757,-4.36539667839));
#465 = CARTESIAN_POINT('',(-1.727198925622,-2.348419486817));
#466 = ( GEOMETRIC_REPRESENTATION_CONTEXT(2) 
PARAMETRIC_REPRESENTATION_CONTEXT() REPRESENTATION_CONTEXT('2D SPACE',''
  ) );
#467 = PCURVE('',#468,#473);
#468 = CYLINDRICAL_SURFACE('',#469,4.206);
#469 = AXIS2_PLACEMENT_3D('',#470,#471,#472);
#470 = CARTESIAN_POINT('',(0.819993019216,-0.728981024127,2.000247792129
    ));
#471 = DIRECTION('',(6.12318272229E-17,-3.583545125319E-30,-1.));
#472 = DIRECTION('',(0.117439520371,0.993080036581,7.191036420524E-18));
#473 = DEFINITIONAL_REPRESENTATION('',(#474),#478);
#474 = LINE('',#475,#476);
#475 = CARTESIAN_POINT('',(4.31414577071,2.));
#476 = VECTOR('',#477,1.);
#477 = DIRECTION('',(-1.,0.));
#478 = ( GEOMETRIC_REPRESENTATION_CONTEXT(2) 
PARAMETRIC_REPRESENTATION_CONTEXT() REPRESENTATION_CONTEXT('2D SPACE',''
  ) );
#479 = ORIENTED_EDGE('',*,*,#480,.T.);
#480 = EDGE_CURVE('',#448,#210,#481,.T.);
#481 = SURFACE_CURVE('',#482,(#487,#498),.PCURVE_S1.);
#482 = CIRCLE('',#483,3.764);
#483 = AXIS2_PLACEMENT_3D('',#484,#485,#486);
#484 = CARTESIAN_POINT('',(-3.633289234841,-0.852682946903,
    2.47792129087E-04));
#485 = DIRECTION('',(-6.12318272229E-17,3.583545125319E-30,1.));
#486 = DIRECTION('',(-1.,-2.22044604925E-16,-6.12318272229E-17));
#487 = PCURVE('',#221,#488);
#488 = DEFINITIONAL_REPRESENTATION('',(#489),#497);
#489 = ( BOUNDED_CURVE() B_SPLINE_CURVE(2,(#490,#491,#492,#493,#494,#495
,#496),.UNSPECIFIED.,.T.,.F.) B_SPLINE_CURVE_WITH_KNOTS((1,2,2,2,2,1),(
    -2.094395102393,0.,2.094395102393,4.188790204786,6.28318530718,
8.377580409573),.UNSPECIFIED.) CURVE() GEOMETRIC_REPRESENTATION_ITEM() 
RATIONAL_B_SPLINE_CURVE((1.,0.5,1.,0.5,1.,0.5,1.)) REPRESENTATION_ITEM(
  '') );
#490 = CARTESIAN_POINT('',(-0.686398523894,-6.524121562748));
#491 = CARTESIAN_POINT('',(-7.205837763583,-6.524121562748));
#492 = CARTESIAN_POINT('',(-3.946118143738,-0.878121562748));
#493 = CARTESIAN_POINT('',(-0.686398523894,4.767878437252));
#494 = CARTESIAN_POINT('',(2.573321095951,-0.878121562748));
#495 = CARTESIAN_POINT('',(5.833040715796,-6.524121562748));
#496 = CARTESIAN_POINT('',(-0.686398523894,-6.524121562748));
#497 = ( GEOMETRIC_REPRESENTATION_CONTEXT(2) 
PARAMETRIC_REPRESENTATION_CONTEXT() REPRESENTATION_CONTEXT('2D SPACE',''
  ) );
#498 = PCURVE('',#499,#504);
#499 = CYLINDRICAL_SURFACE('',#500,3.764);
#500 = AXIS2_PLACEMENT_3D('',#501,#502,#503);
#501 = CARTESIAN_POINT('',(-3.633289234841,-0.852682946903,
    2.47792129087E-04));
#502 = DIRECTION('',(-6.12318272229E-17,3.583545125319E-30,1.));
#503 = DIRECTION('',(-1.,-2.22044604925E-16,-6.12318272229E-17));
#504 = DEFINITIONAL_REPRESENTATION('',(#505),#509);
#505 = LINE('',#506,#507);
#506 = CARTESIAN_POINT('',(-8.881784197001E-16,0.));
#507 = VECTOR('',#508,1.);
#508 = DIRECTION('',(1.,0.));
#509 = ( GEOMETRIC_REPRESENTATION_CONTEXT(2) 
PARAMETRIC_REPRESENTATION_CONTEXT() REPRESENTATION_CONTEXT('2D SPACE',''
  ) );
#510 = FACE_BOUND('',#511,.T.);
#511 = EDGE_LOOP('',(#512));
#512 = ORIENTED_EDGE('',*,*,#513,.T.);
#513 = EDGE_CURVE('',#514,#514,#516,.T.);
#514 = VERTEX_POINT('',#515);
#515 = CARTESIAN_POINT('',(-7.916370311144,4.344212190404,
    2.477921290867E-04));
#516 = SURFACE_CURVE('',#517,(#522,#533),.PCURVE_S1.);
#517 = CIRCLE('',#518,0.6045);
#518 = AXIS2_PLACEMENT_3D('',#519,#520,#521);
#519 = CARTESIAN_POINT('',(-7.311870311144,4.344212190404,
    2.477921290868E-04));
#520 = DIRECTION('',(-6.12318272229E-17,3.583545125319E-30,1.));
#521 = DIRECTION('',(1.,2.22044604925E-16,6.12318272229E-17));
#522 = PCURVE('',#221,#523);
#523 = DEFINITIONAL_REPRESENTATION('',(#524),#532);
#524 = ( BOUNDED_CURVE() B_SPLINE_CURVE(2,(#525,#526,#527,#528,#529,#530
,#531),.UNSPECIFIED.,.T.,.F.) B_SPLINE_CURVE_WITH_KNOTS((1,2,2,2,2,1),(
    -2.094395102393,0.,2.094395102393,4.188790204786,6.28318530718,
8.377580409573),.UNSPECIFIED.) CURVE() GEOMETRIC_REPRESENTATION_ITEM() 
RATIONAL_B_SPLINE_CURVE((1.,0.5,1.,0.5,1.,0.5,1.)) REPRESENTATION_ITEM(
  '') );
#525 = CARTESIAN_POINT('',(4.510496613413,-5.834202639051));
#526 = CARTESIAN_POINT('',(5.557521326588,-5.834202639051));
#527 = CARTESIAN_POINT('',(5.034008970001,-6.740952639051));
#528 = CARTESIAN_POINT('',(4.510496613413,-7.647702639051));
#529 = CARTESIAN_POINT('',(3.986984256825,-6.740952639051));
#530 = CARTESIAN_POINT('',(3.463471900238,-5.834202639051));
#531 = CARTESIAN_POINT('',(4.510496613413,-5.834202639051));
#532 = ( GEOMETRIC_REPRESENTATION_CONTEXT(2) 
PARAMETRIC_REPRESENTATION_CONTEXT() REPRESENTATION_CONTEXT('2D SPACE',''
  ) );
#533 = PCURVE('',#534,#539);
#534 = CYLINDRICAL_SURFACE('',#535,0.6045);
#535 = AXIS2_PLACEMENT_3D('',#536,#537,#538);
#536 = CARTESIAN_POINT('',(-7.311870311144,4.344212190404,
    2.477921290868E-04));
#537 = DIRECTION('',(-6.12318272229E-17,3.583545125319E-30,1.));
#538 = DIRECTION('',(1.,2.22044604925E-16,6.12318272229E-17));
#539 = DEFINITIONAL_REPRESENTATION('',(#540),#544);
#540 = LINE('',#541,#542);
#541 = CARTESIAN_POINT('',(0.,0.));
#542 = VECTOR('',#543,1.);
#543 = DIRECTION('',(1.,0.));
#544 = ( GEOMETRIC_REPRESENTATION_CONTEXT(2) 
PARAMETRIC_REPRESENTATION_CONTEXT() REPRESENTATION_CONTEXT('2D SPACE',''
  ) );
#545 = ADVANCED_FACE('',(#546),#163,.T.);
#546 = FACE_BOUND('',#547,.T.);
#547 = EDGE_LOOP('',(#548,#569,#570,#593,#621,#649,#677,#698));
#548 = ORIENTED_EDGE('',*,*,#549,.T.);
#549 = EDGE_CURVE('',#212,#148,#550,.T.);
#550 = SURFACE_CURVE('',#551,(#555,#562),.PCURVE_S1.);
#551 = LINE('',#552,#553);
#552 = CARTESIAN_POINT('',(-8.377296238933,1.76919265555,
    2.477921290867E-04));
#553 = VECTOR('',#554,1.);
#554 = DIRECTION('',(-6.12318272229E-17,3.583545125319E-30,1.));
#555 = PCURVE('',#163,#556);
#556 = DEFINITIONAL_REPRESENTATION('',(#557),#561);
#557 = LINE('',#558,#559);
#558 = CARTESIAN_POINT('',(3.445088322722,2.927377039842E-17));
#559 = VECTOR('',#560,1.);
#560 = DIRECTION('',(-1.54074395551E-33,1.));
#561 = ( GEOMETRIC_REPRESENTATION_CONTEXT(2) 
PARAMETRIC_REPRESENTATION_CONTEXT() REPRESENTATION_CONTEXT('2D SPACE',''
  ) );
#562 = PCURVE('',#194,#563);
#563 = DEFINITIONAL_REPRESENTATION('',(#564),#568);
#564 = LINE('',#565,#566);
#565 = CARTESIAN_POINT('',(2.419279714036,2.));
#566 = VECTOR('',#567,1.);
#567 = DIRECTION('',(0.,-1.));
#568 = ( GEOMETRIC_REPRESENTATION_CONTEXT(2) 
PARAMETRIC_REPRESENTATION_CONTEXT() REPRESENTATION_CONTEXT('2D SPACE',''
  ) );
#569 = ORIENTED_EDGE('',*,*,#147,.T.);
#570 = ORIENTED_EDGE('',*,*,#571,.F.);
#571 = EDGE_CURVE('',#572,#115,#574,.T.);
#572 = VERTEX_POINT('',#573);
#573 = CARTESIAN_POINT('',(-8.300116583305,0.310586758355,1.600247792129
    ));
#574 = SURFACE_CURVE('',#575,(#579,#586),.PCURVE_S1.);
#575 = LINE('',#576,#577);
#576 = CARTESIAN_POINT('',(-8.300116583305,0.310586758355,
    2.477921290868E-04));
#577 = VECTOR('',#578,1.);
#578 = DIRECTION('',(6.12318272229E-17,-3.583545125319E-30,-1.));
#579 = PCURVE('',#163,#580);
#580 = DEFINITIONAL_REPRESENTATION('',(#581),#585);
#581 = LINE('',#582,#583);
#582 = CARTESIAN_POINT('',(4.905734707914,4.168524520195E-17));
#583 = VECTOR('',#584,1.);
#584 = DIRECTION('',(1.54074395551E-33,-1.));
#585 = ( GEOMETRIC_REPRESENTATION_CONTEXT(2) 
PARAMETRIC_REPRESENTATION_CONTEXT() REPRESENTATION_CONTEXT('2D SPACE',''
  ) );
#586 = PCURVE('',#135,#587);
#587 = DEFINITIONAL_REPRESENTATION('',(#588),#592);
#588 = LINE('',#589,#590);
#589 = CARTESIAN_POINT('',(5.24745978758,0.));
#590 = VECTOR('',#591,1.);
#591 = DIRECTION('',(0.,-1.));
#592 = ( GEOMETRIC_REPRESENTATION_CONTEXT(2) 
PARAMETRIC_REPRESENTATION_CONTEXT() REPRESENTATION_CONTEXT('2D SPACE',''
  ) );
#593 = ORIENTED_EDGE('',*,*,#594,.T.);
#594 = EDGE_CURVE('',#572,#595,#597,.T.);
#595 = VERTEX_POINT('',#596);
#596 = CARTESIAN_POINT('',(-8.230585093191,-1.003477689031,
    1.600247792129));
#597 = SURFACE_CURVE('',#598,(#602,#609),.PCURVE_S1.);
#598 = LINE('',#599,#600);
#599 = CARTESIAN_POINT('',(-8.394958838923,2.102995291706,1.600247792129
    ));
#600 = VECTOR('',#601,1.);
#601 = DIRECTION('',(5.283938426836E-02,-0.998603023964,
    3.235452048089E-18));
#602 = PCURVE('',#163,#603);
#603 = DEFINITIONAL_REPRESENTATION('',(#604),#608);
#604 = LINE('',#605,#606);
#605 = CARTESIAN_POINT('',(3.110818719941,1.6));
#606 = VECTOR('',#607,1.);
#607 = DIRECTION('',(1.,-1.54074395551E-33));
#608 = ( GEOMETRIC_REPRESENTATION_CONTEXT(2) 
PARAMETRIC_REPRESENTATION_CONTEXT() REPRESENTATION_CONTEXT('2D SPACE',''
  ) );
#609 = PCURVE('',#610,#615);
#610 = PLANE('',#611);
#611 = AXIS2_PLACEMENT_3D('',#612,#613,#614);
#612 = CARTESIAN_POINT('',(-7.311870311144,-0.954865455504,
    1.600247792129));
#613 = DIRECTION('',(6.12318272229E-17,-3.583545125319E-30,-1.));
#614 = DIRECTION('',(-2.22044604925E-16,1.,-3.597141322204E-30));
#615 = DEFINITIONAL_REPRESENTATION('',(#616),#620);
#616 = LINE('',#617,#618);
#617 = CARTESIAN_POINT('',(3.05786074721,-1.083088527779));
#618 = VECTOR('',#619,1.);
#619 = DIRECTION('',(-0.998603023964,5.283938426836E-02));
#620 = ( GEOMETRIC_REPRESENTATION_CONTEXT(2) 
PARAMETRIC_REPRESENTATION_CONTEXT() REPRESENTATION_CONTEXT('2D SPACE',''
  ) );
#621 = ORIENTED_EDGE('',*,*,#622,.T.);
#622 = EDGE_CURVE('',#595,#623,#625,.T.);
#623 = VERTEX_POINT('',#624);
#624 = CARTESIAN_POINT('',(-8.230585093191,-1.003477689031,
    1.850247792129));
#625 = SURFACE_CURVE('',#626,(#630,#637),.PCURVE_S1.);
#626 = LINE('',#627,#628);
#627 = CARTESIAN_POINT('',(-8.230585093191,-1.003477689031,
    2.477921290867E-04));
#628 = VECTOR('',#629,1.);
#629 = DIRECTION('',(-6.12318272229E-17,3.583545125319E-30,1.));
#630 = PCURVE('',#163,#631);
#631 = DEFINITIONAL_REPRESENTATION('',(#632),#636);
#632 = LINE('',#633,#634);
#633 = CARTESIAN_POINT('',(6.221637439882,-2.64435396627E-18));
#634 = VECTOR('',#635,1.);
#635 = DIRECTION('',(-1.54074395551E-33,1.));
#636 = ( GEOMETRIC_REPRESENTATION_CONTEXT(2) 
PARAMETRIC_REPRESENTATION_CONTEXT() REPRESENTATION_CONTEXT('2D SPACE',''
  ) );
#637 = PCURVE('',#638,#643);
#638 = CYLINDRICAL_SURFACE('',#639,0.92);
#639 = AXIS2_PLACEMENT_3D('',#640,#641,#642);
#640 = CARTESIAN_POINT('',(-7.311870311144,-0.954865455504,
    2.477921290868E-04));
#641 = DIRECTION('',(-6.12318272229E-17,3.583545125319E-30,1.));
#642 = DIRECTION('',(-0.635808493584,-0.771846849761,-3.8931715826E-17)
  );
#643 = DEFINITIONAL_REPRESENTATION('',(#644),#648);
#644 = LINE('',#645,#646);
#645 = CARTESIAN_POINT('',(5.454308531512,0.));
#646 = VECTOR('',#647,1.);
#647 = DIRECTION('',(0.,1.));
#648 = ( GEOMETRIC_REPRESENTATION_CONTEXT(2) 
PARAMETRIC_REPRESENTATION_CONTEXT() REPRESENTATION_CONTEXT('2D SPACE',''
  ) );
#649 = ORIENTED_EDGE('',*,*,#650,.F.);
#650 = EDGE_CURVE('',#651,#623,#653,.T.);
#651 = VERTEX_POINT('',#652);
#652 = CARTESIAN_POINT('',(-8.559332584655,5.209468272443,1.850247792129
    ));
#653 = SURFACE_CURVE('',#654,(#658,#665),.PCURVE_S1.);
#654 = LINE('',#655,#656);
#655 = CARTESIAN_POINT('',(-8.406775371741,2.326314044712,1.850247792129
    ));
#656 = VECTOR('',#657,1.);
#657 = DIRECTION('',(5.283938426836E-02,-0.998603023964,
    3.235452048089E-18));
#658 = PCURVE('',#163,#659);
#659 = DEFINITIONAL_REPRESENTATION('',(#660),#664);
#660 = LINE('',#661,#662);
#661 = CARTESIAN_POINT('',(2.887187559563,1.85));
#662 = VECTOR('',#663,1.);
#663 = DIRECTION('',(1.,-1.54074395551E-33));
#664 = ( GEOMETRIC_REPRESENTATION_CONTEXT(2) 
PARAMETRIC_REPRESENTATION_CONTEXT() REPRESENTATION_CONTEXT('2D SPACE',''
  ) );
#665 = PCURVE('',#666,#671);
#666 = PLANE('',#667);
#667 = AXIS2_PLACEMENT_3D('',#668,#669,#670);
#668 = CARTESIAN_POINT('',(-8.331880144943,2.330276998532,1.925247792129
    ));
#669 = DIRECTION('',(-0.706118969958,-3.736308692988E-02,0.707106781187)
  );
#670 = DIRECTION('',(-5.283938426836E-02,0.998603023964,
    3.703441855819E-18));
#671 = DEFINITIONAL_REPRESENTATION('',(#672),#676);
#672 = LINE('',#673,#674);
#673 = CARTESIAN_POINT('',(2.741527946542E-14,0.106066017178));
#674 = VECTOR('',#675,1.);
#675 = DIRECTION('',(-1.,-3.934663007547E-18));
#676 = ( GEOMETRIC_REPRESENTATION_CONTEXT(2) 
PARAMETRIC_REPRESENTATION_CONTEXT() REPRESENTATION_CONTEXT('2D SPACE',''
  ) );
#677 = ORIENTED_EDGE('',*,*,#678,.F.);
#678 = EDGE_CURVE('',#245,#651,#679,.T.);
#679 = SURFACE_CURVE('',#680,(#684,#691),.PCURVE_S1.);
#680 = LINE('',#681,#682);
#681 = CARTESIAN_POINT('',(-8.559332584655,5.209468272443,
    2.477921290867E-04));
#682 = VECTOR('',#683,1.);
#683 = DIRECTION('',(-6.12318272229E-17,3.583545125319E-30,1.));
#684 = PCURVE('',#163,#685);
#685 = DEFINITIONAL_REPRESENTATION('',(#686),#690);
#686 = LINE('',#687,#688);
#687 = CARTESIAN_POINT('',(0.,0.));
#688 = VECTOR('',#689,1.);
#689 = DIRECTION('',(-1.54074395551E-33,1.));
#690 = ( GEOMETRIC_REPRESENTATION_CONTEXT(2) 
PARAMETRIC_REPRESENTATION_CONTEXT() REPRESENTATION_CONTEXT('2D SPACE',''
  ) );
#691 = PCURVE('',#284,#692);
#692 = DEFINITIONAL_REPRESENTATION('',(#693),#697);
#693 = LINE('',#694,#695);
#694 = CARTESIAN_POINT('',(6.28318530718,0.));
#695 = VECTOR('',#696,1.);
#696 = DIRECTION('',(0.,1.));
#697 = ( GEOMETRIC_REPRESENTATION_CONTEXT(2) 
PARAMETRIC_REPRESENTATION_CONTEXT() REPRESENTATION_CONTEXT('2D SPACE',''
  ) );
#698 = ORIENTED_EDGE('',*,*,#244,.F.);
#699 = ADVANCED_FACE('',(#700),#135,.T.);
#700 = FACE_BOUND('',#701,.T.);
#701 = EDGE_LOOP('',(#702,#703,#726,#752));
#702 = ORIENTED_EDGE('',*,*,#114,.T.);
#703 = ORIENTED_EDGE('',*,*,#704,.T.);
#704 = EDGE_CURVE('',#86,#705,#707,.T.);
#705 = VERTEX_POINT('',#706);
#706 = CARTESIAN_POINT('',(-7.995259222863,0.151018623113,1.600247792129
    ));
#707 = SURFACE_CURVE('',#708,(#712,#719),.PCURVE_S1.);
#708 = LINE('',#709,#710);
#709 = CARTESIAN_POINT('',(-7.995259222863,0.151018623113,
    2.477921290868E-04));
#710 = VECTOR('',#711,1.);
#711 = DIRECTION('',(-6.12318272229E-17,3.583545125319E-30,1.));
#712 = PCURVE('',#135,#713);
#713 = DEFINITIONAL_REPRESENTATION('',(#714),#718);
#714 = LINE('',#715,#716);
#715 = CARTESIAN_POINT('',(7.318910826779,0.));
#716 = VECTOR('',#717,1.);
#717 = DIRECTION('',(0.,1.));
#718 = ( GEOMETRIC_REPRESENTATION_CONTEXT(2) 
PARAMETRIC_REPRESENTATION_CONTEXT() REPRESENTATION_CONTEXT('2D SPACE',''
  ) );
#719 = PCURVE('',#102,#720);
#720 = DEFINITIONAL_REPRESENTATION('',(#721),#725);
#721 = LINE('',#722,#723);
#722 = CARTESIAN_POINT('',(5.265907695933,0.));
#723 = VECTOR('',#724,1.);
#724 = DIRECTION('',(0.,1.));
#725 = ( GEOMETRIC_REPRESENTATION_CONTEXT(2) 
PARAMETRIC_REPRESENTATION_CONTEXT() REPRESENTATION_CONTEXT('2D SPACE',''
  ) );
#726 = ORIENTED_EDGE('',*,*,#727,.F.);
#727 = EDGE_CURVE('',#572,#705,#728,.T.);
#728 = SURFACE_CURVE('',#729,(#734,#741),.PCURVE_S1.);
#729 = CIRCLE('',#730,0.2);
#730 = AXIS2_PLACEMENT_3D('',#731,#732,#733);
#731 = CARTESIAN_POINT('',(-8.100395978512,0.321154635208,1.600247792129
    ));
#732 = DIRECTION('',(-6.12318272229E-17,3.568363000961E-30,1.));
#733 = DIRECTION('',(-0.463735473514,-0.885973707626,-2.839537039133E-17
    ));
#734 = PCURVE('',#135,#735);
#735 = DEFINITIONAL_REPRESENTATION('',(#736),#740);
#736 = LINE('',#737,#738);
#737 = CARTESIAN_POINT('',(1.7763568394E-15,1.6));
#738 = VECTOR('',#739,1.);
#739 = DIRECTION('',(1.,0.));
#740 = ( GEOMETRIC_REPRESENTATION_CONTEXT(2) 
PARAMETRIC_REPRESENTATION_CONTEXT() REPRESENTATION_CONTEXT('2D SPACE',''
  ) );
#741 = PCURVE('',#610,#742);
#742 = DEFINITIONAL_REPRESENTATION('',(#743),#751);
#743 = ( BOUNDED_CURVE() B_SPLINE_CURVE(2,(#744,#745,#746,#747,#748,#749
,#750),.UNSPECIFIED.,.T.,.F.) B_SPLINE_CURVE_WITH_KNOTS((1,2,2,2,2,1),(
    -2.094395102393,0.,2.094395102393,4.188790204786,6.28318530718,
8.377580409573),.UNSPECIFIED.) CURVE() GEOMETRIC_REPRESENTATION_ITEM() 
RATIONAL_B_SPLINE_CURVE((1.,0.5,1.,0.5,1.,0.5,1.)) REPRESENTATION_ITEM(
  '') );
#744 = CARTESIAN_POINT('',(1.098825349187,-0.881272762071));
#745 = CARTESIAN_POINT('',(0.938182668907,-0.574362466915));
#746 = CARTESIAN_POINT('',(1.284296121335,-0.588696972439));
#747 = CARTESIAN_POINT('',(1.630409573763,-0.603031477963));
#748 = CARTESIAN_POINT('',(1.444938801615,-0.895607267595));
#749 = CARTESIAN_POINT('',(1.259468029467,-1.188183057227));
#750 = CARTESIAN_POINT('',(1.098825349187,-0.881272762071));
#751 = ( GEOMETRIC_REPRESENTATION_CONTEXT(2) 
PARAMETRIC_REPRESENTATION_CONTEXT() REPRESENTATION_CONTEXT('2D SPACE',''
  ) );
#752 = ORIENTED_EDGE('',*,*,#571,.T.);
#753 = ADVANCED_FACE('',(#754),#102,.F.);
#754 = FACE_BOUND('',#755,.F.);
#755 = EDGE_LOOP('',(#756,#757,#785,#806));
#756 = ORIENTED_EDGE('',*,*,#704,.T.);
#757 = ORIENTED_EDGE('',*,*,#758,.F.);
#758 = EDGE_CURVE('',#759,#705,#761,.T.);
#759 = VERTEX_POINT('',#760);
#760 = CARTESIAN_POINT('',(-7.300543079226,0.345085195028,1.600247792129
    ));
#761 = SURFACE_CURVE('',#762,(#767,#774),.PCURVE_S1.);
#762 = CIRCLE('',#763,1.3);
#763 = AXIS2_PLACEMENT_3D('',#764,#765,#766);
#764 = CARTESIAN_POINT('',(-7.311870311144,-0.954865455504,
    1.600247792129));
#765 = DIRECTION('',(-6.12318272229E-17,3.583545125319E-30,1.));
#766 = DIRECTION('',(-1.,-2.22044604925E-16,-6.12318272229E-17));
#767 = PCURVE('',#102,#768);
#768 = DEFINITIONAL_REPRESENTATION('',(#769),#773);
#769 = LINE('',#770,#771);
#770 = CARTESIAN_POINT('',(-8.881784197001E-16,1.6));
#771 = VECTOR('',#772,1.);
#772 = DIRECTION('',(1.,0.));
#773 = ( GEOMETRIC_REPRESENTATION_CONTEXT(2) 
PARAMETRIC_REPRESENTATION_CONTEXT() REPRESENTATION_CONTEXT('2D SPACE',''
  ) );
#774 = PCURVE('',#610,#775);
#775 = DEFINITIONAL_REPRESENTATION('',(#776),#784);
#776 = ( BOUNDED_CURVE() B_SPLINE_CURVE(2,(#777,#778,#779,#780,#781,#782
,#783),.UNSPECIFIED.,.T.,.F.) B_SPLINE_CURVE_WITH_KNOTS((1,2,2,2,2,1),(
    -2.094395102393,0.,2.094395102393,4.188790204786,6.28318530718,
8.377580409573),.UNSPECIFIED.) CURVE() GEOMETRIC_REPRESENTATION_ITEM() 
RATIONAL_B_SPLINE_CURVE((1.,0.5,1.,0.5,1.,0.5,1.)) REPRESENTATION_ITEM(
  '') );
#777 = CARTESIAN_POINT('',(9.769962616701E-15,-1.3));
#778 = CARTESIAN_POINT('',(-2.25166604984,-1.3));
#779 = CARTESIAN_POINT('',(-1.12583302492,0.65));
#780 = CARTESIAN_POINT('',(9.451554448923E-15,2.6));
#781 = CARTESIAN_POINT('',(1.12583302492,0.65));
#782 = CARTESIAN_POINT('',(2.25166604984,-1.3));
#783 = CARTESIAN_POINT('',(9.769962616701E-15,-1.3));
#784 = ( GEOMETRIC_REPRESENTATION_CONTEXT(2) 
PARAMETRIC_REPRESENTATION_CONTEXT() REPRESENTATION_CONTEXT('2D SPACE',''
  ) );
#785 = ORIENTED_EDGE('',*,*,#786,.F.);
#786 = EDGE_CURVE('',#58,#759,#787,.T.);
#787 = SURFACE_CURVE('',#788,(#792,#799),.PCURVE_S1.);
#788 = LINE('',#789,#790);
#789 = CARTESIAN_POINT('',(-7.300543079226,0.345085195028,
    2.477921290868E-04));
#790 = VECTOR('',#791,1.);
#791 = DIRECTION('',(-6.12318272229E-17,3.583545125319E-30,1.));
#792 = PCURVE('',#102,#793);
#793 = DEFINITIONAL_REPRESENTATION('',(#794),#798);
#794 = LINE('',#795,#796);
#795 = CARTESIAN_POINT('',(4.703675614806,0.));
#796 = VECTOR('',#797,1.);
#797 = DIRECTION('',(0.,1.));
#798 = ( GEOMETRIC_REPRESENTATION_CONTEXT(2) 
PARAMETRIC_REPRESENTATION_CONTEXT() REPRESENTATION_CONTEXT('2D SPACE',''
  ) );
#799 = PCURVE('',#73,#800);
#800 = DEFINITIONAL_REPRESENTATION('',(#801),#805);
#801 = LINE('',#802,#803);
#802 = CARTESIAN_POINT('',(0.381020987674,2.));
#803 = VECTOR('',#804,1.);
#804 = DIRECTION('',(1.54074395551E-33,-1.));
#805 = ( GEOMETRIC_REPRESENTATION_CONTEXT(2) 
PARAMETRIC_REPRESENTATION_CONTEXT() REPRESENTATION_CONTEXT('2D SPACE',''
  ) );
#806 = ORIENTED_EDGE('',*,*,#85,.F.);
#807 = ADVANCED_FACE('',(#808),#823,.T.);
#808 = FACE_BOUND('',#809,.T.);
#809 = EDGE_LOOP('',(#810,#845,#878,#902));
#810 = ORIENTED_EDGE('',*,*,#811,.F.);
#811 = EDGE_CURVE('',#812,#814,#816,.T.);
#812 = VERTEX_POINT('',#813);
#813 = CARTESIAN_POINT('',(6.756493062583,1.827318167898,0.500247792129)
  );
#814 = VERTEX_POINT('',#815);
#815 = CARTESIAN_POINT('',(2.773001559214,4.599805234174,0.500247792129)
  );
#816 = SURFACE_CURVE('',#817,(#822,#838),.PCURVE_S1.);
#817 = CIRCLE('',#818,14.9);
#818 = AXIS2_PLACEMENT_3D('',#819,#820,#821);
#819 = CARTESIAN_POINT('',(-3.633289234841,-8.852682946903,
    0.500247792129));
#820 = DIRECTION('',(-6.12318272229E-17,3.571444488872E-30,1.));
#821 = DIRECTION('',(-0.330606936229,0.943768538211,-2.024366679788E-17)
  );
#822 = PCURVE('',#823,#828);
#823 = PLANE('',#824);
#824 = AXIS2_PLACEMENT_3D('',#825,#826,#827);
#825 = CARTESIAN_POINT('',(4.421387397131,2.720224395436,0.500247792129)
  );
#826 = DIRECTION('',(6.12318272229E-17,-3.583545125319E-30,-1.));
#827 = DIRECTION('',(-2.22044604925E-16,1.,-3.597141322204E-30));
#828 = DEFINITIONAL_REPRESENTATION('',(#829),#837);
#829 = ( BOUNDED_CURVE() B_SPLINE_CURVE(2,(#830,#831,#832,#833,#834,#835
,#836),.UNSPECIFIED.,.T.,.F.) B_SPLINE_CURVE_WITH_KNOTS((1,2,2,2,2,1),(
    -2.094395102393,0.,2.094395102393,4.188790204786,6.28318530718,
8.377580409573),.UNSPECIFIED.) CURVE() GEOMETRIC_REPRESENTATION_ITEM() 
RATIONAL_B_SPLINE_CURVE((1.,0.5,1.,0.5,1.,0.5,1.)) REPRESENTATION_ITEM(
  '') );
#830 = CARTESIAN_POINT('',(2.489243877007,-12.98071998178));
#831 = CARTESIAN_POINT('',(-6.042913485158,-37.33708035741));
#832 = CARTESIAN_POINT('',(-22.87006163309,-17.76983514487));
#833 = CARTESIAN_POINT('',(-39.69720978103,1.797410067657));
#834 = CARTESIAN_POINT('',(-14.33790427092,6.586525230747));
#835 = CARTESIAN_POINT('',(11.021401239172,11.375640393837));
#836 = CARTESIAN_POINT('',(2.489243877007,-12.98071998178));
#837 = ( GEOMETRIC_REPRESENTATION_CONTEXT(2) 
PARAMETRIC_REPRESENTATION_CONTEXT() REPRESENTATION_CONTEXT('2D SPACE',''
  ) );
#838 = PCURVE('',#402,#839);
#839 = DEFINITIONAL_REPRESENTATION('',(#840),#844);
#840 = LINE('',#841,#842);
#841 = CARTESIAN_POINT('',(0.,0.5));
#842 = VECTOR('',#843,1.);
#843 = DIRECTION('',(1.,0.));
#844 = ( GEOMETRIC_REPRESENTATION_CONTEXT(2) 
PARAMETRIC_REPRESENTATION_CONTEXT() REPRESENTATION_CONTEXT('2D SPACE',''
  ) );
#845 = ORIENTED_EDGE('',*,*,#846,.F.);
#846 = EDGE_CURVE('',#847,#812,#849,.T.);
#847 = VERTEX_POINT('',#848);
#848 = CARTESIAN_POINT('',(4.906200968243,0.267683712539,0.500247792129)
  );
#849 = SURFACE_CURVE('',#850,(#855,#866),.PCURVE_S1.);
#850 = CIRCLE('',#851,2.5);
#851 = AXIS2_PLACEMENT_3D('',#852,#853,#854);
#852 = CARTESIAN_POINT('',(4.421387397131,2.720224395436,0.500247792129)
  );
#853 = DIRECTION('',(-6.12318272229E-17,3.583545125319E-30,1.));
#854 = DIRECTION('',(-1.,-2.22044604925E-16,-6.12318272229E-17));
#855 = PCURVE('',#823,#856);
#856 = DEFINITIONAL_REPRESENTATION('',(#857),#865);
#857 = ( BOUNDED_CURVE() B_SPLINE_CURVE(2,(#858,#859,#860,#861,#862,#863
,#864),.UNSPECIFIED.,.T.,.F.) B_SPLINE_CURVE_WITH_KNOTS((1,2,2,2,2,1),(
    -2.094395102393,0.,2.094395102393,4.188790204786,6.28318530718,
8.377580409573),.UNSPECIFIED.) CURVE() GEOMETRIC_REPRESENTATION_ITEM() 
RATIONAL_B_SPLINE_CURVE((1.,0.5,1.,0.5,1.,0.5,1.)) REPRESENTATION_ITEM(
  '') );
#858 = CARTESIAN_POINT('',(1.982170521706E-47,-2.5));
#859 = CARTESIAN_POINT('',(-4.330127018922,-2.5));
#860 = CARTESIAN_POINT('',(-2.165063509461,1.25));
#861 = CARTESIAN_POINT('',(-6.123233995737E-16,5.));
#862 = CARTESIAN_POINT('',(2.165063509461,1.25));
#863 = CARTESIAN_POINT('',(4.330127018922,-2.5));
#864 = CARTESIAN_POINT('',(1.982170521706E-47,-2.5));
#865 = ( GEOMETRIC_REPRESENTATION_CONTEXT(2) 
PARAMETRIC_REPRESENTATION_CONTEXT() REPRESENTATION_CONTEXT('2D SPACE',''
  ) );
#866 = PCURVE('',#867,#872);
#867 = CYLINDRICAL_SURFACE('',#868,2.5);
#868 = AXIS2_PLACEMENT_3D('',#869,#870,#871);
#869 = CARTESIAN_POINT('',(4.421387397131,2.720224395436,
    2.477921290875E-04));
#870 = DIRECTION('',(-6.12318272229E-17,3.583545125319E-30,1.));
#871 = DIRECTION('',(-1.,-2.22044604925E-16,-6.12318272229E-17));
#872 = DEFINITIONAL_REPRESENTATION('',(#873),#877);
#873 = LINE('',#874,#875);
#874 = CARTESIAN_POINT('',(-2.22044604925E-16,0.5));
#875 = VECTOR('',#876,1.);
#876 = DIRECTION('',(1.,0.));
#877 = ( GEOMETRIC_REPRESENTATION_CONTEXT(2) 
PARAMETRIC_REPRESENTATION_CONTEXT() REPRESENTATION_CONTEXT('2D SPACE',''
  ) );
#878 = ORIENTED_EDGE('',*,*,#879,.F.);
#879 = EDGE_CURVE('',#880,#847,#882,.T.);
#880 = VERTEX_POINT('',#881);
#881 = CARTESIAN_POINT('',(1.992050937281,3.310414504502,0.500247792129)
  );
#882 = SURFACE_CURVE('',#883,(#888,#895),.PCURVE_S1.);
#883 = CIRCLE('',#884,4.206);
#884 = AXIS2_PLACEMENT_3D('',#885,#886,#887);
#885 = CARTESIAN_POINT('',(0.819993019216,-0.728981024127,0.500247792129
    ));
#886 = DIRECTION('',(6.12318272229E-17,-3.574525976783E-30,-1.));
#887 = DIRECTION('',(-0.960908268694,-0.276866934024,-5.883816908572E-17
    ));
#888 = PCURVE('',#823,#889);
#889 = DEFINITIONAL_REPRESENTATION('',(#890),#894);
#890 = CIRCLE('',#891,4.206);
#891 = AXIS2_PLACEMENT_2D('',#892,#893);
#892 = CARTESIAN_POINT('',(-3.449205419562,-3.601394377915));
#893 = DIRECTION('',(-0.276866934024,-0.960908268694));
#894 = ( GEOMETRIC_REPRESENTATION_CONTEXT(2) 
PARAMETRIC_REPRESENTATION_CONTEXT() REPRESENTATION_CONTEXT('2D SPACE',''
  ) );
#895 = PCURVE('',#468,#896);
#896 = DEFINITIONAL_REPRESENTATION('',(#897),#901);
#897 = LINE('',#898,#899);
#898 = CARTESIAN_POINT('',(-1.96903953647,1.5));
#899 = VECTOR('',#900,1.);
#900 = DIRECTION('',(1.,0.));
#901 = ( GEOMETRIC_REPRESENTATION_CONTEXT(2) 
PARAMETRIC_REPRESENTATION_CONTEXT() REPRESENTATION_CONTEXT('2D SPACE',''
  ) );
#902 = ORIENTED_EDGE('',*,*,#903,.F.);
#903 = EDGE_CURVE('',#814,#880,#904,.T.);
#904 = SURFACE_CURVE('',#905,(#910,#921),.PCURVE_S1.);
#905 = CIRCLE('',#906,2.5);
#906 = AXIS2_PLACEMENT_3D('',#907,#908,#909);
#907 = CARTESIAN_POINT('',(4.421387397131,2.720224395436,0.500247792129)
  );
#908 = DIRECTION('',(-6.12318272229E-17,3.583545125319E-30,1.));
#909 = DIRECTION('',(-1.,-2.22044604925E-16,-6.12318272229E-17));
#910 = PCURVE('',#823,#911);
#911 = DEFINITIONAL_REPRESENTATION('',(#912),#920);
#912 = ( BOUNDED_CURVE() B_SPLINE_CURVE(2,(#913,#914,#915,#916,#917,#918
,#919),.UNSPECIFIED.,.T.,.F.) B_SPLINE_CURVE_WITH_KNOTS((1,2,2,2,2,1),(
    -2.094395102393,0.,2.094395102393,4.188790204786,6.28318530718,
8.377580409573),.UNSPECIFIED.) CURVE() GEOMETRIC_REPRESENTATION_ITEM() 
RATIONAL_B_SPLINE_CURVE((1.,0.5,1.,0.5,1.,0.5,1.)) REPRESENTATION_ITEM(
  '') );
#913 = CARTESIAN_POINT('',(1.982170521706E-47,-2.5));
#914 = CARTESIAN_POINT('',(-4.330127018922,-2.5));
#915 = CARTESIAN_POINT('',(-2.165063509461,1.25));
#916 = CARTESIAN_POINT('',(-6.123233995737E-16,5.));
#917 = CARTESIAN_POINT('',(2.165063509461,1.25));
#918 = CARTESIAN_POINT('',(4.330127018922,-2.5));
#919 = CARTESIAN_POINT('',(1.982170521706E-47,-2.5));
#920 = ( GEOMETRIC_REPRESENTATION_CONTEXT(2) 
PARAMETRIC_REPRESENTATION_CONTEXT() REPRESENTATION_CONTEXT('2D SPACE',''
  ) );
#921 = PCURVE('',#435,#922);
#922 = DEFINITIONAL_REPRESENTATION('',(#923),#927);
#923 = LINE('',#924,#925);
#924 = CARTESIAN_POINT('',(0.,0.5));
#925 = VECTOR('',#926,1.);
#926 = DIRECTION('',(1.,0.));
#927 = ( GEOMETRIC_REPRESENTATION_CONTEXT(2) 
PARAMETRIC_REPRESENTATION_CONTEXT() REPRESENTATION_CONTEXT('2D SPACE',''
  ) );
#928 = ADVANCED_FACE('',(#929),#435,.F.);
#929 = FACE_BOUND('',#930,.F.);
#930 = EDGE_LOOP('',(#931,#932,#953,#954));
#931 = ORIENTED_EDGE('',*,*,#414,.T.);
#932 = ORIENTED_EDGE('',*,*,#933,.T.);
#933 = EDGE_CURVE('',#415,#880,#934,.T.);
#934 = SURFACE_CURVE('',#935,(#939,#946),.PCURVE_S1.);
#935 = LINE('',#936,#937);
#936 = CARTESIAN_POINT('',(1.992050937281,3.310414504502,
    2.477921290874E-04));
#937 = VECTOR('',#938,1.);
#938 = DIRECTION('',(-6.12318272229E-17,3.583545125319E-30,1.));
#939 = PCURVE('',#435,#940);
#940 = DEFINITIONAL_REPRESENTATION('',(#941),#945);
#941 = LINE('',#942,#943);
#942 = CARTESIAN_POINT('',(6.044859544627,0.));
#943 = VECTOR('',#944,1.);
#944 = DIRECTION('',(0.,1.));
#945 = ( GEOMETRIC_REPRESENTATION_CONTEXT(2) 
PARAMETRIC_REPRESENTATION_CONTEXT() REPRESENTATION_CONTEXT('2D SPACE',''
  ) );
#946 = PCURVE('',#468,#947);
#947 = DEFINITIONAL_REPRESENTATION('',(#948),#952);
#948 = LINE('',#949,#950);
#949 = CARTESIAN_POINT('',(0.164690850099,2.));
#950 = VECTOR('',#951,1.);
#951 = DIRECTION('',(0.,-1.));
#952 = ( GEOMETRIC_REPRESENTATION_CONTEXT(2) 
PARAMETRIC_REPRESENTATION_CONTEXT() REPRESENTATION_CONTEXT('2D SPACE',''
  ) );
#953 = ORIENTED_EDGE('',*,*,#903,.F.);
#954 = ORIENTED_EDGE('',*,*,#955,.T.);
#955 = EDGE_CURVE('',#814,#386,#956,.T.);
#956 = SURFACE_CURVE('',#957,(#961,#968),.PCURVE_S1.);
#957 = LINE('',#958,#959);
#958 = CARTESIAN_POINT('',(2.773001559214,4.599805234174,
    2.477921290874E-04));
#959 = VECTOR('',#960,1.);
#960 = DIRECTION('',(6.12318272229E-17,-3.583545125319E-30,-1.));
#961 = PCURVE('',#435,#962);
#962 = DEFINITIONAL_REPRESENTATION('',(#963),#967);
#963 = LINE('',#964,#965);
#964 = CARTESIAN_POINT('',(5.432348629179,0.));
#965 = VECTOR('',#966,1.);
#966 = DIRECTION('',(0.,-1.));
#967 = ( GEOMETRIC_REPRESENTATION_CONTEXT(2) 
PARAMETRIC_REPRESENTATION_CONTEXT() REPRESENTATION_CONTEXT('2D SPACE',''
  ) );
#968 = PCURVE('',#402,#969);
#969 = DEFINITIONAL_REPRESENTATION('',(#970),#974);
#970 = LINE('',#971,#972);
#971 = CARTESIAN_POINT('',(5.50179864884,0.));
#972 = VECTOR('',#973,1.);
#973 = DIRECTION('',(0.,-1.));
#974 = ( GEOMETRIC_REPRESENTATION_CONTEXT(2) 
PARAMETRIC_REPRESENTATION_CONTEXT() REPRESENTATION_CONTEXT('2D SPACE',''
  ) );
#975 = ADVANCED_FACE('',(#976),#867,.F.);
#976 = FACE_BOUND('',#977,.F.);
#977 = EDGE_LOOP('',(#978,#979,#1002,#1035));
#978 = ORIENTED_EDGE('',*,*,#846,.F.);
#979 = ORIENTED_EDGE('',*,*,#980,.T.);
#980 = EDGE_CURVE('',#847,#981,#983,.T.);
#981 = VERTEX_POINT('',#982);
#982 = CARTESIAN_POINT('',(4.906200968243,0.267683712539,
    2.477921290875E-04));
#983 = SURFACE_CURVE('',#984,(#988,#995),.PCURVE_S1.);
#984 = LINE('',#985,#986);
#985 = CARTESIAN_POINT('',(4.906200968243,0.267683712539,
    2.477921290875E-04));
#986 = VECTOR('',#987,1.);
#987 = DIRECTION('',(6.12318272229E-17,-3.583545125319E-30,-1.));
#988 = PCURVE('',#867,#989);
#989 = DEFINITIONAL_REPRESENTATION('',(#990),#994);
#990 = LINE('',#991,#992);
#991 = CARTESIAN_POINT('',(1.765958292446,0.));
#992 = VECTOR('',#993,1.);
#993 = DIRECTION('',(0.,-1.));
#994 = ( GEOMETRIC_REPRESENTATION_CONTEXT(2) 
PARAMETRIC_REPRESENTATION_CONTEXT() REPRESENTATION_CONTEXT('2D SPACE',''
  ) );
#995 = PCURVE('',#468,#996);
#996 = DEFINITIONAL_REPRESENTATION('',(#997),#1001);
#997 = LINE('',#998,#999);
#998 = CARTESIAN_POINT('',(1.21384694395,2.));
#999 = VECTOR('',#1000,1.);
#1000 = DIRECTION('',(0.,1.));
#1001 = ( GEOMETRIC_REPRESENTATION_CONTEXT(2) 
PARAMETRIC_REPRESENTATION_CONTEXT() REPRESENTATION_CONTEXT('2D SPACE',''
  ) );
#1002 = ORIENTED_EDGE('',*,*,#1003,.T.);
#1003 = EDGE_CURVE('',#981,#1004,#1006,.T.);
#1004 = VERTEX_POINT('',#1005);
#1005 = CARTESIAN_POINT('',(6.756493062583,1.827318167898,
    2.477921290876E-04));
#1006 = SURFACE_CURVE('',#1007,(#1012,#1019),.PCURVE_S1.);
#1007 = CIRCLE('',#1008,2.5);
#1008 = AXIS2_PLACEMENT_3D('',#1009,#1010,#1011);
#1009 = CARTESIAN_POINT('',(4.421387397131,2.720224395436,
    2.477921290875E-04));
#1010 = DIRECTION('',(-6.12318272229E-17,3.583545125319E-30,1.));
#1011 = DIRECTION('',(-1.,-2.22044604925E-16,-6.12318272229E-17));
#1012 = PCURVE('',#867,#1013);
#1013 = DEFINITIONAL_REPRESENTATION('',(#1014),#1018);
#1014 = LINE('',#1015,#1016);
#1015 = CARTESIAN_POINT('',(-2.22044604925E-16,0.));
#1016 = VECTOR('',#1017,1.);
#1017 = DIRECTION('',(1.,0.));
#1018 = ( GEOMETRIC_REPRESENTATION_CONTEXT(2) 
PARAMETRIC_REPRESENTATION_CONTEXT() REPRESENTATION_CONTEXT('2D SPACE',''
  ) );
#1019 = PCURVE('',#1020,#1025);
#1020 = PLANE('',#1021);
#1021 = AXIS2_PLACEMENT_3D('',#1022,#1023,#1024);
#1022 = CARTESIAN_POINT('',(-0.873167672093,-0.166284423009,
    2.477921290872E-04));
#1023 = DIRECTION('',(6.12318272229E-17,-3.583545125319E-30,-1.));
#1024 = DIRECTION('',(-2.22044604925E-16,1.,-3.597141322204E-30));
#1025 = DEFINITIONAL_REPRESENTATION('',(#1026),#1034);
#1026 = ( BOUNDED_CURVE() B_SPLINE_CURVE(2,(#1027,#1028,#1029,#1030,
#1031,#1032,#1033),.UNSPECIFIED.,.T.,.F.) B_SPLINE_CURVE_WITH_KNOTS((1,2
    ,2,2,2,1),(-2.094395102393,0.,2.094395102393,4.188790204786,
6.28318530718,8.377580409573),.UNSPECIFIED.) CURVE() 
GEOMETRIC_REPRESENTATION_ITEM() RATIONAL_B_SPLINE_CURVE((1.,0.5,1.,0.5,
1.,0.5,1.)) REPRESENTATION_ITEM('') );
#1027 = CARTESIAN_POINT('',(2.886508818445,2.794555069225));
#1028 = CARTESIAN_POINT('',(-1.443618200477,2.794555069225));
#1029 = CARTESIAN_POINT('',(0.721445308984,6.544555069225));
#1030 = CARTESIAN_POINT('',(2.886508818445,10.294555069225));
#1031 = CARTESIAN_POINT('',(5.051572327906,6.544555069225));
#1032 = CARTESIAN_POINT('',(7.216635837367,2.794555069225));
#1033 = CARTESIAN_POINT('',(2.886508818445,2.794555069225));
#1034 = ( GEOMETRIC_REPRESENTATION_CONTEXT(2) 
PARAMETRIC_REPRESENTATION_CONTEXT() REPRESENTATION_CONTEXT('2D SPACE',''
  ) );
#1035 = ORIENTED_EDGE('',*,*,#1036,.T.);
#1036 = EDGE_CURVE('',#1004,#812,#1037,.T.);
#1037 = SURFACE_CURVE('',#1038,(#1042,#1049),.PCURVE_S1.);
#1038 = LINE('',#1039,#1040);
#1039 = CARTESIAN_POINT('',(6.756493062583,1.827318167898,
    2.477921290877E-04));
#1040 = VECTOR('',#1041,1.);
#1041 = DIRECTION('',(-6.12318272229E-17,3.583545125319E-30,1.));
#1042 = PCURVE('',#867,#1043);
#1043 = DEFINITIONAL_REPRESENTATION('',(#1044),#1048);
#1044 = LINE('',#1045,#1046);
#1045 = CARTESIAN_POINT('',(2.776364412058,0.));
#1046 = VECTOR('',#1047,1.);
#1047 = DIRECTION('',(0.,1.));
#1048 = ( GEOMETRIC_REPRESENTATION_CONTEXT(2) 
PARAMETRIC_REPRESENTATION_CONTEXT() REPRESENTATION_CONTEXT('2D SPACE',''
  ) );
#1049 = PCURVE('',#402,#1050);
#1050 = DEFINITIONAL_REPRESENTATION('',(#1051),#1055);
#1051 = LINE('',#1052,#1053);
#1052 = CARTESIAN_POINT('',(5.174613843229,0.));
#1053 = VECTOR('',#1054,1.);
#1054 = DIRECTION('',(0.,1.));
#1055 = ( GEOMETRIC_REPRESENTATION_CONTEXT(2) 
PARAMETRIC_REPRESENTATION_CONTEXT() REPRESENTATION_CONTEXT('2D SPACE',''
  ) );
#1056 = ADVANCED_FACE('',(#1057),#402,.T.);
#1057 = FACE_BOUND('',#1058,.T.);
#1058 = EDGE_LOOP('',(#1059,#1060,#1061,#1062,#1063,#1086,#1115,#1143));
#1059 = ORIENTED_EDGE('',*,*,#1036,.T.);
#1060 = ORIENTED_EDGE('',*,*,#811,.T.);
#1061 = ORIENTED_EDGE('',*,*,#955,.T.);
#1062 = ORIENTED_EDGE('',*,*,#385,.F.);
#1063 = ORIENTED_EDGE('',*,*,#1064,.T.);
#1064 = EDGE_CURVE('',#358,#1065,#1067,.T.);
#1065 = VERTEX_POINT('',#1066);
#1066 = CARTESIAN_POINT('',(0.847694942506,5.357552125127,1.850247792129
    ));
#1067 = SURFACE_CURVE('',#1068,(#1072,#1079),.PCURVE_S1.);
#1068 = LINE('',#1069,#1070);
#1069 = CARTESIAN_POINT('',(0.847694942506,5.357552125127,
    2.477921290873E-04));
#1070 = VECTOR('',#1071,1.);
#1071 = DIRECTION('',(-6.12318272229E-17,3.583545125319E-30,1.));
#1072 = PCURVE('',#402,#1073);
#1073 = DEFINITIONAL_REPRESENTATION('',(#1074),#1078);
#1074 = LINE('',#1075,#1076);
#1075 = CARTESIAN_POINT('',(5.64077316942,0.));
#1076 = VECTOR('',#1077,1.);
#1077 = DIRECTION('',(0.,1.));
#1078 = ( GEOMETRIC_REPRESENTATION_CONTEXT(2) 
PARAMETRIC_REPRESENTATION_CONTEXT() REPRESENTATION_CONTEXT('2D SPACE',''
  ) );
#1079 = PCURVE('',#373,#1080);
#1080 = DEFINITIONAL_REPRESENTATION('',(#1081),#1085);
#1081 = LINE('',#1082,#1083);
#1082 = CARTESIAN_POINT('',(0.83694201107,-1.5034640823E-17));
#1083 = VECTOR('',#1084,1.);
#1084 = DIRECTION('',(-6.162975822039E-33,1.));
#1085 = ( GEOMETRIC_REPRESENTATION_CONTEXT(2) 
PARAMETRIC_REPRESENTATION_CONTEXT() REPRESENTATION_CONTEXT('2D SPACE',''
  ) );
#1086 = ORIENTED_EDGE('',*,*,#1087,.F.);
#1087 = EDGE_CURVE('',#1088,#1065,#1090,.T.);
#1088 = VERTEX_POINT('',#1089);
#1089 = CARTESIAN_POINT('',(8.559332584655,-0.288223059278,
    1.850247792129));
#1090 = SURFACE_CURVE('',#1091,(#1096,#1103),.PCURVE_S1.);
#1091 = CIRCLE('',#1092,14.9);
#1092 = AXIS2_PLACEMENT_3D('',#1093,#1094,#1095);
#1093 = CARTESIAN_POINT('',(-3.633289234841,-8.852682946903,
    1.850247792129));
#1094 = DIRECTION('',(-6.12318272229E-17,3.571444488872E-30,1.));
#1095 = DIRECTION('',(-0.330606936229,0.943768538211,-2.024366679788E-17
    ));
#1096 = PCURVE('',#402,#1097);
#1097 = DEFINITIONAL_REPRESENTATION('',(#1098),#1102);
#1098 = LINE('',#1099,#1100);
#1099 = CARTESIAN_POINT('',(0.,1.85));
#1100 = VECTOR('',#1101,1.);
#1101 = DIRECTION('',(1.,0.));
#1102 = ( GEOMETRIC_REPRESENTATION_CONTEXT(2) 
PARAMETRIC_REPRESENTATION_CONTEXT() REPRESENTATION_CONTEXT('2D SPACE',''
  ) );
#1103 = PCURVE('',#1104,#1109);
#1104 = CONICAL_SURFACE('',#1105,14.825,0.785398163397);
#1105 = AXIS2_PLACEMENT_3D('',#1106,#1107,#1108);
#1106 = CARTESIAN_POINT('',(-3.633289234841,-8.852682946903,
    1.925247792129));
#1107 = DIRECTION('',(6.12318272229E-17,-3.583545125319E-30,-1.));
#1108 = DIRECTION('',(-0.330606936229,0.943768538211,-2.024366679788E-17
    ));
#1109 = DEFINITIONAL_REPRESENTATION('',(#1110),#1114);
#1110 = LINE('',#1111,#1112);
#1111 = CARTESIAN_POINT('',(6.28318530718,7.5E-02));
#1112 = VECTOR('',#1113,1.);
#1113 = DIRECTION('',(-1.,0.));
#1114 = ( GEOMETRIC_REPRESENTATION_CONTEXT(2) 
PARAMETRIC_REPRESENTATION_CONTEXT() REPRESENTATION_CONTEXT('2D SPACE',''
  ) );
#1115 = ORIENTED_EDGE('',*,*,#1116,.F.);
#1116 = EDGE_CURVE('',#1117,#1088,#1119,.T.);
#1117 = VERTEX_POINT('',#1118);
#1118 = CARTESIAN_POINT('',(8.559332584655,-0.288223059278,
    2.477921290877E-04));
#1119 = SURFACE_CURVE('',#1120,(#1124,#1131),.PCURVE_S1.);
#1120 = LINE('',#1121,#1122);
#1121 = CARTESIAN_POINT('',(8.559332584655,-0.288223059278,
    2.477921290878E-04));
#1122 = VECTOR('',#1123,1.);
#1123 = DIRECTION('',(-6.12318272229E-17,3.583545125319E-30,1.));
#1124 = PCURVE('',#402,#1125);
#1125 = DEFINITIONAL_REPRESENTATION('',(#1126),#1130);
#1126 = LINE('',#1127,#1128);
#1127 = CARTESIAN_POINT('',(4.98779716488,0.));
#1128 = VECTOR('',#1129,1.);
#1129 = DIRECTION('',(0.,1.));
#1130 = ( GEOMETRIC_REPRESENTATION_CONTEXT(2) 
PARAMETRIC_REPRESENTATION_CONTEXT() REPRESENTATION_CONTEXT('2D SPACE',''
  ) );
#1131 = PCURVE('',#1132,#1137);
#1132 = PLANE('',#1133);
#1133 = AXIS2_PLACEMENT_3D('',#1134,#1135,#1136);
#1134 = CARTESIAN_POINT('',(4.162969559706,-5.302667070006,
    2.477921290875E-04));
#1135 = DIRECTION('',(0.751927987626,-0.659245251348,4.604192462237E-17)
  );
#1136 = DIRECTION('',(0.659245251348,0.751927987626,4.036679132806E-17)
  );
#1137 = DEFINITIONAL_REPRESENTATION('',(#1138),#1142);
#1138 = LINE('',#1139,#1140);
#1139 = CARTESIAN_POINT('',(6.668782241449,4.085753505394E-17));
#1140 = VECTOR('',#1141,1.);
#1141 = DIRECTION('',(0.,1.));
#1142 = ( GEOMETRIC_REPRESENTATION_CONTEXT(2) 
PARAMETRIC_REPRESENTATION_CONTEXT() REPRESENTATION_CONTEXT('2D SPACE',''
  ) );
#1143 = ORIENTED_EDGE('',*,*,#1144,.F.);
#1144 = EDGE_CURVE('',#1004,#1117,#1145,.T.);
#1145 = SURFACE_CURVE('',#1146,(#1151,#1158),.PCURVE_S1.);
#1146 = CIRCLE('',#1147,14.9);
#1147 = AXIS2_PLACEMENT_3D('',#1148,#1149,#1150);
#1148 = CARTESIAN_POINT('',(-3.633289234841,-8.852682946903,
    2.47792129087E-04));
#1149 = DIRECTION('',(6.12318272229E-17,-3.571444488872E-30,-1.));
#1150 = DIRECTION('',(-0.330606936229,0.943768538211,-2.024366679788E-17
    ));
#1151 = PCURVE('',#402,#1152);
#1152 = DEFINITIONAL_REPRESENTATION('',(#1153),#1157);
#1153 = LINE('',#1154,#1155);
#1154 = CARTESIAN_POINT('',(6.28318530718,0.));
#1155 = VECTOR('',#1156,1.);
#1156 = DIRECTION('',(-1.,0.));
#1157 = ( GEOMETRIC_REPRESENTATION_CONTEXT(2) 
PARAMETRIC_REPRESENTATION_CONTEXT() REPRESENTATION_CONTEXT('2D SPACE',''
  ) );
#1158 = PCURVE('',#1020,#1159);
#1159 = DEFINITIONAL_REPRESENTATION('',(#1160),#1164);
#1160 = CIRCLE('',#1161,14.9);
#1161 = AXIS2_PLACEMENT_2D('',#1162,#1163);
#1162 = CARTESIAN_POINT('',(-8.686398523894,-2.760121562748));
#1163 = DIRECTION('',(0.943768538211,-0.330606936229));
#1164 = ( GEOMETRIC_REPRESENTATION_CONTEXT(2) 
PARAMETRIC_REPRESENTATION_CONTEXT() REPRESENTATION_CONTEXT('2D SPACE',''
  ) );
#1165 = ADVANCED_FACE('',(#1166),#1181,.T.);
#1166 = FACE_BOUND('',#1167,.T.);
#1167 = EDGE_LOOP('',(#1168,#1204,#1232,#1261,#1290));
#1168 = ORIENTED_EDGE('',*,*,#1169,.F.);
#1169 = EDGE_CURVE('',#1170,#1172,#1174,.T.);
#1170 = VERTEX_POINT('',#1171);
#1171 = CARTESIAN_POINT('',(4.473359446114,1.355089452324,1.500247792129
    ));
#1172 = VERTEX_POINT('',#1173);
#1173 = CARTESIAN_POINT('',(3.983365317779,0.610450805756,1.500247792129
    ));
#1174 = SURFACE_CURVE('',#1175,(#1180,#1192),.PCURVE_S1.);
#1175 = CIRCLE('',#1176,0.5);
#1176 = AXIS2_PLACEMENT_3D('',#1177,#1178,#1179);
#1177 = CARTESIAN_POINT('',(4.03905530597,1.107339752318,1.500247792129)
  );
#1178 = DIRECTION('',(6.12318272229E-17,-3.574525976783E-30,-1.));
#1179 = DIRECTION('',(0.835365423047,-0.54969501542,5.115095125198E-17)
  );
#1180 = PCURVE('',#1181,#1186);
#1181 = PLANE('',#1182);
#1182 = AXIS2_PLACEMENT_3D('',#1183,#1184,#1185);
#1183 = CARTESIAN_POINT('',(2.926094740947E-02,-1.068678196361,
    1.500247792129));
#1184 = DIRECTION('',(6.12318272229E-17,-3.583545125319E-30,-1.));
#1185 = DIRECTION('',(-2.22044604925E-16,1.,-3.597141322204E-30));
#1186 = DEFINITIONAL_REPRESENTATION('',(#1187),#1191);
#1187 = CIRCLE('',#1188,0.5);
#1188 = AXIS2_PLACEMENT_2D('',#1189,#1190);
#1189 = CARTESIAN_POINT('',(2.176017948679,4.00979435856));
#1190 = DIRECTION('',(-0.54969501542,0.835365423047));
#1191 = ( GEOMETRIC_REPRESENTATION_CONTEXT(2) 
PARAMETRIC_REPRESENTATION_CONTEXT() REPRESENTATION_CONTEXT('2D SPACE',''
  ) );
#1192 = PCURVE('',#1193,#1198);
#1193 = CYLINDRICAL_SURFACE('',#1194,0.5);
#1194 = AXIS2_PLACEMENT_3D('',#1195,#1196,#1197);
#1195 = CARTESIAN_POINT('',(4.03905530597,1.107339752318,2.000247792129)
  );
#1196 = DIRECTION('',(6.12318272229E-17,-3.583545125319E-30,-1.));
#1197 = DIRECTION('',(0.835365423047,-0.54969501542,5.115095125198E-17)
  );
#1198 = DEFINITIONAL_REPRESENTATION('',(#1199),#1203);
#1199 = LINE('',#1200,#1201);
#1200 = CARTESIAN_POINT('',(0.,0.5));
#1201 = VECTOR('',#1202,1.);
#1202 = DIRECTION('',(1.,0.));
#1203 = ( GEOMETRIC_REPRESENTATION_CONTEXT(2) 
PARAMETRIC_REPRESENTATION_CONTEXT() REPRESENTATION_CONTEXT('2D SPACE',''
  ) );
#1204 = ORIENTED_EDGE('',*,*,#1205,.F.);
#1205 = EDGE_CURVE('',#1206,#1170,#1208,.T.);
#1206 = VERTEX_POINT('',#1207);
#1207 = CARTESIAN_POINT('',(5.017442679539,-0.460928139314,
    1.500247792129));
#1208 = SURFACE_CURVE('',#1209,(#1214,#1225),.PCURVE_S1.);
#1209 = CIRCLE('',#1210,4.206);
#1210 = AXIS2_PLACEMENT_3D('',#1211,#1212,#1213);
#1211 = CARTESIAN_POINT('',(0.819993019216,-0.728981024127,
    1.500247792129));
#1212 = DIRECTION('',(-6.12318272229E-17,3.583545125319E-30,1.));
#1213 = DIRECTION('',(-1.,-2.22044604925E-16,-6.12318272229E-17));
#1214 = PCURVE('',#1181,#1215);
#1215 = DEFINITIONAL_REPRESENTATION('',(#1216),#1224);
#1216 = ( BOUNDED_CURVE() B_SPLINE_CURVE(2,(#1217,#1218,#1219,#1220,
#1221,#1222,#1223),.UNSPECIFIED.,.T.,.F.) B_SPLINE_CURVE_WITH_KNOTS((1,2
    ,2,2,2,1),(-2.094395102393,0.,2.094395102393,4.188790204786,
6.28318530718,8.377580409573),.UNSPECIFIED.) CURVE() 
GEOMETRIC_REPRESENTATION_ITEM() RATIONAL_B_SPLINE_CURVE((1.,0.5,1.,0.5,
1.,0.5,1.)) REPRESENTATION_ITEM('') );
#1217 = CARTESIAN_POINT('',(0.339697172234,-3.415267928193));
#1218 = CARTESIAN_POINT('',(-6.9453085244,-3.415267928193));
#1219 = CARTESIAN_POINT('',(-3.302805676083,2.893732071807));
#1220 = CARTESIAN_POINT('',(0.339697172234,9.202732071807));
#1221 = CARTESIAN_POINT('',(3.982200020552,2.893732071807));
#1222 = CARTESIAN_POINT('',(7.624702868869,-3.415267928193));
#1223 = CARTESIAN_POINT('',(0.339697172234,-3.415267928193));
#1224 = ( GEOMETRIC_REPRESENTATION_CONTEXT(2) 
PARAMETRIC_REPRESENTATION_CONTEXT() REPRESENTATION_CONTEXT('2D SPACE',''
  ) );
#1225 = PCURVE('',#468,#1226);
#1226 = DEFINITIONAL_REPRESENTATION('',(#1227),#1231);
#1227 = LINE('',#1228,#1229);
#1228 = CARTESIAN_POINT('',(4.594677815561,0.5));
#1229 = VECTOR('',#1230,1.);
#1230 = DIRECTION('',(-1.,0.));
#1231 = ( GEOMETRIC_REPRESENTATION_CONTEXT(2) 
PARAMETRIC_REPRESENTATION_CONTEXT() REPRESENTATION_CONTEXT('2D SPACE',''
  ) );
#1232 = ORIENTED_EDGE('',*,*,#1233,.F.);
#1233 = EDGE_CURVE('',#1234,#1206,#1236,.T.);
#1234 = VERTEX_POINT('',#1235);
#1235 = CARTESIAN_POINT('',(2.258466420988,-0.303781926766,
    1.500247792129));
#1236 = SURFACE_CURVE('',#1237,(#1242,#1249),.PCURVE_S1.);
#1237 = CIRCLE('',#1238,4.4735);
#1238 = AXIS2_PLACEMENT_3D('',#1239,#1240,#1241);
#1239 = CARTESIAN_POINT('',(3.396003012328,-4.630236913631,
    1.500247792129));
#1240 = DIRECTION('',(6.12318272229E-17,-3.583545125319E-30,-1.));
#1241 = DIRECTION('',(-1.,-2.22044604925E-16,-6.12318272229E-17));
#1242 = PCURVE('',#1181,#1243);
#1243 = DEFINITIONAL_REPRESENTATION('',(#1244),#1248);
#1244 = CIRCLE('',#1245,4.4735);
#1245 = AXIS2_PLACEMENT_2D('',#1246,#1247);
#1246 = CARTESIAN_POINT('',(-3.56155871727,3.366742064918));
#1247 = DIRECTION('',(7.928682086825E-48,-1.));
#1248 = ( GEOMETRIC_REPRESENTATION_CONTEXT(2) 
PARAMETRIC_REPRESENTATION_CONTEXT() REPRESENTATION_CONTEXT('2D SPACE',''
  ) );
#1249 = PCURVE('',#1250,#1255);
#1250 = CYLINDRICAL_SURFACE('',#1251,4.4735);
#1251 = AXIS2_PLACEMENT_3D('',#1252,#1253,#1254);
#1252 = CARTESIAN_POINT('',(3.396003012328,-4.630236913631,
    2.477921290875E-04));
#1253 = DIRECTION('',(-6.12318272229E-17,3.583545125319E-30,1.));
#1254 = DIRECTION('',(-1.,-2.22044604925E-16,-6.12318272229E-17));
#1255 = DEFINITIONAL_REPRESENTATION('',(#1256),#1260);
#1256 = LINE('',#1257,#1258);
#1257 = CARTESIAN_POINT('',(6.28318530718,1.5));
#1258 = VECTOR('',#1259,1.);
#1259 = DIRECTION('',(-1.,0.));
#1260 = ( GEOMETRIC_REPRESENTATION_CONTEXT(2) 
PARAMETRIC_REPRESENTATION_CONTEXT() REPRESENTATION_CONTEXT('2D SPACE',''
  ) );
#1261 = ORIENTED_EDGE('',*,*,#1262,.F.);
#1262 = EDGE_CURVE('',#1263,#1234,#1265,.T.);
#1263 = VERTEX_POINT('',#1264);
#1264 = CARTESIAN_POINT('',(1.808989811393,0.398797919223,1.500247792129
    ));
#1265 = SURFACE_CURVE('',#1266,(#1271,#1278),.PCURVE_S1.);
#1266 = CIRCLE('',#1267,1.5);
#1267 = AXIS2_PLACEMENT_3D('',#1268,#1269,#1270);
#1268 = CARTESIAN_POINT('',(0.819993019216,-0.728981024127,
    1.500247792129));
#1269 = DIRECTION('',(6.12318272229E-17,-3.583545125319E-30,-1.));
#1270 = DIRECTION('',(-1.,-2.22044604925E-16,-6.12318272229E-17));
#1271 = PCURVE('',#1181,#1272);
#1272 = DEFINITIONAL_REPRESENTATION('',(#1273),#1277);
#1273 = CIRCLE('',#1274,1.5);
#1274 = AXIS2_PLACEMENT_2D('',#1275,#1276);
#1275 = CARTESIAN_POINT('',(0.339697172234,0.790732071807));
#1276 = DIRECTION('',(7.928682086825E-48,-1.));
#1277 = ( GEOMETRIC_REPRESENTATION_CONTEXT(2) 
PARAMETRIC_REPRESENTATION_CONTEXT() REPRESENTATION_CONTEXT('2D SPACE',''
  ) );
#1278 = PCURVE('',#1279,#1284);
#1279 = CYLINDRICAL_SURFACE('',#1280,1.5);
#1280 = AXIS2_PLACEMENT_3D('',#1281,#1282,#1283);
#1281 = CARTESIAN_POINT('',(0.819993019216,-0.728981024127,
    2.477921290873E-04));
#1282 = DIRECTION('',(-6.12318272229E-17,3.583545125319E-30,1.));
#1283 = DIRECTION('',(-1.,-2.22044604925E-16,-6.12318272229E-17));
#1284 = DEFINITIONAL_REPRESENTATION('',(#1285),#1289);
#1285 = LINE('',#1286,#1287);
#1286 = CARTESIAN_POINT('',(6.28318530718,1.5));
#1287 = VECTOR('',#1288,1.);
#1288 = DIRECTION('',(-1.,0.));
#1289 = ( GEOMETRIC_REPRESENTATION_CONTEXT(2) 
PARAMETRIC_REPRESENTATION_CONTEXT() REPRESENTATION_CONTEXT('2D SPACE',''
  ) );
#1290 = ORIENTED_EDGE('',*,*,#1291,.F.);
#1291 = EDGE_CURVE('',#1172,#1263,#1292,.T.);
#1292 = SURFACE_CURVE('',#1293,(#1298,#1309),.PCURVE_S1.);
#1293 = CIRCLE('',#1294,5.2735);
#1294 = AXIS2_PLACEMENT_3D('',#1295,#1296,#1297);
#1295 = CARTESIAN_POINT('',(3.396003012328,-4.630236913631,
    1.500247792129));
#1296 = DIRECTION('',(-6.12318272229E-17,3.574525976783E-30,1.));
#1297 = DIRECTION('',(0.277912237606,0.96060646895,1.701707411622E-17));
#1298 = PCURVE('',#1181,#1299);
#1299 = DEFINITIONAL_REPRESENTATION('',(#1300),#1308);
#1300 = ( BOUNDED_CURVE() B_SPLINE_CURVE(2,(#1301,#1302,#1303,#1304,
#1305,#1306,#1307),.UNSPECIFIED.,.T.,.F.) B_SPLINE_CURVE_WITH_KNOTS((1,2
    ,2,2,2,1),(-2.094395102393,0.,2.094395102393,4.188790204786,
6.28318530718,8.377580409573),.UNSPECIFIED.) CURVE() 
GEOMETRIC_REPRESENTATION_ITEM() RATIONAL_B_SPLINE_CURVE((1.,0.5,1.,0.5,
1.,0.5,1.)) REPRESENTATION_ITEM('') );
#1301 = CARTESIAN_POINT('',(1.504199496739,4.832312249933));
#1302 = CARTESIAN_POINT('',(4.042641519243,-3.941838355589));
#1303 = CARTESIAN_POINT('',(-4.825216813022,-1.75311833035));
#1304 = CARTESIAN_POINT('',(-13.69307514528,0.435601694888));
#1305 = CARTESIAN_POINT('',(-7.363658835526,7.021032275172));
#1306 = CARTESIAN_POINT('',(-1.034242525766,13.606462855455));
#1307 = CARTESIAN_POINT('',(1.504199496739,4.832312249933));
#1308 = ( GEOMETRIC_REPRESENTATION_CONTEXT(2) 
PARAMETRIC_REPRESENTATION_CONTEXT() REPRESENTATION_CONTEXT('2D SPACE',''
  ) );
#1309 = PCURVE('',#1310,#1315);
#1310 = CYLINDRICAL_SURFACE('',#1311,5.2735);
#1311 = AXIS2_PLACEMENT_3D('',#1312,#1313,#1314);
#1312 = CARTESIAN_POINT('',(3.396003012328,-4.630236913631,
    2.000247792129));
#1313 = DIRECTION('',(6.12318272229E-17,-3.583545125319E-30,-1.));
#1314 = DIRECTION('',(0.277912237606,0.96060646895,1.701707411622E-17));
#1315 = DEFINITIONAL_REPRESENTATION('',(#1316),#1320);
#1316 = LINE('',#1317,#1318);
#1317 = CARTESIAN_POINT('',(6.28318530718,0.5));
#1318 = VECTOR('',#1319,1.);
#1319 = DIRECTION('',(-1.,0.));
#1320 = ( GEOMETRIC_REPRESENTATION_CONTEXT(2) 
PARAMETRIC_REPRESENTATION_CONTEXT() REPRESENTATION_CONTEXT('2D SPACE',''
  ) );
#1321 = ADVANCED_FACE('',(#1322),#1336,.T.);
#1322 = FACE_BOUND('',#1323,.T.);
#1323 = EDGE_LOOP('',(#1324,#1359,#1387,#1415,#1443,#1471,#1494,#1517));
#1324 = ORIENTED_EDGE('',*,*,#1325,.T.);
#1325 = EDGE_CURVE('',#1326,#1328,#1330,.T.);
#1326 = VERTEX_POINT('',#1327);
#1327 = CARTESIAN_POINT('',(-6.116873933503,-3.131189485623,
    1.500247792129));
#1328 = VERTEX_POINT('',#1329);
#1329 = CARTESIAN_POINT('',(-3.829225460954,-5.015638880774,
    1.500247792129));
#1330 = SURFACE_CURVE('',#1331,(#1335,#1347),.PCURVE_S1.);
#1331 = LINE('',#1332,#1333);
#1332 = CARTESIAN_POINT('',(-5.682156991456,-3.489287370124,
    1.500247792129));
#1333 = VECTOR('',#1334,1.);
#1334 = DIRECTION('',(0.771846849761,-0.635808493584,4.726159294712E-17)
  );
#1335 = PCURVE('',#1336,#1341);
#1336 = PLANE('',#1337);
#1337 = AXIS2_PLACEMENT_3D('',#1338,#1339,#1340);
#1338 = CARTESIAN_POINT('',(-7.896814125242,-1.664964557284,
    2.477921290867E-04));
#1339 = DIRECTION('',(-0.635808493584,-0.771846849761,-3.8931715826E-17)
  );
#1340 = DIRECTION('',(0.771846849761,-0.635808493584,4.726159294712E-17)
  );
#1341 = DEFINITIONAL_REPRESENTATION('',(#1342),#1346);
#1342 = LINE('',#1343,#1344);
#1343 = CARTESIAN_POINT('',(2.869296071456,1.5));
#1344 = VECTOR('',#1345,1.);
#1345 = DIRECTION('',(1.,0.));
#1346 = ( GEOMETRIC_REPRESENTATION_CONTEXT(2) 
PARAMETRIC_REPRESENTATION_CONTEXT() REPRESENTATION_CONTEXT('2D SPACE',''
  ) );
#1347 = PCURVE('',#1348,#1353);
#1348 = PLANE('',#1349);
#1349 = AXIS2_PLACEMENT_3D('',#1350,#1351,#1352);
#1350 = CARTESIAN_POINT('',(-3.633289234841,-0.852682946903,
    1.500247792129));
#1351 = DIRECTION('',(6.12318272229E-17,-3.583545125319E-30,-1.));
#1352 = DIRECTION('',(-2.22044604925E-16,1.,-3.597141322204E-30));
#1353 = DEFINITIONAL_REPRESENTATION('',(#1354),#1358);
#1354 = LINE('',#1355,#1356);
#1355 = CARTESIAN_POINT('',(-2.636604423221,-2.048867756615));
#1356 = VECTOR('',#1357,1.);
#1357 = DIRECTION('',(-0.635808493584,0.771846849761));
#1358 = ( GEOMETRIC_REPRESENTATION_CONTEXT(2) 
PARAMETRIC_REPRESENTATION_CONTEXT() REPRESENTATION_CONTEXT('2D SPACE',''
  ) );
#1359 = ORIENTED_EDGE('',*,*,#1360,.T.);
#1360 = EDGE_CURVE('',#1328,#1361,#1363,.T.);
#1361 = VERTEX_POINT('',#1362);
#1362 = CARTESIAN_POINT('',(-3.829225460954,-5.015638880774,
    1.600247792129));
#1363 = SURFACE_CURVE('',#1364,(#1368,#1375),.PCURVE_S1.);
#1364 = LINE('',#1365,#1366);
#1365 = CARTESIAN_POINT('',(-3.829225460954,-5.015638880774,
    2.47792129087E-04));
#1366 = VECTOR('',#1367,1.);
#1367 = DIRECTION('',(-6.12318272229E-17,3.583545125319E-30,1.));
#1368 = PCURVE('',#1336,#1369);
#1369 = DEFINITIONAL_REPRESENTATION('',(#1370),#1374);
#1370 = LINE('',#1371,#1372);
#1371 = CARTESIAN_POINT('',(5.269942690763,4.34975681099E-17));
#1372 = VECTOR('',#1373,1.);
#1373 = DIRECTION('',(0.,1.));
#1374 = ( GEOMETRIC_REPRESENTATION_CONTEXT(2) 
PARAMETRIC_REPRESENTATION_CONTEXT() REPRESENTATION_CONTEXT('2D SPACE',''
  ) );
#1375 = PCURVE('',#1376,#1381);
#1376 = CYLINDRICAL_SURFACE('',#1377,1.75);
#1377 = AXIS2_PLACEMENT_3D('',#1378,#1379,#1380);
#1378 = CARTESIAN_POINT('',(-2.10314014334,-4.727317053097,
    2.477921290871E-04));
#1379 = DIRECTION('',(-6.12318272229E-17,3.583545125319E-30,1.));
#1380 = DIRECTION('',(-1.,-2.22044604925E-16,-6.12318272229E-17));
#1381 = DEFINITIONAL_REPRESENTATION('',(#1382),#1386);
#1382 = LINE('',#1383,#1384);
#1383 = CARTESIAN_POINT('',(6.448695253579,0.));
#1384 = VECTOR('',#1385,1.);
#1385 = DIRECTION('',(0.,1.));
#1386 = ( GEOMETRIC_REPRESENTATION_CONTEXT(2) 
PARAMETRIC_REPRESENTATION_CONTEXT() REPRESENTATION_CONTEXT('2D SPACE',''
  ) );
#1387 = ORIENTED_EDGE('',*,*,#1388,.T.);
#1388 = EDGE_CURVE('',#1361,#1389,#1391,.T.);
#1389 = VERTEX_POINT('',#1390);
#1390 = CARTESIAN_POINT('',(-2.942407354871,-5.746154894782,
    1.600247792129));
#1391 = SURFACE_CURVE('',#1392,(#1396,#1403),.PCURVE_S1.);
#1392 = LINE('',#1393,#1394);
#1393 = CARTESIAN_POINT('',(-5.419610740056,-3.705559726033,
    1.600247792129));
#1394 = VECTOR('',#1395,1.);
#1395 = DIRECTION('',(0.771846849761,-0.635808493584,4.726159294712E-17)
  );
#1396 = PCURVE('',#1336,#1397);
#1397 = DEFINITIONAL_REPRESENTATION('',(#1398),#1402);
#1398 = LINE('',#1399,#1400);
#1399 = CARTESIAN_POINT('',(3.20944936933,1.6));
#1400 = VECTOR('',#1401,1.);
#1401 = DIRECTION('',(1.,0.));
#1402 = ( GEOMETRIC_REPRESENTATION_CONTEXT(2) 
PARAMETRIC_REPRESENTATION_CONTEXT() REPRESENTATION_CONTEXT('2D SPACE',''
  ) );
#1403 = PCURVE('',#1404,#1409);
#1404 = PLANE('',#1405);
#1405 = AXIS2_PLACEMENT_3D('',#1406,#1407,#1408);
#1406 = CARTESIAN_POINT('',(3.396003012328,-4.630236913631,
    1.600247792129));
#1407 = DIRECTION('',(6.12318272229E-17,-3.583545125319E-30,-1.));
#1408 = DIRECTION('',(-2.22044604925E-16,1.,-3.597141322204E-30));
#1409 = DEFINITIONAL_REPRESENTATION('',(#1410),#1414);
#1410 = LINE('',#1411,#1412);
#1411 = CARTESIAN_POINT('',(0.924677187598,-8.815613752384));
#1412 = VECTOR('',#1413,1.);
#1413 = DIRECTION('',(-0.635808493584,0.771846849761));
#1414 = ( GEOMETRIC_REPRESENTATION_CONTEXT(2) 
PARAMETRIC_REPRESENTATION_CONTEXT() REPRESENTATION_CONTEXT('2D SPACE',''
  ) );
#1415 = ORIENTED_EDGE('',*,*,#1416,.T.);
#1416 = EDGE_CURVE('',#1389,#1417,#1419,.T.);
#1417 = VERTEX_POINT('',#1418);
#1418 = CARTESIAN_POINT('',(-2.942407354871,-5.746154894782,
    1.850247792129));
#1419 = SURFACE_CURVE('',#1420,(#1424,#1431),.PCURVE_S1.);
#1420 = LINE('',#1421,#1422);
#1421 = CARTESIAN_POINT('',(-2.942407354871,-5.746154894782,
    2.477921290871E-04));
#1422 = VECTOR('',#1423,1.);
#1423 = DIRECTION('',(-6.12318272229E-17,3.583545125319E-30,1.));
#1424 = PCURVE('',#1336,#1425);
#1425 = DEFINITIONAL_REPRESENTATION('',(#1426),#1430);
#1426 = LINE('',#1427,#1428);
#1427 = CARTESIAN_POINT('',(6.418898738661,1.957579737197E-17));
#1428 = VECTOR('',#1429,1.);
#1429 = DIRECTION('',(0.,1.));
#1430 = ( GEOMETRIC_REPRESENTATION_CONTEXT(2) 
PARAMETRIC_REPRESENTATION_CONTEXT() REPRESENTATION_CONTEXT('2D SPACE',''
  ) );
#1431 = PCURVE('',#1432,#1437);
#1432 = CYLINDRICAL_SURFACE('',#1433,1.32);
#1433 = AXIS2_PLACEMENT_3D('',#1434,#1435,#1436);
#1434 = CARTESIAN_POINT('',(-2.10314014334,-4.727317053097,
    2.477921290871E-04));
#1435 = DIRECTION('',(-6.12318272229E-17,3.583545125319E-30,1.));
#1436 = DIRECTION('',(7.216161421613E-02,-0.997392952368,
    4.418587493811E-18));
#1437 = DEFINITIONAL_REPRESENTATION('',(#1438),#1442);
#1438 = LINE('',#1439,#1440);
#1439 = CARTESIAN_POINT('',(5.521905369923,0.));
#1440 = VECTOR('',#1441,1.);
#1441 = DIRECTION('',(0.,1.));
#1442 = ( GEOMETRIC_REPRESENTATION_CONTEXT(2) 
PARAMETRIC_REPRESENTATION_CONTEXT() REPRESENTATION_CONTEXT('2D SPACE',''
  ) );
#1443 = ORIENTED_EDGE('',*,*,#1444,.F.);
#1444 = EDGE_CURVE('',#1445,#1417,#1447,.T.);
#1445 = VERTEX_POINT('',#1446);
#1446 = CARTESIAN_POINT('',(-7.896814125242,-1.664964557284,
    1.850247792129));
#1447 = SURFACE_CURVE('',#1448,(#1452,#1459),.PCURVE_S1.);
#1448 = LINE('',#1449,#1450);
#1449 = CARTESIAN_POINT('',(-6.172390235852,-3.085457956658,
    1.850247792129));
#1450 = VECTOR('',#1451,1.);
#1451 = DIRECTION('',(0.771846849761,-0.635808493584,4.726159294712E-17)
  );
#1452 = PCURVE('',#1336,#1453);
#1453 = DEFINITIONAL_REPRESENTATION('',(#1454),#1458);
#1454 = LINE('',#1455,#1456);
#1455 = CARTESIAN_POINT('',(2.23415291508,1.85));
#1456 = VECTOR('',#1457,1.);
#1457 = DIRECTION('',(1.,0.));
#1458 = ( GEOMETRIC_REPRESENTATION_CONTEXT(2) 
PARAMETRIC_REPRESENTATION_CONTEXT() REPRESENTATION_CONTEXT('2D SPACE',''
  ) );
#1459 = PCURVE('',#1460,#1465);
#1460 = PLANE('',#1461);
#1461 = AXIS2_PLACEMENT_3D('',#1462,#1463,#1464);
#1462 = CARTESIAN_POINT('',(-6.124704598833,-3.027569442926,
    1.925247792129));
#1463 = DIRECTION('',(-0.449584497349,-0.545778141504,0.707106781187));
#1464 = DIRECTION('',(-0.771846849761,0.635808493584,1.747830119779E-16)
  );
#1465 = DEFINITIONAL_REPRESENTATION('',(#1466),#1470);
#1466 = LINE('',#1467,#1468);
#1467 = CARTESIAN_POINT('',(5.455763626027E-15,0.106066017178));
#1468 = VECTOR('',#1469,1.);
#1469 = DIRECTION('',(-1.,7.163962508778E-17));
#1470 = ( GEOMETRIC_REPRESENTATION_CONTEXT(2) 
PARAMETRIC_REPRESENTATION_CONTEXT() REPRESENTATION_CONTEXT('2D SPACE',''
  ) );
#1471 = ORIENTED_EDGE('',*,*,#1472,.F.);
#1472 = EDGE_CURVE('',#1473,#1445,#1475,.T.);
#1473 = VERTEX_POINT('',#1474);
#1474 = CARTESIAN_POINT('',(-7.896814125242,-1.664964557284,
    1.600247792129));
#1475 = SURFACE_CURVE('',#1476,(#1480,#1487),.PCURVE_S1.);
#1476 = LINE('',#1477,#1478);
#1477 = CARTESIAN_POINT('',(-7.896814125242,-1.664964557284,
    2.477921290867E-04));
#1478 = VECTOR('',#1479,1.);
#1479 = DIRECTION('',(-6.12318272229E-17,3.583545125319E-30,1.));
#1480 = PCURVE('',#1336,#1481);
#1481 = DEFINITIONAL_REPRESENTATION('',(#1482),#1486);
#1482 = LINE('',#1483,#1484);
#1483 = CARTESIAN_POINT('',(0.,0.));
#1484 = VECTOR('',#1485,1.);
#1485 = DIRECTION('',(0.,1.));
#1486 = ( GEOMETRIC_REPRESENTATION_CONTEXT(2) 
PARAMETRIC_REPRESENTATION_CONTEXT() REPRESENTATION_CONTEXT('2D SPACE',''
  ) );
#1487 = PCURVE('',#638,#1488);
#1488 = DEFINITIONAL_REPRESENTATION('',(#1489),#1493);
#1489 = LINE('',#1490,#1491);
#1490 = CARTESIAN_POINT('',(6.28318530718,0.));
#1491 = VECTOR('',#1492,1.);
#1492 = DIRECTION('',(0.,1.));
#1493 = ( GEOMETRIC_REPRESENTATION_CONTEXT(2) 
PARAMETRIC_REPRESENTATION_CONTEXT() REPRESENTATION_CONTEXT('2D SPACE',''
  ) );
#1494 = ORIENTED_EDGE('',*,*,#1495,.T.);
#1495 = EDGE_CURVE('',#1473,#1496,#1498,.T.);
#1496 = VERTEX_POINT('',#1497);
#1497 = CARTESIAN_POINT('',(-6.116873933503,-3.131189485623,
    1.600247792129));
#1498 = SURFACE_CURVE('',#1499,(#1503,#1510),.PCURVE_S1.);
#1499 = LINE('',#1500,#1501);
#1500 = CARTESIAN_POINT('',(-8.126979084985,-1.47536627574,
    1.600247792129));
#1501 = VECTOR('',#1502,1.);
#1502 = DIRECTION('',(0.771846849761,-0.635808493584,4.726159294712E-17)
  );
#1503 = PCURVE('',#1336,#1504);
#1504 = DEFINITIONAL_REPRESENTATION('',(#1505),#1509);
#1505 = LINE('',#1506,#1507);
#1506 = CARTESIAN_POINT('',(-0.298200296878,1.6));
#1507 = VECTOR('',#1508,1.);
#1508 = DIRECTION('',(1.,0.));
#1509 = ( GEOMETRIC_REPRESENTATION_CONTEXT(2) 
PARAMETRIC_REPRESENTATION_CONTEXT() REPRESENTATION_CONTEXT('2D SPACE',''
  ) );
#1510 = PCURVE('',#610,#1511);
#1511 = DEFINITIONAL_REPRESENTATION('',(#1512),#1516);
#1512 = LINE('',#1513,#1514);
#1513 = CARTESIAN_POINT('',(-0.520500820236,-0.815108773841));
#1514 = VECTOR('',#1515,1.);
#1515 = DIRECTION('',(-0.635808493584,0.771846849761));
#1516 = ( GEOMETRIC_REPRESENTATION_CONTEXT(2) 
PARAMETRIC_REPRESENTATION_CONTEXT() REPRESENTATION_CONTEXT('2D SPACE',''
  ) );
#1517 = ORIENTED_EDGE('',*,*,#1518,.T.);
#1518 = EDGE_CURVE('',#1496,#1326,#1519,.T.);
#1519 = SURFACE_CURVE('',#1520,(#1524,#1531),.PCURVE_S1.);
#1520 = LINE('',#1521,#1522);
#1521 = CARTESIAN_POINT('',(-6.116873933503,-3.131189485623,
    2.477921290869E-04));
#1522 = VECTOR('',#1523,1.);
#1523 = DIRECTION('',(6.12318272229E-17,-3.583545125319E-30,-1.));
#1524 = PCURVE('',#1336,#1525);
#1525 = DEFINITIONAL_REPRESENTATION('',(#1526),#1530);
#1526 = LINE('',#1527,#1528);
#1527 = CARTESIAN_POINT('',(2.306079492699,8.681370220844E-18));
#1528 = VECTOR('',#1529,1.);
#1529 = DIRECTION('',(0.,-1.));
#1530 = ( GEOMETRIC_REPRESENTATION_CONTEXT(2) 
PARAMETRIC_REPRESENTATION_CONTEXT() REPRESENTATION_CONTEXT('2D SPACE',''
  ) );
#1531 = PCURVE('',#1532,#1537);
#1532 = CYLINDRICAL_SURFACE('',#1533,6.);
#1533 = AXIS2_PLACEMENT_3D('',#1534,#1535,#1536);
#1534 = CARTESIAN_POINT('',(-11.6959323545,-5.338927498861,
    2.477921290865E-04));
#1535 = DIRECTION('',(-6.12318272229E-17,3.583545125319E-30,1.));
#1536 = DIRECTION('',(-1.,-2.22044604925E-16,-6.12318272229E-17));
#1537 = DEFINITIONAL_REPRESENTATION('',(#1538),#1542);
#1538 = LINE('',#1539,#1540);
#1539 = CARTESIAN_POINT('',(3.518402856366,0.));
#1540 = VECTOR('',#1541,1.);
#1541 = DIRECTION('',(0.,-1.));
#1542 = ( GEOMETRIC_REPRESENTATION_CONTEXT(2) 
PARAMETRIC_REPRESENTATION_CONTEXT() REPRESENTATION_CONTEXT('2D SPACE',''
  ) );
#1543 = ADVANCED_FACE('',(#1544),#1559,.T.);
#1544 = FACE_BOUND('',#1545,.T.);
#1545 = EDGE_LOOP('',(#1546,#1586,#1615,#1644,#1677));
#1546 = ORIENTED_EDGE('',*,*,#1547,.T.);
#1547 = EDGE_CURVE('',#1548,#1550,#1552,.T.);
#1548 = VERTEX_POINT('',#1549);
#1549 = CARTESIAN_POINT('',(-3.124131402818,-2.189911735526,
    1.500247792129));
#1550 = VERTEX_POINT('',#1551);
#1551 = CARTESIAN_POINT('',(-2.672583704793,-3.072556034001,
    1.500247792129));
#1552 = SURFACE_CURVE('',#1553,(#1558,#1574),.PCURVE_S1.);
#1553 = CIRCLE('',#1554,4.206);
#1554 = AXIS2_PLACEMENT_3D('',#1555,#1556,#1557);
#1555 = CARTESIAN_POINT('',(0.819993019216,-0.728981024127,
    1.500247792129));
#1556 = DIRECTION('',(-6.12318272229E-17,3.580688952605E-30,1.));
#1557 = DIRECTION('',(0.967213362928,0.253965175907,5.922424152648E-17)
  );
#1558 = PCURVE('',#1559,#1564);
#1559 = PLANE('',#1560);
#1560 = AXIS2_PLACEMENT_3D('',#1561,#1562,#1563);
#1561 = CARTESIAN_POINT('',(-3.633289234841,-0.852682946903,
    1.500247792129));
#1562 = DIRECTION('',(6.12318272229E-17,-3.583545125319E-30,-1.));
#1563 = DIRECTION('',(-2.22044604925E-16,1.,-3.597141322204E-30));
#1564 = DEFINITIONAL_REPRESENTATION('',(#1565),#1573);
#1565 = ( BOUNDED_CURVE() B_SPLINE_CURVE(2,(#1566,#1567,#1568,#1569,
#1570,#1571,#1572),.UNSPECIFIED.,.T.,.F.) B_SPLINE_CURVE_WITH_KNOTS((1,2
    ,2,2,2,1),(-2.094395102393,0.,2.094395102393,4.188790204786,
6.28318530718,8.377580409573),.UNSPECIFIED.) CURVE() 
GEOMETRIC_REPRESENTATION_ITEM() RATIONAL_B_SPLINE_CURVE((1.,0.5,1.,0.5,
1.,0.5,1.)) REPRESENTATION_ITEM('') );
#1566 = CARTESIAN_POINT('',(1.191879452643,8.521381658532));
#1567 = CARTESIAN_POINT('',(8.238034311434,6.671243905301));
#1568 = CARTESIAN_POINT('',(3.112690587239,1.494163675204));
#1569 = CARTESIAN_POINT('',(-2.012653136956,-3.682916554893));
#1570 = CARTESIAN_POINT('',(-3.933464271552,3.344301428436));
#1571 = CARTESIAN_POINT('',(-5.854275406149,10.371519411764));
#1572 = CARTESIAN_POINT('',(1.191879452643,8.521381658532));
#1573 = ( GEOMETRIC_REPRESENTATION_CONTEXT(2) 
PARAMETRIC_REPRESENTATION_CONTEXT() REPRESENTATION_CONTEXT('2D SPACE',''
  ) );
#1574 = PCURVE('',#1575,#1580);
#1575 = CYLINDRICAL_SURFACE('',#1576,4.206);
#1576 = AXIS2_PLACEMENT_3D('',#1577,#1578,#1579);
#1577 = CARTESIAN_POINT('',(0.819993019216,-0.728981024127,
    2.000247792129));
#1578 = DIRECTION('',(6.12318272229E-17,-3.583545125319E-30,-1.));
#1579 = DIRECTION('',(0.967213362928,0.253965175907,5.922424152648E-17)
  );
#1580 = DEFINITIONAL_REPRESENTATION('',(#1581),#1585);
#1581 = LINE('',#1582,#1583);
#1582 = CARTESIAN_POINT('',(6.28318530718,0.5));
#1583 = VECTOR('',#1584,1.);
#1584 = DIRECTION('',(-1.,0.));
#1585 = ( GEOMETRIC_REPRESENTATION_CONTEXT(2) 
PARAMETRIC_REPRESENTATION_CONTEXT() REPRESENTATION_CONTEXT('2D SPACE',''
  ) );
#1586 = ORIENTED_EDGE('',*,*,#1587,.F.);
#1587 = EDGE_CURVE('',#1588,#1550,#1590,.T.);
#1588 = VERTEX_POINT('',#1589);
#1589 = CARTESIAN_POINT('',(-3.349721343506,-3.499092598288,
    1.500247792129));
#1590 = SURFACE_CURVE('',#1591,(#1596,#1603),.PCURVE_S1.);
#1591 = CIRCLE('',#1592,1.75);
#1592 = AXIS2_PLACEMENT_3D('',#1593,#1594,#1595);
#1593 = CARTESIAN_POINT('',(-2.10314014334,-4.727317053097,
    1.500247792129));
#1594 = DIRECTION('',(6.12318272229E-17,-3.583545125319E-30,-1.));
#1595 = DIRECTION('',(-1.,-2.22044604925E-16,-6.12318272229E-17));
#1596 = PCURVE('',#1559,#1597);
#1597 = DEFINITIONAL_REPRESENTATION('',(#1598),#1602);
#1598 = CIRCLE('',#1599,1.75);
#1599 = AXIS2_PLACEMENT_2D('',#1600,#1601);
#1600 = CARTESIAN_POINT('',(-3.874634106194,1.530149091501));
#1601 = DIRECTION('',(7.928682086825E-48,-1.));
#1602 = ( GEOMETRIC_REPRESENTATION_CONTEXT(2) 
PARAMETRIC_REPRESENTATION_CONTEXT() REPRESENTATION_CONTEXT('2D SPACE',''
  ) );
#1603 = PCURVE('',#1604,#1609);
#1604 = CYLINDRICAL_SURFACE('',#1605,1.75);
#1605 = AXIS2_PLACEMENT_3D('',#1606,#1607,#1608);
#1606 = CARTESIAN_POINT('',(-2.10314014334,-4.727317053097,
    2.477921290871E-04));
#1607 = DIRECTION('',(-6.12318272229E-17,3.583545125319E-30,1.));
#1608 = DIRECTION('',(-1.,-2.22044604925E-16,-6.12318272229E-17));
#1609 = DEFINITIONAL_REPRESENTATION('',(#1610),#1614);
#1610 = LINE('',#1611,#1612);
#1611 = CARTESIAN_POINT('',(6.28318530718,1.5));
#1612 = VECTOR('',#1613,1.);
#1613 = DIRECTION('',(-1.,0.));
#1614 = ( GEOMETRIC_REPRESENTATION_CONTEXT(2) 
PARAMETRIC_REPRESENTATION_CONTEXT() REPRESENTATION_CONTEXT('2D SPACE',''
  ) );
#1615 = ORIENTED_EDGE('',*,*,#1616,.T.);
#1616 = EDGE_CURVE('',#1588,#1617,#1619,.T.);
#1617 = VERTEX_POINT('',#1618);
#1618 = CARTESIAN_POINT('',(-3.994149530402,-2.101594411774,
    1.500247792129));
#1619 = SURFACE_CURVE('',#1620,(#1625,#1632),.PCURVE_S1.);
#1620 = CIRCLE('',#1621,5.006);
#1621 = AXIS2_PLACEMENT_3D('',#1622,#1623,#1624);
#1622 = CARTESIAN_POINT('',(0.819993019216,-0.728981024127,
    1.500247792129));
#1623 = DIRECTION('',(6.12318272229E-17,-3.588392672382E-30,-1.));
#1624 = DIRECTION('',(-0.978075794872,-0.208249224453,-5.98893680825E-17
    ));
#1625 = PCURVE('',#1559,#1626);
#1626 = DEFINITIONAL_REPRESENTATION('',(#1627),#1631);
#1627 = CIRCLE('',#1628,5.006);
#1628 = AXIS2_PLACEMENT_2D('',#1629,#1630);
#1629 = CARTESIAN_POINT('',(0.123701922776,4.453282254057));
#1630 = DIRECTION('',(-0.208249224453,-0.978075794872));
#1631 = ( GEOMETRIC_REPRESENTATION_CONTEXT(2) 
PARAMETRIC_REPRESENTATION_CONTEXT() REPRESENTATION_CONTEXT('2D SPACE',''
  ) );
#1632 = PCURVE('',#1633,#1638);
#1633 = CYLINDRICAL_SURFACE('',#1634,5.006);
#1634 = AXIS2_PLACEMENT_3D('',#1635,#1636,#1637);
#1635 = CARTESIAN_POINT('',(0.819993019216,-0.728981024127,
    2.000247792129));
#1636 = DIRECTION('',(6.12318272229E-17,-3.583545125319E-30,-1.));
#1637 = DIRECTION('',(-0.978075794872,-0.208249224453,-5.98893680825E-17
    ));
#1638 = DEFINITIONAL_REPRESENTATION('',(#1639),#1643);
#1639 = LINE('',#1640,#1641);
#1640 = CARTESIAN_POINT('',(0.,0.5));
#1641 = VECTOR('',#1642,1.);
#1642 = DIRECTION('',(1.,0.));
#1643 = ( GEOMETRIC_REPRESENTATION_CONTEXT(2) 
PARAMETRIC_REPRESENTATION_CONTEXT() REPRESENTATION_CONTEXT('2D SPACE',''
  ) );
#1644 = ORIENTED_EDGE('',*,*,#1645,.T.);
#1645 = EDGE_CURVE('',#1617,#1646,#1648,.T.);
#1646 = VERTEX_POINT('',#1647);
#1647 = CARTESIAN_POINT('',(-3.153271653743,-2.060815026535,
    1.500247792129));
#1648 = SURFACE_CURVE('',#1649,(#1654,#1665),.PCURVE_S1.);
#1649 = CIRCLE('',#1650,1.3);
#1650 = AXIS2_PLACEMENT_3D('',#1651,#1652,#1653);
#1651 = CARTESIAN_POINT('',(-3.633289234841,-0.852682946903,
    1.500247792129));
#1652 = DIRECTION('',(-6.12318272229E-17,3.583545125319E-30,1.));
#1653 = DIRECTION('',(-1.,-2.22044604925E-16,-6.12318272229E-17));
#1654 = PCURVE('',#1559,#1655);
#1655 = DEFINITIONAL_REPRESENTATION('',(#1656),#1664);
#1656 = ( BOUNDED_CURVE() B_SPLINE_CURVE(2,(#1657,#1658,#1659,#1660,
#1661,#1662,#1663),.UNSPECIFIED.,.T.,.F.) B_SPLINE_CURVE_WITH_KNOTS((1,2
    ,2,2,2,1),(-2.094395102393,0.,2.094395102393,4.188790204786,
6.28318530718,8.377580409573),.UNSPECIFIED.) CURVE() 
GEOMETRIC_REPRESENTATION_ITEM() RATIONAL_B_SPLINE_CURVE((1.,0.5,1.,0.5,
1.,0.5,1.)) REPRESENTATION_ITEM('') );
#1657 = CARTESIAN_POINT('',(-1.258000069217E-31,-1.3));
#1658 = CARTESIAN_POINT('',(-2.25166604984,-1.3));
#1659 = CARTESIAN_POINT('',(-1.12583302492,0.65));
#1660 = CARTESIAN_POINT('',(-3.184081677783E-16,2.6));
#1661 = CARTESIAN_POINT('',(1.12583302492,0.65));
#1662 = CARTESIAN_POINT('',(2.25166604984,-1.3));
#1663 = CARTESIAN_POINT('',(-1.258000069217E-31,-1.3));
#1664 = ( GEOMETRIC_REPRESENTATION_CONTEXT(2) 
PARAMETRIC_REPRESENTATION_CONTEXT() REPRESENTATION_CONTEXT('2D SPACE',''
  ) );
#1665 = PCURVE('',#1666,#1671);
#1666 = CYLINDRICAL_SURFACE('',#1667,1.3);
#1667 = AXIS2_PLACEMENT_3D('',#1668,#1669,#1670);
#1668 = CARTESIAN_POINT('',(-3.633289234841,-0.852682946903,
    2.47792129087E-04));
#1669 = DIRECTION('',(-6.12318272229E-17,3.583545125319E-30,1.));
#1670 = DIRECTION('',(-1.,-2.22044604925E-16,-6.12318272229E-17));
#1671 = DEFINITIONAL_REPRESENTATION('',(#1672),#1676);
#1672 = LINE('',#1673,#1674);
#1673 = CARTESIAN_POINT('',(0.,1.5));
#1674 = VECTOR('',#1675,1.);
#1675 = DIRECTION('',(1.,0.));
#1676 = ( GEOMETRIC_REPRESENTATION_CONTEXT(2) 
PARAMETRIC_REPRESENTATION_CONTEXT() REPRESENTATION_CONTEXT('2D SPACE',''
  ) );
#1677 = ORIENTED_EDGE('',*,*,#1678,.F.);
#1678 = EDGE_CURVE('',#1548,#1646,#1679,.T.);
#1679 = SURFACE_CURVE('',#1680,(#1685,#1692),.PCURVE_S1.);
#1680 = CIRCLE('',#1681,0.5);
#1681 = AXIS2_PLACEMENT_3D('',#1682,#1683,#1684);
#1682 = CARTESIAN_POINT('',(-2.655262593732,-2.016239515911,
    1.500247792129));
#1683 = DIRECTION('',(6.12318272229E-17,-3.571444488872E-30,-1.));
#1684 = DIRECTION('',(-0.966764693537,0.255667806597,-5.919676867987E-17
    ));
#1685 = PCURVE('',#1559,#1686);
#1686 = DEFINITIONAL_REPRESENTATION('',(#1687),#1691);
#1687 = CIRCLE('',#1688,0.5);
#1688 = AXIS2_PLACEMENT_2D('',#1689,#1690);
#1689 = CARTESIAN_POINT('',(-1.163556569008,0.978026641109));
#1690 = DIRECTION('',(0.255667806597,-0.966764693537));
#1691 = ( GEOMETRIC_REPRESENTATION_CONTEXT(2) 
PARAMETRIC_REPRESENTATION_CONTEXT() REPRESENTATION_CONTEXT('2D SPACE',''
  ) );
#1692 = PCURVE('',#1693,#1698);
#1693 = CYLINDRICAL_SURFACE('',#1694,0.5);
#1694 = AXIS2_PLACEMENT_3D('',#1695,#1696,#1697);
#1695 = CARTESIAN_POINT('',(-2.655262593732,-2.016239515911,
    2.000247792129));
#1696 = DIRECTION('',(6.12318272229E-17,-3.583545125319E-30,-1.));
#1697 = DIRECTION('',(-0.966764693537,0.255667806597,-5.919676867987E-17
    ));
#1698 = DEFINITIONAL_REPRESENTATION('',(#1699),#1703);
#1699 = LINE('',#1700,#1701);
#1700 = CARTESIAN_POINT('',(-6.28318530718,0.5));
#1701 = VECTOR('',#1702,1.);
#1702 = DIRECTION('',(1.,0.));
#1703 = ( GEOMETRIC_REPRESENTATION_CONTEXT(2) 
PARAMETRIC_REPRESENTATION_CONTEXT() REPRESENTATION_CONTEXT('2D SPACE',''
  ) );
#1704 = ADVANCED_FACE('',(#1705),#1279,.F.);
#1705 = FACE_BOUND('',#1706,.F.);
#1706 = EDGE_LOOP('',(#1707,#1730,#1763,#1784));
#1707 = ORIENTED_EDGE('',*,*,#1708,.F.);
#1708 = EDGE_CURVE('',#1709,#1263,#1711,.T.);
#1709 = VERTEX_POINT('',#1710);
#1710 = CARTESIAN_POINT('',(1.808989811393,0.398797919223,1.600247792129
    ));
#1711 = SURFACE_CURVE('',#1712,(#1716,#1723),.PCURVE_S1.);
#1712 = LINE('',#1713,#1714);
#1713 = CARTESIAN_POINT('',(1.808989811393,0.398797919223,2.000247792129
    ));
#1714 = VECTOR('',#1715,1.);
#1715 = DIRECTION('',(6.12318272229E-17,-3.583545125319E-30,-1.));
#1716 = PCURVE('',#1279,#1717);
#1717 = DEFINITIONAL_REPRESENTATION('',(#1718),#1722);
#1718 = LINE('',#1719,#1720);
#1719 = CARTESIAN_POINT('',(3.992460109822,2.));
#1720 = VECTOR('',#1721,1.);
#1721 = DIRECTION('',(0.,-1.));
#1722 = ( GEOMETRIC_REPRESENTATION_CONTEXT(2) 
PARAMETRIC_REPRESENTATION_CONTEXT() REPRESENTATION_CONTEXT('2D SPACE',''
  ) );
#1723 = PCURVE('',#1310,#1724);
#1724 = DEFINITIONAL_REPRESENTATION('',(#1725),#1729);
#1725 = LINE('',#1726,#1727);
#1726 = CARTESIAN_POINT('',(5.695885853108,0.));
#1727 = VECTOR('',#1728,1.);
#1728 = DIRECTION('',(0.,1.));
#1729 = ( GEOMETRIC_REPRESENTATION_CONTEXT(2) 
PARAMETRIC_REPRESENTATION_CONTEXT() REPRESENTATION_CONTEXT('2D SPACE',''
  ) );
#1730 = ORIENTED_EDGE('',*,*,#1731,.F.);
#1731 = EDGE_CURVE('',#1732,#1709,#1734,.T.);
#1732 = VERTEX_POINT('',#1733);
#1733 = CARTESIAN_POINT('',(2.258466420988,-0.303781926766,
    1.600247792129));
#1734 = SURFACE_CURVE('',#1735,(#1740,#1747),.PCURVE_S1.);
#1735 = CIRCLE('',#1736,1.5);
#1736 = AXIS2_PLACEMENT_3D('',#1737,#1738,#1739);
#1737 = CARTESIAN_POINT('',(0.819993019216,-0.728981024127,
    1.600247792129));
#1738 = DIRECTION('',(-6.12318272229E-17,3.583545125319E-30,1.));
#1739 = DIRECTION('',(-1.,-2.22044604925E-16,-6.12318272229E-17));
#1740 = PCURVE('',#1279,#1741);
#1741 = DEFINITIONAL_REPRESENTATION('',(#1742),#1746);
#1742 = LINE('',#1743,#1744);
#1743 = CARTESIAN_POINT('',(-4.440892098501E-16,1.6));
#1744 = VECTOR('',#1745,1.);
#1745 = DIRECTION('',(1.,0.));
#1746 = ( GEOMETRIC_REPRESENTATION_CONTEXT(2) 
PARAMETRIC_REPRESENTATION_CONTEXT() REPRESENTATION_CONTEXT('2D SPACE',''
  ) );
#1747 = PCURVE('',#1748,#1753);
#1748 = PLANE('',#1749);
#1749 = AXIS2_PLACEMENT_3D('',#1750,#1751,#1752);
#1750 = CARTESIAN_POINT('',(3.396003012328,-4.630236913631,
    1.600247792129));
#1751 = DIRECTION('',(6.12318272229E-17,-3.583545125319E-30,-1.));
#1752 = DIRECTION('',(-2.22044604925E-16,1.,-3.597141322204E-30));
#1753 = DEFINITIONAL_REPRESENTATION('',(#1754),#1762);
#1754 = ( BOUNDED_CURVE() B_SPLINE_CURVE(2,(#1755,#1756,#1757,#1758,
#1759,#1760,#1761),.UNSPECIFIED.,.T.,.F.) B_SPLINE_CURVE_WITH_KNOTS((1,2
    ,2,2,2,1),(-2.094395102393,0.,2.094395102393,4.188790204786,
6.28318530718,8.377580409573),.UNSPECIFIED.) CURVE() 
GEOMETRIC_REPRESENTATION_ITEM() RATIONAL_B_SPLINE_CURVE((1.,0.5,1.,0.5,
1.,0.5,1.)) REPRESENTATION_ITEM('') );
#1755 = CARTESIAN_POINT('',(3.901255889504,-4.076009993111));
#1756 = CARTESIAN_POINT('',(1.303179678151,-4.076009993111));
#1757 = CARTESIAN_POINT('',(2.602217783828,-1.826009993111));
#1758 = CARTESIAN_POINT('',(3.901255889504,0.423990006889));
#1759 = CARTESIAN_POINT('',(5.200293995181,-1.826009993111));
#1760 = CARTESIAN_POINT('',(6.499332100857,-4.076009993111));
#1761 = CARTESIAN_POINT('',(3.901255889504,-4.076009993111));
#1762 = ( GEOMETRIC_REPRESENTATION_CONTEXT(2) 
PARAMETRIC_REPRESENTATION_CONTEXT() REPRESENTATION_CONTEXT('2D SPACE',''
  ) );
#1763 = ORIENTED_EDGE('',*,*,#1764,.T.);
#1764 = EDGE_CURVE('',#1732,#1234,#1765,.T.);
#1765 = SURFACE_CURVE('',#1766,(#1770,#1777),.PCURVE_S1.);
#1766 = LINE('',#1767,#1768);
#1767 = CARTESIAN_POINT('',(2.258466420988,-0.303781926766,
    2.477921290874E-04));
#1768 = VECTOR('',#1769,1.);
#1769 = DIRECTION('',(6.12318272229E-17,-3.583545125319E-30,-1.));
#1770 = PCURVE('',#1279,#1771);
#1771 = DEFINITIONAL_REPRESENTATION('',(#1772),#1776);
#1772 = LINE('',#1773,#1774);
#1773 = CARTESIAN_POINT('',(3.428999157968,0.));
#1774 = VECTOR('',#1775,1.);
#1775 = DIRECTION('',(0.,-1.));
#1776 = ( GEOMETRIC_REPRESENTATION_CONTEXT(2) 
PARAMETRIC_REPRESENTATION_CONTEXT() REPRESENTATION_CONTEXT('2D SPACE',''
  ) );
#1777 = PCURVE('',#1250,#1778);
#1778 = DEFINITIONAL_REPRESENTATION('',(#1779),#1783);
#1779 = LINE('',#1780,#1781);
#1780 = CARTESIAN_POINT('',(4.969495610051,0.));
#1781 = VECTOR('',#1782,1.);
#1782 = DIRECTION('',(0.,-1.));
#1783 = ( GEOMETRIC_REPRESENTATION_CONTEXT(2) 
PARAMETRIC_REPRESENTATION_CONTEXT() REPRESENTATION_CONTEXT('2D SPACE',''
  ) );
#1784 = ORIENTED_EDGE('',*,*,#1262,.F.);
#1785 = ADVANCED_FACE('',(#1786),#1250,.F.);
#1786 = FACE_BOUND('',#1787,.F.);
#1787 = EDGE_LOOP('',(#1788,#1789,#1817,#1845,#1874,#1902,#1930,#1953,
    #1981,#2002));
#1788 = ORIENTED_EDGE('',*,*,#1764,.F.);
#1789 = ORIENTED_EDGE('',*,*,#1790,.T.);
#1790 = EDGE_CURVE('',#1732,#1791,#1793,.T.);
#1791 = VERTEX_POINT('',#1792);
#1792 = CARTESIAN_POINT('',(2.205237799272,-0.31812832764,1.600247792129
    ));
#1793 = SURFACE_CURVE('',#1794,(#1799,#1806),.PCURVE_S1.);
#1794 = CIRCLE('',#1795,4.4735);
#1795 = AXIS2_PLACEMENT_3D('',#1796,#1797,#1798);
#1796 = CARTESIAN_POINT('',(3.396003012328,-4.630236913631,
    1.600247792129));
#1797 = DIRECTION('',(-6.12318272229E-17,3.580688952605E-30,1.));
#1798 = DIRECTION('',(-0.66260036172,-0.748973137468,-4.057223086669E-17
    ));
#1799 = PCURVE('',#1250,#1800);
#1800 = DEFINITIONAL_REPRESENTATION('',(#1801),#1805);
#1801 = LINE('',#1802,#1803);
#1802 = CARTESIAN_POINT('',(0.846510972171,1.6));
#1803 = VECTOR('',#1804,1.);
#1804 = DIRECTION('',(1.,0.));
#1805 = ( GEOMETRIC_REPRESENTATION_CONTEXT(2) 
PARAMETRIC_REPRESENTATION_CONTEXT() REPRESENTATION_CONTEXT('2D SPACE',''
  ) );
#1806 = PCURVE('',#1748,#1807);
#1807 = DEFINITIONAL_REPRESENTATION('',(#1808),#1816);
#1808 = ( BOUNDED_CURVE() B_SPLINE_CURVE(2,(#1809,#1810,#1811,#1812,
#1813,#1814,#1815),.UNSPECIFIED.,.T.,.F.) B_SPLINE_CURVE_WITH_KNOTS((1,2
    ,2,2,2,1),(-2.094395102393,0.,2.094395102393,4.188790204786,
6.28318530718,8.377580409573),.UNSPECIFIED.) CURVE() 
GEOMETRIC_REPRESENTATION_ITEM() RATIONAL_B_SPLINE_CURVE((1.,0.5,1.,0.5,
1.,0.5,1.)) REPRESENTATION_ITEM('') );
#1809 = CARTESIAN_POINT('',(-3.350531330461,-2.964142718156));
#1810 = CARTESIAN_POINT('',(-8.484577119193,2.839147778554));
#1811 = CARTESIAN_POINT('',(-0.891757229135,4.383716607433));
#1812 = CARTESIAN_POINT('',(6.701062660922,5.928285436313));
#1813 = CARTESIAN_POINT('',(4.242288559597,-1.419573889277));
#1814 = CARTESIAN_POINT('',(1.783514458271,-8.767433214866));
#1815 = CARTESIAN_POINT('',(-3.350531330461,-2.964142718156));
#1816 = ( GEOMETRIC_REPRESENTATION_CONTEXT(2) 
PARAMETRIC_REPRESENTATION_CONTEXT() REPRESENTATION_CONTEXT('2D SPACE',''
  ) );
#1817 = ORIENTED_EDGE('',*,*,#1818,.T.);
#1818 = EDGE_CURVE('',#1791,#1819,#1821,.T.);
#1819 = VERTEX_POINT('',#1820);
#1820 = CARTESIAN_POINT('',(2.205237799272,-0.31812832764,1.850247792129
    ));
#1821 = SURFACE_CURVE('',#1822,(#1826,#1833),.PCURVE_S1.);
#1822 = LINE('',#1823,#1824);
#1823 = CARTESIAN_POINT('',(2.205237799272,-0.31812832764,
    2.477921290874E-04));
#1824 = VECTOR('',#1825,1.);
#1825 = DIRECTION('',(-6.12318272229E-17,3.583545125319E-30,1.));
#1826 = PCURVE('',#1250,#1827);
#1827 = DEFINITIONAL_REPRESENTATION('',(#1828),#1832);
#1828 = LINE('',#1829,#1830);
#1829 = CARTESIAN_POINT('',(4.981818943123,0.));
#1830 = VECTOR('',#1831,1.);
#1831 = DIRECTION('',(0.,1.));
#1832 = ( GEOMETRIC_REPRESENTATION_CONTEXT(2) 
PARAMETRIC_REPRESENTATION_CONTEXT() REPRESENTATION_CONTEXT('2D SPACE',''
  ) );
#1833 = PCURVE('',#1834,#1839);
#1834 = CYLINDRICAL_SURFACE('',#1835,0.5);
#1835 = AXIS2_PLACEMENT_3D('',#1836,#1837,#1838);
#1836 = CARTESIAN_POINT('',(2.338328803302,-0.800089720955,
    2.477921290874E-04));
#1837 = DIRECTION('',(6.12318272229E-17,-3.583545125319E-30,-1.));
#1838 = DIRECTION('',(-0.781279815161,0.624180943655,-4.783919065467E-17
    ));
#1839 = DEFINITIONAL_REPRESENTATION('',(#1840),#1844);
#1840 = LINE('',#1841,#1842);
#1841 = CARTESIAN_POINT('',(0.627283622817,0.));
#1842 = VECTOR('',#1843,1.);
#1843 = DIRECTION('',(0.,-1.));
#1844 = ( GEOMETRIC_REPRESENTATION_CONTEXT(2) 
PARAMETRIC_REPRESENTATION_CONTEXT() REPRESENTATION_CONTEXT('2D SPACE',''
  ) );
#1845 = ORIENTED_EDGE('',*,*,#1846,.T.);
#1846 = EDGE_CURVE('',#1819,#1847,#1849,.T.);
#1847 = VERTEX_POINT('',#1848);
#1848 = CARTESIAN_POINT('',(5.917197636592,-0.93486414264,1.850247792129
    ));
#1849 = SURFACE_CURVE('',#1850,(#1855,#1862),.PCURVE_S1.);
#1850 = CIRCLE('',#1851,4.4735);
#1851 = AXIS2_PLACEMENT_3D('',#1852,#1853,#1854);
#1852 = CARTESIAN_POINT('',(3.396003012328,-4.630236913631,
    1.850247792129));
#1853 = DIRECTION('',(6.12318272229E-17,-3.583545125319E-30,-1.));
#1854 = DIRECTION('',(1.,2.22044604925E-16,6.12318272229E-17));
#1855 = PCURVE('',#1250,#1856);
#1856 = DEFINITIONAL_REPRESENTATION('',(#1857),#1861);
#1857 = LINE('',#1858,#1859);
#1858 = CARTESIAN_POINT('',(9.424777960769,1.85));
#1859 = VECTOR('',#1860,1.);
#1860 = DIRECTION('',(-1.,0.));
#1861 = ( GEOMETRIC_REPRESENTATION_CONTEXT(2) 
PARAMETRIC_REPRESENTATION_CONTEXT() REPRESENTATION_CONTEXT('2D SPACE',''
  ) );
#1862 = PCURVE('',#1863,#1868);
#1863 = CONICAL_SURFACE('',#1864,4.5485,0.785398163397);
#1864 = AXIS2_PLACEMENT_3D('',#1865,#1866,#1867);
#1865 = CARTESIAN_POINT('',(3.396003012328,-4.630236913631,
    1.925247792129));
#1866 = DIRECTION('',(-6.12318272229E-17,3.583545125319E-30,1.));
#1867 = DIRECTION('',(1.,2.22044604925E-16,6.12318272229E-17));
#1868 = DEFINITIONAL_REPRESENTATION('',(#1869),#1873);
#1869 = LINE('',#1870,#1871);
#1870 = CARTESIAN_POINT('',(6.28318530718,-7.5E-02));
#1871 = VECTOR('',#1872,1.);
#1872 = DIRECTION('',(-1.,-5.086555048561E-16));
#1873 = ( GEOMETRIC_REPRESENTATION_CONTEXT(2) 
PARAMETRIC_REPRESENTATION_CONTEXT() REPRESENTATION_CONTEXT('2D SPACE',''
  ) );
#1874 = ORIENTED_EDGE('',*,*,#1875,.T.);
#1875 = EDGE_CURVE('',#1847,#1876,#1878,.T.);
#1876 = VERTEX_POINT('',#1877);
#1877 = CARTESIAN_POINT('',(5.917197636592,-0.93486414264,1.600247792129
    ));
#1878 = SURFACE_CURVE('',#1879,(#1883,#1890),.PCURVE_S1.);
#1879 = LINE('',#1880,#1881);
#1880 = CARTESIAN_POINT('',(5.917197636592,-0.93486414264,
    2.477921290876E-04));
#1881 = VECTOR('',#1882,1.);
#1882 = DIRECTION('',(6.12318272229E-17,-3.583545125319E-30,-1.));
#1883 = PCURVE('',#1250,#1884);
#1884 = DEFINITIONAL_REPRESENTATION('',(#1885),#1889);
#1885 = LINE('',#1886,#1887);
#1886 = CARTESIAN_POINT('',(4.113670461903,0.));
#1887 = VECTOR('',#1888,1.);
#1888 = DIRECTION('',(0.,-1.));
#1889 = ( GEOMETRIC_REPRESENTATION_CONTEXT(2) 
PARAMETRIC_REPRESENTATION_CONTEXT() REPRESENTATION_CONTEXT('2D SPACE',''
  ) );
#1890 = PCURVE('',#1891,#1896);
#1891 = CYLINDRICAL_SURFACE('',#1892,0.5);
#1892 = AXIS2_PLACEMENT_3D('',#1893,#1894,#1895);
#1893 = CARTESIAN_POINT('',(5.635405457731,-1.347893400602,
    2.477921290876E-04));
#1894 = DIRECTION('',(6.12318272229E-17,-3.583545125319E-30,-1.));
#1895 = DIRECTION('',(0.992055947494,0.125797444494,6.074539837242E-17)
  );
#1896 = DEFINITIONAL_REPRESENTATION('',(#1897),#1901);
#1897 = LINE('',#1898,#1899);
#1898 = CARTESIAN_POINT('',(-0.845946187859,0.));
#1899 = VECTOR('',#1900,1.);
#1900 = DIRECTION('',(0.,1.));
#1901 = ( GEOMETRIC_REPRESENTATION_CONTEXT(2) 
PARAMETRIC_REPRESENTATION_CONTEXT() REPRESENTATION_CONTEXT('2D SPACE',''
  ) );
#1902 = ORIENTED_EDGE('',*,*,#1903,.F.);
#1903 = EDGE_CURVE('',#1904,#1876,#1906,.T.);
#1904 = VERTEX_POINT('',#1905);
#1905 = CARTESIAN_POINT('',(7.034419866369,-2.027521976064,
    1.600247792129));
#1906 = SURFACE_CURVE('',#1907,(#1912,#1919),.PCURVE_S1.);
#1907 = CIRCLE('',#1908,4.4735);
#1908 = AXIS2_PLACEMENT_3D('',#1909,#1910,#1911);
#1909 = CARTESIAN_POINT('',(3.396003012328,-4.630236913631,
    1.600247792129));
#1910 = DIRECTION('',(-6.12318272229E-17,3.583545125319E-30,1.));
#1911 = DIRECTION('',(-1.,-2.22044604925E-16,-6.12318272229E-17));
#1912 = PCURVE('',#1250,#1913);
#1913 = DEFINITIONAL_REPRESENTATION('',(#1914),#1918);
#1914 = LINE('',#1915,#1916);
#1915 = CARTESIAN_POINT('',(-4.440892098501E-16,1.6));
#1916 = VECTOR('',#1917,1.);
#1917 = DIRECTION('',(1.,0.));
#1918 = ( GEOMETRIC_REPRESENTATION_CONTEXT(2) 
PARAMETRIC_REPRESENTATION_CONTEXT() REPRESENTATION_CONTEXT('2D SPACE',''
  ) );
#1919 = PCURVE('',#1404,#1920);
#1920 = DEFINITIONAL_REPRESENTATION('',(#1921),#1929);
#1921 = ( BOUNDED_CURVE() B_SPLINE_CURVE(2,(#1922,#1923,#1924,#1925,
#1926,#1927,#1928),.UNSPECIFIED.,.T.,.F.) B_SPLINE_CURVE_WITH_KNOTS((1,2
    ,2,2,2,1),(-2.094395102393,0.,2.094395102393,4.188790204786,
6.28318530718,8.377580409573),.UNSPECIFIED.) CURVE() 
GEOMETRIC_REPRESENTATION_ITEM() RATIONAL_B_SPLINE_CURVE((1.,0.5,1.,0.5,
1.,0.5,1.)) REPRESENTATION_ITEM('') );
#1922 = CARTESIAN_POINT('',(3.546895931541E-47,-4.4735));
#1923 = CARTESIAN_POINT('',(-7.748329287659,-4.4735));
#1924 = CARTESIAN_POINT('',(-3.87416464383,2.23675));
#1925 = CARTESIAN_POINT('',(-1.095691491197E-15,8.947));
#1926 = CARTESIAN_POINT('',(3.87416464383,2.23675));
#1927 = CARTESIAN_POINT('',(7.748329287659,-4.4735));
#1928 = CARTESIAN_POINT('',(3.546895931541E-47,-4.4735));
#1929 = ( GEOMETRIC_REPRESENTATION_CONTEXT(2) 
PARAMETRIC_REPRESENTATION_CONTEXT() REPRESENTATION_CONTEXT('2D SPACE',''
  ) );
#1930 = ORIENTED_EDGE('',*,*,#1931,.T.);
#1931 = EDGE_CURVE('',#1904,#1932,#1934,.T.);
#1932 = VERTEX_POINT('',#1933);
#1933 = CARTESIAN_POINT('',(7.034419866369,-2.027521976064,
    2.477921290877E-04));
#1934 = SURFACE_CURVE('',#1935,(#1939,#1946),.PCURVE_S1.);
#1935 = LINE('',#1936,#1937);
#1936 = CARTESIAN_POINT('',(7.034419866369,-2.027521976064,
    2.477921290877E-04));
#1937 = VECTOR('',#1938,1.);
#1938 = DIRECTION('',(6.12318272229E-17,-3.583545125319E-30,-1.));
#1939 = PCURVE('',#1250,#1940);
#1940 = DEFINITIONAL_REPRESENTATION('',(#1941),#1945);
#1941 = LINE('',#1942,#1943);
#1942 = CARTESIAN_POINT('',(3.762541685951,0.));
#1943 = VECTOR('',#1944,1.);
#1944 = DIRECTION('',(0.,-1.));
#1945 = ( GEOMETRIC_REPRESENTATION_CONTEXT(2) 
PARAMETRIC_REPRESENTATION_CONTEXT() REPRESENTATION_CONTEXT('2D SPACE',''
  ) );
#1946 = PCURVE('',#1132,#1947);
#1947 = DEFINITIONAL_REPRESENTATION('',(#1948),#1952);
#1948 = LINE('',#1949,#1950);
#1949 = CARTESIAN_POINT('',(4.355663238819,1.767668999797E-17));
#1950 = VECTOR('',#1951,1.);
#1951 = DIRECTION('',(0.,-1.));
#1952 = ( GEOMETRIC_REPRESENTATION_CONTEXT(2) 
PARAMETRIC_REPRESENTATION_CONTEXT() REPRESENTATION_CONTEXT('2D SPACE',''
  ) );
#1953 = ORIENTED_EDGE('',*,*,#1954,.T.);
#1954 = EDGE_CURVE('',#1932,#1955,#1957,.T.);
#1955 = VERTEX_POINT('',#1956);
#1956 = CARTESIAN_POINT('',(5.017442679539,-0.460928139314,
    2.477921290875E-04));
#1957 = SURFACE_CURVE('',#1958,(#1963,#1970),.PCURVE_S1.);
#1958 = CIRCLE('',#1959,4.4735);
#1959 = AXIS2_PLACEMENT_3D('',#1960,#1961,#1962);
#1960 = CARTESIAN_POINT('',(3.396003012328,-4.630236913631,
    2.477921290875E-04));
#1961 = DIRECTION('',(-6.12318272229E-17,3.583545125319E-30,1.));
#1962 = DIRECTION('',(-1.,-2.22044604925E-16,-6.12318272229E-17));
#1963 = PCURVE('',#1250,#1964);
#1964 = DEFINITIONAL_REPRESENTATION('',(#1965),#1969);
#1965 = LINE('',#1966,#1967);
#1966 = CARTESIAN_POINT('',(-4.440892098501E-16,0.));
#1967 = VECTOR('',#1968,1.);
#1968 = DIRECTION('',(1.,0.));
#1969 = ( GEOMETRIC_REPRESENTATION_CONTEXT(2) 
PARAMETRIC_REPRESENTATION_CONTEXT() REPRESENTATION_CONTEXT('2D SPACE',''
  ) );
#1970 = PCURVE('',#1020,#1971);
#1971 = DEFINITIONAL_REPRESENTATION('',(#1972),#1980);
#1972 = ( BOUNDED_CURVE() B_SPLINE_CURVE(2,(#1973,#1974,#1975,#1976,
#1977,#1978,#1979),.UNSPECIFIED.,.T.,.F.) B_SPLINE_CURVE_WITH_KNOTS((1,2
    ,2,2,2,1),(-2.094395102393,0.,2.094395102393,4.188790204786,
6.28318530718,8.377580409573),.UNSPECIFIED.) CURVE() 
GEOMETRIC_REPRESENTATION_ITEM() RATIONAL_B_SPLINE_CURVE((1.,0.5,1.,0.5,
1.,0.5,1.)) REPRESENTATION_ITEM('') );
#1973 = CARTESIAN_POINT('',(-4.463952490621,-0.204329315579));
#1974 = CARTESIAN_POINT('',(-12.21228177828,-0.204329315579));
#1975 = CARTESIAN_POINT('',(-8.338117134451,6.505920684421));
#1976 = CARTESIAN_POINT('',(-4.463952490621,13.216170684421));
#1977 = CARTESIAN_POINT('',(-0.589787846792,6.505920684421));
#1978 = CARTESIAN_POINT('',(3.284376797038,-0.204329315579));
#1979 = CARTESIAN_POINT('',(-4.463952490621,-0.204329315579));
#1980 = ( GEOMETRIC_REPRESENTATION_CONTEXT(2) 
PARAMETRIC_REPRESENTATION_CONTEXT() REPRESENTATION_CONTEXT('2D SPACE',''
  ) );
#1981 = ORIENTED_EDGE('',*,*,#1982,.F.);
#1982 = EDGE_CURVE('',#1206,#1955,#1983,.T.);
#1983 = SURFACE_CURVE('',#1984,(#1988,#1995),.PCURVE_S1.);
#1984 = LINE('',#1985,#1986);
#1985 = CARTESIAN_POINT('',(5.017442679539,-0.460928139314,
    2.477921290875E-04));
#1986 = VECTOR('',#1987,1.);
#1987 = DIRECTION('',(6.12318272229E-17,-3.583545125319E-30,-1.));
#1988 = PCURVE('',#1250,#1989);
#1989 = DEFINITIONAL_REPRESENTATION('',(#1990),#1994);
#1990 = LINE('',#1991,#1992);
#1991 = CARTESIAN_POINT('',(4.341488980806,0.));
#1992 = VECTOR('',#1993,1.);
#1993 = DIRECTION('',(0.,-1.));
#1994 = ( GEOMETRIC_REPRESENTATION_CONTEXT(2) 
PARAMETRIC_REPRESENTATION_CONTEXT() REPRESENTATION_CONTEXT('2D SPACE',''
  ) );
#1995 = PCURVE('',#468,#1996);
#1996 = DEFINITIONAL_REPRESENTATION('',(#1997),#2001);
#1997 = LINE('',#1998,#1999);
#1998 = CARTESIAN_POINT('',(1.389310869672,2.));
#1999 = VECTOR('',#2000,1.);
#2000 = DIRECTION('',(0.,1.));
#2001 = ( GEOMETRIC_REPRESENTATION_CONTEXT(2) 
PARAMETRIC_REPRESENTATION_CONTEXT() REPRESENTATION_CONTEXT('2D SPACE',''
  ) );
#2002 = ORIENTED_EDGE('',*,*,#1233,.F.);
#2003 = ADVANCED_FACE('',(#2004),#468,.F.);
#2004 = FACE_BOUND('',#2005,.F.);
#2005 = EDGE_LOOP('',(#2006,#2007,#2008,#2009,#2032,#2065,#2093,#2122,
    #2143,#2144,#2145,#2171));
#2006 = ORIENTED_EDGE('',*,*,#879,.F.);
#2007 = ORIENTED_EDGE('',*,*,#933,.F.);
#2008 = ORIENTED_EDGE('',*,*,#447,.T.);
#2009 = ORIENTED_EDGE('',*,*,#2010,.T.);
#2010 = EDGE_CURVE('',#448,#2011,#2013,.T.);
#2011 = VERTEX_POINT('',#2012);
#2012 = CARTESIAN_POINT('',(-1.893162967111,2.484929459048,
    1.500247792129));
#2013 = SURFACE_CURVE('',#2014,(#2018,#2025),.PCURVE_S1.);
#2014 = LINE('',#2015,#2016);
#2015 = CARTESIAN_POINT('',(-1.893162967111,2.484929459048,
    2.000247792129));
#2016 = VECTOR('',#2017,1.);
#2017 = DIRECTION('',(-6.12318272229E-17,3.583545125319E-30,1.));
#2018 = PCURVE('',#468,#2019);
#2019 = DEFINITIONAL_REPRESENTATION('',(#2020),#2024);
#2020 = LINE('',#2021,#2022);
#2021 = CARTESIAN_POINT('',(-0.818823428621,0.));
#2022 = VECTOR('',#2023,1.);
#2023 = DIRECTION('',(0.,-1.));
#2024 = ( GEOMETRIC_REPRESENTATION_CONTEXT(2) 
PARAMETRIC_REPRESENTATION_CONTEXT() REPRESENTATION_CONTEXT('2D SPACE',''
  ) );
#2025 = PCURVE('',#499,#2026);
#2026 = DEFINITIONAL_REPRESENTATION('',(#2027),#2031);
#2027 = LINE('',#2028,#2029);
#2028 = CARTESIAN_POINT('',(4.231793002832,2.));
#2029 = VECTOR('',#2030,1.);
#2030 = DIRECTION('',(0.,1.));
#2031 = ( GEOMETRIC_REPRESENTATION_CONTEXT(2) 
PARAMETRIC_REPRESENTATION_CONTEXT() REPRESENTATION_CONTEXT('2D SPACE',''
  ) );
#2032 = ORIENTED_EDGE('',*,*,#2033,.T.);
#2033 = EDGE_CURVE('',#2011,#2034,#2036,.T.);
#2034 = VERTEX_POINT('',#2035);
#2035 = CARTESIAN_POINT('',(-3.199149522421,0.510748474596,
    1.500247792129));
#2036 = SURFACE_CURVE('',#2037,(#2042,#2049),.PCURVE_S1.);
#2037 = CIRCLE('',#2038,4.206);
#2038 = AXIS2_PLACEMENT_3D('',#2039,#2040,#2041);
#2039 = CARTESIAN_POINT('',(0.819993019216,-0.728981024127,
    1.500247792129));
#2040 = DIRECTION('',(-6.12318272229E-17,3.574525976783E-30,1.));
#2041 = DIRECTION('',(-0.960908268694,-0.276866934024,
    -5.883816908572E-17));
#2042 = PCURVE('',#468,#2043);
#2043 = DEFINITIONAL_REPRESENTATION('',(#2044),#2048);
#2044 = LINE('',#2045,#2046);
#2045 = CARTESIAN_POINT('',(4.31414577071,0.5));
#2046 = VECTOR('',#2047,1.);
#2047 = DIRECTION('',(-1.,0.));
#2048 = ( GEOMETRIC_REPRESENTATION_CONTEXT(2) 
PARAMETRIC_REPRESENTATION_CONTEXT() REPRESENTATION_CONTEXT('2D SPACE',''
  ) );
#2049 = PCURVE('',#2050,#2055);
#2050 = PLANE('',#2051);
#2051 = AXIS2_PLACEMENT_3D('',#2052,#2053,#2054);
#2052 = CARTESIAN_POINT('',(-3.633289234841,-0.852682946903,
    1.500247792129));
#2053 = DIRECTION('',(6.12318272229E-17,-3.583545125319E-30,-1.));
#2054 = DIRECTION('',(-2.22044604925E-16,1.,-3.597141322204E-30));
#2055 = DEFINITIONAL_REPRESENTATION('',(#2056),#2064);
#2056 = ( BOUNDED_CURVE() B_SPLINE_CURVE(2,(#2057,#2058,#2059,#2060,
#2061,#2062,#2063),.UNSPECIFIED.,.T.,.F.) B_SPLINE_CURVE_WITH_KNOTS((1,2
    ,2,2,2,1),(-2.094395102393,0.,2.094395102393,4.188790204786,
6.28318530718,8.377580409573),.UNSPECIFIED.) CURVE() 
GEOMETRIC_REPRESENTATION_ITEM() RATIONAL_B_SPLINE_CURVE((1.,0.5,1.,0.5,
1.,0.5,1.)) REPRESENTATION_ITEM('') );
#2057 = CARTESIAN_POINT('',(-1.040800401728,0.411702075931));
#2058 = CARTESIAN_POINT('',(-8.041022613106,2.428679267505));
#2059 = CARTESIAN_POINT('',(-2.794158020661,7.482560938907));
#2060 = CARTESIAN_POINT('',(2.452706571785,12.53644261031));
#2061 = CARTESIAN_POINT('',(4.206064190718,5.465583747334));
#2062 = CARTESIAN_POINT('',(5.95942180965,-1.605275115643));
#2063 = CARTESIAN_POINT('',(-1.040800401728,0.411702075931));
#2064 = ( GEOMETRIC_REPRESENTATION_CONTEXT(2) 
PARAMETRIC_REPRESENTATION_CONTEXT() REPRESENTATION_CONTEXT('2D SPACE',''
  ) );
#2065 = ORIENTED_EDGE('',*,*,#2066,.T.);
#2066 = EDGE_CURVE('',#2034,#2067,#2069,.T.);
#2067 = VERTEX_POINT('',#2068);
#2068 = CARTESIAN_POINT('',(-3.199149522421,0.510748474596,
    1.850247792129));
#2069 = SURFACE_CURVE('',#2070,(#2074,#2081),.PCURVE_S1.);
#2070 = LINE('',#2071,#2072);
#2071 = CARTESIAN_POINT('',(-3.199149522421,0.510748474596,
    2.000247792129));
#2072 = VECTOR('',#2073,1.);
#2073 = DIRECTION('',(-6.12318272229E-17,3.583545125319E-30,1.));
#2074 = PCURVE('',#468,#2075);
#2075 = DEFINITIONAL_REPRESENTATION('',(#2076),#2080);
#2076 = LINE('',#2077,#2078);
#2077 = CARTESIAN_POINT('',(-1.389310869672,0.));
#2078 = VECTOR('',#2079,1.);
#2079 = DIRECTION('',(0.,-1.));
#2080 = ( GEOMETRIC_REPRESENTATION_CONTEXT(2) 
PARAMETRIC_REPRESENTATION_CONTEXT() REPRESENTATION_CONTEXT('2D SPACE',''
  ) );
#2081 = PCURVE('',#2082,#2087);
#2082 = CYLINDRICAL_SURFACE('',#2083,0.5);
#2083 = AXIS2_PLACEMENT_3D('',#2084,#2085,#2086);
#2084 = CARTESIAN_POINT('',(-2.721362724794,0.363372167092,
    2.000247792129));
#2085 = DIRECTION('',(6.12318272229E-17,-3.583545125319E-30,-1.));
#2086 = DIRECTION('',(-0.951081157409,-0.308941146533,
    -5.823643710544E-17));
#2087 = DEFINITIONAL_REPRESENTATION('',(#2088),#2092);
#2088 = LINE('',#2089,#2090);
#2089 = CARTESIAN_POINT('',(0.613276137197,0.));
#2090 = VECTOR('',#2091,1.);
#2091 = DIRECTION('',(0.,-1.));
#2092 = ( GEOMETRIC_REPRESENTATION_CONTEXT(2) 
PARAMETRIC_REPRESENTATION_CONTEXT() REPRESENTATION_CONTEXT('2D SPACE',''
  ) );
#2093 = ORIENTED_EDGE('',*,*,#2094,.T.);
#2094 = EDGE_CURVE('',#2067,#2095,#2097,.T.);
#2095 = VERTEX_POINT('',#2096);
#2096 = CARTESIAN_POINT('',(4.473359446114,1.355089452324,1.850247792129
    ));
#2097 = SURFACE_CURVE('',#2098,(#2103,#2110),.PCURVE_S1.);
#2098 = CIRCLE('',#2099,4.206);
#2099 = AXIS2_PLACEMENT_3D('',#2100,#2101,#2102);
#2100 = CARTESIAN_POINT('',(0.819993019216,-0.728981024127,
    1.850247792129));
#2101 = DIRECTION('',(6.12318272229E-17,-3.574525976783E-30,-1.));
#2102 = DIRECTION('',(0.960908268694,0.276866934024,5.883816908572E-17)
  );
#2103 = PCURVE('',#468,#2104);
#2104 = DEFINITIONAL_REPRESENTATION('',(#2105),#2109);
#2105 = LINE('',#2106,#2107);
#2106 = CARTESIAN_POINT('',(-5.11063219006,0.15));
#2107 = VECTOR('',#2108,1.);
#2108 = DIRECTION('',(1.,0.));
#2109 = ( GEOMETRIC_REPRESENTATION_CONTEXT(2) 
PARAMETRIC_REPRESENTATION_CONTEXT() REPRESENTATION_CONTEXT('2D SPACE',''
  ) );
#2110 = PCURVE('',#2111,#2116);
#2111 = CONICAL_SURFACE('',#2112,4.281,0.785398163397);
#2112 = AXIS2_PLACEMENT_3D('',#2113,#2114,#2115);
#2113 = CARTESIAN_POINT('',(0.819993019216,-0.728981024127,
    1.925247792129));
#2114 = DIRECTION('',(-6.12318272229E-17,3.583545125319E-30,1.));
#2115 = DIRECTION('',(0.960908268694,0.276866934024,5.883816908572E-17)
  );
#2116 = DEFINITIONAL_REPRESENTATION('',(#2117),#2121);
#2117 = LINE('',#2118,#2119);
#2118 = CARTESIAN_POINT('',(6.28318530718,-7.5E-02));
#2119 = VECTOR('',#2120,1.);
#2120 = DIRECTION('',(-1.,-5.742626625219E-16));
#2121 = ( GEOMETRIC_REPRESENTATION_CONTEXT(2) 
PARAMETRIC_REPRESENTATION_CONTEXT() REPRESENTATION_CONTEXT('2D SPACE',''
  ) );
#2122 = ORIENTED_EDGE('',*,*,#2123,.T.);
#2123 = EDGE_CURVE('',#2095,#1170,#2124,.T.);
#2124 = SURFACE_CURVE('',#2125,(#2129,#2136),.PCURVE_S1.);
#2125 = LINE('',#2126,#2127);
#2126 = CARTESIAN_POINT('',(4.473359446114,1.355089452324,2.000247792129
    ));
#2127 = VECTOR('',#2128,1.);
#2128 = DIRECTION('',(6.12318272229E-17,-3.583545125319E-30,-1.));
#2129 = PCURVE('',#468,#2130);
#2130 = DEFINITIONAL_REPRESENTATION('',(#2131),#2135);
#2131 = LINE('',#2132,#2133);
#2132 = CARTESIAN_POINT('',(0.934675481835,0.));
#2133 = VECTOR('',#2134,1.);
#2134 = DIRECTION('',(0.,1.));
#2135 = ( GEOMETRIC_REPRESENTATION_CONTEXT(2) 
PARAMETRIC_REPRESENTATION_CONTEXT() REPRESENTATION_CONTEXT('2D SPACE',''
  ) );
#2136 = PCURVE('',#1193,#2137);
#2137 = DEFINITIONAL_REPRESENTATION('',(#2138),#2142);
#2138 = LINE('',#2139,#2140);
#2139 = CARTESIAN_POINT('',(5.182776524266,0.));
#2140 = VECTOR('',#2141,1.);
#2141 = DIRECTION('',(0.,1.));
#2142 = ( GEOMETRIC_REPRESENTATION_CONTEXT(2) 
PARAMETRIC_REPRESENTATION_CONTEXT() REPRESENTATION_CONTEXT('2D SPACE',''
  ) );
#2143 = ORIENTED_EDGE('',*,*,#1205,.F.);
#2144 = ORIENTED_EDGE('',*,*,#1982,.T.);
#2145 = ORIENTED_EDGE('',*,*,#2146,.T.);
#2146 = EDGE_CURVE('',#1955,#981,#2147,.T.);
#2147 = SURFACE_CURVE('',#2148,(#2153,#2160),.PCURVE_S1.);
#2148 = CIRCLE('',#2149,4.206);
#2149 = AXIS2_PLACEMENT_3D('',#2150,#2151,#2152);
#2150 = CARTESIAN_POINT('',(0.819993019216,-0.728981024127,
    2.477921290873E-04));
#2151 = DIRECTION('',(-6.12318272229E-17,3.574525976783E-30,1.));
#2152 = DIRECTION('',(-0.960908268694,-0.276866934024,
    -5.883816908572E-17));
#2153 = PCURVE('',#468,#2154);
#2154 = DEFINITIONAL_REPRESENTATION('',(#2155),#2159);
#2155 = LINE('',#2156,#2157);
#2156 = CARTESIAN_POINT('',(4.31414577071,2.));
#2157 = VECTOR('',#2158,1.);
#2158 = DIRECTION('',(-1.,0.));
#2159 = ( GEOMETRIC_REPRESENTATION_CONTEXT(2) 
PARAMETRIC_REPRESENTATION_CONTEXT() REPRESENTATION_CONTEXT('2D SPACE',''
  ) );
#2160 = PCURVE('',#1020,#2161);
#2161 = DEFINITIONAL_REPRESENTATION('',(#2162),#2170);
#2162 = ( BOUNDED_CURVE() B_SPLINE_CURVE(2,(#2163,#2164,#2165,#2166,
#2167,#2168,#2169),.UNSPECIFIED.,.T.,.F.) B_SPLINE_CURVE_WITH_KNOTS((1,2
    ,2,2,2,1),(-2.094395102393,0.,2.094395102393,4.188790204786,
6.28318530718,8.377580409573),.UNSPECIFIED.) CURVE() 
GEOMETRIC_REPRESENTATION_ITEM() RATIONAL_B_SPLINE_CURVE((1.,0.5,1.,0.5,
1.,0.5,1.)) REPRESENTATION_ITEM('') );
#2163 = CARTESIAN_POINT('',(-1.727198925622,-2.348419486817));
#2164 = CARTESIAN_POINT('',(-8.727421137,-0.331442295243));
#2165 = CARTESIAN_POINT('',(-3.480556544554,4.722439376159));
#2166 = CARTESIAN_POINT('',(1.766308047891,9.776321047562));
#2167 = CARTESIAN_POINT('',(3.519665666824,2.705462184586));
#2168 = CARTESIAN_POINT('',(5.273023285757,-4.36539667839));
#2169 = CARTESIAN_POINT('',(-1.727198925622,-2.348419486817));
#2170 = ( GEOMETRIC_REPRESENTATION_CONTEXT(2) 
PARAMETRIC_REPRESENTATION_CONTEXT() REPRESENTATION_CONTEXT('2D SPACE',''
  ) );
#2171 = ORIENTED_EDGE('',*,*,#980,.F.);
#2172 = ADVANCED_FACE('',(#2173,#2200),#1020,.T.);
#2173 = FACE_BOUND('',#2174,.T.);
#2174 = EDGE_LOOP('',(#2175,#2176,#2177,#2198,#2199));
#2175 = ORIENTED_EDGE('',*,*,#1003,.T.);
#2176 = ORIENTED_EDGE('',*,*,#1144,.T.);
#2177 = ORIENTED_EDGE('',*,*,#2178,.T.);
#2178 = EDGE_CURVE('',#1117,#1932,#2179,.T.);
#2179 = SURFACE_CURVE('',#2180,(#2184,#2191),.PCURVE_S1.);
#2180 = LINE('',#2181,#2182);
#2181 = CARTESIAN_POINT('',(8.559332584655,-0.288223059278,
    2.477921290878E-04));
#2182 = VECTOR('',#2183,1.);
#2183 = DIRECTION('',(-0.659245251348,-0.751927987626,
    -4.036679132806E-17));
#2184 = PCURVE('',#1020,#2185);
#2185 = DEFINITIONAL_REPRESENTATION('',(#2186),#2190);
#2186 = LINE('',#2187,#2188);
#2187 = CARTESIAN_POINT('',(-0.121938636268,9.432500256748));
#2188 = VECTOR('',#2189,1.);
#2189 = DIRECTION('',(-0.751927987626,-0.659245251348));
#2190 = ( GEOMETRIC_REPRESENTATION_CONTEXT(2) 
PARAMETRIC_REPRESENTATION_CONTEXT() REPRESENTATION_CONTEXT('2D SPACE',''
  ) );
#2191 = PCURVE('',#1132,#2192);
#2192 = DEFINITIONAL_REPRESENTATION('',(#2193),#2197);
#2193 = LINE('',#2194,#2195);
#2194 = CARTESIAN_POINT('',(6.668782241449,4.085753505394E-17));
#2195 = VECTOR('',#2196,1.);
#2196 = DIRECTION('',(-1.,0.));
#2197 = ( GEOMETRIC_REPRESENTATION_CONTEXT(2) 
PARAMETRIC_REPRESENTATION_CONTEXT() REPRESENTATION_CONTEXT('2D SPACE',''
  ) );
#2198 = ORIENTED_EDGE('',*,*,#1954,.T.);
#2199 = ORIENTED_EDGE('',*,*,#2146,.T.);
#2200 = FACE_BOUND('',#2201,.T.);
#2201 = EDGE_LOOP('',(#2202));
#2202 = ORIENTED_EDGE('',*,*,#2203,.T.);
#2203 = EDGE_CURVE('',#2204,#2204,#2206,.T.);
#2204 = VERTEX_POINT('',#2205);
#2205 = CARTESIAN_POINT('',(6.40911043712,-0.23099358952,
    2.477921290876E-04));
#2206 = SURFACE_CURVE('',#2207,(#2212,#2223),.PCURVE_S1.);
#2207 = CIRCLE('',#2208,0.6045);
#2208 = AXIS2_PLACEMENT_3D('',#2209,#2210,#2211);
#2209 = CARTESIAN_POINT('',(7.01361043712,-0.23099358952,
    2.477921290877E-04));
#2210 = DIRECTION('',(-6.12318272229E-17,3.583545125319E-30,1.));
#2211 = DIRECTION('',(1.,2.22044604925E-16,6.12318272229E-17));
#2212 = PCURVE('',#1020,#2213);
#2213 = DEFINITIONAL_REPRESENTATION('',(#2214),#2222);
#2214 = ( BOUNDED_CURVE() B_SPLINE_CURVE(2,(#2215,#2216,#2217,#2218,
#2219,#2220,#2221),.UNSPECIFIED.,.T.,.F.) B_SPLINE_CURVE_WITH_KNOTS((1,2
    ,2,2,2,1),(-2.094395102393,0.,2.094395102393,4.188790204786,
6.28318530718,8.377580409573),.UNSPECIFIED.) CURVE() 
GEOMETRIC_REPRESENTATION_ITEM() RATIONAL_B_SPLINE_CURVE((1.,0.5,1.,0.5,
1.,0.5,1.)) REPRESENTATION_ITEM('') );
#2215 = CARTESIAN_POINT('',(-6.470916651083E-02,8.491278109213));
#2216 = CARTESIAN_POINT('',(0.982315546665,8.491278109213));
#2217 = CARTESIAN_POINT('',(0.458803190077,7.584528109213));
#2218 = CARTESIAN_POINT('',(-6.470916651083E-02,6.677778109213));
#2219 = CARTESIAN_POINT('',(-0.588221523099,7.584528109213));
#2220 = CARTESIAN_POINT('',(-1.111733879686,8.491278109213));
#2221 = CARTESIAN_POINT('',(-6.470916651083E-02,8.491278109213));
#2222 = ( GEOMETRIC_REPRESENTATION_CONTEXT(2) 
PARAMETRIC_REPRESENTATION_CONTEXT() REPRESENTATION_CONTEXT('2D SPACE',''
  ) );
#2223 = PCURVE('',#2224,#2229);
#2224 = CYLINDRICAL_SURFACE('',#2225,0.6045);
#2225 = AXIS2_PLACEMENT_3D('',#2226,#2227,#2228);
#2226 = CARTESIAN_POINT('',(7.01361043712,-0.23099358952,
    2.477921290877E-04));
#2227 = DIRECTION('',(-6.12318272229E-17,3.583545125319E-30,1.));
#2228 = DIRECTION('',(1.,2.22044604925E-16,6.12318272229E-17));
#2229 = DEFINITIONAL_REPRESENTATION('',(#2230),#2234);
#2230 = LINE('',#2231,#2232);
#2231 = CARTESIAN_POINT('',(0.,0.));
#2232 = VECTOR('',#2233,1.);
#2233 = DIRECTION('',(1.,0.));
#2234 = ( GEOMETRIC_REPRESENTATION_CONTEXT(2) 
PARAMETRIC_REPRESENTATION_CONTEXT() REPRESENTATION_CONTEXT('2D SPACE',''
  ) );
#2235 = ADVANCED_FACE('',(#2236),#2251,.F.);
#2236 = FACE_BOUND('',#2237,.F.);
#2237 = EDGE_LOOP('',(#2238,#2274,#2302,#2335));
#2238 = ORIENTED_EDGE('',*,*,#2239,.F.);
#2239 = EDGE_CURVE('',#2240,#2242,#2244,.T.);
#2240 = VERTEX_POINT('',#2241);
#2241 = CARTESIAN_POINT('',(-1.072155709714,-4.411696563485,
    1.850247792129));
#2242 = VERTEX_POINT('',#2243);
#2243 = CARTESIAN_POINT('',(-0.101910203856,-1.841544499246,
    1.850247792129));
#2244 = SURFACE_CURVE('',#2245,(#2250,#2262),.PCURVE_S1.);
#2245 = CIRCLE('',#2246,4.4735);
#2246 = AXIS2_PLACEMENT_3D('',#2247,#2248,#2249);
#2247 = CARTESIAN_POINT('',(3.396003012328,-4.630236913631,
    1.850247792129));
#2248 = DIRECTION('',(6.12318272229E-17,-3.583545125319E-30,-1.));
#2249 = DIRECTION('',(-1.,-2.22044604925E-16,-6.12318272229E-17));
#2250 = PCURVE('',#2251,#2256);
#2251 = CONICAL_SURFACE('',#2252,4.5485,0.785398163397);
#2252 = AXIS2_PLACEMENT_3D('',#2253,#2254,#2255);
#2253 = CARTESIAN_POINT('',(3.396003012328,-4.630236913631,
    1.925247792129));
#2254 = DIRECTION('',(-6.12318272229E-17,3.583545125319E-30,1.));
#2255 = DIRECTION('',(-1.,-2.22044604925E-16,-6.12318272229E-17));
#2256 = DEFINITIONAL_REPRESENTATION('',(#2257),#2261);
#2257 = LINE('',#2258,#2259);
#2258 = CARTESIAN_POINT('',(6.28318530718,-7.5E-02));
#2259 = VECTOR('',#2260,1.);
#2260 = DIRECTION('',(-1.,0.));
#2261 = ( GEOMETRIC_REPRESENTATION_CONTEXT(2) 
PARAMETRIC_REPRESENTATION_CONTEXT() REPRESENTATION_CONTEXT('2D SPACE',''
  ) );
#2262 = PCURVE('',#2263,#2268);
#2263 = CYLINDRICAL_SURFACE('',#2264,4.4735);
#2264 = AXIS2_PLACEMENT_3D('',#2265,#2266,#2267);
#2265 = CARTESIAN_POINT('',(3.396003012328,-4.630236913631,
    2.477921290875E-04));
#2266 = DIRECTION('',(-6.12318272229E-17,3.583545125319E-30,1.));
#2267 = DIRECTION('',(-1.,-2.22044604925E-16,-6.12318272229E-17));
#2268 = DEFINITIONAL_REPRESENTATION('',(#2269),#2273);
#2269 = LINE('',#2270,#2271);
#2270 = CARTESIAN_POINT('',(6.28318530718,1.85));
#2271 = VECTOR('',#2272,1.);
#2272 = DIRECTION('',(-1.,0.));
#2273 = ( GEOMETRIC_REPRESENTATION_CONTEXT(2) 
PARAMETRIC_REPRESENTATION_CONTEXT() REPRESENTATION_CONTEXT('2D SPACE',''
  ) );
#2274 = ORIENTED_EDGE('',*,*,#2275,.F.);
#2275 = EDGE_CURVE('',#2276,#2240,#2278,.T.);
#2276 = VERTEX_POINT('',#2277);
#2277 = CARTESIAN_POINT('',(-1.221976612432,-4.404368732363,
    2.000247792129));
#2278 = SURFACE_CURVE('',#2279,(#2283,#2290),.PCURVE_S1.);
#2279 = LINE('',#2280,#2281);
#2280 = CARTESIAN_POINT('',(-1.221976612432,-4.404368732363,
    2.000247792129));
#2281 = VECTOR('',#2282,1.);
#2282 = DIRECTION('',(0.7062625085,-3.454372718258E-02,-0.707106781187)
  );
#2283 = PCURVE('',#2251,#2284);
#2284 = DEFINITIONAL_REPRESENTATION('',(#2285),#2289);
#2285 = LINE('',#2286,#2287);
#2286 = CARTESIAN_POINT('',(6.234313647529,7.5E-02));
#2287 = VECTOR('',#2288,1.);
#2288 = DIRECTION('',(0.,-1.));
#2289 = ( GEOMETRIC_REPRESENTATION_CONTEXT(2) 
PARAMETRIC_REPRESENTATION_CONTEXT() REPRESENTATION_CONTEXT('2D SPACE',''
  ) );
#2290 = PCURVE('',#2291,#2296);
#2291 = CONICAL_SURFACE('',#2292,0.575,0.785398163397);
#2292 = AXIS2_PLACEMENT_3D('',#2293,#2294,#2295);
#2293 = CARTESIAN_POINT('',(-0.572752700656,-4.436122667223,
    1.925247792129));
#2294 = DIRECTION('',(-6.12318272229E-17,3.583545125319E-30,1.));
#2295 = DIRECTION('',(-0.698802330022,-0.715314828279,
    -4.278894353487E-17));
#2296 = DEFINITIONAL_REPRESENTATION('',(#2297),#2301);
#2297 = LINE('',#2298,#2299);
#2298 = CARTESIAN_POINT('',(5.437239119321,7.5E-02));
#2299 = VECTOR('',#2300,1.);
#2300 = DIRECTION('',(5.921189464667E-15,-1.));
#2301 = ( GEOMETRIC_REPRESENTATION_CONTEXT(2) 
PARAMETRIC_REPRESENTATION_CONTEXT() REPRESENTATION_CONTEXT('2D SPACE',''
  ) );
#2302 = ORIENTED_EDGE('',*,*,#2303,.F.);
#2303 = EDGE_CURVE('',#2304,#2276,#2306,.T.);
#2304 = VERTEX_POINT('',#2305);
#2305 = CARTESIAN_POINT('',(-0.219198005897,-1.748037432708,
    2.000247792129));
#2306 = SURFACE_CURVE('',#2307,(#2312,#2319),.PCURVE_S1.);
#2307 = CIRCLE('',#2308,4.6235);
#2308 = AXIS2_PLACEMENT_3D('',#2309,#2310,#2311);
#2309 = CARTESIAN_POINT('',(3.396003012328,-4.630236913631,
    2.000247792129));
#2310 = DIRECTION('',(-6.12318272229E-17,3.583545125319E-30,1.));
#2311 = DIRECTION('',(-1.,-2.22044604925E-16,-6.12318272229E-17));
#2312 = PCURVE('',#2251,#2313);
#2313 = DEFINITIONAL_REPRESENTATION('',(#2314),#2318);
#2314 = LINE('',#2315,#2316);
#2315 = CARTESIAN_POINT('',(0.,7.5E-02));
#2316 = VECTOR('',#2317,1.);
#2317 = DIRECTION('',(1.,0.));
#2318 = ( GEOMETRIC_REPRESENTATION_CONTEXT(2) 
PARAMETRIC_REPRESENTATION_CONTEXT() REPRESENTATION_CONTEXT('2D SPACE',''
  ) );
#2319 = PCURVE('',#2320,#2325);
#2320 = PLANE('',#2321);
#2321 = AXIS2_PLACEMENT_3D('',#2322,#2323,#2324);
#2322 = CARTESIAN_POINT('',(-0.873167672093,-0.166284423009,
    2.000247792129));
#2323 = DIRECTION('',(6.12318272229E-17,-3.583545125319E-30,-1.));
#2324 = DIRECTION('',(-2.22044604925E-16,1.,-3.597141322204E-30));
#2325 = DEFINITIONAL_REPRESENTATION('',(#2326),#2334);
#2326 = ( BOUNDED_CURVE() B_SPLINE_CURVE(2,(#2327,#2328,#2329,#2330,
#2331,#2332,#2333),.UNSPECIFIED.,.T.,.F.) B_SPLINE_CURVE_WITH_KNOTS((1,2
    ,2,2,2,1),(-2.094395102393,0.,2.094395102393,4.188790204786,
6.28318530718,8.377580409573),.UNSPECIFIED.) CURVE() 
GEOMETRIC_REPRESENTATION_ITEM() RATIONAL_B_SPLINE_CURVE((1.,0.5,1.,0.5,
1.,0.5,1.)) REPRESENTATION_ITEM('') );
#2327 = CARTESIAN_POINT('',(-4.463952490621,-0.354329315579));
#2328 = CARTESIAN_POINT('',(-12.47208939941,-0.354329315579));
#2329 = CARTESIAN_POINT('',(-8.468020945019,6.580920684421));
#2330 = CARTESIAN_POINT('',(-4.463952490621,13.516170684421));
#2331 = CARTESIAN_POINT('',(-0.459884036224,6.580920684421));
#2332 = CARTESIAN_POINT('',(3.544184418173,-0.354329315579));
#2333 = CARTESIAN_POINT('',(-4.463952490621,-0.354329315579));
#2334 = ( GEOMETRIC_REPRESENTATION_CONTEXT(2) 
PARAMETRIC_REPRESENTATION_CONTEXT() REPRESENTATION_CONTEXT('2D SPACE',''
  ) );
#2335 = ORIENTED_EDGE('',*,*,#2336,.F.);
#2336 = EDGE_CURVE('',#2242,#2304,#2337,.T.);
#2337 = SURFACE_CURVE('',#2338,(#2342,#2349),.PCURVE_S1.);
#2338 = LINE('',#2339,#2340);
#2339 = CARTESIAN_POINT('',(-0.101910203856,-1.841544499246,
    1.850247792129));
#2340 = VECTOR('',#2341,1.);
#2341 = DIRECTION('',(-0.552900001155,0.440796538919,0.707106781187));
#2342 = PCURVE('',#2251,#2343);
#2343 = DEFINITIONAL_REPRESENTATION('',(#2344),#2348);
#2344 = LINE('',#2345,#2346);
#2345 = CARTESIAN_POINT('',(5.610126748091,-7.5E-02));
#2346 = VECTOR('',#2347,1.);
#2347 = DIRECTION('',(0.,1.));
#2348 = ( GEOMETRIC_REPRESENTATION_CONTEXT(2) 
PARAMETRIC_REPRESENTATION_CONTEXT() REPRESENTATION_CONTEXT('2D SPACE',''
  ) );
#2349 = PCURVE('',#2350,#2355);
#2350 = CONICAL_SURFACE('',#2351,0.575,0.785398163397);
#2351 = AXIS2_PLACEMENT_3D('',#2352,#2353,#2354);
#2352 = CARTESIAN_POINT('',(0.289049136278,-2.15323472104,1.925247792129
    ));
#2353 = DIRECTION('',(-6.12318272229E-17,3.583545125319E-30,1.));
#2354 = DIRECTION('',(-0.267169100794,0.963649662264,-1.635925221914E-17
    ));
#2355 = DEFINITIONAL_REPRESENTATION('',(#2356),#2360);
#2356 = LINE('',#2357,#2358);
#2357 = CARTESIAN_POINT('',(6.910468929996,-7.5E-02));
#2358 = VECTOR('',#2359,1.);
#2359 = DIRECTION('',(5.921189464667E-15,1.));
#2360 = ( GEOMETRIC_REPRESENTATION_CONTEXT(2) 
PARAMETRIC_REPRESENTATION_CONTEXT() REPRESENTATION_CONTEXT('2D SPACE',''
  ) );
#2361 = ADVANCED_FACE('',(#2362),#2350,.F.);
#2362 = FACE_BOUND('',#2363,.F.);
#2363 = EDGE_LOOP('',(#2364,#2392,#2420,#2447));
#2364 = ORIENTED_EDGE('',*,*,#2365,.F.);
#2365 = EDGE_CURVE('',#2366,#2304,#2368,.T.);
#2366 = VERTEX_POINT('',#2367);
#2367 = CARTESIAN_POINT('',(0.516097507272,-1.544178863807,
    2.000247792129));
#2368 = SURFACE_CURVE('',#2369,(#2374,#2381),.PCURVE_S1.);
#2369 = CIRCLE('',#2370,0.65);
#2370 = AXIS2_PLACEMENT_3D('',#2371,#2372,#2373);
#2371 = CARTESIAN_POINT('',(0.289049136278,-2.15323472104,2.000247792129
    ));
#2372 = DIRECTION('',(-6.12318272229E-17,3.586851928427E-30,1.));
#2373 = DIRECTION('',(-0.267169100794,0.963649662264,-1.635925221914E-17
    ));
#2374 = PCURVE('',#2350,#2375);
#2375 = DEFINITIONAL_REPRESENTATION('',(#2376),#2380);
#2376 = LINE('',#2377,#2378);
#2377 = CARTESIAN_POINT('',(-8.881784197001E-16,7.5E-02));
#2378 = VECTOR('',#2379,1.);
#2379 = DIRECTION('',(1.,-6.257506180511E-16));
#2380 = ( GEOMETRIC_REPRESENTATION_CONTEXT(2) 
PARAMETRIC_REPRESENTATION_CONTEXT() REPRESENTATION_CONTEXT('2D SPACE',''
  ) );
#2381 = PCURVE('',#2320,#2382);
#2382 = DEFINITIONAL_REPRESENTATION('',(#2383),#2391);
#2383 = ( BOUNDED_CURVE() B_SPLINE_CURVE(2,(#2384,#2385,#2386,#2387,
#2388,#2389,#2390),.UNSPECIFIED.,.T.,.F.) B_SPLINE_CURVE_WITH_KNOTS((1,2
    ,2,2,2,1),(-2.094395102393,0.,2.094395102393,4.188790204786,
6.28318530718,8.377580409573),.UNSPECIFIED.) CURVE() 
GEOMETRIC_REPRESENTATION_ITEM() RATIONAL_B_SPLINE_CURVE((1.,0.5,1.,0.5,
1.,0.5,1.)) REPRESENTATION_ITEM('') );
#2384 = CARTESIAN_POINT('',(-1.360578017559,0.988556892855));
#2385 = CARTESIAN_POINT('',(-1.661365814471,-9.635172137418E-02));
#2386 = CARTESIAN_POINT('',(-2.450530336722,0.706592459015));
#2387 = CARTESIAN_POINT('',(-3.239694858973,1.509536639404));
#2388 = CARTESIAN_POINT('',(-2.14974253981,1.791501073244));
#2389 = CARTESIAN_POINT('',(-1.059790220647,2.073465507084));
#2390 = CARTESIAN_POINT('',(-1.360578017559,0.988556892855));
#2391 = ( GEOMETRIC_REPRESENTATION_CONTEXT(2) 
PARAMETRIC_REPRESENTATION_CONTEXT() REPRESENTATION_CONTEXT('2D SPACE',''
  ) );
#2392 = ORIENTED_EDGE('',*,*,#2393,.F.);
#2393 = EDGE_CURVE('',#2394,#2366,#2396,.T.);
#2394 = VERTEX_POINT('',#2395);
#2395 = CARTESIAN_POINT('',(0.46370172935,-1.684730215476,1.850247792129
    ));
#2396 = SURFACE_CURVE('',#2397,(#2401,#2408),.PCURVE_S1.);
#2397 = LINE('',#2398,#2399);
#2398 = CARTESIAN_POINT('',(0.46370172935,-1.684730215476,1.850247792129
    ));
#2399 = VECTOR('',#2400,1.);
#2400 = DIRECTION('',(0.246996065826,0.662565425801,0.707106781187));
#2401 = PCURVE('',#2350,#2402);
#2402 = DEFINITIONAL_REPRESENTATION('',(#2403),#2407);
#2403 = LINE('',#2404,#2405);
#2404 = CARTESIAN_POINT('',(5.655901684363,-7.5E-02));
#2405 = VECTOR('',#2406,1.);
#2406 = DIRECTION('',(1.184237892933E-14,1.));
#2407 = ( GEOMETRIC_REPRESENTATION_CONTEXT(2) 
PARAMETRIC_REPRESENTATION_CONTEXT() REPRESENTATION_CONTEXT('2D SPACE',''
  ) );
#2408 = PCURVE('',#2409,#2414);
#2409 = CONICAL_SURFACE('',#2410,0.945,0.785398163397);
#2410 = AXIS2_PLACEMENT_3D('',#2411,#2412,#2413);
#2411 = CARTESIAN_POINT('',(0.819993019216,-0.728981024127,
    1.925247792129));
#2412 = DIRECTION('',(6.12318272229E-17,-3.583545125319E-30,-1.));
#2413 = DIRECTION('',(-0.62880950181,-0.777559393509,-3.850315477092E-17
    ));
#2414 = DEFINITIONAL_REPRESENTATION('',(#2415),#2419);
#2415 = LINE('',#2416,#2417);
#2416 = CARTESIAN_POINT('',(5.959993593607,7.5E-02));
#2417 = VECTOR('',#2418,1.);
#2418 = DIRECTION('',(0.,-1.));
#2419 = ( GEOMETRIC_REPRESENTATION_CONTEXT(2) 
PARAMETRIC_REPRESENTATION_CONTEXT() REPRESENTATION_CONTEXT('2D SPACE',''
  ) );
#2420 = ORIENTED_EDGE('',*,*,#2421,.F.);
#2421 = EDGE_CURVE('',#2242,#2394,#2422,.T.);
#2422 = SURFACE_CURVE('',#2423,(#2428,#2435),.PCURVE_S1.);
#2423 = CIRCLE('',#2424,0.5);
#2424 = AXIS2_PLACEMENT_3D('',#2425,#2426,#2427);
#2425 = CARTESIAN_POINT('',(0.289049136278,-2.15323472104,1.850247792129
    ));
#2426 = DIRECTION('',(6.12318272229E-17,-3.586851928427E-30,-1.));
#2427 = DIRECTION('',(-0.267169100794,0.963649662264,-1.635925221914E-17
    ));
#2428 = PCURVE('',#2350,#2429);
#2429 = DEFINITIONAL_REPRESENTATION('',(#2430),#2434);
#2430 = LINE('',#2431,#2432);
#2431 = CARTESIAN_POINT('',(12.566370614359,-7.5E-02));
#2432 = VECTOR('',#2433,1.);
#2433 = DIRECTION('',(-1.,-6.257506180511E-17));
#2434 = ( GEOMETRIC_REPRESENTATION_CONTEXT(2) 
PARAMETRIC_REPRESENTATION_CONTEXT() REPRESENTATION_CONTEXT('2D SPACE',''
  ) );
#2435 = PCURVE('',#2436,#2441);
#2436 = CYLINDRICAL_SURFACE('',#2437,0.5);
#2437 = AXIS2_PLACEMENT_3D('',#2438,#2439,#2440);
#2438 = CARTESIAN_POINT('',(0.289049136278,-2.15323472104,2.000247792129
    ));
#2439 = DIRECTION('',(6.12318272229E-17,-3.583545125319E-30,-1.));
#2440 = DIRECTION('',(-0.267169100794,0.963649662264,-1.635925221914E-17
    ));
#2441 = DEFINITIONAL_REPRESENTATION('',(#2442),#2446);
#2442 = LINE('',#2443,#2444);
#2443 = CARTESIAN_POINT('',(-6.28318530718,0.15));
#2444 = VECTOR('',#2445,1.);
#2445 = DIRECTION('',(1.,0.));
#2446 = ( GEOMETRIC_REPRESENTATION_CONTEXT(2) 
PARAMETRIC_REPRESENTATION_CONTEXT() REPRESENTATION_CONTEXT('2D SPACE',''
  ) );
#2447 = ORIENTED_EDGE('',*,*,#2336,.T.);
#2448 = ADVANCED_FACE('',(#2449),#2409,.T.);
#2449 = FACE_BOUND('',#2450,.T.);
#2450 = EDGE_LOOP('',(#2451,#2481,#2503,#2504));
#2451 = ORIENTED_EDGE('',*,*,#2452,.T.);
#2452 = EDGE_CURVE('',#2453,#2455,#2457,.T.);
#2453 = VERTEX_POINT('',#2454);
#2454 = CARTESIAN_POINT('',(1.838876242748,-0.776698702261,
    1.850247792129));
#2455 = VERTEX_POINT('',#2456);
#2456 = CARTESIAN_POINT('',(1.689040474581,-0.769681396653,
    2.000247792129));
#2457 = SURFACE_CURVE('',#2458,(#2462,#2469),.PCURVE_S1.);
#2458 = LINE('',#2459,#2460);
#2459 = CARTESIAN_POINT('',(1.838876242748,-0.776698702261,
    1.850247792129));
#2460 = VECTOR('',#2461,1.);
#2461 = DIRECTION('',(-0.706332584898,3.307989587412E-02,0.707106781187)
  );
#2462 = PCURVE('',#2409,#2463);
#2463 = DEFINITIONAL_REPRESENTATION('',(#2464),#2468);
#2464 = LINE('',#2465,#2466);
#2465 = CARTESIAN_POINT('',(4.079166907308,7.5E-02));
#2466 = VECTOR('',#2467,1.);
#2467 = DIRECTION('',(1.7763568394E-14,-1.));
#2468 = ( GEOMETRIC_REPRESENTATION_CONTEXT(2) 
PARAMETRIC_REPRESENTATION_CONTEXT() REPRESENTATION_CONTEXT('2D SPACE',''
  ) );
#2469 = PCURVE('',#2470,#2475);
#2470 = CONICAL_SURFACE('',#2471,0.575,0.785398163397);
#2471 = AXIS2_PLACEMENT_3D('',#2472,#2473,#2474);
#2472 = CARTESIAN_POINT('',(2.338328803302,-0.800089720955,
    1.925247792129));
#2473 = DIRECTION('',(-6.12318272229E-17,3.583545125319E-30,1.));
#2474 = DIRECTION('',(-0.781279815161,0.624180943655,-4.783919065467E-17
    ));
#2475 = DEFINITIONAL_REPRESENTATION('',(#2476),#2480);
#2476 = LINE('',#2477,#2478);
#2477 = CARTESIAN_POINT('',(6.910468929996,-7.5E-02));
#2478 = VECTOR('',#2479,1.);
#2479 = DIRECTION('',(1.184237892933E-14,1.));
#2480 = ( GEOMETRIC_REPRESENTATION_CONTEXT(2) 
PARAMETRIC_REPRESENTATION_CONTEXT() REPRESENTATION_CONTEXT('2D SPACE',''
  ) );
#2481 = ORIENTED_EDGE('',*,*,#2482,.T.);
#2482 = EDGE_CURVE('',#2455,#2366,#2483,.T.);
#2483 = SURFACE_CURVE('',#2484,(#2489,#2496),.PCURVE_S1.);
#2484 = CIRCLE('',#2485,0.87);
#2485 = AXIS2_PLACEMENT_3D('',#2486,#2487,#2488);
#2486 = CARTESIAN_POINT('',(0.819993019216,-0.728981024127,
    2.000247792129));
#2487 = DIRECTION('',(6.12318272229E-17,-3.586851928427E-30,-1.));
#2488 = DIRECTION('',(-0.62880950181,-0.777559393509,-3.850315477092E-17
    ));
#2489 = PCURVE('',#2409,#2490);
#2490 = DEFINITIONAL_REPRESENTATION('',(#2491),#2495);
#2491 = LINE('',#2492,#2493);
#2492 = CARTESIAN_POINT('',(0.,-7.5E-02));
#2493 = VECTOR('',#2494,1.);
#2494 = DIRECTION('',(1.,3.130456816119E-17));
#2495 = ( GEOMETRIC_REPRESENTATION_CONTEXT(2) 
PARAMETRIC_REPRESENTATION_CONTEXT() REPRESENTATION_CONTEXT('2D SPACE',''
  ) );
#2496 = PCURVE('',#2320,#2497);
#2497 = DEFINITIONAL_REPRESENTATION('',(#2498),#2502);
#2498 = CIRCLE('',#2499,0.87);
#2499 = AXIS2_PLACEMENT_2D('',#2500,#2501);
#2500 = CARTESIAN_POINT('',(-0.562696601117,1.693160691309));
#2501 = DIRECTION('',(-0.777559393509,-0.62880950181));
#2502 = ( GEOMETRIC_REPRESENTATION_CONTEXT(2) 
PARAMETRIC_REPRESENTATION_CONTEXT() REPRESENTATION_CONTEXT('2D SPACE',''
  ) );
#2503 = ORIENTED_EDGE('',*,*,#2393,.F.);
#2504 = ORIENTED_EDGE('',*,*,#2505,.T.);
#2505 = EDGE_CURVE('',#2394,#2453,#2506,.T.);
#2506 = SURFACE_CURVE('',#2507,(#2512,#2519),.PCURVE_S1.);
#2507 = CIRCLE('',#2508,1.02);
#2508 = AXIS2_PLACEMENT_3D('',#2509,#2510,#2511);
#2509 = CARTESIAN_POINT('',(0.819993019216,-0.728981024127,
    1.850247792129));
#2510 = DIRECTION('',(-6.12318272229E-17,3.586851928427E-30,1.));
#2511 = DIRECTION('',(-0.62880950181,-0.777559393509,-3.850315477092E-17
    ));
#2512 = PCURVE('',#2409,#2513);
#2513 = DEFINITIONAL_REPRESENTATION('',(#2514),#2518);
#2514 = LINE('',#2515,#2516);
#2515 = CARTESIAN_POINT('',(6.28318530718,7.5E-02));
#2516 = VECTOR('',#2517,1.);
#2517 = DIRECTION('',(-1.,2.973933975313E-16));
#2518 = ( GEOMETRIC_REPRESENTATION_CONTEXT(2) 
PARAMETRIC_REPRESENTATION_CONTEXT() REPRESENTATION_CONTEXT('2D SPACE',''
  ) );
#2519 = PCURVE('',#2520,#2525);
#2520 = CYLINDRICAL_SURFACE('',#2521,1.02);
#2521 = AXIS2_PLACEMENT_3D('',#2522,#2523,#2524);
#2522 = CARTESIAN_POINT('',(0.819993019216,-0.728981024127,
    2.000247792129));
#2523 = DIRECTION('',(6.12318272229E-17,-3.583545125319E-30,-1.));
#2524 = DIRECTION('',(-0.62880950181,-0.777559393509,-3.850315477092E-17
    ));
#2525 = DEFINITIONAL_REPRESENTATION('',(#2526),#2530);
#2526 = LINE('',#2527,#2528);
#2527 = CARTESIAN_POINT('',(6.28318530718,0.15));
#2528 = VECTOR('',#2529,1.);
#2529 = DIRECTION('',(-1.,0.));
#2530 = ( GEOMETRIC_REPRESENTATION_CONTEXT(2) 
PARAMETRIC_REPRESENTATION_CONTEXT() REPRESENTATION_CONTEXT('2D SPACE',''
  ) );
#2531 = ADVANCED_FACE('',(#2532),#2470,.F.);
#2532 = FACE_BOUND('',#2533,.F.);
#2533 = EDGE_LOOP('',(#2534,#2562,#2583,#2605));
#2534 = ORIENTED_EDGE('',*,*,#2535,.F.);
#2535 = EDGE_CURVE('',#2536,#2455,#2538,.T.);
#2536 = VERTEX_POINT('',#2537);
#2537 = CARTESIAN_POINT('',(2.165310498063,-0.173539909645,
    2.000247792129));
#2538 = SURFACE_CURVE('',#2539,(#2544,#2551),.PCURVE_S1.);
#2539 = CIRCLE('',#2540,0.65);
#2540 = AXIS2_PLACEMENT_3D('',#2541,#2542,#2543);
#2541 = CARTESIAN_POINT('',(2.338328803302,-0.800089720955,
    2.000247792129));
#2542 = DIRECTION('',(-6.12318272229E-17,3.599177880071E-30,1.));
#2543 = DIRECTION('',(-0.781279815161,0.624180943655,-4.783919065467E-17
    ));
#2544 = PCURVE('',#2470,#2545);
#2545 = DEFINITIONAL_REPRESENTATION('',(#2546),#2550);
#2546 = LINE('',#2547,#2548);
#2547 = CARTESIAN_POINT('',(1.7763568394E-15,7.5E-02));
#2548 = VECTOR('',#2549,1.);
#2549 = DIRECTION('',(1.,1.799033026897E-16));
#2550 = ( GEOMETRIC_REPRESENTATION_CONTEXT(2) 
PARAMETRIC_REPRESENTATION_CONTEXT() REPRESENTATION_CONTEXT('2D SPACE',''
  ) );
#2551 = PCURVE('',#2320,#2552);
#2552 = DEFINITIONAL_REPRESENTATION('',(#2553),#2561);
#2553 = ( BOUNDED_CURVE() B_SPLINE_CURVE(2,(#2554,#2555,#2556,#2557,
#2558,#2559,#2560),.UNSPECIFIED.,.T.,.F.) B_SPLINE_CURVE_WITH_KNOTS((1,2
    ,2,2,2,1),(-2.094395102393,0.,2.094395102393,4.188790204786,
6.28318530718,8.377580409573),.UNSPECIFIED.) CURVE() 
GEOMETRIC_REPRESENTATION_ITEM() RATIONAL_B_SPLINE_CURVE((1.,0.5,1.,0.5,
1.,0.5,1.)) REPRESENTATION_ITEM('') );
#2554 = CARTESIAN_POINT('',(-0.22808768457,2.703664595541));
#2555 = CARTESIAN_POINT('',(-1.107678302181,2.000941075648));
#2556 = CARTESIAN_POINT('',(-1.276459413439,3.114050655376));
#2557 = CARTESIAN_POINT('',(-1.445240524697,4.227160235104));
#2558 = CARTESIAN_POINT('',(-0.396868795828,3.816774175269));
#2559 = CARTESIAN_POINT('',(0.651502933042,3.406388115433));
#2560 = CARTESIAN_POINT('',(-0.22808768457,2.703664595541));
#2561 = ( GEOMETRIC_REPRESENTATION_CONTEXT(2) 
PARAMETRIC_REPRESENTATION_CONTEXT() REPRESENTATION_CONTEXT('2D SPACE',''
  ) );
#2562 = ORIENTED_EDGE('',*,*,#2563,.F.);
#2563 = EDGE_CURVE('',#1819,#2536,#2564,.T.);
#2564 = SURFACE_CURVE('',#2565,(#2569,#2576),.PCURVE_S1.);
#2565 = LINE('',#2566,#2567);
#2566 = CARTESIAN_POINT('',(2.205237799272,-0.31812832764,1.850247792129
    ));
#2567 = VECTOR('',#2568,1.);
#2568 = DIRECTION('',(-0.188219102929,0.681596338967,0.707106781187));
#2569 = PCURVE('',#2470,#2570);
#2570 = DEFINITIONAL_REPRESENTATION('',(#2571),#2575);
#2571 = LINE('',#2572,#2573);
#2572 = CARTESIAN_POINT('',(5.655901684363,-7.5E-02));
#2573 = VECTOR('',#2574,1.);
#2574 = DIRECTION('',(2.368475785867E-14,1.));
#2575 = ( GEOMETRIC_REPRESENTATION_CONTEXT(2) 
PARAMETRIC_REPRESENTATION_CONTEXT() REPRESENTATION_CONTEXT('2D SPACE',''
  ) );
#2576 = PCURVE('',#1863,#2577);
#2577 = DEFINITIONAL_REPRESENTATION('',(#2578),#2582);
#2578 = LINE('',#2579,#2580);
#2579 = CARTESIAN_POINT('',(1.840226289533,-7.5E-02));
#2580 = VECTOR('',#2581,1.);
#2581 = DIRECTION('',(0.,1.));
#2582 = ( GEOMETRIC_REPRESENTATION_CONTEXT(2) 
PARAMETRIC_REPRESENTATION_CONTEXT() REPRESENTATION_CONTEXT('2D SPACE',''
  ) );
#2583 = ORIENTED_EDGE('',*,*,#2584,.F.);
#2584 = EDGE_CURVE('',#2453,#1819,#2585,.T.);
#2585 = SURFACE_CURVE('',#2586,(#2591,#2598),.PCURVE_S1.);
#2586 = CIRCLE('',#2587,0.5);
#2587 = AXIS2_PLACEMENT_3D('',#2588,#2589,#2590);
#2588 = CARTESIAN_POINT('',(2.338328803302,-0.800089720955,
    1.850247792129));
#2589 = DIRECTION('',(6.12318272229E-17,-3.599177880071E-30,-1.));
#2590 = DIRECTION('',(-0.781279815161,0.624180943655,-4.783919065467E-17
    ));
#2591 = PCURVE('',#2470,#2592);
#2592 = DEFINITIONAL_REPRESENTATION('',(#2593),#2597);
#2593 = LINE('',#2594,#2595);
#2594 = CARTESIAN_POINT('',(12.566370614359,-7.499999999999E-02));
#2595 = VECTOR('',#2596,1.);
#2596 = DIRECTION('',(-1.,-8.44763334369E-16));
#2597 = ( GEOMETRIC_REPRESENTATION_CONTEXT(2) 
PARAMETRIC_REPRESENTATION_CONTEXT() REPRESENTATION_CONTEXT('2D SPACE',''
  ) );
#2598 = PCURVE('',#1834,#2599);
#2599 = DEFINITIONAL_REPRESENTATION('',(#2600),#2604);
#2600 = LINE('',#2601,#2602);
#2601 = CARTESIAN_POINT('',(-6.28318530718,-1.85));
#2602 = VECTOR('',#2603,1.);
#2603 = DIRECTION('',(1.,0.));
#2604 = ( GEOMETRIC_REPRESENTATION_CONTEXT(2) 
PARAMETRIC_REPRESENTATION_CONTEXT() REPRESENTATION_CONTEXT('2D SPACE',''
  ) );
#2605 = ORIENTED_EDGE('',*,*,#2452,.T.);
#2606 = ADVANCED_FACE('',(#2607),#1863,.F.);
#2607 = FACE_BOUND('',#2608,.F.);
#2608 = EDGE_LOOP('',(#2609,#2610,#2611,#2639));
#2609 = ORIENTED_EDGE('',*,*,#1846,.F.);
#2610 = ORIENTED_EDGE('',*,*,#2563,.T.);
#2611 = ORIENTED_EDGE('',*,*,#2612,.F.);
#2612 = EDGE_CURVE('',#2613,#2536,#2615,.T.);
#2613 = VERTEX_POINT('',#2614);
#2614 = CARTESIAN_POINT('',(6.00173529025,-0.810955365251,2.000247792129
    ));
#2615 = SURFACE_CURVE('',#2616,(#2621,#2628),.PCURVE_S1.);
#2616 = CIRCLE('',#2617,4.6235);
#2617 = AXIS2_PLACEMENT_3D('',#2618,#2619,#2620);
#2618 = CARTESIAN_POINT('',(3.396003012328,-4.630236913631,
    2.000247792129));
#2619 = DIRECTION('',(-6.12318272229E-17,3.583545125319E-30,1.));
#2620 = DIRECTION('',(1.,2.22044604925E-16,6.12318272229E-17));
#2621 = PCURVE('',#1863,#2622);
#2622 = DEFINITIONAL_REPRESENTATION('',(#2623),#2627);
#2623 = LINE('',#2624,#2625);
#2624 = CARTESIAN_POINT('',(-1.110223024625E-16,7.5E-02));
#2625 = VECTOR('',#2626,1.);
#2626 = DIRECTION('',(1.,-5.199589605196E-16));
#2627 = ( GEOMETRIC_REPRESENTATION_CONTEXT(2) 
PARAMETRIC_REPRESENTATION_CONTEXT() REPRESENTATION_CONTEXT('2D SPACE',''
  ) );
#2628 = PCURVE('',#2320,#2629);
#2629 = DEFINITIONAL_REPRESENTATION('',(#2630),#2638);
#2630 = ( BOUNDED_CURVE() B_SPLINE_CURVE(2,(#2631,#2632,#2633,#2634,
#2635,#2636,#2637),.UNSPECIFIED.,.T.,.F.) B_SPLINE_CURVE_WITH_KNOTS((1,2
    ,2,2,2,1),(-2.094395102393,0.,2.094395102393,4.188790204786,
6.28318530718,8.377580409573),.UNSPECIFIED.) CURVE() 
GEOMETRIC_REPRESENTATION_ITEM() RATIONAL_B_SPLINE_CURVE((1.,0.5,1.,0.5,
1.,0.5,1.)) REPRESENTATION_ITEM('') );
#2631 = CARTESIAN_POINT('',(-4.463952490621,8.892670684421));
#2632 = CARTESIAN_POINT('',(3.544184418173,8.892670684421));
#2633 = CARTESIAN_POINT('',(-0.459884036224,1.957420684421));
#2634 = CARTESIAN_POINT('',(-4.463952490621,-4.977829315579));
#2635 = CARTESIAN_POINT('',(-8.468020945019,1.957420684421));
#2636 = CARTESIAN_POINT('',(-12.47208939941,8.892670684421));
#2637 = CARTESIAN_POINT('',(-4.463952490621,8.892670684421));
#2638 = ( GEOMETRIC_REPRESENTATION_CONTEXT(2) 
PARAMETRIC_REPRESENTATION_CONTEXT() REPRESENTATION_CONTEXT('2D SPACE',''
  ) );
#2639 = ORIENTED_EDGE('',*,*,#2640,.F.);
#2640 = EDGE_CURVE('',#1847,#2613,#2641,.T.);
#2641 = SURFACE_CURVE('',#2642,(#2646,#2653),.PCURVE_S1.);
#2642 = LINE('',#2643,#2644);
#2643 = CARTESIAN_POINT('',(5.917197636592,-0.93486414264,1.850247792129
    ));
#2644 = VECTOR('',#2645,1.);
#2645 = DIRECTION('',(0.398514321115,0.584111578268,0.707106781187));
#2646 = PCURVE('',#1863,#2647);
#2647 = DEFINITIONAL_REPRESENTATION('',(#2648),#2652);
#2648 = LINE('',#2649,#2650);
#2649 = CARTESIAN_POINT('',(0.972077808314,-7.5E-02));
#2650 = VECTOR('',#2651,1.);
#2651 = DIRECTION('',(0.,1.));
#2652 = ( GEOMETRIC_REPRESENTATION_CONTEXT(2) 
PARAMETRIC_REPRESENTATION_CONTEXT() REPRESENTATION_CONTEXT('2D SPACE',''
  ) );
#2653 = PCURVE('',#2654,#2659);
#2654 = CONICAL_SURFACE('',#2655,0.575,0.785398163397);
#2655 = AXIS2_PLACEMENT_3D('',#2656,#2657,#2658);
#2656 = CARTESIAN_POINT('',(5.635405457731,-1.347893400602,
    1.925247792129));
#2657 = DIRECTION('',(-6.12318272229E-17,3.583545125319E-30,1.));
#2658 = DIRECTION('',(0.992055947494,0.125797444494,6.074539837242E-17)
  );
#2659 = DEFINITIONAL_REPRESENTATION('',(#2660),#2664);
#2660 = LINE('',#2661,#2662);
#2661 = CARTESIAN_POINT('',(7.129131495039,-7.5E-02));
#2662 = VECTOR('',#2663,1.);
#2663 = DIRECTION('',(-5.921189464667E-15,1.));
#2664 = ( GEOMETRIC_REPRESENTATION_CONTEXT(2) 
PARAMETRIC_REPRESENTATION_CONTEXT() REPRESENTATION_CONTEXT('2D SPACE',''
  ) );
#2665 = ADVANCED_FACE('',(#2666),#2654,.F.);
#2666 = FACE_BOUND('',#2667,.F.);
#2667 = EDGE_LOOP('',(#2668,#2696,#2724,#2746));
#2668 = ORIENTED_EDGE('',*,*,#2669,.F.);
#2669 = EDGE_CURVE('',#2670,#2613,#2672,.T.);
#2670 = VERTEX_POINT('',#2671);
#2671 = CARTESIAN_POINT('',(6.124158649688,-1.776402813979,
    2.000247792129));
#2672 = SURFACE_CURVE('',#2673,(#2678,#2685),.PCURVE_S1.);
#2673 = CIRCLE('',#2674,0.65);
#2674 = AXIS2_PLACEMENT_3D('',#2675,#2676,#2677);
#2675 = CARTESIAN_POINT('',(5.635405457731,-1.347893400602,
    2.000247792129));
#2676 = DIRECTION('',(-6.12318272229E-17,3.580688952605E-30,1.));
#2677 = DIRECTION('',(0.992055947494,0.125797444494,6.074539837242E-17)
  );
#2678 = PCURVE('',#2654,#2679);
#2679 = DEFINITIONAL_REPRESENTATION('',(#2680),#2684);
#2680 = LINE('',#2681,#2682);
#2681 = CARTESIAN_POINT('',(-3.552713678801E-15,7.5E-02));
#2682 = VECTOR('',#2683,1.);
#2683 = DIRECTION('',(1.,1.972020515363E-16));
#2684 = ( GEOMETRIC_REPRESENTATION_CONTEXT(2) 
PARAMETRIC_REPRESENTATION_CONTEXT() REPRESENTATION_CONTEXT('2D SPACE',''
  ) );
#2685 = PCURVE('',#2320,#2686);
#2686 = DEFINITIONAL_REPRESENTATION('',(#2687),#2695);
#2687 = ( BOUNDED_CURVE() B_SPLINE_CURVE(2,(#2688,#2689,#2690,#2691,
#2692,#2693,#2694),.UNSPECIFIED.,.T.,.F.) B_SPLINE_CURVE_WITH_KNOTS((1,2
    ,2,2,2,1),(-2.094395102393,0.,2.094395102393,4.188790204786,
6.28318530718,8.377580409573),.UNSPECIFIED.) CURVE() 
GEOMETRIC_REPRESENTATION_ITEM() RATIONAL_B_SPLINE_CURVE((1.,0.5,1.,0.5,
1.,0.5,1.)) REPRESENTATION_ITEM('') );
#2688 = CARTESIAN_POINT('',(-1.099840638672,7.153409495696));
#2689 = CARTESIAN_POINT('',(1.704870958518E-02,7.011782578234));
#2690 = CARTESIAN_POINT('',(-0.664048472925,6.115341488158));
#2691 = CARTESIAN_POINT('',(-1.345145655435,5.218900398082));
#2692 = CARTESIAN_POINT('',(-1.780937821182,6.25696840562));
#2693 = CARTESIAN_POINT('',(-2.216729986929,7.295036413157));
#2694 = CARTESIAN_POINT('',(-1.099840638672,7.153409495696));
#2695 = ( GEOMETRIC_REPRESENTATION_CONTEXT(2) 
PARAMETRIC_REPRESENTATION_CONTEXT() REPRESENTATION_CONTEXT('2D SPACE',''
  ) );
#2696 = ORIENTED_EDGE('',*,*,#2697,.F.);
#2697 = EDGE_CURVE('',#2698,#2670,#2700,.T.);
#2698 = VERTEX_POINT('',#2699);
#2699 = CARTESIAN_POINT('',(6.011369451544,-1.677516026276,
    1.850247792129));
#2700 = SURFACE_CURVE('',#2701,(#2705,#2712),.PCURVE_S1.);
#2701 = LINE('',#2702,#2703);
#2702 = CARTESIAN_POINT('',(6.011369451544,-1.677516026276,
    1.850247792129));
#2703 = VECTOR('',#2704,1.);
#2704 = DIRECTION('',(0.531693379014,-0.466156787693,0.707106781187));
#2705 = PCURVE('',#2654,#2706);
#2706 = DEFINITIONAL_REPRESENTATION('',(#2707),#2711);
#2707 = LINE('',#2708,#2709);
#2708 = CARTESIAN_POINT('',(5.437239119321,-7.5E-02));
#2709 = VECTOR('',#2710,1.);
#2710 = DIRECTION('',(-1.184237892934E-14,1.));
#2711 = ( GEOMETRIC_REPRESENTATION_CONTEXT(2) 
PARAMETRIC_REPRESENTATION_CONTEXT() REPRESENTATION_CONTEXT('2D SPACE',''
  ) );
#2712 = PCURVE('',#2713,#2718);
#2713 = PLANE('',#2714);
#2714 = AXIS2_PLACEMENT_3D('',#2715,#2716,#2717);
#2715 = CARTESIAN_POINT('',(5.120689963556,-2.807181857771,
    1.925247792129));
#2716 = DIRECTION('',(-0.531693379014,0.466156787693,0.707106781187));
#2717 = DIRECTION('',(0.659245251348,0.751927987626,1.261121571243E-17)
  );
#2718 = DEFINITIONAL_REPRESENTATION('',(#2719),#2723);
#2719 = LINE('',#2720,#2721);
#2720 = CARTESIAN_POINT('',(1.436603578295,0.106066017178));
#2721 = VECTOR('',#2722,1.);
#2722 = DIRECTION('',(-3.369748046251E-15,-1.));
#2723 = ( GEOMETRIC_REPRESENTATION_CONTEXT(2) 
PARAMETRIC_REPRESENTATION_CONTEXT() REPRESENTATION_CONTEXT('2D SPACE',''
  ) );
#2724 = ORIENTED_EDGE('',*,*,#2725,.F.);
#2725 = EDGE_CURVE('',#1847,#2698,#2726,.T.);
#2726 = SURFACE_CURVE('',#2727,(#2732,#2739),.PCURVE_S1.);
#2727 = CIRCLE('',#2728,0.5);
#2728 = AXIS2_PLACEMENT_3D('',#2729,#2730,#2731);
#2729 = CARTESIAN_POINT('',(5.635405457731,-1.347893400602,
    1.850247792129));
#2730 = DIRECTION('',(6.12318272229E-17,-3.580688952605E-30,-1.));
#2731 = DIRECTION('',(0.992055947494,0.125797444494,6.074539837242E-17)
  );
#2732 = PCURVE('',#2654,#2733);
#2733 = DEFINITIONAL_REPRESENTATION('',(#2734),#2738);
#2734 = LINE('',#2735,#2736);
#2735 = CARTESIAN_POINT('',(12.566370614359,-7.5E-02));
#2736 = VECTOR('',#2737,1.);
#2737 = DIRECTION('',(-1.,-1.044010861075E-16));
#2738 = ( GEOMETRIC_REPRESENTATION_CONTEXT(2) 
PARAMETRIC_REPRESENTATION_CONTEXT() REPRESENTATION_CONTEXT('2D SPACE',''
  ) );
#2739 = PCURVE('',#1891,#2740);
#2740 = DEFINITIONAL_REPRESENTATION('',(#2741),#2745);
#2741 = LINE('',#2742,#2743);
#2742 = CARTESIAN_POINT('',(-6.28318530718,-1.85));
#2743 = VECTOR('',#2744,1.);
#2744 = DIRECTION('',(1.,0.));
#2745 = ( GEOMETRIC_REPRESENTATION_CONTEXT(2) 
PARAMETRIC_REPRESENTATION_CONTEXT() REPRESENTATION_CONTEXT('2D SPACE',''
  ) );
#2746 = ORIENTED_EDGE('',*,*,#2640,.T.);
#2747 = ADVANCED_FACE('',(#2748),#2713,.T.);
#2748 = FACE_BOUND('',#2749,.T.);
#2749 = EDGE_LOOP('',(#2750,#2780,#2801,#2802));
#2750 = ORIENTED_EDGE('',*,*,#2751,.T.);
#2751 = EDGE_CURVE('',#2752,#2754,#2756,.T.);
#2752 = VERTEX_POINT('',#2753);
#2753 = CARTESIAN_POINT('',(4.361818594817,-3.558975852721,
    1.850247792129));
#2754 = VERTEX_POINT('',#2755);
#2755 = CARTESIAN_POINT('',(4.474607792961,-3.657862640423,
    2.000247792129));
#2756 = SURFACE_CURVE('',#2757,(#2761,#2768),.PCURVE_S1.);
#2757 = LINE('',#2758,#2759);
#2758 = CARTESIAN_POINT('',(4.361818594817,-3.558975852721,
    1.850247792129));
#2759 = VECTOR('',#2760,1.);
#2760 = DIRECTION('',(0.531693379014,-0.466156787693,0.707106781187));
#2761 = PCURVE('',#2713,#2762);
#2762 = DEFINITIONAL_REPRESENTATION('',(#2763),#2767);
#2763 = LINE('',#2764,#2765);
#2764 = CARTESIAN_POINT('',(-1.065577291957,0.106066017178));
#2765 = VECTOR('',#2766,1.);
#2766 = DIRECTION('',(-6.497016359198E-16,-1.));
#2767 = ( GEOMETRIC_REPRESENTATION_CONTEXT(2) 
PARAMETRIC_REPRESENTATION_CONTEXT() REPRESENTATION_CONTEXT('2D SPACE',''
  ) );
#2768 = PCURVE('',#2769,#2774);
#2769 = CONICAL_SURFACE('',#2770,0.575,0.785398163397);
#2770 = AXIS2_PLACEMENT_3D('',#2771,#2772,#2773);
#2771 = CARTESIAN_POINT('',(3.985854601004,-3.229353227047,
    1.925247792129));
#2772 = DIRECTION('',(-6.12318272229E-17,3.583545125319E-30,1.));
#2773 = DIRECTION('',(0.224303134186,-0.974519422071,1.373449075806E-17)
  );
#2774 = DEFINITIONAL_REPRESENTATION('',(#2775),#2779);
#2775 = LINE('',#2776,#2777);
#2776 = CARTESIAN_POINT('',(6.907939175945,-7.5E-02));
#2777 = VECTOR('',#2778,1.);
#2778 = DIRECTION('',(2.960594732334E-14,1.));
#2779 = ( GEOMETRIC_REPRESENTATION_CONTEXT(2) 
PARAMETRIC_REPRESENTATION_CONTEXT() REPRESENTATION_CONTEXT('2D SPACE',''
  ) );
#2780 = ORIENTED_EDGE('',*,*,#2781,.T.);
#2781 = EDGE_CURVE('',#2754,#2670,#2782,.T.);
#2782 = SURFACE_CURVE('',#2783,(#2787,#2794),.PCURVE_S1.);
#2783 = LINE('',#2784,#2785);
#2784 = CARTESIAN_POINT('',(5.177084562628,-2.856625251622,
    2.000247792129));
#2785 = VECTOR('',#2786,1.);
#2786 = DIRECTION('',(0.659245251348,0.751927987626,4.036679132806E-17)
  );
#2787 = PCURVE('',#2713,#2788);
#2788 = DEFINITIONAL_REPRESENTATION('',(#2789),#2793);
#2789 = LINE('',#2790,#2791);
#2790 = CARTESIAN_POINT('',(5.763126930375E-15,-0.106066017178));
#2791 = VECTOR('',#2792,1.);
#2792 = DIRECTION('',(1.,1.485042863993E-16));
#2793 = ( GEOMETRIC_REPRESENTATION_CONTEXT(2) 
PARAMETRIC_REPRESENTATION_CONTEXT() REPRESENTATION_CONTEXT('2D SPACE',''
  ) );
#2794 = PCURVE('',#2320,#2795);
#2795 = DEFINITIONAL_REPRESENTATION('',(#2796),#2800);
#2796 = LINE('',#2797,#2798);
#2797 = CARTESIAN_POINT('',(-2.690340828613,6.050252234721));
#2798 = VECTOR('',#2799,1.);
#2799 = DIRECTION('',(0.751927987626,0.659245251348));
#2800 = ( GEOMETRIC_REPRESENTATION_CONTEXT(2) 
PARAMETRIC_REPRESENTATION_CONTEXT() REPRESENTATION_CONTEXT('2D SPACE',''
  ) );
#2801 = ORIENTED_EDGE('',*,*,#2697,.F.);
#2802 = ORIENTED_EDGE('',*,*,#2803,.T.);
#2803 = EDGE_CURVE('',#2698,#2752,#2804,.T.);
#2804 = SURFACE_CURVE('',#2805,(#2809,#2816),.PCURVE_S1.);
#2805 = LINE('',#2806,#2807);
#2806 = CARTESIAN_POINT('',(5.064295364484,-2.75773846392,1.850247792129
    ));
#2807 = VECTOR('',#2808,1.);
#2808 = DIRECTION('',(-0.659245251348,-0.751927987626,
    -4.036679132806E-17));
#2809 = PCURVE('',#2713,#2810);
#2810 = DEFINITIONAL_REPRESENTATION('',(#2811),#2815);
#2811 = LINE('',#2812,#2813);
#2812 = CARTESIAN_POINT('',(8.427000661443E-16,0.106066017178));
#2813 = VECTOR('',#2814,1.);
#2814 = DIRECTION('',(-1.,-1.485042863993E-16));
#2815 = ( GEOMETRIC_REPRESENTATION_CONTEXT(2) 
PARAMETRIC_REPRESENTATION_CONTEXT() REPRESENTATION_CONTEXT('2D SPACE',''
  ) );
#2816 = PCURVE('',#2817,#2822);
#2817 = PLANE('',#2818);
#2818 = AXIS2_PLACEMENT_3D('',#2819,#2820,#2821);
#2819 = CARTESIAN_POINT('',(6.360145730484,-1.27970558317,2.000247792129
    ));
#2820 = DIRECTION('',(0.751927987626,-0.659245251348,4.604192462237E-17)
  );
#2821 = DIRECTION('',(-0.659245251348,-0.751927987626,
    -4.036679132806E-17));
#2822 = DEFINITIONAL_REPRESENTATION('',(#2823),#2827);
#2823 = LINE('',#2824,#2825);
#2824 = CARTESIAN_POINT('',(1.965657489911,0.15));
#2825 = VECTOR('',#2826,1.);
#2826 = DIRECTION('',(1.,0.));
#2827 = ( GEOMETRIC_REPRESENTATION_CONTEXT(2) 
PARAMETRIC_REPRESENTATION_CONTEXT() REPRESENTATION_CONTEXT('2D SPACE',''
  ) );
#2828 = ADVANCED_FACE('',(#2829),#2769,.F.);
#2829 = FACE_BOUND('',#2830,.F.);
#2830 = EDGE_LOOP('',(#2831,#2859,#2887,#2914));
#2831 = ORIENTED_EDGE('',*,*,#2832,.F.);
#2832 = EDGE_CURVE('',#2833,#2754,#2835,.T.);
#2833 = VERTEX_POINT('',#2834);
#2834 = CARTESIAN_POINT('',(3.733615434794,-3.828415329862,
    2.000247792129));
#2835 = SURFACE_CURVE('',#2836,(#2841,#2848),.PCURVE_S1.);
#2836 = CIRCLE('',#2837,0.65);
#2837 = AXIS2_PLACEMENT_3D('',#2838,#2839,#2840);
#2838 = CARTESIAN_POINT('',(3.985854601004,-3.229353227047,
    2.000247792129));
#2839 = DIRECTION('',(-6.12318272229E-17,3.591474160293E-30,1.));
#2840 = DIRECTION('',(0.224303134186,-0.974519422071,1.373449075806E-17)
  );
#2841 = PCURVE('',#2769,#2842);
#2842 = DEFINITIONAL_REPRESENTATION('',(#2843),#2847);
#2843 = LINE('',#2844,#2845);
#2844 = CARTESIAN_POINT('',(-8.881784197001E-16,7.5E-02));
#2845 = VECTOR('',#2846,1.);
#2846 = DIRECTION('',(1.,0.));
#2847 = ( GEOMETRIC_REPRESENTATION_CONTEXT(2) 
PARAMETRIC_REPRESENTATION_CONTEXT() REPRESENTATION_CONTEXT('2D SPACE',''
  ) );
#2848 = PCURVE('',#2320,#2849);
#2849 = DEFINITIONAL_REPRESENTATION('',(#2850),#2858);
#2850 = ( BOUNDED_CURVE() B_SPLINE_CURVE(2,(#2851,#2852,#2853,#2854,
#2855,#2856,#2857),.UNSPECIFIED.,.T.,.F.) B_SPLINE_CURVE_WITH_KNOTS((1,2
    ,2,2,2,1),(-2.094395102393,0.,2.094395102393,4.188790204786,
6.28318530718,8.377580409573),.UNSPECIFIED.) CURVE() 
GEOMETRIC_REPRESENTATION_ITEM() RATIONAL_B_SPLINE_CURVE((1.,0.5,1.,0.5,
1.,0.5,1.)) REPRESENTATION_ITEM('') );
#2851 = CARTESIAN_POINT('',(-3.696506428384,5.004819310318));
#2852 = CARTESIAN_POINT('',(-3.443978552324,6.101965459112));
#2853 = CARTESIAN_POINT('',(-2.620086053835,5.334696828883));
#2854 = CARTESIAN_POINT('',(-1.796193555345,4.567428198655));
#2855 = CARTESIAN_POINT('',(-2.872613929895,4.23755068009));
#2856 = CARTESIAN_POINT('',(-3.949034304444,3.907673161524));
#2857 = CARTESIAN_POINT('',(-3.696506428384,5.004819310318));
#2858 = ( GEOMETRIC_REPRESENTATION_CONTEXT(2) 
PARAMETRIC_REPRESENTATION_CONTEXT() REPRESENTATION_CONTEXT('2D SPACE',''
  ) );
#2859 = ORIENTED_EDGE('',*,*,#2860,.F.);
#2860 = EDGE_CURVE('',#2861,#2833,#2863,.T.);
#2861 = VERTEX_POINT('',#2862);
#2862 = CARTESIAN_POINT('',(3.79182447315,-3.690170229213,1.850247792129
    ));
#2863 = SURFACE_CURVE('',#2864,(#2868,#2875),.PCURVE_S1.);
#2864 = LINE('',#2865,#2866);
#2865 = CARTESIAN_POINT('',(3.79182447315,-3.690170229213,1.850247792129
    ));
#2866 = VECTOR('',#2867,1.);
#2867 = DIRECTION('',(-0.27440003832,-0.651693654235,0.707106781187));
#2868 = PCURVE('',#2769,#2869);
#2869 = DEFINITIONAL_REPRESENTATION('',(#2870),#2874);
#2870 = LINE('',#2871,#2872);
#2871 = CARTESIAN_POINT('',(5.658431438415,-7.5E-02));
#2872 = VECTOR('',#2873,1.);
#2873 = DIRECTION('',(1.184237892934E-14,1.));
#2874 = ( GEOMETRIC_REPRESENTATION_CONTEXT(2) 
PARAMETRIC_REPRESENTATION_CONTEXT() REPRESENTATION_CONTEXT('2D SPACE',''
  ) );
#2875 = PCURVE('',#2876,#2881);
#2876 = CONICAL_SURFACE('',#2877,0.945,0.785398163397);
#2877 = AXIS2_PLACEMENT_3D('',#2878,#2879,#2880);
#2878 = CARTESIAN_POINT('',(3.396003012328,-4.630236913631,
    1.925247792129));
#2879 = DIRECTION('',(6.12318272229E-17,-3.583545125319E-30,-1.));
#2880 = DIRECTION('',(0.673862196006,0.738857050311,4.126181355787E-17)
  );
#2881 = DEFINITIONAL_REPRESENTATION('',(#2882),#2886);
#2882 = LINE('',#2883,#2884);
#2883 = CARTESIAN_POINT('',(5.94228761813,7.5E-02));
#2884 = VECTOR('',#2885,1.);
#2885 = DIRECTION('',(5.921189464668E-15,-1.));
#2886 = ( GEOMETRIC_REPRESENTATION_CONTEXT(2) 
PARAMETRIC_REPRESENTATION_CONTEXT() REPRESENTATION_CONTEXT('2D SPACE',''
  ) );
#2887 = ORIENTED_EDGE('',*,*,#2888,.F.);
#2888 = EDGE_CURVE('',#2752,#2861,#2889,.T.);
#2889 = SURFACE_CURVE('',#2890,(#2895,#2902),.PCURVE_S1.);
#2890 = CIRCLE('',#2891,0.5);
#2891 = AXIS2_PLACEMENT_3D('',#2892,#2893,#2894);
#2892 = CARTESIAN_POINT('',(3.985854601004,-3.229353227047,
    1.850247792129));
#2893 = DIRECTION('',(6.12318272229E-17,-3.593014904249E-30,-1.));
#2894 = DIRECTION('',(0.224303134186,-0.974519422071,1.373449075806E-17)
  );
#2895 = PCURVE('',#2769,#2896);
#2896 = DEFINITIONAL_REPRESENTATION('',(#2897),#2901);
#2897 = LINE('',#2898,#2899);
#2898 = CARTESIAN_POINT('',(12.566370614359,-7.5E-02));
#2899 = VECTOR('',#2900,1.);
#2900 = DIRECTION('',(-1.,-2.277530979512E-16));
#2901 = ( GEOMETRIC_REPRESENTATION_CONTEXT(2) 
PARAMETRIC_REPRESENTATION_CONTEXT() REPRESENTATION_CONTEXT('2D SPACE',''
  ) );
#2902 = PCURVE('',#2903,#2908);
#2903 = CYLINDRICAL_SURFACE('',#2904,0.5);
#2904 = AXIS2_PLACEMENT_3D('',#2905,#2906,#2907);
#2905 = CARTESIAN_POINT('',(3.985854601004,-3.229353227047,
    2.000247792129));
#2906 = DIRECTION('',(6.12318272229E-17,-3.583545125319E-30,-1.));
#2907 = DIRECTION('',(0.224303134186,-0.974519422071,1.373449075806E-17)
  );
#2908 = DEFINITIONAL_REPRESENTATION('',(#2909),#2913);
#2909 = LINE('',#2910,#2911);
#2910 = CARTESIAN_POINT('',(-6.28318530718,0.15));
#2911 = VECTOR('',#2912,1.);
#2912 = DIRECTION('',(1.,0.));
#2913 = ( GEOMETRIC_REPRESENTATION_CONTEXT(2) 
PARAMETRIC_REPRESENTATION_CONTEXT() REPRESENTATION_CONTEXT('2D SPACE',''
  ) );
#2914 = ORIENTED_EDGE('',*,*,#2751,.T.);
#2915 = ADVANCED_FACE('',(#2916),#2876,.T.);
#2916 = FACE_BOUND('',#2917,.T.);
#2917 = EDGE_LOOP('',(#2918,#2948,#2970,#2971));
#2918 = ORIENTED_EDGE('',*,*,#2919,.T.);
#2919 = EDGE_CURVE('',#2920,#2922,#2924,.T.);
#2920 = VERTEX_POINT('',#2921);
#2921 = CARTESIAN_POINT('',(2.407476623911,-4.378809827968,
    1.850247792129));
#2922 = VERTEX_POINT('',#2923);
#2923 = CARTESIAN_POINT('',(2.55284815162,-4.415784399389,2.000247792129
    ));
#2924 = SURFACE_CURVE('',#2925,(#2929,#2936),.PCURVE_S1.);
#2925 = LINE('',#2926,#2927);
#2926 = CARTESIAN_POINT('',(2.407476623911,-4.378809827968,
    1.850247792129));
#2927 = VECTOR('',#2928,1.);
#2928 = DIRECTION('',(0.68528795356,-0.174299801222,0.707106781187));
#2929 = PCURVE('',#2876,#2930);
#2930 = DEFINITIONAL_REPRESENTATION('',(#2931),#2935);
#2931 = LINE('',#2932,#2933);
#2932 = CARTESIAN_POINT('',(4.222029513188,7.5E-02));
#2933 = VECTOR('',#2934,1.);
#2934 = DIRECTION('',(0.,-1.));
#2935 = ( GEOMETRIC_REPRESENTATION_CONTEXT(2) 
PARAMETRIC_REPRESENTATION_CONTEXT() REPRESENTATION_CONTEXT('2D SPACE',''
  ) );
#2936 = PCURVE('',#2937,#2942);
#2937 = CONICAL_SURFACE('',#2938,0.575,0.785398163397);
#2938 = AXIS2_PLACEMENT_3D('',#2939,#2940,#2941);
#2939 = CARTESIAN_POINT('',(1.922904864884,-4.255561256565,
    1.925247792129));
#2940 = DIRECTION('',(-6.12318272229E-17,3.583545125319E-30,1.));
#2941 = DIRECTION('',(0.641903593874,-0.766785352085,3.930492995383E-17)
  );
#2942 = DEFINITIONAL_REPRESENTATION('',(#2943),#2947);
#2943 = LINE('',#2944,#2945);
#2944 = CARTESIAN_POINT('',(6.907939175945,-7.5E-02));
#2945 = VECTOR('',#2946,1.);
#2946 = DIRECTION('',(0.,1.));
#2947 = ( GEOMETRIC_REPRESENTATION_CONTEXT(2) 
PARAMETRIC_REPRESENTATION_CONTEXT() REPRESENTATION_CONTEXT('2D SPACE',''
  ) );
#2948 = ORIENTED_EDGE('',*,*,#2949,.T.);
#2949 = EDGE_CURVE('',#2922,#2833,#2950,.T.);
#2950 = SURFACE_CURVE('',#2951,(#2956,#2963),.PCURVE_S1.);
#2951 = CIRCLE('',#2952,0.87);
#2952 = AXIS2_PLACEMENT_3D('',#2953,#2954,#2955);
#2953 = CARTESIAN_POINT('',(3.396003012328,-4.630236913631,
    2.000247792129));
#2954 = DIRECTION('',(6.12318272229E-17,-3.574525976783E-30,-1.));
#2955 = DIRECTION('',(0.673862196006,0.738857050311,4.126181355787E-17)
  );
#2956 = PCURVE('',#2876,#2957);
#2957 = DEFINITIONAL_REPRESENTATION('',(#2958),#2962);
#2958 = LINE('',#2959,#2960);
#2959 = CARTESIAN_POINT('',(0.,-7.5E-02));
#2960 = VECTOR('',#2961,1.);
#2961 = DIRECTION('',(1.,1.939503418189E-16));
#2962 = ( GEOMETRIC_REPRESENTATION_CONTEXT(2) 
PARAMETRIC_REPRESENTATION_CONTEXT() REPRESENTATION_CONTEXT('2D SPACE',''
  ) );
#2963 = PCURVE('',#2320,#2964);
#2964 = DEFINITIONAL_REPRESENTATION('',(#2965),#2969);
#2965 = CIRCLE('',#2966,0.87);
#2966 = AXIS2_PLACEMENT_2D('',#2967,#2968);
#2967 = CARTESIAN_POINT('',(-4.463952490621,4.269170684421));
#2968 = DIRECTION('',(0.738857050311,0.673862196006));
#2969 = ( GEOMETRIC_REPRESENTATION_CONTEXT(2) 
PARAMETRIC_REPRESENTATION_CONTEXT() REPRESENTATION_CONTEXT('2D SPACE',''
  ) );
#2970 = ORIENTED_EDGE('',*,*,#2860,.F.);
#2971 = ORIENTED_EDGE('',*,*,#2972,.T.);
#2972 = EDGE_CURVE('',#2861,#2920,#2973,.T.);
#2973 = SURFACE_CURVE('',#2974,(#2979,#2986),.PCURVE_S1.);
#2974 = CIRCLE('',#2975,1.02);
#2975 = AXIS2_PLACEMENT_3D('',#2976,#2977,#2978);
#2976 = CARTESIAN_POINT('',(3.396003012328,-4.630236913631,
    1.850247792129));
#2977 = DIRECTION('',(-6.12318272229E-17,3.574525976783E-30,1.));
#2978 = DIRECTION('',(0.673862196006,0.738857050311,4.126181355787E-17)
  );
#2979 = PCURVE('',#2876,#2980);
#2980 = DEFINITIONAL_REPRESENTATION('',(#2981),#2985);
#2981 = LINE('',#2982,#2983);
#2982 = CARTESIAN_POINT('',(6.28318530718,7.5E-02));
#2983 = VECTOR('',#2984,1.);
#2984 = DIRECTION('',(-1.,-6.845306181844E-17));
#2985 = ( GEOMETRIC_REPRESENTATION_CONTEXT(2) 
PARAMETRIC_REPRESENTATION_CONTEXT() REPRESENTATION_CONTEXT('2D SPACE',''
  ) );
#2986 = PCURVE('',#2987,#2992);
#2987 = CYLINDRICAL_SURFACE('',#2988,1.02);
#2988 = AXIS2_PLACEMENT_3D('',#2989,#2990,#2991);
#2989 = CARTESIAN_POINT('',(3.396003012328,-4.630236913631,
    2.000247792129));
#2990 = DIRECTION('',(6.12318272229E-17,-3.583545125319E-30,-1.));
#2991 = DIRECTION('',(0.673862196006,0.738857050311,4.126181355787E-17)
  );
#2992 = DEFINITIONAL_REPRESENTATION('',(#2993),#2997);
#2993 = LINE('',#2994,#2995);
#2994 = CARTESIAN_POINT('',(6.28318530718,0.15));
#2995 = VECTOR('',#2996,1.);
#2996 = DIRECTION('',(-1.,0.));
#2997 = ( GEOMETRIC_REPRESENTATION_CONTEXT(2) 
PARAMETRIC_REPRESENTATION_CONTEXT() REPRESENTATION_CONTEXT('2D SPACE',''
  ) );
#2998 = ADVANCED_FACE('',(#2999),#2937,.F.);
#2999 = FACE_BOUND('',#3000,.F.);
#3000 = EDGE_LOOP('',(#3001,#3029,#3057,#3084));
#3001 = ORIENTED_EDGE('',*,*,#3002,.F.);
#3002 = EDGE_CURVE('',#3003,#2922,#3005,.T.);
#3003 = VERTEX_POINT('',#3004);
#3004 = CARTESIAN_POINT('',(1.969809914124,-4.903866675604,
    2.000247792129));
#3005 = SURFACE_CURVE('',#3006,(#3011,#3018),.PCURVE_S1.);
#3006 = CIRCLE('',#3007,0.65);
#3007 = AXIS2_PLACEMENT_3D('',#3008,#3009,#3010);
#3008 = CARTESIAN_POINT('',(1.922904864884,-4.255561256565,
    2.000247792129));
#3009 = DIRECTION('',(-6.12318272229E-17,3.562200025139E-30,1.));
#3010 = DIRECTION('',(0.641903593874,-0.766785352085,3.930492995383E-17)
  );
#3011 = PCURVE('',#2937,#3012);
#3012 = DEFINITIONAL_REPRESENTATION('',(#3013),#3017);
#3013 = LINE('',#3014,#3015);
#3014 = CARTESIAN_POINT('',(-8.881784197001E-16,7.5E-02));
#3015 = VECTOR('',#3016,1.);
#3016 = DIRECTION('',(1.,-3.534099795794E-16));
#3017 = ( GEOMETRIC_REPRESENTATION_CONTEXT(2) 
PARAMETRIC_REPRESENTATION_CONTEXT() REPRESENTATION_CONTEXT('2D SPACE',''
  ) );
#3018 = PCURVE('',#2320,#3019);
#3019 = DEFINITIONAL_REPRESENTATION('',(#3020),#3028);
#3020 = ( BOUNDED_CURVE() B_SPLINE_CURVE(2,(#3021,#3022,#3023,#3024,
#3025,#3026,#3027),.UNSPECIFIED.,.T.,.F.) B_SPLINE_CURVE_WITH_KNOTS((1,2
    ,2,2,2,1),(-2.094395102393,0.,2.094395102393,4.188790204786,
6.28318530718,8.377580409573),.UNSPECIFIED.) CURVE() 
GEOMETRIC_REPRESENTATION_ITEM() RATIONAL_B_SPLINE_CURVE((1.,0.5,1.,0.5,
1.,0.5,1.)) REPRESENTATION_ITEM('') );
#3021 = CARTESIAN_POINT('',(-4.587687312411,3.213309872995));
#3022 = CARTESIAN_POINT('',(-3.865011047613,4.076582145397));
#3023 = CARTESIAN_POINT('',(-3.478733461729,3.019090005169));
#3024 = CARTESIAN_POINT('',(-3.092455875845,1.961597864941));
#3025 = CARTESIAN_POINT('',(-4.201409726526,2.155817732767));
#3026 = CARTESIAN_POINT('',(-5.310363577208,2.350037600593));
#3027 = CARTESIAN_POINT('',(-4.587687312411,3.213309872995));
#3028 = ( GEOMETRIC_REPRESENTATION_CONTEXT(2) 
PARAMETRIC_REPRESENTATION_CONTEXT() REPRESENTATION_CONTEXT('2D SPACE',''
  ) );
#3029 = ORIENTED_EDGE('',*,*,#3030,.F.);
#3030 = EDGE_CURVE('',#3031,#3003,#3033,.T.);
#3031 = VERTEX_POINT('',#3032);
#3032 = CARTESIAN_POINT('',(1.958985671992,-4.754257732749,
    1.850247792129));
#3033 = SURFACE_CURVE('',#3034,(#3038,#3045),.PCURVE_S1.);
#3034 = LINE('',#3035,#3036);
#3035 = CARTESIAN_POINT('',(1.958985671992,-4.754257732749,
    1.850247792129));
#3036 = VECTOR('',#3037,1.);
#3037 = DIRECTION('',(5.10259667536E-02,-0.705263320127,0.707106781187)
  );
#3038 = PCURVE('',#2937,#3039);
#3039 = DEFINITIONAL_REPRESENTATION('',(#3040),#3044);
#3040 = LINE('',#3041,#3042);
#3041 = CARTESIAN_POINT('',(5.658431438415,-7.5E-02));
#3042 = VECTOR('',#3043,1.);
#3043 = DIRECTION('',(2.368475785867E-14,1.));
#3044 = ( GEOMETRIC_REPRESENTATION_CONTEXT(2) 
PARAMETRIC_REPRESENTATION_CONTEXT() REPRESENTATION_CONTEXT('2D SPACE',''
  ) );
#3045 = PCURVE('',#3046,#3051);
#3046 = PLANE('',#3047);
#3047 = AXIS2_PLACEMENT_3D('',#3048,#3049,#3050);
#3048 = CARTESIAN_POINT('',(0.931458943794,-4.903795572376,
    1.925247792129));
#3049 = DIRECTION('',(-5.10259667536E-02,0.705263320127,0.707106781187)
  );
#3050 = DIRECTION('',(0.997392952368,7.216161421613E-02,
    1.027055563562E-16));
#3051 = DEFINITIONAL_REPRESENTATION('',(#3052),#3056);
#3052 = LINE('',#3053,#3054);
#3053 = CARTESIAN_POINT('',(1.035638808969,0.106066017178));
#3054 = VECTOR('',#3055,1.);
#3055 = DIRECTION('',(5.272849973896E-15,-1.));
#3056 = ( GEOMETRIC_REPRESENTATION_CONTEXT(2) 
PARAMETRIC_REPRESENTATION_CONTEXT() REPRESENTATION_CONTEXT('2D SPACE',''
  ) );
#3057 = ORIENTED_EDGE('',*,*,#3058,.F.);
#3058 = EDGE_CURVE('',#2920,#3031,#3059,.T.);
#3059 = SURFACE_CURVE('',#3060,(#3065,#3072),.PCURVE_S1.);
#3060 = CIRCLE('',#3061,0.5);
#3061 = AXIS2_PLACEMENT_3D('',#3062,#3063,#3064);
#3062 = CARTESIAN_POINT('',(1.922904864884,-4.255561256565,
    1.850247792129));
#3063 = DIRECTION('',(6.12318272229E-17,-3.562200025139E-30,-1.));
#3064 = DIRECTION('',(0.641903593874,-0.766785352085,3.930492995383E-17)
  );
#3065 = PCURVE('',#2937,#3066);
#3066 = DEFINITIONAL_REPRESENTATION('',(#3067),#3071);
#3067 = LINE('',#3068,#3069);
#3068 = CARTESIAN_POINT('',(12.566370614359,-7.5E-02));
#3069 = VECTOR('',#3070,1.);
#3070 = DIRECTION('',(-1.,-6.754057387517E-16));
#3071 = ( GEOMETRIC_REPRESENTATION_CONTEXT(2) 
PARAMETRIC_REPRESENTATION_CONTEXT() REPRESENTATION_CONTEXT('2D SPACE',''
  ) );
#3072 = PCURVE('',#3073,#3078);
#3073 = CYLINDRICAL_SURFACE('',#3074,0.5);
#3074 = AXIS2_PLACEMENT_3D('',#3075,#3076,#3077);
#3075 = CARTESIAN_POINT('',(1.922904864884,-4.255561256565,
    2.000247792129));
#3076 = DIRECTION('',(6.12318272229E-17,-3.583545125319E-30,-1.));
#3077 = DIRECTION('',(0.641903593874,-0.766785352085,3.930492995383E-17)
  );
#3078 = DEFINITIONAL_REPRESENTATION('',(#3079),#3083);
#3079 = LINE('',#3080,#3081);
#3080 = CARTESIAN_POINT('',(-6.28318530718,0.15));
#3081 = VECTOR('',#3082,1.);
#3082 = DIRECTION('',(1.,0.));
#3083 = ( GEOMETRIC_REPRESENTATION_CONTEXT(2) 
PARAMETRIC_REPRESENTATION_CONTEXT() REPRESENTATION_CONTEXT('2D SPACE',''
  ) );
#3084 = ORIENTED_EDGE('',*,*,#2919,.T.);
#3085 = ADVANCED_FACE('',(#3086),#3046,.T.);
#3086 = FACE_BOUND('',#3087,.T.);
#3087 = EDGE_LOOP('',(#3088,#3113,#3134,#3135));
#3088 = ORIENTED_EDGE('',*,*,#3089,.T.);
#3089 = EDGE_CURVE('',#3090,#3092,#3094,.T.);
#3090 = VERTEX_POINT('',#3091);
#3091 = CARTESIAN_POINT('',(-0.536671893548,-4.934819143407,
    1.850247792129));
#3092 = VERTEX_POINT('',#3093);
#3093 = CARTESIAN_POINT('',(-0.525847651416,-5.084428086262,
    2.000247792129));
#3094 = SURFACE_CURVE('',#3095,(#3099,#3106),.PCURVE_S1.);
#3095 = LINE('',#3096,#3097);
#3096 = CARTESIAN_POINT('',(-0.536671893548,-4.934819143407,
    1.850247792129));
#3097 = VECTOR('',#3098,1.);
#3098 = DIRECTION('',(5.10259667536E-02,-0.705263320127,0.707106781187)
  );
#3099 = PCURVE('',#3046,#3100);
#3100 = DEFINITIONAL_REPRESENTATION('',(#3101),#3105);
#3101 = LINE('',#3102,#3103);
#3102 = CARTESIAN_POINT('',(-1.466542061283,0.106066017178));
#3103 = VECTOR('',#3104,1.);
#3104 = DIRECTION('',(6.168521643739E-16,-1.));
#3105 = ( GEOMETRIC_REPRESENTATION_CONTEXT(2) 
PARAMETRIC_REPRESENTATION_CONTEXT() REPRESENTATION_CONTEXT('2D SPACE',''
  ) );
#3106 = PCURVE('',#2291,#3107);
#3107 = DEFINITIONAL_REPRESENTATION('',(#3108),#3112);
#3108 = LINE('',#3109,#3110);
#3109 = CARTESIAN_POINT('',(7.129131495039,-7.5E-02));
#3110 = VECTOR('',#3111,1.);
#3111 = DIRECTION('',(-1.7763568394E-14,1.));
#3112 = ( GEOMETRIC_REPRESENTATION_CONTEXT(2) 
PARAMETRIC_REPRESENTATION_CONTEXT() REPRESENTATION_CONTEXT('2D SPACE',''
  ) );
#3113 = ORIENTED_EDGE('',*,*,#3114,.T.);
#3114 = EDGE_CURVE('',#3092,#3003,#3115,.T.);
#3115 = SURFACE_CURVE('',#3116,(#3120,#3127),.PCURVE_S1.);
#3116 = LINE('',#3117,#3118);
#3117 = CARTESIAN_POINT('',(0.93687106486,-4.978600043804,2.000247792129
    ));
#3118 = VECTOR('',#3119,1.);
#3119 = DIRECTION('',(0.997392952368,7.216161421613E-02,
    6.107219293275E-17));
#3120 = PCURVE('',#3046,#3121);
#3121 = DEFINITIONAL_REPRESENTATION('',(#3122),#3126);
#3122 = LINE('',#3123,#3124);
#3123 = CARTESIAN_POINT('',(-1.167702294531E-15,-0.106066017178));
#3124 = VECTOR('',#3125,1.);
#3125 = DIRECTION('',(1.,8.135419433192E-18));
#3126 = ( GEOMETRIC_REPRESENTATION_CONTEXT(2) 
PARAMETRIC_REPRESENTATION_CONTEXT() REPRESENTATION_CONTEXT('2D SPACE',''
  ) );
#3127 = PCURVE('',#2320,#3128);
#3128 = DEFINITIONAL_REPRESENTATION('',(#3129),#3133);
#3129 = LINE('',#3130,#3131);
#3130 = CARTESIAN_POINT('',(-4.812315620795,1.810038736953));
#3131 = VECTOR('',#3132,1.);
#3132 = DIRECTION('',(7.216161421613E-02,0.997392952368));
#3133 = ( GEOMETRIC_REPRESENTATION_CONTEXT(2) 
PARAMETRIC_REPRESENTATION_CONTEXT() REPRESENTATION_CONTEXT('2D SPACE',''
  ) );
#3134 = ORIENTED_EDGE('',*,*,#3030,.F.);
#3135 = ORIENTED_EDGE('',*,*,#3136,.T.);
#3136 = EDGE_CURVE('',#3031,#3090,#3137,.T.);
#3137 = SURFACE_CURVE('',#3138,(#3142,#3149),.PCURVE_S1.);
#3138 = LINE('',#3139,#3140);
#3139 = CARTESIAN_POINT('',(0.926046822727,-4.828991100949,
    1.850247792129));
#3140 = VECTOR('',#3141,1.);
#3141 = DIRECTION('',(-0.997392952368,-7.216161421613E-02,
    -6.107219293275E-17));
#3142 = PCURVE('',#3046,#3143);
#3143 = DEFINITIONAL_REPRESENTATION('',(#3144),#3148);
#3144 = LINE('',#3145,#3146);
#3145 = CARTESIAN_POINT('',(-3.701300669229E-16,0.106066017178));
#3146 = VECTOR('',#3147,1.);
#3147 = DIRECTION('',(-1.,-8.135419433192E-18));
#3148 = ( GEOMETRIC_REPRESENTATION_CONTEXT(2) 
PARAMETRIC_REPRESENTATION_CONTEXT() REPRESENTATION_CONTEXT('2D SPACE',''
  ) );
#3149 = PCURVE('',#3150,#3155);
#3150 = PLANE('',#3151);
#3151 = AXIS2_PLACEMENT_3D('',#3152,#3153,#3154);
#3152 = CARTESIAN_POINT('',(2.380301019243,-4.723775468482,
    2.000247792129));
#3153 = DIRECTION('',(7.216161421613E-02,-0.997392952368,
    4.418587493811E-18));
#3154 = DIRECTION('',(-0.997392952368,-7.216161421613E-02,
    -6.107219293275E-17));
#3155 = DEFINITIONAL_REPRESENTATION('',(#3156),#3160);
#3156 = LINE('',#3157,#3158);
#3157 = CARTESIAN_POINT('',(1.458055416436,0.15));
#3158 = VECTOR('',#3159,1.);
#3159 = DIRECTION('',(1.,0.));
#3160 = ( GEOMETRIC_REPRESENTATION_CONTEXT(2) 
PARAMETRIC_REPRESENTATION_CONTEXT() REPRESENTATION_CONTEXT('2D SPACE',''
  ) );
#3161 = ADVANCED_FACE('',(#3162),#2291,.F.);
#3162 = FACE_BOUND('',#3163,.F.);
#3163 = EDGE_LOOP('',(#3164,#3190,#3191,#3218));
#3164 = ORIENTED_EDGE('',*,*,#3165,.F.);
#3165 = EDGE_CURVE('',#2276,#3092,#3166,.T.);
#3166 = SURFACE_CURVE('',#3167,(#3172,#3179),.PCURVE_S1.);
#3167 = CIRCLE('',#3168,0.65);
#3168 = AXIS2_PLACEMENT_3D('',#3169,#3170,#3171);
#3169 = CARTESIAN_POINT('',(-0.572752700656,-4.436122667223,
    2.000247792129));
#3170 = DIRECTION('',(-6.12318272229E-17,3.599177880071E-30,1.));
#3171 = DIRECTION('',(-0.698802330022,-0.715314828279,
    -4.278894353487E-17));
#3172 = PCURVE('',#2291,#3173);
#3173 = DEFINITIONAL_REPRESENTATION('',(#3174),#3178);
#3174 = LINE('',#3175,#3176);
#3175 = CARTESIAN_POINT('',(-8.881784197001E-16,7.5E-02));
#3176 = VECTOR('',#3177,1.);
#3177 = DIRECTION('',(1.,9.860102576817E-17));
#3178 = ( GEOMETRIC_REPRESENTATION_CONTEXT(2) 
PARAMETRIC_REPRESENTATION_CONTEXT() REPRESENTATION_CONTEXT('2D SPACE',''
  ) );
#3179 = PCURVE('',#2320,#3180);
#3180 = DEFINITIONAL_REPRESENTATION('',(#3181),#3189);
#3181 = ( BOUNDED_CURVE() B_SPLINE_CURVE(2,(#3182,#3183,#3184,#3185,
#3186,#3187,#3188),.UNSPECIFIED.,.T.,.F.) B_SPLINE_CURVE_WITH_KNOTS((1,2
    ,2,2,2,1),(-2.094395102393,0.,2.094395102393,4.188790204786,
6.28318530718,8.377580409573),.UNSPECIFIED.) CURVE() 
GEOMETRIC_REPRESENTATION_ITEM() RATIONAL_B_SPLINE_CURVE((1.,0.5,1.,0.5,
1.,0.5,1.)) REPRESENTATION_ITEM('') );
#3182 = CARTESIAN_POINT('',(-4.734792882595,-0.153806543077));
#3183 = CARTESIAN_POINT('',(-5.521527623624,0.651518513814));
#3184 = CARTESIAN_POINT('',(-4.430728295538,0.93018825714));
#3185 = CARTESIAN_POINT('',(-3.339928967451,1.208858000466));
#3186 = CARTESIAN_POINT('',(-3.643993554508,0.124863200249));
#3187 = CARTESIAN_POINT('',(-3.948058141565,-0.959131599969));
#3188 = CARTESIAN_POINT('',(-4.734792882595,-0.153806543077));
#3189 = ( GEOMETRIC_REPRESENTATION_CONTEXT(2) 
PARAMETRIC_REPRESENTATION_CONTEXT() REPRESENTATION_CONTEXT('2D SPACE',''
  ) );
#3190 = ORIENTED_EDGE('',*,*,#2275,.T.);
#3191 = ORIENTED_EDGE('',*,*,#3192,.F.);
#3192 = EDGE_CURVE('',#3090,#2240,#3193,.T.);
#3193 = SURFACE_CURVE('',#3194,(#3199,#3206),.PCURVE_S1.);
#3194 = CIRCLE('',#3195,0.5);
#3195 = AXIS2_PLACEMENT_3D('',#3196,#3197,#3198);
#3196 = CARTESIAN_POINT('',(-0.572752700656,-4.436122667223,
    1.850247792129));
#3197 = DIRECTION('',(6.12318272229E-17,-3.599177880071E-30,-1.));
#3198 = DIRECTION('',(-0.698802330022,-0.715314828279,
    -4.278894353487E-17));
#3199 = PCURVE('',#2291,#3200);
#3200 = DEFINITIONAL_REPRESENTATION('',(#3201),#3205);
#3201 = LINE('',#3202,#3203);
#3202 = CARTESIAN_POINT('',(12.566370614359,-7.5E-02));
#3203 = VECTOR('',#3204,1.);
#3204 = DIRECTION('',(-1.,1.508015688219E-16));
#3205 = ( GEOMETRIC_REPRESENTATION_CONTEXT(2) 
PARAMETRIC_REPRESENTATION_CONTEXT() REPRESENTATION_CONTEXT('2D SPACE',''
  ) );
#3206 = PCURVE('',#3207,#3212);
#3207 = CYLINDRICAL_SURFACE('',#3208,0.5);
#3208 = AXIS2_PLACEMENT_3D('',#3209,#3210,#3211);
#3209 = CARTESIAN_POINT('',(-0.572752700656,-4.436122667223,
    2.477921290872E-04));
#3210 = DIRECTION('',(6.12318272229E-17,-3.583545125319E-30,-1.));
#3211 = DIRECTION('',(-0.698802330022,-0.715314828279,
    -4.278894353487E-17));
#3212 = DEFINITIONAL_REPRESENTATION('',(#3213),#3217);
#3213 = LINE('',#3214,#3215);
#3214 = CARTESIAN_POINT('',(-6.28318530718,-1.85));
#3215 = VECTOR('',#3216,1.);
#3216 = DIRECTION('',(1.,0.));
#3217 = ( GEOMETRIC_REPRESENTATION_CONTEXT(2) 
PARAMETRIC_REPRESENTATION_CONTEXT() REPRESENTATION_CONTEXT('2D SPACE',''
  ) );
#3218 = ORIENTED_EDGE('',*,*,#3089,.T.);
#3219 = ADVANCED_FACE('',(#3220),#1891,.F.);
#3220 = FACE_BOUND('',#3221,.F.);
#3221 = EDGE_LOOP('',(#3222,#3245,#3267,#3268));
#3222 = ORIENTED_EDGE('',*,*,#3223,.F.);
#3223 = EDGE_CURVE('',#3224,#2698,#3226,.T.);
#3224 = VERTEX_POINT('',#3225);
#3225 = CARTESIAN_POINT('',(6.011369451544,-1.677516026276,
    1.600247792129));
#3226 = SURFACE_CURVE('',#3227,(#3231,#3238),.PCURVE_S1.);
#3227 = LINE('',#3228,#3229);
#3228 = CARTESIAN_POINT('',(6.011369451544,-1.677516026276,
    2.477921290876E-04));
#3229 = VECTOR('',#3230,1.);
#3230 = DIRECTION('',(-6.12318272229E-17,3.583545125319E-30,1.));
#3231 = PCURVE('',#1891,#3232);
#3232 = DEFINITIONAL_REPRESENTATION('',(#3233),#3237);
#3233 = LINE('',#3234,#3235);
#3234 = CARTESIAN_POINT('',(0.845946187859,0.));
#3235 = VECTOR('',#3236,1.);
#3236 = DIRECTION('',(0.,-1.));
#3237 = ( GEOMETRIC_REPRESENTATION_CONTEXT(2) 
PARAMETRIC_REPRESENTATION_CONTEXT() REPRESENTATION_CONTEXT('2D SPACE',''
  ) );
#3238 = PCURVE('',#2817,#3239);
#3239 = DEFINITIONAL_REPRESENTATION('',(#3240),#3244);
#3240 = LINE('',#3241,#3242);
#3241 = CARTESIAN_POINT('',(0.529053911615,2.));
#3242 = VECTOR('',#3243,1.);
#3243 = DIRECTION('',(0.,-1.));
#3244 = ( GEOMETRIC_REPRESENTATION_CONTEXT(2) 
PARAMETRIC_REPRESENTATION_CONTEXT() REPRESENTATION_CONTEXT('2D SPACE',''
  ) );
#3245 = ORIENTED_EDGE('',*,*,#3246,.F.);
#3246 = EDGE_CURVE('',#1876,#3224,#3247,.T.);
#3247 = SURFACE_CURVE('',#3248,(#3253,#3260),.PCURVE_S1.);
#3248 = CIRCLE('',#3249,0.5);
#3249 = AXIS2_PLACEMENT_3D('',#3250,#3251,#3252);
#3250 = CARTESIAN_POINT('',(5.635405457731,-1.347893400602,
    1.600247792129));
#3251 = DIRECTION('',(6.12318272229E-17,-3.580688952605E-30,-1.));
#3252 = DIRECTION('',(0.992055947494,0.125797444494,6.074539837242E-17)
  );
#3253 = PCURVE('',#1891,#3254);
#3254 = DEFINITIONAL_REPRESENTATION('',(#3255),#3259);
#3255 = LINE('',#3256,#3257);
#3256 = CARTESIAN_POINT('',(-6.28318530718,-1.6));
#3257 = VECTOR('',#3258,1.);
#3258 = DIRECTION('',(1.,0.));
#3259 = ( GEOMETRIC_REPRESENTATION_CONTEXT(2) 
PARAMETRIC_REPRESENTATION_CONTEXT() REPRESENTATION_CONTEXT('2D SPACE',''
  ) );
#3260 = PCURVE('',#1404,#3261);
#3261 = DEFINITIONAL_REPRESENTATION('',(#3262),#3266);
#3262 = CIRCLE('',#3263,0.5);
#3263 = AXIS2_PLACEMENT_2D('',#3264,#3265);
#3264 = CARTESIAN_POINT('',(3.282343513028,2.239402445404));
#3265 = DIRECTION('',(0.125797444494,0.992055947494));
#3266 = ( GEOMETRIC_REPRESENTATION_CONTEXT(2) 
PARAMETRIC_REPRESENTATION_CONTEXT() REPRESENTATION_CONTEXT('2D SPACE',''
  ) );
#3267 = ORIENTED_EDGE('',*,*,#1875,.F.);
#3268 = ORIENTED_EDGE('',*,*,#2725,.T.);
#3269 = ADVANCED_FACE('',(#3270),#1834,.F.);
#3270 = FACE_BOUND('',#3271,.F.);
#3271 = EDGE_LOOP('',(#3272,#3273,#3297,#3318));
#3272 = ORIENTED_EDGE('',*,*,#1818,.F.);
#3273 = ORIENTED_EDGE('',*,*,#3274,.F.);
#3274 = EDGE_CURVE('',#3275,#1791,#3277,.T.);
#3275 = VERTEX_POINT('',#3276);
#3276 = CARTESIAN_POINT('',(1.838876242748,-0.776698702261,
    1.600247792129));
#3277 = SURFACE_CURVE('',#3278,(#3283,#3290),.PCURVE_S1.);
#3278 = CIRCLE('',#3279,0.5);
#3279 = AXIS2_PLACEMENT_3D('',#3280,#3281,#3282);
#3280 = CARTESIAN_POINT('',(2.338328803302,-0.800089720955,
    1.600247792129));
#3281 = DIRECTION('',(6.12318272229E-17,-3.599177880071E-30,-1.));
#3282 = DIRECTION('',(-0.781279815161,0.624180943655,-4.783919065467E-17
    ));
#3283 = PCURVE('',#1834,#3284);
#3284 = DEFINITIONAL_REPRESENTATION('',(#3285),#3289);
#3285 = LINE('',#3286,#3287);
#3286 = CARTESIAN_POINT('',(-6.28318530718,-1.6));
#3287 = VECTOR('',#3288,1.);
#3288 = DIRECTION('',(1.,0.));
#3289 = ( GEOMETRIC_REPRESENTATION_CONTEXT(2) 
PARAMETRIC_REPRESENTATION_CONTEXT() REPRESENTATION_CONTEXT('2D SPACE',''
  ) );
#3290 = PCURVE('',#1748,#3291);
#3291 = DEFINITIONAL_REPRESENTATION('',(#3292),#3296);
#3292 = CIRCLE('',#3293,0.5);
#3293 = AXIS2_PLACEMENT_2D('',#3294,#3295);
#3294 = CARTESIAN_POINT('',(3.830147192676,-1.057674209025));
#3295 = DIRECTION('',(0.624180943655,-0.781279815161));
#3296 = ( GEOMETRIC_REPRESENTATION_CONTEXT(2) 
PARAMETRIC_REPRESENTATION_CONTEXT() REPRESENTATION_CONTEXT('2D SPACE',''
  ) );
#3297 = ORIENTED_EDGE('',*,*,#3298,.F.);
#3298 = EDGE_CURVE('',#2453,#3275,#3299,.T.);
#3299 = SURFACE_CURVE('',#3300,(#3304,#3311),.PCURVE_S1.);
#3300 = LINE('',#3301,#3302);
#3301 = CARTESIAN_POINT('',(1.838876242748,-0.776698702261,
    2.477921290873E-04));
#3302 = VECTOR('',#3303,1.);
#3303 = DIRECTION('',(6.12318272229E-17,-3.583545125319E-30,-1.));
#3304 = PCURVE('',#1834,#3305);
#3305 = DEFINITIONAL_REPRESENTATION('',(#3306),#3310);
#3306 = LINE('',#3307,#3308);
#3307 = CARTESIAN_POINT('',(-0.627283622817,0.));
#3308 = VECTOR('',#3309,1.);
#3309 = DIRECTION('',(0.,1.));
#3310 = ( GEOMETRIC_REPRESENTATION_CONTEXT(2) 
PARAMETRIC_REPRESENTATION_CONTEXT() REPRESENTATION_CONTEXT('2D SPACE',''
  ) );
#3311 = PCURVE('',#2520,#3312);
#3312 = DEFINITIONAL_REPRESENTATION('',(#3313),#3317);
#3313 = LINE('',#3314,#3315);
#3314 = CARTESIAN_POINT('',(4.079166907308,2.));
#3315 = VECTOR('',#3316,1.);
#3316 = DIRECTION('',(0.,1.));
#3317 = ( GEOMETRIC_REPRESENTATION_CONTEXT(2) 
PARAMETRIC_REPRESENTATION_CONTEXT() REPRESENTATION_CONTEXT('2D SPACE',''
  ) );
#3318 = ORIENTED_EDGE('',*,*,#2584,.T.);
#3319 = ADVANCED_FACE('',(#3320),#2520,.T.);
#3320 = FACE_BOUND('',#3321,.T.);
#3321 = EDGE_LOOP('',(#3322,#3323,#3346,#3368));
#3322 = ORIENTED_EDGE('',*,*,#2505,.F.);
#3323 = ORIENTED_EDGE('',*,*,#3324,.F.);
#3324 = EDGE_CURVE('',#3325,#2394,#3327,.T.);
#3325 = VERTEX_POINT('',#3326);
#3326 = CARTESIAN_POINT('',(0.46370172935,-1.684730215476,1.600247792129
    ));
#3327 = SURFACE_CURVE('',#3328,(#3332,#3339),.PCURVE_S1.);
#3328 = LINE('',#3329,#3330);
#3329 = CARTESIAN_POINT('',(0.46370172935,-1.684730215476,2.000247792129
    ));
#3330 = VECTOR('',#3331,1.);
#3331 = DIRECTION('',(-6.12318272229E-17,3.583545125319E-30,1.));
#3332 = PCURVE('',#2520,#3333);
#3333 = DEFINITIONAL_REPRESENTATION('',(#3334),#3338);
#3334 = LINE('',#3335,#3336);
#3335 = CARTESIAN_POINT('',(5.959993593607,0.));
#3336 = VECTOR('',#3337,1.);
#3337 = DIRECTION('',(0.,-1.));
#3338 = ( GEOMETRIC_REPRESENTATION_CONTEXT(2) 
PARAMETRIC_REPRESENTATION_CONTEXT() REPRESENTATION_CONTEXT('2D SPACE',''
  ) );
#3339 = PCURVE('',#2436,#3340);
#3340 = DEFINITIONAL_REPRESENTATION('',(#3341),#3345);
#3341 = LINE('',#3342,#3343);
#3342 = CARTESIAN_POINT('',(0.627283622817,0.));
#3343 = VECTOR('',#3344,1.);
#3344 = DIRECTION('',(0.,-1.));
#3345 = ( GEOMETRIC_REPRESENTATION_CONTEXT(2) 
PARAMETRIC_REPRESENTATION_CONTEXT() REPRESENTATION_CONTEXT('2D SPACE',''
  ) );
#3346 = ORIENTED_EDGE('',*,*,#3347,.F.);
#3347 = EDGE_CURVE('',#3275,#3325,#3348,.T.);
#3348 = SURFACE_CURVE('',#3349,(#3354,#3361),.PCURVE_S1.);
#3349 = CIRCLE('',#3350,1.02);
#3350 = AXIS2_PLACEMENT_3D('',#3351,#3352,#3353);
#3351 = CARTESIAN_POINT('',(0.819993019216,-0.728981024127,
    1.600247792129));
#3352 = DIRECTION('',(6.12318272229E-17,-3.586851928427E-30,-1.));
#3353 = DIRECTION('',(-0.62880950181,-0.777559393509,-3.850315477092E-17
    ));
#3354 = PCURVE('',#2520,#3355);
#3355 = DEFINITIONAL_REPRESENTATION('',(#3356),#3360);
#3356 = LINE('',#3357,#3358);
#3357 = CARTESIAN_POINT('',(8.881784197001E-16,0.4));
#3358 = VECTOR('',#3359,1.);
#3359 = DIRECTION('',(1.,0.));
#3360 = ( GEOMETRIC_REPRESENTATION_CONTEXT(2) 
PARAMETRIC_REPRESENTATION_CONTEXT() REPRESENTATION_CONTEXT('2D SPACE',''
  ) );
#3361 = PCURVE('',#1748,#3362);
#3362 = DEFINITIONAL_REPRESENTATION('',(#3363),#3367);
#3363 = CIRCLE('',#3364,1.02);
#3364 = AXIS2_PLACEMENT_2D('',#3365,#3366);
#3365 = CARTESIAN_POINT('',(3.901255889504,-2.576009993111));
#3366 = DIRECTION('',(-0.777559393509,-0.62880950181));
#3367 = ( GEOMETRIC_REPRESENTATION_CONTEXT(2) 
PARAMETRIC_REPRESENTATION_CONTEXT() REPRESENTATION_CONTEXT('2D SPACE',''
  ) );
#3368 = ORIENTED_EDGE('',*,*,#3298,.F.);
#3369 = ADVANCED_FACE('',(#3370),#2436,.F.);
#3370 = FACE_BOUND('',#3371,.F.);
#3371 = EDGE_LOOP('',(#3372,#3373,#3397,#3418));
#3372 = ORIENTED_EDGE('',*,*,#3324,.F.);
#3373 = ORIENTED_EDGE('',*,*,#3374,.F.);
#3374 = EDGE_CURVE('',#3375,#3325,#3377,.T.);
#3375 = VERTEX_POINT('',#3376);
#3376 = CARTESIAN_POINT('',(-0.101910203856,-1.841544499246,
    1.600247792129));
#3377 = SURFACE_CURVE('',#3378,(#3383,#3390),.PCURVE_S1.);
#3378 = CIRCLE('',#3379,0.5);
#3379 = AXIS2_PLACEMENT_3D('',#3380,#3381,#3382);
#3380 = CARTESIAN_POINT('',(0.289049136278,-2.15323472104,1.600247792129
    ));
#3381 = DIRECTION('',(6.12318272229E-17,-3.586851928427E-30,-1.));
#3382 = DIRECTION('',(-0.267169100794,0.963649662264,-1.635925221914E-17
    ));
#3383 = PCURVE('',#2436,#3384);
#3384 = DEFINITIONAL_REPRESENTATION('',(#3385),#3389);
#3385 = LINE('',#3386,#3387);
#3386 = CARTESIAN_POINT('',(-6.28318530718,0.4));
#3387 = VECTOR('',#3388,1.);
#3388 = DIRECTION('',(1.,0.));
#3389 = ( GEOMETRIC_REPRESENTATION_CONTEXT(2) 
PARAMETRIC_REPRESENTATION_CONTEXT() REPRESENTATION_CONTEXT('2D SPACE',''
  ) );
#3390 = PCURVE('',#1748,#3391);
#3391 = DEFINITIONAL_REPRESENTATION('',(#3392),#3396);
#3392 = CIRCLE('',#3393,0.5);
#3393 = AXIS2_PLACEMENT_2D('',#3394,#3395);
#3394 = CARTESIAN_POINT('',(2.477002192591,-3.106953876049));
#3395 = DIRECTION('',(0.963649662264,-0.267169100794));
#3396 = ( GEOMETRIC_REPRESENTATION_CONTEXT(2) 
PARAMETRIC_REPRESENTATION_CONTEXT() REPRESENTATION_CONTEXT('2D SPACE',''
  ) );
#3397 = ORIENTED_EDGE('',*,*,#3398,.F.);
#3398 = EDGE_CURVE('',#2242,#3375,#3399,.T.);
#3399 = SURFACE_CURVE('',#3400,(#3404,#3411),.PCURVE_S1.);
#3400 = LINE('',#3401,#3402);
#3401 = CARTESIAN_POINT('',(-0.101910203856,-1.841544499246,
    2.000247792129));
#3402 = VECTOR('',#3403,1.);
#3403 = DIRECTION('',(6.12318272229E-17,-3.583545125319E-30,-1.));
#3404 = PCURVE('',#2436,#3405);
#3405 = DEFINITIONAL_REPRESENTATION('',(#3406),#3410);
#3406 = LINE('',#3407,#3408);
#3407 = CARTESIAN_POINT('',(-0.627283622817,0.));
#3408 = VECTOR('',#3409,1.);
#3409 = DIRECTION('',(0.,1.));
#3410 = ( GEOMETRIC_REPRESENTATION_CONTEXT(2) 
PARAMETRIC_REPRESENTATION_CONTEXT() REPRESENTATION_CONTEXT('2D SPACE',''
  ) );
#3411 = PCURVE('',#2263,#3412);
#3412 = DEFINITIONAL_REPRESENTATION('',(#3413),#3417);
#3413 = LINE('',#3414,#3415);
#3414 = CARTESIAN_POINT('',(5.610126748091,2.));
#3415 = VECTOR('',#3416,1.);
#3416 = DIRECTION('',(0.,-1.));
#3417 = ( GEOMETRIC_REPRESENTATION_CONTEXT(2) 
PARAMETRIC_REPRESENTATION_CONTEXT() REPRESENTATION_CONTEXT('2D SPACE',''
  ) );
#3418 = ORIENTED_EDGE('',*,*,#2421,.T.);
#3419 = ADVANCED_FACE('',(#3420),#2263,.F.);
#3420 = FACE_BOUND('',#3421,.F.);
#3421 = EDGE_LOOP('',(#3422,#3423,#3451,#3479,#3508,#3536,#3564,#3585));
#3422 = ORIENTED_EDGE('',*,*,#3398,.T.);
#3423 = ORIENTED_EDGE('',*,*,#3424,.T.);
#3424 = EDGE_CURVE('',#3375,#3425,#3427,.T.);
#3425 = VERTEX_POINT('',#3426);
#3426 = CARTESIAN_POINT('',(-0.136009718365,-1.884861106893,
    1.600247792129));
#3427 = SURFACE_CURVE('',#3428,(#3433,#3440),.PCURVE_S1.);
#3428 = CIRCLE('',#3429,4.4735);
#3429 = AXIS2_PLACEMENT_3D('',#3430,#3431,#3432);
#3430 = CARTESIAN_POINT('',(3.396003012328,-4.630236913631,
    1.600247792129));
#3431 = DIRECTION('',(-6.12318272229E-17,3.611503831715E-30,1.));
#3432 = DIRECTION('',(0.719212179492,-0.694790501425,4.403867591126E-17)
  );
#3433 = PCURVE('',#2263,#3434);
#3434 = DEFINITIONAL_REPRESENTATION('',(#3435),#3439);
#3435 = LINE('',#3436,#3437);
#3436 = CARTESIAN_POINT('',(2.373464082759,1.6));
#3437 = VECTOR('',#3438,1.);
#3438 = DIRECTION('',(1.,0.));
#3439 = ( GEOMETRIC_REPRESENTATION_CONTEXT(2) 
PARAMETRIC_REPRESENTATION_CONTEXT() REPRESENTATION_CONTEXT('2D SPACE',''
  ) );
#3440 = PCURVE('',#1748,#3441);
#3441 = DEFINITIONAL_REPRESENTATION('',(#3442),#3450);
#3442 = ( BOUNDED_CURVE() B_SPLINE_CURVE(2,(#3443,#3444,#3445,#3446,
#3447,#3448,#3449),.UNSPECIFIED.,.T.,.F.) B_SPLINE_CURVE_WITH_KNOTS((1,2
    ,2,2,2,1),(-2.094395102393,0.,2.094395102393,4.188790204786,
6.28318530718,8.377580409573),.UNSPECIFIED.) CURVE() 
GEOMETRIC_REPRESENTATION_ITEM() RATIONAL_B_SPLINE_CURVE((1.,0.5,1.,0.5,
1.,0.5,1.)) REPRESENTATION_ITEM('') );
#3443 = CARTESIAN_POINT('',(-3.108145308125,3.217395684957));
#3444 = CARTESIAN_POINT('',(2.464547486273,8.600861275936));
#3445 = CARTESIAN_POINT('',(4.340419051262,1.083034953011));
#3446 = CARTESIAN_POINT('',(6.21629061625,-6.434791369914));
#3447 = CARTESIAN_POINT('',(-1.232273743137,-4.300430637968));
#3448 = CARTESIAN_POINT('',(-8.680838102524,-2.166069906022));
#3449 = CARTESIAN_POINT('',(-3.108145308125,3.217395684957));
#3450 = ( GEOMETRIC_REPRESENTATION_CONTEXT(2) 
PARAMETRIC_REPRESENTATION_CONTEXT() REPRESENTATION_CONTEXT('2D SPACE',''
  ) );
#3451 = ORIENTED_EDGE('',*,*,#3452,.F.);
#3452 = EDGE_CURVE('',#3453,#3425,#3455,.T.);
#3453 = VERTEX_POINT('',#3454);
#3454 = CARTESIAN_POINT('',(-0.136009718365,-1.884861106893,
    1.500247792129));
#3455 = SURFACE_CURVE('',#3456,(#3460,#3467),.PCURVE_S1.);
#3456 = LINE('',#3457,#3458);
#3457 = CARTESIAN_POINT('',(-0.136009718365,-1.884861106893,
    2.477921290872E-04));
#3458 = VECTOR('',#3459,1.);
#3459 = DIRECTION('',(-6.12318272229E-17,3.583545125319E-30,1.));
#3460 = PCURVE('',#2263,#3461);
#3461 = DEFINITIONAL_REPRESENTATION('',(#3462),#3466);
#3462 = LINE('',#3463,#3464);
#3463 = CARTESIAN_POINT('',(5.622450081163,0.));
#3464 = VECTOR('',#3465,1.);
#3465 = DIRECTION('',(0.,1.));
#3466 = ( GEOMETRIC_REPRESENTATION_CONTEXT(2) 
PARAMETRIC_REPRESENTATION_CONTEXT() REPRESENTATION_CONTEXT('2D SPACE',''
  ) );
#3467 = PCURVE('',#3468,#3473);
#3468 = CYLINDRICAL_SURFACE('',#3469,1.5);
#3469 = AXIS2_PLACEMENT_3D('',#3470,#3471,#3472);
#3470 = CARTESIAN_POINT('',(0.819993019216,-0.728981024127,
    2.477921290873E-04));
#3471 = DIRECTION('',(-6.12318272229E-17,3.583545125319E-30,1.));
#3472 = DIRECTION('',(-1.,-2.22044604925E-16,-6.12318272229E-17));
#3473 = DEFINITIONAL_REPRESENTATION('',(#3474),#3478);
#3474 = LINE('',#3475,#3476);
#3475 = CARTESIAN_POINT('',(0.879761226066,0.));
#3476 = VECTOR('',#3477,1.);
#3477 = DIRECTION('',(0.,1.));
#3478 = ( GEOMETRIC_REPRESENTATION_CONTEXT(2) 
PARAMETRIC_REPRESENTATION_CONTEXT() REPRESENTATION_CONTEXT('2D SPACE',''
  ) );
#3479 = ORIENTED_EDGE('',*,*,#3480,.F.);
#3480 = EDGE_CURVE('',#3481,#3453,#3483,.T.);
#3481 = VERTEX_POINT('',#3482);
#3482 = CARTESIAN_POINT('',(-0.916541120195,-3.441050067486,
    1.500247792129));
#3483 = SURFACE_CURVE('',#3484,(#3489,#3496),.PCURVE_S1.);
#3484 = CIRCLE('',#3485,4.4735);
#3485 = AXIS2_PLACEMENT_3D('',#3486,#3487,#3488);
#3486 = CARTESIAN_POINT('',(3.396003012328,-4.630236913631,
    1.500247792129));
#3487 = DIRECTION('',(6.12318272229E-17,-3.583545125319E-30,-1.));
#3488 = DIRECTION('',(-1.,-2.22044604925E-16,-6.12318272229E-17));
#3489 = PCURVE('',#2263,#3490);
#3490 = DEFINITIONAL_REPRESENTATION('',(#3491),#3495);
#3491 = LINE('',#3492,#3493);
#3492 = CARTESIAN_POINT('',(6.28318530718,1.5));
#3493 = VECTOR('',#3494,1.);
#3494 = DIRECTION('',(-1.,0.));
#3495 = ( GEOMETRIC_REPRESENTATION_CONTEXT(2) 
PARAMETRIC_REPRESENTATION_CONTEXT() REPRESENTATION_CONTEXT('2D SPACE',''
  ) );
#3496 = PCURVE('',#3497,#3502);
#3497 = PLANE('',#3498);
#3498 = AXIS2_PLACEMENT_3D('',#3499,#3500,#3501);
#3499 = CARTESIAN_POINT('',(-3.633289234841,-0.852682946903,
    1.500247792129));
#3500 = DIRECTION('',(6.12318272229E-17,-3.583545125319E-30,-1.));
#3501 = DIRECTION('',(-2.22044604925E-16,1.,-3.597141322204E-30));
#3502 = DEFINITIONAL_REPRESENTATION('',(#3503),#3507);
#3503 = CIRCLE('',#3504,4.4735);
#3504 = AXIS2_PLACEMENT_2D('',#3505,#3506);
#3505 = CARTESIAN_POINT('',(-3.777553966728,7.029292247169));
#3506 = DIRECTION('',(7.928682086825E-48,-1.));
#3507 = ( GEOMETRIC_REPRESENTATION_CONTEXT(2) 
PARAMETRIC_REPRESENTATION_CONTEXT() REPRESENTATION_CONTEXT('2D SPACE',''
  ) );
#3508 = ORIENTED_EDGE('',*,*,#3509,.F.);
#3509 = EDGE_CURVE('',#3510,#3481,#3512,.T.);
#3510 = VERTEX_POINT('',#3511);
#3511 = CARTESIAN_POINT('',(-0.916541120195,-3.441050067486,
    1.600247792129));
#3512 = SURFACE_CURVE('',#3513,(#3517,#3524),.PCURVE_S1.);
#3513 = LINE('',#3514,#3515);
#3514 = CARTESIAN_POINT('',(-0.916541120195,-3.441050067486,
    2.477921290872E-04));
#3515 = VECTOR('',#3516,1.);
#3516 = DIRECTION('',(6.12318272229E-17,-3.583545125319E-30,-1.));
#3517 = PCURVE('',#2263,#3518);
#3518 = DEFINITIONAL_REPRESENTATION('',(#3519),#3523);
#3519 = LINE('',#3520,#3521);
#3520 = CARTESIAN_POINT('',(6.014121357299,0.));
#3521 = VECTOR('',#3522,1.);
#3522 = DIRECTION('',(0.,-1.));
#3523 = ( GEOMETRIC_REPRESENTATION_CONTEXT(2) 
PARAMETRIC_REPRESENTATION_CONTEXT() REPRESENTATION_CONTEXT('2D SPACE',''
  ) );
#3524 = PCURVE('',#3525,#3530);
#3525 = CYLINDRICAL_SURFACE('',#3526,1.75);
#3526 = AXIS2_PLACEMENT_3D('',#3527,#3528,#3529);
#3527 = CARTESIAN_POINT('',(-2.10314014334,-4.727317053097,
    2.477921290871E-04));
#3528 = DIRECTION('',(-6.12318272229E-17,3.583545125319E-30,1.));
#3529 = DIRECTION('',(-1.,-2.22044604925E-16,-6.12318272229E-17));
#3530 = DEFINITIONAL_REPRESENTATION('',(#3531),#3535);
#3531 = LINE('',#3532,#3533);
#3532 = CARTESIAN_POINT('',(3.967273648998,0.));
#3533 = VECTOR('',#3534,1.);
#3534 = DIRECTION('',(0.,-1.));
#3535 = ( GEOMETRIC_REPRESENTATION_CONTEXT(2) 
PARAMETRIC_REPRESENTATION_CONTEXT() REPRESENTATION_CONTEXT('2D SPACE',''
  ) );
#3536 = ORIENTED_EDGE('',*,*,#3537,.T.);
#3537 = EDGE_CURVE('',#3510,#3538,#3540,.T.);
#3538 = VERTEX_POINT('',#3539);
#3539 = CARTESIAN_POINT('',(-1.072155709714,-4.411696563485,
    1.600247792129));
#3540 = SURFACE_CURVE('',#3541,(#3546,#3553),.PCURVE_S1.);
#3541 = CIRCLE('',#3542,4.4735);
#3542 = AXIS2_PLACEMENT_3D('',#3543,#3544,#3545);
#3543 = CARTESIAN_POINT('',(3.396003012328,-4.630236913631,
    1.600247792129));
#3544 = DIRECTION('',(-6.12318272229E-17,3.611503831715E-30,1.));
#3545 = DIRECTION('',(0.719212179492,-0.694790501425,4.403867591126E-17)
  );
#3546 = PCURVE('',#2263,#3547);
#3547 = DEFINITIONAL_REPRESENTATION('',(#3548),#3552);
#3548 = LINE('',#3549,#3550);
#3549 = CARTESIAN_POINT('',(2.373464082759,1.6));
#3550 = VECTOR('',#3551,1.);
#3551 = DIRECTION('',(1.,0.));
#3552 = ( GEOMETRIC_REPRESENTATION_CONTEXT(2) 
PARAMETRIC_REPRESENTATION_CONTEXT() REPRESENTATION_CONTEXT('2D SPACE',''
  ) );
#3553 = PCURVE('',#1404,#3554);
#3554 = DEFINITIONAL_REPRESENTATION('',(#3555),#3563);
#3555 = ( BOUNDED_CURVE() B_SPLINE_CURVE(2,(#3556,#3557,#3558,#3559,
#3560,#3561,#3562),.UNSPECIFIED.,.T.,.F.) B_SPLINE_CURVE_WITH_KNOTS((1,2
    ,2,2,2,1),(-2.094395102393,0.,2.094395102393,4.188790204786,
6.28318530718,8.377580409573),.UNSPECIFIED.) CURVE() 
GEOMETRIC_REPRESENTATION_ITEM() RATIONAL_B_SPLINE_CURVE((1.,0.5,1.,0.5,
1.,0.5,1.)) REPRESENTATION_ITEM('') );
#3556 = CARTESIAN_POINT('',(-3.108145308125,3.217395684957));
#3557 = CARTESIAN_POINT('',(2.464547486273,8.600861275936));
#3558 = CARTESIAN_POINT('',(4.340419051262,1.083034953011));
#3559 = CARTESIAN_POINT('',(6.21629061625,-6.434791369914));
#3560 = CARTESIAN_POINT('',(-1.232273743137,-4.300430637968));
#3561 = CARTESIAN_POINT('',(-8.680838102524,-2.166069906022));
#3562 = CARTESIAN_POINT('',(-3.108145308125,3.217395684957));
#3563 = ( GEOMETRIC_REPRESENTATION_CONTEXT(2) 
PARAMETRIC_REPRESENTATION_CONTEXT() REPRESENTATION_CONTEXT('2D SPACE',''
  ) );
#3564 = ORIENTED_EDGE('',*,*,#3565,.T.);
#3565 = EDGE_CURVE('',#3538,#2240,#3566,.T.);
#3566 = SURFACE_CURVE('',#3567,(#3571,#3578),.PCURVE_S1.);
#3567 = LINE('',#3568,#3569);
#3568 = CARTESIAN_POINT('',(-1.072155709714,-4.411696563485,
    2.477921290872E-04));
#3569 = VECTOR('',#3570,1.);
#3570 = DIRECTION('',(-6.12318272229E-17,3.583545125319E-30,1.));
#3571 = PCURVE('',#2263,#3572);
#3572 = DEFINITIONAL_REPRESENTATION('',(#3573),#3577);
#3573 = LINE('',#3574,#3575);
#3574 = CARTESIAN_POINT('',(6.234313647529,0.));
#3575 = VECTOR('',#3576,1.);
#3576 = DIRECTION('',(0.,1.));
#3577 = ( GEOMETRIC_REPRESENTATION_CONTEXT(2) 
PARAMETRIC_REPRESENTATION_CONTEXT() REPRESENTATION_CONTEXT('2D SPACE',''
  ) );
#3578 = PCURVE('',#3207,#3579);
#3579 = DEFINITIONAL_REPRESENTATION('',(#3580),#3584);
#3580 = LINE('',#3581,#3582);
#3581 = CARTESIAN_POINT('',(0.845946187859,0.));
#3582 = VECTOR('',#3583,1.);
#3583 = DIRECTION('',(0.,-1.));
#3584 = ( GEOMETRIC_REPRESENTATION_CONTEXT(2) 
PARAMETRIC_REPRESENTATION_CONTEXT() REPRESENTATION_CONTEXT('2D SPACE',''
  ) );
#3585 = ORIENTED_EDGE('',*,*,#2239,.T.);
#3586 = ADVANCED_FACE('',(#3587,#3901,#4340,#4371,#4402,#4433,#4464,
    #4495,#4526,#4557,#5055),#2320,.F.);
#3587 = FACE_BOUND('',#3588,.T.);
#3588 = EDGE_LOOP('',(#3589,#3615,#3638,#3662,#3685,#3714,#3737,#3766,
    #3789,#3818,#3846,#3875));
#3589 = ORIENTED_EDGE('',*,*,#3590,.F.);
#3590 = EDGE_CURVE('',#3591,#3593,#3595,.T.);
#3591 = VERTEX_POINT('',#3592);
#3592 = CARTESIAN_POINT('',(0.80258436354,5.214496067355,2.000247792129)
  );
#3593 = VERTEX_POINT('',#3594);
#3594 = CARTESIAN_POINT('',(8.368509160054,-0.2783412644,2.000247792129)
  );
#3595 = SURFACE_CURVE('',#3596,(#3601,#3608),.PCURVE_S1.);
#3596 = CIRCLE('',#3597,14.75);
#3597 = AXIS2_PLACEMENT_3D('',#3598,#3599,#3600);
#3598 = CARTESIAN_POINT('',(-3.633289234841,-8.852682946903,
    2.000247792129));
#3599 = DIRECTION('',(6.12318272229E-17,-3.571444488872E-30,-1.));
#3600 = DIRECTION('',(-0.330606936229,0.943768538211,-2.024366679788E-17
    ));
#3601 = PCURVE('',#2320,#3602);
#3602 = DEFINITIONAL_REPRESENTATION('',(#3603),#3607);
#3603 = CIRCLE('',#3604,14.75);
#3604 = AXIS2_PLACEMENT_2D('',#3605,#3606);
#3605 = CARTESIAN_POINT('',(-8.686398523894,-2.760121562748));
#3606 = DIRECTION('',(0.943768538211,-0.330606936229));
#3607 = ( GEOMETRIC_REPRESENTATION_CONTEXT(2) 
PARAMETRIC_REPRESENTATION_CONTEXT() REPRESENTATION_CONTEXT('2D SPACE',''
  ) );
#3608 = PCURVE('',#1104,#3609);
#3609 = DEFINITIONAL_REPRESENTATION('',(#3610),#3614);
#3610 = LINE('',#3611,#3612);
#3611 = CARTESIAN_POINT('',(1.110223024625E-16,-7.5E-02));
#3612 = VECTOR('',#3613,1.);
#3613 = DIRECTION('',(1.,-1.369284808095E-15));
#3614 = ( GEOMETRIC_REPRESENTATION_CONTEXT(2) 
PARAMETRIC_REPRESENTATION_CONTEXT() REPRESENTATION_CONTEXT('2D SPACE',''
  ) );
#3615 = ORIENTED_EDGE('',*,*,#3616,.T.);
#3616 = EDGE_CURVE('',#3591,#3617,#3619,.T.);
#3617 = VERTEX_POINT('',#3618);
#3618 = CARTESIAN_POINT('',(0.595995351301,4.55935462721,2.000247792129)
  );
#3619 = SURFACE_CURVE('',#3620,(#3624,#3631),.PCURVE_S1.);
#3620 = LINE('',#3621,#3622);
#3621 = CARTESIAN_POINT('',(-0.148134812705,2.199546126175,
    2.000247792129));
#3622 = VECTOR('',#3623,1.);
#3623 = DIRECTION('',(-0.300737193111,-0.953707051814,
    -1.841468784804E-17));
#3624 = PCURVE('',#2320,#3625);
#3625 = DEFINITIONAL_REPRESENTATION('',(#3626),#3630);
#3626 = LINE('',#3627,#3628);
#3627 = CARTESIAN_POINT('',(2.365830549185,0.725032859388));
#3628 = VECTOR('',#3629,1.);
#3629 = DIRECTION('',(-0.953707051814,-0.300737193111));
#3630 = ( GEOMETRIC_REPRESENTATION_CONTEXT(2) 
PARAMETRIC_REPRESENTATION_CONTEXT() REPRESENTATION_CONTEXT('2D SPACE',''
  ) );
#3631 = PCURVE('',#373,#3632);
#3632 = DEFINITIONAL_REPRESENTATION('',(#3633),#3637);
#3633 = LINE('',#3634,#3635);
#3634 = CARTESIAN_POINT('',(-2.4743536252,2.));
#3635 = VECTOR('',#3636,1.);
#3636 = DIRECTION('',(-1.,6.162975822039E-33));
#3637 = ( GEOMETRIC_REPRESENTATION_CONTEXT(2) 
PARAMETRIC_REPRESENTATION_CONTEXT() REPRESENTATION_CONTEXT('2D SPACE',''
  ) );
#3638 = ORIENTED_EDGE('',*,*,#3639,.T.);
#3639 = EDGE_CURVE('',#3617,#3640,#3642,.T.);
#3640 = VERTEX_POINT('',#3641);
#3641 = CARTESIAN_POINT('',(-1.383650492278,5.029273886626,
    2.000247792129));
#3642 = SURFACE_CURVE('',#3643,(#3648,#3655),.PCURVE_S1.);
#3643 = CIRCLE('',#3644,1.02);
#3644 = AXIS2_PLACEMENT_3D('',#3645,#3646,#3647);
#3645 = CARTESIAN_POINT('',(-0.37678584155,4.866106564183,2.000247792129
    ));
#3646 = DIRECTION('',(6.12318272229E-17,-3.577607464694E-30,-1.));
#3647 = DIRECTION('',(0.953707051814,-0.300737193111,5.839722541795E-17)
  );
#3648 = PCURVE('',#2320,#3649);
#3649 = DEFINITIONAL_REPRESENTATION('',(#3650),#3654);
#3650 = CIRCLE('',#3651,1.02);
#3651 = AXIS2_PLACEMENT_2D('',#3652,#3653);
#3652 = CARTESIAN_POINT('',(5.032390987192,0.496381830544));
#3653 = DIRECTION('',(-0.300737193111,0.953707051814));
#3654 = ( GEOMETRIC_REPRESENTATION_CONTEXT(2) 
PARAMETRIC_REPRESENTATION_CONTEXT() REPRESENTATION_CONTEXT('2D SPACE',''
  ) );
#3655 = PCURVE('',#345,#3656);
#3656 = DEFINITIONAL_REPRESENTATION('',(#3657),#3661);
#3657 = LINE('',#3658,#3659);
#3658 = CARTESIAN_POINT('',(6.28318530718,2.));
#3659 = VECTOR('',#3660,1.);
#3660 = DIRECTION('',(-1.,0.));
#3661 = ( GEOMETRIC_REPRESENTATION_CONTEXT(2) 
PARAMETRIC_REPRESENTATION_CONTEXT() REPRESENTATION_CONTEXT('2D SPACE',''
  ) );
#3662 = ORIENTED_EDGE('',*,*,#3663,.T.);
#3663 = EDGE_CURVE('',#3640,#3664,#3666,.T.);
#3664 = VERTEX_POINT('',#3665);
#3665 = CARTESIAN_POINT('',(-1.273761777945,5.707369600398,
    2.000247792129));
#3666 = SURFACE_CURVE('',#3667,(#3671,#3678),.PCURVE_S1.);
#3667 = LINE('',#3668,#3669);
#3668 = CARTESIAN_POINT('',(-1.674694955969,3.233311448233,
    2.000247792129));
#3669 = VECTOR('',#3670,1.);
#3670 = DIRECTION('',(0.159967963179,0.987122206597,9.795130682596E-18)
  );
#3671 = PCURVE('',#2320,#3672);
#3672 = DEFINITIONAL_REPRESENTATION('',(#3673),#3677);
#3673 = LINE('',#3674,#3675);
#3674 = CARTESIAN_POINT('',(3.399595871243,-0.801527283876));
#3675 = VECTOR('',#3676,1.);
#3676 = DIRECTION('',(0.987122206597,0.159967963179));
#3677 = ( GEOMETRIC_REPRESENTATION_CONTEXT(2) 
PARAMETRIC_REPRESENTATION_CONTEXT() REPRESENTATION_CONTEXT('2D SPACE',''
  ) );
#3678 = PCURVE('',#312,#3679);
#3679 = DEFINITIONAL_REPRESENTATION('',(#3680),#3684);
#3680 = LINE('',#3681,#3682);
#3681 = CARTESIAN_POINT('',(3.227597890924,2.));
#3682 = VECTOR('',#3683,1.);
#3683 = DIRECTION('',(-1.,3.08148791102E-33));
#3684 = ( GEOMETRIC_REPRESENTATION_CONTEXT(2) 
PARAMETRIC_REPRESENTATION_CONTEXT() REPRESENTATION_CONTEXT('2D SPACE',''
  ) );
#3685 = ORIENTED_EDGE('',*,*,#3686,.F.);
#3686 = EDGE_CURVE('',#3687,#3664,#3689,.T.);
#3687 = VERTEX_POINT('',#3688);
#3688 = CARTESIAN_POINT('',(-8.403575936755,5.104640033581,
    2.000247792129));
#3689 = SURFACE_CURVE('',#3690,(#3695,#3702),.PCURVE_S1.);
#3690 = CIRCLE('',#3691,14.75);
#3691 = AXIS2_PLACEMENT_3D('',#3692,#3693,#3694);
#3692 = CARTESIAN_POINT('',(-3.633289234841,-8.852682946903,
    2.000247792129));
#3693 = DIRECTION('',(6.12318272229E-17,-3.571444488872E-30,-1.));
#3694 = DIRECTION('',(-0.330606936229,0.943768538211,-2.024366679788E-17
    ));
#3695 = PCURVE('',#2320,#3696);
#3696 = DEFINITIONAL_REPRESENTATION('',(#3697),#3701);
#3697 = CIRCLE('',#3698,14.75);
#3698 = AXIS2_PLACEMENT_2D('',#3699,#3700);
#3699 = CARTESIAN_POINT('',(-8.686398523894,-2.760121562748));
#3700 = DIRECTION('',(0.943768538211,-0.330606936229));
#3701 = ( GEOMETRIC_REPRESENTATION_CONTEXT(2) 
PARAMETRIC_REPRESENTATION_CONTEXT() REPRESENTATION_CONTEXT('2D SPACE',''
  ) );
#3702 = PCURVE('',#3703,#3708);
#3703 = CONICAL_SURFACE('',#3704,14.825,0.785398163397);
#3704 = AXIS2_PLACEMENT_3D('',#3705,#3706,#3707);
#3705 = CARTESIAN_POINT('',(-3.633289234841,-8.852682946903,
    1.925247792129));
#3706 = DIRECTION('',(6.12318272229E-17,-3.583545125319E-30,-1.));
#3707 = DIRECTION('',(-0.330606936229,0.943768538211,-2.024366679788E-17
    ));
#3708 = DEFINITIONAL_REPRESENTATION('',(#3709),#3713);
#3709 = LINE('',#3710,#3711);
#3710 = CARTESIAN_POINT('',(-7.199102425304E-17,-7.5E-02));
#3711 = VECTOR('',#3712,1.);
#3712 = DIRECTION('',(1.,1.822472010662E-15));
#3713 = ( GEOMETRIC_REPRESENTATION_CONTEXT(2) 
PARAMETRIC_REPRESENTATION_CONTEXT() REPRESENTATION_CONTEXT('2D SPACE',''
  ) );
#3714 = ORIENTED_EDGE('',*,*,#3715,.F.);
#3715 = EDGE_CURVE('',#3716,#3687,#3718,.T.);
#3716 = VERTEX_POINT('',#3717);
#3717 = CARTESIAN_POINT('',(-8.080794639596,-0.995551781391,
    2.000247792129));
#3718 = SURFACE_CURVE('',#3719,(#3723,#3730),.PCURVE_S1.);
#3719 = LINE('',#3720,#3721);
#3720 = CARTESIAN_POINT('',(-8.256984918146,2.334239952352,
    2.000247792129));
#3721 = VECTOR('',#3722,1.);
#3722 = DIRECTION('',(-5.283938426836E-02,0.998603023964,
    -3.235452048089E-18));
#3723 = PCURVE('',#2320,#3724);
#3724 = DEFINITIONAL_REPRESENTATION('',(#3725),#3729);
#3725 = LINE('',#3726,#3727);
#3726 = CARTESIAN_POINT('',(2.500524375361,-7.383817246053));
#3727 = VECTOR('',#3728,1.);
#3728 = DIRECTION('',(0.998603023964,-5.283938426836E-02));
#3729 = ( GEOMETRIC_REPRESENTATION_CONTEXT(2) 
PARAMETRIC_REPRESENTATION_CONTEXT() REPRESENTATION_CONTEXT('2D SPACE',''
  ) );
#3730 = PCURVE('',#666,#3731);
#3731 = DEFINITIONAL_REPRESENTATION('',(#3732),#3736);
#3732 = LINE('',#3733,#3734);
#3733 = CARTESIAN_POINT('',(-2.564152471123E-14,-0.106066017178));
#3734 = VECTOR('',#3735,1.);
#3735 = DIRECTION('',(1.,3.934663007547E-18));
#3736 = ( GEOMETRIC_REPRESENTATION_CONTEXT(2) 
PARAMETRIC_REPRESENTATION_CONTEXT() REPRESENTATION_CONTEXT('2D SPACE',''
  ) );
#3737 = ORIENTED_EDGE('',*,*,#3738,.F.);
#3738 = EDGE_CURVE('',#3739,#3716,#3741,.T.);
#3739 = VERTEX_POINT('',#3740);
#3740 = CARTESIAN_POINT('',(-7.801442851204,-1.54918752982,
    2.000247792129));
#3741 = SURFACE_CURVE('',#3742,(#3747,#3754),.PCURVE_S1.);
#3742 = CIRCLE('',#3743,0.77);
#3743 = AXIS2_PLACEMENT_3D('',#3744,#3745,#3746);
#3744 = CARTESIAN_POINT('',(-7.311870311144,-0.954865455504,
    2.000247792129));
#3745 = DIRECTION('',(6.12318272229E-17,-3.593014904249E-30,-1.));
#3746 = DIRECTION('',(-0.635808493584,-0.771846849761,-3.8931715826E-17)
  );
#3747 = PCURVE('',#2320,#3748);
#3748 = DEFINITIONAL_REPRESENTATION('',(#3749),#3753);
#3749 = CIRCLE('',#3750,0.77);
#3750 = AXIS2_PLACEMENT_2D('',#3751,#3752);
#3751 = CARTESIAN_POINT('',(-0.788581032495,-6.438702639051));
#3752 = DIRECTION('',(-0.771846849761,-0.635808493584));
#3753 = ( GEOMETRIC_REPRESENTATION_CONTEXT(2) 
PARAMETRIC_REPRESENTATION_CONTEXT() REPRESENTATION_CONTEXT('2D SPACE',''
  ) );
#3754 = PCURVE('',#3755,#3760);
#3755 = CONICAL_SURFACE('',#3756,0.845,0.785398163397);
#3756 = AXIS2_PLACEMENT_3D('',#3757,#3758,#3759);
#3757 = CARTESIAN_POINT('',(-7.311870311144,-0.954865455504,
    1.925247792129));
#3758 = DIRECTION('',(6.12318272229E-17,-3.583545125319E-30,-1.));
#3759 = DIRECTION('',(-0.635808493584,-0.771846849761,-3.8931715826E-17)
  );
#3760 = DEFINITIONAL_REPRESENTATION('',(#3761),#3765);
#3761 = LINE('',#3762,#3763);
#3762 = CARTESIAN_POINT('',(0.,-7.5E-02));
#3763 = VECTOR('',#3764,1.);
#3764 = DIRECTION('',(1.,4.025262346163E-16));
#3765 = ( GEOMETRIC_REPRESENTATION_CONTEXT(2) 
PARAMETRIC_REPRESENTATION_CONTEXT() REPRESENTATION_CONTEXT('2D SPACE',''
  ) );
#3766 = ORIENTED_EDGE('',*,*,#3767,.F.);
#3767 = EDGE_CURVE('',#3768,#3739,#3770,.T.);
#3768 = VERTEX_POINT('',#3769);
#3769 = CARTESIAN_POINT('',(-2.847036080833,-5.630377867318,
    2.000247792129));
#3770 = SURFACE_CURVE('',#3771,(#3775,#3782),.PCURVE_S1.);
#3771 = LINE('',#3772,#3773);
#3772 = CARTESIAN_POINT('',(-6.077018961815,-2.969680929194,
    2.000247792129));
#3773 = VECTOR('',#3774,1.);
#3774 = DIRECTION('',(-0.771846849761,0.635808493584,-4.726159294712E-17
    ));
#3775 = PCURVE('',#2320,#3776);
#3776 = DEFINITIONAL_REPRESENTATION('',(#3777),#3781);
#3777 = LINE('',#3778,#3779);
#3778 = CARTESIAN_POINT('',(-2.803396506185,-5.203851289721));
#3779 = VECTOR('',#3780,1.);
#3780 = DIRECTION('',(0.635808493584,-0.771846849761));
#3781 = ( GEOMETRIC_REPRESENTATION_CONTEXT(2) 
PARAMETRIC_REPRESENTATION_CONTEXT() REPRESENTATION_CONTEXT('2D SPACE',''
  ) );
#3782 = PCURVE('',#1460,#3783);
#3783 = DEFINITIONAL_REPRESENTATION('',(#3784),#3788);
#3784 = LINE('',#3785,#3786);
#3785 = CARTESIAN_POINT('',(4.05745991623E-15,-0.106066017178));
#3786 = VECTOR('',#3787,1.);
#3787 = DIRECTION('',(1.,-7.163962508778E-17));
#3788 = ( GEOMETRIC_REPRESENTATION_CONTEXT(2) 
PARAMETRIC_REPRESENTATION_CONTEXT() REPRESENTATION_CONTEXT('2D SPACE',''
  ) );
#3789 = ORIENTED_EDGE('',*,*,#3790,.F.);
#3790 = EDGE_CURVE('',#3791,#3768,#3793,.T.);
#3791 = VERTEX_POINT('',#3792);
#3792 = CARTESIAN_POINT('',(-2.018711054707,-5.894266807368,
    2.000247792129));
#3793 = SURFACE_CURVE('',#3794,(#3799,#3806),.PCURVE_S1.);
#3794 = CIRCLE('',#3795,1.17);
#3795 = AXIS2_PLACEMENT_3D('',#3796,#3797,#3798);
#3796 = CARTESIAN_POINT('',(-2.10314014334,-4.727317053097,
    2.000247792129));
#3797 = DIRECTION('',(6.12318272229E-17,-3.579918580627E-30,-1.));
#3798 = DIRECTION('',(7.216161421613E-02,-0.997392952368,
    4.418587493811E-18));
#3799 = PCURVE('',#2320,#3800);
#3800 = DEFINITIONAL_REPRESENTATION('',(#3801),#3805);
#3801 = CIRCLE('',#3802,1.17);
#3802 = AXIS2_PLACEMENT_2D('',#3803,#3804);
#3803 = CARTESIAN_POINT('',(-4.561032630088,-1.229972471246));
#3804 = DIRECTION('',(-0.997392952368,7.216161421613E-02));
#3805 = ( GEOMETRIC_REPRESENTATION_CONTEXT(2) 
PARAMETRIC_REPRESENTATION_CONTEXT() REPRESENTATION_CONTEXT('2D SPACE',''
  ) );
#3806 = PCURVE('',#3807,#3812);
#3807 = CONICAL_SURFACE('',#3808,1.245,0.785398163397);
#3808 = AXIS2_PLACEMENT_3D('',#3809,#3810,#3811);
#3809 = CARTESIAN_POINT('',(-2.10314014334,-4.727317053097,
    1.925247792129));
#3810 = DIRECTION('',(6.12318272229E-17,-3.583545125319E-30,-1.));
#3811 = DIRECTION('',(7.216161421613E-02,-0.997392952368,
    4.418587493811E-18));
#3812 = DEFINITIONAL_REPRESENTATION('',(#3813),#3817);
#3813 = LINE('',#3814,#3815);
#3814 = CARTESIAN_POINT('',(0.,-7.5E-02));
#3815 = VECTOR('',#3816,1.);
#3816 = DIRECTION('',(1.,0.));
#3817 = ( GEOMETRIC_REPRESENTATION_CONTEXT(2) 
PARAMETRIC_REPRESENTATION_CONTEXT() REPRESENTATION_CONTEXT('2D SPACE',''
  ) );
#3818 = ORIENTED_EDGE('',*,*,#3819,.F.);
#3819 = EDGE_CURVE('',#3820,#3791,#3822,.T.);
#3820 = VERTEX_POINT('',#3821);
#3821 = CARTESIAN_POINT('',(3.458783616696,-5.497968782191,
    2.000247792129));
#3822 = SURFACE_CURVE('',#3823,(#3827,#3834),.PCURVE_S1.);
#3823 = LINE('',#3824,#3825);
#3824 = CARTESIAN_POINT('',(-1.242790528206,-5.838128775148,
    2.000247792129));
#3825 = VECTOR('',#3826,1.);
#3826 = DIRECTION('',(-0.997392952368,-7.216161421613E-02,
    -6.107219293275E-17));
#3827 = PCURVE('',#2320,#3828);
#3828 = DEFINITIONAL_REPRESENTATION('',(#3829),#3833);
#3829 = LINE('',#3830,#3831);
#3830 = CARTESIAN_POINT('',(-5.671844352139,-0.369622856113));
#3831 = VECTOR('',#3832,1.);
#3832 = DIRECTION('',(-7.216161421613E-02,-0.997392952368));
#3833 = ( GEOMETRIC_REPRESENTATION_CONTEXT(2) 
PARAMETRIC_REPRESENTATION_CONTEXT() REPRESENTATION_CONTEXT('2D SPACE',''
  ) );
#3834 = PCURVE('',#3835,#3840);
#3835 = PLANE('',#3836);
#3836 = AXIS2_PLACEMENT_3D('',#3837,#3838,#3839);
#3837 = CARTESIAN_POINT('',(-1.237378407139,-5.912933246576,
    1.925247792129));
#3838 = DIRECTION('',(5.10259667536E-02,-0.705263320127,0.707106781187)
  );
#3839 = DIRECTION('',(-0.997392952368,-7.216161421613E-02,
    2.219453391414E-17));
#3840 = DEFINITIONAL_REPRESENTATION('',(#3841),#3845);
#3841 = LINE('',#3842,#3843);
#3842 = CARTESIAN_POINT('',(5.470371234384E-17,-0.106066017178));
#3843 = VECTOR('',#3844,1.);
#3844 = DIRECTION('',(1.,2.272921422669E-18));
#3845 = ( GEOMETRIC_REPRESENTATION_CONTEXT(2) 
PARAMETRIC_REPRESENTATION_CONTEXT() REPRESENTATION_CONTEXT('2D SPACE',''
  ) );
#3846 = ORIENTED_EDGE('',*,*,#3847,.F.);
#3847 = EDGE_CURVE('',#3848,#3820,#3850,.T.);
#3848 = VERTEX_POINT('',#3849);
#3849 = CARTESIAN_POINT('',(4.050180361562,-5.203780282304,
    2.000247792129));
#3850 = SURFACE_CURVE('',#3851,(#3856,#3863),.PCURVE_S1.);
#3851 = CIRCLE('',#3852,0.87);
#3852 = AXIS2_PLACEMENT_3D('',#3853,#3854,#3855);
#3853 = CARTESIAN_POINT('',(3.396003012328,-4.630236913631,
    2.000247792129));
#3854 = DIRECTION('',(6.12318272229E-17,-3.593014904249E-30,-1.));
#3855 = DIRECTION('',(0.751927987626,-0.659245251348,4.604192462237E-17)
  );
#3856 = PCURVE('',#2320,#3857);
#3857 = DEFINITIONAL_REPRESENTATION('',(#3858),#3862);
#3858 = CIRCLE('',#3859,0.87);
#3859 = AXIS2_PLACEMENT_2D('',#3860,#3861);
#3860 = CARTESIAN_POINT('',(-4.463952490621,4.269170684421));
#3861 = DIRECTION('',(-0.659245251348,0.751927987626));
#3862 = ( GEOMETRIC_REPRESENTATION_CONTEXT(2) 
PARAMETRIC_REPRESENTATION_CONTEXT() REPRESENTATION_CONTEXT('2D SPACE',''
  ) );
#3863 = PCURVE('',#3864,#3869);
#3864 = CONICAL_SURFACE('',#3865,0.945,0.785398163397);
#3865 = AXIS2_PLACEMENT_3D('',#3866,#3867,#3868);
#3866 = CARTESIAN_POINT('',(3.396003012328,-4.630236913631,
    1.925247792129));
#3867 = DIRECTION('',(6.12318272229E-17,-3.583545125319E-30,-1.));
#3868 = DIRECTION('',(0.751927987626,-0.659245251348,4.604192462237E-17)
  );
#3869 = DEFINITIONAL_REPRESENTATION('',(#3870),#3874);
#3870 = LINE('',#3871,#3872);
#3871 = CARTESIAN_POINT('',(0.,-7.5E-02));
#3872 = VECTOR('',#3873,1.);
#3873 = DIRECTION('',(1.,1.512113257862E-16));
#3874 = ( GEOMETRIC_REPRESENTATION_CONTEXT(2) 
PARAMETRIC_REPRESENTATION_CONTEXT() REPRESENTATION_CONTEXT('2D SPACE',''
  ) );
#3875 = ORIENTED_EDGE('',*,*,#3876,.F.);
#3876 = EDGE_CURVE('',#3593,#3848,#3877,.T.);
#3877 = SURFACE_CURVE('',#3878,(#3882,#3889),.PCURVE_S1.);
#3878 = LINE('',#3879,#3880);
#3879 = CARTESIAN_POINT('',(4.228882074764,-4.99995504531,2.000247792129
    ));
#3880 = VECTOR('',#3881,1.);
#3881 = DIRECTION('',(-0.659245251348,-0.751927987626,
    -4.036679132806E-17));
#3882 = PCURVE('',#2320,#3883);
#3883 = DEFINITIONAL_REPRESENTATION('',(#3884),#3888);
#3884 = LINE('',#3885,#3886);
#3885 = CARTESIAN_POINT('',(-4.8336706223,5.102049746857));
#3886 = VECTOR('',#3887,1.);
#3887 = DIRECTION('',(-0.751927987626,-0.659245251348));
#3888 = ( GEOMETRIC_REPRESENTATION_CONTEXT(2) 
PARAMETRIC_REPRESENTATION_CONTEXT() REPRESENTATION_CONTEXT('2D SPACE',''
  ) );
#3889 = PCURVE('',#3890,#3895);
#3890 = PLANE('',#3891);
#3891 = AXIS2_PLACEMENT_3D('',#3892,#3893,#3894);
#3892 = CARTESIAN_POINT('',(4.285276673836,-5.049398439161,
    1.925247792129));
#3893 = DIRECTION('',(0.531693379014,-0.466156787693,0.707106781187));
#3894 = DIRECTION('',(-0.659245251348,-0.751927987626,7.065551113446E-17
    ));
#3895 = DEFINITIONAL_REPRESENTATION('',(#3896),#3900);
#3896 = LINE('',#3897,#3898);
#3897 = CARTESIAN_POINT('',(-1.427012129824E-15,-0.106066017178));
#3898 = VECTOR('',#3899,1.);
#3899 = DIRECTION('',(1.,7.354031852569E-17));
#3900 = ( GEOMETRIC_REPRESENTATION_CONTEXT(2) 
PARAMETRIC_REPRESENTATION_CONTEXT() REPRESENTATION_CONTEXT('2D SPACE',''
  ) );
#3901 = FACE_BOUND('',#3902,.T.);
#3902 = EDGE_LOOP('',(#3903,#3938,#3966,#3999,#4028,#4061,#4090,#4123,
    #4152,#4185,#4214,#4247,#4280,#4313));
#3903 = ORIENTED_EDGE('',*,*,#3904,.F.);
#3904 = EDGE_CURVE('',#3905,#3907,#3909,.T.);
#3905 = VERTEX_POINT('',#3906);
#3906 = CARTESIAN_POINT('',(-3.342485561709,0.554961366847,
    2.000247792129));
#3907 = VERTEX_POINT('',#3908);
#3908 = CARTESIAN_POINT('',(-3.111331298169,-0.156651401393,
    2.000247792129));
#3909 = SURFACE_CURVE('',#3910,(#3915,#3926),.PCURVE_S1.);
#3910 = CIRCLE('',#3911,0.65);
#3911 = AXIS2_PLACEMENT_3D('',#3912,#3913,#3914);
#3912 = CARTESIAN_POINT('',(-2.721362724794,0.363372167092,
    2.000247792129));
#3913 = DIRECTION('',(-6.12318272229E-17,3.589933416338E-30,1.));
#3914 = DIRECTION('',(-0.951081157409,-0.308941146533,
    -5.823643710544E-17));
#3915 = PCURVE('',#2320,#3916);
#3916 = DEFINITIONAL_REPRESENTATION('',(#3917),#3925);
#3917 = ( BOUNDED_CURVE() B_SPLINE_CURVE(2,(#3918,#3919,#3920,#3921,
#3922,#3923,#3924),.UNSPECIFIED.,.T.,.F.) B_SPLINE_CURVE_WITH_KNOTS((1,2
    ,2,2,2,1),(-2.094395102393,0.,2.094395102393,4.188790204786,
6.28318530718,8.377580409573),.UNSPECIFIED.) CURVE() 
GEOMETRIC_REPRESENTATION_ITEM() RATIONAL_B_SPLINE_CURVE((1.,0.5,1.,0.5,
1.,0.5,1.)) REPRESENTATION_ITEM('') );
#3918 = CARTESIAN_POINT('',(0.328844844855,-2.466397805017));
#3919 = CARTESIAN_POINT('',(-0.741913731535,-2.118581659494));
#3920 = CARTESIAN_POINT('',(9.468317452938E-02,-1.365185603781));
#3921 = CARTESIAN_POINT('',(0.931280080594,-0.611789548069));
#3922 = CARTESIAN_POINT('',(1.16544175092,-1.713001749304));
#3923 = CARTESIAN_POINT('',(1.399603421246,-2.81421395054));
#3924 = CARTESIAN_POINT('',(0.328844844855,-2.466397805017));
#3925 = ( GEOMETRIC_REPRESENTATION_CONTEXT(2) 
PARAMETRIC_REPRESENTATION_CONTEXT() REPRESENTATION_CONTEXT('2D SPACE',''
  ) );
#3926 = PCURVE('',#3927,#3932);
#3927 = CONICAL_SURFACE('',#3928,0.575,0.785398163397);
#3928 = AXIS2_PLACEMENT_3D('',#3929,#3930,#3931);
#3929 = CARTESIAN_POINT('',(-2.721362724794,0.363372167092,
    1.925247792129));
#3930 = DIRECTION('',(-6.12318272229E-17,3.583545125319E-30,1.));
#3931 = DIRECTION('',(-0.951081157409,-0.308941146533,
    -5.823643710544E-17));
#3932 = DEFINITIONAL_REPRESENTATION('',(#3933),#3937);
#3933 = LINE('',#3934,#3935);
#3934 = CARTESIAN_POINT('',(8.881784197001E-16,7.5E-02));
#3935 = VECTOR('',#3936,1.);
#3936 = DIRECTION('',(1.,0.));
#3937 = ( GEOMETRIC_REPRESENTATION_CONTEXT(2) 
PARAMETRIC_REPRESENTATION_CONTEXT() REPRESENTATION_CONTEXT('2D SPACE',''
  ) );
#3938 = ORIENTED_EDGE('',*,*,#3939,.F.);
#3939 = EDGE_CURVE('',#3940,#3905,#3942,.T.);
#3940 = VERTEX_POINT('',#3941);
#3941 = CARTESIAN_POINT('',(4.603650688158,1.429414362326,2.000247792129
    ));
#3942 = SURFACE_CURVE('',#3943,(#3948,#3959),.PCURVE_S1.);
#3943 = CIRCLE('',#3944,4.356);
#3944 = AXIS2_PLACEMENT_3D('',#3945,#3946,#3947);
#3945 = CARTESIAN_POINT('',(0.819993019216,-0.728981024127,
    2.000247792129));
#3946 = DIRECTION('',(-6.12318272229E-17,3.574525976783E-30,1.));
#3947 = DIRECTION('',(0.960908268694,0.276866934024,5.883816908572E-17)
  );
#3948 = PCURVE('',#2320,#3949);
#3949 = DEFINITIONAL_REPRESENTATION('',(#3950),#3958);
#3950 = ( BOUNDED_CURVE() B_SPLINE_CURVE(2,(#3951,#3952,#3953,#3954,
#3955,#3956,#3957),.UNSPECIFIED.,.T.,.F.) B_SPLINE_CURVE_WITH_KNOTS((1,2
    ,2,2,2,1),(-2.094395102393,0.,2.094395102393,4.188790204786,
6.28318530718,8.377580409573),.UNSPECIFIED.) CURVE() 
GEOMETRIC_REPRESENTATION_ITEM() RATIONAL_B_SPLINE_CURVE((1.,0.5,1.,0.5,
1.,0.5,1.)) REPRESENTATION_ITEM('') );
#3951 = CARTESIAN_POINT('',(0.643335763491,5.87887710974));
#3952 = CARTESIAN_POINT('',(7.893209266287,3.789967778667));
#3953 = CARTESIAN_POINT('',(2.459223967977,-1.444152183442));
#3954 = CARTESIAN_POINT('',(-2.974761330333,-6.678272145551));
#3955 = CARTESIAN_POINT('',(-4.79064953482,0.644757147631));
#3956 = CARTESIAN_POINT('',(-6.606537739306,7.967786440813));
#3957 = CARTESIAN_POINT('',(0.643335763491,5.87887710974));
#3958 = ( GEOMETRIC_REPRESENTATION_CONTEXT(2) 
PARAMETRIC_REPRESENTATION_CONTEXT() REPRESENTATION_CONTEXT('2D SPACE',''
  ) );
#3959 = PCURVE('',#2111,#3960);
#3960 = DEFINITIONAL_REPRESENTATION('',(#3961),#3965);
#3961 = LINE('',#3962,#3963);
#3962 = CARTESIAN_POINT('',(-2.22044604925E-16,7.5E-02));
#3963 = VECTOR('',#3964,1.);
#3964 = DIRECTION('',(1.,-3.800267619631E-16));
#3965 = ( GEOMETRIC_REPRESENTATION_CONTEXT(2) 
PARAMETRIC_REPRESENTATION_CONTEXT() REPRESENTATION_CONTEXT('2D SPACE',''
  ) );
#3966 = ORIENTED_EDGE('',*,*,#3967,.F.);
#3967 = EDGE_CURVE('',#3968,#3940,#3970,.T.);
#3968 = VERTEX_POINT('',#3969);
#3969 = CARTESIAN_POINT('',(3.966658321321,0.461384121788,2.000247792129
    ));
#3970 = SURFACE_CURVE('',#3971,(#3976,#3987),.PCURVE_S1.);
#3971 = CIRCLE('',#3972,0.65);
#3972 = AXIS2_PLACEMENT_3D('',#3973,#3974,#3975);
#3973 = CARTESIAN_POINT('',(4.03905530597,1.107339752318,2.000247792129)
  );
#3974 = DIRECTION('',(-6.12318272229E-17,3.580688952605E-30,1.));
#3975 = DIRECTION('',(0.835365423047,-0.54969501542,5.115095125198E-17)
  );
#3976 = PCURVE('',#2320,#3977);
#3977 = DEFINITIONAL_REPRESENTATION('',(#3978),#3986);
#3978 = ( BOUNDED_CURVE() B_SPLINE_CURVE(2,(#3979,#3980,#3981,#3982,
#3983,#3984,#3985),.UNSPECIFIED.,.T.,.F.) B_SPLINE_CURVE_WITH_KNOTS((1,2
    ,2,2,2,1),(-2.094395102393,0.,2.094395102393,4.188790204786,
6.28318530718,8.377580409573),.UNSPECIFIED.) CURVE() 
GEOMETRIC_REPRESENTATION_ITEM() RATIONAL_B_SPLINE_CURVE((1.,0.5,1.,0.5,
1.,0.5,1.)) REPRESENTATION_ITEM('') );
#3979 = CARTESIAN_POINT('',(0.916322415304,5.455210503043));
#3980 = CARTESIAN_POINT('',(1.856804396446,6.074075305037));
#3981 = CARTESIAN_POINT('',(1.92251604591,4.95016161657));
#3982 = CARTESIAN_POINT('',(1.988227695374,3.826247928102));
#3983 = CARTESIAN_POINT('',(0.982034064768,4.331296814576));
#3984 = CARTESIAN_POINT('',(-2.415956583775E-02,4.836345701049));
#3985 = CARTESIAN_POINT('',(0.916322415304,5.455210503043));
#3986 = ( GEOMETRIC_REPRESENTATION_CONTEXT(2) 
PARAMETRIC_REPRESENTATION_CONTEXT() REPRESENTATION_CONTEXT('2D SPACE',''
  ) );
#3987 = PCURVE('',#3988,#3993);
#3988 = CONICAL_SURFACE('',#3989,0.575,0.785398163397);
#3989 = AXIS2_PLACEMENT_3D('',#3990,#3991,#3992);
#3990 = CARTESIAN_POINT('',(4.03905530597,1.107339752318,1.925247792129)
  );
#3991 = DIRECTION('',(-6.12318272229E-17,3.583545125319E-30,1.));
#3992 = DIRECTION('',(0.835365423047,-0.54969501542,5.115095125198E-17)
  );
#3993 = DEFINITIONAL_REPRESENTATION('',(#3994),#3998);
#3994 = LINE('',#3995,#3996);
#3995 = CARTESIAN_POINT('',(-2.6645352591E-15,7.5E-02));
#3996 = VECTOR('',#3997,1.);
#3997 = DIRECTION('',(1.,-7.134132710784E-17));
#3998 = ( GEOMETRIC_REPRESENTATION_CONTEXT(2) 
PARAMETRIC_REPRESENTATION_CONTEXT() REPRESENTATION_CONTEXT('2D SPACE',''
  ) );
#3999 = ORIENTED_EDGE('',*,*,#4000,.F.);
#4000 = EDGE_CURVE('',#4001,#3968,#4003,.T.);
#4001 = VERTEX_POINT('',#4002);
#4002 = CARTESIAN_POINT('',(1.490729709765,0.125831409316,2.000247792129
    ));
#4003 = SURFACE_CURVE('',#4004,(#4009,#4016),.PCURVE_S1.);
#4004 = CIRCLE('',#4005,5.1235);
#4005 = AXIS2_PLACEMENT_3D('',#4006,#4007,#4008);
#4006 = CARTESIAN_POINT('',(3.396003012328,-4.630236913631,
    2.000247792129));
#4007 = DIRECTION('',(6.12318272229E-17,-3.574525976783E-30,-1.));
#4008 = DIRECTION('',(0.277912237606,0.96060646895,1.701707411622E-17));
#4009 = PCURVE('',#2320,#4010);
#4010 = DEFINITIONAL_REPRESENTATION('',(#4011),#4015);
#4011 = CIRCLE('',#4012,5.1235);
#4012 = AXIS2_PLACEMENT_2D('',#4013,#4014);
#4013 = CARTESIAN_POINT('',(-4.463952490621,4.269170684421));
#4014 = DIRECTION('',(0.96060646895,0.277912237606));
#4015 = ( GEOMETRIC_REPRESENTATION_CONTEXT(2) 
PARAMETRIC_REPRESENTATION_CONTEXT() REPRESENTATION_CONTEXT('2D SPACE',''
  ) );
#4016 = PCURVE('',#4017,#4022);
#4017 = CONICAL_SURFACE('',#4018,5.1985,0.785398163397);
#4018 = AXIS2_PLACEMENT_3D('',#4019,#4020,#4021);
#4019 = CARTESIAN_POINT('',(3.396003012328,-4.630236913631,
    1.925247792129));
#4020 = DIRECTION('',(6.12318272229E-17,-3.583545125319E-30,-1.));
#4021 = DIRECTION('',(0.277912237606,0.96060646895,1.701707411622E-17));
#4022 = DEFINITIONAL_REPRESENTATION('',(#4023),#4027);
#4023 = LINE('',#4024,#4025);
#4024 = CARTESIAN_POINT('',(0.,-7.5E-02));
#4025 = VECTOR('',#4026,1.);
#4026 = DIRECTION('',(1.,0.));
#4027 = ( GEOMETRIC_REPRESENTATION_CONTEXT(2) 
PARAMETRIC_REPRESENTATION_CONTEXT() REPRESENTATION_CONTEXT('2D SPACE',''
  ) );
#4028 = ORIENTED_EDGE('',*,*,#4029,.F.);
#4029 = EDGE_CURVE('',#4030,#4001,#4032,.T.);
#4030 = VERTEX_POINT('',#4031);
#4031 = CARTESIAN_POINT('',(1.065551392528,0.105645290638,2.000247792129
    ));
#4032 = SURFACE_CURVE('',#4033,(#4038,#4049),.PCURVE_S1.);
#4033 = CIRCLE('',#4034,0.65);
#4034 = AXIS2_PLACEMENT_3D('',#4035,#4036,#4037);
#4035 = CARTESIAN_POINT('',(1.249014545001,0.729216675231,2.000247792129
    ));
#4036 = DIRECTION('',(-6.12318272229E-17,3.583770440516E-30,1.));
#4037 = DIRECTION('',(4.742341270772E-02,-0.998874877013,
    2.903822213243E-18));
#4038 = PCURVE('',#2320,#4039);
#4039 = DEFINITIONAL_REPRESENTATION('',(#4040),#4048);
#4040 = ( BOUNDED_CURVE() B_SPLINE_CURVE(2,(#4041,#4042,#4043,#4044,
#4045,#4046,#4047),.UNSPECIFIED.,.T.,.F.) B_SPLINE_CURVE_WITH_KNOTS((1,2
    ,2,2,2,1),(-2.094395102393,0.,2.094395102393,4.188790204786,
6.28318530718,8.377580409573),.UNSPECIFIED.) CURVE() 
GEOMETRIC_REPRESENTATION_ITEM() RATIONAL_B_SPLINE_CURVE((1.,0.5,1.,0.5,
1.,0.5,1.)) REPRESENTATION_ITEM('') );
#4041 = CARTESIAN_POINT('',(0.246232428183,2.153007435355));
#4042 = CARTESIAN_POINT('',(0.299623272363,3.277573759658));
#4043 = CARTESIAN_POINT('',(1.24683085536,2.669052770116));
#4044 = CARTESIAN_POINT('',(2.194038438357,2.060531780574));
#4045 = CARTESIAN_POINT('',(1.19344001118,1.544486445813));
#4046 = CARTESIAN_POINT('',(0.192841584002,1.028441111051));
#4047 = CARTESIAN_POINT('',(0.246232428183,2.153007435355));
#4048 = ( GEOMETRIC_REPRESENTATION_CONTEXT(2) 
PARAMETRIC_REPRESENTATION_CONTEXT() REPRESENTATION_CONTEXT('2D SPACE',''
  ) );
#4049 = PCURVE('',#4050,#4055);
#4050 = CONICAL_SURFACE('',#4051,0.575,0.785398163397);
#4051 = AXIS2_PLACEMENT_3D('',#4052,#4053,#4054);
#4052 = CARTESIAN_POINT('',(1.249014545001,0.729216675231,1.925247792129
    ));
#4053 = DIRECTION('',(-6.12318272229E-17,3.583545125319E-30,1.));
#4054 = DIRECTION('',(4.742341270772E-02,-0.998874877013,
    2.903822213243E-18));
#4055 = DEFINITIONAL_REPRESENTATION('',(#4056),#4060);
#4056 = LINE('',#4057,#4058);
#4057 = CARTESIAN_POINT('',(8.881784197001E-16,7.5E-02));
#4058 = VECTOR('',#4059,1.);
#4059 = DIRECTION('',(1.,5.736389863723E-16));
#4060 = ( GEOMETRIC_REPRESENTATION_CONTEXT(2) 
PARAMETRIC_REPRESENTATION_CONTEXT() REPRESENTATION_CONTEXT('2D SPACE',''
  ) );
#4061 = ORIENTED_EDGE('',*,*,#4062,.F.);
#4062 = EDGE_CURVE('',#4063,#4030,#4065,.T.);
#4063 = VERTEX_POINT('',#4064);
#4064 = CARTESIAN_POINT('',(-4.400930191892E-02,-0.62700068743,
    2.000247792129));
#4065 = SURFACE_CURVE('',#4066,(#4071,#4078),.PCURVE_S1.);
#4066 = CIRCLE('',#4067,0.87);
#4067 = AXIS2_PLACEMENT_3D('',#4068,#4069,#4070);
#4068 = CARTESIAN_POINT('',(0.819993019216,-0.728981024127,
    2.000247792129));
#4069 = DIRECTION('',(6.12318272229E-17,-3.571444488872E-30,-1.));
#4070 = DIRECTION('',(0.431299788889,0.902208674368,2.64092741545E-17));
#4071 = PCURVE('',#2320,#4072);
#4072 = DEFINITIONAL_REPRESENTATION('',(#4073),#4077);
#4073 = CIRCLE('',#4074,0.87);
#4074 = AXIS2_PLACEMENT_2D('',#4075,#4076);
#4075 = CARTESIAN_POINT('',(-0.562696601117,1.693160691309));
#4076 = DIRECTION('',(0.902208674368,0.431299788889));
#4077 = ( GEOMETRIC_REPRESENTATION_CONTEXT(2) 
PARAMETRIC_REPRESENTATION_CONTEXT() REPRESENTATION_CONTEXT('2D SPACE',''
  ) );
#4078 = PCURVE('',#4079,#4084);
#4079 = CONICAL_SURFACE('',#4080,0.945,0.785398163397);
#4080 = AXIS2_PLACEMENT_3D('',#4081,#4082,#4083);
#4081 = CARTESIAN_POINT('',(0.819993019216,-0.728981024127,
    1.925247792129));
#4082 = DIRECTION('',(6.12318272229E-17,-3.583545125319E-30,-1.));
#4083 = DIRECTION('',(0.431299788889,0.902208674368,2.64092741545E-17));
#4084 = DEFINITIONAL_REPRESENTATION('',(#4085),#4089);
#4085 = LINE('',#4086,#4087);
#4086 = CARTESIAN_POINT('',(0.,-7.5E-02));
#4087 = VECTOR('',#4088,1.);
#4088 = DIRECTION('',(1.,-8.292993823579E-16));
#4089 = ( GEOMETRIC_REPRESENTATION_CONTEXT(2) 
PARAMETRIC_REPRESENTATION_CONTEXT() REPRESENTATION_CONTEXT('2D SPACE',''
  ) );
#4090 = ORIENTED_EDGE('',*,*,#4091,.F.);
#4091 = EDGE_CURVE('',#4092,#4063,#4094,.T.);
#4092 = VERTEX_POINT('',#4093);
#4093 = CARTESIAN_POINT('',(-0.229565457981,-1.010084221119,
    2.000247792129));
#4094 = SURFACE_CURVE('',#4095,(#4100,#4111),.PCURVE_S1.);
#4095 = CIRCLE('',#4096,0.65);
#4096 = AXIS2_PLACEMENT_3D('',#4097,#4098,#4099);
#4097 = CARTESIAN_POINT('',(-0.68952827748,-0.550808481852,
    2.000247792129));
#4098 = DIRECTION('',(-6.12318272229E-17,3.571444488872E-30,1.));
#4099 = DIRECTION('',(0.899981259828,-0.435928585846,5.510749700566E-17)
  );
#4100 = PCURVE('',#2320,#4101);
#4101 = DEFINITIONAL_REPRESENTATION('',(#4102),#4110);
#4102 = ( BOUNDED_CURVE() B_SPLINE_CURVE(2,(#4103,#4104,#4105,#4106,
#4107,#4108,#4109),.UNSPECIFIED.,.T.,.F.) B_SPLINE_CURVE_WITH_KNOTS((1,2
    ,2,2,2,1),(-2.094395102393,0.,2.094395102393,4.188790204786,
6.28318530718,8.377580409573),.UNSPECIFIED.) CURVE() 
GEOMETRIC_REPRESENTATION_ITEM() RATIONAL_B_SPLINE_CURVE((1.,0.5,1.,0.5,
1.,0.5,1.)) REPRESENTATION_ITEM('') );
#4103 = CARTESIAN_POINT('',(-0.667877639643,0.768627213502));
#4104 = CARTESIAN_POINT('',(0.345350984481,1.259410011954));
#4105 = CARTESIAN_POINT('',(0.263767043619,0.136536884395));
#4106 = CARTESIAN_POINT('',(0.182183102757,-0.986336243164));
#4107 = CARTESIAN_POINT('',(-0.749461580505,-0.354245914057));
#4108 = CARTESIAN_POINT('',(-1.681106263766,0.27784441505));
#4109 = CARTESIAN_POINT('',(-0.667877639643,0.768627213502));
#4110 = ( GEOMETRIC_REPRESENTATION_CONTEXT(2) 
PARAMETRIC_REPRESENTATION_CONTEXT() REPRESENTATION_CONTEXT('2D SPACE',''
  ) );
#4111 = PCURVE('',#4112,#4117);
#4112 = CONICAL_SURFACE('',#4113,0.575,0.785398163397);
#4113 = AXIS2_PLACEMENT_3D('',#4114,#4115,#4116);
#4114 = CARTESIAN_POINT('',(-0.68952827748,-0.550808481852,
    1.925247792129));
#4115 = DIRECTION('',(-6.12318272229E-17,3.583545125319E-30,1.));
#4116 = DIRECTION('',(0.899981259828,-0.435928585846,5.510749700566E-17)
  );
#4117 = DEFINITIONAL_REPRESENTATION('',(#4118),#4122);
#4118 = LINE('',#4119,#4120);
#4119 = CARTESIAN_POINT('',(-8.881784197001E-16,7.5E-02));
#4120 = VECTOR('',#4121,1.);
#4121 = DIRECTION('',(1.,-3.3829991504E-16));
#4122 = ( GEOMETRIC_REPRESENTATION_CONTEXT(2) 
PARAMETRIC_REPRESENTATION_CONTEXT() REPRESENTATION_CONTEXT('2D SPACE',''
  ) );
#4123 = ORIENTED_EDGE('',*,*,#4124,.F.);
#4124 = EDGE_CURVE('',#4125,#4092,#4127,.T.);
#4125 = VERTEX_POINT('',#4126);
#4126 = CARTESIAN_POINT('',(-1.494054877177,-3.101320275191,
    2.000247792129));
#4127 = SURFACE_CURVE('',#4128,(#4133,#4140),.PCURVE_S1.);
#4128 = CIRCLE('',#4129,5.1235);
#4129 = AXIS2_PLACEMENT_3D('',#4130,#4131,#4132);
#4130 = CARTESIAN_POINT('',(3.396003012328,-4.630236913631,
    2.000247792129));
#4131 = DIRECTION('',(6.12318272229E-17,-3.586851928427E-30,-1.));
#4132 = DIRECTION('',(-0.681728909304,0.731604875749,-4.174350678735E-17
    ));
#4133 = PCURVE('',#2320,#4134);
#4134 = DEFINITIONAL_REPRESENTATION('',(#4135),#4139);
#4135 = CIRCLE('',#4136,5.1235);
#4136 = AXIS2_PLACEMENT_2D('',#4137,#4138);
#4137 = CARTESIAN_POINT('',(-4.463952490621,4.269170684421));
#4138 = DIRECTION('',(0.731604875749,-0.681728909304));
#4139 = ( GEOMETRIC_REPRESENTATION_CONTEXT(2) 
PARAMETRIC_REPRESENTATION_CONTEXT() REPRESENTATION_CONTEXT('2D SPACE',''
  ) );
#4140 = PCURVE('',#4141,#4146);
#4141 = CONICAL_SURFACE('',#4142,5.1985,0.785398163397);
#4142 = AXIS2_PLACEMENT_3D('',#4143,#4144,#4145);
#4143 = CARTESIAN_POINT('',(3.396003012328,-4.630236913631,
    1.925247792129));
#4144 = DIRECTION('',(6.12318272229E-17,-3.583545125319E-30,-1.));
#4145 = DIRECTION('',(-0.681728909304,0.731604875749,-4.174350678735E-17
    ));
#4146 = DEFINITIONAL_REPRESENTATION('',(#4147),#4151);
#4147 = LINE('',#4148,#4149);
#4148 = CARTESIAN_POINT('',(0.,-7.500000000001E-02));
#4149 = VECTOR('',#4150,1.);
#4150 = DIRECTION('',(1.,9.168782575304E-16));
#4151 = ( GEOMETRIC_REPRESENTATION_CONTEXT(2) 
PARAMETRIC_REPRESENTATION_CONTEXT() REPRESENTATION_CONTEXT('2D SPACE',''
  ) );
#4152 = ORIENTED_EDGE('',*,*,#4153,.F.);
#4153 = EDGE_CURVE('',#4154,#4125,#4156,.T.);
#4154 = VERTEX_POINT('',#4155);
#4155 = CARTESIAN_POINT('',(-2.110403640711,-3.557339599637,
    2.000247792129));
#4156 = SURFACE_CURVE('',#4157,(#4162,#4173),.PCURVE_S1.);
#4157 = CIRCLE('',#4158,0.65);
#4158 = AXIS2_PLACEMENT_3D('',#4159,#4160,#4161);
#4159 = CARTESIAN_POINT('',(-2.114438917028,-2.907352125492,
    2.000247792129));
#4160 = DIRECTION('',(-6.12318272229E-17,3.611503831715E-30,1.));
#4161 = DIRECTION('',(0.5947766259,-0.803891015799,3.641925959333E-17));
#4162 = PCURVE('',#2320,#4163);
#4163 = DEFINITIONAL_REPRESENTATION('',(#4164),#4172);
#4164 = ( BOUNDED_CURVE() B_SPLINE_CURVE(2,(#4165,#4166,#4167,#4168,
#4169,#4170,#4171),.UNSPECIFIED.,.T.,.F.) B_SPLINE_CURVE_WITH_KNOTS((1,2
    ,2,2,2,1),(-2.094395102393,0.,2.094395102393,4.188790204786,
6.28318530718,8.377580409573),.UNSPECIFIED.) CURVE() 
GEOMETRIC_REPRESENTATION_ITEM() RATIONAL_B_SPLINE_CURVE((1.,0.5,1.,0.5,
1.,0.5,1.)) REPRESENTATION_ITEM('') );
#4165 = CARTESIAN_POINT('',(-3.263596862752,-0.8546664381));
#4166 = CARTESIAN_POINT('',(-2.593977694863,5.038061592351E-02));
#4167 = CARTESIAN_POINT('',(-2.144993538403,-0.982050121341));
#4168 = CARTESIAN_POINT('',(-1.696009381943,-2.014480858605));
#4169 = CARTESIAN_POINT('',(-2.814612706292,-1.887097175364));
#4170 = CARTESIAN_POINT('',(-3.933216030641,-1.759713492123));
#4171 = CARTESIAN_POINT('',(-3.263596862752,-0.8546664381));
#4172 = ( GEOMETRIC_REPRESENTATION_CONTEXT(2) 
PARAMETRIC_REPRESENTATION_CONTEXT() REPRESENTATION_CONTEXT('2D SPACE',''
  ) );
#4173 = PCURVE('',#4174,#4179);
#4174 = CONICAL_SURFACE('',#4175,0.575,0.785398163397);
#4175 = AXIS2_PLACEMENT_3D('',#4176,#4177,#4178);
#4176 = CARTESIAN_POINT('',(-2.114438917028,-2.907352125492,
    1.925247792129));
#4177 = DIRECTION('',(-6.12318272229E-17,3.583545125319E-30,1.));
#4178 = DIRECTION('',(0.5947766259,-0.803891015799,3.641925959333E-17));
#4179 = DEFINITIONAL_REPRESENTATION('',(#4180),#4184);
#4180 = LINE('',#4181,#4182);
#4181 = CARTESIAN_POINT('',(1.7763568394E-15,7.5E-02));
#4182 = VECTOR('',#4183,1.);
#4183 = DIRECTION('',(1.,-1.866847548955E-16));
#4184 = ( GEOMETRIC_REPRESENTATION_CONTEXT(2) 
PARAMETRIC_REPRESENTATION_CONTEXT() REPRESENTATION_CONTEXT('2D SPACE',''
  ) );
#4185 = ORIENTED_EDGE('',*,*,#4186,.F.);
#4186 = EDGE_CURVE('',#4187,#4154,#4189,.T.);
#4187 = VERTEX_POINT('',#4188);
#4188 = CARTESIAN_POINT('',(-2.150703428072,-3.558284233222,
    2.000247792129));
#4189 = SURFACE_CURVE('',#4190,(#4195,#4202),.PCURVE_S1.);
#4190 = CIRCLE('',#4191,1.17);
#4191 = AXIS2_PLACEMENT_3D('',#4192,#4193,#4194);
#4192 = CARTESIAN_POINT('',(-2.10314014334,-4.727317053097,
    2.000247792129));
#4193 = DIRECTION('',(6.12318272229E-17,-3.577607464694E-30,-1.));
#4194 = DIRECTION('',(0.271110054542,0.962548356357,1.66005640181E-17));
#4195 = PCURVE('',#2320,#4196);
#4196 = DEFINITIONAL_REPRESENTATION('',(#4197),#4201);
#4197 = CIRCLE('',#4198,1.17);
#4198 = AXIS2_PLACEMENT_2D('',#4199,#4200);
#4199 = CARTESIAN_POINT('',(-4.561032630088,-1.229972471246));
#4200 = DIRECTION('',(0.962548356357,0.271110054542));
#4201 = ( GEOMETRIC_REPRESENTATION_CONTEXT(2) 
PARAMETRIC_REPRESENTATION_CONTEXT() REPRESENTATION_CONTEXT('2D SPACE',''
  ) );
#4202 = PCURVE('',#4203,#4208);
#4203 = CONICAL_SURFACE('',#4204,1.245,0.785398163397);
#4204 = AXIS2_PLACEMENT_3D('',#4205,#4206,#4207);
#4205 = CARTESIAN_POINT('',(-2.10314014334,-4.727317053097,
    1.925247792129));
#4206 = DIRECTION('',(6.12318272229E-17,-3.583545125319E-30,-1.));
#4207 = DIRECTION('',(0.271110054542,0.962548356357,1.66005640181E-17));
#4208 = DEFINITIONAL_REPRESENTATION('',(#4209),#4213);
#4209 = LINE('',#4210,#4211);
#4210 = CARTESIAN_POINT('',(0.,-7.499999999998E-02));
#4211 = VECTOR('',#4212,1.);
#4212 = DIRECTION('',(1.,-3.132854876515E-15));
#4213 = ( GEOMETRIC_REPRESENTATION_CONTEXT(2) 
PARAMETRIC_REPRESENTATION_CONTEXT() REPRESENTATION_CONTEXT('2D SPACE',''
  ) );
#4214 = ORIENTED_EDGE('',*,*,#4215,.F.);
#4215 = EDGE_CURVE('',#4216,#4187,#4218,.T.);
#4216 = VERTEX_POINT('',#4217);
#4217 = CARTESIAN_POINT('',(-2.702796207292,-3.291146527289,
    2.000247792129));
#4218 = SURFACE_CURVE('',#4219,(#4224,#4235),.PCURVE_S1.);
#4219 = CIRCLE('',#4220,0.65);
#4220 = AXIS2_PLACEMENT_3D('',#4221,#4222,#4223);
#4221 = CARTESIAN_POINT('',(-2.177127475145,-2.908821555513,
    2.000247792129));
#4222 = DIRECTION('',(-6.12318272229E-17,3.571444488872E-30,1.));
#4223 = DIRECTION('',(-0.43555569451,-0.900161783781,-2.666987103221E-17
    ));
#4224 = PCURVE('',#2320,#4225);
#4225 = DEFINITIONAL_REPRESENTATION('',(#4226),#4234);
#4226 = ( BOUNDED_CURVE() B_SPLINE_CURVE(2,(#4227,#4228,#4229,#4230,
#4231,#4232,#4233),.UNSPECIFIED.,.T.,.F.) B_SPLINE_CURVE_WITH_KNOTS((1,2
    ,2,2,2,1),(-2.094395102393,0.,2.094395102393,4.188790204786,
6.28318530718,8.377580409573),.UNSPECIFIED.) CURVE() 
GEOMETRIC_REPRESENTATION_ITEM() RATIONAL_B_SPLINE_CURVE((1.,0.5,1.,0.5,
1.,0.5,1.)) REPRESENTATION_ITEM('') );
#4227 = CARTESIAN_POINT('',(-3.327642291961,-1.587071004484));
#4228 = CARTESIAN_POINT('',(-3.818005277033,-0.573639140533));
#4229 = CARTESIAN_POINT('',(-2.695166045311,-0.655688270361));
#4230 = CARTESIAN_POINT('',(-1.572326813589,-0.737737400189));
#4231 = CARTESIAN_POINT('',(-2.204803060239,-1.669120134312));
#4232 = CARTESIAN_POINT('',(-2.83727930689,-2.600502868435));
#4233 = CARTESIAN_POINT('',(-3.327642291961,-1.587071004484));
#4234 = ( GEOMETRIC_REPRESENTATION_CONTEXT(2) 
PARAMETRIC_REPRESENTATION_CONTEXT() REPRESENTATION_CONTEXT('2D SPACE',''
  ) );
#4235 = PCURVE('',#4236,#4241);
#4236 = CONICAL_SURFACE('',#4237,0.575,0.785398163397);
#4237 = AXIS2_PLACEMENT_3D('',#4238,#4239,#4240);
#4238 = CARTESIAN_POINT('',(-2.177127475145,-2.908821555513,
    1.925247792129));
#4239 = DIRECTION('',(-6.12318272229E-17,3.583545125319E-30,1.));
#4240 = DIRECTION('',(-0.43555569451,-0.900161783781,-2.666987103221E-17
    ));
#4241 = DEFINITIONAL_REPRESENTATION('',(#4242),#4246);
#4242 = LINE('',#4243,#4244);
#4243 = CARTESIAN_POINT('',(-6.28318530718,7.5E-02));
#4244 = VECTOR('',#4245,1.);
#4245 = DIRECTION('',(1.,4.593771991411E-16));
#4246 = ( GEOMETRIC_REPRESENTATION_CONTEXT(2) 
PARAMETRIC_REPRESENTATION_CONTEXT() REPRESENTATION_CONTEXT('2D SPACE',''
  ) );
#4247 = ORIENTED_EDGE('',*,*,#4248,.F.);
#4248 = EDGE_CURVE('',#4249,#4216,#4251,.T.);
#4249 = VERTEX_POINT('',#4250);
#4250 = CARTESIAN_POINT('',(-3.264792045544,-2.24201340141,
    2.000247792129));
#4251 = SURFACE_CURVE('',#4252,(#4257,#4268),.PCURVE_S1.);
#4252 = CIRCLE('',#4253,4.356);
#4253 = AXIS2_PLACEMENT_3D('',#4254,#4255,#4256);
#4254 = CARTESIAN_POINT('',(0.819993019216,-0.728981024127,
    2.000247792129));
#4255 = DIRECTION('',(-6.12318272229E-17,3.580688952605E-30,1.));
#4256 = DIRECTION('',(-0.967213362928,-0.253965175907,
    -5.922424152648E-17));
#4257 = PCURVE('',#2320,#4258);
#4258 = DEFINITIONAL_REPRESENTATION('',(#4259),#4267);
#4259 = ( BOUNDED_CURVE() B_SPLINE_CURVE(2,(#4260,#4261,#4262,#4263,
#4264,#4265,#4266),.UNSPECIFIED.,.T.,.F.) B_SPLINE_CURVE_WITH_KNOTS((1,2
    ,2,2,2,1),(-2.094395102393,0.,2.094395102393,4.188790204786,
6.28318530718,8.377580409573),.UNSPECIFIED.) CURVE() 
GEOMETRIC_REPRESENTATION_ITEM() RATIONAL_B_SPLINE_CURVE((1.,0.5,1.,0.5,
1.,0.5,1.)) REPRESENTATION_ITEM('') );
#4260 = CARTESIAN_POINT('',(-1.668968907369,-2.520020717605));
#4261 = CARTESIAN_POINT('',(-8.966413169113,-0.603900876169));
#4262 = CARTESIAN_POINT('',(-3.658282578863,4.757811316484));
#4263 = CARTESIAN_POINT('',(1.649848011387,10.119523509138));
#4264 = CARTESIAN_POINT('',(3.639161682881,2.841691475049));
#4265 = CARTESIAN_POINT('',(5.628475354374,-4.43614055904));
#4266 = CARTESIAN_POINT('',(-1.668968907369,-2.520020717605));
#4267 = ( GEOMETRIC_REPRESENTATION_CONTEXT(2) 
PARAMETRIC_REPRESENTATION_CONTEXT() REPRESENTATION_CONTEXT('2D SPACE',''
  ) );
#4268 = PCURVE('',#4269,#4274);
#4269 = CONICAL_SURFACE('',#4270,4.281,0.785398163397);
#4270 = AXIS2_PLACEMENT_3D('',#4271,#4272,#4273);
#4271 = CARTESIAN_POINT('',(0.819993019216,-0.728981024127,
    1.925247792129));
#4272 = DIRECTION('',(-6.12318272229E-17,3.583545125319E-30,1.));
#4273 = DIRECTION('',(-0.967213362928,-0.253965175907,
    -5.922424152648E-17));
#4274 = DEFINITIONAL_REPRESENTATION('',(#4275),#4279);
#4275 = LINE('',#4276,#4277);
#4276 = CARTESIAN_POINT('',(-8.326672684689E-17,7.5E-02));
#4277 = VECTOR('',#4278,1.);
#4278 = DIRECTION('',(1.,-1.6111430398E-15));
#4279 = ( GEOMETRIC_REPRESENTATION_CONTEXT(2) 
PARAMETRIC_REPRESENTATION_CONTEXT() REPRESENTATION_CONTEXT('2D SPACE',''
  ) );
#4280 = ORIENTED_EDGE('',*,*,#4281,.F.);
#4281 = EDGE_CURVE('',#4282,#4249,#4284,.T.);
#4282 = VERTEX_POINT('',#4283);
#4283 = CARTESIAN_POINT('',(-3.073497670522,-1.518665983111,
    2.000247792129));
#4284 = SURFACE_CURVE('',#4285,(#4290,#4301),.PCURVE_S1.);
#4285 = CIRCLE('',#4286,0.65);
#4286 = AXIS2_PLACEMENT_3D('',#4287,#4288,#4289);
#4287 = CARTESIAN_POINT('',(-2.655262593732,-2.016239515911,
    2.000247792129));
#4288 = DIRECTION('',(-6.12318272229E-17,3.571444488872E-30,1.));
#4289 = DIRECTION('',(-0.966764693537,0.255667806597,-5.919676867987E-17
    ));
#4290 = PCURVE('',#2320,#4291);
#4291 = DEFINITIONAL_REPRESENTATION('',(#4292),#4300);
#4292 = ( BOUNDED_CURVE() B_SPLINE_CURVE(2,(#4293,#4294,#4295,#4296,
#4297,#4298,#4299),.UNSPECIFIED.,.T.,.F.) B_SPLINE_CURVE_WITH_KNOTS((1,2
    ,2,2,2,1),(-2.094395102393,0.,2.094395102393,4.188790204786,
6.28318530718,8.377580409573),.UNSPECIFIED.) CURVE() 
GEOMETRIC_REPRESENTATION_ITEM() RATIONAL_B_SPLINE_CURVE((1.,0.5,1.,0.5,
1.,0.5,1.)) REPRESENTATION_ITEM('') );
#4293 = CARTESIAN_POINT('',(-1.683771018614,-2.410491972438));
#4294 = CARTESIAN_POINT('',(-2.772186637924,-2.698331232514));
#4295 = CARTESIAN_POINT('',(-2.477254939701,-1.611816026277));
#4296 = CARTESIAN_POINT('',(-2.182323241477,-0.525300820041));
#4297 = CARTESIAN_POINT('',(-1.38883932039,-1.323976766202));
#4298 = CARTESIAN_POINT('',(-0.595355399303,-2.122652712363));
#4299 = CARTESIAN_POINT('',(-1.683771018614,-2.410491972438));
#4300 = ( GEOMETRIC_REPRESENTATION_CONTEXT(2) 
PARAMETRIC_REPRESENTATION_CONTEXT() REPRESENTATION_CONTEXT('2D SPACE',''
  ) );
#4301 = PCURVE('',#4302,#4307);
#4302 = CONICAL_SURFACE('',#4303,0.575,0.785398163397);
#4303 = AXIS2_PLACEMENT_3D('',#4304,#4305,#4306);
#4304 = CARTESIAN_POINT('',(-2.655262593732,-2.016239515911,
    1.925247792129));
#4305 = DIRECTION('',(-6.12318272229E-17,3.583545125319E-30,1.));
#4306 = DIRECTION('',(-0.966764693537,0.255667806597,-5.919676867987E-17
    ));
#4307 = DEFINITIONAL_REPRESENTATION('',(#4308),#4312);
#4308 = LINE('',#4309,#4310);
#4309 = CARTESIAN_POINT('',(0.,7.5E-02));
#4310 = VECTOR('',#4311,1.);
#4311 = DIRECTION('',(1.,-8.800591608521E-17));
#4312 = ( GEOMETRIC_REPRESENTATION_CONTEXT(2) 
PARAMETRIC_REPRESENTATION_CONTEXT() REPRESENTATION_CONTEXT('2D SPACE',''
  ) );
#4313 = ORIENTED_EDGE('',*,*,#4314,.F.);
#4314 = EDGE_CURVE('',#3907,#4282,#4315,.T.);
#4315 = SURFACE_CURVE('',#4316,(#4321,#4328),.PCURVE_S1.);
#4316 = CIRCLE('',#4317,0.87);
#4317 = AXIS2_PLACEMENT_3D('',#4318,#4319,#4320);
#4318 = CARTESIAN_POINT('',(-3.633289234841,-0.852682946903,
    2.000247792129));
#4319 = DIRECTION('',(6.12318272229E-17,-3.586851928427E-30,-1.));
#4320 = DIRECTION('',(0.377630244689,-0.925956477539,2.312298989692E-17)
  );
#4321 = PCURVE('',#2320,#4322);
#4322 = DEFINITIONAL_REPRESENTATION('',(#4323),#4327);
#4323 = CIRCLE('',#4324,0.87);
#4324 = AXIS2_PLACEMENT_2D('',#4325,#4326);
#4325 = CARTESIAN_POINT('',(-0.686398523894,-2.760121562748));
#4326 = DIRECTION('',(-0.925956477539,0.377630244689));
#4327 = ( GEOMETRIC_REPRESENTATION_CONTEXT(2) 
PARAMETRIC_REPRESENTATION_CONTEXT() REPRESENTATION_CONTEXT('2D SPACE',''
  ) );
#4328 = PCURVE('',#4329,#4334);
#4329 = CONICAL_SURFACE('',#4330,0.945,0.785398163397);
#4330 = AXIS2_PLACEMENT_3D('',#4331,#4332,#4333);
#4331 = CARTESIAN_POINT('',(-3.633289234841,-0.852682946903,
    1.925247792129));
#4332 = DIRECTION('',(6.12318272229E-17,-3.583545125319E-30,-1.));
#4333 = DIRECTION('',(0.377630244689,-0.925956477539,2.312298989692E-17)
  );
#4334 = DEFINITIONAL_REPRESENTATION('',(#4335),#4339);
#4335 = LINE('',#4336,#4337);
#4336 = CARTESIAN_POINT('',(8.881784197001E-16,-7.5E-02));
#4337 = VECTOR('',#4338,1.);
#4338 = DIRECTION('',(1.,5.999646775119E-17));
#4339 = ( GEOMETRIC_REPRESENTATION_CONTEXT(2) 
PARAMETRIC_REPRESENTATION_CONTEXT() REPRESENTATION_CONTEXT('2D SPACE',''
  ) );
#4340 = FACE_BOUND('',#4341,.T.);
#4341 = EDGE_LOOP('',(#4342));
#4342 = ORIENTED_EDGE('',*,*,#4343,.T.);
#4343 = EDGE_CURVE('',#4344,#4344,#4346,.T.);
#4344 = VERTEX_POINT('',#4345);
#4345 = CARTESIAN_POINT('',(-2.64964014334,-4.727317053097,
    2.000247792129));
#4346 = SURFACE_CURVE('',#4347,(#4352,#4359),.PCURVE_S1.);
#4347 = CIRCLE('',#4348,0.5465);
#4348 = AXIS2_PLACEMENT_3D('',#4349,#4350,#4351);
#4349 = CARTESIAN_POINT('',(-2.10314014334,-4.727317053097,
    2.000247792129));
#4350 = DIRECTION('',(6.12318272229E-17,-3.583545125319E-30,-1.));
#4351 = DIRECTION('',(1.,2.22044604925E-16,6.12318272229E-17));
#4352 = PCURVE('',#2320,#4353);
#4353 = DEFINITIONAL_REPRESENTATION('',(#4354),#4358);
#4354 = CIRCLE('',#4355,0.5465);
#4355 = AXIS2_PLACEMENT_2D('',#4356,#4357);
#4356 = CARTESIAN_POINT('',(-4.561032630088,-1.229972471246));
#4357 = DIRECTION('',(-7.928682086825E-48,1.));
#4358 = ( GEOMETRIC_REPRESENTATION_CONTEXT(2) 
PARAMETRIC_REPRESENTATION_CONTEXT() REPRESENTATION_CONTEXT('2D SPACE',''
  ) );
#4359 = PCURVE('',#4360,#4365);
#4360 = CYLINDRICAL_SURFACE('',#4361,0.5465);
#4361 = AXIS2_PLACEMENT_3D('',#4362,#4363,#4364);
#4362 = CARTESIAN_POINT('',(-2.10314014334,-4.727317053097,
    2.477921290871E-04));
#4363 = DIRECTION('',(-6.12318272229E-17,3.583545125319E-30,1.));
#4364 = DIRECTION('',(1.,2.22044604925E-16,6.12318272229E-17));
#4365 = DEFINITIONAL_REPRESENTATION('',(#4366),#4370);
#4366 = LINE('',#4367,#4368);
#4367 = CARTESIAN_POINT('',(6.28318530718,2.));
#4368 = VECTOR('',#4369,1.);
#4369 = DIRECTION('',(-1.,0.));
#4370 = ( GEOMETRIC_REPRESENTATION_CONTEXT(2) 
PARAMETRIC_REPRESENTATION_CONTEXT() REPRESENTATION_CONTEXT('2D SPACE',''
  ) );
#4371 = FACE_BOUND('',#4372,.T.);
#4372 = EDGE_LOOP('',(#4373));
#4373 = ORIENTED_EDGE('',*,*,#4374,.T.);
#4374 = EDGE_CURVE('',#4375,#4375,#4377,.T.);
#4375 = VERTEX_POINT('',#4376);
#4376 = CARTESIAN_POINT('',(-4.179789234841,-0.852682946903,
    2.000247792129));
#4377 = SURFACE_CURVE('',#4378,(#4383,#4390),.PCURVE_S1.);
#4378 = CIRCLE('',#4379,0.5465);
#4379 = AXIS2_PLACEMENT_3D('',#4380,#4381,#4382);
#4380 = CARTESIAN_POINT('',(-3.633289234841,-0.852682946903,
    2.000247792129));
#4381 = DIRECTION('',(6.12318272229E-17,-3.583545125319E-30,-1.));
#4382 = DIRECTION('',(1.,2.22044604925E-16,6.12318272229E-17));
#4383 = PCURVE('',#2320,#4384);
#4384 = DEFINITIONAL_REPRESENTATION('',(#4385),#4389);
#4385 = CIRCLE('',#4386,0.5465);
#4386 = AXIS2_PLACEMENT_2D('',#4387,#4388);
#4387 = CARTESIAN_POINT('',(-0.686398523894,-2.760121562748));
#4388 = DIRECTION('',(-7.928682086825E-48,1.));
#4389 = ( GEOMETRIC_REPRESENTATION_CONTEXT(2) 
PARAMETRIC_REPRESENTATION_CONTEXT() REPRESENTATION_CONTEXT('2D SPACE',''
  ) );
#4390 = PCURVE('',#4391,#4396);
#4391 = CYLINDRICAL_SURFACE('',#4392,0.5465);
#4392 = AXIS2_PLACEMENT_3D('',#4393,#4394,#4395);
#4393 = CARTESIAN_POINT('',(-3.633289234841,-0.852682946903,
    2.47792129087E-04));
#4394 = DIRECTION('',(-6.12318272229E-17,3.583545125319E-30,1.));
#4395 = DIRECTION('',(1.,2.22044604925E-16,6.12318272229E-17));
#4396 = DEFINITIONAL_REPRESENTATION('',(#4397),#4401);
#4397 = LINE('',#4398,#4399);
#4398 = CARTESIAN_POINT('',(6.28318530718,2.));
#4399 = VECTOR('',#4400,1.);
#4400 = DIRECTION('',(-1.,0.));
#4401 = ( GEOMETRIC_REPRESENTATION_CONTEXT(2) 
PARAMETRIC_REPRESENTATION_CONTEXT() REPRESENTATION_CONTEXT('2D SPACE',''
  ) );
#4402 = FACE_BOUND('',#4403,.T.);
#4403 = EDGE_LOOP('',(#4404));
#4404 = ORIENTED_EDGE('',*,*,#4405,.T.);
#4405 = EDGE_CURVE('',#4406,#4406,#4408,.T.);
#4406 = VERTEX_POINT('',#4407);
#4407 = CARTESIAN_POINT('',(-7.808370311144,-0.954865455504,
    2.000247792129));
#4408 = SURFACE_CURVE('',#4409,(#4414,#4421),.PCURVE_S1.);
#4409 = CIRCLE('',#4410,0.4965);
#4410 = AXIS2_PLACEMENT_3D('',#4411,#4412,#4413);
#4411 = CARTESIAN_POINT('',(-7.311870311144,-0.954865455504,
    2.000247792129));
#4412 = DIRECTION('',(6.12318272229E-17,-3.583545125319E-30,-1.));
#4413 = DIRECTION('',(1.,2.22044604925E-16,6.12318272229E-17));
#4414 = PCURVE('',#2320,#4415);
#4415 = DEFINITIONAL_REPRESENTATION('',(#4416),#4420);
#4416 = CIRCLE('',#4417,0.4965);
#4417 = AXIS2_PLACEMENT_2D('',#4418,#4419);
#4418 = CARTESIAN_POINT('',(-0.788581032495,-6.438702639051));
#4419 = DIRECTION('',(-7.928682086825E-48,1.));
#4420 = ( GEOMETRIC_REPRESENTATION_CONTEXT(2) 
PARAMETRIC_REPRESENTATION_CONTEXT() REPRESENTATION_CONTEXT('2D SPACE',''
  ) );
#4421 = PCURVE('',#4422,#4427);
#4422 = CYLINDRICAL_SURFACE('',#4423,0.4965);
#4423 = AXIS2_PLACEMENT_3D('',#4424,#4425,#4426);
#4424 = CARTESIAN_POINT('',(-7.311870311144,-0.954865455504,
    2.477921290868E-04));
#4425 = DIRECTION('',(-6.12318272229E-17,3.583545125319E-30,1.));
#4426 = DIRECTION('',(1.,2.22044604925E-16,6.12318272229E-17));
#4427 = DEFINITIONAL_REPRESENTATION('',(#4428),#4432);
#4428 = LINE('',#4429,#4430);
#4429 = CARTESIAN_POINT('',(6.28318530718,2.));
#4430 = VECTOR('',#4431,1.);
#4431 = DIRECTION('',(-1.,0.));
#4432 = ( GEOMETRIC_REPRESENTATION_CONTEXT(2) 
PARAMETRIC_REPRESENTATION_CONTEXT() REPRESENTATION_CONTEXT('2D SPACE',''
  ) );
#4433 = FACE_BOUND('',#4434,.T.);
#4434 = EDGE_LOOP('',(#4435));
#4435 = ORIENTED_EDGE('',*,*,#4436,.T.);
#4436 = EDGE_CURVE('',#4437,#4437,#4439,.T.);
#4437 = VERTEX_POINT('',#4438);
#4438 = CARTESIAN_POINT('',(0.273493019216,-0.728981024127,
    2.000247792129));
#4439 = SURFACE_CURVE('',#4440,(#4445,#4452),.PCURVE_S1.);
#4440 = CIRCLE('',#4441,0.5465);
#4441 = AXIS2_PLACEMENT_3D('',#4442,#4443,#4444);
#4442 = CARTESIAN_POINT('',(0.819993019216,-0.728981024127,
    2.000247792129));
#4443 = DIRECTION('',(6.12318272229E-17,-3.583545125319E-30,-1.));
#4444 = DIRECTION('',(1.,2.22044604925E-16,6.12318272229E-17));
#4445 = PCURVE('',#2320,#4446);
#4446 = DEFINITIONAL_REPRESENTATION('',(#4447),#4451);
#4447 = CIRCLE('',#4448,0.5465);
#4448 = AXIS2_PLACEMENT_2D('',#4449,#4450);
#4449 = CARTESIAN_POINT('',(-0.562696601117,1.693160691309));
#4450 = DIRECTION('',(-7.928682086825E-48,1.));
#4451 = ( GEOMETRIC_REPRESENTATION_CONTEXT(2) 
PARAMETRIC_REPRESENTATION_CONTEXT() REPRESENTATION_CONTEXT('2D SPACE',''
  ) );
#4452 = PCURVE('',#4453,#4458);
#4453 = CYLINDRICAL_SURFACE('',#4454,0.5465);
#4454 = AXIS2_PLACEMENT_3D('',#4455,#4456,#4457);
#4455 = CARTESIAN_POINT('',(0.819993019216,-0.728981024127,
    2.477921290873E-04));
#4456 = DIRECTION('',(-6.12318272229E-17,3.583545125319E-30,1.));
#4457 = DIRECTION('',(1.,2.22044604925E-16,6.12318272229E-17));
#4458 = DEFINITIONAL_REPRESENTATION('',(#4459),#4463);
#4459 = LINE('',#4460,#4461);
#4460 = CARTESIAN_POINT('',(6.28318530718,2.));
#4461 = VECTOR('',#4462,1.);
#4462 = DIRECTION('',(-1.,0.));
#4463 = ( GEOMETRIC_REPRESENTATION_CONTEXT(2) 
PARAMETRIC_REPRESENTATION_CONTEXT() REPRESENTATION_CONTEXT('2D SPACE',''
  ) );
#4464 = FACE_BOUND('',#4465,.T.);
#4465 = EDGE_LOOP('',(#4466));
#4466 = ORIENTED_EDGE('',*,*,#4467,.T.);
#4467 = EDGE_CURVE('',#4468,#4468,#4470,.T.);
#4468 = VERTEX_POINT('',#4469);
#4469 = CARTESIAN_POINT('',(2.799503012328,-4.630236913631,
    2.000247792129));
#4470 = SURFACE_CURVE('',#4471,(#4476,#4483),.PCURVE_S1.);
#4471 = CIRCLE('',#4472,0.5965);
#4472 = AXIS2_PLACEMENT_3D('',#4473,#4474,#4475);
#4473 = CARTESIAN_POINT('',(3.396003012328,-4.630236913631,
    2.000247792129));
#4474 = DIRECTION('',(6.12318272229E-17,-3.583545125319E-30,-1.));
#4475 = DIRECTION('',(1.,2.22044604925E-16,6.12318272229E-17));
#4476 = PCURVE('',#2320,#4477);
#4477 = DEFINITIONAL_REPRESENTATION('',(#4478),#4482);
#4478 = CIRCLE('',#4479,0.5965);
#4479 = AXIS2_PLACEMENT_2D('',#4480,#4481);
#4480 = CARTESIAN_POINT('',(-4.463952490621,4.269170684421));
#4481 = DIRECTION('',(-7.928682086825E-48,1.));
#4482 = ( GEOMETRIC_REPRESENTATION_CONTEXT(2) 
PARAMETRIC_REPRESENTATION_CONTEXT() REPRESENTATION_CONTEXT('2D SPACE',''
  ) );
#4483 = PCURVE('',#4484,#4489);
#4484 = CYLINDRICAL_SURFACE('',#4485,0.5965);
#4485 = AXIS2_PLACEMENT_3D('',#4486,#4487,#4488);
#4486 = CARTESIAN_POINT('',(3.396003012328,-4.630236913631,
    2.477921290875E-04));
#4487 = DIRECTION('',(-6.12318272229E-17,3.583545125319E-30,1.));
#4488 = DIRECTION('',(1.,2.22044604925E-16,6.12318272229E-17));
#4489 = DEFINITIONAL_REPRESENTATION('',(#4490),#4494);
#4490 = LINE('',#4491,#4492);
#4491 = CARTESIAN_POINT('',(6.28318530718,2.));
#4492 = VECTOR('',#4493,1.);
#4493 = DIRECTION('',(-1.,0.));
#4494 = ( GEOMETRIC_REPRESENTATION_CONTEXT(2) 
PARAMETRIC_REPRESENTATION_CONTEXT() REPRESENTATION_CONTEXT('2D SPACE',''
  ) );
#4495 = FACE_BOUND('',#4496,.T.);
#4496 = EDGE_LOOP('',(#4497));
#4497 = ORIENTED_EDGE('',*,*,#4498,.T.);
#4498 = EDGE_CURVE('',#4499,#4499,#4501,.T.);
#4499 = VERTEX_POINT('',#4500);
#4500 = CARTESIAN_POINT('',(6.11361043712,-0.23099358952,2.000247792129)
  );
#4501 = SURFACE_CURVE('',#4502,(#4507,#4514),.PCURVE_S1.);
#4502 = CIRCLE('',#4503,0.9);
#4503 = AXIS2_PLACEMENT_3D('',#4504,#4505,#4506);
#4504 = CARTESIAN_POINT('',(7.01361043712,-0.23099358952,2.000247792129)
  );
#4505 = DIRECTION('',(6.12318272229E-17,-3.583545125319E-30,-1.));
#4506 = DIRECTION('',(1.,2.22044604925E-16,6.12318272229E-17));
#4507 = PCURVE('',#2320,#4508);
#4508 = DEFINITIONAL_REPRESENTATION('',(#4509),#4513);
#4509 = CIRCLE('',#4510,0.9);
#4510 = AXIS2_PLACEMENT_2D('',#4511,#4512);
#4511 = CARTESIAN_POINT('',(-6.470916651083E-02,7.886778109213));
#4512 = DIRECTION('',(-7.928682086825E-48,1.));
#4513 = ( GEOMETRIC_REPRESENTATION_CONTEXT(2) 
PARAMETRIC_REPRESENTATION_CONTEXT() REPRESENTATION_CONTEXT('2D SPACE',''
  ) );
#4514 = PCURVE('',#4515,#4520);
#4515 = CYLINDRICAL_SURFACE('',#4516,0.9);
#4516 = AXIS2_PLACEMENT_3D('',#4517,#4518,#4519);
#4517 = CARTESIAN_POINT('',(7.01361043712,-0.23099358952,1.800247792129)
  );
#4518 = DIRECTION('',(-6.12318272229E-17,3.583545125319E-30,1.));
#4519 = DIRECTION('',(1.,2.22044604925E-16,6.12318272229E-17));
#4520 = DEFINITIONAL_REPRESENTATION('',(#4521),#4525);
#4521 = LINE('',#4522,#4523);
#4522 = CARTESIAN_POINT('',(6.28318530718,0.2));
#4523 = VECTOR('',#4524,1.);
#4524 = DIRECTION('',(-1.,0.));
#4525 = ( GEOMETRIC_REPRESENTATION_CONTEXT(2) 
PARAMETRIC_REPRESENTATION_CONTEXT() REPRESENTATION_CONTEXT('2D SPACE',''
  ) );
#4526 = FACE_BOUND('',#4527,.T.);
#4527 = EDGE_LOOP('',(#4528));
#4528 = ORIENTED_EDGE('',*,*,#4529,.T.);
#4529 = EDGE_CURVE('',#4530,#4530,#4532,.T.);
#4530 = VERTEX_POINT('',#4531);
#4531 = CARTESIAN_POINT('',(-8.211870311144,4.344212190404,
    2.000247792129));
#4532 = SURFACE_CURVE('',#4533,(#4538,#4545),.PCURVE_S1.);
#4533 = CIRCLE('',#4534,0.9);
#4534 = AXIS2_PLACEMENT_3D('',#4535,#4536,#4537);
#4535 = CARTESIAN_POINT('',(-7.311870311144,4.344212190404,
    2.000247792129));
#4536 = DIRECTION('',(6.12318272229E-17,-3.583545125319E-30,-1.));
#4537 = DIRECTION('',(1.,2.22044604925E-16,6.12318272229E-17));
#4538 = PCURVE('',#2320,#4539);
#4539 = DEFINITIONAL_REPRESENTATION('',(#4540),#4544);
#4540 = CIRCLE('',#4541,0.9);
#4541 = AXIS2_PLACEMENT_2D('',#4542,#4543);
#4542 = CARTESIAN_POINT('',(4.510496613413,-6.438702639051));
#4543 = DIRECTION('',(-7.928682086825E-48,1.));
#4544 = ( GEOMETRIC_REPRESENTATION_CONTEXT(2) 
PARAMETRIC_REPRESENTATION_CONTEXT() REPRESENTATION_CONTEXT('2D SPACE',''
  ) );
#4545 = PCURVE('',#4546,#4551);
#4546 = CYLINDRICAL_SURFACE('',#4547,0.9);
#4547 = AXIS2_PLACEMENT_3D('',#4548,#4549,#4550);
#4548 = CARTESIAN_POINT('',(-7.311870311144,4.344212190404,
    1.800247792129));
#4549 = DIRECTION('',(-6.12318272229E-17,3.583545125319E-30,1.));
#4550 = DIRECTION('',(1.,2.22044604925E-16,6.12318272229E-17));
#4551 = DEFINITIONAL_REPRESENTATION('',(#4552),#4556);
#4552 = LINE('',#4553,#4554);
#4553 = CARTESIAN_POINT('',(6.28318530718,0.2));
#4554 = VECTOR('',#4555,1.);
#4555 = DIRECTION('',(-1.,0.));
#4556 = ( GEOMETRIC_REPRESENTATION_CONTEXT(2) 
PARAMETRIC_REPRESENTATION_CONTEXT() REPRESENTATION_CONTEXT('2D SPACE',''
  ) );
#4557 = FACE_BOUND('',#4558,.T.);
#4558 = EDGE_LOOP('',(#4559,#4594,#4627,#4656,#4689,#4718,#4751,#4780,
    #4840,#4868,#4901,#4930,#4963,#4991,#5024));
#4559 = ORIENTED_EDGE('',*,*,#4560,.F.);
#4560 = EDGE_CURVE('',#4561,#4563,#4565,.T.);
#4561 = VERTEX_POINT('',#4562);
#4562 = CARTESIAN_POINT('',(-3.717120991038,3.060419177583,
    2.000247792129));
#4563 = VERTEX_POINT('',#4564);
#4564 = CARTESIAN_POINT('',(-6.349299534693,1.965593840621,
    2.000247792129));
#4565 = SURFACE_CURVE('',#4566,(#4571,#4582),.PCURVE_S1.);
#4566 = CIRCLE('',#4567,3.914);
#4567 = AXIS2_PLACEMENT_3D('',#4568,#4569,#4570);
#4568 = CARTESIAN_POINT('',(-3.633289234841,-0.852682946903,
    2.000247792129));
#4569 = DIRECTION('',(-6.12318272229E-17,3.583545125319E-30,1.));
#4570 = DIRECTION('',(-1.,-2.22044604925E-16,-6.12318272229E-17));
#4571 = PCURVE('',#2320,#4572);
#4572 = DEFINITIONAL_REPRESENTATION('',(#4573),#4581);
#4573 = ( BOUNDED_CURVE() B_SPLINE_CURVE(2,(#4574,#4575,#4576,#4577,
#4578,#4579,#4580),.UNSPECIFIED.,.T.,.F.) B_SPLINE_CURVE_WITH_KNOTS((1,2
    ,2,2,2,1),(-2.094395102393,0.,2.094395102393,4.188790204786,
6.28318530718,8.377580409573),.UNSPECIFIED.) CURVE() 
GEOMETRIC_REPRESENTATION_ITEM() RATIONAL_B_SPLINE_CURVE((1.,0.5,1.,0.5,
1.,0.5,1.)) REPRESENTATION_ITEM('') );
#4574 = CARTESIAN_POINT('',(-0.686398523894,-6.674121562748));
#4575 = CARTESIAN_POINT('',(-7.465645384718,-6.674121562748));
#4576 = CARTESIAN_POINT('',(-4.076021954306,-0.803121562748));
#4577 = CARTESIAN_POINT('',(-0.686398523894,5.067878437252));
#4578 = CARTESIAN_POINT('',(2.703224906519,-0.803121562748));
#4579 = CARTESIAN_POINT('',(6.092848336931,-6.674121562748));
#4580 = CARTESIAN_POINT('',(-0.686398523894,-6.674121562748));
#4581 = ( GEOMETRIC_REPRESENTATION_CONTEXT(2) 
PARAMETRIC_REPRESENTATION_CONTEXT() REPRESENTATION_CONTEXT('2D SPACE',''
  ) );
#4582 = PCURVE('',#4583,#4588);
#4583 = CONICAL_SURFACE('',#4584,3.839,0.785398163397);
#4584 = AXIS2_PLACEMENT_3D('',#4585,#4586,#4587);
#4585 = CARTESIAN_POINT('',(-3.633289234841,-0.852682946903,
    1.925247792129));
#4586 = DIRECTION('',(-6.12318272229E-17,3.583545125319E-30,1.));
#4587 = DIRECTION('',(-1.,-2.22044604925E-16,-6.12318272229E-17));
#4588 = DEFINITIONAL_REPRESENTATION('',(#4589),#4593);
#4589 = LINE('',#4590,#4591);
#4590 = CARTESIAN_POINT('',(0.,7.500000000001E-02));
#4591 = VECTOR('',#4592,1.);
#4592 = DIRECTION('',(1.,-1.184675052478E-15));
#4593 = ( GEOMETRIC_REPRESENTATION_CONTEXT(2) 
PARAMETRIC_REPRESENTATION_CONTEXT() REPRESENTATION_CONTEXT('2D SPACE',''
  ) );
#4594 = ORIENTED_EDGE('',*,*,#4595,.F.);
#4595 = EDGE_CURVE('',#4596,#4561,#4598,.T.);
#4596 = VERTEX_POINT('',#4597);
#4597 = CARTESIAN_POINT('',(-3.169222470116,2.039934969483,
    2.000247792129));
#4598 = SURFACE_CURVE('',#4599,(#4604,#4615),.PCURVE_S1.);
#4599 = CIRCLE('',#4600,0.65);
#4600 = AXIS2_PLACEMENT_3D('',#4601,#4602,#4603);
#4601 = CARTESIAN_POINT('',(-3.703199008021,2.410568288233,
    2.000247792129));
#4602 = DIRECTION('',(-6.12318272229E-17,3.583770440516E-30,1.));
#4603 = DIRECTION('',(0.881044551876,0.473033294399,5.394796777614E-17)
  );
#4604 = PCURVE('',#2320,#4605);
#4605 = DEFINITIONAL_REPRESENTATION('',(#4606),#4614);
#4606 = ( BOUNDED_CURVE() B_SPLINE_CURVE(2,(#4607,#4608,#4609,#4610,
#4611,#4612,#4613),.UNSPECIFIED.,.T.,.F.) B_SPLINE_CURVE_WITH_KNOTS((1,2
    ,2,2,2,1),(-2.094395102393,0.,2.094395102393,4.188790204786,
6.28318530718,8.377580409573),.UNSPECIFIED.) CURVE() 
GEOMETRIC_REPRESENTATION_ITEM() RATIONAL_B_SPLINE_CURVE((1.,0.5,1.,0.5,
1.,0.5,1.)) REPRESENTATION_ITEM('') );
#4607 = CARTESIAN_POINT('',(2.884324352601,-2.257352377209));
#4608 = CARTESIAN_POINT('',(3.876233405529,-2.789908881929));
#4609 = CARTESIAN_POINT('',(2.919071417026,-3.382649067648));
#4610 = CARTESIAN_POINT('',(1.961909428524,-3.975389253367));
#4611 = CARTESIAN_POINT('',(1.927162364099,-2.850092562927));
#4612 = CARTESIAN_POINT('',(1.892415299674,-1.724795872488));
#4613 = CARTESIAN_POINT('',(2.884324352601,-2.257352377209));
#4614 = ( GEOMETRIC_REPRESENTATION_CONTEXT(2) 
PARAMETRIC_REPRESENTATION_CONTEXT() REPRESENTATION_CONTEXT('2D SPACE',''
  ) );
#4615 = PCURVE('',#4616,#4621);
#4616 = CONICAL_SURFACE('',#4617,0.575,0.785398163397);
#4617 = AXIS2_PLACEMENT_3D('',#4618,#4619,#4620);
#4618 = CARTESIAN_POINT('',(-3.703199008021,2.410568288233,
    1.925247792129));
#4619 = DIRECTION('',(-6.12318272229E-17,3.583545125319E-30,1.));
#4620 = DIRECTION('',(0.881044551876,0.473033294399,5.394796777614E-17)
  );
#4621 = DEFINITIONAL_REPRESENTATION('',(#4622),#4626);
#4622 = LINE('',#4623,#4624);
#4623 = CARTESIAN_POINT('',(1.7763568394E-15,7.5E-02));
#4624 = VECTOR('',#4625,1.);
#4625 = DIRECTION('',(1.,9.817665816888E-17));
#4626 = ( GEOMETRIC_REPRESENTATION_CONTEXT(2) 
PARAMETRIC_REPRESENTATION_CONTEXT() REPRESENTATION_CONTEXT('2D SPACE',''
  ) );
#4627 = ORIENTED_EDGE('',*,*,#4628,.F.);
#4628 = EDGE_CURVE('',#4629,#4596,#4631,.T.);
#4629 = VERTEX_POINT('',#4630);
#4630 = CARTESIAN_POINT('',(-3.94453692942,0.20909699424,2.000247792129)
  );
#4631 = SURFACE_CURVE('',#4632,(#4637,#4644),.PCURVE_S1.);
#4632 = CIRCLE('',#4633,4.856);
#4633 = AXIS2_PLACEMENT_3D('',#4634,#4635,#4636);
#4634 = CARTESIAN_POINT('',(0.819993019216,-0.728981024127,
    2.000247792129));
#4635 = DIRECTION('',(6.12318272229E-17,-3.593014904249E-30,-1.));
#4636 = DIRECTION('',(-0.70902418797,0.705184160963,-4.341484657466E-17)
  );
#4637 = PCURVE('',#2320,#4638);
#4638 = DEFINITIONAL_REPRESENTATION('',(#4639),#4643);
#4639 = CIRCLE('',#4640,4.856);
#4640 = AXIS2_PLACEMENT_2D('',#4641,#4642);
#4641 = CARTESIAN_POINT('',(-0.562696601117,1.693160691309));
#4642 = DIRECTION('',(0.705184160963,-0.70902418797));
#4643 = ( GEOMETRIC_REPRESENTATION_CONTEXT(2) 
PARAMETRIC_REPRESENTATION_CONTEXT() REPRESENTATION_CONTEXT('2D SPACE',''
  ) );
#4644 = PCURVE('',#4645,#4650);
#4645 = CONICAL_SURFACE('',#4646,4.931,0.785398163397);
#4646 = AXIS2_PLACEMENT_3D('',#4647,#4648,#4649);
#4647 = CARTESIAN_POINT('',(0.819993019216,-0.728981024127,
    1.925247792129));
#4648 = DIRECTION('',(6.12318272229E-17,-3.583545125319E-30,-1.));
#4649 = DIRECTION('',(-0.70902418797,0.705184160963,-4.341484657466E-17)
  );
#4650 = DEFINITIONAL_REPRESENTATION('',(#4651),#4655);
#4651 = LINE('',#4652,#4653);
#4652 = CARTESIAN_POINT('',(0.,-7.500000000001E-02));
#4653 = VECTOR('',#4654,1.);
#4654 = DIRECTION('',(1.,1.047098437285E-15));
#4655 = ( GEOMETRIC_REPRESENTATION_CONTEXT(2) 
PARAMETRIC_REPRESENTATION_CONTEXT() REPRESENTATION_CONTEXT('2D SPACE',''
  ) );
#4656 = ORIENTED_EDGE('',*,*,#4657,.F.);
#4657 = EDGE_CURVE('',#4658,#4629,#4660,.T.);
#4658 = VERTEX_POINT('',#4659);
#4659 = CARTESIAN_POINT('',(-4.176469137918,-0.173083364139,
    2.000247792129));
#4660 = SURFACE_CURVE('',#4661,(#4666,#4677),.PCURVE_S1.);
#4661 = CIRCLE('',#4662,0.65);
#4662 = AXIS2_PLACEMENT_3D('',#4663,#4664,#4665);
#4663 = CARTESIAN_POINT('',(-4.582293203435,0.33466345057,2.000247792129
    ));
#4664 = DIRECTION('',(-6.12318272229E-17,3.577607464694E-30,1.));
#4665 = DIRECTION('',(0.854892550564,-0.518805095378,5.23466329503E-17)
  );
#4666 = PCURVE('',#2320,#4667);
#4667 = DEFINITIONAL_REPRESENTATION('',(#4668),#4676);
#4668 = ( BOUNDED_CURVE() B_SPLINE_CURVE(2,(#4669,#4670,#4671,#4672,
#4673,#4674,#4675),.UNSPECIFIED.,.T.,.F.) B_SPLINE_CURVE_WITH_KNOTS((1,2
    ,2,2,2,1),(-2.094395102393,0.,2.094395102393,4.188790204786,
6.28318530718,8.377580409573),.UNSPECIFIED.) CURVE() 
GEOMETRIC_REPRESENTATION_ITEM() RATIONAL_B_SPLINE_CURVE((1.,0.5,1.,0.5,
1.,0.5,1.)) REPRESENTATION_ITEM('') );
#4669 = CARTESIAN_POINT('',(0.163724561584,-3.153445373475));
#4670 = CARTESIAN_POINT('',(1.126190827768,-2.569357463602));
#4671 = CARTESIAN_POINT('',(1.150792662669,-3.694921655339));
#4672 = CARTESIAN_POINT('',(1.175394497571,-4.820485847075));
#4673 = CARTESIAN_POINT('',(0.188326396486,-4.279009565211));
#4674 = CARTESIAN_POINT('',(-0.798741704599,-3.737533283348));
#4675 = CARTESIAN_POINT('',(0.163724561584,-3.153445373475));
#4676 = ( GEOMETRIC_REPRESENTATION_CONTEXT(2) 
PARAMETRIC_REPRESENTATION_CONTEXT() REPRESENTATION_CONTEXT('2D SPACE',''
  ) );
#4677 = PCURVE('',#4678,#4683);
#4678 = CONICAL_SURFACE('',#4679,0.575,0.785398163397);
#4679 = AXIS2_PLACEMENT_3D('',#4680,#4681,#4682);
#4680 = CARTESIAN_POINT('',(-4.582293203435,0.33466345057,1.925247792129
    ));
#4681 = DIRECTION('',(-6.12318272229E-17,3.583545125319E-30,1.));
#4682 = DIRECTION('',(0.854892550564,-0.518805095378,5.23466329503E-17)
  );
#4683 = DEFINITIONAL_REPRESENTATION('',(#4684),#4688);
#4684 = LINE('',#4685,#4686);
#4685 = CARTESIAN_POINT('',(-6.28318530718,7.499999999999E-02));
#4686 = VECTOR('',#4687,1.);
#4687 = DIRECTION('',(1.,9.504156032874E-16));
#4688 = ( GEOMETRIC_REPRESENTATION_CONTEXT(2) 
PARAMETRIC_REPRESENTATION_CONTEXT() REPRESENTATION_CONTEXT('2D SPACE',''
  ) );
#4689 = ORIENTED_EDGE('',*,*,#4690,.F.);
#4690 = EDGE_CURVE('',#4691,#4658,#4693,.T.);
#4691 = VERTEX_POINT('',#4692);
#4692 = CARTESIAN_POINT('',(-4.137905236285,-1.561387886272,
    2.000247792129));
#4693 = SURFACE_CURVE('',#4694,(#4699,#4706),.PCURVE_S1.);
#4694 = CIRCLE('',#4695,0.87);
#4695 = AXIS2_PLACEMENT_3D('',#4696,#4697,#4698);
#4696 = CARTESIAN_POINT('',(-3.633289234841,-0.852682946903,
    2.000247792129));
#4697 = DIRECTION('',(6.12318272229E-17,-3.571444488872E-30,-1.));
#4698 = DIRECTION('',(-0.483614419102,0.875281151195,-2.961259455295E-17
    ));
#4699 = PCURVE('',#2320,#4700);
#4700 = DEFINITIONAL_REPRESENTATION('',(#4701),#4705);
#4701 = CIRCLE('',#4702,0.87);
#4702 = AXIS2_PLACEMENT_2D('',#4703,#4704);
#4703 = CARTESIAN_POINT('',(-0.686398523894,-2.760121562748));
#4704 = DIRECTION('',(0.875281151195,-0.483614419102));
#4705 = ( GEOMETRIC_REPRESENTATION_CONTEXT(2) 
PARAMETRIC_REPRESENTATION_CONTEXT() REPRESENTATION_CONTEXT('2D SPACE',''
  ) );
#4706 = PCURVE('',#4707,#4712);
#4707 = CONICAL_SURFACE('',#4708,0.945,0.785398163397);
#4708 = AXIS2_PLACEMENT_3D('',#4709,#4710,#4711);
#4709 = CARTESIAN_POINT('',(-3.633289234841,-0.852682946903,
    1.925247792129));
#4710 = DIRECTION('',(6.12318272229E-17,-3.583545125319E-30,-1.));
#4711 = DIRECTION('',(-0.483614419102,0.875281151195,-2.961259455295E-17
    ));
#4712 = DEFINITIONAL_REPRESENTATION('',(#4713),#4717);
#4713 = LINE('',#4714,#4715);
#4714 = CARTESIAN_POINT('',(0.,-7.5E-02));
#4715 = VECTOR('',#4716,1.);
#4716 = DIRECTION('',(1.,-9.024501015675E-17));
#4717 = ( GEOMETRIC_REPRESENTATION_CONTEXT(2) 
PARAMETRIC_REPRESENTATION_CONTEXT() REPRESENTATION_CONTEXT('2D SPACE',''
  ) );
#4718 = ORIENTED_EDGE('',*,*,#4719,.F.);
#4719 = EDGE_CURVE('',#4720,#4691,#4722,.T.);
#4720 = VERTEX_POINT('',#4721);
#4721 = CARTESIAN_POINT('',(-3.88511485995,-1.930103767815,
    2.000247792129));
#4722 = SURFACE_CURVE('',#4723,(#4728,#4739),.PCURVE_S1.);
#4723 = CIRCLE('',#4724,0.65);
#4724 = AXIS2_PLACEMENT_3D('',#4725,#4726,#4727);
#4725 = CARTESIAN_POINT('',(-4.514917191387,-2.090880082353,
    2.000247792129));
#4726 = DIRECTION('',(-6.12318272229E-17,3.574525976783E-30,1.));
#4727 = DIRECTION('',(0.824774098131,0.565462365726,5.050242507466E-17)
  );
#4728 = PCURVE('',#2320,#4729);
#4729 = DEFINITIONAL_REPRESENTATION('',(#4730),#4738);
#4730 = ( BOUNDED_CURVE() B_SPLINE_CURVE(2,(#4731,#4732,#4733,#4734,
#4735,#4736,#4737),.UNSPECIFIED.,.T.,.F.) B_SPLINE_CURVE_WITH_KNOTS((1,2
    ,2,2,2,1),(-2.094395102393,0.,2.094395102393,4.188790204786,
6.28318530718,8.377580409573),.UNSPECIFIED.) CURVE() 
GEOMETRIC_REPRESENTATION_ITEM() RATIONAL_B_SPLINE_CURVE((1.,0.5,1.,0.5,
1.,0.5,1.)) REPRESENTATION_ITEM('') );
#4731 = CARTESIAN_POINT('',(-1.557045121621,-3.105646355509));
#4732 = CARTESIAN_POINT('',(-0.628487203847,-3.742262561193));
#4733 = CARTESIAN_POINT('',(-1.644091969317,-4.228109204029));
#4734 = CARTESIAN_POINT('',(-2.659696734788,-4.713955846864));
#4735 = CARTESIAN_POINT('',(-2.572649887091,-3.591492998345));
#4736 = CARTESIAN_POINT('',(-2.485603039395,-2.469030149825));
#4737 = CARTESIAN_POINT('',(-1.557045121621,-3.105646355509));
#4738 = ( GEOMETRIC_REPRESENTATION_CONTEXT(2) 
PARAMETRIC_REPRESENTATION_CONTEXT() REPRESENTATION_CONTEXT('2D SPACE',''
  ) );
#4739 = PCURVE('',#4740,#4745);
#4740 = CONICAL_SURFACE('',#4741,0.575,0.785398163397);
#4741 = AXIS2_PLACEMENT_3D('',#4742,#4743,#4744);
#4742 = CARTESIAN_POINT('',(-4.514917191387,-2.090880082353,
    1.925247792129));
#4743 = DIRECTION('',(-6.12318272229E-17,3.583545125319E-30,1.));
#4744 = DIRECTION('',(0.824774098131,0.565462365726,5.050242507466E-17)
  );
#4745 = DEFINITIONAL_REPRESENTATION('',(#4746),#4750);
#4746 = LINE('',#4747,#4748);
#4747 = CARTESIAN_POINT('',(-8.881784197001E-16,7.5E-02));
#4748 = VECTOR('',#4749,1.);
#4749 = DIRECTION('',(1.,3.214641011119E-16));
#4750 = ( GEOMETRIC_REPRESENTATION_CONTEXT(2) 
PARAMETRIC_REPRESENTATION_CONTEXT() REPRESENTATION_CONTEXT('2D SPACE',''
  ) );
#4751 = ORIENTED_EDGE('',*,*,#4752,.F.);
#4752 = EDGE_CURVE('',#4753,#4720,#4755,.T.);
#4753 = VERTEX_POINT('',#4754);
#4754 = CARTESIAN_POINT('',(-3.066834952416,-3.639875099654,
    2.000247792129));
#4755 = SURFACE_CURVE('',#4756,(#4761,#4768),.PCURVE_S1.);
#4756 = CIRCLE('',#4757,4.856);
#4757 = AXIS2_PLACEMENT_3D('',#4758,#4759,#4760);
#4758 = CARTESIAN_POINT('',(0.819993019216,-0.728981024127,
    2.000247792129));
#4759 = DIRECTION('',(6.12318272229E-17,-3.588392672382E-30,-1.));
#4760 = DIRECTION('',(-0.978075794872,-0.208249224453,-5.98893680825E-17
    ));
#4761 = PCURVE('',#2320,#4762);
#4762 = DEFINITIONAL_REPRESENTATION('',(#4763),#4767);
#4763 = CIRCLE('',#4764,4.856);
#4764 = AXIS2_PLACEMENT_2D('',#4765,#4766);
#4765 = CARTESIAN_POINT('',(-0.562696601117,1.693160691309));
#4766 = DIRECTION('',(-0.208249224453,-0.978075794872));
#4767 = ( GEOMETRIC_REPRESENTATION_CONTEXT(2) 
PARAMETRIC_REPRESENTATION_CONTEXT() REPRESENTATION_CONTEXT('2D SPACE',''
  ) );
#4768 = PCURVE('',#4769,#4774);
#4769 = CONICAL_SURFACE('',#4770,4.931,0.785398163397);
#4770 = AXIS2_PLACEMENT_3D('',#4771,#4772,#4773);
#4771 = CARTESIAN_POINT('',(0.819993019216,-0.728981024127,
    1.925247792129));
#4772 = DIRECTION('',(6.12318272229E-17,-3.583545125319E-30,-1.));
#4773 = DIRECTION('',(-0.978075794872,-0.208249224453,-5.98893680825E-17
    ));
#4774 = DEFINITIONAL_REPRESENTATION('',(#4775),#4779);
#4775 = LINE('',#4776,#4777);
#4776 = CARTESIAN_POINT('',(0.,-7.5E-02));
#4777 = VECTOR('',#4778,1.);
#4778 = DIRECTION('',(1.,0.));
#4779 = ( GEOMETRIC_REPRESENTATION_CONTEXT(2) 
PARAMETRIC_REPRESENTATION_CONTEXT() REPRESENTATION_CONTEXT('2D SPACE',''
  ) );
#4780 = ORIENTED_EDGE('',*,*,#4781,.F.);
#4781 = EDGE_CURVE('',#4782,#4753,#4784,.T.);
#4782 = VERTEX_POINT('',#4783);
#4783 = CARTESIAN_POINT('',(-3.574290379923,-4.124386800933,
    2.000247792129));
#4784 = SURFACE_CURVE('',#4785,(#4793,#4804),.PCURVE_S1.);
#4785 = B_SPLINE_CURVE_WITH_KNOTS('',3,(#4786,#4787,#4788,#4789,#4790,
    #4791,#4792),.UNSPECIFIED.,.F.,.F.,(4,1,1,1,4),(0.,
    1.267846244126E-02,2.535692488253E-02,4.226154147088E-02,
    5.916615805923E-02),.UNSPECIFIED.);
#4786 = CARTESIAN_POINT('',(-3.574290379923,-4.124386800933,
    2.000247792129));
#4787 = CARTESIAN_POINT('',(-3.517606505277,-4.17108011705,
    2.000247792129));
#4788 = CARTESIAN_POINT('',(-3.374802010754,-4.227436147034,
    2.000247792129));
#4789 = CARTESIAN_POINT('',(-3.125873511185,-4.166269326941,
    2.000247792129));
#4790 = CARTESIAN_POINT('',(-2.960318515493,-3.925605396697,
    2.000247792129));
#4791 = CARTESIAN_POINT('',(-3.008138094508,-3.718251221644,
    2.000247792129));
#4792 = CARTESIAN_POINT('',(-3.066834952416,-3.639875099654,
    2.000247792129));
#4793 = PCURVE('',#2320,#4794);
#4794 = DEFINITIONAL_REPRESENTATION('',(#4795),#4803);
#4795 = B_SPLINE_CURVE_WITH_KNOTS('',3,(#4796,#4797,#4798,#4799,#4800,
    #4801,#4802),.UNSPECIFIED.,.F.,.F.,(4,1,1,1,4),(0.,
    1.267846244126E-02,2.535692488253E-02,4.226154147088E-02,
    5.916615805923E-02),.UNSPECIFIED.);
#4796 = CARTESIAN_POINT('',(-3.958102377924,-2.70112270783));
#4797 = CARTESIAN_POINT('',(-4.00479569404,-2.644438833184));
#4798 = CARTESIAN_POINT('',(-4.061151724025,-2.501634338661));
#4799 = CARTESIAN_POINT('',(-3.999984903932,-2.252705839092));
#4800 = CARTESIAN_POINT('',(-3.759320973688,-2.0871508434));
#4801 = CARTESIAN_POINT('',(-3.551966798634,-2.134970422415));
#4802 = CARTESIAN_POINT('',(-3.473590676644,-2.193667280322));
#4803 = ( GEOMETRIC_REPRESENTATION_CONTEXT(2) 
PARAMETRIC_REPRESENTATION_CONTEXT() REPRESENTATION_CONTEXT('2D SPACE',''
  ) );
#4804 = PCURVE('',#4805,#4834);
#4805 = B_SPLINE_SURFACE_WITH_KNOTS('',3,3,(
    (#4806,#4807,#4808,#4809,#4810,#4811,#4812)
    ,(#4813,#4814,#4815,#4816,#4817,#4818,#4819)
    ,(#4820,#4821,#4822,#4823,#4824,#4825,#4826)
    ,(#4827,#4828,#4829,#4830,#4831,#4832,#4833
  )),.UNSPECIFIED.,.F.,.F.,.F.,(4,4),(4,1,1,1,4),(0.,1.),(0.,
    1.267846244126E-02,2.535692488253E-02,4.226154147088E-02,
    5.916615805923E-02),.UNSPECIFIED.);
#4806 = CARTESIAN_POINT('',(-3.478919105886,-4.008609773469,
    1.850247792129));
#4807 = CARTESIAN_POINT('',(-3.446299668235,-4.035480020488,
    1.850247792129));
#4808 = CARTESIAN_POINT('',(-3.364121053341,-4.067910795868,
    1.850247792129));
#4809 = CARTESIAN_POINT('',(-3.220872065481,-4.032711591742,
    1.850247792129));
#4810 = CARTESIAN_POINT('',(-3.125601392942,-3.89421855265,
    1.850247792129));
#4811 = CARTESIAN_POINT('',(-3.153119761893,-3.774894024698,
    1.850247792129));
#4812 = CARTESIAN_POINT('',(-3.186897595691,-3.729791514672,
    1.850247792129));
#4813 = CARTESIAN_POINT('',(-3.510709530565,-4.047202115957,
    1.900247792129));
#4814 = CARTESIAN_POINT('',(-3.470068613916,-4.080680052675,
    1.900247792129));
#4815 = CARTESIAN_POINT('',(-3.367681372479,-4.121085912923,
    1.900247792129));
#4816 = CARTESIAN_POINT('',(-3.189205880715,-4.077230836809,
    1.900247792129));
#4817 = CARTESIAN_POINT('',(-3.070507100459,-3.904680833999,
    1.900247792129));
#4818 = CARTESIAN_POINT('',(-3.104792539431,-3.756013090346,
    1.900247792129));
#4819 = CARTESIAN_POINT('',(-3.146876714599,-3.699819376333,
    1.900247792129));
#4820 = CARTESIAN_POINT('',(-3.542499955244,-4.085794458445,
    1.950247792129));
#4821 = CARTESIAN_POINT('',(-3.493837559596,-4.125880084862,
    1.950247792129));
#4822 = CARTESIAN_POINT('',(-3.371241691617,-4.174261029979,
    1.950247792129));
#4823 = CARTESIAN_POINT('',(-3.15753969595,-4.121750081875,
    1.950247792129));
#4824 = CARTESIAN_POINT('',(-3.015412807976,-3.915143115348,
    1.950247792129));
#4825 = CARTESIAN_POINT('',(-3.05646531697,-3.737132155995,
    1.950247792129));
#4826 = CARTESIAN_POINT('',(-3.106855833507,-3.669847237993,
    1.950247792129));
#4827 = CARTESIAN_POINT('',(-3.574290379923,-4.124386800933,
    2.000247792129));
#4828 = CARTESIAN_POINT('',(-3.517606505277,-4.17108011705,
    2.000247792129));
#4829 = CARTESIAN_POINT('',(-3.374802010754,-4.227436147034,
    2.000247792129));
#4830 = CARTESIAN_POINT('',(-3.125873511185,-4.166269326941,
    2.000247792129));
#4831 = CARTESIAN_POINT('',(-2.960318515493,-3.925605396697,
    2.000247792129));
#4832 = CARTESIAN_POINT('',(-3.008138094508,-3.718251221644,
    2.000247792129));
#4833 = CARTESIAN_POINT('',(-3.066834952416,-3.639875099654,
    2.000247792129));
#4834 = DEFINITIONAL_REPRESENTATION('',(#4835),#4839);
#4835 = LINE('',#4836,#4837);
#4836 = CARTESIAN_POINT('',(1.,-1.488656393009E-17));
#4837 = VECTOR('',#4838,1.);
#4838 = DIRECTION('',(-1.31351458795E-14,1.));
#4839 = ( GEOMETRIC_REPRESENTATION_CONTEXT(2) 
PARAMETRIC_REPRESENTATION_CONTEXT() REPRESENTATION_CONTEXT('2D SPACE',''
  ) );
#4840 = ORIENTED_EDGE('',*,*,#4841,.F.);
#4841 = EDGE_CURVE('',#4842,#4782,#4844,.T.);
#4842 = VERTEX_POINT('',#4843);
#4843 = CARTESIAN_POINT('',(-6.355949047258,-1.83299673114,
    2.000247792129));
#4844 = SURFACE_CURVE('',#4845,(#4849,#4856),.PCURVE_S1.);
#4845 = LINE('',#4846,#4847);
#4846 = CARTESIAN_POINT('',(-3.648972758249,-4.062867225547,
    2.000247792129));
#4847 = VECTOR('',#4848,1.);
#4848 = DIRECTION('',(0.771846849761,-0.635808493584,4.726159294712E-17)
  );
#4849 = PCURVE('',#2320,#4850);
#4850 = DEFINITIONAL_REPRESENTATION('',(#4851),#4855);
#4851 = LINE('',#4852,#4853);
#4852 = CARTESIAN_POINT('',(-3.896582802537,-2.775805086156));
#4853 = VECTOR('',#4854,1.);
#4854 = DIRECTION('',(-0.635808493584,0.771846849761));
#4855 = ( GEOMETRIC_REPRESENTATION_CONTEXT(2) 
PARAMETRIC_REPRESENTATION_CONTEXT() REPRESENTATION_CONTEXT('2D SPACE',''
  ) );
#4856 = PCURVE('',#4857,#4862);
#4857 = PLANE('',#4858);
#4858 = AXIS2_PLACEMENT_3D('',#4859,#4860,#4861);
#4859 = CARTESIAN_POINT('',(-3.601287121231,-4.004978711814,
    1.925247792129));
#4860 = DIRECTION('',(0.449584497349,0.545778141504,0.707106781187));
#4861 = DIRECTION('',(0.771846849761,-0.635808493584,-1.747830119779E-16
    ));
#4862 = DEFINITIONAL_REPRESENTATION('',(#4863),#4867);
#4863 = LINE('',#4864,#4865);
#4864 = CARTESIAN_POINT('',(-2.239469713406E-15,-0.106066017178));
#4865 = VECTOR('',#4866,1.);
#4866 = DIRECTION('',(1.,-1.162710175911E-17));
#4867 = ( GEOMETRIC_REPRESENTATION_CONTEXT(2) 
PARAMETRIC_REPRESENTATION_CONTEXT() REPRESENTATION_CONTEXT('2D SPACE',''
  ) );
#4868 = ORIENTED_EDGE('',*,*,#4869,.F.);
#4869 = EDGE_CURVE('',#4870,#4842,#4872,.T.);
#4870 = VERTEX_POINT('',#4871);
#4871 = CARTESIAN_POINT('',(-6.569418533516,-1.158986394894,
    2.000247792129));
#4872 = SURFACE_CURVE('',#4873,(#4878,#4889),.PCURVE_S1.);
#4873 = CIRCLE('',#4874,0.65);
#4874 = AXIS2_PLACEMENT_3D('',#4875,#4876,#4877);
#4875 = CARTESIAN_POINT('',(-5.942673526428,-1.331296278795,
    2.000247792129));
#4876 = DIRECTION('',(-6.12318272229E-17,3.577607464694E-30,1.));
#4877 = DIRECTION('',(-0.953328839823,-0.301933971526,
    -5.837406680665E-17));
#4878 = PCURVE('',#2320,#4879);
#4879 = DEFINITIONAL_REPRESENTATION('',(#4880),#4888);
#4880 = ( BOUNDED_CURVE() B_SPLINE_CURVE(2,(#4881,#4882,#4883,#4884,
#4885,#4886,#4887),.UNSPECIFIED.,.T.,.F.) B_SPLINE_CURVE_WITH_KNOTS((1,2
    ,2,2,2,1),(-2.094395102393,0.,2.094395102393,4.188790204786,
6.28318530718,8.377580409573),.UNSPECIFIED.) CURVE() 
GEOMETRIC_REPRESENTATION_ITEM() RATIONAL_B_SPLINE_CURVE((1.,0.5,1.,0.5,
1.,0.5,1.)) REPRESENTATION_ITEM('') );
#4881 = CARTESIAN_POINT('',(-1.361268937278,-5.68916960022));
#4882 = CARTESIAN_POINT('',(-2.434558028759,-5.349242363731));
#4883 = CARTESIAN_POINT('',(-1.603527860781,-4.589710363148));
#4884 = CARTESIAN_POINT('',(-0.772497692802,-3.830178362565));
#4885 = CARTESIAN_POINT('',(-0.530238769299,-4.929637599637));
#4886 = CARTESIAN_POINT('',(-0.287979845797,-6.02909683671));
#4887 = CARTESIAN_POINT('',(-1.361268937278,-5.68916960022));
#4888 = ( GEOMETRIC_REPRESENTATION_CONTEXT(2) 
PARAMETRIC_REPRESENTATION_CONTEXT() REPRESENTATION_CONTEXT('2D SPACE',''
  ) );
#4889 = PCURVE('',#4890,#4895);
#4890 = CONICAL_SURFACE('',#4891,0.575,0.785398163397);
#4891 = AXIS2_PLACEMENT_3D('',#4892,#4893,#4894);
#4892 = CARTESIAN_POINT('',(-5.942673526428,-1.331296278795,
    1.925247792129));
#4893 = DIRECTION('',(-6.12318272229E-17,3.583545125319E-30,1.));
#4894 = DIRECTION('',(-0.953328839823,-0.301933971526,
    -5.837406680665E-17));
#4895 = DEFINITIONAL_REPRESENTATION('',(#4896),#4900);
#4896 = LINE('',#4897,#4898);
#4897 = CARTESIAN_POINT('',(-6.28318530718,7.5E-02));
#4898 = VECTOR('',#4899,1.);
#4899 = DIRECTION('',(1.,1.535906260753E-16));
#4900 = ( GEOMETRIC_REPRESENTATION_CONTEXT(2) 
PARAMETRIC_REPRESENTATION_CONTEXT() REPRESENTATION_CONTEXT('2D SPACE',''
  ) );
#4901 = ORIENTED_EDGE('',*,*,#4902,.F.);
#4902 = EDGE_CURVE('',#4903,#4870,#4905,.T.);
#4903 = VERTEX_POINT('',#4904);
#4904 = CARTESIAN_POINT('',(-7.034940307698,-0.236388056283,
    2.000247792129));
#4905 = SURFACE_CURVE('',#4906,(#4911,#4918),.PCURVE_S1.);
#4906 = CIRCLE('',#4907,0.77);
#4907 = AXIS2_PLACEMENT_3D('',#4908,#4909,#4910);
#4908 = CARTESIAN_POINT('',(-7.311870311144,-0.954865455504,
    2.000247792129));
#4909 = DIRECTION('',(6.12318272229E-17,-3.586851928427E-30,-1.));
#4910 = DIRECTION('',(0.824210872039,-0.566283002052,5.04679377119E-17)
  );
#4911 = PCURVE('',#2320,#4912);
#4912 = DEFINITIONAL_REPRESENTATION('',(#4913),#4917);
#4913 = CIRCLE('',#4914,0.77);
#4914 = AXIS2_PLACEMENT_2D('',#4915,#4916);
#4915 = CARTESIAN_POINT('',(-0.788581032495,-6.438702639051));
#4916 = DIRECTION('',(-0.566283002052,0.824210872039));
#4917 = ( GEOMETRIC_REPRESENTATION_CONTEXT(2) 
PARAMETRIC_REPRESENTATION_CONTEXT() REPRESENTATION_CONTEXT('2D SPACE',''
  ) );
#4918 = PCURVE('',#4919,#4924);
#4919 = CONICAL_SURFACE('',#4920,0.845,0.785398163397);
#4920 = AXIS2_PLACEMENT_3D('',#4921,#4922,#4923);
#4921 = CARTESIAN_POINT('',(-7.311870311144,-0.954865455504,
    1.925247792129));
#4922 = DIRECTION('',(6.12318272229E-17,-3.583545125319E-30,-1.));
#4923 = DIRECTION('',(0.824210872039,-0.566283002052,5.04679377119E-17)
  );
#4924 = DEFINITIONAL_REPRESENTATION('',(#4925),#4929);
#4925 = LINE('',#4926,#4927);
#4926 = CARTESIAN_POINT('',(-8.881784197001E-16,-7.5E-02));
#4927 = VECTOR('',#4928,1.);
#4928 = DIRECTION('',(1.,4.535668896903E-16));
#4929 = ( GEOMETRIC_REPRESENTATION_CONTEXT(2) 
PARAMETRIC_REPRESENTATION_CONTEXT() REPRESENTATION_CONTEXT('2D SPACE',''
  ) );
#4930 = ORIENTED_EDGE('',*,*,#4931,.F.);
#4931 = EDGE_CURVE('',#4932,#4903,#4934,.T.);
#4932 = VERTEX_POINT('',#4933);
#4933 = CARTESIAN_POINT('',(-7.450260192443,0.335773239389,
    2.000247792129));
#4934 = SURFACE_CURVE('',#4935,(#4940,#4951),.PCURVE_S1.);
#4935 = CIRCLE('',#4936,0.65);
#4936 = AXIS2_PLACEMENT_3D('',#4937,#4938,#4939);
#4937 = CARTESIAN_POINT('',(-6.801168226866,0.370118839163,
    2.000247792129));
#4938 = DIRECTION('',(-6.12318272229E-17,3.580688952605E-30,1.));
#4939 = DIRECTION('',(-0.80927225424,-0.587433756706,-4.955321884789E-17
    ));
#4940 = PCURVE('',#2320,#4941);
#4941 = DEFINITIONAL_REPRESENTATION('',(#4942),#4950);
#4942 = ( BOUNDED_CURVE() B_SPLINE_CURVE(2,(#4943,#4944,#4945,#4946,
#4947,#4948,#4949),.UNSPECIFIED.,.T.,.F.) B_SPLINE_CURVE_WITH_KNOTS((1,2
    ,2,2,2,1),(-2.094395102393,0.,2.094395102393,4.188790204786,
6.28318530718,8.377580409573),.UNSPECIFIED.) CURVE() 
GEOMETRIC_REPRESENTATION_ITEM() RATIONAL_B_SPLINE_CURVE((1.,0.5,1.,0.5,
1.,0.5,1.)) REPRESENTATION_ITEM('') );
#4943 = CARTESIAN_POINT('',(0.154571320314,-6.454027520029));
#4944 = CARTESIAN_POINT('',(-0.756534109661,-5.792675196776));
#4945 = CARTESIAN_POINT('',(0.271766518115,-5.334310910519));
#4946 = CARTESIAN_POINT('',(1.300067145891,-4.875946624262));
#4947 = CARTESIAN_POINT('',(1.182871948089,-5.995663233772));
#4948 = CARTESIAN_POINT('',(1.065676750288,-7.115379843281));
#4949 = CARTESIAN_POINT('',(0.154571320314,-6.454027520029));
#4950 = ( GEOMETRIC_REPRESENTATION_CONTEXT(2) 
PARAMETRIC_REPRESENTATION_CONTEXT() REPRESENTATION_CONTEXT('2D SPACE',''
  ) );
#4951 = PCURVE('',#4952,#4957);
#4952 = CONICAL_SURFACE('',#4953,0.575,0.785398163397);
#4953 = AXIS2_PLACEMENT_3D('',#4954,#4955,#4956);
#4954 = CARTESIAN_POINT('',(-6.801168226866,0.370118839163,
    1.925247792129));
#4955 = DIRECTION('',(-6.12318272229E-17,3.583545125319E-30,1.));
#4956 = DIRECTION('',(-0.80927225424,-0.587433756706,-4.955321884789E-17
    ));
#4957 = DEFINITIONAL_REPRESENTATION('',(#4958),#4962);
#4958 = LINE('',#4959,#4960);
#4959 = CARTESIAN_POINT('',(0.,7.5E-02));
#4960 = VECTOR('',#4961,1.);
#4961 = DIRECTION('',(1.,4.351734405466E-16));
#4962 = ( GEOMETRIC_REPRESENTATION_CONTEXT(2) 
PARAMETRIC_REPRESENTATION_CONTEXT() REPRESENTATION_CONTEXT('2D SPACE',''
  ) );
#4963 = ORIENTED_EDGE('',*,*,#4964,.F.);
#4964 = EDGE_CURVE('',#4965,#4932,#4967,.T.);
#4965 = VERTEX_POINT('',#4966);
#4966 = CARTESIAN_POINT('',(-7.50618907774,1.392764246333,2.000247792129
    ));
#4967 = SURFACE_CURVE('',#4968,(#4972,#4979),.PCURVE_S1.);
#4968 = LINE('',#4969,#4970);
#4969 = CARTESIAN_POINT('',(-7.417803103448,-0.277628064744,
    2.000247792129));
#4970 = VECTOR('',#4971,1.);
#4971 = DIRECTION('',(5.283938426837E-02,-0.998603023964,
    3.235452048089E-18));
#4972 = PCURVE('',#2320,#4973);
#4973 = DEFINITIONAL_REPRESENTATION('',(#4974),#4978);
#4974 = LINE('',#4975,#4976);
#4975 = CARTESIAN_POINT('',(-0.111343641735,-6.544635431355));
#4976 = VECTOR('',#4977,1.);
#4977 = DIRECTION('',(-0.998603023964,5.283938426836E-02));
#4978 = ( GEOMETRIC_REPRESENTATION_CONTEXT(2) 
PARAMETRIC_REPRESENTATION_CONTEXT() REPRESENTATION_CONTEXT('2D SPACE',''
  ) );
#4979 = PCURVE('',#4980,#4985);
#4980 = PLANE('',#4981);
#4981 = AXIS2_PLACEMENT_3D('',#4982,#4983,#4984);
#4982 = CARTESIAN_POINT('',(-7.34290787665,-0.273665110924,
    1.925247792129));
#4983 = DIRECTION('',(0.706118969958,3.736308692988E-02,0.707106781187)
  );
#4984 = DIRECTION('',(5.283938426836E-02,-0.998603023964,
    1.364379290395E-17));
#4985 = DEFINITIONAL_REPRESENTATION('',(#4986),#4990);
#4986 = LINE('',#4987,#4988);
#4987 = CARTESIAN_POINT('',(-8.35948909878E-15,-0.106066017178));
#4988 = VECTOR('',#4989,1.);
#4989 = DIRECTION('',(1.,9.943124800268E-18));
#4990 = ( GEOMETRIC_REPRESENTATION_CONTEXT(2) 
PARAMETRIC_REPRESENTATION_CONTEXT() REPRESENTATION_CONTEXT('2D SPACE',''
  ) );
#4991 = ORIENTED_EDGE('',*,*,#4992,.F.);
#4992 = EDGE_CURVE('',#4993,#4965,#4995,.T.);
#4993 = VERTEX_POINT('',#4994);
#4994 = CARTESIAN_POINT('',(-6.735199141302,2.065577452725,
    2.000247792129));
#4995 = SURFACE_CURVE('',#4996,(#5001,#5012),.PCURVE_S1.);
#4996 = CIRCLE('',#4997,0.65);
#4997 = AXIS2_PLACEMENT_3D('',#4998,#4999,#5000);
#4998 = CARTESIAN_POINT('',(-6.857097112163,1.427109846108,
    2.000247792129));
#4999 = DIRECTION('',(-6.12318272229E-17,3.605340855893E-30,1.));
#5000 = DIRECTION('',(-0.657506099938,0.753449220946,-4.02602999094E-17)
  );
#5001 = PCURVE('',#2320,#5002);
#5002 = DEFINITIONAL_REPRESENTATION('',(#5003),#5011);
#5003 = ( BOUNDED_CURVE() B_SPLINE_CURVE(2,(#5004,#5005,#5006,#5007,
#5008,#5009,#5010),.UNSPECIFIED.,.T.,.F.) B_SPLINE_CURVE_WITH_KNOTS((1,2
    ,2,2,2,1),(-2.094395102393,0.,2.094395102393,4.188790204786,
6.28318530718,8.377580409573),.UNSPECIFIED.) CURVE() 
GEOMETRIC_REPRESENTATION_ITEM() RATIONAL_B_SPLINE_CURVE((1.,0.5,1.,0.5,
1.,0.5,1.)) REPRESENTATION_ITEM('') );
#5004 = CARTESIAN_POINT('',(2.083136262732,-6.411308405029));
#5005 = CARTESIAN_POINT('',(1.342894181336,-7.259566420571));
#5006 = CARTESIAN_POINT('',(0.978402231612,-6.194368965361));
#5007 = CARTESIAN_POINT('',(0.613910281887,-5.129171510151));
#5008 = CARTESIAN_POINT('',(1.718644313008,-5.346110949819));
#5009 = CARTESIAN_POINT('',(2.823378344128,-5.563050389488));
#5010 = CARTESIAN_POINT('',(2.083136262732,-6.411308405029));
#5011 = ( GEOMETRIC_REPRESENTATION_CONTEXT(2) 
PARAMETRIC_REPRESENTATION_CONTEXT() REPRESENTATION_CONTEXT('2D SPACE',''
  ) );
#5012 = PCURVE('',#5013,#5018);
#5013 = CONICAL_SURFACE('',#5014,0.575,0.785398163397);
#5014 = AXIS2_PLACEMENT_3D('',#5015,#5016,#5017);
#5015 = CARTESIAN_POINT('',(-6.857097112163,1.427109846108,
    1.925247792129));
#5016 = DIRECTION('',(-6.12318272229E-17,3.583545125319E-30,1.));
#5017 = DIRECTION('',(-0.657506099938,0.753449220946,-4.02602999094E-17)
  );
#5018 = DEFINITIONAL_REPRESENTATION('',(#5019),#5023);
#5019 = LINE('',#5020,#5021);
#5020 = CARTESIAN_POINT('',(-8.881784197001E-16,7.5E-02));
#5021 = VECTOR('',#5022,1.);
#5022 = DIRECTION('',(1.,1.245374441563E-16));
#5023 = ( GEOMETRIC_REPRESENTATION_CONTEXT(2) 
PARAMETRIC_REPRESENTATION_CONTEXT() REPRESENTATION_CONTEXT('2D SPACE',''
  ) );
#5024 = ORIENTED_EDGE('',*,*,#5025,.F.);
#5025 = EDGE_CURVE('',#4563,#4993,#5026,.T.);
#5026 = SURFACE_CURVE('',#5027,(#5032,#5043),.PCURVE_S1.);
#5027 = CIRCLE('',#5028,3.075);
#5028 = AXIS2_PLACEMENT_3D('',#5029,#5030,#5031);
#5029 = CARTESIAN_POINT('',(-7.311870311144,-0.954865455504,
    2.000247792129));
#5030 = DIRECTION('',(-6.12318272229E-17,3.586851928427E-30,1.));
#5031 = DIRECTION('',(0.342416373449,0.939548310197,2.096678021729E-17)
  );
#5032 = PCURVE('',#2320,#5033);
#5033 = DEFINITIONAL_REPRESENTATION('',(#5034),#5042);
#5034 = ( BOUNDED_CURVE() B_SPLINE_CURVE(2,(#5035,#5036,#5037,#5038,
#5039,#5040,#5041),.UNSPECIFIED.,.T.,.F.) B_SPLINE_CURVE_WITH_KNOTS((1,2
    ,2,2,2,1),(-2.094395102393,0.,2.094395102393,4.188790204786,
6.28318530718,8.377580409573),.UNSPECIFIED.) CURVE() 
GEOMETRIC_REPRESENTATION_ITEM() RATIONAL_B_SPLINE_CURVE((1.,0.5,1.,0.5,
1.,0.5,1.)) REPRESENTATION_ITEM('') );
#5035 = CARTESIAN_POINT('',(2.100530021362,-5.385772290697));
#5036 = CARTESIAN_POINT('',(3.924258881542,-10.38985942468));
#5037 = CARTESIAN_POINT('',(-1.321272129332,-9.467211380222));
#5038 = CARTESIAN_POINT('',(-6.566803140207,-8.544563335759));
#5039 = CARTESIAN_POINT('',(-3.145000989513,-4.463124246234));
#5040 = CARTESIAN_POINT('',(0.276801161181,-0.381685156709));
#5041 = CARTESIAN_POINT('',(2.100530021362,-5.385772290697));
#5042 = ( GEOMETRIC_REPRESENTATION_CONTEXT(2) 
PARAMETRIC_REPRESENTATION_CONTEXT() REPRESENTATION_CONTEXT('2D SPACE',''
  ) );
#5043 = PCURVE('',#5044,#5049);
#5044 = CONICAL_SURFACE('',#5045,3.,0.785398163397);
#5045 = AXIS2_PLACEMENT_3D('',#5046,#5047,#5048);
#5046 = CARTESIAN_POINT('',(-7.311870311144,-0.954865455504,
    1.925247792129));
#5047 = DIRECTION('',(-6.12318272229E-17,3.583545125319E-30,1.));
#5048 = DIRECTION('',(0.342416373449,0.939548310197,2.096678021729E-17)
  );
#5049 = DEFINITIONAL_REPRESENTATION('',(#5050),#5054);
#5050 = LINE('',#5051,#5052);
#5051 = CARTESIAN_POINT('',(-5.20417042793E-17,7.5E-02));
#5052 = VECTOR('',#5053,1.);
#5053 = DIRECTION('',(1.,1.202707829852E-14));
#5054 = ( GEOMETRIC_REPRESENTATION_CONTEXT(2) 
PARAMETRIC_REPRESENTATION_CONTEXT() REPRESENTATION_CONTEXT('2D SPACE',''
  ) );
#5055 = FACE_BOUND('',#5056,.T.);
#5056 = EDGE_LOOP('',(#5057,#5058,#5059,#5060,#5061,#5062,#5063,#5064,
    #5065,#5066,#5067,#5068));
#5057 = ORIENTED_EDGE('',*,*,#2303,.F.);
#5058 = ORIENTED_EDGE('',*,*,#2365,.F.);
#5059 = ORIENTED_EDGE('',*,*,#2482,.F.);
#5060 = ORIENTED_EDGE('',*,*,#2535,.F.);
#5061 = ORIENTED_EDGE('',*,*,#2612,.F.);
#5062 = ORIENTED_EDGE('',*,*,#2669,.F.);
#5063 = ORIENTED_EDGE('',*,*,#2781,.F.);
#5064 = ORIENTED_EDGE('',*,*,#2832,.F.);
#5065 = ORIENTED_EDGE('',*,*,#2949,.F.);
#5066 = ORIENTED_EDGE('',*,*,#3002,.F.);
#5067 = ORIENTED_EDGE('',*,*,#3114,.F.);
#5068 = ORIENTED_EDGE('',*,*,#3165,.F.);
#5069 = ADVANCED_FACE('',(#5070),#3927,.F.);
#5070 = FACE_BOUND('',#5071,.F.);
#5071 = EDGE_LOOP('',(#5072,#5073,#5094,#5118));
#5072 = ORIENTED_EDGE('',*,*,#3904,.F.);
#5073 = ORIENTED_EDGE('',*,*,#5074,.F.);
#5074 = EDGE_CURVE('',#2067,#3905,#5075,.T.);
#5075 = SURFACE_CURVE('',#5076,(#5080,#5087),.PCURVE_S1.);
#5076 = LINE('',#5077,#5078);
#5077 = CARTESIAN_POINT('',(-3.199149522421,0.510748474596,
    1.850247792129));
#5078 = VECTOR('',#5079,1.);
#5079 = DIRECTION('',(-0.675692569127,0.208421572844,0.707106781187));
#5080 = PCURVE('',#3927,#5081);
#5081 = DEFINITIONAL_REPRESENTATION('',(#5082),#5086);
#5082 = LINE('',#5083,#5084);
#5083 = CARTESIAN_POINT('',(5.669909169982,-7.5E-02));
#5084 = VECTOR('',#5085,1.);
#5085 = DIRECTION('',(1.184237892933E-14,1.));
#5086 = ( GEOMETRIC_REPRESENTATION_CONTEXT(2) 
PARAMETRIC_REPRESENTATION_CONTEXT() REPRESENTATION_CONTEXT('2D SPACE',''
  ) );
#5087 = PCURVE('',#2111,#5088);
#5088 = DEFINITIONAL_REPRESENTATION('',(#5089),#5093);
#5089 = LINE('',#5090,#5091);
#5090 = CARTESIAN_POINT('',(2.561863986792,-7.5E-02));
#5091 = VECTOR('',#5092,1.);
#5092 = DIRECTION('',(-2.960594732334E-15,1.));
#5093 = ( GEOMETRIC_REPRESENTATION_CONTEXT(2) 
PARAMETRIC_REPRESENTATION_CONTEXT() REPRESENTATION_CONTEXT('2D SPACE',''
  ) );
#5094 = ORIENTED_EDGE('',*,*,#5095,.F.);
#5095 = EDGE_CURVE('',#5096,#2067,#5098,.T.);
#5096 = VERTEX_POINT('',#5097);
#5097 = CARTESIAN_POINT('',(-3.021338550467,-3.664596251159E-02,
    1.850247792129));
#5098 = SURFACE_CURVE('',#5099,(#5104,#5111),.PCURVE_S1.);
#5099 = CIRCLE('',#5100,0.5);
#5100 = AXIS2_PLACEMENT_3D('',#5101,#5102,#5103);
#5101 = CARTESIAN_POINT('',(-2.721362724794,0.363372167092,
    1.850247792129));
#5102 = DIRECTION('',(6.12318272229E-17,-3.589933416338E-30,-1.));
#5103 = DIRECTION('',(-0.951081157409,-0.308941146533,
    -5.823643710544E-17));
#5104 = PCURVE('',#3927,#5105);
#5105 = DEFINITIONAL_REPRESENTATION('',(#5106),#5110);
#5106 = LINE('',#5107,#5108);
#5107 = CARTESIAN_POINT('',(12.566370614359,-7.5E-02));
#5108 = VECTOR('',#5109,1.);
#5109 = DIRECTION('',(-1.,4.080274291223E-16));
#5110 = ( GEOMETRIC_REPRESENTATION_CONTEXT(2) 
PARAMETRIC_REPRESENTATION_CONTEXT() REPRESENTATION_CONTEXT('2D SPACE',''
  ) );
#5111 = PCURVE('',#2082,#5112);
#5112 = DEFINITIONAL_REPRESENTATION('',(#5113),#5117);
#5113 = LINE('',#5114,#5115);
#5114 = CARTESIAN_POINT('',(-6.28318530718,0.15));
#5115 = VECTOR('',#5116,1.);
#5116 = DIRECTION('',(1.,0.));
#5117 = ( GEOMETRIC_REPRESENTATION_CONTEXT(2) 
PARAMETRIC_REPRESENTATION_CONTEXT() REPRESENTATION_CONTEXT('2D SPACE',''
  ) );
#5118 = ORIENTED_EDGE('',*,*,#5119,.F.);
#5119 = EDGE_CURVE('',#3907,#5096,#5120,.T.);
#5120 = SURFACE_CURVE('',#5121,(#5125,#5132),.PCURVE_S1.);
#5121 = LINE('',#5122,#5123);
#5122 = CARTESIAN_POINT('',(-3.111331298169,-0.156651401393,
    2.000247792129));
#5123 = VECTOR('',#5124,1.);
#5124 = DIRECTION('',(0.424229881051,0.565711064081,-0.707106781187));
#5125 = PCURVE('',#3927,#5126);
#5126 = DEFINITIONAL_REPRESENTATION('',(#5127),#5131);
#5127 = LINE('',#5128,#5129);
#5128 = CARTESIAN_POINT('',(6.896461444377,7.5E-02));
#5129 = VECTOR('',#5130,1.);
#5130 = DIRECTION('',(0.,-1.));
#5131 = ( GEOMETRIC_REPRESENTATION_CONTEXT(2) 
PARAMETRIC_REPRESENTATION_CONTEXT() REPRESENTATION_CONTEXT('2D SPACE',''
  ) );
#5132 = PCURVE('',#4329,#5133);
#5133 = DEFINITIONAL_REPRESENTATION('',(#5134),#5138);
#5134 = LINE('',#5135,#5136);
#5135 = CARTESIAN_POINT('',(4.172269033336,-7.5E-02));
#5136 = VECTOR('',#5137,1.);
#5137 = DIRECTION('',(1.184237892933E-14,1.));
#5138 = ( GEOMETRIC_REPRESENTATION_CONTEXT(2) 
PARAMETRIC_REPRESENTATION_CONTEXT() REPRESENTATION_CONTEXT('2D SPACE',''
  ) );
#5139 = ADVANCED_FACE('',(#5140),#4329,.T.);
#5140 = FACE_BOUND('',#5141,.T.);
#5141 = EDGE_LOOP('',(#5142,#5143,#5144,#5167));
#5142 = ORIENTED_EDGE('',*,*,#5119,.F.);
#5143 = ORIENTED_EDGE('',*,*,#4314,.T.);
#5144 = ORIENTED_EDGE('',*,*,#5145,.T.);
#5145 = EDGE_CURVE('',#4282,#5146,#5148,.T.);
#5146 = VERTEX_POINT('',#5147);
#5147 = CARTESIAN_POINT('',(-2.97698188357,-1.633490644527,
    1.850247792129));
#5148 = SURFACE_CURVE('',#5149,(#5153,#5160),.PCURVE_S1.);
#5149 = LINE('',#5150,#5151);
#5150 = CARTESIAN_POINT('',(-3.073497670522,-1.518665983111,
    2.000247792129));
#5151 = VECTOR('',#5152,1.);
#5152 = DIRECTION('',(0.454979782967,-0.541288644894,-0.707106781187));
#5153 = PCURVE('',#4329,#5154);
#5154 = DEFINITIONAL_REPRESENTATION('',(#5155),#5159);
#5155 = LINE('',#5156,#5157);
#5156 = CARTESIAN_POINT('',(5.971439227524,-7.5E-02));
#5157 = VECTOR('',#5158,1.);
#5158 = DIRECTION('',(-5.921189464667E-15,1.));
#5159 = ( GEOMETRIC_REPRESENTATION_CONTEXT(2) 
PARAMETRIC_REPRESENTATION_CONTEXT() REPRESENTATION_CONTEXT('2D SPACE',''
  ) );
#5160 = PCURVE('',#4302,#5161);
#5161 = DEFINITIONAL_REPRESENTATION('',(#5162),#5166);
#5162 = LINE('',#5163,#5164);
#5163 = CARTESIAN_POINT('',(5.669909169982,7.5E-02));
#5164 = VECTOR('',#5165,1.);
#5165 = DIRECTION('',(-5.921189464667E-15,-1.));
#5166 = ( GEOMETRIC_REPRESENTATION_CONTEXT(2) 
PARAMETRIC_REPRESENTATION_CONTEXT() REPRESENTATION_CONTEXT('2D SPACE',''
  ) );
#5167 = ORIENTED_EDGE('',*,*,#5168,.T.);
#5168 = EDGE_CURVE('',#5146,#5096,#5169,.T.);
#5169 = SURFACE_CURVE('',#5170,(#5175,#5182),.PCURVE_S1.);
#5170 = CIRCLE('',#5171,1.02);
#5171 = AXIS2_PLACEMENT_3D('',#5172,#5173,#5174);
#5172 = CARTESIAN_POINT('',(-3.633289234841,-0.852682946903,
    1.850247792129));
#5173 = DIRECTION('',(-6.12318272229E-17,3.586851928427E-30,1.));
#5174 = DIRECTION('',(0.377630244689,-0.925956477539,2.312298989692E-17)
  );
#5175 = PCURVE('',#4329,#5176);
#5176 = DEFINITIONAL_REPRESENTATION('',(#5177),#5181);
#5177 = LINE('',#5178,#5179);
#5178 = CARTESIAN_POINT('',(6.28318530718,7.5E-02));
#5179 = VECTOR('',#5180,1.);
#5180 = DIRECTION('',(-1.,4.908801906916E-16));
#5181 = ( GEOMETRIC_REPRESENTATION_CONTEXT(2) 
PARAMETRIC_REPRESENTATION_CONTEXT() REPRESENTATION_CONTEXT('2D SPACE',''
  ) );
#5182 = PCURVE('',#5183,#5188);
#5183 = CYLINDRICAL_SURFACE('',#5184,1.02);
#5184 = AXIS2_PLACEMENT_3D('',#5185,#5186,#5187);
#5185 = CARTESIAN_POINT('',(-3.633289234841,-0.852682946903,
    2.000247792129));
#5186 = DIRECTION('',(6.12318272229E-17,-3.583545125319E-30,-1.));
#5187 = DIRECTION('',(0.377630244689,-0.925956477539,2.312298989692E-17)
  );
#5188 = DEFINITIONAL_REPRESENTATION('',(#5189),#5193);
#5189 = LINE('',#5190,#5191);
#5190 = CARTESIAN_POINT('',(6.28318530718,0.15));
#5191 = VECTOR('',#5192,1.);
#5192 = DIRECTION('',(-1.,0.));
#5193 = ( GEOMETRIC_REPRESENTATION_CONTEXT(2) 
PARAMETRIC_REPRESENTATION_CONTEXT() REPRESENTATION_CONTEXT('2D SPACE',''
  ) );
#5194 = ADVANCED_FACE('',(#5195),#4302,.F.);
#5195 = FACE_BOUND('',#5196,.F.);
#5196 = EDGE_LOOP('',(#5197,#5198,#5199,#5223));
#5197 = ORIENTED_EDGE('',*,*,#4281,.F.);
#5198 = ORIENTED_EDGE('',*,*,#5145,.T.);
#5199 = ORIENTED_EDGE('',*,*,#5200,.F.);
#5200 = EDGE_CURVE('',#5201,#5146,#5203,.T.);
#5201 = VERTEX_POINT('',#5202);
#5202 = CARTESIAN_POINT('',(-3.124131402818,-2.189911735526,
    1.850247792129));
#5203 = SURFACE_CURVE('',#5204,(#5209,#5216),.PCURVE_S1.);
#5204 = CIRCLE('',#5205,0.5);
#5205 = AXIS2_PLACEMENT_3D('',#5206,#5207,#5208);
#5206 = CARTESIAN_POINT('',(-2.655262593732,-2.016239515911,
    1.850247792129));
#5207 = DIRECTION('',(6.12318272229E-17,-3.571444488872E-30,-1.));
#5208 = DIRECTION('',(-0.966764693537,0.255667806597,-5.919676867987E-17
    ));
#5209 = PCURVE('',#4302,#5210);
#5210 = DEFINITIONAL_REPRESENTATION('',(#5211),#5215);
#5211 = LINE('',#5212,#5213);
#5212 = CARTESIAN_POINT('',(12.566370614359,-7.5E-02));
#5213 = VECTOR('',#5214,1.);
#5214 = DIRECTION('',(-1.,3.600242021668E-16));
#5215 = ( GEOMETRIC_REPRESENTATION_CONTEXT(2) 
PARAMETRIC_REPRESENTATION_CONTEXT() REPRESENTATION_CONTEXT('2D SPACE',''
  ) );
#5216 = PCURVE('',#1693,#5217);
#5217 = DEFINITIONAL_REPRESENTATION('',(#5218),#5222);
#5218 = LINE('',#5219,#5220);
#5219 = CARTESIAN_POINT('',(-6.28318530718,0.15));
#5220 = VECTOR('',#5221,1.);
#5221 = DIRECTION('',(1.,0.));
#5222 = ( GEOMETRIC_REPRESENTATION_CONTEXT(2) 
PARAMETRIC_REPRESENTATION_CONTEXT() REPRESENTATION_CONTEXT('2D SPACE',''
  ) );
#5223 = ORIENTED_EDGE('',*,*,#5224,.F.);
#5224 = EDGE_CURVE('',#4249,#5201,#5225,.T.);
#5225 = SURFACE_CURVE('',#5226,(#5230,#5237),.PCURVE_S1.);
#5226 = LINE('',#5227,#5228);
#5227 = CARTESIAN_POINT('',(-3.264792045544,-2.24201340141,
    2.000247792129));
#5228 = VECTOR('',#5229,1.);
#5229 = DIRECTION('',(0.663080628784,0.245609608387,-0.707106781187));
#5230 = PCURVE('',#4302,#5231);
#5231 = DEFINITIONAL_REPRESENTATION('',(#5232),#5236);
#5232 = LINE('',#5233,#5234);
#5233 = CARTESIAN_POINT('',(6.896461444377,7.5E-02));
#5234 = VECTOR('',#5235,1.);
#5235 = DIRECTION('',(-5.921189464668E-15,-1.));
#5236 = ( GEOMETRIC_REPRESENTATION_CONTEXT(2) 
PARAMETRIC_REPRESENTATION_CONTEXT() REPRESENTATION_CONTEXT('2D SPACE',''
  ) );
#5237 = PCURVE('',#4269,#5238);
#5238 = DEFINITIONAL_REPRESENTATION('',(#5239),#5243);
#5239 = LINE('',#5240,#5241);
#5240 = CARTESIAN_POINT('',(9.796008257892E-02,7.5E-02));
#5241 = VECTOR('',#5242,1.);
#5242 = DIRECTION('',(-8.326672684689E-16,-1.));
#5243 = ( GEOMETRIC_REPRESENTATION_CONTEXT(2) 
PARAMETRIC_REPRESENTATION_CONTEXT() REPRESENTATION_CONTEXT('2D SPACE',''
  ) );
#5244 = ADVANCED_FACE('',(#5245),#4269,.F.);
#5245 = FACE_BOUND('',#5246,.F.);
#5246 = EDGE_LOOP('',(#5247,#5271,#5292,#5293));
#5247 = ORIENTED_EDGE('',*,*,#5248,.F.);
#5248 = EDGE_CURVE('',#5249,#5201,#5251,.T.);
#5249 = VERTEX_POINT('',#5250);
#5250 = CARTESIAN_POINT('',(-2.581488038335,-3.202917687649,
    1.850247792129));
#5251 = SURFACE_CURVE('',#5252,(#5257,#5264),.PCURVE_S1.);
#5252 = CIRCLE('',#5253,4.206);
#5253 = AXIS2_PLACEMENT_3D('',#5254,#5255,#5256);
#5254 = CARTESIAN_POINT('',(0.819993019216,-0.728981024127,
    1.850247792129));
#5255 = DIRECTION('',(6.12318272229E-17,-3.580688952605E-30,-1.));
#5256 = DIRECTION('',(-0.967213362928,-0.253965175907,
    -5.922424152648E-17));
#5257 = PCURVE('',#4269,#5258);
#5258 = DEFINITIONAL_REPRESENTATION('',(#5259),#5263);
#5259 = LINE('',#5260,#5261);
#5260 = CARTESIAN_POINT('',(6.28318530718,-7.500000000001E-02));
#5261 = VECTOR('',#5262,1.);
#5262 = DIRECTION('',(-1.,1.646946218462E-15));
#5263 = ( GEOMETRIC_REPRESENTATION_CONTEXT(2) 
PARAMETRIC_REPRESENTATION_CONTEXT() REPRESENTATION_CONTEXT('2D SPACE',''
  ) );
#5264 = PCURVE('',#1575,#5265);
#5265 = DEFINITIONAL_REPRESENTATION('',(#5266),#5270);
#5266 = LINE('',#5267,#5268);
#5267 = CARTESIAN_POINT('',(-3.14159265359,0.15));
#5268 = VECTOR('',#5269,1.);
#5269 = DIRECTION('',(1.,0.));
#5270 = ( GEOMETRIC_REPRESENTATION_CONTEXT(2) 
PARAMETRIC_REPRESENTATION_CONTEXT() REPRESENTATION_CONTEXT('2D SPACE',''
  ) );
#5271 = ORIENTED_EDGE('',*,*,#5272,.F.);
#5272 = EDGE_CURVE('',#4216,#5249,#5273,.T.);
#5273 = SURFACE_CURVE('',#5274,(#5278,#5285),.PCURVE_S1.);
#5274 = LINE('',#5275,#5276);
#5275 = CARTESIAN_POINT('',(-2.702796207292,-3.291146527289,
    2.000247792129));
#5276 = VECTOR('',#5277,1.);
#5277 = DIRECTION('',(0.571852192552,0.415914738707,-0.707106781187));
#5278 = PCURVE('',#4269,#5279);
#5279 = DEFINITIONAL_REPRESENTATION('',(#5280),#5284);
#5280 = LINE('',#5281,#5282);
#5281 = CARTESIAN_POINT('',(0.372044067114,7.5E-02));
#5282 = VECTOR('',#5283,1.);
#5283 = DIRECTION('',(-1.110223024625E-15,-1.));
#5284 = ( GEOMETRIC_REPRESENTATION_CONTEXT(2) 
PARAMETRIC_REPRESENTATION_CONTEXT() REPRESENTATION_CONTEXT('2D SPACE',''
  ) );
#5285 = PCURVE('',#4236,#5286);
#5286 = DEFINITIONAL_REPRESENTATION('',(#5287),#5291);
#5287 = LINE('',#5288,#5289);
#5288 = CARTESIAN_POINT('',(-0.491319097591,7.5E-02));
#5289 = VECTOR('',#5290,1.);
#5290 = DIRECTION('',(0.,-1.));
#5291 = ( GEOMETRIC_REPRESENTATION_CONTEXT(2) 
PARAMETRIC_REPRESENTATION_CONTEXT() REPRESENTATION_CONTEXT('2D SPACE',''
  ) );
#5292 = ORIENTED_EDGE('',*,*,#4248,.F.);
#5293 = ORIENTED_EDGE('',*,*,#5224,.T.);
#5294 = ADVANCED_FACE('',(#5295),#4236,.F.);
#5295 = FACE_BOUND('',#5296,.F.);
#5296 = EDGE_LOOP('',(#5297,#5298,#5299,#5328));
#5297 = ORIENTED_EDGE('',*,*,#4215,.F.);
#5298 = ORIENTED_EDGE('',*,*,#5272,.T.);
#5299 = ORIENTED_EDGE('',*,*,#5300,.F.);
#5300 = EDGE_CURVE('',#5301,#5249,#5303,.T.);
#5301 = VERTEX_POINT('',#5302);
#5302 = CARTESIAN_POINT('',(-2.156801285089,-3.408408230674,
    1.850247792129));
#5303 = SURFACE_CURVE('',#5304,(#5309,#5316),.PCURVE_S1.);
#5304 = CIRCLE('',#5305,0.5);
#5305 = AXIS2_PLACEMENT_3D('',#5306,#5307,#5308);
#5306 = CARTESIAN_POINT('',(-2.177127475145,-2.908821555513,
    1.850247792129));
#5307 = DIRECTION('',(6.12318272229E-17,-3.571444488872E-30,-1.));
#5308 = DIRECTION('',(-0.43555569451,-0.900161783781,-2.666987103221E-17
    ));
#5309 = PCURVE('',#4236,#5310);
#5310 = DEFINITIONAL_REPRESENTATION('',(#5311),#5315);
#5311 = LINE('',#5312,#5313);
#5312 = CARTESIAN_POINT('',(6.28318530718,-7.5E-02));
#5313 = VECTOR('',#5314,1.);
#5314 = DIRECTION('',(-1.,2.296885995706E-16));
#5315 = ( GEOMETRIC_REPRESENTATION_CONTEXT(2) 
PARAMETRIC_REPRESENTATION_CONTEXT() REPRESENTATION_CONTEXT('2D SPACE',''
  ) );
#5316 = PCURVE('',#5317,#5322);
#5317 = CYLINDRICAL_SURFACE('',#5318,0.5);
#5318 = AXIS2_PLACEMENT_3D('',#5319,#5320,#5321);
#5319 = CARTESIAN_POINT('',(-2.177127475145,-2.908821555513,
    2.000247792129));
#5320 = DIRECTION('',(6.12318272229E-17,-3.583545125319E-30,-1.));
#5321 = DIRECTION('',(-0.43555569451,-0.900161783781,-2.666987103221E-17
    ));
#5322 = DEFINITIONAL_REPRESENTATION('',(#5323),#5327);
#5323 = LINE('',#5324,#5325);
#5324 = CARTESIAN_POINT('',(-8.881784197001E-16,0.15));
#5325 = VECTOR('',#5326,1.);
#5326 = DIRECTION('',(1.,0.));
#5327 = ( GEOMETRIC_REPRESENTATION_CONTEXT(2) 
PARAMETRIC_REPRESENTATION_CONTEXT() REPRESENTATION_CONTEXT('2D SPACE',''
  ) );
#5328 = ORIENTED_EDGE('',*,*,#5329,.F.);
#5329 = EDGE_CURVE('',#4187,#5301,#5330,.T.);
#5330 = SURFACE_CURVE('',#5331,(#5335,#5342),.PCURVE_S1.);
#5331 = LINE('',#5332,#5333);
#5332 = CARTESIAN_POINT('',(-2.150703428072,-3.558284233222,
    2.000247792129));
#5333 = VECTOR('',#5334,1.);
#5334 = DIRECTION('',(-2.874557364938E-02,0.706522251593,-0.707106781187
    ));
#5335 = PCURVE('',#4236,#5336);
#5336 = DEFINITIONAL_REPRESENTATION('',(#5337),#5341);
#5337 = LINE('',#5338,#5339);
#5338 = CARTESIAN_POINT('',(0.491319097591,7.5E-02));
#5339 = VECTOR('',#5340,1.);
#5340 = DIRECTION('',(1.184237892933E-14,-1.));
#5341 = ( GEOMETRIC_REPRESENTATION_CONTEXT(2) 
PARAMETRIC_REPRESENTATION_CONTEXT() REPRESENTATION_CONTEXT('2D SPACE',''
  ) );
#5342 = PCURVE('',#4203,#5343);
#5343 = DEFINITIONAL_REPRESENTATION('',(#5344),#5348);
#5344 = LINE('',#5345,#5346);
#5345 = CARTESIAN_POINT('',(5.967975631637,-7.5E-02));
#5346 = VECTOR('',#5347,1.);
#5347 = DIRECTION('',(0.,1.));
#5348 = ( GEOMETRIC_REPRESENTATION_CONTEXT(2) 
PARAMETRIC_REPRESENTATION_CONTEXT() REPRESENTATION_CONTEXT('2D SPACE',''
  ) );
#5349 = ADVANCED_FACE('',(#5350),#4203,.T.);
#5350 = FACE_BOUND('',#5351,.T.);
#5351 = EDGE_LOOP('',(#5352,#5353,#5354,#5377));
#5352 = ORIENTED_EDGE('',*,*,#5329,.F.);
#5353 = ORIENTED_EDGE('',*,*,#4186,.T.);
#5354 = ORIENTED_EDGE('',*,*,#5355,.T.);
#5355 = EDGE_CURVE('',#4154,#5356,#5358,.T.);
#5356 = VERTEX_POINT('',#5357);
#5357 = CARTESIAN_POINT('',(-2.111334858322,-3.407342490218,
    1.850247792129));
#5358 = SURFACE_CURVE('',#5359,(#5363,#5370),.PCURVE_S1.);
#5359 = LINE('',#5360,#5361);
#5360 = CARTESIAN_POINT('',(-2.110403640711,-3.557339599637,
    2.000247792129));
#5361 = VECTOR('',#5362,1.);
#5362 = DIRECTION('',(-4.389801919839E-03,0.707093154852,-0.707106781187
    ));
#5363 = PCURVE('',#4203,#5364);
#5364 = DEFINITIONAL_REPRESENTATION('',(#5365),#5369);
#5365 = LINE('',#5366,#5367);
#5366 = CARTESIAN_POINT('',(6.002431059925,-7.5E-02));
#5367 = VECTOR('',#5368,1.);
#5368 = DIRECTION('',(0.,1.));
#5369 = ( GEOMETRIC_REPRESENTATION_CONTEXT(2) 
PARAMETRIC_REPRESENTATION_CONTEXT() REPRESENTATION_CONTEXT('2D SPACE',''
  ) );
#5370 = PCURVE('',#4174,#5371);
#5371 = DEFINITIONAL_REPRESENTATION('',(#5372),#5376);
#5372 = LINE('',#5373,#5374);
#5373 = CARTESIAN_POINT('',(5.652405710489,7.5E-02));
#5374 = VECTOR('',#5375,1.);
#5375 = DIRECTION('',(0.,-1.));
#5376 = ( GEOMETRIC_REPRESENTATION_CONTEXT(2) 
PARAMETRIC_REPRESENTATION_CONTEXT() REPRESENTATION_CONTEXT('2D SPACE',''
  ) );
#5377 = ORIENTED_EDGE('',*,*,#5378,.T.);
#5378 = EDGE_CURVE('',#5356,#5301,#5379,.T.);
#5379 = SURFACE_CURVE('',#5380,(#5385,#5392),.PCURVE_S1.);
#5380 = CIRCLE('',#5381,1.32);
#5381 = AXIS2_PLACEMENT_3D('',#5382,#5383,#5384);
#5382 = CARTESIAN_POINT('',(-2.10314014334,-4.727317053097,
    1.850247792129));
#5383 = DIRECTION('',(-6.12318272229E-17,3.577607464694E-30,1.));
#5384 = DIRECTION('',(0.271110054542,0.962548356357,1.66005640181E-17));
#5385 = PCURVE('',#4203,#5386);
#5386 = DEFINITIONAL_REPRESENTATION('',(#5387),#5391);
#5387 = LINE('',#5388,#5389);
#5388 = CARTESIAN_POINT('',(6.28318530718,7.5E-02));
#5389 = VECTOR('',#5390,1.);
#5390 = DIRECTION('',(-1.,0.));
#5391 = ( GEOMETRIC_REPRESENTATION_CONTEXT(2) 
PARAMETRIC_REPRESENTATION_CONTEXT() REPRESENTATION_CONTEXT('2D SPACE',''
  ) );
#5392 = PCURVE('',#5393,#5398);
#5393 = CYLINDRICAL_SURFACE('',#5394,1.32);
#5394 = AXIS2_PLACEMENT_3D('',#5395,#5396,#5397);
#5395 = CARTESIAN_POINT('',(-2.10314014334,-4.727317053097,
    2.000247792129));
#5396 = DIRECTION('',(6.12318272229E-17,-3.583545125319E-30,-1.));
#5397 = DIRECTION('',(0.271110054542,0.962548356357,1.66005640181E-17));
#5398 = DEFINITIONAL_REPRESENTATION('',(#5399),#5403);
#5399 = LINE('',#5400,#5401);
#5400 = CARTESIAN_POINT('',(6.28318530718,0.15));
#5401 = VECTOR('',#5402,1.);
#5402 = DIRECTION('',(-1.,0.));
#5403 = ( GEOMETRIC_REPRESENTATION_CONTEXT(2) 
PARAMETRIC_REPRESENTATION_CONTEXT() REPRESENTATION_CONTEXT('2D SPACE',''
  ) );
#5404 = ADVANCED_FACE('',(#5405),#4174,.F.);
#5405 = FACE_BOUND('',#5406,.F.);
#5406 = EDGE_LOOP('',(#5407,#5408,#5409,#5438));
#5407 = ORIENTED_EDGE('',*,*,#4153,.F.);
#5408 = ORIENTED_EDGE('',*,*,#5355,.T.);
#5409 = ORIENTED_EDGE('',*,*,#5410,.F.);
#5410 = EDGE_CURVE('',#5411,#5356,#5413,.T.);
#5411 = VERTEX_POINT('',#5412);
#5412 = CARTESIAN_POINT('',(-1.637220424835,-3.056558394491,
    1.850247792129));
#5413 = SURFACE_CURVE('',#5414,(#5419,#5426),.PCURVE_S1.);
#5414 = CIRCLE('',#5415,0.5);
#5415 = AXIS2_PLACEMENT_3D('',#5416,#5417,#5418);
#5416 = CARTESIAN_POINT('',(-2.114438917028,-2.907352125492,
    1.850247792129));
#5417 = DIRECTION('',(6.12318272229E-17,-3.611503831715E-30,-1.));
#5418 = DIRECTION('',(0.5947766259,-0.803891015799,3.641925959333E-17));
#5419 = PCURVE('',#4174,#5420);
#5420 = DEFINITIONAL_REPRESENTATION('',(#5421),#5425);
#5421 = LINE('',#5422,#5423);
#5422 = CARTESIAN_POINT('',(12.566370614359,-7.5E-02));
#5423 = VECTOR('',#5424,1.);
#5424 = DIRECTION('',(-1.,2.177988807114E-16));
#5425 = ( GEOMETRIC_REPRESENTATION_CONTEXT(2) 
PARAMETRIC_REPRESENTATION_CONTEXT() REPRESENTATION_CONTEXT('2D SPACE',''
  ) );
#5426 = PCURVE('',#5427,#5432);
#5427 = CYLINDRICAL_SURFACE('',#5428,0.5);
#5428 = AXIS2_PLACEMENT_3D('',#5429,#5430,#5431);
#5429 = CARTESIAN_POINT('',(-2.114438917028,-2.907352125492,
    2.000247792129));
#5430 = DIRECTION('',(6.12318272229E-17,-3.583545125319E-30,-1.));
#5431 = DIRECTION('',(0.5947766259,-0.803891015799,3.641925959333E-17));
#5432 = DEFINITIONAL_REPRESENTATION('',(#5433),#5437);
#5433 = LINE('',#5434,#5435);
#5434 = CARTESIAN_POINT('',(-1.7763568394E-15,0.15));
#5435 = VECTOR('',#5436,1.);
#5436 = DIRECTION('',(1.,0.));
#5437 = ( GEOMETRIC_REPRESENTATION_CONTEXT(2) 
PARAMETRIC_REPRESENTATION_CONTEXT() REPRESENTATION_CONTEXT('2D SPACE',''
  ) );
#5438 = ORIENTED_EDGE('',*,*,#5439,.F.);
#5439 = EDGE_CURVE('',#4125,#5411,#5440,.T.);
#5440 = SURFACE_CURVE('',#5441,(#5445,#5452),.PCURVE_S1.);
#5441 = LINE('',#5442,#5443);
#5442 = CARTESIAN_POINT('',(-1.494054877177,-3.101320275191,
    2.000247792129));
#5443 = VECTOR('',#5444,1.);
#5444 = DIRECTION('',(-0.674888863875,0.21100952921,-0.707106781187));
#5445 = PCURVE('',#4174,#5446);
#5446 = DEFINITIONAL_REPRESENTATION('',(#5447),#5451);
#5447 = LINE('',#5448,#5449);
#5448 = CARTESIAN_POINT('',(6.91396490387,7.5E-02));
#5449 = VECTOR('',#5450,1.);
#5450 = DIRECTION('',(-1.184237892934E-14,-1.));
#5451 = ( GEOMETRIC_REPRESENTATION_CONTEXT(2) 
PARAMETRIC_REPRESENTATION_CONTEXT() REPRESENTATION_CONTEXT('2D SPACE',''
  ) );
#5452 = PCURVE('',#4141,#5453);
#5453 = DEFINITIONAL_REPRESENTATION('',(#5454),#5458);
#5454 = LINE('',#5455,#5456);
#5455 = CARTESIAN_POINT('',(5.765541170704,-7.5E-02));
#5456 = VECTOR('',#5457,1.);
#5457 = DIRECTION('',(0.,1.));
#5458 = ( GEOMETRIC_REPRESENTATION_CONTEXT(2) 
PARAMETRIC_REPRESENTATION_CONTEXT() REPRESENTATION_CONTEXT('2D SPACE',''
  ) );
#5459 = ADVANCED_FACE('',(#5460),#4141,.T.);
#5460 = FACE_BOUND('',#5461,.T.);
#5461 = EDGE_LOOP('',(#5462,#5463,#5464,#5487));
#5462 = ORIENTED_EDGE('',*,*,#5439,.F.);
#5463 = ORIENTED_EDGE('',*,*,#4124,.T.);
#5464 = ORIENTED_EDGE('',*,*,#5465,.T.);
#5465 = EDGE_CURVE('',#4092,#5466,#5468,.T.);
#5466 = VERTEX_POINT('',#5467);
#5467 = CARTESIAN_POINT('',(-0.335710724019,-0.904097512057,
    1.850247792129));
#5468 = SURFACE_CURVE('',#5469,(#5473,#5480),.PCURVE_S1.);
#5469 = LINE('',#5470,#5471);
#5470 = CARTESIAN_POINT('',(-0.229565457981,-1.010084221119,
    2.000247792129));
#5471 = VECTOR('',#5472,1.);
#5472 = DIRECTION('',(-0.500373582709,0.499626137954,-0.707106781187));
#5473 = PCURVE('',#4141,#5474);
#5474 = DEFINITIONAL_REPRESENTATION('',(#5475),#5479);
#5475 = LINE('',#5476,#5477);
#5476 = CARTESIAN_POINT('',(6.247162913152,-7.5E-02));
#5477 = VECTOR('',#5478,1.);
#5478 = DIRECTION('',(0.,1.));
#5479 = ( GEOMETRIC_REPRESENTATION_CONTEXT(2) 
PARAMETRIC_REPRESENTATION_CONTEXT() REPRESENTATION_CONTEXT('2D SPACE',''
  ) );
#5480 = PCURVE('',#4112,#5481);
#5481 = DEFINITIONAL_REPRESENTATION('',(#5482),#5486);
#5482 = LINE('',#5483,#5484);
#5483 = CARTESIAN_POINT('',(5.949604391398,7.5E-02));
#5484 = VECTOR('',#5485,1.);
#5485 = DIRECTION('',(-5.921189464668E-15,-1.));
#5486 = ( GEOMETRIC_REPRESENTATION_CONTEXT(2) 
PARAMETRIC_REPRESENTATION_CONTEXT() REPRESENTATION_CONTEXT('2D SPACE',''
  ) );
#5487 = ORIENTED_EDGE('',*,*,#5488,.T.);
#5488 = EDGE_CURVE('',#5466,#5411,#5489,.T.);
#5489 = SURFACE_CURVE('',#5490,(#5495,#5502),.PCURVE_S1.);
#5490 = CIRCLE('',#5491,5.2735);
#5491 = AXIS2_PLACEMENT_3D('',#5492,#5493,#5494);
#5492 = CARTESIAN_POINT('',(3.396003012328,-4.630236913631,
    1.850247792129));
#5493 = DIRECTION('',(-6.12318272229E-17,3.586851928427E-30,1.));
#5494 = DIRECTION('',(-0.681728909304,0.731604875749,-4.174350678735E-17
    ));
#5495 = PCURVE('',#4141,#5496);
#5496 = DEFINITIONAL_REPRESENTATION('',(#5497),#5501);
#5497 = LINE('',#5498,#5499);
#5498 = CARTESIAN_POINT('',(6.28318530718,7.5E-02));
#5499 = VECTOR('',#5500,1.);
#5500 = DIRECTION('',(-1.,0.));
#5501 = ( GEOMETRIC_REPRESENTATION_CONTEXT(2) 
PARAMETRIC_REPRESENTATION_CONTEXT() REPRESENTATION_CONTEXT('2D SPACE',''
  ) );
#5502 = PCURVE('',#5503,#5508);
#5503 = CYLINDRICAL_SURFACE('',#5504,5.2735);
#5504 = AXIS2_PLACEMENT_3D('',#5505,#5506,#5507);
#5505 = CARTESIAN_POINT('',(3.396003012328,-4.630236913631,
    2.000247792129));
#5506 = DIRECTION('',(6.12318272229E-17,-3.583545125319E-30,-1.));
#5507 = DIRECTION('',(-0.681728909304,0.731604875749,-4.174350678735E-17
    ));
#5508 = DEFINITIONAL_REPRESENTATION('',(#5509),#5513);
#5509 = LINE('',#5510,#5511);
#5510 = CARTESIAN_POINT('',(6.28318530718,0.15));
#5511 = VECTOR('',#5512,1.);
#5512 = DIRECTION('',(-1.,0.));
#5513 = ( GEOMETRIC_REPRESENTATION_CONTEXT(2) 
PARAMETRIC_REPRESENTATION_CONTEXT() REPRESENTATION_CONTEXT('2D SPACE',''
  ) );
#5514 = ADVANCED_FACE('',(#5515),#4112,.F.);
#5515 = FACE_BOUND('',#5516,.F.);
#5516 = EDGE_LOOP('',(#5517,#5518,#5519,#5548));
#5517 = ORIENTED_EDGE('',*,*,#4091,.F.);
#5518 = ORIENTED_EDGE('',*,*,#5465,.T.);
#5519 = ORIENTED_EDGE('',*,*,#5520,.F.);
#5520 = EDGE_CURVE('',#5521,#5466,#5523,.T.);
#5521 = VERTEX_POINT('',#5522);
#5522 = CARTESIAN_POINT('',(-0.192975219356,-0.609417870758,
    1.850247792129));
#5523 = SURFACE_CURVE('',#5524,(#5529,#5536),.PCURVE_S1.);
#5524 = CIRCLE('',#5525,0.5);
#5525 = AXIS2_PLACEMENT_3D('',#5526,#5527,#5528);
#5526 = CARTESIAN_POINT('',(-0.68952827748,-0.550808481852,
    1.850247792129));
#5527 = DIRECTION('',(6.12318272229E-17,-3.571444488872E-30,-1.));
#5528 = DIRECTION('',(0.899981259828,-0.435928585846,5.510749700566E-17)
  );
#5529 = PCURVE('',#4112,#5530);
#5530 = DEFINITIONAL_REPRESENTATION('',(#5531),#5535);
#5531 = LINE('',#5532,#5533);
#5532 = CARTESIAN_POINT('',(12.566370614359,-7.5E-02));
#5533 = VECTOR('',#5534,1.);
#5534 = DIRECTION('',(-1.,-2.647564552487E-16));
#5535 = ( GEOMETRIC_REPRESENTATION_CONTEXT(2) 
PARAMETRIC_REPRESENTATION_CONTEXT() REPRESENTATION_CONTEXT('2D SPACE',''
  ) );
#5536 = PCURVE('',#5537,#5542);
#5537 = CYLINDRICAL_SURFACE('',#5538,0.5);
#5538 = AXIS2_PLACEMENT_3D('',#5539,#5540,#5541);
#5539 = CARTESIAN_POINT('',(-0.68952827748,-0.550808481852,
    2.000247792129));
#5540 = DIRECTION('',(6.12318272229E-17,-3.583545125319E-30,-1.));
#5541 = DIRECTION('',(0.899981259828,-0.435928585846,5.510749700566E-17)
  );
#5542 = DEFINITIONAL_REPRESENTATION('',(#5543),#5547);
#5543 = LINE('',#5544,#5545);
#5544 = CARTESIAN_POINT('',(-6.28318530718,0.15));
#5545 = VECTOR('',#5546,1.);
#5546 = DIRECTION('',(1.,0.));
#5547 = ( GEOMETRIC_REPRESENTATION_CONTEXT(2) 
PARAMETRIC_REPRESENTATION_CONTEXT() REPRESENTATION_CONTEXT('2D SPACE',''
  ) );
#5548 = ORIENTED_EDGE('',*,*,#5549,.F.);
#5549 = EDGE_CURVE('',#4063,#5521,#5550,.T.);
#5550 = SURFACE_CURVE('',#5551,(#5555,#5562),.PCURVE_S1.);
#5551 = LINE('',#5552,#5553);
#5552 = CARTESIAN_POINT('',(-4.400930191892E-02,-0.62700068743,
    2.000247792129));
#5553 = VECTOR('',#5554,1.);
#5554 = DIRECTION('',(-0.702232069236,8.288619267338E-02,-0.707106781187
    ));
#5555 = PCURVE('',#4112,#5556);
#5556 = DEFINITIONAL_REPRESENTATION('',(#5557),#5561);
#5557 = LINE('',#5558,#5559);
#5558 = CARTESIAN_POINT('',(6.616766222961,7.5E-02));
#5559 = VECTOR('',#5560,1.);
#5560 = DIRECTION('',(-2.368475785867E-14,-1.));
#5561 = ( GEOMETRIC_REPRESENTATION_CONTEXT(2) 
PARAMETRIC_REPRESENTATION_CONTEXT() REPRESENTATION_CONTEXT('2D SPACE',''
  ) );
#5562 = PCURVE('',#4079,#5563);
#5563 = DEFINITIONAL_REPRESENTATION('',(#5564),#5568);
#5564 = LINE('',#5565,#5566);
#5565 = CARTESIAN_POINT('',(4.383944911382,-7.5E-02));
#5566 = VECTOR('',#5567,1.);
#5567 = DIRECTION('',(-5.921189464667E-15,1.));
#5568 = ( GEOMETRIC_REPRESENTATION_CONTEXT(2) 
PARAMETRIC_REPRESENTATION_CONTEXT() REPRESENTATION_CONTEXT('2D SPACE',''
  ) );
#5569 = ADVANCED_FACE('',(#5570),#4079,.T.);
#5570 = FACE_BOUND('',#5571,.T.);
#5571 = EDGE_LOOP('',(#5572,#5573,#5574,#5597));
#5572 = ORIENTED_EDGE('',*,*,#5549,.F.);
#5573 = ORIENTED_EDGE('',*,*,#4062,.T.);
#5574 = ORIENTED_EDGE('',*,*,#5575,.T.);
#5575 = EDGE_CURVE('',#4030,#5576,#5578,.T.);
#5576 = VERTEX_POINT('',#5577);
#5577 = CARTESIAN_POINT('',(1.107889043098,0.24954637939,1.850247792129)
  );
#5578 = SURFACE_CURVE('',#5579,(#5583,#5590),.PCURVE_S1.);
#5579 = LINE('',#5580,#5581);
#5580 = CARTESIAN_POINT('',(1.065551392528,0.105645290638,2.000247792129
    ));
#5581 = VECTOR('',#5582,1.);
#5582 = DIRECTION('',(0.199581598788,0.678356237847,-0.707106781187));
#5583 = PCURVE('',#4079,#5584);
#5584 = DEFINITIONAL_REPRESENTATION('',(#5585),#5589);
#5585 = LINE('',#5586,#5587);
#5586 = CARTESIAN_POINT('',(6.123392060509,-7.5E-02));
#5587 = VECTOR('',#5588,1.);
#5588 = DIRECTION('',(-1.184237892934E-14,1.));
#5589 = ( GEOMETRIC_REPRESENTATION_CONTEXT(2) 
PARAMETRIC_REPRESENTATION_CONTEXT() REPRESENTATION_CONTEXT('2D SPACE',''
  ) );
#5590 = PCURVE('',#4050,#5591);
#5591 = DEFINITIONAL_REPRESENTATION('',(#5592),#5596);
#5592 = LINE('',#5593,#5594);
#5593 = CARTESIAN_POINT('',(5.949604391398,7.5E-02));
#5594 = VECTOR('',#5595,1.);
#5595 = DIRECTION('',(-1.184237892933E-14,-1.));
#5596 = ( GEOMETRIC_REPRESENTATION_CONTEXT(2) 
PARAMETRIC_REPRESENTATION_CONTEXT() REPRESENTATION_CONTEXT('2D SPACE',''
  ) );
#5597 = ORIENTED_EDGE('',*,*,#5598,.T.);
#5598 = EDGE_CURVE('',#5576,#5521,#5599,.T.);
#5599 = SURFACE_CURVE('',#5600,(#5605,#5612),.PCURVE_S1.);
#5600 = CIRCLE('',#5601,1.02);
#5601 = AXIS2_PLACEMENT_3D('',#5602,#5603,#5604);
#5602 = CARTESIAN_POINT('',(0.819993019216,-0.728981024127,
    1.850247792129));
#5603 = DIRECTION('',(-6.12318272229E-17,3.571444488872E-30,1.));
#5604 = DIRECTION('',(0.431299788889,0.902208674368,2.64092741545E-17));
#5605 = PCURVE('',#4079,#5606);
#5606 = DEFINITIONAL_REPRESENTATION('',(#5607),#5611);
#5607 = LINE('',#5608,#5609);
#5608 = CARTESIAN_POINT('',(6.28318530718,7.5E-02));
#5609 = VECTOR('',#5610,1.);
#5610 = DIRECTION('',(-1.,1.297543251308E-16));
#5611 = ( GEOMETRIC_REPRESENTATION_CONTEXT(2) 
PARAMETRIC_REPRESENTATION_CONTEXT() REPRESENTATION_CONTEXT('2D SPACE',''
  ) );
#5612 = PCURVE('',#5613,#5618);
#5613 = CYLINDRICAL_SURFACE('',#5614,1.02);
#5614 = AXIS2_PLACEMENT_3D('',#5615,#5616,#5617);
#5615 = CARTESIAN_POINT('',(0.819993019216,-0.728981024127,
    2.000247792129));
#5616 = DIRECTION('',(6.12318272229E-17,-3.583545125319E-30,-1.));
#5617 = DIRECTION('',(0.431299788889,0.902208674368,2.64092741545E-17));
#5618 = DEFINITIONAL_REPRESENTATION('',(#5619),#5623);
#5619 = LINE('',#5620,#5621);
#5620 = CARTESIAN_POINT('',(6.28318530718,0.15));
#5621 = VECTOR('',#5622,1.);
#5622 = DIRECTION('',(-1.,0.));
#5623 = ( GEOMETRIC_REPRESENTATION_CONTEXT(2) 
PARAMETRIC_REPRESENTATION_CONTEXT() REPRESENTATION_CONTEXT('2D SPACE',''
  ) );
#5624 = ADVANCED_FACE('',(#5625),#4050,.F.);
#5625 = FACE_BOUND('',#5626,.F.);
#5626 = EDGE_LOOP('',(#5627,#5628,#5629,#5658));
#5627 = ORIENTED_EDGE('',*,*,#4029,.F.);
#5628 = ORIENTED_EDGE('',*,*,#5575,.T.);
#5629 = ORIENTED_EDGE('',*,*,#5630,.F.);
#5630 = EDGE_CURVE('',#5631,#5576,#5633,.T.);
#5631 = VERTEX_POINT('',#5632);
#5632 = CARTESIAN_POINT('',(1.434949287127,0.265074162989,1.850247792129
    ));
#5633 = SURFACE_CURVE('',#5634,(#5639,#5646),.PCURVE_S1.);
#5634 = CIRCLE('',#5635,0.5);
#5635 = AXIS2_PLACEMENT_3D('',#5636,#5637,#5638);
#5636 = CARTESIAN_POINT('',(1.249014545001,0.729216675231,1.850247792129
    ));
#5637 = DIRECTION('',(6.12318272229E-17,-3.583770440516E-30,-1.));
#5638 = DIRECTION('',(4.742341270772E-02,-0.998874877013,
    2.903822213243E-18));
#5639 = PCURVE('',#4050,#5640);
#5640 = DEFINITIONAL_REPRESENTATION('',(#5641),#5645);
#5641 = LINE('',#5642,#5643);
#5642 = CARTESIAN_POINT('',(12.566370614359,-7.499999999999E-02));
#5643 = VECTOR('',#5644,1.);
#5644 = DIRECTION('',(-1.,-8.236867496627E-16));
#5645 = ( GEOMETRIC_REPRESENTATION_CONTEXT(2) 
PARAMETRIC_REPRESENTATION_CONTEXT() REPRESENTATION_CONTEXT('2D SPACE',''
  ) );
#5646 = PCURVE('',#5647,#5652);
#5647 = CYLINDRICAL_SURFACE('',#5648,0.5);
#5648 = AXIS2_PLACEMENT_3D('',#5649,#5650,#5651);
#5649 = CARTESIAN_POINT('',(1.249014545001,0.729216675231,2.000247792129
    ));
#5650 = DIRECTION('',(6.12318272229E-17,-3.583545125319E-30,-1.));
#5651 = DIRECTION('',(4.742341270772E-02,-0.998874877013,
    2.903822213243E-18));
#5652 = DEFINITIONAL_REPRESENTATION('',(#5653),#5657);
#5653 = LINE('',#5654,#5655);
#5654 = CARTESIAN_POINT('',(-6.28318530718,0.15));
#5655 = VECTOR('',#5656,1.);
#5656 = DIRECTION('',(1.,0.));
#5657 = ( GEOMETRIC_REPRESENTATION_CONTEXT(2) 
PARAMETRIC_REPRESENTATION_CONTEXT() REPRESENTATION_CONTEXT('2D SPACE',''
  ) );
#5658 = ORIENTED_EDGE('',*,*,#5659,.F.);
#5659 = EDGE_CURVE('',#4001,#5631,#5660,.T.);
#5660 = SURFACE_CURVE('',#5661,(#5665,#5672),.PCURVE_S1.);
#5661 = LINE('',#5662,#5663);
#5662 = CARTESIAN_POINT('',(1.490729709765,0.125831409316,2.000247792129
    ));
#5663 = VECTOR('',#5664,1.);
#5664 = DIRECTION('',(-0.262951434031,0.656396635687,-0.707106781187));
#5665 = PCURVE('',#4050,#5666);
#5666 = DEFINITIONAL_REPRESENTATION('',(#5667),#5671);
#5667 = LINE('',#5668,#5669);
#5668 = CARTESIAN_POINT('',(6.616766222961,7.5E-02));
#5669 = VECTOR('',#5670,1.);
#5670 = DIRECTION('',(-5.921189464668E-15,-1.));
#5671 = ( GEOMETRIC_REPRESENTATION_CONTEXT(2) 
PARAMETRIC_REPRESENTATION_CONTEXT() REPRESENTATION_CONTEXT('2D SPACE',''
  ) );
#5672 = PCURVE('',#4017,#5673);
#5673 = DEFINITIONAL_REPRESENTATION('',(#5674),#5678);
#5674 = LINE('',#5675,#5676);
#5675 = CARTESIAN_POINT('',(5.620543140667,-7.499999999999E-02));
#5676 = VECTOR('',#5677,1.);
#5677 = DIRECTION('',(0.,1.));
#5678 = ( GEOMETRIC_REPRESENTATION_CONTEXT(2) 
PARAMETRIC_REPRESENTATION_CONTEXT() REPRESENTATION_CONTEXT('2D SPACE',''
  ) );
#5679 = ADVANCED_FACE('',(#5680),#4017,.T.);
#5680 = FACE_BOUND('',#5681,.T.);
#5681 = EDGE_LOOP('',(#5682,#5683,#5684,#5707));
#5682 = ORIENTED_EDGE('',*,*,#5659,.F.);
#5683 = ORIENTED_EDGE('',*,*,#4000,.T.);
#5684 = ORIENTED_EDGE('',*,*,#5685,.T.);
#5685 = EDGE_CURVE('',#3968,#5686,#5688,.T.);
#5686 = VERTEX_POINT('',#5687);
#5687 = CARTESIAN_POINT('',(3.983365317779,0.610450805756,1.850247792129
    ));
#5688 = SURFACE_CURVE('',#5689,(#5693,#5700),.PCURVE_S1.);
#5689 = LINE('',#5690,#5691);
#5690 = CARTESIAN_POINT('',(3.966658321321,0.461384121788,2.000247792129
    ));
#5691 = VECTOR('',#5692,1.);
#5692 = DIRECTION('',(7.875753658818E-02,0.702707087221,-0.707106781187)
  );
#5693 = PCURVE('',#4017,#5694);
#5694 = DEFINITIONAL_REPRESENTATION('',(#5695),#5699);
#5695 = LINE('',#5696,#5697);
#5696 = CARTESIAN_POINT('',(6.113176821784,-7.5E-02));
#5697 = VECTOR('',#5698,1.);
#5698 = DIRECTION('',(0.,1.));
#5699 = ( GEOMETRIC_REPRESENTATION_CONTEXT(2) 
PARAMETRIC_REPRESENTATION_CONTEXT() REPRESENTATION_CONTEXT('2D SPACE',''
  ) );
#5700 = PCURVE('',#3988,#5701);
#5701 = DEFINITIONAL_REPRESENTATION('',(#5702),#5706);
#5702 = LINE('',#5703,#5704);
#5703 = CARTESIAN_POINT('',(5.182776524266,7.5E-02));
#5704 = VECTOR('',#5705,1.);
#5705 = DIRECTION('',(-2.368475785867E-14,-1.));
#5706 = ( GEOMETRIC_REPRESENTATION_CONTEXT(2) 
PARAMETRIC_REPRESENTATION_CONTEXT() REPRESENTATION_CONTEXT('2D SPACE',''
  ) );
#5707 = ORIENTED_EDGE('',*,*,#5708,.T.);
#5708 = EDGE_CURVE('',#5686,#5631,#5709,.T.);
#5709 = SURFACE_CURVE('',#5710,(#5715,#5722),.PCURVE_S1.);
#5710 = CIRCLE('',#5711,5.2735);
#5711 = AXIS2_PLACEMENT_3D('',#5712,#5713,#5714);
#5712 = CARTESIAN_POINT('',(3.396003012328,-4.630236913631,
    1.850247792129));
#5713 = DIRECTION('',(-6.12318272229E-17,3.574525976783E-30,1.));
#5714 = DIRECTION('',(0.277912237606,0.96060646895,1.701707411622E-17));
#5715 = PCURVE('',#4017,#5716);
#5716 = DEFINITIONAL_REPRESENTATION('',(#5717),#5721);
#5717 = LINE('',#5718,#5719);
#5718 = CARTESIAN_POINT('',(6.28318530718,7.5E-02));
#5719 = VECTOR('',#5720,1.);
#5720 = DIRECTION('',(-1.,-1.81268581525E-15));
#5721 = ( GEOMETRIC_REPRESENTATION_CONTEXT(2) 
PARAMETRIC_REPRESENTATION_CONTEXT() REPRESENTATION_CONTEXT('2D SPACE',''
  ) );
#5722 = PCURVE('',#1310,#5723);
#5723 = DEFINITIONAL_REPRESENTATION('',(#5724),#5728);
#5724 = LINE('',#5725,#5726);
#5725 = CARTESIAN_POINT('',(6.28318530718,0.15));
#5726 = VECTOR('',#5727,1.);
#5727 = DIRECTION('',(-1.,0.));
#5728 = ( GEOMETRIC_REPRESENTATION_CONTEXT(2) 
PARAMETRIC_REPRESENTATION_CONTEXT() REPRESENTATION_CONTEXT('2D SPACE',''
  ) );
#5729 = ADVANCED_FACE('',(#5730),#3988,.F.);
#5730 = FACE_BOUND('',#5731,.F.);
#5731 = EDGE_LOOP('',(#5732,#5733,#5734,#5756));
#5732 = ORIENTED_EDGE('',*,*,#3967,.F.);
#5733 = ORIENTED_EDGE('',*,*,#5685,.T.);
#5734 = ORIENTED_EDGE('',*,*,#5735,.F.);
#5735 = EDGE_CURVE('',#2095,#5686,#5736,.T.);
#5736 = SURFACE_CURVE('',#5737,(#5742,#5749),.PCURVE_S1.);
#5737 = CIRCLE('',#5738,0.5);
#5738 = AXIS2_PLACEMENT_3D('',#5739,#5740,#5741);
#5739 = CARTESIAN_POINT('',(4.03905530597,1.107339752318,1.850247792129)
  );
#5740 = DIRECTION('',(6.12318272229E-17,-3.574525976783E-30,-1.));
#5741 = DIRECTION('',(0.835365423047,-0.54969501542,5.115095125198E-17)
  );
#5742 = PCURVE('',#3988,#5743);
#5743 = DEFINITIONAL_REPRESENTATION('',(#5744),#5748);
#5744 = LINE('',#5745,#5746);
#5745 = CARTESIAN_POINT('',(12.566370614359,-7.5E-02));
#5746 = VECTOR('',#5747,1.);
#5747 = DIRECTION('',(-1.,2.809064754871E-16));
#5748 = ( GEOMETRIC_REPRESENTATION_CONTEXT(2) 
PARAMETRIC_REPRESENTATION_CONTEXT() REPRESENTATION_CONTEXT('2D SPACE',''
  ) );
#5749 = PCURVE('',#1193,#5750);
#5750 = DEFINITIONAL_REPRESENTATION('',(#5751),#5755);
#5751 = LINE('',#5752,#5753);
#5752 = CARTESIAN_POINT('',(0.,0.15));
#5753 = VECTOR('',#5754,1.);
#5754 = DIRECTION('',(1.,0.));
#5755 = ( GEOMETRIC_REPRESENTATION_CONTEXT(2) 
PARAMETRIC_REPRESENTATION_CONTEXT() REPRESENTATION_CONTEXT('2D SPACE',''
  ) );
#5756 = ORIENTED_EDGE('',*,*,#5757,.F.);
#5757 = EDGE_CURVE('',#3940,#2095,#5758,.T.);
#5758 = SURFACE_CURVE('',#5759,(#5763,#5770),.PCURVE_S1.);
#5759 = LINE('',#5760,#5761);
#5760 = CARTESIAN_POINT('',(4.603650688158,1.429414362326,2.000247792129
    ));
#5761 = VECTOR('',#5762,1.);
#5762 = DIRECTION('',(-0.614198805188,-0.350370985822,-0.707106781187));
#5763 = PCURVE('',#3988,#5764);
#5764 = DEFINITIONAL_REPRESENTATION('',(#5765),#5769);
#5765 = LINE('',#5766,#5767);
#5766 = CARTESIAN_POINT('',(7.383594090093,7.5E-02));
#5767 = VECTOR('',#5768,1.);
#5768 = DIRECTION('',(-5.921189464668E-15,-1.));
#5769 = ( GEOMETRIC_REPRESENTATION_CONTEXT(2) 
PARAMETRIC_REPRESENTATION_CONTEXT() REPRESENTATION_CONTEXT('2D SPACE',''
  ) );
#5770 = PCURVE('',#2111,#5771);
#5771 = DEFINITIONAL_REPRESENTATION('',(#5772),#5776);
#5772 = LINE('',#5773,#5774);
#5773 = CARTESIAN_POINT('',(0.237877635285,7.5E-02));
#5774 = VECTOR('',#5775,1.);
#5775 = DIRECTION('',(1.480297366167E-15,-1.));
#5776 = ( GEOMETRIC_REPRESENTATION_CONTEXT(2) 
PARAMETRIC_REPRESENTATION_CONTEXT() REPRESENTATION_CONTEXT('2D SPACE',''
  ) );
#5777 = ADVANCED_FACE('',(#5778),#2111,.F.);
#5778 = FACE_BOUND('',#5779,.F.);
#5779 = EDGE_LOOP('',(#5780,#5781,#5782,#5783));
#5780 = ORIENTED_EDGE('',*,*,#2094,.F.);
#5781 = ORIENTED_EDGE('',*,*,#5074,.T.);
#5782 = ORIENTED_EDGE('',*,*,#3939,.F.);
#5783 = ORIENTED_EDGE('',*,*,#5757,.T.);
#5784 = ADVANCED_FACE('',(#5785),#5537,.F.);
#5785 = FACE_BOUND('',#5786,.F.);
#5786 = EDGE_LOOP('',(#5787,#5810,#5834,#5855));
#5787 = ORIENTED_EDGE('',*,*,#5788,.F.);
#5788 = EDGE_CURVE('',#5789,#5466,#5791,.T.);
#5789 = VERTEX_POINT('',#5790);
#5790 = CARTESIAN_POINT('',(-0.335710724019,-0.904097512057,
    1.600247792129));
#5791 = SURFACE_CURVE('',#5792,(#5796,#5803),.PCURVE_S1.);
#5792 = LINE('',#5793,#5794);
#5793 = CARTESIAN_POINT('',(-0.335710724019,-0.904097512057,
    2.000247792129));
#5794 = VECTOR('',#5795,1.);
#5795 = DIRECTION('',(-6.12318272229E-17,3.583545125319E-30,1.));
#5796 = PCURVE('',#5537,#5797);
#5797 = DEFINITIONAL_REPRESENTATION('',(#5798),#5802);
#5798 = LINE('',#5799,#5800);
#5799 = CARTESIAN_POINT('',(0.333580915782,0.));
#5800 = VECTOR('',#5801,1.);
#5801 = DIRECTION('',(0.,-1.));
#5802 = ( GEOMETRIC_REPRESENTATION_CONTEXT(2) 
PARAMETRIC_REPRESENTATION_CONTEXT() REPRESENTATION_CONTEXT('2D SPACE',''
  ) );
#5803 = PCURVE('',#5503,#5804);
#5804 = DEFINITIONAL_REPRESENTATION('',(#5805),#5809);
#5805 = LINE('',#5806,#5807);
#5806 = CARTESIAN_POINT('',(6.247162913152,0.));
#5807 = VECTOR('',#5808,1.);
#5808 = DIRECTION('',(0.,-1.));
#5809 = ( GEOMETRIC_REPRESENTATION_CONTEXT(2) 
PARAMETRIC_REPRESENTATION_CONTEXT() REPRESENTATION_CONTEXT('2D SPACE',''
  ) );
#5810 = ORIENTED_EDGE('',*,*,#5811,.F.);
#5811 = EDGE_CURVE('',#5812,#5789,#5814,.T.);
#5812 = VERTEX_POINT('',#5813);
#5813 = CARTESIAN_POINT('',(-0.192975219356,-0.609417870758,
    1.600247792129));
#5814 = SURFACE_CURVE('',#5815,(#5820,#5827),.PCURVE_S1.);
#5815 = CIRCLE('',#5816,0.5);
#5816 = AXIS2_PLACEMENT_3D('',#5817,#5818,#5819);
#5817 = CARTESIAN_POINT('',(-0.68952827748,-0.550808481852,
    1.600247792129));
#5818 = DIRECTION('',(6.12318272229E-17,-3.571444488872E-30,-1.));
#5819 = DIRECTION('',(0.899981259828,-0.435928585846,5.510749700566E-17)
  );
#5820 = PCURVE('',#5537,#5821);
#5821 = DEFINITIONAL_REPRESENTATION('',(#5822),#5826);
#5822 = LINE('',#5823,#5824);
#5823 = CARTESIAN_POINT('',(-6.28318530718,0.4));
#5824 = VECTOR('',#5825,1.);
#5825 = DIRECTION('',(1.,0.));
#5826 = ( GEOMETRIC_REPRESENTATION_CONTEXT(2) 
PARAMETRIC_REPRESENTATION_CONTEXT() REPRESENTATION_CONTEXT('2D SPACE',''
  ) );
#5827 = PCURVE('',#1748,#5828);
#5828 = DEFINITIONAL_REPRESENTATION('',(#5829),#5833);
#5829 = CIRCLE('',#5830,0.5);
#5830 = AXIS2_PLACEMENT_2D('',#5831,#5832);
#5831 = CARTESIAN_POINT('',(4.079428431779,-4.085531289807));
#5832 = DIRECTION('',(-0.435928585846,0.899981259828));
#5833 = ( GEOMETRIC_REPRESENTATION_CONTEXT(2) 
PARAMETRIC_REPRESENTATION_CONTEXT() REPRESENTATION_CONTEXT('2D SPACE',''
  ) );
#5834 = ORIENTED_EDGE('',*,*,#5835,.F.);
#5835 = EDGE_CURVE('',#5521,#5812,#5836,.T.);
#5836 = SURFACE_CURVE('',#5837,(#5841,#5848),.PCURVE_S1.);
#5837 = LINE('',#5838,#5839);
#5838 = CARTESIAN_POINT('',(-0.192975219356,-0.609417870758,
    2.000247792129));
#5839 = VECTOR('',#5840,1.);
#5840 = DIRECTION('',(6.12318272229E-17,-3.583545125319E-30,-1.));
#5841 = PCURVE('',#5537,#5842);
#5842 = DEFINITIONAL_REPRESENTATION('',(#5843),#5847);
#5843 = LINE('',#5844,#5845);
#5844 = CARTESIAN_POINT('',(-0.333580915782,0.));
#5845 = VECTOR('',#5846,1.);
#5846 = DIRECTION('',(0.,1.));
#5847 = ( GEOMETRIC_REPRESENTATION_CONTEXT(2) 
PARAMETRIC_REPRESENTATION_CONTEXT() REPRESENTATION_CONTEXT('2D SPACE',''
  ) );
#5848 = PCURVE('',#5613,#5849);
#5849 = DEFINITIONAL_REPRESENTATION('',(#5850),#5854);
#5850 = LINE('',#5851,#5852);
#5851 = CARTESIAN_POINT('',(4.383944911382,0.));
#5852 = VECTOR('',#5853,1.);
#5853 = DIRECTION('',(0.,1.));
#5854 = ( GEOMETRIC_REPRESENTATION_CONTEXT(2) 
PARAMETRIC_REPRESENTATION_CONTEXT() REPRESENTATION_CONTEXT('2D SPACE',''
  ) );
#5855 = ORIENTED_EDGE('',*,*,#5520,.T.);
#5856 = ADVANCED_FACE('',(#5857),#5613,.T.);
#5857 = FACE_BOUND('',#5858,.T.);
#5858 = EDGE_LOOP('',(#5859,#5860,#5883,#5905));
#5859 = ORIENTED_EDGE('',*,*,#5598,.F.);
#5860 = ORIENTED_EDGE('',*,*,#5861,.F.);
#5861 = EDGE_CURVE('',#5862,#5576,#5864,.T.);
#5862 = VERTEX_POINT('',#5863);
#5863 = CARTESIAN_POINT('',(1.107889043098,0.24954637939,1.600247792129)
  );
#5864 = SURFACE_CURVE('',#5865,(#5869,#5876),.PCURVE_S1.);
#5865 = LINE('',#5866,#5867);
#5866 = CARTESIAN_POINT('',(1.107889043098,0.24954637939,2.000247792129)
  );
#5867 = VECTOR('',#5868,1.);
#5868 = DIRECTION('',(-6.12318272229E-17,3.583545125319E-30,1.));
#5869 = PCURVE('',#5613,#5870);
#5870 = DEFINITIONAL_REPRESENTATION('',(#5871),#5875);
#5871 = LINE('',#5872,#5873);
#5872 = CARTESIAN_POINT('',(6.123392060509,0.));
#5873 = VECTOR('',#5874,1.);
#5874 = DIRECTION('',(0.,-1.));
#5875 = ( GEOMETRIC_REPRESENTATION_CONTEXT(2) 
PARAMETRIC_REPRESENTATION_CONTEXT() REPRESENTATION_CONTEXT('2D SPACE',''
  ) );
#5876 = PCURVE('',#5647,#5877);
#5877 = DEFINITIONAL_REPRESENTATION('',(#5878),#5882);
#5878 = LINE('',#5879,#5880);
#5879 = CARTESIAN_POINT('',(0.333580915782,0.));
#5880 = VECTOR('',#5881,1.);
#5881 = DIRECTION('',(0.,-1.));
#5882 = ( GEOMETRIC_REPRESENTATION_CONTEXT(2) 
PARAMETRIC_REPRESENTATION_CONTEXT() REPRESENTATION_CONTEXT('2D SPACE',''
  ) );
#5883 = ORIENTED_EDGE('',*,*,#5884,.F.);
#5884 = EDGE_CURVE('',#5812,#5862,#5885,.T.);
#5885 = SURFACE_CURVE('',#5886,(#5891,#5898),.PCURVE_S1.);
#5886 = CIRCLE('',#5887,1.02);
#5887 = AXIS2_PLACEMENT_3D('',#5888,#5889,#5890);
#5888 = CARTESIAN_POINT('',(0.819993019216,-0.728981024127,
    1.600247792129));
#5889 = DIRECTION('',(6.12318272229E-17,-3.571444488872E-30,-1.));
#5890 = DIRECTION('',(0.431299788889,0.902208674368,2.64092741545E-17));
#5891 = PCURVE('',#5613,#5892);
#5892 = DEFINITIONAL_REPRESENTATION('',(#5893),#5897);
#5893 = LINE('',#5894,#5895);
#5894 = CARTESIAN_POINT('',(-8.881784197001E-16,0.4));
#5895 = VECTOR('',#5896,1.);
#5896 = DIRECTION('',(1.,0.));
#5897 = ( GEOMETRIC_REPRESENTATION_CONTEXT(2) 
PARAMETRIC_REPRESENTATION_CONTEXT() REPRESENTATION_CONTEXT('2D SPACE',''
  ) );
#5898 = PCURVE('',#1748,#5899);
#5899 = DEFINITIONAL_REPRESENTATION('',(#5900),#5904);
#5900 = CIRCLE('',#5901,1.02);
#5901 = AXIS2_PLACEMENT_2D('',#5902,#5903);
#5902 = CARTESIAN_POINT('',(3.901255889504,-2.576009993111));
#5903 = DIRECTION('',(0.902208674368,0.431299788889));
#5904 = ( GEOMETRIC_REPRESENTATION_CONTEXT(2) 
PARAMETRIC_REPRESENTATION_CONTEXT() REPRESENTATION_CONTEXT('2D SPACE',''
  ) );
#5905 = ORIENTED_EDGE('',*,*,#5835,.F.);
#5906 = ADVANCED_FACE('',(#5907),#5647,.F.);
#5907 = FACE_BOUND('',#5908,.F.);
#5908 = EDGE_LOOP('',(#5909,#5910,#5934,#5955));
#5909 = ORIENTED_EDGE('',*,*,#5861,.F.);
#5910 = ORIENTED_EDGE('',*,*,#5911,.F.);
#5911 = EDGE_CURVE('',#5912,#5862,#5914,.T.);
#5912 = VERTEX_POINT('',#5913);
#5913 = CARTESIAN_POINT('',(1.434949287127,0.265074162989,1.600247792129
    ));
#5914 = SURFACE_CURVE('',#5915,(#5920,#5927),.PCURVE_S1.);
#5915 = CIRCLE('',#5916,0.5);
#5916 = AXIS2_PLACEMENT_3D('',#5917,#5918,#5919);
#5917 = CARTESIAN_POINT('',(1.249014545001,0.729216675231,1.600247792129
    ));
#5918 = DIRECTION('',(6.12318272229E-17,-3.583770440516E-30,-1.));
#5919 = DIRECTION('',(4.742341270772E-02,-0.998874877013,
    2.903822213243E-18));
#5920 = PCURVE('',#5647,#5921);
#5921 = DEFINITIONAL_REPRESENTATION('',(#5922),#5926);
#5922 = LINE('',#5923,#5924);
#5923 = CARTESIAN_POINT('',(-6.28318530718,0.4));
#5924 = VECTOR('',#5925,1.);
#5925 = DIRECTION('',(1.,0.));
#5926 = ( GEOMETRIC_REPRESENTATION_CONTEXT(2) 
PARAMETRIC_REPRESENTATION_CONTEXT() REPRESENTATION_CONTEXT('2D SPACE',''
  ) );
#5927 = PCURVE('',#1748,#5928);
#5928 = DEFINITIONAL_REPRESENTATION('',(#5929),#5933);
#5929 = CIRCLE('',#5930,0.5);
#5930 = AXIS2_PLACEMENT_2D('',#5931,#5932);
#5931 = CARTESIAN_POINT('',(5.359453588862,-2.146988467326));
#5932 = DIRECTION('',(-0.998874877013,4.742341270772E-02));
#5933 = ( GEOMETRIC_REPRESENTATION_CONTEXT(2) 
PARAMETRIC_REPRESENTATION_CONTEXT() REPRESENTATION_CONTEXT('2D SPACE',''
  ) );
#5934 = ORIENTED_EDGE('',*,*,#5935,.F.);
#5935 = EDGE_CURVE('',#5631,#5912,#5936,.T.);
#5936 = SURFACE_CURVE('',#5937,(#5941,#5948),.PCURVE_S1.);
#5937 = LINE('',#5938,#5939);
#5938 = CARTESIAN_POINT('',(1.434949287127,0.265074162989,2.000247792129
    ));
#5939 = VECTOR('',#5940,1.);
#5940 = DIRECTION('',(6.12318272229E-17,-3.583545125319E-30,-1.));
#5941 = PCURVE('',#5647,#5942);
#5942 = DEFINITIONAL_REPRESENTATION('',(#5943),#5947);
#5943 = LINE('',#5944,#5945);
#5944 = CARTESIAN_POINT('',(-0.333580915782,0.));
#5945 = VECTOR('',#5946,1.);
#5946 = DIRECTION('',(0.,1.));
#5947 = ( GEOMETRIC_REPRESENTATION_CONTEXT(2) 
PARAMETRIC_REPRESENTATION_CONTEXT() REPRESENTATION_CONTEXT('2D SPACE',''
  ) );
#5948 = PCURVE('',#1310,#5949);
#5949 = DEFINITIONAL_REPRESENTATION('',(#5950),#5954);
#5950 = LINE('',#5951,#5952);
#5951 = CARTESIAN_POINT('',(5.620543140667,0.));
#5952 = VECTOR('',#5953,1.);
#5953 = DIRECTION('',(0.,1.));
#5954 = ( GEOMETRIC_REPRESENTATION_CONTEXT(2) 
PARAMETRIC_REPRESENTATION_CONTEXT() REPRESENTATION_CONTEXT('2D SPACE',''
  ) );
#5955 = ORIENTED_EDGE('',*,*,#5630,.T.);
#5956 = ADVANCED_FACE('',(#5957),#1310,.T.);
#5957 = FACE_BOUND('',#5958,.T.);
#5958 = EDGE_LOOP('',(#5959,#5960,#5961,#5983,#5984,#5985));
#5959 = ORIENTED_EDGE('',*,*,#1291,.T.);
#5960 = ORIENTED_EDGE('',*,*,#1708,.F.);
#5961 = ORIENTED_EDGE('',*,*,#5962,.F.);
#5962 = EDGE_CURVE('',#5912,#1709,#5963,.T.);
#5963 = SURFACE_CURVE('',#5964,(#5969,#5976),.PCURVE_S1.);
#5964 = CIRCLE('',#5965,5.2735);
#5965 = AXIS2_PLACEMENT_3D('',#5966,#5967,#5968);
#5966 = CARTESIAN_POINT('',(3.396003012328,-4.630236913631,
    1.600247792129));
#5967 = DIRECTION('',(6.12318272229E-17,-3.574525976783E-30,-1.));
#5968 = DIRECTION('',(0.277912237606,0.96060646895,1.701707411622E-17));
#5969 = PCURVE('',#1310,#5970);
#5970 = DEFINITIONAL_REPRESENTATION('',(#5971),#5975);
#5971 = LINE('',#5972,#5973);
#5972 = CARTESIAN_POINT('',(0.,0.4));
#5973 = VECTOR('',#5974,1.);
#5974 = DIRECTION('',(1.,0.));
#5975 = ( GEOMETRIC_REPRESENTATION_CONTEXT(2) 
PARAMETRIC_REPRESENTATION_CONTEXT() REPRESENTATION_CONTEXT('2D SPACE',''
  ) );
#5976 = PCURVE('',#1748,#5977);
#5977 = DEFINITIONAL_REPRESENTATION('',(#5978),#5982);
#5978 = CIRCLE('',#5979,5.2735);
#5979 = AXIS2_PLACEMENT_2D('',#5980,#5981);
#5980 = CARTESIAN_POINT('',(0.,0.));
#5981 = DIRECTION('',(0.96060646895,0.277912237606));
#5982 = ( GEOMETRIC_REPRESENTATION_CONTEXT(2) 
PARAMETRIC_REPRESENTATION_CONTEXT() REPRESENTATION_CONTEXT('2D SPACE',''
  ) );
#5983 = ORIENTED_EDGE('',*,*,#5935,.F.);
#5984 = ORIENTED_EDGE('',*,*,#5708,.F.);
#5985 = ORIENTED_EDGE('',*,*,#5986,.F.);
#5986 = EDGE_CURVE('',#1172,#5686,#5987,.T.);
#5987 = SURFACE_CURVE('',#5988,(#5992,#5999),.PCURVE_S1.);
#5988 = LINE('',#5989,#5990);
#5989 = CARTESIAN_POINT('',(3.983365317779,0.610450805756,2.000247792129
    ));
#5990 = VECTOR('',#5991,1.);
#5991 = DIRECTION('',(-6.12318272229E-17,3.583545125319E-30,1.));
#5992 = PCURVE('',#1310,#5993);
#5993 = DEFINITIONAL_REPRESENTATION('',(#5994),#5998);
#5994 = LINE('',#5995,#5996);
#5995 = CARTESIAN_POINT('',(6.113176821784,0.));
#5996 = VECTOR('',#5997,1.);
#5997 = DIRECTION('',(0.,-1.));
#5998 = ( GEOMETRIC_REPRESENTATION_CONTEXT(2) 
PARAMETRIC_REPRESENTATION_CONTEXT() REPRESENTATION_CONTEXT('2D SPACE',''
  ) );
#5999 = PCURVE('',#1193,#6000);
#6000 = DEFINITIONAL_REPRESENTATION('',(#6001),#6005);
#6001 = LINE('',#6002,#6003);
#6002 = CARTESIAN_POINT('',(7.383594090093,0.));
#6003 = VECTOR('',#6004,1.);
#6004 = DIRECTION('',(0.,-1.));
#6005 = ( GEOMETRIC_REPRESENTATION_CONTEXT(2) 
PARAMETRIC_REPRESENTATION_CONTEXT() REPRESENTATION_CONTEXT('2D SPACE',''
  ) );
#6006 = ADVANCED_FACE('',(#6007),#1193,.F.);
#6007 = FACE_BOUND('',#6008,.F.);
#6008 = EDGE_LOOP('',(#6009,#6010,#6011,#6012));
#6009 = ORIENTED_EDGE('',*,*,#2123,.F.);
#6010 = ORIENTED_EDGE('',*,*,#5735,.T.);
#6011 = ORIENTED_EDGE('',*,*,#5986,.F.);
#6012 = ORIENTED_EDGE('',*,*,#1169,.F.);
#6013 = ADVANCED_FACE('',(#6014),#2082,.F.);
#6014 = FACE_BOUND('',#6015,.F.);
#6015 = EDGE_LOOP('',(#6016,#6017,#6041,#6069,#6098,#6119));
#6016 = ORIENTED_EDGE('',*,*,#2066,.F.);
#6017 = ORIENTED_EDGE('',*,*,#6018,.F.);
#6018 = EDGE_CURVE('',#6019,#2034,#6021,.T.);
#6019 = VERTEX_POINT('',#6020);
#6020 = CARTESIAN_POINT('',(-3.221078350025,0.380233184243,
    1.500247792129));
#6021 = SURFACE_CURVE('',#6022,(#6027,#6034),.PCURVE_S1.);
#6022 = CIRCLE('',#6023,0.5);
#6023 = AXIS2_PLACEMENT_3D('',#6024,#6025,#6026);
#6024 = CARTESIAN_POINT('',(-2.721362724794,0.363372167092,
    1.500247792129));
#6025 = DIRECTION('',(6.12318272229E-17,-3.589933416338E-30,-1.));
#6026 = DIRECTION('',(-0.951081157409,-0.308941146533,
    -5.823643710544E-17));
#6027 = PCURVE('',#2082,#6028);
#6028 = DEFINITIONAL_REPRESENTATION('',(#6029),#6033);
#6029 = LINE('',#6030,#6031);
#6030 = CARTESIAN_POINT('',(-1.221245327088E-15,0.5));
#6031 = VECTOR('',#6032,1.);
#6032 = DIRECTION('',(1.,0.));
#6033 = ( GEOMETRIC_REPRESENTATION_CONTEXT(2) 
PARAMETRIC_REPRESENTATION_CONTEXT() REPRESENTATION_CONTEXT('2D SPACE',''
  ) );
#6034 = PCURVE('',#2050,#6035);
#6035 = DEFINITIONAL_REPRESENTATION('',(#6036),#6040);
#6036 = CIRCLE('',#6037,0.5);
#6037 = AXIS2_PLACEMENT_2D('',#6038,#6039);
#6038 = CARTESIAN_POINT('',(1.216055113995,0.911926510047));
#6039 = DIRECTION('',(-0.308941146533,-0.951081157409));
#6040 = ( GEOMETRIC_REPRESENTATION_CONTEXT(2) 
PARAMETRIC_REPRESENTATION_CONTEXT() REPRESENTATION_CONTEXT('2D SPACE',''
  ) );
#6041 = ORIENTED_EDGE('',*,*,#6042,.F.);
#6042 = EDGE_CURVE('',#6043,#6019,#6045,.T.);
#6043 = VERTEX_POINT('',#6044);
#6044 = CARTESIAN_POINT('',(-3.221078350025,0.380233184243,
    1.600247792129));
#6045 = SURFACE_CURVE('',#6046,(#6050,#6057),.PCURVE_S1.);
#6046 = LINE('',#6047,#6048);
#6047 = CARTESIAN_POINT('',(-3.221078350025,0.380233184243,
    2.000247792129));
#6048 = VECTOR('',#6049,1.);
#6049 = DIRECTION('',(6.12318272229E-17,-3.583545125319E-30,-1.));
#6050 = PCURVE('',#2082,#6051);
#6051 = DEFINITIONAL_REPRESENTATION('',(#6052),#6056);
#6052 = LINE('',#6053,#6054);
#6053 = CARTESIAN_POINT('',(0.347807944138,0.));
#6054 = VECTOR('',#6055,1.);
#6055 = DIRECTION('',(0.,1.));
#6056 = ( GEOMETRIC_REPRESENTATION_CONTEXT(2) 
PARAMETRIC_REPRESENTATION_CONTEXT() REPRESENTATION_CONTEXT('2D SPACE',''
  ) );
#6057 = PCURVE('',#6058,#6063);
#6058 = CYLINDRICAL_SURFACE('',#6059,1.3);
#6059 = AXIS2_PLACEMENT_3D('',#6060,#6061,#6062);
#6060 = CARTESIAN_POINT('',(-3.633289234841,-0.852682946903,
    2.47792129087E-04));
#6061 = DIRECTION('',(-6.12318272229E-17,3.583545125319E-30,1.));
#6062 = DIRECTION('',(-1.,-2.22044604925E-16,-6.12318272229E-17));
#6063 = DEFINITIONAL_REPRESENTATION('',(#6064),#6068);
#6064 = LINE('',#6065,#6066);
#6065 = CARTESIAN_POINT('',(4.389734373664,2.));
#6066 = VECTOR('',#6067,1.);
#6067 = DIRECTION('',(0.,-1.));
#6068 = ( GEOMETRIC_REPRESENTATION_CONTEXT(2) 
PARAMETRIC_REPRESENTATION_CONTEXT() REPRESENTATION_CONTEXT('2D SPACE',''
  ) );
#6069 = ORIENTED_EDGE('',*,*,#6070,.F.);
#6070 = EDGE_CURVE('',#6071,#6043,#6073,.T.);
#6071 = VERTEX_POINT('',#6072);
#6072 = CARTESIAN_POINT('',(-3.021338550467,-3.664596251159E-02,
    1.600247792129));
#6073 = SURFACE_CURVE('',#6074,(#6079,#6086),.PCURVE_S1.);
#6074 = CIRCLE('',#6075,0.5);
#6075 = AXIS2_PLACEMENT_3D('',#6076,#6077,#6078);
#6076 = CARTESIAN_POINT('',(-2.721362724794,0.363372167092,
    1.600247792129));
#6077 = DIRECTION('',(6.12318272229E-17,-3.589933416338E-30,-1.));
#6078 = DIRECTION('',(-0.951081157409,-0.308941146533,
    -5.823643710544E-17));
#6079 = PCURVE('',#2082,#6080);
#6080 = DEFINITIONAL_REPRESENTATION('',(#6081),#6085);
#6081 = LINE('',#6082,#6083);
#6082 = CARTESIAN_POINT('',(-6.28318530718,0.4));
#6083 = VECTOR('',#6084,1.);
#6084 = DIRECTION('',(1.,0.));
#6085 = ( GEOMETRIC_REPRESENTATION_CONTEXT(2) 
PARAMETRIC_REPRESENTATION_CONTEXT() REPRESENTATION_CONTEXT('2D SPACE',''
  ) );
#6086 = PCURVE('',#6087,#6092);
#6087 = PLANE('',#6088);
#6088 = AXIS2_PLACEMENT_3D('',#6089,#6090,#6091);
#6089 = CARTESIAN_POINT('',(-3.633289234841,-0.852682946903,
    1.600247792129));
#6090 = DIRECTION('',(6.12318272229E-17,-3.583545125319E-30,-1.));
#6091 = DIRECTION('',(-2.22044604925E-16,1.,-3.597141322204E-30));
#6092 = DEFINITIONAL_REPRESENTATION('',(#6093),#6097);
#6093 = CIRCLE('',#6094,0.5);
#6094 = AXIS2_PLACEMENT_2D('',#6095,#6096);
#6095 = CARTESIAN_POINT('',(1.216055113995,0.911926510047));
#6096 = DIRECTION('',(-0.308941146533,-0.951081157409));
#6097 = ( GEOMETRIC_REPRESENTATION_CONTEXT(2) 
PARAMETRIC_REPRESENTATION_CONTEXT() REPRESENTATION_CONTEXT('2D SPACE',''
  ) );
#6098 = ORIENTED_EDGE('',*,*,#6099,.F.);
#6099 = EDGE_CURVE('',#5096,#6071,#6100,.T.);
#6100 = SURFACE_CURVE('',#6101,(#6105,#6112),.PCURVE_S1.);
#6101 = LINE('',#6102,#6103);
#6102 = CARTESIAN_POINT('',(-3.021338550467,-3.664596251159E-02,
    2.000247792129));
#6103 = VECTOR('',#6104,1.);
#6104 = DIRECTION('',(6.12318272229E-17,-3.583545125319E-30,-1.));
#6105 = PCURVE('',#2082,#6106);
#6106 = DEFINITIONAL_REPRESENTATION('',(#6107),#6111);
#6107 = LINE('',#6108,#6109);
#6108 = CARTESIAN_POINT('',(-0.613276137197,0.));
#6109 = VECTOR('',#6110,1.);
#6110 = DIRECTION('',(0.,1.));
#6111 = ( GEOMETRIC_REPRESENTATION_CONTEXT(2) 
PARAMETRIC_REPRESENTATION_CONTEXT() REPRESENTATION_CONTEXT('2D SPACE',''
  ) );
#6112 = PCURVE('',#5183,#6113);
#6113 = DEFINITIONAL_REPRESENTATION('',(#6114),#6118);
#6114 = LINE('',#6115,#6116);
#6115 = CARTESIAN_POINT('',(4.172269033336,0.));
#6116 = VECTOR('',#6117,1.);
#6117 = DIRECTION('',(0.,1.));
#6118 = ( GEOMETRIC_REPRESENTATION_CONTEXT(2) 
PARAMETRIC_REPRESENTATION_CONTEXT() REPRESENTATION_CONTEXT('2D SPACE',''
  ) );
#6119 = ORIENTED_EDGE('',*,*,#5095,.T.);
#6120 = ADVANCED_FACE('',(#6121),#4583,.F.);
#6121 = FACE_BOUND('',#6122,.F.);
#6122 = EDGE_LOOP('',(#6123,#6145,#6146,#6169));
#6123 = ORIENTED_EDGE('',*,*,#6124,.F.);
#6124 = EDGE_CURVE('',#4563,#6125,#6127,.T.);
#6125 = VERTEX_POINT('',#6126);
#6126 = CARTESIAN_POINT('',(-6.310302418807,1.793313351823,
    1.850247792129));
#6127 = SURFACE_CURVE('',#6128,(#6133,#6139),.PCURVE_S1.);
#6128 = B_SPLINE_CURVE_WITH_KNOTS('',3,(#6129,#6130,#6131,#6132),
  .UNSPECIFIED.,.F.,.F.,(4,4),(0.,2.315748752794E-02),
  .PIECEWISE_BEZIER_KNOTS.);
#6129 = CARTESIAN_POINT('',(-6.349299534693,1.965593840621,
    2.000247792129));
#6130 = CARTESIAN_POINT('',(-6.336260250573,1.908430711259,
    1.950039220194));
#6131 = CARTESIAN_POINT('',(-6.323240975062,1.850937958801,
    1.899958520731));
#6132 = CARTESIAN_POINT('',(-6.310302418807,1.793313351823,
    1.850247792129));
#6133 = PCURVE('',#4583,#6134);
#6134 = DEFINITIONAL_REPRESENTATION('',(#6135),#6138);
#6135 = B_SPLINE_CURVE_WITH_KNOTS('',1,(#6136,#6137),.UNSPECIFIED.,.F.,
  .F.,(2,2),(0.,2.315748752794E-02),.PIECEWISE_BEZIER_KNOTS.);
#6136 = CARTESIAN_POINT('',(5.479310536339,7.499999999999E-02));
#6137 = CARTESIAN_POINT('',(5.503614023164,-7.500000000001E-02));
#6138 = ( GEOMETRIC_REPRESENTATION_CONTEXT(2) 
PARAMETRIC_REPRESENTATION_CONTEXT() REPRESENTATION_CONTEXT('2D SPACE',''
  ) );
#6139 = PCURVE('',#5044,#6140);
#6140 = DEFINITIONAL_REPRESENTATION('',(#6141),#6144);
#6141 = B_SPLINE_CURVE_WITH_KNOTS('',1,(#6142,#6143),.UNSPECIFIED.,.F.,
  .F.,(2,2),(0.,2.315748752794E-02),.PIECEWISE_BEZIER_KNOTS.);
#6142 = CARTESIAN_POINT('',(3.110463635493E-02,7.499999999999E-02));
#6143 = CARTESIAN_POINT('',(0.,-7.500000000001E-02));
#6144 = ( GEOMETRIC_REPRESENTATION_CONTEXT(2) 
PARAMETRIC_REPRESENTATION_CONTEXT() REPRESENTATION_CONTEXT('2D SPACE',''
  ) );
#6145 = ORIENTED_EDGE('',*,*,#4560,.F.);
#6146 = ORIENTED_EDGE('',*,*,#6147,.F.);
#6147 = EDGE_CURVE('',#6148,#4561,#6150,.T.);
#6148 = VERTEX_POINT('',#6149);
#6149 = CARTESIAN_POINT('',(-3.713908225726,2.910453587733,
    1.850247792129));
#6150 = SURFACE_CURVE('',#6151,(#6155,#6162),.PCURVE_S1.);
#6151 = LINE('',#6152,#6153);
#6152 = CARTESIAN_POINT('',(-3.713908225726,2.910453587733,
    1.850247792129));
#6153 = VECTOR('',#6154,1.);
#6154 = DIRECTION('',(-1.514512092125E-02,0.706944570184,0.707106781187)
  );
#6155 = PCURVE('',#4583,#6156);
#6156 = DEFINITIONAL_REPRESENTATION('',(#6157),#6161);
#6157 = LINE('',#6158,#6159);
#6158 = CARTESIAN_POINT('',(4.733809053749,-7.500000000001E-02));
#6159 = VECTOR('',#6160,1.);
#6160 = DIRECTION('',(0.,1.));
#6161 = ( GEOMETRIC_REPRESENTATION_CONTEXT(2) 
PARAMETRIC_REPRESENTATION_CONTEXT() REPRESENTATION_CONTEXT('2D SPACE',''
  ) );
#6162 = PCURVE('',#4616,#6163);
#6163 = DEFINITIONAL_REPRESENTATION('',(#6164),#6168);
#6164 = LINE('',#6165,#6166);
#6165 = CARTESIAN_POINT('',(7.382671259827,-7.500000000002E-02));
#6166 = VECTOR('',#6167,1.);
#6167 = DIRECTION('',(1.184237892933E-14,1.));
#6168 = ( GEOMETRIC_REPRESENTATION_CONTEXT(2) 
PARAMETRIC_REPRESENTATION_CONTEXT() REPRESENTATION_CONTEXT('2D SPACE',''
  ) );
#6169 = ORIENTED_EDGE('',*,*,#6170,.F.);
#6170 = EDGE_CURVE('',#6125,#6148,#6171,.T.);
#6171 = SURFACE_CURVE('',#6172,(#6177,#6184),.PCURVE_S1.);
#6172 = CIRCLE('',#6173,3.764);
#6173 = AXIS2_PLACEMENT_3D('',#6174,#6175,#6176);
#6174 = CARTESIAN_POINT('',(-3.633289234841,-0.852682946903,
    1.850247792129));
#6175 = DIRECTION('',(6.12318272229E-17,-3.583545125319E-30,-1.));
#6176 = DIRECTION('',(-1.,-2.22044604925E-16,-6.12318272229E-17));
#6177 = PCURVE('',#4583,#6178);
#6178 = DEFINITIONAL_REPRESENTATION('',(#6179),#6183);
#6179 = LINE('',#6180,#6181);
#6180 = CARTESIAN_POINT('',(6.28318530718,-7.5E-02));
#6181 = VECTOR('',#6182,1.);
#6182 = DIRECTION('',(-1.,5.736368580996E-16));
#6183 = ( GEOMETRIC_REPRESENTATION_CONTEXT(2) 
PARAMETRIC_REPRESENTATION_CONTEXT() REPRESENTATION_CONTEXT('2D SPACE',''
  ) );
#6184 = PCURVE('',#499,#6185);
#6185 = DEFINITIONAL_REPRESENTATION('',(#6186),#6190);
#6186 = LINE('',#6187,#6188);
#6187 = CARTESIAN_POINT('',(6.28318530718,1.85));
#6188 = VECTOR('',#6189,1.);
#6189 = DIRECTION('',(-1.,0.));
#6190 = ( GEOMETRIC_REPRESENTATION_CONTEXT(2) 
PARAMETRIC_REPRESENTATION_CONTEXT() REPRESENTATION_CONTEXT('2D SPACE',''
  ) );
#6191 = ADVANCED_FACE('',(#6192),#4616,.F.);
#6192 = FACE_BOUND('',#6193,.F.);
#6193 = EDGE_LOOP('',(#6194,#6195,#6218,#6245));
#6194 = ORIENTED_EDGE('',*,*,#4595,.F.);
#6195 = ORIENTED_EDGE('',*,*,#6196,.F.);
#6196 = EDGE_CURVE('',#6197,#4596,#6199,.T.);
#6197 = VERTEX_POINT('',#6198);
#6198 = CARTESIAN_POINT('',(-3.292447825017,2.125465735349,
    1.850247792129));
#6199 = SURFACE_CURVE('',#6200,(#6204,#6211),.PCURVE_S1.);
#6200 = LINE('',#6201,#6202);
#6201 = CARTESIAN_POINT('',(-3.292447825017,2.125465735349,
    1.850247792129));
#6202 = VECTOR('',#6203,1.);
#6203 = DIRECTION('',(0.580889893765,-0.403195896956,0.707106781187));
#6204 = PCURVE('',#4616,#6205);
#6205 = DEFINITIONAL_REPRESENTATION('',(#6206),#6210);
#6206 = LINE('',#6207,#6208);
#6207 = CARTESIAN_POINT('',(5.183699354533,-7.499999999999E-02));
#6208 = VECTOR('',#6209,1.);
#6209 = DIRECTION('',(1.006602208994E-13,1.));
#6210 = ( GEOMETRIC_REPRESENTATION_CONTEXT(2) 
PARAMETRIC_REPRESENTATION_CONTEXT() REPRESENTATION_CONTEXT('2D SPACE',''
  ) );
#6211 = PCURVE('',#4645,#6212);
#6212 = DEFINITIONAL_REPRESENTATION('',(#6213),#6217);
#6213 = LINE('',#6214,#6215);
#6214 = CARTESIAN_POINT('',(6.10725796139,7.499999999999E-02));
#6215 = VECTOR('',#6216,1.);
#6216 = DIRECTION('',(0.,-1.));
#6217 = ( GEOMETRIC_REPRESENTATION_CONTEXT(2) 
PARAMETRIC_REPRESENTATION_CONTEXT() REPRESENTATION_CONTEXT('2D SPACE',''
  ) );
#6218 = ORIENTED_EDGE('',*,*,#6219,.F.);
#6219 = EDGE_CURVE('',#6148,#6197,#6220,.T.);
#6220 = SURFACE_CURVE('',#6221,(#6226,#6233),.PCURVE_S1.);
#6221 = CIRCLE('',#6222,0.5);
#6222 = AXIS2_PLACEMENT_3D('',#6223,#6224,#6225);
#6223 = CARTESIAN_POINT('',(-3.703199008021,2.410568288233,
    1.850247792129));
#6224 = DIRECTION('',(6.12318272229E-17,-3.583770440516E-30,-1.));
#6225 = DIRECTION('',(0.881044551876,0.473033294399,5.394796777614E-17)
  );
#6226 = PCURVE('',#4616,#6227);
#6227 = DEFINITIONAL_REPRESENTATION('',(#6228),#6232);
#6228 = LINE('',#6229,#6230);
#6229 = CARTESIAN_POINT('',(12.566370614359,-7.5E-02));
#6230 = VECTOR('',#6231,1.);
#6231 = DIRECTION('',(-1.,1.294146857681E-16));
#6232 = ( GEOMETRIC_REPRESENTATION_CONTEXT(2) 
PARAMETRIC_REPRESENTATION_CONTEXT() REPRESENTATION_CONTEXT('2D SPACE',''
  ) );
#6233 = PCURVE('',#6234,#6239);
#6234 = CYLINDRICAL_SURFACE('',#6235,0.5);
#6235 = AXIS2_PLACEMENT_3D('',#6236,#6237,#6238);
#6236 = CARTESIAN_POINT('',(-3.703199008021,2.410568288233,
    2.000247792129));
#6237 = DIRECTION('',(6.12318272229E-17,-3.583545125319E-30,-1.));
#6238 = DIRECTION('',(0.881044551876,0.473033294399,5.394796777614E-17)
  );
#6239 = DEFINITIONAL_REPRESENTATION('',(#6240),#6244);
#6240 = LINE('',#6241,#6242);
#6241 = CARTESIAN_POINT('',(-6.28318530718,0.15));
#6242 = VECTOR('',#6243,1.);
#6243 = DIRECTION('',(1.,0.));
#6244 = ( GEOMETRIC_REPRESENTATION_CONTEXT(2) 
PARAMETRIC_REPRESENTATION_CONTEXT() REPRESENTATION_CONTEXT('2D SPACE',''
  ) );
#6245 = ORIENTED_EDGE('',*,*,#6147,.T.);
#6246 = ADVANCED_FACE('',(#6247),#4645,.T.);
#6247 = FACE_BOUND('',#6248,.T.);
#6248 = EDGE_LOOP('',(#6249,#6272,#6273,#6274));
#6249 = ORIENTED_EDGE('',*,*,#6250,.T.);
#6250 = EDGE_CURVE('',#6251,#4629,#6253,.T.);
#6251 = VERTEX_POINT('',#6252);
#6252 = CARTESIAN_POINT('',(-4.091711454193,0.238073868778,
    1.850247792129));
#6253 = SURFACE_CURVE('',#6254,(#6258,#6265),.PCURVE_S1.);
#6254 = LINE('',#6255,#6256);
#6255 = CARTESIAN_POINT('',(-4.091711454193,0.238073868778,
    1.850247792129));
#6256 = VECTOR('',#6257,1.);
#6257 = DIRECTION('',(0.693787363231,-0.136598296555,0.707106781187));
#6258 = PCURVE('',#4645,#6259);
#6259 = DEFINITIONAL_REPRESENTATION('',(#6260),#6264);
#6260 = LINE('',#6261,#6262);
#6261 = CARTESIAN_POINT('',(5.694903773127,7.5E-02));
#6262 = VECTOR('',#6263,1.);
#6263 = DIRECTION('',(0.,-1.));
#6264 = ( GEOMETRIC_REPRESENTATION_CONTEXT(2) 
PARAMETRIC_REPRESENTATION_CONTEXT() REPRESENTATION_CONTEXT('2D SPACE',''
  ) );
#6265 = PCURVE('',#4678,#6266);
#6266 = DEFINITIONAL_REPRESENTATION('',(#6267),#6271);
#6267 = LINE('',#6268,#6269);
#6268 = CARTESIAN_POINT('',(0.351051315147,-7.5E-02));
#6269 = VECTOR('',#6270,1.);
#6270 = DIRECTION('',(-5.921189464668E-15,1.));
#6271 = ( GEOMETRIC_REPRESENTATION_CONTEXT(2) 
PARAMETRIC_REPRESENTATION_CONTEXT() REPRESENTATION_CONTEXT('2D SPACE',''
  ) );
#6272 = ORIENTED_EDGE('',*,*,#4628,.T.);
#6273 = ORIENTED_EDGE('',*,*,#6196,.F.);
#6274 = ORIENTED_EDGE('',*,*,#6275,.T.);
#6275 = EDGE_CURVE('',#6197,#6251,#6276,.T.);
#6276 = SURFACE_CURVE('',#6277,(#6282,#6289),.PCURVE_S1.);
#6277 = CIRCLE('',#6278,5.006);
#6278 = AXIS2_PLACEMENT_3D('',#6279,#6280,#6281);
#6279 = CARTESIAN_POINT('',(0.819993019216,-0.728981024127,
    1.850247792129));
#6280 = DIRECTION('',(-6.12318272229E-17,3.593014904249E-30,1.));
#6281 = DIRECTION('',(-0.70902418797,0.705184160963,-4.341484657466E-17)
  );
#6282 = PCURVE('',#4645,#6283);
#6283 = DEFINITIONAL_REPRESENTATION('',(#6284),#6288);
#6284 = LINE('',#6285,#6286);
#6285 = CARTESIAN_POINT('',(6.28318530718,7.5E-02));
#6286 = VECTOR('',#6287,1.);
#6287 = DIRECTION('',(-1.,0.));
#6288 = ( GEOMETRIC_REPRESENTATION_CONTEXT(2) 
PARAMETRIC_REPRESENTATION_CONTEXT() REPRESENTATION_CONTEXT('2D SPACE',''
  ) );
#6289 = PCURVE('',#6290,#6295);
#6290 = CYLINDRICAL_SURFACE('',#6291,5.006);
#6291 = AXIS2_PLACEMENT_3D('',#6292,#6293,#6294);
#6292 = CARTESIAN_POINT('',(0.819993019216,-0.728981024127,
    2.000247792129));
#6293 = DIRECTION('',(6.12318272229E-17,-3.583545125319E-30,-1.));
#6294 = DIRECTION('',(-0.70902418797,0.705184160963,-4.341484657466E-17)
  );
#6295 = DEFINITIONAL_REPRESENTATION('',(#6296),#6300);
#6296 = LINE('',#6297,#6298);
#6297 = CARTESIAN_POINT('',(6.28318530718,0.15));
#6298 = VECTOR('',#6299,1.);
#6299 = DIRECTION('',(-1.,0.));
#6300 = ( GEOMETRIC_REPRESENTATION_CONTEXT(2) 
PARAMETRIC_REPRESENTATION_CONTEXT() REPRESENTATION_CONTEXT('2D SPACE',''
  ) );
#6301 = ADVANCED_FACE('',(#6302),#4678,.F.);
#6302 = FACE_BOUND('',#6303,.F.);
#6303 = EDGE_LOOP('',(#6304,#6305,#6328,#6355));
#6304 = ORIENTED_EDGE('',*,*,#4657,.F.);
#6305 = ORIENTED_EDGE('',*,*,#6306,.F.);
#6306 = EDGE_CURVE('',#6307,#4658,#6309,.T.);
#6307 = VERTEX_POINT('',#6308);
#6308 = CARTESIAN_POINT('',(-4.270120845345,-5.591102228268E-02,
    1.850247792129));
#6309 = SURFACE_CURVE('',#6310,(#6314,#6321),.PCURVE_S1.);
#6310 = LINE('',#6311,#6312);
#6311 = CARTESIAN_POINT('',(-4.270120845345,-5.591102228268E-02,
    1.850247792129));
#6312 = VECTOR('',#6313,1.);
#6313 = DIRECTION('',(0.441478382609,-0.552355716626,0.707106781187));
#6314 = PCURVE('',#4678,#6315);
#6315 = DEFINITIONAL_REPRESENTATION('',(#6316),#6320);
#6316 = LINE('',#6317,#6318);
#6317 = CARTESIAN_POINT('',(-0.351051315147,-7.5E-02));
#6318 = VECTOR('',#6319,1.);
#6319 = DIRECTION('',(-1.184237892933E-14,1.));
#6320 = ( GEOMETRIC_REPRESENTATION_CONTEXT(2) 
PARAMETRIC_REPRESENTATION_CONTEXT() REPRESENTATION_CONTEXT('2D SPACE',''
  ) );
#6321 = PCURVE('',#4707,#6322);
#6322 = DEFINITIONAL_REPRESENTATION('',(#6323),#6327);
#6323 = LINE('',#6324,#6325);
#6324 = CARTESIAN_POINT('',(6.113672389288,7.5E-02));
#6325 = VECTOR('',#6326,1.);
#6326 = DIRECTION('',(-1.184237892933E-14,-1.));
#6327 = ( GEOMETRIC_REPRESENTATION_CONTEXT(2) 
PARAMETRIC_REPRESENTATION_CONTEXT() REPRESENTATION_CONTEXT('2D SPACE',''
  ) );
#6328 = ORIENTED_EDGE('',*,*,#6329,.F.);
#6329 = EDGE_CURVE('',#6251,#6307,#6330,.T.);
#6330 = SURFACE_CURVE('',#6331,(#6336,#6343),.PCURVE_S1.);
#6331 = CIRCLE('',#6332,0.5);
#6332 = AXIS2_PLACEMENT_3D('',#6333,#6334,#6335);
#6333 = CARTESIAN_POINT('',(-4.582293203435,0.33466345057,1.850247792129
    ));
#6334 = DIRECTION('',(6.12318272229E-17,-3.577607464694E-30,-1.));
#6335 = DIRECTION('',(0.854892550564,-0.518805095378,5.23466329503E-17)
  );
#6336 = PCURVE('',#4678,#6337);
#6337 = DEFINITIONAL_REPRESENTATION('',(#6338),#6342);
#6338 = LINE('',#6339,#6340);
#6339 = CARTESIAN_POINT('',(6.28318530718,-7.5E-02));
#6340 = VECTOR('',#6341,1.);
#6341 = DIRECTION('',(-1.,6.708816023205E-16));
#6342 = ( GEOMETRIC_REPRESENTATION_CONTEXT(2) 
PARAMETRIC_REPRESENTATION_CONTEXT() REPRESENTATION_CONTEXT('2D SPACE',''
  ) );
#6343 = PCURVE('',#6344,#6349);
#6344 = CYLINDRICAL_SURFACE('',#6345,0.5);
#6345 = AXIS2_PLACEMENT_3D('',#6346,#6347,#6348);
#6346 = CARTESIAN_POINT('',(-4.582293203435,0.33466345057,2.000247792129
    ));
#6347 = DIRECTION('',(6.12318272229E-17,-3.583545125319E-30,-1.));
#6348 = DIRECTION('',(0.854892550564,-0.518805095378,5.23466329503E-17)
  );
#6349 = DEFINITIONAL_REPRESENTATION('',(#6350),#6354);
#6350 = LINE('',#6351,#6352);
#6351 = CARTESIAN_POINT('',(-2.6645352591E-15,0.15));
#6352 = VECTOR('',#6353,1.);
#6353 = DIRECTION('',(1.,0.));
#6354 = ( GEOMETRIC_REPRESENTATION_CONTEXT(2) 
PARAMETRIC_REPRESENTATION_CONTEXT() REPRESENTATION_CONTEXT('2D SPACE',''
  ) );
#6355 = ORIENTED_EDGE('',*,*,#6250,.T.);
#6356 = ADVANCED_FACE('',(#6357),#4707,.T.);
#6357 = FACE_BOUND('',#6358,.T.);
#6358 = EDGE_LOOP('',(#6359,#6382,#6383,#6384));
#6359 = ORIENTED_EDGE('',*,*,#6360,.T.);
#6360 = EDGE_CURVE('',#6361,#4691,#6363,.T.);
#6361 = VERTEX_POINT('',#6362);
#6362 = CARTESIAN_POINT('',(-4.224907995155,-1.68357839306,
    1.850247792129));
#6363 = SURFACE_CURVE('',#6364,(#6368,#6375),.PCURVE_S1.);
#6364 = LINE('',#6365,#6366);
#6365 = CARTESIAN_POINT('',(-4.224907995155,-1.68357839306,
    1.850247792129));
#6366 = VECTOR('',#6367,1.);
#6367 = DIRECTION('',(0.410134938525,0.576011572975,0.707106781187));
#6368 = PCURVE('',#4707,#6369);
#6369 = DEFINITIONAL_REPRESENTATION('',(#6370),#6374);
#6370 = LINE('',#6371,#6372);
#6371 = CARTESIAN_POINT('',(4.265123384247,7.5E-02));
#6372 = VECTOR('',#6373,1.);
#6373 = DIRECTION('',(0.,-1.));
#6374 = ( GEOMETRIC_REPRESENTATION_CONTEXT(2) 
PARAMETRIC_REPRESENTATION_CONTEXT() REPRESENTATION_CONTEXT('2D SPACE',''
  ) );
#6375 = PCURVE('',#4740,#6376);
#6376 = DEFINITIONAL_REPRESENTATION('',(#6377),#6381);
#6377 = LINE('',#6378,#6379);
#6378 = CARTESIAN_POINT('',(6.634236622327,-7.5E-02));
#6379 = VECTOR('',#6380,1.);
#6380 = DIRECTION('',(0.,1.));
#6381 = ( GEOMETRIC_REPRESENTATION_CONTEXT(2) 
PARAMETRIC_REPRESENTATION_CONTEXT() REPRESENTATION_CONTEXT('2D SPACE',''
  ) );
#6382 = ORIENTED_EDGE('',*,*,#4690,.T.);
#6383 = ORIENTED_EDGE('',*,*,#6306,.F.);
#6384 = ORIENTED_EDGE('',*,*,#6385,.T.);
#6385 = EDGE_CURVE('',#6307,#6361,#6386,.T.);
#6386 = SURFACE_CURVE('',#6387,(#6392,#6399),.PCURVE_S1.);
#6387 = CIRCLE('',#6388,1.02);
#6388 = AXIS2_PLACEMENT_3D('',#6389,#6390,#6391);
#6389 = CARTESIAN_POINT('',(-3.633289234841,-0.852682946903,
    1.850247792129));
#6390 = DIRECTION('',(-6.12318272229E-17,3.571444488872E-30,1.));
#6391 = DIRECTION('',(-0.483614419102,0.875281151195,-2.961259455295E-17
    ));
#6392 = PCURVE('',#4707,#6393);
#6393 = DEFINITIONAL_REPRESENTATION('',(#6394),#6398);
#6394 = LINE('',#6395,#6396);
#6395 = CARTESIAN_POINT('',(6.28318530718,7.5E-02));
#6396 = VECTOR('',#6397,1.);
#6397 = DIRECTION('',(-1.,-1.220961902121E-16));
#6398 = ( GEOMETRIC_REPRESENTATION_CONTEXT(2) 
PARAMETRIC_REPRESENTATION_CONTEXT() REPRESENTATION_CONTEXT('2D SPACE',''
  ) );
#6399 = PCURVE('',#6400,#6405);
#6400 = CYLINDRICAL_SURFACE('',#6401,1.02);
#6401 = AXIS2_PLACEMENT_3D('',#6402,#6403,#6404);
#6402 = CARTESIAN_POINT('',(-3.633289234841,-0.852682946903,
    2.000247792129));
#6403 = DIRECTION('',(6.12318272229E-17,-3.583545125319E-30,-1.));
#6404 = DIRECTION('',(-0.483614419102,0.875281151195,-2.961259455295E-17
    ));
#6405 = DEFINITIONAL_REPRESENTATION('',(#6406),#6410);
#6406 = LINE('',#6407,#6408);
#6407 = CARTESIAN_POINT('',(6.28318530718,0.15));
#6408 = VECTOR('',#6409,1.);
#6409 = DIRECTION('',(-1.,0.));
#6410 = ( GEOMETRIC_REPRESENTATION_CONTEXT(2) 
PARAMETRIC_REPRESENTATION_CONTEXT() REPRESENTATION_CONTEXT('2D SPACE',''
  ) );
#6411 = ADVANCED_FACE('',(#6412),#4740,.F.);
#6412 = FACE_BOUND('',#6413,.F.);
#6413 = EDGE_LOOP('',(#6414,#6415,#6438,#6465));
#6414 = ORIENTED_EDGE('',*,*,#4719,.F.);
#6415 = ORIENTED_EDGE('',*,*,#6416,.F.);
#6416 = EDGE_CURVE('',#6417,#4720,#6419,.T.);
#6417 = VERTEX_POINT('',#6418);
#6418 = CARTESIAN_POINT('',(-4.030453859513,-1.967205994246,
    1.850247792129));
#6419 = SURFACE_CURVE('',#6420,(#6424,#6431),.PCURVE_S1.);
#6420 = LINE('',#6421,#6422);
#6421 = CARTESIAN_POINT('',(-4.030453859513,-1.967205994246,
    1.850247792129));
#6422 = VECTOR('',#6423,1.);
#6423 = DIRECTION('',(0.68513461441,0.174901572714,0.707106781187));
#6424 = PCURVE('',#4740,#6425);
#6425 = DEFINITIONAL_REPRESENTATION('',(#6426),#6430);
#6426 = LINE('',#6427,#6428);
#6427 = CARTESIAN_POINT('',(5.932133992033,-7.5E-02));
#6428 = VECTOR('',#6429,1.);
#6429 = DIRECTION('',(-5.921189464668E-15,1.));
#6430 = ( GEOMETRIC_REPRESENTATION_CONTEXT(2) 
PARAMETRIC_REPRESENTATION_CONTEXT() REPRESENTATION_CONTEXT('2D SPACE',''
  ) );
#6431 = PCURVE('',#4769,#6432);
#6432 = DEFINITIONAL_REPRESENTATION('',(#6433),#6437);
#6433 = LINE('',#6434,#6435);
#6434 = CARTESIAN_POINT('',(6.243027476839,7.5E-02));
#6435 = VECTOR('',#6436,1.);
#6436 = DIRECTION('',(0.,-1.));
#6437 = ( GEOMETRIC_REPRESENTATION_CONTEXT(2) 
PARAMETRIC_REPRESENTATION_CONTEXT() REPRESENTATION_CONTEXT('2D SPACE',''
  ) );
#6438 = ORIENTED_EDGE('',*,*,#6439,.F.);
#6439 = EDGE_CURVE('',#6361,#6417,#6440,.T.);
#6440 = SURFACE_CURVE('',#6441,(#6446,#6453),.PCURVE_S1.);
#6441 = CIRCLE('',#6442,0.5);
#6442 = AXIS2_PLACEMENT_3D('',#6443,#6444,#6445);
#6443 = CARTESIAN_POINT('',(-4.514917191387,-2.090880082353,
    1.850247792129));
#6444 = DIRECTION('',(6.12318272229E-17,-3.574525976783E-30,-1.));
#6445 = DIRECTION('',(0.824774098131,0.565462365726,5.050242507466E-17)
  );
#6446 = PCURVE('',#4740,#6447);
#6447 = DEFINITIONAL_REPRESENTATION('',(#6448),#6452);
#6448 = LINE('',#6449,#6450);
#6449 = CARTESIAN_POINT('',(12.566370614359,-7.5E-02));
#6450 = VECTOR('',#6451,1.);
#6451 = DIRECTION('',(-1.,1.537437005318E-16));
#6452 = ( GEOMETRIC_REPRESENTATION_CONTEXT(2) 
PARAMETRIC_REPRESENTATION_CONTEXT() REPRESENTATION_CONTEXT('2D SPACE',''
  ) );
#6453 = PCURVE('',#6454,#6459);
#6454 = CYLINDRICAL_SURFACE('',#6455,0.5);
#6455 = AXIS2_PLACEMENT_3D('',#6456,#6457,#6458);
#6456 = CARTESIAN_POINT('',(-4.514917191387,-2.090880082353,
    2.000247792129));
#6457 = DIRECTION('',(6.12318272229E-17,-3.583545125319E-30,-1.));
#6458 = DIRECTION('',(0.824774098131,0.565462365726,5.050242507466E-17)
  );
#6459 = DEFINITIONAL_REPRESENTATION('',(#6460),#6464);
#6460 = LINE('',#6461,#6462);
#6461 = CARTESIAN_POINT('',(0.,0.15));
#6462 = VECTOR('',#6463,1.);
#6463 = DIRECTION('',(1.,0.));
#6464 = ( GEOMETRIC_REPRESENTATION_CONTEXT(2) 
PARAMETRIC_REPRESENTATION_CONTEXT() REPRESENTATION_CONTEXT('2D SPACE',''
  ) );
#6465 = ORIENTED_EDGE('',*,*,#6360,.T.);
#6466 = ADVANCED_FACE('',(#6467),#4769,.T.);
#6467 = FACE_BOUND('',#6468,.T.);
#6468 = EDGE_LOOP('',(#6469,#6491,#6492,#6493));
#6469 = ORIENTED_EDGE('',*,*,#6470,.T.);
#6470 = EDGE_CURVE('',#6471,#4753,#6473,.T.);
#6471 = VERTEX_POINT('',#6472);
#6472 = CARTESIAN_POINT('',(-3.186897595691,-3.729791514672,
    1.850247792129));
#6473 = SURFACE_CURVE('',#6474,(#6478,#6485),.PCURVE_S1.);
#6474 = LINE('',#6475,#6476);
#6475 = CARTESIAN_POINT('',(-3.186897595691,-3.729791514672,
    1.850247792129));
#6476 = VECTOR('',#6477,1.);
#6477 = DIRECTION('',(0.565980728181,0.42387004533,0.707106781187));
#6478 = PCURVE('',#4769,#6479);
#6479 = DEFINITIONAL_REPRESENTATION('',(#6480),#6484);
#6480 = LINE('',#6481,#6482);
#6481 = CARTESIAN_POINT('',(5.850165155353,7.5E-02));
#6482 = VECTOR('',#6483,1.);
#6483 = DIRECTION('',(0.,-1.));
#6484 = ( GEOMETRIC_REPRESENTATION_CONTEXT(2) 
PARAMETRIC_REPRESENTATION_CONTEXT() REPRESENTATION_CONTEXT('2D SPACE',''
  ) );
#6485 = PCURVE('',#4805,#6486);
#6486 = DEFINITIONAL_REPRESENTATION('',(#6487),#6490);
#6487 = B_SPLINE_CURVE_WITH_KNOTS('',1,(#6488,#6489),.UNSPECIFIED.,.F.,
  .F.,(2,2),(0.,0.212132034356),.PIECEWISE_BEZIER_KNOTS.);
#6488 = CARTESIAN_POINT('',(3.128341196268E-16,5.916615805923E-02));
#6489 = CARTESIAN_POINT('',(1.,5.916615805923E-02));
#6490 = ( GEOMETRIC_REPRESENTATION_CONTEXT(2) 
PARAMETRIC_REPRESENTATION_CONTEXT() REPRESENTATION_CONTEXT('2D SPACE',''
  ) );
#6491 = ORIENTED_EDGE('',*,*,#4752,.T.);
#6492 = ORIENTED_EDGE('',*,*,#6416,.F.);
#6493 = ORIENTED_EDGE('',*,*,#6494,.T.);
#6494 = EDGE_CURVE('',#6417,#6471,#6495,.T.);
#6495 = SURFACE_CURVE('',#6496,(#6501,#6508),.PCURVE_S1.);
#6496 = CIRCLE('',#6497,5.006);
#6497 = AXIS2_PLACEMENT_3D('',#6498,#6499,#6500);
#6498 = CARTESIAN_POINT('',(0.819993019216,-0.728981024127,
    1.850247792129));
#6499 = DIRECTION('',(-6.12318272229E-17,3.588392672382E-30,1.));
#6500 = DIRECTION('',(-0.978075794872,-0.208249224453,-5.98893680825E-17
    ));
#6501 = PCURVE('',#4769,#6502);
#6502 = DEFINITIONAL_REPRESENTATION('',(#6503),#6507);
#6503 = LINE('',#6504,#6505);
#6504 = CARTESIAN_POINT('',(6.28318530718,7.5E-02));
#6505 = VECTOR('',#6506,1.);
#6506 = DIRECTION('',(-1.,-2.273035710063E-15));
#6507 = ( GEOMETRIC_REPRESENTATION_CONTEXT(2) 
PARAMETRIC_REPRESENTATION_CONTEXT() REPRESENTATION_CONTEXT('2D SPACE',''
  ) );
#6508 = PCURVE('',#1633,#6509);
#6509 = DEFINITIONAL_REPRESENTATION('',(#6510),#6514);
#6510 = LINE('',#6511,#6512);
#6511 = CARTESIAN_POINT('',(6.28318530718,0.15));
#6512 = VECTOR('',#6513,1.);
#6513 = DIRECTION('',(-1.,0.));
#6514 = ( GEOMETRIC_REPRESENTATION_CONTEXT(2) 
PARAMETRIC_REPRESENTATION_CONTEXT() REPRESENTATION_CONTEXT('2D SPACE',''
  ) );
#6515 = ADVANCED_FACE('',(#6516),#4805,.T.);
#6516 = FACE_BOUND('',#6517,.T.);
#6517 = EDGE_LOOP('',(#6518,#6519,#6574,#6594));
#6518 = ORIENTED_EDGE('',*,*,#6470,.F.);
#6519 = ORIENTED_EDGE('',*,*,#6520,.T.);
#6520 = EDGE_CURVE('',#6471,#6521,#6523,.T.);
#6521 = VERTEX_POINT('',#6522);
#6522 = CARTESIAN_POINT('',(-3.478919105886,-4.008609773469,
    1.850247792129));
#6523 = SURFACE_CURVE('',#6524,(#6532,#6539),.PCURVE_S1.);
#6524 = B_SPLINE_CURVE_WITH_KNOTS('',3,(#6525,#6526,#6527,#6528,#6529,
    #6530,#6531),.UNSPECIFIED.,.F.,.F.,(4,1,1,1,4),(-5.916615805923E-02,
    -4.226154147088E-02,-2.535692488253E-02,-1.267846244126E-02,0.),
  .UNSPECIFIED.);
#6525 = CARTESIAN_POINT('',(-3.186897595691,-3.729791514672,
    1.850247792129));
#6526 = CARTESIAN_POINT('',(-3.153119761893,-3.774894024698,
    1.850247792129));
#6527 = CARTESIAN_POINT('',(-3.125601392942,-3.89421855265,
    1.850247792129));
#6528 = CARTESIAN_POINT('',(-3.220872065481,-4.032711591742,
    1.850247792129));
#6529 = CARTESIAN_POINT('',(-3.364121053341,-4.067910795868,
    1.850247792129));
#6530 = CARTESIAN_POINT('',(-3.446299668235,-4.035480020488,
    1.850247792129));
#6531 = CARTESIAN_POINT('',(-3.478919105886,-4.008609773469,
    1.850247792129));
#6532 = PCURVE('',#4805,#6533);
#6533 = DEFINITIONAL_REPRESENTATION('',(#6534),#6538);
#6534 = LINE('',#6535,#6536);
#6535 = CARTESIAN_POINT('',(-4.773558345242E-16,-6.245004513517E-17));
#6536 = VECTOR('',#6537,1.);
#6537 = DIRECTION('',(2.164634666014E-14,-1.));
#6538 = ( GEOMETRIC_REPRESENTATION_CONTEXT(2) 
PARAMETRIC_REPRESENTATION_CONTEXT() REPRESENTATION_CONTEXT('2D SPACE',''
  ) );
#6539 = PCURVE('',#6540,#6569);
#6540 = B_SPLINE_SURFACE_WITH_KNOTS('',3,3,(
    (#6541,#6542,#6543,#6544)
    ,(#6545,#6546,#6547,#6548)
    ,(#6549,#6550,#6551,#6552)
    ,(#6553,#6554,#6555,#6556)
    ,(#6557,#6558,#6559,#6560)
    ,(#6561,#6562,#6563,#6564)
    ,(#6565,#6566,#6567,#6568
    )),.UNSPECIFIED.,.F.,.F.,.F.,(4,1,1,1,4),(4,4),(0.,0.285714285714,
    0.571428571429,0.857142857143,1.),(1.E-02,3.5E-02),.UNSPECIFIED.);
#6541 = CARTESIAN_POINT('',(-3.186897595691,-3.729791514672,
    1.600247792129));
#6542 = CARTESIAN_POINT('',(-3.186897595691,-3.729791514672,
    1.683581125462));
#6543 = CARTESIAN_POINT('',(-3.186897595691,-3.729791514672,
    1.766914458796));
#6544 = CARTESIAN_POINT('',(-3.186897595691,-3.729791514672,
    1.850247792129));
#6545 = CARTESIAN_POINT('',(-3.153204096893,-3.774781414748,
    1.600247792129));
#6546 = CARTESIAN_POINT('',(-3.153204096893,-3.774781414748,
    1.683581125462));
#6547 = CARTESIAN_POINT('',(-3.153204096893,-3.774781414748,
    1.766914458796));
#6548 = CARTESIAN_POINT('',(-3.153204096893,-3.774781414748,
    1.850247792129));
#6549 = CARTESIAN_POINT('',(-3.125625031419,-3.893925818876,
    1.600247792129));
#6550 = CARTESIAN_POINT('',(-3.125625031419,-3.893925818876,
    1.683581125462));
#6551 = CARTESIAN_POINT('',(-3.125625031419,-3.893925818876,
    1.766914458796));
#6552 = CARTESIAN_POINT('',(-3.125625031419,-3.893925818876,
    1.850247792129));
#6553 = CARTESIAN_POINT('',(-3.229428627677,-4.045767278657,
    1.600247792129));
#6554 = CARTESIAN_POINT('',(-3.229428627677,-4.045767278657,
    1.683581125462));
#6555 = CARTESIAN_POINT('',(-3.229428627677,-4.045767278657,
    1.766914458796));
#6556 = CARTESIAN_POINT('',(-3.229428627677,-4.045767278657,
    1.850247792129));
#6557 = CARTESIAN_POINT('',(-3.381020021393,-4.066947352833,
    1.600247792129));
#6558 = CARTESIAN_POINT('',(-3.381020021393,-4.066947352833,
    1.683581125462));
#6559 = CARTESIAN_POINT('',(-3.381020021393,-4.066947352833,
    1.766914458796));
#6560 = CARTESIAN_POINT('',(-3.381020021393,-4.066947352833,
    1.850247792129));
#6561 = CARTESIAN_POINT('',(-3.457227109297,-4.026478545853,
    1.600247792129));
#6562 = CARTESIAN_POINT('',(-3.457227109297,-4.026478545853,
    1.683581125462));
#6563 = CARTESIAN_POINT('',(-3.457227109297,-4.026478545853,
    1.766914458796));
#6564 = CARTESIAN_POINT('',(-3.457227109297,-4.026478545853,
    1.850247792129));
#6565 = CARTESIAN_POINT('',(-3.478919105886,-4.008609773469,
    1.600247792129));
#6566 = CARTESIAN_POINT('',(-3.478919105886,-4.008609773469,
    1.683581125462));
#6567 = CARTESIAN_POINT('',(-3.478919105886,-4.008609773469,
    1.766914458796));
#6568 = CARTESIAN_POINT('',(-3.478919105886,-4.008609773469,
    1.850247792129));
#6569 = DEFINITIONAL_REPRESENTATION('',(#6570),#6573);
#6570 = B_SPLINE_CURVE_WITH_KNOTS('',1,(#6571,#6572),.UNSPECIFIED.,.F.,
  .F.,(2,2),(-5.916615805923E-02,0.),.PIECEWISE_BEZIER_KNOTS.);
#6571 = CARTESIAN_POINT('',(6.051909355641E-17,3.5E-02));
#6572 = CARTESIAN_POINT('',(1.,3.5E-02));
#6573 = ( GEOMETRIC_REPRESENTATION_CONTEXT(2) 
PARAMETRIC_REPRESENTATION_CONTEXT() REPRESENTATION_CONTEXT('2D SPACE',''
  ) );
#6574 = ORIENTED_EDGE('',*,*,#6575,.T.);
#6575 = EDGE_CURVE('',#6521,#4782,#6576,.T.);
#6576 = SURFACE_CURVE('',#6577,(#6581,#6587),.PCURVE_S1.);
#6577 = LINE('',#6578,#6579);
#6578 = CARTESIAN_POINT('',(-3.478919105886,-4.008609773469,
    1.850247792129));
#6579 = VECTOR('',#6580,1.);
#6580 = DIRECTION('',(-0.449584497349,-0.545778141504,0.707106781187));
#6581 = PCURVE('',#4805,#6582);
#6582 = DEFINITIONAL_REPRESENTATION('',(#6583),#6586);
#6583 = B_SPLINE_CURVE_WITH_KNOTS('',1,(#6584,#6585),.UNSPECIFIED.,.F.,
  .F.,(2,2),(-0.,0.212132034356),.PIECEWISE_BEZIER_KNOTS.);
#6584 = CARTESIAN_POINT('',(-2.077999706603E-16,-1.630661705819E-17));
#6585 = CARTESIAN_POINT('',(1.,2.527331124786E-16));
#6586 = ( GEOMETRIC_REPRESENTATION_CONTEXT(2) 
PARAMETRIC_REPRESENTATION_CONTEXT() REPRESENTATION_CONTEXT('2D SPACE',''
  ) );
#6587 = PCURVE('',#4857,#6588);
#6588 = DEFINITIONAL_REPRESENTATION('',(#6589),#6593);
#6589 = LINE('',#6590,#6591);
#6590 = CARTESIAN_POINT('',(9.675802699602E-02,0.106066017178));
#6591 = VECTOR('',#6592,1.);
#6592 = DIRECTION('',(1.809135250744E-15,-1.));
#6593 = ( GEOMETRIC_REPRESENTATION_CONTEXT(2) 
PARAMETRIC_REPRESENTATION_CONTEXT() REPRESENTATION_CONTEXT('2D SPACE',''
  ) );
#6594 = ORIENTED_EDGE('',*,*,#4781,.T.);
#6595 = ADVANCED_FACE('',(#6596),#4857,.T.);
#6596 = FACE_BOUND('',#6597,.T.);
#6597 = EDGE_LOOP('',(#6598,#6621,#6622,#6623));
#6598 = ORIENTED_EDGE('',*,*,#6599,.T.);
#6599 = EDGE_CURVE('',#6600,#4842,#6602,.T.);
#6600 = VERTEX_POINT('',#6601);
#6601 = CARTESIAN_POINT('',(-6.26057777322,-1.717219703676,
    1.850247792129));
#6602 = SURFACE_CURVE('',#6603,(#6607,#6614),.PCURVE_S1.);
#6603 = LINE('',#6604,#6605);
#6604 = CARTESIAN_POINT('',(-6.26057777322,-1.717219703676,
    1.850247792129));
#6605 = VECTOR('',#6606,1.);
#6606 = DIRECTION('',(-0.449584497349,-0.545778141504,0.707106781187));
#6607 = PCURVE('',#4857,#6608);
#6608 = DEFINITIONAL_REPRESENTATION('',(#6609),#6613);
#6609 = LINE('',#6610,#6611);
#6610 = CARTESIAN_POINT('',(-3.507141720986,0.106066017178));
#6611 = VECTOR('',#6612,1.);
#6612 = DIRECTION('',(8.099345285812E-16,-1.));
#6613 = ( GEOMETRIC_REPRESENTATION_CONTEXT(2) 
PARAMETRIC_REPRESENTATION_CONTEXT() REPRESENTATION_CONTEXT('2D SPACE',''
  ) );
#6614 = PCURVE('',#4890,#6615);
#6615 = DEFINITIONAL_REPRESENTATION('',(#6616),#6620);
#6616 = LINE('',#6617,#6618);
#6617 = CARTESIAN_POINT('',(0.575020123674,-7.5E-02));
#6618 = VECTOR('',#6619,1.);
#6619 = DIRECTION('',(-1.7763568394E-14,1.));
#6620 = ( GEOMETRIC_REPRESENTATION_CONTEXT(2) 
PARAMETRIC_REPRESENTATION_CONTEXT() REPRESENTATION_CONTEXT('2D SPACE',''
  ) );
#6621 = ORIENTED_EDGE('',*,*,#4841,.T.);
#6622 = ORIENTED_EDGE('',*,*,#6575,.F.);
#6623 = ORIENTED_EDGE('',*,*,#6624,.T.);
#6624 = EDGE_CURVE('',#6521,#6600,#6625,.T.);
#6625 = SURFACE_CURVE('',#6626,(#6630,#6637),.PCURVE_S1.);
#6626 = LINE('',#6627,#6628);
#6627 = CARTESIAN_POINT('',(-3.553601484212,-3.947090198082,
    1.850247792129));
#6628 = VECTOR('',#6629,1.);
#6629 = DIRECTION('',(-0.771846849761,0.635808493584,-4.726159294712E-17
    ));
#6630 = PCURVE('',#4857,#6631);
#6631 = DEFINITIONAL_REPRESENTATION('',(#6632),#6636);
#6632 = LINE('',#6633,#6634);
#6633 = CARTESIAN_POINT('',(2.239469713406E-15,0.106066017178));
#6634 = VECTOR('',#6635,1.);
#6635 = DIRECTION('',(-1.,1.162710175911E-17));
#6636 = ( GEOMETRIC_REPRESENTATION_CONTEXT(2) 
PARAMETRIC_REPRESENTATION_CONTEXT() REPRESENTATION_CONTEXT('2D SPACE',''
  ) );
#6637 = PCURVE('',#6638,#6643);
#6638 = PLANE('',#6639);
#6639 = AXIS2_PLACEMENT_3D('',#6640,#6641,#6642);
#6640 = CARTESIAN_POINT('',(-3.295045115545,-4.160075889894,
    2.000247792129));
#6641 = DIRECTION('',(-0.635808493584,-0.771846849761,-3.8931715826E-17)
  );
#6642 = DIRECTION('',(-0.771846849761,0.635808493584,-4.726159294712E-17
    ));
#6643 = DEFINITIONAL_REPRESENTATION('',(#6644),#6648);
#6644 = LINE('',#6645,#6646);
#6645 = CARTESIAN_POINT('',(0.334984030507,0.15));
#6646 = VECTOR('',#6647,1.);
#6647 = DIRECTION('',(1.,2.465190328816E-32));
#6648 = ( GEOMETRIC_REPRESENTATION_CONTEXT(2) 
PARAMETRIC_REPRESENTATION_CONTEXT() REPRESENTATION_CONTEXT('2D SPACE',''
  ) );
#6649 = ADVANCED_FACE('',(#6650),#4890,.F.);
#6650 = FACE_BOUND('',#6651,.F.);
#6651 = EDGE_LOOP('',(#6652,#6653,#6676,#6703));
#6652 = ORIENTED_EDGE('',*,*,#4869,.F.);
#6653 = ORIENTED_EDGE('',*,*,#6654,.F.);
#6654 = EDGE_CURVE('',#6655,#4870,#6657,.T.);
#6655 = VERTEX_POINT('',#6656);
#6656 = CARTESIAN_POINT('',(-6.424785070342,-1.198750214256,
    1.850247792129));
#6657 = SURFACE_CURVE('',#6658,(#6662,#6669),.PCURVE_S1.);
#6658 = LINE('',#6659,#6660);
#6659 = CARTESIAN_POINT('',(-6.424785070342,-1.198750214256,
    1.850247792129));
#6660 = VECTOR('',#6661,1.);
#6661 = DIRECTION('',(-0.68180868398,0.187448442111,0.707106781187));
#6662 = PCURVE('',#4890,#6663);
#6663 = DEFINITIONAL_REPRESENTATION('',(#6664),#6668);
#6664 = LINE('',#6665,#6666);
#6665 = CARTESIAN_POINT('',(-0.575020123674,-7.5E-02));
#6666 = VECTOR('',#6667,1.);
#6667 = DIRECTION('',(5.921189464667E-15,1.));
#6668 = ( GEOMETRIC_REPRESENTATION_CONTEXT(2) 
PARAMETRIC_REPRESENTATION_CONTEXT() REPRESENTATION_CONTEXT('2D SPACE',''
  ) );
#6669 = PCURVE('',#4919,#6670);
#6670 = DEFINITIONAL_REPRESENTATION('',(#6671),#6675);
#6671 = LINE('',#6672,#6673);
#6672 = CARTESIAN_POINT('',(5.94949571008,7.5E-02));
#6673 = VECTOR('',#6674,1.);
#6674 = DIRECTION('',(1.184237892933E-14,-1.));
#6675 = ( GEOMETRIC_REPRESENTATION_CONTEXT(2) 
PARAMETRIC_REPRESENTATION_CONTEXT() REPRESENTATION_CONTEXT('2D SPACE',''
  ) );
#6676 = ORIENTED_EDGE('',*,*,#6677,.F.);
#6677 = EDGE_CURVE('',#6600,#6655,#6678,.T.);
#6678 = SURFACE_CURVE('',#6679,(#6684,#6691),.PCURVE_S1.);
#6679 = CIRCLE('',#6680,0.5);
#6680 = AXIS2_PLACEMENT_3D('',#6681,#6682,#6683);
#6681 = CARTESIAN_POINT('',(-5.942673526428,-1.331296278795,
    1.850247792129));
#6682 = DIRECTION('',(6.12318272229E-17,-3.577607464694E-30,-1.));
#6683 = DIRECTION('',(-0.953328839823,-0.301933971526,
    -5.837406680665E-17));
#6684 = PCURVE('',#4890,#6685);
#6685 = DEFINITIONAL_REPRESENTATION('',(#6686),#6690);
#6686 = LINE('',#6687,#6688);
#6687 = CARTESIAN_POINT('',(6.28318530718,-7.5E-02));
#6688 = VECTOR('',#6689,1.);
#6689 = DIRECTION('',(-1.,-3.413125023895E-16));
#6690 = ( GEOMETRIC_REPRESENTATION_CONTEXT(2) 
PARAMETRIC_REPRESENTATION_CONTEXT() REPRESENTATION_CONTEXT('2D SPACE',''
  ) );
#6691 = PCURVE('',#6692,#6697);
#6692 = CYLINDRICAL_SURFACE('',#6693,0.5);
#6693 = AXIS2_PLACEMENT_3D('',#6694,#6695,#6696);
#6694 = CARTESIAN_POINT('',(-5.942673526428,-1.331296278795,
    2.000247792129));
#6695 = DIRECTION('',(6.12318272229E-17,-3.583545125319E-30,-1.));
#6696 = DIRECTION('',(-0.953328839823,-0.301933971526,
    -5.837406680665E-17));
#6697 = DEFINITIONAL_REPRESENTATION('',(#6698),#6702);
#6698 = LINE('',#6699,#6700);
#6699 = CARTESIAN_POINT('',(1.7763568394E-15,0.15));
#6700 = VECTOR('',#6701,1.);
#6701 = DIRECTION('',(1.,0.));
#6702 = ( GEOMETRIC_REPRESENTATION_CONTEXT(2) 
PARAMETRIC_REPRESENTATION_CONTEXT() REPRESENTATION_CONTEXT('2D SPACE',''
  ) );
#6703 = ORIENTED_EDGE('',*,*,#6599,.T.);
#6704 = ADVANCED_FACE('',(#6705),#4919,.T.);
#6705 = FACE_BOUND('',#6706,.T.);
#6706 = EDGE_LOOP('',(#6707,#6730,#6731,#6732));
#6707 = ORIENTED_EDGE('',*,*,#6708,.T.);
#6708 = EDGE_CURVE('',#6709,#4903,#6711,.T.);
#6709 = VERTEX_POINT('',#6710);
#6710 = CARTESIAN_POINT('',(-6.980992904429,-9.642492656469E-02,
    1.850247792129));
#6711 = SURFACE_CURVE('',#6712,(#6716,#6723),.PCURVE_S1.);
#6712 = LINE('',#6713,#6714);
#6713 = CARTESIAN_POINT('',(-6.980992904429,-9.64249265647E-02,
    1.850247792129));
#6714 = VECTOR('',#6715,1.);
#6715 = DIRECTION('',(-0.254310497858,-0.659792520933,0.707106781187));
#6716 = PCURVE('',#4919,#6717);
#6717 = DEFINITIONAL_REPRESENTATION('',(#6718),#6722);
#6718 = LINE('',#6719,#6720);
#6719 = CARTESIAN_POINT('',(4.478291991051,7.5E-02));
#6720 = VECTOR('',#6721,1.);
#6721 = DIRECTION('',(0.,-1.));
#6722 = ( GEOMETRIC_REPRESENTATION_CONTEXT(2) 
PARAMETRIC_REPRESENTATION_CONTEXT() REPRESENTATION_CONTEXT('2D SPACE',''
  ) );
#6723 = PCURVE('',#4952,#6724);
#6724 = DEFINITIONAL_REPRESENTATION('',(#6725),#6729);
#6725 = LINE('',#6726,#6727);
#6726 = CARTESIAN_POINT('',(6.858205430854,-7.5E-02));
#6727 = VECTOR('',#6728,1.);
#6728 = DIRECTION('',(-2.960594732334E-14,1.));
#6729 = ( GEOMETRIC_REPRESENTATION_CONTEXT(2) 
PARAMETRIC_REPRESENTATION_CONTEXT() REPRESENTATION_CONTEXT('2D SPACE',''
  ) );
#6730 = ORIENTED_EDGE('',*,*,#4902,.T.);
#6731 = ORIENTED_EDGE('',*,*,#6654,.F.);
#6732 = ORIENTED_EDGE('',*,*,#6733,.T.);
#6733 = EDGE_CURVE('',#6655,#6709,#6734,.T.);
#6734 = SURFACE_CURVE('',#6735,(#6740,#6747),.PCURVE_S1.);
#6735 = CIRCLE('',#6736,0.92);
#6736 = AXIS2_PLACEMENT_3D('',#6737,#6738,#6739);
#6737 = CARTESIAN_POINT('',(-7.311870311144,-0.954865455504,
    1.850247792129));
#6738 = DIRECTION('',(-6.12318272229E-17,3.586851928427E-30,1.));
#6739 = DIRECTION('',(0.824210872039,-0.566283002052,5.04679377119E-17)
  );
#6740 = PCURVE('',#4919,#6741);
#6741 = DEFINITIONAL_REPRESENTATION('',(#6742),#6746);
#6742 = LINE('',#6743,#6744);
#6743 = CARTESIAN_POINT('',(6.28318530718,7.5E-02));
#6744 = VECTOR('',#6745,1.);
#6745 = DIRECTION('',(-1.,1.133917224226E-16));
#6746 = ( GEOMETRIC_REPRESENTATION_CONTEXT(2) 
PARAMETRIC_REPRESENTATION_CONTEXT() REPRESENTATION_CONTEXT('2D SPACE',''
  ) );
#6747 = PCURVE('',#6748,#6753);
#6748 = CYLINDRICAL_SURFACE('',#6749,0.92);
#6749 = AXIS2_PLACEMENT_3D('',#6750,#6751,#6752);
#6750 = CARTESIAN_POINT('',(-7.311870311144,-0.954865455504,
    2.000247792129));
#6751 = DIRECTION('',(6.12318272229E-17,-3.583545125319E-30,-1.));
#6752 = DIRECTION('',(0.824210872039,-0.566283002052,5.04679377119E-17)
  );
#6753 = DEFINITIONAL_REPRESENTATION('',(#6754),#6758);
#6754 = LINE('',#6755,#6756);
#6755 = CARTESIAN_POINT('',(6.28318530718,0.15));
#6756 = VECTOR('',#6757,1.);
#6757 = DIRECTION('',(-1.,0.));
#6758 = ( GEOMETRIC_REPRESENTATION_CONTEXT(2) 
PARAMETRIC_REPRESENTATION_CONTEXT() REPRESENTATION_CONTEXT('2D SPACE',''
  ) );
#6759 = ADVANCED_FACE('',(#6760),#4952,.F.);
#6760 = FACE_BOUND('',#6761,.F.);
#6761 = EDGE_LOOP('',(#6762,#6763,#6786,#6813));
#6762 = ORIENTED_EDGE('',*,*,#4931,.F.);
#6763 = ORIENTED_EDGE('',*,*,#6764,.F.);
#6764 = EDGE_CURVE('',#6765,#4932,#6767,.T.);
#6765 = VERTEX_POINT('',#6766);
#6766 = CARTESIAN_POINT('',(-7.300469738848,0.343699147029,
    1.850247792129));
#6767 = SURFACE_CURVE('',#6768,(#6772,#6779),.PCURVE_S1.);
#6768 = LINE('',#6769,#6770);
#6769 = CARTESIAN_POINT('',(-7.300469738848,0.343699147029,
    1.850247792129));
#6770 = VECTOR('',#6771,1.);
#6771 = DIRECTION('',(-0.706118969958,-3.736308692988E-02,0.707106781187
    ));
#6772 = PCURVE('',#4952,#6773);
#6773 = DEFINITIONAL_REPRESENTATION('',(#6774),#6778);
#6774 = LINE('',#6775,#6776);
#6775 = CARTESIAN_POINT('',(5.708165183506,-7.5E-02));
#6776 = VECTOR('',#6777,1.);
#6777 = DIRECTION('',(0.,1.));
#6778 = ( GEOMETRIC_REPRESENTATION_CONTEXT(2) 
PARAMETRIC_REPRESENTATION_CONTEXT() REPRESENTATION_CONTEXT('2D SPACE',''
  ) );
#6779 = PCURVE('',#4980,#6780);
#6780 = DEFINITIONAL_REPRESENTATION('',(#6781),#6785);
#6781 = LINE('',#6782,#6783);
#6782 = CARTESIAN_POINT('',(-0.614259409808,0.106066017178));
#6783 = VECTOR('',#6784,1.);
#6784 = DIRECTION('',(6.536073735746E-16,-1.));
#6785 = ( GEOMETRIC_REPRESENTATION_CONTEXT(2) 
PARAMETRIC_REPRESENTATION_CONTEXT() REPRESENTATION_CONTEXT('2D SPACE',''
  ) );
#6786 = ORIENTED_EDGE('',*,*,#6787,.F.);
#6787 = EDGE_CURVE('',#6709,#6765,#6788,.T.);
#6788 = SURFACE_CURVE('',#6789,(#6794,#6801),.PCURVE_S1.);
#6789 = CIRCLE('',#6790,0.5);
#6790 = AXIS2_PLACEMENT_3D('',#6791,#6792,#6793);
#6791 = CARTESIAN_POINT('',(-6.801168226866,0.370118839163,
    1.850247792129));
#6792 = DIRECTION('',(6.12318272229E-17,-3.580688952605E-30,-1.));
#6793 = DIRECTION('',(-0.80927225424,-0.587433756706,-4.955321884789E-17
    ));
#6794 = PCURVE('',#4952,#6795);
#6795 = DEFINITIONAL_REPRESENTATION('',(#6796),#6800);
#6796 = LINE('',#6797,#6798);
#6797 = CARTESIAN_POINT('',(12.566370614359,-7.499999999999E-02));
#6798 = VECTOR('',#6799,1.);
#6799 = DIRECTION('',(-1.,-1.058068757407E-15));
#6800 = ( GEOMETRIC_REPRESENTATION_CONTEXT(2) 
PARAMETRIC_REPRESENTATION_CONTEXT() REPRESENTATION_CONTEXT('2D SPACE',''
  ) );
#6801 = PCURVE('',#6802,#6807);
#6802 = CYLINDRICAL_SURFACE('',#6803,0.5);
#6803 = AXIS2_PLACEMENT_3D('',#6804,#6805,#6806);
#6804 = CARTESIAN_POINT('',(-6.801168226866,0.370118839163,
    2.000247792129));
#6805 = DIRECTION('',(6.12318272229E-17,-3.583545125319E-30,-1.));
#6806 = DIRECTION('',(-0.80927225424,-0.587433756706,-4.955321884789E-17
    ));
#6807 = DEFINITIONAL_REPRESENTATION('',(#6808),#6812);
#6808 = LINE('',#6809,#6810);
#6809 = CARTESIAN_POINT('',(-1.7763568394E-15,0.15));
#6810 = VECTOR('',#6811,1.);
#6811 = DIRECTION('',(1.,0.));
#6812 = ( GEOMETRIC_REPRESENTATION_CONTEXT(2) 
PARAMETRIC_REPRESENTATION_CONTEXT() REPRESENTATION_CONTEXT('2D SPACE',''
  ) );
#6813 = ORIENTED_EDGE('',*,*,#6708,.T.);
#6814 = ADVANCED_FACE('',(#6815),#4980,.T.);
#6815 = FACE_BOUND('',#6816,.T.);
#6816 = EDGE_LOOP('',(#6817,#6840,#6841,#6842));
#6817 = ORIENTED_EDGE('',*,*,#6818,.T.);
#6818 = EDGE_CURVE('',#6819,#4965,#6821,.T.);
#6819 = VERTEX_POINT('',#6820);
#6820 = CARTESIAN_POINT('',(-7.356398624145,1.400690153974,
    1.850247792129));
#6821 = SURFACE_CURVE('',#6822,(#6826,#6833),.PCURVE_S1.);
#6822 = LINE('',#6823,#6824);
#6823 = CARTESIAN_POINT('',(-7.356398624145,1.400690153974,
    1.850247792129));
#6824 = VECTOR('',#6825,1.);
#6825 = DIRECTION('',(-0.706118969958,-3.736308692988E-02,0.707106781187
    ));
#6826 = PCURVE('',#4980,#6827);
#6827 = DEFINITIONAL_REPRESENTATION('',(#6828),#6832);
#6828 = LINE('',#6829,#6830);
#6829 = CARTESIAN_POINT('',(-1.672729073508,0.106066017178));
#6830 = VECTOR('',#6831,1.);
#6831 = DIRECTION('',(-4.120351632314E-15,-1.));
#6832 = ( GEOMETRIC_REPRESENTATION_CONTEXT(2) 
PARAMETRIC_REPRESENTATION_CONTEXT() REPRESENTATION_CONTEXT('2D SPACE',''
  ) );
#6833 = PCURVE('',#5013,#6834);
#6834 = DEFINITIONAL_REPRESENTATION('',(#6835),#6839);
#6835 = LINE('',#6836,#6837);
#6836 = CARTESIAN_POINT('',(7.189341654232,-7.5E-02));
#6837 = VECTOR('',#6838,1.);
#6838 = DIRECTION('',(2.250051996574E-13,1.));
#6839 = ( GEOMETRIC_REPRESENTATION_CONTEXT(2) 
PARAMETRIC_REPRESENTATION_CONTEXT() REPRESENTATION_CONTEXT('2D SPACE',''
  ) );
#6840 = ORIENTED_EDGE('',*,*,#4964,.T.);
#6841 = ORIENTED_EDGE('',*,*,#6764,.F.);
#6842 = ORIENTED_EDGE('',*,*,#6843,.T.);
#6843 = EDGE_CURVE('',#6765,#6819,#6844,.T.);
#6844 = SURFACE_CURVE('',#6845,(#6849,#6856),.PCURVE_S1.);
#6845 = LINE('',#6846,#6847);
#6846 = CARTESIAN_POINT('',(-7.268012649853,-0.269702157104,
    1.850247792129));
#6847 = VECTOR('',#6848,1.);
#6848 = DIRECTION('',(-5.283938426837E-02,0.998603023964,
    -3.235452048089E-18));
#6849 = PCURVE('',#4980,#6850);
#6850 = DEFINITIONAL_REPRESENTATION('',(#6851),#6855);
#6851 = LINE('',#6852,#6853);
#6852 = CARTESIAN_POINT('',(-2.814732171725E-15,0.106066017178));
#6853 = VECTOR('',#6854,1.);
#6854 = DIRECTION('',(-1.,-9.943124800268E-18));
#6855 = ( GEOMETRIC_REPRESENTATION_CONTEXT(2) 
PARAMETRIC_REPRESENTATION_CONTEXT() REPRESENTATION_CONTEXT('2D SPACE',''
  ) );
#6856 = PCURVE('',#73,#6857);
#6857 = DEFINITIONAL_REPRESENTATION('',(#6858),#6862);
#6858 = LINE('',#6859,#6860);
#6859 = CARTESIAN_POINT('',(-0.234626409118,0.15));
#6860 = VECTOR('',#6861,1.);
#6861 = DIRECTION('',(1.,-1.54074395551E-33));
#6862 = ( GEOMETRIC_REPRESENTATION_CONTEXT(2) 
PARAMETRIC_REPRESENTATION_CONTEXT() REPRESENTATION_CONTEXT('2D SPACE',''
  ) );
#6863 = ADVANCED_FACE('',(#6864),#5013,.F.);
#6864 = FACE_BOUND('',#6865,.F.);
#6865 = EDGE_LOOP('',(#6866,#6867,#6890,#6912));
#6866 = ORIENTED_EDGE('',*,*,#4992,.F.);
#6867 = ORIENTED_EDGE('',*,*,#6868,.F.);
#6868 = EDGE_CURVE('',#6869,#4993,#6871,.T.);
#6869 = VERTEX_POINT('',#6870);
#6870 = CARTESIAN_POINT('',(-6.76332944227,1.918238774275,1.850247792129
    ));
#6871 = SURFACE_CURVE('',#6872,(#6876,#6883),.PCURVE_S1.);
#6872 = LINE('',#6873,#6874);
#6873 = CARTESIAN_POINT('',(-6.76332944227,1.918238774275,1.850247792129
    ));
#6874 = VECTOR('',#6875,1.);
#6875 = DIRECTION('',(0.132607510475,0.694561191088,0.707106781187));
#6876 = PCURVE('',#5013,#6877);
#6877 = DEFINITIONAL_REPRESENTATION('',(#6878),#6882);
#6878 = LINE('',#6879,#6880);
#6879 = CARTESIAN_POINT('',(5.377028960127,-7.499999999999E-02));
#6880 = VECTOR('',#6881,1.);
#6881 = DIRECTION('',(-5.921189464668E-15,1.));
#6882 = ( GEOMETRIC_REPRESENTATION_CONTEXT(2) 
PARAMETRIC_REPRESENTATION_CONTEXT() REPRESENTATION_CONTEXT('2D SPACE',''
  ) );
#6883 = PCURVE('',#5044,#6884);
#6884 = DEFINITIONAL_REPRESENTATION('',(#6885),#6889);
#6885 = LINE('',#6886,#6887);
#6886 = CARTESIAN_POINT('',(0.160835177895,-7.500000000001E-02));
#6887 = VECTOR('',#6888,1.);
#6888 = DIRECTION('',(-5.551115123126E-16,1.));
#6889 = ( GEOMETRIC_REPRESENTATION_CONTEXT(2) 
PARAMETRIC_REPRESENTATION_CONTEXT() REPRESENTATION_CONTEXT('2D SPACE',''
  ) );
#6890 = ORIENTED_EDGE('',*,*,#6891,.F.);
#6891 = EDGE_CURVE('',#6819,#6869,#6892,.T.);
#6892 = SURFACE_CURVE('',#6893,(#6898,#6905),.PCURVE_S1.);
#6893 = CIRCLE('',#6894,0.5);
#6894 = AXIS2_PLACEMENT_3D('',#6895,#6896,#6897);
#6895 = CARTESIAN_POINT('',(-6.857097112163,1.427109846108,
    1.850247792129));
#6896 = DIRECTION('',(6.12318272229E-17,-3.605340855893E-30,-1.));
#6897 = DIRECTION('',(-0.657506099938,0.753449220946,-4.02602999094E-17)
  );
#6898 = PCURVE('',#5013,#6899);
#6899 = DEFINITIONAL_REPRESENTATION('',(#6900),#6904);
#6900 = LINE('',#6901,#6902);
#6901 = CARTESIAN_POINT('',(12.566370614359,-7.5E-02));
#6902 = VECTOR('',#6903,1.);
#6903 = DIRECTION('',(-1.,0.));
#6904 = ( GEOMETRIC_REPRESENTATION_CONTEXT(2) 
PARAMETRIC_REPRESENTATION_CONTEXT() REPRESENTATION_CONTEXT('2D SPACE',''
  ) );
#6905 = PCURVE('',#45,#6906);
#6906 = DEFINITIONAL_REPRESENTATION('',(#6907),#6911);
#6907 = LINE('',#6908,#6909);
#6908 = CARTESIAN_POINT('',(-6.28318530718,0.15));
#6909 = VECTOR('',#6910,1.);
#6910 = DIRECTION('',(1.,0.));
#6911 = ( GEOMETRIC_REPRESENTATION_CONTEXT(2) 
PARAMETRIC_REPRESENTATION_CONTEXT() REPRESENTATION_CONTEXT('2D SPACE',''
  ) );
#6912 = ORIENTED_EDGE('',*,*,#6818,.T.);
#6913 = ADVANCED_FACE('',(#6914),#5044,.F.);
#6914 = FACE_BOUND('',#6915,.F.);
#6915 = EDGE_LOOP('',(#6916,#6917,#6939,#6940));
#6916 = ORIENTED_EDGE('',*,*,#6124,.T.);
#6917 = ORIENTED_EDGE('',*,*,#6918,.F.);
#6918 = EDGE_CURVE('',#6869,#6125,#6919,.T.);
#6919 = SURFACE_CURVE('',#6920,(#6925,#6932),.PCURVE_S1.);
#6920 = CIRCLE('',#6921,2.925);
#6921 = AXIS2_PLACEMENT_3D('',#6922,#6923,#6924);
#6922 = CARTESIAN_POINT('',(-7.311870311144,-0.954865455504,
    1.850247792129));
#6923 = DIRECTION('',(6.12318272229E-17,-3.586851928427E-30,-1.));
#6924 = DIRECTION('',(0.342416373449,0.939548310197,2.096678021729E-17)
  );
#6925 = PCURVE('',#5044,#6926);
#6926 = DEFINITIONAL_REPRESENTATION('',(#6927),#6931);
#6927 = LINE('',#6928,#6929);
#6928 = CARTESIAN_POINT('',(6.28318530718,-7.499999999997E-02));
#6929 = VECTOR('',#6930,1.);
#6930 = DIRECTION('',(-1.,-4.08788814535E-15));
#6931 = ( GEOMETRIC_REPRESENTATION_CONTEXT(2) 
PARAMETRIC_REPRESENTATION_CONTEXT() REPRESENTATION_CONTEXT('2D SPACE',''
  ) );
#6932 = PCURVE('',#194,#6933);
#6933 = DEFINITIONAL_REPRESENTATION('',(#6934),#6938);
#6934 = LINE('',#6935,#6936);
#6935 = CARTESIAN_POINT('',(-3.14159265359,0.15));
#6936 = VECTOR('',#6937,1.);
#6937 = DIRECTION('',(1.,0.));
#6938 = ( GEOMETRIC_REPRESENTATION_CONTEXT(2) 
PARAMETRIC_REPRESENTATION_CONTEXT() REPRESENTATION_CONTEXT('2D SPACE',''
  ) );
#6939 = ORIENTED_EDGE('',*,*,#6868,.T.);
#6940 = ORIENTED_EDGE('',*,*,#5025,.F.);
#6941 = ADVANCED_FACE('',(#6942),#6540,.T.);
#6942 = FACE_BOUND('',#6943,.T.);
#6943 = EDGE_LOOP('',(#6944,#6945,#6968,#6998,#7034));
#6944 = ORIENTED_EDGE('',*,*,#6520,.F.);
#6945 = ORIENTED_EDGE('',*,*,#6946,.T.);
#6946 = EDGE_CURVE('',#6471,#6947,#6949,.T.);
#6947 = VERTEX_POINT('',#6948);
#6948 = CARTESIAN_POINT('',(-3.186897595691,-3.729791514672,
    1.600247792129));
#6949 = SURFACE_CURVE('',#6950,(#6955,#6962),.PCURVE_S1.);
#6950 = B_SPLINE_CURVE_WITH_KNOTS('',3,(#6951,#6952,#6953,#6954),
  .UNSPECIFIED.,.F.,.F.,(4,4),(-3.5E-02,-1.E-02),
  .PIECEWISE_BEZIER_KNOTS.);
#6951 = CARTESIAN_POINT('',(-3.186897595691,-3.729791514672,
    1.850247792129));
#6952 = CARTESIAN_POINT('',(-3.186897595691,-3.729791514672,
    1.766914458796));
#6953 = CARTESIAN_POINT('',(-3.186897595691,-3.729791514672,
    1.683581125462));
#6954 = CARTESIAN_POINT('',(-3.186897595691,-3.729791514672,
    1.600247792129));
#6955 = PCURVE('',#6540,#6956);
#6956 = DEFINITIONAL_REPRESENTATION('',(#6957),#6961);
#6957 = LINE('',#6958,#6959);
#6958 = CARTESIAN_POINT('',(2.183837744145E-16,1.387778780781E-17));
#6959 = VECTOR('',#6960,1.);
#6960 = DIRECTION('',(4.510419453087E-15,-1.));
#6961 = ( GEOMETRIC_REPRESENTATION_CONTEXT(2) 
PARAMETRIC_REPRESENTATION_CONTEXT() REPRESENTATION_CONTEXT('2D SPACE',''
  ) );
#6962 = PCURVE('',#1633,#6963);
#6963 = DEFINITIONAL_REPRESENTATION('',(#6964),#6967);
#6964 = B_SPLINE_CURVE_WITH_KNOTS('',1,(#6965,#6966),.UNSPECIFIED.,.F.,
  .F.,(2,2),(-3.5E-02,-1.E-02),.PIECEWISE_BEZIER_KNOTS.);
#6965 = CARTESIAN_POINT('',(5.850165155353,0.15));
#6966 = CARTESIAN_POINT('',(5.850165155353,0.4));
#6967 = ( GEOMETRIC_REPRESENTATION_CONTEXT(2) 
PARAMETRIC_REPRESENTATION_CONTEXT() REPRESENTATION_CONTEXT('2D SPACE',''
  ) );
#6968 = ORIENTED_EDGE('',*,*,#6969,.T.);
#6969 = EDGE_CURVE('',#6947,#6970,#6972,.T.);
#6970 = VERTEX_POINT('',#6971);
#6971 = CARTESIAN_POINT('',(-3.183266254642,-3.968549905889,
    1.600247792129));
#6972 = SURFACE_CURVE('',#6973,(#6981,#6987),.PCURVE_S1.);
#6973 = B_SPLINE_CURVE_WITH_KNOTS('',3,(#6974,#6975,#6976,#6977,#6978,
    #6979,#6980),.UNSPECIFIED.,.F.,.F.,(4,3,4),(0.,1.691392974552E-02,
    2.559926620537E-02),.UNSPECIFIED.);
#6974 = CARTESIAN_POINT('',(-3.186897595691,-3.729791514672,
    1.600247792129));
#6975 = CARTESIAN_POINT('',(-3.153204096893,-3.774781414748,
    1.600247792129));
#6976 = CARTESIAN_POINT('',(-3.139414564156,-3.834353616812,
    1.600247792129));
#6977 = CARTESIAN_POINT('',(-3.149820397164,-3.889446627807,
    1.600247792129));
#6978 = CARTESIAN_POINT('',(-3.155163813045,-3.917736998187,
    1.600247792129));
#6979 = CARTESIAN_POINT('',(-3.166887166674,-3.944846276268,
    1.600247792129));
#6980 = CARTESIAN_POINT('',(-3.183476972445,-3.968527905435,
    1.600247792129));
#6981 = PCURVE('',#6540,#6982);
#6982 = DEFINITIONAL_REPRESENTATION('',(#6983),#6986);
#6983 = B_SPLINE_CURVE_WITH_KNOTS('',1,(#6984,#6985),.UNSPECIFIED.,.F.,
  .F.,(2,2),(0.,2.558897401415E-02),.PIECEWISE_BEZIER_KNOTS.);
#6984 = CARTESIAN_POINT('',(1.732795798836E-16,1.E-02));
#6985 = CARTESIAN_POINT('',(0.432255279678,1.E-02));
#6986 = ( GEOMETRIC_REPRESENTATION_CONTEXT(2) 
PARAMETRIC_REPRESENTATION_CONTEXT() REPRESENTATION_CONTEXT('2D SPACE',''
  ) );
#6987 = PCURVE('',#1404,#6988);
#6988 = DEFINITIONAL_REPRESENTATION('',(#6989),#6997);
#6989 = B_SPLINE_CURVE_WITH_KNOTS('',3,(#6990,#6991,#6992,#6993,#6994,
    #6995,#6996),.UNSPECIFIED.,.F.,.F.,(4,3,4),(0.,1.691392974552E-02,
    2.559926620537E-02),.UNSPECIFIED.);
#6990 = CARTESIAN_POINT('',(0.900445398959,-6.582900608018));
#6991 = CARTESIAN_POINT('',(0.855455498882,-6.54920710922));
#6992 = CARTESIAN_POINT('',(0.795883296819,-6.535417576484));
#6993 = CARTESIAN_POINT('',(0.740790285823,-6.545823409492));
#6994 = CARTESIAN_POINT('',(0.712499915443,-6.551166825373));
#6995 = CARTESIAN_POINT('',(0.685390637363,-6.562890179001));
#6996 = CARTESIAN_POINT('',(0.661709008196,-6.579479984772));
#6997 = ( GEOMETRIC_REPRESENTATION_CONTEXT(2) 
PARAMETRIC_REPRESENTATION_CONTEXT() REPRESENTATION_CONTEXT('2D SPACE',''
  ) );
#6998 = ORIENTED_EDGE('',*,*,#6999,.T.);
#6999 = EDGE_CURVE('',#6970,#7000,#7002,.T.);
#7000 = VERTEX_POINT('',#7001);
#7001 = CARTESIAN_POINT('',(-3.478919105886,-4.008609773469,
    1.600247792129));
#7002 = SURFACE_CURVE('',#7003,(#7014,#7020),.PCURVE_S1.);
#7003 = B_SPLINE_CURVE_WITH_KNOTS('',3,(#7004,#7005,#7006,#7007,#7008,
    #7009,#7010,#7011,#7012,#7013),.UNSPECIFIED.,.F.,.F.,(4,3,3,4),(
    2.559926620537E-02,3.38250297441E-02,5.073314292542E-02,
    5.918719951608E-02),.UNSPECIFIED.);
#7004 = CARTESIAN_POINT('',(-3.183476972445,-3.968527905435,
    1.600247792129));
#7005 = CARTESIAN_POINT('',(-3.199194355992,-3.990964168631,
    1.600247792129));
#7006 = CARTESIAN_POINT('',(-3.219279817253,-4.010323809189,
    1.600247792129));
#7007 = CARTESIAN_POINT('',(-3.242446307044,-4.024696383529,
    1.600247792129));
#7008 = CARTESIAN_POINT('',(-3.290065185163,-4.054239308327,
    1.600247792129));
#7009 = CARTESIAN_POINT('',(-3.35070174265,-4.062711337998,
    1.600247792129));
#7010 = CARTESIAN_POINT('',(-3.404783745325,-4.047549211452,
    1.600247792129));
#7011 = CARTESIAN_POINT('',(-3.431824746662,-4.03996814818,
    1.600247792129));
#7012 = CARTESIAN_POINT('',(-3.457227109297,-4.026478545853,
    1.600247792129));
#7013 = CARTESIAN_POINT('',(-3.478919105886,-4.008609773469,
    1.600247792129));
#7014 = PCURVE('',#6540,#7015);
#7015 = DEFINITIONAL_REPRESENTATION('',(#7016),#7019);
#7016 = B_SPLINE_CURVE_WITH_KNOTS('',1,(#7017,#7018),.UNSPECIFIED.,.F.,
  .F.,(2,2),(2.559926620537E-02,5.918719951608E-02),
  .PIECEWISE_BEZIER_KNOTS.);
#7017 = CARTESIAN_POINT('',(0.432429137919,1.E-02));
#7018 = CARTESIAN_POINT('',(1.,1.E-02));
#7019 = ( GEOMETRIC_REPRESENTATION_CONTEXT(2) 
PARAMETRIC_REPRESENTATION_CONTEXT() REPRESENTATION_CONTEXT('2D SPACE',''
  ) );
#7020 = PCURVE('',#1404,#7021);
#7021 = DEFINITIONAL_REPRESENTATION('',(#7022),#7033);
#7022 = B_SPLINE_CURVE_WITH_KNOTS('',3,(#7023,#7024,#7025,#7026,#7027,
    #7028,#7029,#7030,#7031,#7032),.UNSPECIFIED.,.F.,.F.,(4,3,3,4),(
    2.559926620537E-02,3.38250297441E-02,5.073314292542E-02,
    5.918719951608E-02),.UNSPECIFIED.);
#7023 = CARTESIAN_POINT('',(0.661709008196,-6.579479984772));
#7024 = CARTESIAN_POINT('',(0.639272745,-6.59519736832));
#7025 = CARTESIAN_POINT('',(0.619913104441,-6.615282829581));
#7026 = CARTESIAN_POINT('',(0.605540530102,-6.638449319371));
#7027 = CARTESIAN_POINT('',(0.575997605303,-6.686068197491));
#7028 = CARTESIAN_POINT('',(0.567525575633,-6.746704754977));
#7029 = CARTESIAN_POINT('',(0.582687702178,-6.800786757652));
#7030 = CARTESIAN_POINT('',(0.590268765451,-6.82782775899));
#7031 = CARTESIAN_POINT('',(0.603758367778,-6.853230121625));
#7032 = CARTESIAN_POINT('',(0.621627140162,-6.874922118213));
#7033 = ( GEOMETRIC_REPRESENTATION_CONTEXT(2) 
PARAMETRIC_REPRESENTATION_CONTEXT() REPRESENTATION_CONTEXT('2D SPACE',''
  ) );
#7034 = ORIENTED_EDGE('',*,*,#7035,.T.);
#7035 = EDGE_CURVE('',#7000,#6521,#7036,.T.);
#7036 = SURFACE_CURVE('',#7037,(#7042,#7049),.PCURVE_S1.);
#7037 = B_SPLINE_CURVE_WITH_KNOTS('',3,(#7038,#7039,#7040,#7041),
  .UNSPECIFIED.,.F.,.F.,(4,4),(1.E-02,3.5E-02),
  .PIECEWISE_BEZIER_KNOTS.);
#7038 = CARTESIAN_POINT('',(-3.478919105886,-4.008609773469,
    1.600247792129));
#7039 = CARTESIAN_POINT('',(-3.478919105886,-4.008609773469,
    1.683581125462));
#7040 = CARTESIAN_POINT('',(-3.478919105886,-4.008609773469,
    1.766914458796));
#7041 = CARTESIAN_POINT('',(-3.478919105886,-4.008609773469,
    1.850247792129));
#7042 = PCURVE('',#6540,#7043);
#7043 = DEFINITIONAL_REPRESENTATION('',(#7044),#7048);
#7044 = LINE('',#7045,#7046);
#7045 = CARTESIAN_POINT('',(1.,6.938893903907E-18));
#7046 = VECTOR('',#7047,1.);
#7047 = DIRECTION('',(1.7763568394E-14,1.));
#7048 = ( GEOMETRIC_REPRESENTATION_CONTEXT(2) 
PARAMETRIC_REPRESENTATION_CONTEXT() REPRESENTATION_CONTEXT('2D SPACE',''
  ) );
#7049 = PCURVE('',#6638,#7050);
#7050 = DEFINITIONAL_REPRESENTATION('',(#7051),#7056);
#7051 = B_SPLINE_CURVE_WITH_KNOTS('',3,(#7052,#7053,#7054,#7055),
  .UNSPECIFIED.,.F.,.F.,(4,4),(1.E-02,3.5E-02),
  .PIECEWISE_BEZIER_KNOTS.);
#7052 = CARTESIAN_POINT('',(0.238226003511,0.4));
#7053 = CARTESIAN_POINT('',(0.238226003511,0.316666666667));
#7054 = CARTESIAN_POINT('',(0.238226003511,0.233333333333));
#7055 = CARTESIAN_POINT('',(0.238226003511,0.15));
#7056 = ( GEOMETRIC_REPRESENTATION_CONTEXT(2) 
PARAMETRIC_REPRESENTATION_CONTEXT() REPRESENTATION_CONTEXT('2D SPACE',''
  ) );
#7057 = ADVANCED_FACE('',(#7058),#1633,.T.);
#7058 = FACE_BOUND('',#7059,.T.);
#7059 = EDGE_LOOP('',(#7060,#7061,#7084,#7108,#7129,#7130,#7153,#7175));
#7060 = ORIENTED_EDGE('',*,*,#6494,.F.);
#7061 = ORIENTED_EDGE('',*,*,#7062,.F.);
#7062 = EDGE_CURVE('',#7063,#6417,#7065,.T.);
#7063 = VERTEX_POINT('',#7064);
#7064 = CARTESIAN_POINT('',(-4.030453859513,-1.967205994246,
    1.600247792129));
#7065 = SURFACE_CURVE('',#7066,(#7070,#7077),.PCURVE_S1.);
#7066 = LINE('',#7067,#7068);
#7067 = CARTESIAN_POINT('',(-4.030453859513,-1.967205994246,
    2.000247792129));
#7068 = VECTOR('',#7069,1.);
#7069 = DIRECTION('',(-6.12318272229E-17,3.583545125319E-30,1.));
#7070 = PCURVE('',#1633,#7071);
#7071 = DEFINITIONAL_REPRESENTATION('',(#7072),#7076);
#7072 = LINE('',#7073,#7074);
#7073 = CARTESIAN_POINT('',(6.243027476839,0.));
#7074 = VECTOR('',#7075,1.);
#7075 = DIRECTION('',(0.,-1.));
#7076 = ( GEOMETRIC_REPRESENTATION_CONTEXT(2) 
PARAMETRIC_REPRESENTATION_CONTEXT() REPRESENTATION_CONTEXT('2D SPACE',''
  ) );
#7077 = PCURVE('',#6454,#7078);
#7078 = DEFINITIONAL_REPRESENTATION('',(#7079),#7083);
#7079 = LINE('',#7080,#7081);
#7080 = CARTESIAN_POINT('',(6.634236622327,0.));
#7081 = VECTOR('',#7082,1.);
#7082 = DIRECTION('',(0.,-1.));
#7083 = ( GEOMETRIC_REPRESENTATION_CONTEXT(2) 
PARAMETRIC_REPRESENTATION_CONTEXT() REPRESENTATION_CONTEXT('2D SPACE',''
  ) );
#7084 = ORIENTED_EDGE('',*,*,#7085,.F.);
#7085 = EDGE_CURVE('',#7086,#7063,#7088,.T.);
#7086 = VERTEX_POINT('',#7087);
#7087 = CARTESIAN_POINT('',(-3.994149530402,-2.101594411774,
    1.600247792129));
#7088 = SURFACE_CURVE('',#7089,(#7094,#7101),.PCURVE_S1.);
#7089 = CIRCLE('',#7090,5.006);
#7090 = AXIS2_PLACEMENT_3D('',#7091,#7092,#7093);
#7091 = CARTESIAN_POINT('',(0.819993019216,-0.728981024127,
    1.600247792129));
#7092 = DIRECTION('',(6.12318272229E-17,-3.588392672382E-30,-1.));
#7093 = DIRECTION('',(-0.978075794872,-0.208249224453,-5.98893680825E-17
    ));
#7094 = PCURVE('',#1633,#7095);
#7095 = DEFINITIONAL_REPRESENTATION('',(#7096),#7100);
#7096 = LINE('',#7097,#7098);
#7097 = CARTESIAN_POINT('',(0.,0.4));
#7098 = VECTOR('',#7099,1.);
#7099 = DIRECTION('',(1.,0.));
#7100 = ( GEOMETRIC_REPRESENTATION_CONTEXT(2) 
PARAMETRIC_REPRESENTATION_CONTEXT() REPRESENTATION_CONTEXT('2D SPACE',''
  ) );
#7101 = PCURVE('',#6087,#7102);
#7102 = DEFINITIONAL_REPRESENTATION('',(#7103),#7107);
#7103 = CIRCLE('',#7104,5.006);
#7104 = AXIS2_PLACEMENT_2D('',#7105,#7106);
#7105 = CARTESIAN_POINT('',(0.123701922776,4.453282254057));
#7106 = DIRECTION('',(-0.208249224453,-0.978075794872));
#7107 = ( GEOMETRIC_REPRESENTATION_CONTEXT(2) 
PARAMETRIC_REPRESENTATION_CONTEXT() REPRESENTATION_CONTEXT('2D SPACE',''
  ) );
#7108 = ORIENTED_EDGE('',*,*,#7109,.F.);
#7109 = EDGE_CURVE('',#1617,#7086,#7110,.T.);
#7110 = SURFACE_CURVE('',#7111,(#7115,#7122),.PCURVE_S1.);
#7111 = LINE('',#7112,#7113);
#7112 = CARTESIAN_POINT('',(-3.994149530402,-2.101594411774,
    2.000247792129));
#7113 = VECTOR('',#7114,1.);
#7114 = DIRECTION('',(-6.12318272229E-17,3.583545125319E-30,1.));
#7115 = PCURVE('',#1633,#7116);
#7116 = DEFINITIONAL_REPRESENTATION('',(#7117),#7121);
#7117 = LINE('',#7118,#7119);
#7118 = CARTESIAN_POINT('',(6.215218792788,0.));
#7119 = VECTOR('',#7120,1.);
#7120 = DIRECTION('',(0.,-1.));
#7121 = ( GEOMETRIC_REPRESENTATION_CONTEXT(2) 
PARAMETRIC_REPRESENTATION_CONTEXT() REPRESENTATION_CONTEXT('2D SPACE',''
  ) );
#7122 = PCURVE('',#1666,#7123);
#7123 = DEFINITIONAL_REPRESENTATION('',(#7124),#7128);
#7124 = LINE('',#7125,#7126);
#7125 = CARTESIAN_POINT('',(1.289517086718,2.));
#7126 = VECTOR('',#7127,1.);
#7127 = DIRECTION('',(0.,1.));
#7128 = ( GEOMETRIC_REPRESENTATION_CONTEXT(2) 
PARAMETRIC_REPRESENTATION_CONTEXT() REPRESENTATION_CONTEXT('2D SPACE',''
  ) );
#7129 = ORIENTED_EDGE('',*,*,#1616,.F.);
#7130 = ORIENTED_EDGE('',*,*,#7131,.F.);
#7131 = EDGE_CURVE('',#7132,#1588,#7134,.T.);
#7132 = VERTEX_POINT('',#7133);
#7133 = CARTESIAN_POINT('',(-3.349721343506,-3.499092598288,
    1.600247792129));
#7134 = SURFACE_CURVE('',#7135,(#7139,#7146),.PCURVE_S1.);
#7135 = LINE('',#7136,#7137);
#7136 = CARTESIAN_POINT('',(-3.349721343506,-3.499092598288,
    2.000247792129));
#7137 = VECTOR('',#7138,1.);
#7138 = DIRECTION('',(6.12318272229E-17,-3.583545125319E-30,-1.));
#7139 = PCURVE('',#1633,#7140);
#7140 = DEFINITIONAL_REPRESENTATION('',(#7141),#7145);
#7141 = LINE('',#7142,#7143);
#7142 = CARTESIAN_POINT('',(5.906579212193,0.));
#7143 = VECTOR('',#7144,1.);
#7144 = DIRECTION('',(0.,1.));
#7145 = ( GEOMETRIC_REPRESENTATION_CONTEXT(2) 
PARAMETRIC_REPRESENTATION_CONTEXT() REPRESENTATION_CONTEXT('2D SPACE',''
  ) );
#7146 = PCURVE('',#1604,#7147);
#7147 = DEFINITIONAL_REPRESENTATION('',(#7148),#7152);
#7148 = LINE('',#7149,#7150);
#7149 = CARTESIAN_POINT('',(5.505204457008,2.));
#7150 = VECTOR('',#7151,1.);
#7151 = DIRECTION('',(0.,-1.));
#7152 = ( GEOMETRIC_REPRESENTATION_CONTEXT(2) 
PARAMETRIC_REPRESENTATION_CONTEXT() REPRESENTATION_CONTEXT('2D SPACE',''
  ) );
#7153 = ORIENTED_EDGE('',*,*,#7154,.F.);
#7154 = EDGE_CURVE('',#6947,#7132,#7155,.T.);
#7155 = SURFACE_CURVE('',#7156,(#7161,#7168),.PCURVE_S1.);
#7156 = CIRCLE('',#7157,5.006);
#7157 = AXIS2_PLACEMENT_3D('',#7158,#7159,#7160);
#7158 = CARTESIAN_POINT('',(0.819993019216,-0.728981024127,
    1.600247792129));
#7159 = DIRECTION('',(6.12318272229E-17,-3.588392672382E-30,-1.));
#7160 = DIRECTION('',(-0.978075794872,-0.208249224453,-5.98893680825E-17
    ));
#7161 = PCURVE('',#1633,#7162);
#7162 = DEFINITIONAL_REPRESENTATION('',(#7163),#7167);
#7163 = LINE('',#7164,#7165);
#7164 = CARTESIAN_POINT('',(0.,0.4));
#7165 = VECTOR('',#7166,1.);
#7166 = DIRECTION('',(1.,0.));
#7167 = ( GEOMETRIC_REPRESENTATION_CONTEXT(2) 
PARAMETRIC_REPRESENTATION_CONTEXT() REPRESENTATION_CONTEXT('2D SPACE',''
  ) );
#7168 = PCURVE('',#1404,#7169);
#7169 = DEFINITIONAL_REPRESENTATION('',(#7170),#7174);
#7170 = CIRCLE('',#7171,5.006);
#7171 = AXIS2_PLACEMENT_2D('',#7172,#7173);
#7172 = CARTESIAN_POINT('',(3.901255889504,-2.576009993111));
#7173 = DIRECTION('',(-0.208249224453,-0.978075794872));
#7174 = ( GEOMETRIC_REPRESENTATION_CONTEXT(2) 
PARAMETRIC_REPRESENTATION_CONTEXT() REPRESENTATION_CONTEXT('2D SPACE',''
  ) );
#7175 = ORIENTED_EDGE('',*,*,#6946,.F.);
#7176 = ADVANCED_FACE('',(#7177),#6454,.F.);
#7177 = FACE_BOUND('',#7178,.F.);
#7178 = EDGE_LOOP('',(#7179,#7180,#7204,#7225));
#7179 = ORIENTED_EDGE('',*,*,#7062,.F.);
#7180 = ORIENTED_EDGE('',*,*,#7181,.F.);
#7181 = EDGE_CURVE('',#7182,#7063,#7184,.T.);
#7182 = VERTEX_POINT('',#7183);
#7183 = CARTESIAN_POINT('',(-4.224907995155,-1.68357839306,
    1.600247792129));
#7184 = SURFACE_CURVE('',#7185,(#7190,#7197),.PCURVE_S1.);
#7185 = CIRCLE('',#7186,0.5);
#7186 = AXIS2_PLACEMENT_3D('',#7187,#7188,#7189);
#7187 = CARTESIAN_POINT('',(-4.514917191387,-2.090880082353,
    1.600247792129));
#7188 = DIRECTION('',(6.12318272229E-17,-3.574525976783E-30,-1.));
#7189 = DIRECTION('',(0.824774098131,0.565462365726,5.050242507466E-17)
  );
#7190 = PCURVE('',#6454,#7191);
#7191 = DEFINITIONAL_REPRESENTATION('',(#7192),#7196);
#7192 = LINE('',#7193,#7194);
#7193 = CARTESIAN_POINT('',(0.,0.4));
#7194 = VECTOR('',#7195,1.);
#7195 = DIRECTION('',(1.,0.));
#7196 = ( GEOMETRIC_REPRESENTATION_CONTEXT(2) 
PARAMETRIC_REPRESENTATION_CONTEXT() REPRESENTATION_CONTEXT('2D SPACE',''
  ) );
#7197 = PCURVE('',#6087,#7198);
#7198 = DEFINITIONAL_REPRESENTATION('',(#7199),#7203);
#7199 = CIRCLE('',#7200,0.5);
#7200 = AXIS2_PLACEMENT_2D('',#7201,#7202);
#7201 = CARTESIAN_POINT('',(-1.23819713545,-0.881627956546));
#7202 = DIRECTION('',(0.565462365726,0.824774098131));
#7203 = ( GEOMETRIC_REPRESENTATION_CONTEXT(2) 
PARAMETRIC_REPRESENTATION_CONTEXT() REPRESENTATION_CONTEXT('2D SPACE',''
  ) );
#7204 = ORIENTED_EDGE('',*,*,#7205,.F.);
#7205 = EDGE_CURVE('',#6361,#7182,#7206,.T.);
#7206 = SURFACE_CURVE('',#7207,(#7211,#7218),.PCURVE_S1.);
#7207 = LINE('',#7208,#7209);
#7208 = CARTESIAN_POINT('',(-4.224907995155,-1.68357839306,
    2.000247792129));
#7209 = VECTOR('',#7210,1.);
#7210 = DIRECTION('',(6.12318272229E-17,-3.583545125319E-30,-1.));
#7211 = PCURVE('',#6454,#7212);
#7212 = DEFINITIONAL_REPRESENTATION('',(#7213),#7217);
#7213 = LINE('',#7214,#7215);
#7214 = CARTESIAN_POINT('',(5.932133992033,0.));
#7215 = VECTOR('',#7216,1.);
#7216 = DIRECTION('',(0.,1.));
#7217 = ( GEOMETRIC_REPRESENTATION_CONTEXT(2) 
PARAMETRIC_REPRESENTATION_CONTEXT() REPRESENTATION_CONTEXT('2D SPACE',''
  ) );
#7218 = PCURVE('',#6400,#7219);
#7219 = DEFINITIONAL_REPRESENTATION('',(#7220),#7224);
#7220 = LINE('',#7221,#7222);
#7221 = CARTESIAN_POINT('',(4.265123384247,0.));
#7222 = VECTOR('',#7223,1.);
#7223 = DIRECTION('',(0.,1.));
#7224 = ( GEOMETRIC_REPRESENTATION_CONTEXT(2) 
PARAMETRIC_REPRESENTATION_CONTEXT() REPRESENTATION_CONTEXT('2D SPACE',''
  ) );
#7225 = ORIENTED_EDGE('',*,*,#6439,.T.);
#7226 = ADVANCED_FACE('',(#7227),#6400,.T.);
#7227 = FACE_BOUND('',#7228,.T.);
#7228 = EDGE_LOOP('',(#7229,#7230,#7253,#7275));
#7229 = ORIENTED_EDGE('',*,*,#6385,.F.);
#7230 = ORIENTED_EDGE('',*,*,#7231,.F.);
#7231 = EDGE_CURVE('',#7232,#6307,#7234,.T.);
#7232 = VERTEX_POINT('',#7233);
#7233 = CARTESIAN_POINT('',(-4.270120845345,-5.591102228268E-02,
    1.600247792129));
#7234 = SURFACE_CURVE('',#7235,(#7239,#7246),.PCURVE_S1.);
#7235 = LINE('',#7236,#7237);
#7236 = CARTESIAN_POINT('',(-4.270120845345,-5.591102228268E-02,
    2.000247792129));
#7237 = VECTOR('',#7238,1.);
#7238 = DIRECTION('',(-6.12318272229E-17,3.583545125319E-30,1.));
#7239 = PCURVE('',#6400,#7240);
#7240 = DEFINITIONAL_REPRESENTATION('',(#7241),#7245);
#7241 = LINE('',#7242,#7243);
#7242 = CARTESIAN_POINT('',(6.113672389288,0.));
#7243 = VECTOR('',#7244,1.);
#7244 = DIRECTION('',(0.,-1.));
#7245 = ( GEOMETRIC_REPRESENTATION_CONTEXT(2) 
PARAMETRIC_REPRESENTATION_CONTEXT() REPRESENTATION_CONTEXT('2D SPACE',''
  ) );
#7246 = PCURVE('',#6344,#7247);
#7247 = DEFINITIONAL_REPRESENTATION('',(#7248),#7252);
#7248 = LINE('',#7249,#7250);
#7249 = CARTESIAN_POINT('',(6.634236622327,0.));
#7250 = VECTOR('',#7251,1.);
#7251 = DIRECTION('',(0.,-1.));
#7252 = ( GEOMETRIC_REPRESENTATION_CONTEXT(2) 
PARAMETRIC_REPRESENTATION_CONTEXT() REPRESENTATION_CONTEXT('2D SPACE',''
  ) );
#7253 = ORIENTED_EDGE('',*,*,#7254,.F.);
#7254 = EDGE_CURVE('',#7182,#7232,#7255,.T.);
#7255 = SURFACE_CURVE('',#7256,(#7261,#7268),.PCURVE_S1.);
#7256 = CIRCLE('',#7257,1.02);
#7257 = AXIS2_PLACEMENT_3D('',#7258,#7259,#7260);
#7258 = CARTESIAN_POINT('',(-3.633289234841,-0.852682946903,
    1.600247792129));
#7259 = DIRECTION('',(6.12318272229E-17,-3.571444488872E-30,-1.));
#7260 = DIRECTION('',(-0.483614419102,0.875281151195,-2.961259455295E-17
    ));
#7261 = PCURVE('',#6400,#7262);
#7262 = DEFINITIONAL_REPRESENTATION('',(#7263),#7267);
#7263 = LINE('',#7264,#7265);
#7264 = CARTESIAN_POINT('',(-8.881784197001E-16,0.4));
#7265 = VECTOR('',#7266,1.);
#7266 = DIRECTION('',(1.,0.));
#7267 = ( GEOMETRIC_REPRESENTATION_CONTEXT(2) 
PARAMETRIC_REPRESENTATION_CONTEXT() REPRESENTATION_CONTEXT('2D SPACE',''
  ) );
#7268 = PCURVE('',#6087,#7269);
#7269 = DEFINITIONAL_REPRESENTATION('',(#7270),#7274);
#7270 = CIRCLE('',#7271,1.02);
#7271 = AXIS2_PLACEMENT_2D('',#7272,#7273);
#7272 = CARTESIAN_POINT('',(0.,0.));
#7273 = DIRECTION('',(0.875281151195,-0.483614419102));
#7274 = ( GEOMETRIC_REPRESENTATION_CONTEXT(2) 
PARAMETRIC_REPRESENTATION_CONTEXT() REPRESENTATION_CONTEXT('2D SPACE',''
  ) );
#7275 = ORIENTED_EDGE('',*,*,#7205,.F.);
#7276 = ADVANCED_FACE('',(#7277),#6344,.F.);
#7277 = FACE_BOUND('',#7278,.F.);
#7278 = EDGE_LOOP('',(#7279,#7280,#7304,#7325));
#7279 = ORIENTED_EDGE('',*,*,#7231,.F.);
#7280 = ORIENTED_EDGE('',*,*,#7281,.F.);
#7281 = EDGE_CURVE('',#7282,#7232,#7284,.T.);
#7282 = VERTEX_POINT('',#7283);
#7283 = CARTESIAN_POINT('',(-4.091711454193,0.238073868778,
    1.600247792129));
#7284 = SURFACE_CURVE('',#7285,(#7290,#7297),.PCURVE_S1.);
#7285 = CIRCLE('',#7286,0.5);
#7286 = AXIS2_PLACEMENT_3D('',#7287,#7288,#7289);
#7287 = CARTESIAN_POINT('',(-4.582293203435,0.33466345057,1.600247792129
    ));
#7288 = DIRECTION('',(6.12318272229E-17,-3.577607464694E-30,-1.));
#7289 = DIRECTION('',(0.854892550564,-0.518805095378,5.23466329503E-17)
  );
#7290 = PCURVE('',#6344,#7291);
#7291 = DEFINITIONAL_REPRESENTATION('',(#7292),#7296);
#7292 = LINE('',#7293,#7294);
#7293 = CARTESIAN_POINT('',(-2.6645352591E-15,0.4));
#7294 = VECTOR('',#7295,1.);
#7295 = DIRECTION('',(1.,0.));
#7296 = ( GEOMETRIC_REPRESENTATION_CONTEXT(2) 
PARAMETRIC_REPRESENTATION_CONTEXT() REPRESENTATION_CONTEXT('2D SPACE',''
  ) );
#7297 = PCURVE('',#6087,#7298);
#7298 = DEFINITIONAL_REPRESENTATION('',(#7299),#7303);
#7299 = CIRCLE('',#7300,0.5);
#7300 = AXIS2_PLACEMENT_2D('',#7301,#7302);
#7301 = CARTESIAN_POINT('',(1.187346397473,-0.949003968594));
#7302 = DIRECTION('',(-0.518805095378,0.854892550564));
#7303 = ( GEOMETRIC_REPRESENTATION_CONTEXT(2) 
PARAMETRIC_REPRESENTATION_CONTEXT() REPRESENTATION_CONTEXT('2D SPACE',''
  ) );
#7304 = ORIENTED_EDGE('',*,*,#7305,.F.);
#7305 = EDGE_CURVE('',#6251,#7282,#7306,.T.);
#7306 = SURFACE_CURVE('',#7307,(#7311,#7318),.PCURVE_S1.);
#7307 = LINE('',#7308,#7309);
#7308 = CARTESIAN_POINT('',(-4.091711454193,0.238073868778,
    2.000247792129));
#7309 = VECTOR('',#7310,1.);
#7310 = DIRECTION('',(6.12318272229E-17,-3.583545125319E-30,-1.));
#7311 = PCURVE('',#6344,#7312);
#7312 = DEFINITIONAL_REPRESENTATION('',(#7313),#7317);
#7313 = LINE('',#7314,#7315);
#7314 = CARTESIAN_POINT('',(5.932133992033,0.));
#7315 = VECTOR('',#7316,1.);
#7316 = DIRECTION('',(0.,1.));
#7317 = ( GEOMETRIC_REPRESENTATION_CONTEXT(2) 
PARAMETRIC_REPRESENTATION_CONTEXT() REPRESENTATION_CONTEXT('2D SPACE',''
  ) );
#7318 = PCURVE('',#6290,#7319);
#7319 = DEFINITIONAL_REPRESENTATION('',(#7320),#7324);
#7320 = LINE('',#7321,#7322);
#7321 = CARTESIAN_POINT('',(5.694903773127,0.));
#7322 = VECTOR('',#7323,1.);
#7323 = DIRECTION('',(0.,1.));
#7324 = ( GEOMETRIC_REPRESENTATION_CONTEXT(2) 
PARAMETRIC_REPRESENTATION_CONTEXT() REPRESENTATION_CONTEXT('2D SPACE',''
  ) );
#7325 = ORIENTED_EDGE('',*,*,#6329,.T.);
#7326 = ADVANCED_FACE('',(#7327),#6290,.T.);
#7327 = FACE_BOUND('',#7328,.T.);
#7328 = EDGE_LOOP('',(#7329,#7330,#7353,#7377,#7400,#7422));
#7329 = ORIENTED_EDGE('',*,*,#6275,.F.);
#7330 = ORIENTED_EDGE('',*,*,#7331,.F.);
#7331 = EDGE_CURVE('',#7332,#6197,#7334,.T.);
#7332 = VERTEX_POINT('',#7333);
#7333 = CARTESIAN_POINT('',(-3.292447825017,2.125465735349,
    1.500247792129));
#7334 = SURFACE_CURVE('',#7335,(#7339,#7346),.PCURVE_S1.);
#7335 = LINE('',#7336,#7337);
#7336 = CARTESIAN_POINT('',(-3.292447825017,2.125465735349,
    2.000247792129));
#7337 = VECTOR('',#7338,1.);
#7338 = DIRECTION('',(-6.12318272229E-17,3.583545125319E-30,1.));
#7339 = PCURVE('',#6290,#7340);
#7340 = DEFINITIONAL_REPRESENTATION('',(#7341),#7345);
#7341 = LINE('',#7342,#7343);
#7342 = CARTESIAN_POINT('',(6.10725796139,0.));
#7343 = VECTOR('',#7344,1.);
#7344 = DIRECTION('',(0.,-1.));
#7345 = ( GEOMETRIC_REPRESENTATION_CONTEXT(2) 
PARAMETRIC_REPRESENTATION_CONTEXT() REPRESENTATION_CONTEXT('2D SPACE',''
  ) );
#7346 = PCURVE('',#6234,#7347);
#7347 = DEFINITIONAL_REPRESENTATION('',(#7348),#7352);
#7348 = LINE('',#7349,#7350);
#7349 = CARTESIAN_POINT('',(1.099485952647,0.));
#7350 = VECTOR('',#7351,1.);
#7351 = DIRECTION('',(0.,-1.));
#7352 = ( GEOMETRIC_REPRESENTATION_CONTEXT(2) 
PARAMETRIC_REPRESENTATION_CONTEXT() REPRESENTATION_CONTEXT('2D SPACE',''
  ) );
#7353 = ORIENTED_EDGE('',*,*,#7354,.F.);
#7354 = EDGE_CURVE('',#7355,#7332,#7357,.T.);
#7355 = VERTEX_POINT('',#7356);
#7356 = CARTESIAN_POINT('',(-4.062923351774,0.374270404112,
    1.500247792129));
#7357 = SURFACE_CURVE('',#7358,(#7363,#7370),.PCURVE_S1.);
#7358 = CIRCLE('',#7359,5.006);
#7359 = AXIS2_PLACEMENT_3D('',#7360,#7361,#7362);
#7360 = CARTESIAN_POINT('',(0.819993019216,-0.728981024127,
    1.500247792129));
#7361 = DIRECTION('',(6.12318272229E-17,-3.593014904249E-30,-1.));
#7362 = DIRECTION('',(-0.70902418797,0.705184160963,-4.341484657466E-17)
  );
#7363 = PCURVE('',#6290,#7364);
#7364 = DEFINITIONAL_REPRESENTATION('',(#7365),#7369);
#7365 = LINE('',#7366,#7367);
#7366 = CARTESIAN_POINT('',(0.,0.5));
#7367 = VECTOR('',#7368,1.);
#7368 = DIRECTION('',(1.,0.));
#7369 = ( GEOMETRIC_REPRESENTATION_CONTEXT(2) 
PARAMETRIC_REPRESENTATION_CONTEXT() REPRESENTATION_CONTEXT('2D SPACE',''
  ) );
#7370 = PCURVE('',#2050,#7371);
#7371 = DEFINITIONAL_REPRESENTATION('',(#7372),#7376);
#7372 = CIRCLE('',#7373,5.006);
#7373 = AXIS2_PLACEMENT_2D('',#7374,#7375);
#7374 = CARTESIAN_POINT('',(0.123701922776,4.453282254057));
#7375 = DIRECTION('',(0.705184160963,-0.70902418797));
#7376 = ( GEOMETRIC_REPRESENTATION_CONTEXT(2) 
PARAMETRIC_REPRESENTATION_CONTEXT() REPRESENTATION_CONTEXT('2D SPACE',''
  ) );
#7377 = ORIENTED_EDGE('',*,*,#7378,.F.);
#7378 = EDGE_CURVE('',#7379,#7355,#7381,.T.);
#7379 = VERTEX_POINT('',#7380);
#7380 = CARTESIAN_POINT('',(-4.062923351774,0.374270404112,
    1.600247792129));
#7381 = SURFACE_CURVE('',#7382,(#7386,#7393),.PCURVE_S1.);
#7382 = LINE('',#7383,#7384);
#7383 = CARTESIAN_POINT('',(-4.062923351774,0.374270404112,
    2.000247792129));
#7384 = VECTOR('',#7385,1.);
#7385 = DIRECTION('',(6.12318272229E-17,-3.583545125319E-30,-1.));
#7386 = PCURVE('',#6290,#7387);
#7387 = DEFINITIONAL_REPRESENTATION('',(#7388),#7392);
#7388 = LINE('',#7389,#7390);
#7389 = CARTESIAN_POINT('',(5.722712457178,0.));
#7390 = VECTOR('',#7391,1.);
#7391 = DIRECTION('',(0.,1.));
#7392 = ( GEOMETRIC_REPRESENTATION_CONTEXT(2) 
PARAMETRIC_REPRESENTATION_CONTEXT() REPRESENTATION_CONTEXT('2D SPACE',''
  ) );
#7393 = PCURVE('',#6058,#7394);
#7394 = DEFINITIONAL_REPRESENTATION('',(#7395),#7399);
#7395 = LINE('',#7396,#7397);
#7396 = CARTESIAN_POINT('',(5.049209331171,2.));
#7397 = VECTOR('',#7398,1.);
#7398 = DIRECTION('',(0.,-1.));
#7399 = ( GEOMETRIC_REPRESENTATION_CONTEXT(2) 
PARAMETRIC_REPRESENTATION_CONTEXT() REPRESENTATION_CONTEXT('2D SPACE',''
  ) );
#7400 = ORIENTED_EDGE('',*,*,#7401,.F.);
#7401 = EDGE_CURVE('',#7282,#7379,#7402,.T.);
#7402 = SURFACE_CURVE('',#7403,(#7408,#7415),.PCURVE_S1.);
#7403 = CIRCLE('',#7404,5.006);
#7404 = AXIS2_PLACEMENT_3D('',#7405,#7406,#7407);
#7405 = CARTESIAN_POINT('',(0.819993019216,-0.728981024127,
    1.600247792129));
#7406 = DIRECTION('',(6.12318272229E-17,-3.593014904249E-30,-1.));
#7407 = DIRECTION('',(-0.70902418797,0.705184160963,-4.341484657466E-17)
  );
#7408 = PCURVE('',#6290,#7409);
#7409 = DEFINITIONAL_REPRESENTATION('',(#7410),#7414);
#7410 = LINE('',#7411,#7412);
#7411 = CARTESIAN_POINT('',(-8.881784197001E-16,0.4));
#7412 = VECTOR('',#7413,1.);
#7413 = DIRECTION('',(1.,0.));
#7414 = ( GEOMETRIC_REPRESENTATION_CONTEXT(2) 
PARAMETRIC_REPRESENTATION_CONTEXT() REPRESENTATION_CONTEXT('2D SPACE',''
  ) );
#7415 = PCURVE('',#6087,#7416);
#7416 = DEFINITIONAL_REPRESENTATION('',(#7417),#7421);
#7417 = CIRCLE('',#7418,5.006);
#7418 = AXIS2_PLACEMENT_2D('',#7419,#7420);
#7419 = CARTESIAN_POINT('',(0.123701922776,4.453282254057));
#7420 = DIRECTION('',(0.705184160963,-0.70902418797));
#7421 = ( GEOMETRIC_REPRESENTATION_CONTEXT(2) 
PARAMETRIC_REPRESENTATION_CONTEXT() REPRESENTATION_CONTEXT('2D SPACE',''
  ) );
#7422 = ORIENTED_EDGE('',*,*,#7305,.F.);
#7423 = ADVANCED_FACE('',(#7424),#6234,.F.);
#7424 = FACE_BOUND('',#7425,.F.);
#7425 = EDGE_LOOP('',(#7426,#7427,#7451,#7472));
#7426 = ORIENTED_EDGE('',*,*,#7331,.F.);
#7427 = ORIENTED_EDGE('',*,*,#7428,.F.);
#7428 = EDGE_CURVE('',#7429,#7332,#7431,.T.);
#7429 = VERTEX_POINT('',#7430);
#7430 = CARTESIAN_POINT('',(-3.713908225726,2.910453587733,
    1.500247792129));
#7431 = SURFACE_CURVE('',#7432,(#7437,#7444),.PCURVE_S1.);
#7432 = CIRCLE('',#7433,0.5);
#7433 = AXIS2_PLACEMENT_3D('',#7434,#7435,#7436);
#7434 = CARTESIAN_POINT('',(-3.703199008021,2.410568288233,
    1.500247792129));
#7435 = DIRECTION('',(6.12318272229E-17,-3.583770440516E-30,-1.));
#7436 = DIRECTION('',(0.881044551876,0.473033294399,5.394796777614E-17)
  );
#7437 = PCURVE('',#6234,#7438);
#7438 = DEFINITIONAL_REPRESENTATION('',(#7439),#7443);
#7439 = LINE('',#7440,#7441);
#7440 = CARTESIAN_POINT('',(-6.28318530718,0.5));
#7441 = VECTOR('',#7442,1.);
#7442 = DIRECTION('',(1.,0.));
#7443 = ( GEOMETRIC_REPRESENTATION_CONTEXT(2) 
PARAMETRIC_REPRESENTATION_CONTEXT() REPRESENTATION_CONTEXT('2D SPACE',''
  ) );
#7444 = PCURVE('',#2050,#7445);
#7445 = DEFINITIONAL_REPRESENTATION('',(#7446),#7450);
#7446 = CIRCLE('',#7447,0.5);
#7447 = AXIS2_PLACEMENT_2D('',#7448,#7449);
#7448 = CARTESIAN_POINT('',(3.263251235136,-6.990977318023E-02));
#7449 = DIRECTION('',(0.473033294399,0.881044551876));
#7450 = ( GEOMETRIC_REPRESENTATION_CONTEXT(2) 
PARAMETRIC_REPRESENTATION_CONTEXT() REPRESENTATION_CONTEXT('2D SPACE',''
  ) );
#7451 = ORIENTED_EDGE('',*,*,#7452,.F.);
#7452 = EDGE_CURVE('',#6148,#7429,#7453,.T.);
#7453 = SURFACE_CURVE('',#7454,(#7458,#7465),.PCURVE_S1.);
#7454 = LINE('',#7455,#7456);
#7455 = CARTESIAN_POINT('',(-3.713908225726,2.910453587733,
    2.000247792129));
#7456 = VECTOR('',#7457,1.);
#7457 = DIRECTION('',(6.12318272229E-17,-3.583545125319E-30,-1.));
#7458 = PCURVE('',#6234,#7459);
#7459 = DEFINITIONAL_REPRESENTATION('',(#7460),#7464);
#7460 = LINE('',#7461,#7462);
#7461 = CARTESIAN_POINT('',(-1.099485952647,0.));
#7462 = VECTOR('',#7463,1.);
#7463 = DIRECTION('',(0.,1.));
#7464 = ( GEOMETRIC_REPRESENTATION_CONTEXT(2) 
PARAMETRIC_REPRESENTATION_CONTEXT() REPRESENTATION_CONTEXT('2D SPACE',''
  ) );
#7465 = PCURVE('',#499,#7466);
#7466 = DEFINITIONAL_REPRESENTATION('',(#7467),#7471);
#7467 = LINE('',#7468,#7469);
#7468 = CARTESIAN_POINT('',(4.733809053749,2.));
#7469 = VECTOR('',#7470,1.);
#7470 = DIRECTION('',(0.,-1.));
#7471 = ( GEOMETRIC_REPRESENTATION_CONTEXT(2) 
PARAMETRIC_REPRESENTATION_CONTEXT() REPRESENTATION_CONTEXT('2D SPACE',''
  ) );
#7472 = ORIENTED_EDGE('',*,*,#6219,.T.);
#7473 = ADVANCED_FACE('',(#7474),#499,.F.);
#7474 = FACE_BOUND('',#7475,.F.);
#7475 = EDGE_LOOP('',(#7476,#7477,#7503,#7504,#7505,#7526));
#7476 = ORIENTED_EDGE('',*,*,#7452,.T.);
#7477 = ORIENTED_EDGE('',*,*,#7478,.F.);
#7478 = EDGE_CURVE('',#2011,#7429,#7479,.T.);
#7479 = SURFACE_CURVE('',#7480,(#7485,#7492),.PCURVE_S1.);
#7480 = CIRCLE('',#7481,3.764);
#7481 = AXIS2_PLACEMENT_3D('',#7482,#7483,#7484);
#7482 = CARTESIAN_POINT('',(-3.633289234841,-0.852682946903,
    1.500247792129));
#7483 = DIRECTION('',(-6.12318272229E-17,3.583545125319E-30,1.));
#7484 = DIRECTION('',(-1.,-2.22044604925E-16,-6.12318272229E-17));
#7485 = PCURVE('',#499,#7486);
#7486 = DEFINITIONAL_REPRESENTATION('',(#7487),#7491);
#7487 = LINE('',#7488,#7489);
#7488 = CARTESIAN_POINT('',(-8.881784197001E-16,1.5));
#7489 = VECTOR('',#7490,1.);
#7490 = DIRECTION('',(1.,0.));
#7491 = ( GEOMETRIC_REPRESENTATION_CONTEXT(2) 
PARAMETRIC_REPRESENTATION_CONTEXT() REPRESENTATION_CONTEXT('2D SPACE',''
  ) );
#7492 = PCURVE('',#2050,#7493);
#7493 = DEFINITIONAL_REPRESENTATION('',(#7494),#7502);
#7494 = ( BOUNDED_CURVE() B_SPLINE_CURVE(2,(#7495,#7496,#7497,#7498,
#7499,#7500,#7501),.UNSPECIFIED.,.T.,.F.) B_SPLINE_CURVE_WITH_KNOTS((1,2
    ,2,2,2,1),(-2.094395102393,0.,2.094395102393,4.188790204786,
6.28318530718,8.377580409573),.UNSPECIFIED.) CURVE() 
GEOMETRIC_REPRESENTATION_ITEM() RATIONAL_B_SPLINE_CURVE((1.,0.5,1.,0.5,
1.,0.5,1.)) REPRESENTATION_ITEM('') );
#7495 = CARTESIAN_POINT('',(-1.258000069217E-31,-3.764));
#7496 = CARTESIAN_POINT('',(-6.519439239689,-3.764));
#7497 = CARTESIAN_POINT('',(-3.259719619845,1.882));
#7498 = CARTESIAN_POINT('',(-9.219141103981E-16,7.528));
#7499 = CARTESIAN_POINT('',(3.259719619845,1.882));
#7500 = CARTESIAN_POINT('',(6.519439239689,-3.764));
#7501 = CARTESIAN_POINT('',(-1.258000069217E-31,-3.764));
#7502 = ( GEOMETRIC_REPRESENTATION_CONTEXT(2) 
PARAMETRIC_REPRESENTATION_CONTEXT() REPRESENTATION_CONTEXT('2D SPACE',''
  ) );
#7503 = ORIENTED_EDGE('',*,*,#2010,.F.);
#7504 = ORIENTED_EDGE('',*,*,#480,.T.);
#7505 = ORIENTED_EDGE('',*,*,#7506,.F.);
#7506 = EDGE_CURVE('',#6125,#210,#7507,.T.);
#7507 = SURFACE_CURVE('',#7508,(#7512,#7519),.PCURVE_S1.);
#7508 = LINE('',#7509,#7510);
#7509 = CARTESIAN_POINT('',(-6.310302418807,1.793313351823,
    2.000247792129));
#7510 = VECTOR('',#7511,1.);
#7511 = DIRECTION('',(6.12318272229E-17,-3.583545125319E-30,-1.));
#7512 = PCURVE('',#499,#7513);
#7513 = DEFINITIONAL_REPRESENTATION('',(#7514),#7518);
#7514 = LINE('',#7515,#7516);
#7515 = CARTESIAN_POINT('',(5.503614023164,2.));
#7516 = VECTOR('',#7517,1.);
#7517 = DIRECTION('',(0.,-1.));
#7518 = ( GEOMETRIC_REPRESENTATION_CONTEXT(2) 
PARAMETRIC_REPRESENTATION_CONTEXT() REPRESENTATION_CONTEXT('2D SPACE',''
  ) );
#7519 = PCURVE('',#194,#7520);
#7520 = DEFINITIONAL_REPRESENTATION('',(#7521),#7525);
#7521 = LINE('',#7522,#7523);
#7522 = CARTESIAN_POINT('',(3.14159265359,0.));
#7523 = VECTOR('',#7524,1.);
#7524 = DIRECTION('',(0.,1.));
#7525 = ( GEOMETRIC_REPRESENTATION_CONTEXT(2) 
PARAMETRIC_REPRESENTATION_CONTEXT() REPRESENTATION_CONTEXT('2D SPACE',''
  ) );
#7526 = ORIENTED_EDGE('',*,*,#6170,.T.);
#7527 = ADVANCED_FACE('',(#7528),#6638,.F.);
#7528 = FACE_BOUND('',#7529,.T.);
#7529 = EDGE_LOOP('',(#7530,#7531,#7532,#7555,#7578,#7601,#7629,#7652));
#7530 = ORIENTED_EDGE('',*,*,#6624,.F.);
#7531 = ORIENTED_EDGE('',*,*,#7035,.F.);
#7532 = ORIENTED_EDGE('',*,*,#7533,.F.);
#7533 = EDGE_CURVE('',#7534,#7000,#7536,.T.);
#7534 = VERTEX_POINT('',#7535);
#7535 = CARTESIAN_POINT('',(-3.634556824038,-3.880403273496,
    1.600247792129));
#7536 = SURFACE_CURVE('',#7537,(#7541,#7548),.PCURVE_S1.);
#7537 = LINE('',#7538,#7539);
#7538 = CARTESIAN_POINT('',(-1.186592314348,-5.896912931772,
    1.600247792129));
#7539 = VECTOR('',#7540,1.);
#7540 = DIRECTION('',(0.771846849761,-0.635808493584,4.726159294712E-17)
  );
#7541 = PCURVE('',#6638,#7542);
#7542 = DEFINITIONAL_REPRESENTATION('',(#7543),#7547);
#7543 = LINE('',#7544,#7545);
#7544 = CARTESIAN_POINT('',(-2.731698395671,0.4));
#7545 = VECTOR('',#7546,1.);
#7546 = DIRECTION('',(-1.,-2.465190328816E-32));
#7547 = ( GEOMETRIC_REPRESENTATION_CONTEXT(2) 
PARAMETRIC_REPRESENTATION_CONTEXT() REPRESENTATION_CONTEXT('2D SPACE',''
  ) );
#7548 = PCURVE('',#1404,#7549);
#7549 = DEFINITIONAL_REPRESENTATION('',(#7550),#7554);
#7550 = LINE('',#7551,#7552);
#7551 = CARTESIAN_POINT('',(-1.266676018141,-4.582595326676));
#7552 = VECTOR('',#7553,1.);
#7553 = DIRECTION('',(-0.635808493584,0.771846849761));
#7554 = ( GEOMETRIC_REPRESENTATION_CONTEXT(2) 
PARAMETRIC_REPRESENTATION_CONTEXT() REPRESENTATION_CONTEXT('2D SPACE',''
  ) );
#7555 = ORIENTED_EDGE('',*,*,#7556,.F.);
#7556 = EDGE_CURVE('',#7557,#7534,#7559,.T.);
#7557 = VERTEX_POINT('',#7558);
#7558 = CARTESIAN_POINT('',(-3.634556824038,-3.880403273496,
    1.500247792129));
#7559 = SURFACE_CURVE('',#7560,(#7564,#7571),.PCURVE_S1.);
#7560 = LINE('',#7561,#7562);
#7561 = CARTESIAN_POINT('',(-3.634556824038,-3.880403273496,
    2.47792129087E-04));
#7562 = VECTOR('',#7563,1.);
#7563 = DIRECTION('',(-6.12318272229E-17,3.583545125319E-30,1.));
#7564 = PCURVE('',#6638,#7565);
#7565 = DEFINITIONAL_REPRESENTATION('',(#7566),#7570);
#7566 = LINE('',#7567,#7568);
#7567 = CARTESIAN_POINT('',(0.439869267586,2.));
#7568 = VECTOR('',#7569,1.);
#7569 = DIRECTION('',(0.,-1.));
#7570 = ( GEOMETRIC_REPRESENTATION_CONTEXT(2) 
PARAMETRIC_REPRESENTATION_CONTEXT() REPRESENTATION_CONTEXT('2D SPACE',''
  ) );
#7571 = PCURVE('',#1376,#7572);
#7572 = DEFINITIONAL_REPRESENTATION('',(#7573),#7577);
#7573 = LINE('',#7574,#7575);
#7574 = CARTESIAN_POINT('',(5.778021571414,0.));
#7575 = VECTOR('',#7576,1.);
#7576 = DIRECTION('',(0.,1.));
#7577 = ( GEOMETRIC_REPRESENTATION_CONTEXT(2) 
PARAMETRIC_REPRESENTATION_CONTEXT() REPRESENTATION_CONTEXT('2D SPACE',''
  ) );
#7578 = ORIENTED_EDGE('',*,*,#7579,.F.);
#7579 = EDGE_CURVE('',#7580,#7557,#7582,.T.);
#7580 = VERTEX_POINT('',#7581);
#7581 = CARTESIAN_POINT('',(-6.25950645984,-1.718102197589,
    1.500247792129));
#7582 = SURFACE_CURVE('',#7583,(#7587,#7594),.PCURVE_S1.);
#7583 = LINE('',#7584,#7585);
#7584 = CARTESIAN_POINT('',(-4.20734539299,-3.408568948746,
    1.500247792129));
#7585 = VECTOR('',#7586,1.);
#7586 = DIRECTION('',(0.771846849761,-0.635808493584,4.726159294712E-17)
  );
#7587 = PCURVE('',#6638,#7588);
#7588 = DEFINITIONAL_REPRESENTATION('',(#7589),#7593);
#7589 = LINE('',#7590,#7591);
#7590 = CARTESIAN_POINT('',(1.181970591351,0.5));
#7591 = VECTOR('',#7592,1.);
#7592 = DIRECTION('',(-1.,-2.465190328816E-32));
#7593 = ( GEOMETRIC_REPRESENTATION_CONTEXT(2) 
PARAMETRIC_REPRESENTATION_CONTEXT() REPRESENTATION_CONTEXT('2D SPACE',''
  ) );
#7594 = PCURVE('',#1348,#7595);
#7595 = DEFINITIONAL_REPRESENTATION('',(#7596),#7600);
#7596 = LINE('',#7597,#7598);
#7597 = CARTESIAN_POINT('',(-2.555886001843,-0.574056158149));
#7598 = VECTOR('',#7599,1.);
#7599 = DIRECTION('',(-0.635808493584,0.771846849761));
#7600 = ( GEOMETRIC_REPRESENTATION_CONTEXT(2) 
PARAMETRIC_REPRESENTATION_CONTEXT() REPRESENTATION_CONTEXT('2D SPACE',''
  ) );
#7601 = ORIENTED_EDGE('',*,*,#7602,.F.);
#7602 = EDGE_CURVE('',#7603,#7580,#7605,.T.);
#7603 = VERTEX_POINT('',#7604);
#7604 = CARTESIAN_POINT('',(-6.25950645984,-1.718102197589,
    1.600247792129));
#7605 = SURFACE_CURVE('',#7606,(#7610,#7617),.PCURVE_S1.);
#7606 = LINE('',#7607,#7608);
#7607 = CARTESIAN_POINT('',(-6.25950645984,-1.718102197589,
    2.477921290869E-04));
#7608 = VECTOR('',#7609,1.);
#7609 = DIRECTION('',(6.12318272229E-17,-3.583545125319E-30,-1.));
#7610 = PCURVE('',#6638,#7611);
#7611 = DEFINITIONAL_REPRESENTATION('',(#7612),#7616);
#7612 = LINE('',#7613,#7614);
#7613 = CARTESIAN_POINT('',(3.840737764509,2.));
#7614 = VECTOR('',#7615,1.);
#7615 = DIRECTION('',(0.,1.));
#7616 = ( GEOMETRIC_REPRESENTATION_CONTEXT(2) 
PARAMETRIC_REPRESENTATION_CONTEXT() REPRESENTATION_CONTEXT('2D SPACE',''
  ) );
#7617 = PCURVE('',#7618,#7623);
#7618 = CYLINDRICAL_SURFACE('',#7619,1.3);
#7619 = AXIS2_PLACEMENT_3D('',#7620,#7621,#7622);
#7620 = CARTESIAN_POINT('',(-7.311870311144,-0.954865455504,
    2.477921290868E-04));
#7621 = DIRECTION('',(-6.12318272229E-17,3.583545125319E-30,1.));
#7622 = DIRECTION('',(-1.,-2.22044604925E-16,-6.12318272229E-17));
#7623 = DEFINITIONAL_REPRESENTATION('',(#7624),#7628);
#7624 = LINE('',#7625,#7626);
#7625 = CARTESIAN_POINT('',(2.514114474328,0.));
#7626 = VECTOR('',#7627,1.);
#7627 = DIRECTION('',(0.,-1.));
#7628 = ( GEOMETRIC_REPRESENTATION_CONTEXT(2) 
PARAMETRIC_REPRESENTATION_CONTEXT() REPRESENTATION_CONTEXT('2D SPACE',''
  ) );
#7629 = ORIENTED_EDGE('',*,*,#7630,.F.);
#7630 = EDGE_CURVE('',#7631,#7603,#7633,.T.);
#7631 = VERTEX_POINT('',#7632);
#7632 = CARTESIAN_POINT('',(-6.26057777322,-1.717219703676,
    1.600247792129));
#7633 = SURFACE_CURVE('',#7634,(#7638,#7645),.PCURVE_S1.);
#7634 = LINE('',#7635,#7636);
#7635 = CARTESIAN_POINT('',(-5.278025373601,-2.526596798708,
    1.600247792129));
#7636 = VECTOR('',#7637,1.);
#7637 = DIRECTION('',(0.771846849761,-0.635808493584,4.726159294712E-17)
  );
#7638 = PCURVE('',#6638,#7639);
#7639 = DEFINITIONAL_REPRESENTATION('',(#7640),#7644);
#7640 = LINE('',#7641,#7642);
#7641 = CARTESIAN_POINT('',(2.569136945587,0.4));
#7642 = VECTOR('',#7643,1.);
#7643 = DIRECTION('',(-1.,-2.465190328816E-32));
#7644 = ( GEOMETRIC_REPRESENTATION_CONTEXT(2) 
PARAMETRIC_REPRESENTATION_CONTEXT() REPRESENTATION_CONTEXT('2D SPACE',''
  ) );
#7645 = PCURVE('',#610,#7646);
#7646 = DEFINITIONAL_REPRESENTATION('',(#7647),#7651);
#7647 = LINE('',#7648,#7649);
#7648 = CARTESIAN_POINT('',(-1.571731343204,2.033844937543));
#7649 = VECTOR('',#7650,1.);
#7650 = DIRECTION('',(-0.635808493584,0.771846849761));
#7651 = ( GEOMETRIC_REPRESENTATION_CONTEXT(2) 
PARAMETRIC_REPRESENTATION_CONTEXT() REPRESENTATION_CONTEXT('2D SPACE',''
  ) );
#7652 = ORIENTED_EDGE('',*,*,#7653,.F.);
#7653 = EDGE_CURVE('',#6600,#7631,#7654,.T.);
#7654 = SURFACE_CURVE('',#7655,(#7659,#7666),.PCURVE_S1.);
#7655 = LINE('',#7656,#7657);
#7656 = CARTESIAN_POINT('',(-6.26057777322,-1.717219703676,
    2.000247792129));
#7657 = VECTOR('',#7658,1.);
#7658 = DIRECTION('',(6.12318272229E-17,-3.583545125319E-30,-1.));
#7659 = PCURVE('',#6638,#7660);
#7660 = DEFINITIONAL_REPRESENTATION('',(#7661),#7665);
#7661 = LINE('',#7662,#7663);
#7662 = CARTESIAN_POINT('',(3.842125751493,-4.112828756529E-16));
#7663 = VECTOR('',#7664,1.);
#7664 = DIRECTION('',(0.,1.));
#7665 = ( GEOMETRIC_REPRESENTATION_CONTEXT(2) 
PARAMETRIC_REPRESENTATION_CONTEXT() REPRESENTATION_CONTEXT('2D SPACE',''
  ) );
#7666 = PCURVE('',#6692,#7667);
#7667 = DEFINITIONAL_REPRESENTATION('',(#7668),#7672);
#7668 = LINE('',#7669,#7670);
#7669 = CARTESIAN_POINT('',(5.708165183506,0.));
#7670 = VECTOR('',#7671,1.);
#7671 = DIRECTION('',(0.,1.));
#7672 = ( GEOMETRIC_REPRESENTATION_CONTEXT(2) 
PARAMETRIC_REPRESENTATION_CONTEXT() REPRESENTATION_CONTEXT('2D SPACE',''
  ) );
#7673 = ADVANCED_FACE('',(#7674),#6692,.F.);
#7674 = FACE_BOUND('',#7675,.F.);
#7675 = EDGE_LOOP('',(#7676,#7699,#7721,#7722));
#7676 = ORIENTED_EDGE('',*,*,#7677,.F.);
#7677 = EDGE_CURVE('',#7678,#6655,#7680,.T.);
#7678 = VERTEX_POINT('',#7679);
#7679 = CARTESIAN_POINT('',(-6.424785070342,-1.198750214256,
    1.600247792129));
#7680 = SURFACE_CURVE('',#7681,(#7685,#7692),.PCURVE_S1.);
#7681 = LINE('',#7682,#7683);
#7682 = CARTESIAN_POINT('',(-6.424785070342,-1.198750214256,
    2.000247792129));
#7683 = VECTOR('',#7684,1.);
#7684 = DIRECTION('',(-6.12318272229E-17,3.583545125319E-30,1.));
#7685 = PCURVE('',#6692,#7686);
#7686 = DEFINITIONAL_REPRESENTATION('',(#7687),#7691);
#7687 = LINE('',#7688,#7689);
#7688 = CARTESIAN_POINT('',(6.858205430854,0.));
#7689 = VECTOR('',#7690,1.);
#7690 = DIRECTION('',(0.,-1.));
#7691 = ( GEOMETRIC_REPRESENTATION_CONTEXT(2) 
PARAMETRIC_REPRESENTATION_CONTEXT() REPRESENTATION_CONTEXT('2D SPACE',''
  ) );
#7692 = PCURVE('',#6748,#7693);
#7693 = DEFINITIONAL_REPRESENTATION('',(#7694),#7698);
#7694 = LINE('',#7695,#7696);
#7695 = CARTESIAN_POINT('',(5.94949571008,0.));
#7696 = VECTOR('',#7697,1.);
#7697 = DIRECTION('',(0.,-1.));
#7698 = ( GEOMETRIC_REPRESENTATION_CONTEXT(2) 
PARAMETRIC_REPRESENTATION_CONTEXT() REPRESENTATION_CONTEXT('2D SPACE',''
  ) );
#7699 = ORIENTED_EDGE('',*,*,#7700,.F.);
#7700 = EDGE_CURVE('',#7631,#7678,#7701,.T.);
#7701 = SURFACE_CURVE('',#7702,(#7707,#7714),.PCURVE_S1.);
#7702 = CIRCLE('',#7703,0.5);
#7703 = AXIS2_PLACEMENT_3D('',#7704,#7705,#7706);
#7704 = CARTESIAN_POINT('',(-5.942673526428,-1.331296278795,
    1.600247792129));
#7705 = DIRECTION('',(6.12318272229E-17,-3.577607464694E-30,-1.));
#7706 = DIRECTION('',(-0.953328839823,-0.301933971526,
    -5.837406680665E-17));
#7707 = PCURVE('',#6692,#7708);
#7708 = DEFINITIONAL_REPRESENTATION('',(#7709),#7713);
#7709 = LINE('',#7710,#7711);
#7710 = CARTESIAN_POINT('',(1.7763568394E-15,0.4));
#7711 = VECTOR('',#7712,1.);
#7712 = DIRECTION('',(1.,0.));
#7713 = ( GEOMETRIC_REPRESENTATION_CONTEXT(2) 
PARAMETRIC_REPRESENTATION_CONTEXT() REPRESENTATION_CONTEXT('2D SPACE',''
  ) );
#7714 = PCURVE('',#610,#7715);
#7715 = DEFINITIONAL_REPRESENTATION('',(#7716),#7720);
#7716 = CIRCLE('',#7717,0.5);
#7717 = AXIS2_PLACEMENT_2D('',#7718,#7719);
#7718 = CARTESIAN_POINT('',(-0.376430823291,1.369196784716));
#7719 = DIRECTION('',(-0.301933971526,-0.953328839823));
#7720 = ( GEOMETRIC_REPRESENTATION_CONTEXT(2) 
PARAMETRIC_REPRESENTATION_CONTEXT() REPRESENTATION_CONTEXT('2D SPACE',''
  ) );
#7721 = ORIENTED_EDGE('',*,*,#7653,.F.);
#7722 = ORIENTED_EDGE('',*,*,#6677,.T.);
#7723 = ADVANCED_FACE('',(#7724),#6802,.F.);
#7724 = FACE_BOUND('',#7725,.F.);
#7725 = EDGE_LOOP('',(#7726,#7749,#7773,#7794));
#7726 = ORIENTED_EDGE('',*,*,#7727,.F.);
#7727 = EDGE_CURVE('',#7728,#6765,#7730,.T.);
#7728 = VERTEX_POINT('',#7729);
#7729 = CARTESIAN_POINT('',(-7.300469738848,0.343699147029,
    1.600247792129));
#7730 = SURFACE_CURVE('',#7731,(#7735,#7742),.PCURVE_S1.);
#7731 = LINE('',#7732,#7733);
#7732 = CARTESIAN_POINT('',(-7.300469738848,0.343699147029,
    2.000247792129));
#7733 = VECTOR('',#7734,1.);
#7734 = DIRECTION('',(-6.12318272229E-17,3.583545125319E-30,1.));
#7735 = PCURVE('',#6802,#7736);
#7736 = DEFINITIONAL_REPRESENTATION('',(#7737),#7741);
#7737 = LINE('',#7738,#7739);
#7738 = CARTESIAN_POINT('',(6.858205430854,0.));
#7739 = VECTOR('',#7740,1.);
#7740 = DIRECTION('',(0.,-1.));
#7741 = ( GEOMETRIC_REPRESENTATION_CONTEXT(2) 
PARAMETRIC_REPRESENTATION_CONTEXT() REPRESENTATION_CONTEXT('2D SPACE',''
  ) );
#7742 = PCURVE('',#73,#7743);
#7743 = DEFINITIONAL_REPRESENTATION('',(#7744),#7748);
#7744 = LINE('',#7745,#7746);
#7745 = CARTESIAN_POINT('',(0.37963300069,3.225835815174E-18));
#7746 = VECTOR('',#7747,1.);
#7747 = DIRECTION('',(1.54074395551E-33,-1.));
#7748 = ( GEOMETRIC_REPRESENTATION_CONTEXT(2) 
PARAMETRIC_REPRESENTATION_CONTEXT() REPRESENTATION_CONTEXT('2D SPACE',''
  ) );
#7749 = ORIENTED_EDGE('',*,*,#7750,.F.);
#7750 = EDGE_CURVE('',#7751,#7728,#7753,.T.);
#7751 = VERTEX_POINT('',#7752);
#7752 = CARTESIAN_POINT('',(-6.980992904429,-9.642492656469E-02,
    1.600247792129));
#7753 = SURFACE_CURVE('',#7754,(#7759,#7766),.PCURVE_S1.);
#7754 = CIRCLE('',#7755,0.5);
#7755 = AXIS2_PLACEMENT_3D('',#7756,#7757,#7758);
#7756 = CARTESIAN_POINT('',(-6.801168226866,0.370118839163,
    1.600247792129));
#7757 = DIRECTION('',(6.12318272229E-17,-3.580688952605E-30,-1.));
#7758 = DIRECTION('',(-0.80927225424,-0.587433756706,-4.955321884789E-17
    ));
#7759 = PCURVE('',#6802,#7760);
#7760 = DEFINITIONAL_REPRESENTATION('',(#7761),#7765);
#7761 = LINE('',#7762,#7763);
#7762 = CARTESIAN_POINT('',(-1.7763568394E-15,0.4));
#7763 = VECTOR('',#7764,1.);
#7764 = DIRECTION('',(1.,0.));
#7765 = ( GEOMETRIC_REPRESENTATION_CONTEXT(2) 
PARAMETRIC_REPRESENTATION_CONTEXT() REPRESENTATION_CONTEXT('2D SPACE',''
  ) );
#7766 = PCURVE('',#610,#7767);
#7767 = DEFINITIONAL_REPRESENTATION('',(#7768),#7772);
#7768 = CIRCLE('',#7769,0.5);
#7769 = AXIS2_PLACEMENT_2D('',#7770,#7771);
#7770 = CARTESIAN_POINT('',(1.324984294667,0.510702084278));
#7771 = DIRECTION('',(-0.587433756706,-0.80927225424));
#7772 = ( GEOMETRIC_REPRESENTATION_CONTEXT(2) 
PARAMETRIC_REPRESENTATION_CONTEXT() REPRESENTATION_CONTEXT('2D SPACE',''
  ) );
#7773 = ORIENTED_EDGE('',*,*,#7774,.F.);
#7774 = EDGE_CURVE('',#6709,#7751,#7775,.T.);
#7775 = SURFACE_CURVE('',#7776,(#7780,#7787),.PCURVE_S1.);
#7776 = LINE('',#7777,#7778);
#7777 = CARTESIAN_POINT('',(-6.980992904429,-9.64249265647E-02,
    2.000247792129));
#7778 = VECTOR('',#7779,1.);
#7779 = DIRECTION('',(6.12318272229E-17,-3.583545125319E-30,-1.));
#7780 = PCURVE('',#6802,#7781);
#7781 = DEFINITIONAL_REPRESENTATION('',(#7782),#7786);
#7782 = LINE('',#7783,#7784);
#7783 = CARTESIAN_POINT('',(5.708165183506,0.));
#7784 = VECTOR('',#7785,1.);
#7785 = DIRECTION('',(0.,1.));
#7786 = ( GEOMETRIC_REPRESENTATION_CONTEXT(2) 
PARAMETRIC_REPRESENTATION_CONTEXT() REPRESENTATION_CONTEXT('2D SPACE',''
  ) );
#7787 = PCURVE('',#6748,#7788);
#7788 = DEFINITIONAL_REPRESENTATION('',(#7789),#7793);
#7789 = LINE('',#7790,#7791);
#7790 = CARTESIAN_POINT('',(4.478291991051,0.));
#7791 = VECTOR('',#7792,1.);
#7792 = DIRECTION('',(0.,1.));
#7793 = ( GEOMETRIC_REPRESENTATION_CONTEXT(2) 
PARAMETRIC_REPRESENTATION_CONTEXT() REPRESENTATION_CONTEXT('2D SPACE',''
  ) );
#7794 = ORIENTED_EDGE('',*,*,#6787,.T.);
#7795 = ADVANCED_FACE('',(#7796),#6748,.T.);
#7796 = FACE_BOUND('',#7797,.T.);
#7797 = EDGE_LOOP('',(#7798,#7799,#7800,#7822));
#7798 = ORIENTED_EDGE('',*,*,#6733,.F.);
#7799 = ORIENTED_EDGE('',*,*,#7677,.F.);
#7800 = ORIENTED_EDGE('',*,*,#7801,.F.);
#7801 = EDGE_CURVE('',#7751,#7678,#7802,.T.);
#7802 = SURFACE_CURVE('',#7803,(#7808,#7815),.PCURVE_S1.);
#7803 = CIRCLE('',#7804,0.92);
#7804 = AXIS2_PLACEMENT_3D('',#7805,#7806,#7807);
#7805 = CARTESIAN_POINT('',(-7.311870311144,-0.954865455504,
    1.600247792129));
#7806 = DIRECTION('',(6.12318272229E-17,-3.574525976783E-30,-1.));
#7807 = DIRECTION('',(0.824210872039,-0.566283002052,5.04679377119E-17)
  );
#7808 = PCURVE('',#6748,#7809);
#7809 = DEFINITIONAL_REPRESENTATION('',(#7810),#7814);
#7810 = LINE('',#7811,#7812);
#7811 = CARTESIAN_POINT('',(0.,0.4));
#7812 = VECTOR('',#7813,1.);
#7813 = DIRECTION('',(1.,0.));
#7814 = ( GEOMETRIC_REPRESENTATION_CONTEXT(2) 
PARAMETRIC_REPRESENTATION_CONTEXT() REPRESENTATION_CONTEXT('2D SPACE',''
  ) );
#7815 = PCURVE('',#610,#7816);
#7816 = DEFINITIONAL_REPRESENTATION('',(#7817),#7821);
#7817 = CIRCLE('',#7818,0.92);
#7818 = AXIS2_PLACEMENT_2D('',#7819,#7820);
#7819 = CARTESIAN_POINT('',(9.769962616701E-15,2.767600152278E-30));
#7820 = DIRECTION('',(-0.566283002052,0.824210872039));
#7821 = ( GEOMETRIC_REPRESENTATION_CONTEXT(2) 
PARAMETRIC_REPRESENTATION_CONTEXT() REPRESENTATION_CONTEXT('2D SPACE',''
  ) );
#7822 = ORIENTED_EDGE('',*,*,#7774,.F.);
#7823 = ADVANCED_FACE('',(#7824),#45,.F.);
#7824 = FACE_BOUND('',#7825,.F.);
#7825 = EDGE_LOOP('',(#7826,#7847,#7848,#7869));
#7826 = ORIENTED_EDGE('',*,*,#7827,.F.);
#7827 = EDGE_CURVE('',#6819,#22,#7828,.T.);
#7828 = SURFACE_CURVE('',#7829,(#7833,#7840),.PCURVE_S1.);
#7829 = LINE('',#7830,#7831);
#7830 = CARTESIAN_POINT('',(-7.356398624145,1.400690153974,
    2.000247792129));
#7831 = VECTOR('',#7832,1.);
#7832 = DIRECTION('',(6.12318272229E-17,-3.583545125319E-30,-1.));
#7833 = PCURVE('',#45,#7834);
#7834 = DEFINITIONAL_REPRESENTATION('',(#7835),#7839);
#7835 = LINE('',#7836,#7837);
#7836 = CARTESIAN_POINT('',(-0.906156347052,0.));
#7837 = VECTOR('',#7838,1.);
#7838 = DIRECTION('',(0.,1.));
#7839 = ( GEOMETRIC_REPRESENTATION_CONTEXT(2) 
PARAMETRIC_REPRESENTATION_CONTEXT() REPRESENTATION_CONTEXT('2D SPACE',''
  ) );
#7840 = PCURVE('',#73,#7841);
#7841 = DEFINITIONAL_REPRESENTATION('',(#7842),#7846);
#7842 = LINE('',#7843,#7844);
#7843 = CARTESIAN_POINT('',(1.43810266439,1.221991521351E-17));
#7844 = VECTOR('',#7845,1.);
#7845 = DIRECTION('',(-1.54074395551E-33,1.));
#7846 = ( GEOMETRIC_REPRESENTATION_CONTEXT(2) 
PARAMETRIC_REPRESENTATION_CONTEXT() REPRESENTATION_CONTEXT('2D SPACE',''
  ) );
#7847 = ORIENTED_EDGE('',*,*,#6891,.T.);
#7848 = ORIENTED_EDGE('',*,*,#7849,.F.);
#7849 = EDGE_CURVE('',#24,#6869,#7850,.T.);
#7850 = SURFACE_CURVE('',#7851,(#7855,#7862),.PCURVE_S1.);
#7851 = LINE('',#7852,#7853);
#7852 = CARTESIAN_POINT('',(-6.76332944227,1.918238774275,2.000247792129
    ));
#7853 = VECTOR('',#7854,1.);
#7854 = DIRECTION('',(-6.12318272229E-17,3.583545125319E-30,1.));
#7855 = PCURVE('',#45,#7856);
#7856 = DEFINITIONAL_REPRESENTATION('',(#7857),#7861);
#7857 = LINE('',#7858,#7859);
#7858 = CARTESIAN_POINT('',(0.906156347053,0.));
#7859 = VECTOR('',#7860,1.);
#7860 = DIRECTION('',(0.,-1.));
#7861 = ( GEOMETRIC_REPRESENTATION_CONTEXT(2) 
PARAMETRIC_REPRESENTATION_CONTEXT() REPRESENTATION_CONTEXT('2D SPACE',''
  ) );
#7862 = PCURVE('',#194,#7863);
#7863 = DEFINITIONAL_REPRESENTATION('',(#7864),#7868);
#7864 = LINE('',#7865,#7866);
#7865 = CARTESIAN_POINT('',(2.980757475694,0.));
#7866 = VECTOR('',#7867,1.);
#7867 = DIRECTION('',(0.,-1.));
#7868 = ( GEOMETRIC_REPRESENTATION_CONTEXT(2) 
PARAMETRIC_REPRESENTATION_CONTEXT() REPRESENTATION_CONTEXT('2D SPACE',''
  ) );
#7869 = ORIENTED_EDGE('',*,*,#21,.F.);
#7870 = ADVANCED_FACE('',(#7871),#73,.F.);
#7871 = FACE_BOUND('',#7872,.T.);
#7872 = EDGE_LOOP('',(#7873,#7874,#7875,#7876,#7877,#7898));
#7873 = ORIENTED_EDGE('',*,*,#57,.T.);
#7874 = ORIENTED_EDGE('',*,*,#7827,.F.);
#7875 = ORIENTED_EDGE('',*,*,#6843,.F.);
#7876 = ORIENTED_EDGE('',*,*,#7727,.F.);
#7877 = ORIENTED_EDGE('',*,*,#7878,.F.);
#7878 = EDGE_CURVE('',#759,#7728,#7879,.T.);
#7879 = SURFACE_CURVE('',#7880,(#7884,#7891),.PCURVE_S1.);
#7880 = LINE('',#7881,#7882);
#7881 = CARTESIAN_POINT('',(-7.256196117035,-0.49302091011,
    1.600247792129));
#7882 = VECTOR('',#7883,1.);
#7883 = DIRECTION('',(5.283938426837E-02,-0.998603023964,
    3.235452048089E-18));
#7884 = PCURVE('',#73,#7885);
#7885 = DEFINITIONAL_REPRESENTATION('',(#7886),#7890);
#7886 = LINE('',#7887,#7888);
#7887 = CARTESIAN_POINT('',(-0.458257569496,0.4));
#7888 = VECTOR('',#7889,1.);
#7889 = DIRECTION('',(-1.,1.54074395551E-33));
#7890 = ( GEOMETRIC_REPRESENTATION_CONTEXT(2) 
PARAMETRIC_REPRESENTATION_CONTEXT() REPRESENTATION_CONTEXT('2D SPACE',''
  ) );
#7891 = PCURVE('',#610,#7892);
#7892 = DEFINITIONAL_REPRESENTATION('',(#7893),#7897);
#7893 = LINE('',#7894,#7895);
#7894 = CARTESIAN_POINT('',(0.461844545394,5.567419410866E-02));
#7895 = VECTOR('',#7896,1.);
#7896 = DIRECTION('',(-0.998603023964,5.283938426836E-02));
#7897 = ( GEOMETRIC_REPRESENTATION_CONTEXT(2) 
PARAMETRIC_REPRESENTATION_CONTEXT() REPRESENTATION_CONTEXT('2D SPACE',''
  ) );
#7898 = ORIENTED_EDGE('',*,*,#786,.F.);
#7899 = ADVANCED_FACE('',(#7900),#5183,.T.);
#7900 = FACE_BOUND('',#7901,.T.);
#7901 = EDGE_LOOP('',(#7902,#7903,#7926,#7948));
#7902 = ORIENTED_EDGE('',*,*,#5168,.F.);
#7903 = ORIENTED_EDGE('',*,*,#7904,.F.);
#7904 = EDGE_CURVE('',#7905,#5146,#7907,.T.);
#7905 = VERTEX_POINT('',#7906);
#7906 = CARTESIAN_POINT('',(-2.97698188357,-1.633490644527,
    1.600247792129));
#7907 = SURFACE_CURVE('',#7908,(#7912,#7919),.PCURVE_S1.);
#7908 = LINE('',#7909,#7910);
#7909 = CARTESIAN_POINT('',(-2.97698188357,-1.633490644527,
    2.000247792129));
#7910 = VECTOR('',#7911,1.);
#7911 = DIRECTION('',(-6.12318272229E-17,3.583545125319E-30,1.));
#7912 = PCURVE('',#5183,#7913);
#7913 = DEFINITIONAL_REPRESENTATION('',(#7914),#7918);
#7914 = LINE('',#7915,#7916);
#7915 = CARTESIAN_POINT('',(5.971439227524,0.));
#7916 = VECTOR('',#7917,1.);
#7917 = DIRECTION('',(0.,-1.));
#7918 = ( GEOMETRIC_REPRESENTATION_CONTEXT(2) 
PARAMETRIC_REPRESENTATION_CONTEXT() REPRESENTATION_CONTEXT('2D SPACE',''
  ) );
#7919 = PCURVE('',#1693,#7920);
#7920 = DEFINITIONAL_REPRESENTATION('',(#7921),#7925);
#7921 = LINE('',#7922,#7923);
#7922 = CARTESIAN_POINT('',(0.613276137197,0.));
#7923 = VECTOR('',#7924,1.);
#7924 = DIRECTION('',(0.,-1.));
#7925 = ( GEOMETRIC_REPRESENTATION_CONTEXT(2) 
PARAMETRIC_REPRESENTATION_CONTEXT() REPRESENTATION_CONTEXT('2D SPACE',''
  ) );
#7926 = ORIENTED_EDGE('',*,*,#7927,.F.);
#7927 = EDGE_CURVE('',#6071,#7905,#7928,.T.);
#7928 = SURFACE_CURVE('',#7929,(#7934,#7941),.PCURVE_S1.);
#7929 = CIRCLE('',#7930,1.02);
#7930 = AXIS2_PLACEMENT_3D('',#7931,#7932,#7933);
#7931 = CARTESIAN_POINT('',(-3.633289234841,-0.852682946903,
    1.600247792129));
#7932 = DIRECTION('',(6.12318272229E-17,-3.586851928427E-30,-1.));
#7933 = DIRECTION('',(0.377630244689,-0.925956477539,2.312298989692E-17)
  );
#7934 = PCURVE('',#5183,#7935);
#7935 = DEFINITIONAL_REPRESENTATION('',(#7936),#7940);
#7936 = LINE('',#7937,#7938);
#7937 = CARTESIAN_POINT('',(-8.881784197001E-16,0.4));
#7938 = VECTOR('',#7939,1.);
#7939 = DIRECTION('',(1.,0.));
#7940 = ( GEOMETRIC_REPRESENTATION_CONTEXT(2) 
PARAMETRIC_REPRESENTATION_CONTEXT() REPRESENTATION_CONTEXT('2D SPACE',''
  ) );
#7941 = PCURVE('',#6087,#7942);
#7942 = DEFINITIONAL_REPRESENTATION('',(#7943),#7947);
#7943 = CIRCLE('',#7944,1.02);
#7944 = AXIS2_PLACEMENT_2D('',#7945,#7946);
#7945 = CARTESIAN_POINT('',(0.,0.));
#7946 = DIRECTION('',(-0.925956477539,0.377630244689));
#7947 = ( GEOMETRIC_REPRESENTATION_CONTEXT(2) 
PARAMETRIC_REPRESENTATION_CONTEXT() REPRESENTATION_CONTEXT('2D SPACE',''
  ) );
#7948 = ORIENTED_EDGE('',*,*,#6099,.F.);
#7949 = ADVANCED_FACE('',(#7950),#1693,.F.);
#7950 = FACE_BOUND('',#7951,.F.);
#7951 = EDGE_LOOP('',(#7952,#7953,#7977,#7998,#7999,#8020));
#7952 = ORIENTED_EDGE('',*,*,#7904,.F.);
#7953 = ORIENTED_EDGE('',*,*,#7954,.F.);
#7954 = EDGE_CURVE('',#7955,#7905,#7957,.T.);
#7955 = VERTEX_POINT('',#7956);
#7956 = CARTESIAN_POINT('',(-3.153271653743,-2.060815026535,
    1.600247792129));
#7957 = SURFACE_CURVE('',#7958,(#7963,#7970),.PCURVE_S1.);
#7958 = CIRCLE('',#7959,0.5);
#7959 = AXIS2_PLACEMENT_3D('',#7960,#7961,#7962);
#7960 = CARTESIAN_POINT('',(-2.655262593732,-2.016239515911,
    1.600247792129));
#7961 = DIRECTION('',(6.12318272229E-17,-3.571444488872E-30,-1.));
#7962 = DIRECTION('',(-0.966764693537,0.255667806597,-5.919676867987E-17
    ));
#7963 = PCURVE('',#1693,#7964);
#7964 = DEFINITIONAL_REPRESENTATION('',(#7965),#7969);
#7965 = LINE('',#7966,#7967);
#7966 = CARTESIAN_POINT('',(-6.28318530718,0.4));
#7967 = VECTOR('',#7968,1.);
#7968 = DIRECTION('',(1.,0.));
#7969 = ( GEOMETRIC_REPRESENTATION_CONTEXT(2) 
PARAMETRIC_REPRESENTATION_CONTEXT() REPRESENTATION_CONTEXT('2D SPACE',''
  ) );
#7970 = PCURVE('',#6087,#7971);
#7971 = DEFINITIONAL_REPRESENTATION('',(#7972),#7976);
#7972 = CIRCLE('',#7973,0.5);
#7973 = AXIS2_PLACEMENT_2D('',#7974,#7975);
#7974 = CARTESIAN_POINT('',(-1.163556569008,0.978026641109));
#7975 = DIRECTION('',(0.255667806597,-0.966764693537));
#7976 = ( GEOMETRIC_REPRESENTATION_CONTEXT(2) 
PARAMETRIC_REPRESENTATION_CONTEXT() REPRESENTATION_CONTEXT('2D SPACE',''
  ) );
#7977 = ORIENTED_EDGE('',*,*,#7978,.F.);
#7978 = EDGE_CURVE('',#1646,#7955,#7979,.T.);
#7979 = SURFACE_CURVE('',#7980,(#7984,#7991),.PCURVE_S1.);
#7980 = LINE('',#7981,#7982);
#7981 = CARTESIAN_POINT('',(-3.153271653743,-2.060815026535,
    2.000247792129));
#7982 = VECTOR('',#7983,1.);
#7983 = DIRECTION('',(-6.12318272229E-17,3.583545125319E-30,1.));
#7984 = PCURVE('',#1693,#7985);
#7985 = DEFINITIONAL_REPRESENTATION('',(#7986),#7990);
#7986 = LINE('',#7987,#7988);
#7987 = CARTESIAN_POINT('',(-0.347807944138,0.));
#7988 = VECTOR('',#7989,1.);
#7989 = DIRECTION('',(0.,-1.));
#7990 = ( GEOMETRIC_REPRESENTATION_CONTEXT(2) 
PARAMETRIC_REPRESENTATION_CONTEXT() REPRESENTATION_CONTEXT('2D SPACE',''
  ) );
#7991 = PCURVE('',#1666,#7992);
#7992 = DEFINITIONAL_REPRESENTATION('',(#7993),#7997);
#7993 = LINE('',#7994,#7995);
#7994 = CARTESIAN_POINT('',(1.948992044224,2.));
#7995 = VECTOR('',#7996,1.);
#7996 = DIRECTION('',(0.,1.));
#7997 = ( GEOMETRIC_REPRESENTATION_CONTEXT(2) 
PARAMETRIC_REPRESENTATION_CONTEXT() REPRESENTATION_CONTEXT('2D SPACE',''
  ) );
#7998 = ORIENTED_EDGE('',*,*,#1678,.F.);
#7999 = ORIENTED_EDGE('',*,*,#8000,.F.);
#8000 = EDGE_CURVE('',#5201,#1548,#8001,.T.);
#8001 = SURFACE_CURVE('',#8002,(#8006,#8013),.PCURVE_S1.);
#8002 = LINE('',#8003,#8004);
#8003 = CARTESIAN_POINT('',(-3.124131402818,-2.189911735526,
    2.000247792129));
#8004 = VECTOR('',#8005,1.);
#8005 = DIRECTION('',(6.12318272229E-17,-3.583545125319E-30,-1.));
#8006 = PCURVE('',#1693,#8007);
#8007 = DEFINITIONAL_REPRESENTATION('',(#8008),#8012);
#8008 = LINE('',#8009,#8010);
#8009 = CARTESIAN_POINT('',(-0.613276137197,0.));
#8010 = VECTOR('',#8011,1.);
#8011 = DIRECTION('',(0.,1.));
#8012 = ( GEOMETRIC_REPRESENTATION_CONTEXT(2) 
PARAMETRIC_REPRESENTATION_CONTEXT() REPRESENTATION_CONTEXT('2D SPACE',''
  ) );
#8013 = PCURVE('',#1575,#8014);
#8014 = DEFINITIONAL_REPRESENTATION('',(#8015),#8019);
#8015 = LINE('',#8016,#8017);
#8016 = CARTESIAN_POINT('',(3.043632571011,0.));
#8017 = VECTOR('',#8018,1.);
#8018 = DIRECTION('',(0.,1.));
#8019 = ( GEOMETRIC_REPRESENTATION_CONTEXT(2) 
PARAMETRIC_REPRESENTATION_CONTEXT() REPRESENTATION_CONTEXT('2D SPACE',''
  ) );
#8020 = ORIENTED_EDGE('',*,*,#5200,.T.);
#8021 = ADVANCED_FACE('',(#8022),#1575,.F.);
#8022 = FACE_BOUND('',#8023,.F.);
#8023 = EDGE_LOOP('',(#8024,#8025,#8026,#8049,#8077,#8098));
#8024 = ORIENTED_EDGE('',*,*,#8000,.T.);
#8025 = ORIENTED_EDGE('',*,*,#1547,.T.);
#8026 = ORIENTED_EDGE('',*,*,#8027,.T.);
#8027 = EDGE_CURVE('',#1550,#8028,#8030,.T.);
#8028 = VERTEX_POINT('',#8029);
#8029 = CARTESIAN_POINT('',(-2.672583704793,-3.072556034001,
    1.600247792129));
#8030 = SURFACE_CURVE('',#8031,(#8035,#8042),.PCURVE_S1.);
#8031 = LINE('',#8032,#8033);
#8032 = CARTESIAN_POINT('',(-2.672583704793,-3.072556034001,
    2.000247792129));
#8033 = VECTOR('',#8034,1.);
#8034 = DIRECTION('',(-6.12318272229E-17,3.583545125319E-30,1.));
#8035 = PCURVE('',#1575,#8036);
#8036 = DEFINITIONAL_REPRESENTATION('',(#8037),#8041);
#8037 = LINE('',#8038,#8039);
#8038 = CARTESIAN_POINT('',(2.807362635532,0.));
#8039 = VECTOR('',#8040,1.);
#8040 = DIRECTION('',(0.,-1.));
#8041 = ( GEOMETRIC_REPRESENTATION_CONTEXT(2) 
PARAMETRIC_REPRESENTATION_CONTEXT() REPRESENTATION_CONTEXT('2D SPACE',''
  ) );
#8042 = PCURVE('',#1604,#8043);
#8043 = DEFINITIONAL_REPRESENTATION('',(#8044),#8048);
#8044 = LINE('',#8045,#8046);
#8045 = CARTESIAN_POINT('',(5.043819809151,2.));
#8046 = VECTOR('',#8047,1.);
#8047 = DIRECTION('',(0.,1.));
#8048 = ( GEOMETRIC_REPRESENTATION_CONTEXT(2) 
PARAMETRIC_REPRESENTATION_CONTEXT() REPRESENTATION_CONTEXT('2D SPACE',''
  ) );
#8049 = ORIENTED_EDGE('',*,*,#8050,.T.);
#8050 = EDGE_CURVE('',#8028,#8051,#8053,.T.);
#8051 = VERTEX_POINT('',#8052);
#8052 = CARTESIAN_POINT('',(-2.581488038335,-3.202917687649,
    1.600247792129));
#8053 = SURFACE_CURVE('',#8054,(#8059,#8066),.PCURVE_S1.);
#8054 = CIRCLE('',#8055,4.206);
#8055 = AXIS2_PLACEMENT_3D('',#8056,#8057,#8058);
#8056 = CARTESIAN_POINT('',(0.819993019216,-0.728981024127,
    1.600247792129));
#8057 = DIRECTION('',(-6.12318272229E-17,3.580688952605E-30,1.));
#8058 = DIRECTION('',(0.967213362928,0.253965175907,5.922424152648E-17)
  );
#8059 = PCURVE('',#1575,#8060);
#8060 = DEFINITIONAL_REPRESENTATION('',(#8061),#8065);
#8061 = LINE('',#8062,#8063);
#8062 = CARTESIAN_POINT('',(6.28318530718,0.4));
#8063 = VECTOR('',#8064,1.);
#8064 = DIRECTION('',(-1.,0.));
#8065 = ( GEOMETRIC_REPRESENTATION_CONTEXT(2) 
PARAMETRIC_REPRESENTATION_CONTEXT() REPRESENTATION_CONTEXT('2D SPACE',''
  ) );
#8066 = PCURVE('',#1404,#8067);
#8067 = DEFINITIONAL_REPRESENTATION('',(#8068),#8076);
#8068 = ( BOUNDED_CURVE() B_SPLINE_CURVE(2,(#8069,#8070,#8071,#8072,
#8073,#8074,#8075),.UNSPECIFIED.,.T.,.F.) B_SPLINE_CURVE_WITH_KNOTS((1,2
    ,2,2,2,1),(-2.094395102393,0.,2.094395102393,4.188790204786,
6.28318530718,8.377580409573),.UNSPECIFIED.) CURVE() 
GEOMETRIC_REPRESENTATION_ITEM() RATIONAL_B_SPLINE_CURVE((1.,0.5,1.,0.5,
1.,0.5,1.)) REPRESENTATION_ITEM('') );
#8069 = CARTESIAN_POINT('',(4.96943341937,1.492089411364));
#8070 = CARTESIAN_POINT('',(12.015588278162,-0.358048341868));
#8071 = CARTESIAN_POINT('',(6.890244553967,-5.535128571965));
#8072 = CARTESIAN_POINT('',(1.764900829772,-10.71220880206));
#8073 = CARTESIAN_POINT('',(-0.155910304825,-3.684990818733));
#8074 = CARTESIAN_POINT('',(-2.076721439421,3.342227164595));
#8075 = CARTESIAN_POINT('',(4.96943341937,1.492089411364));
#8076 = ( GEOMETRIC_REPRESENTATION_CONTEXT(2) 
PARAMETRIC_REPRESENTATION_CONTEXT() REPRESENTATION_CONTEXT('2D SPACE',''
  ) );
#8077 = ORIENTED_EDGE('',*,*,#8078,.T.);
#8078 = EDGE_CURVE('',#8051,#5249,#8079,.T.);
#8079 = SURFACE_CURVE('',#8080,(#8084,#8091),.PCURVE_S1.);
#8080 = LINE('',#8081,#8082);
#8081 = CARTESIAN_POINT('',(-2.581488038335,-3.202917687649,
    2.000247792129));
#8082 = VECTOR('',#8083,1.);
#8083 = DIRECTION('',(-6.12318272229E-17,3.583545125319E-30,1.));
#8084 = PCURVE('',#1575,#8085);
#8085 = DEFINITIONAL_REPRESENTATION('',(#8086),#8090);
#8086 = LINE('',#8087,#8088);
#8087 = CARTESIAN_POINT('',(2.769548586475,0.));
#8088 = VECTOR('',#8089,1.);
#8089 = DIRECTION('',(0.,-1.));
#8090 = ( GEOMETRIC_REPRESENTATION_CONTEXT(2) 
PARAMETRIC_REPRESENTATION_CONTEXT() REPRESENTATION_CONTEXT('2D SPACE',''
  ) );
#8091 = PCURVE('',#5317,#8092);
#8092 = DEFINITIONAL_REPRESENTATION('',(#8093),#8097);
#8093 = LINE('',#8094,#8095);
#8094 = CARTESIAN_POINT('',(6.77450440477,0.));
#8095 = VECTOR('',#8096,1.);
#8096 = DIRECTION('',(0.,-1.));
#8097 = ( GEOMETRIC_REPRESENTATION_CONTEXT(2) 
PARAMETRIC_REPRESENTATION_CONTEXT() REPRESENTATION_CONTEXT('2D SPACE',''
  ) );
#8098 = ORIENTED_EDGE('',*,*,#5248,.T.);
#8099 = ADVANCED_FACE('',(#8100),#5317,.F.);
#8100 = FACE_BOUND('',#8101,.F.);
#8101 = EDGE_LOOP('',(#8102,#8103,#8127,#8148));
#8102 = ORIENTED_EDGE('',*,*,#8078,.F.);
#8103 = ORIENTED_EDGE('',*,*,#8104,.F.);
#8104 = EDGE_CURVE('',#8105,#8051,#8107,.T.);
#8105 = VERTEX_POINT('',#8106);
#8106 = CARTESIAN_POINT('',(-2.156801285089,-3.408408230674,
    1.600247792129));
#8107 = SURFACE_CURVE('',#8108,(#8113,#8120),.PCURVE_S1.);
#8108 = CIRCLE('',#8109,0.5);
#8109 = AXIS2_PLACEMENT_3D('',#8110,#8111,#8112);
#8110 = CARTESIAN_POINT('',(-2.177127475145,-2.908821555513,
    1.600247792129));
#8111 = DIRECTION('',(6.12318272229E-17,-3.571444488872E-30,-1.));
#8112 = DIRECTION('',(-0.43555569451,-0.900161783781,-2.666987103221E-17
    ));
#8113 = PCURVE('',#5317,#8114);
#8114 = DEFINITIONAL_REPRESENTATION('',(#8115),#8119);
#8115 = LINE('',#8116,#8117);
#8116 = CARTESIAN_POINT('',(-8.881784197001E-16,0.4));
#8117 = VECTOR('',#8118,1.);
#8118 = DIRECTION('',(1.,0.));
#8119 = ( GEOMETRIC_REPRESENTATION_CONTEXT(2) 
PARAMETRIC_REPRESENTATION_CONTEXT() REPRESENTATION_CONTEXT('2D SPACE',''
  ) );
#8120 = PCURVE('',#1404,#8121);
#8121 = DEFINITIONAL_REPRESENTATION('',(#8122),#8126);
#8122 = CIRCLE('',#8123,0.5);
#8123 = AXIS2_PLACEMENT_2D('',#8124,#8125);
#8124 = CARTESIAN_POINT('',(1.721415358117,-5.573130487473));
#8125 = DIRECTION('',(-0.900161783781,-0.43555569451));
#8126 = ( GEOMETRIC_REPRESENTATION_CONTEXT(2) 
PARAMETRIC_REPRESENTATION_CONTEXT() REPRESENTATION_CONTEXT('2D SPACE',''
  ) );
#8127 = ORIENTED_EDGE('',*,*,#8128,.F.);
#8128 = EDGE_CURVE('',#5301,#8105,#8129,.T.);
#8129 = SURFACE_CURVE('',#8130,(#8134,#8141),.PCURVE_S1.);
#8130 = LINE('',#8131,#8132);
#8131 = CARTESIAN_POINT('',(-2.156801285089,-3.408408230674,
    2.000247792129));
#8132 = VECTOR('',#8133,1.);
#8133 = DIRECTION('',(6.12318272229E-17,-3.583545125319E-30,-1.));
#8134 = PCURVE('',#5317,#8135);
#8135 = DEFINITIONAL_REPRESENTATION('',(#8136),#8140);
#8136 = LINE('',#8137,#8138);
#8137 = CARTESIAN_POINT('',(5.791866209589,0.));
#8138 = VECTOR('',#8139,1.);
#8139 = DIRECTION('',(0.,1.));
#8140 = ( GEOMETRIC_REPRESENTATION_CONTEXT(2) 
PARAMETRIC_REPRESENTATION_CONTEXT() REPRESENTATION_CONTEXT('2D SPACE',''
  ) );
#8141 = PCURVE('',#5393,#8142);
#8142 = DEFINITIONAL_REPRESENTATION('',(#8143),#8147);
#8143 = LINE('',#8144,#8145);
#8144 = CARTESIAN_POINT('',(5.967975631637,0.));
#8145 = VECTOR('',#8146,1.);
#8146 = DIRECTION('',(0.,1.));
#8147 = ( GEOMETRIC_REPRESENTATION_CONTEXT(2) 
PARAMETRIC_REPRESENTATION_CONTEXT() REPRESENTATION_CONTEXT('2D SPACE',''
  ) );
#8148 = ORIENTED_EDGE('',*,*,#5300,.T.);
#8149 = ADVANCED_FACE('',(#8150),#5393,.T.);
#8150 = FACE_BOUND('',#8151,.T.);
#8151 = EDGE_LOOP('',(#8152,#8153,#8176,#8198));
#8152 = ORIENTED_EDGE('',*,*,#5378,.F.);
#8153 = ORIENTED_EDGE('',*,*,#8154,.F.);
#8154 = EDGE_CURVE('',#8155,#5356,#8157,.T.);
#8155 = VERTEX_POINT('',#8156);
#8156 = CARTESIAN_POINT('',(-2.111334858322,-3.407342490218,
    1.600247792129));
#8157 = SURFACE_CURVE('',#8158,(#8162,#8169),.PCURVE_S1.);
#8158 = LINE('',#8159,#8160);
#8159 = CARTESIAN_POINT('',(-2.111334858322,-3.407342490218,
    2.000247792129));
#8160 = VECTOR('',#8161,1.);
#8161 = DIRECTION('',(-6.12318272229E-17,3.583545125319E-30,1.));
#8162 = PCURVE('',#5393,#8163);
#8163 = DEFINITIONAL_REPRESENTATION('',(#8164),#8168);
#8164 = LINE('',#8165,#8166);
#8165 = CARTESIAN_POINT('',(6.002431059925,0.));
#8166 = VECTOR('',#8167,1.);
#8167 = DIRECTION('',(0.,-1.));
#8168 = ( GEOMETRIC_REPRESENTATION_CONTEXT(2) 
PARAMETRIC_REPRESENTATION_CONTEXT() REPRESENTATION_CONTEXT('2D SPACE',''
  ) );
#8169 = PCURVE('',#5427,#8170);
#8170 = DEFINITIONAL_REPRESENTATION('',(#8171),#8175);
#8171 = LINE('',#8172,#8173);
#8172 = CARTESIAN_POINT('',(6.91396490387,0.));
#8173 = VECTOR('',#8174,1.);
#8174 = DIRECTION('',(0.,-1.));
#8175 = ( GEOMETRIC_REPRESENTATION_CONTEXT(2) 
PARAMETRIC_REPRESENTATION_CONTEXT() REPRESENTATION_CONTEXT('2D SPACE',''
  ) );
#8176 = ORIENTED_EDGE('',*,*,#8177,.F.);
#8177 = EDGE_CURVE('',#8105,#8155,#8178,.T.);
#8178 = SURFACE_CURVE('',#8179,(#8184,#8191),.PCURVE_S1.);
#8179 = CIRCLE('',#8180,1.32);
#8180 = AXIS2_PLACEMENT_3D('',#8181,#8182,#8183);
#8181 = CARTESIAN_POINT('',(-2.10314014334,-4.727317053097,
    1.600247792129));
#8182 = DIRECTION('',(6.12318272229E-17,-3.577607464694E-30,-1.));
#8183 = DIRECTION('',(0.271110054542,0.962548356357,1.66005640181E-17));
#8184 = PCURVE('',#5393,#8185);
#8185 = DEFINITIONAL_REPRESENTATION('',(#8186),#8190);
#8186 = LINE('',#8187,#8188);
#8187 = CARTESIAN_POINT('',(0.,0.4));
#8188 = VECTOR('',#8189,1.);
#8189 = DIRECTION('',(1.,0.));
#8190 = ( GEOMETRIC_REPRESENTATION_CONTEXT(2) 
PARAMETRIC_REPRESENTATION_CONTEXT() REPRESENTATION_CONTEXT('2D SPACE',''
  ) );
#8191 = PCURVE('',#1404,#8192);
#8192 = DEFINITIONAL_REPRESENTATION('',(#8193),#8197);
#8193 = CIRCLE('',#8194,1.32);
#8194 = AXIS2_PLACEMENT_2D('',#8195,#8196);
#8195 = CARTESIAN_POINT('',(-9.708013946623E-02,-5.499143155667));
#8196 = DIRECTION('',(0.962548356357,0.271110054542));
#8197 = ( GEOMETRIC_REPRESENTATION_CONTEXT(2) 
PARAMETRIC_REPRESENTATION_CONTEXT() REPRESENTATION_CONTEXT('2D SPACE',''
  ) );
#8198 = ORIENTED_EDGE('',*,*,#8128,.F.);
#8199 = ADVANCED_FACE('',(#8200),#5427,.F.);
#8200 = FACE_BOUND('',#8201,.F.);
#8201 = EDGE_LOOP('',(#8202,#8203,#8227,#8248));
#8202 = ORIENTED_EDGE('',*,*,#8154,.F.);
#8203 = ORIENTED_EDGE('',*,*,#8204,.F.);
#8204 = EDGE_CURVE('',#8205,#8155,#8207,.T.);
#8205 = VERTEX_POINT('',#8206);
#8206 = CARTESIAN_POINT('',(-1.637220424835,-3.056558394491,
    1.600247792129));
#8207 = SURFACE_CURVE('',#8208,(#8213,#8220),.PCURVE_S1.);
#8208 = CIRCLE('',#8209,0.5);
#8209 = AXIS2_PLACEMENT_3D('',#8210,#8211,#8212);
#8210 = CARTESIAN_POINT('',(-2.114438917028,-2.907352125492,
    1.600247792129));
#8211 = DIRECTION('',(6.12318272229E-17,-3.611503831715E-30,-1.));
#8212 = DIRECTION('',(0.5947766259,-0.803891015799,3.641925959333E-17));
#8213 = PCURVE('',#5427,#8214);
#8214 = DEFINITIONAL_REPRESENTATION('',(#8215),#8219);
#8215 = LINE('',#8216,#8217);
#8216 = CARTESIAN_POINT('',(-1.7763568394E-15,0.4));
#8217 = VECTOR('',#8218,1.);
#8218 = DIRECTION('',(1.,0.));
#8219 = ( GEOMETRIC_REPRESENTATION_CONTEXT(2) 
PARAMETRIC_REPRESENTATION_CONTEXT() REPRESENTATION_CONTEXT('2D SPACE',''
  ) );
#8220 = PCURVE('',#1404,#8221);
#8221 = DEFINITIONAL_REPRESENTATION('',(#8222),#8226);
#8222 = CIRCLE('',#8223,0.5);
#8223 = AXIS2_PLACEMENT_2D('',#8224,#8225);
#8224 = CARTESIAN_POINT('',(1.722884788139,-5.510441929356));
#8225 = DIRECTION('',(-0.803891015799,0.5947766259));
#8226 = ( GEOMETRIC_REPRESENTATION_CONTEXT(2) 
PARAMETRIC_REPRESENTATION_CONTEXT() REPRESENTATION_CONTEXT('2D SPACE',''
  ) );
#8227 = ORIENTED_EDGE('',*,*,#8228,.F.);
#8228 = EDGE_CURVE('',#5411,#8205,#8229,.T.);
#8229 = SURFACE_CURVE('',#8230,(#8234,#8241),.PCURVE_S1.);
#8230 = LINE('',#8231,#8232);
#8231 = CARTESIAN_POINT('',(-1.637220424835,-3.056558394491,
    2.000247792129));
#8232 = VECTOR('',#8233,1.);
#8233 = DIRECTION('',(6.12318272229E-17,-3.583545125319E-30,-1.));
#8234 = PCURVE('',#5427,#8235);
#8235 = DEFINITIONAL_REPRESENTATION('',(#8236),#8240);
#8236 = LINE('',#8237,#8238);
#8237 = CARTESIAN_POINT('',(5.652405710489,0.));
#8238 = VECTOR('',#8239,1.);
#8239 = DIRECTION('',(0.,1.));
#8240 = ( GEOMETRIC_REPRESENTATION_CONTEXT(2) 
PARAMETRIC_REPRESENTATION_CONTEXT() REPRESENTATION_CONTEXT('2D SPACE',''
  ) );
#8241 = PCURVE('',#5503,#8242);
#8242 = DEFINITIONAL_REPRESENTATION('',(#8243),#8247);
#8243 = LINE('',#8244,#8245);
#8244 = CARTESIAN_POINT('',(5.765541170704,0.));
#8245 = VECTOR('',#8246,1.);
#8246 = DIRECTION('',(0.,1.));
#8247 = ( GEOMETRIC_REPRESENTATION_CONTEXT(2) 
PARAMETRIC_REPRESENTATION_CONTEXT() REPRESENTATION_CONTEXT('2D SPACE',''
  ) );
#8248 = ORIENTED_EDGE('',*,*,#5410,.T.);
#8249 = ADVANCED_FACE('',(#8250),#5503,.T.);
#8250 = FACE_BOUND('',#8251,.T.);
#8251 = EDGE_LOOP('',(#8252,#8253,#8254,#8278,#8301,#8325,#8348,#8370));
#8252 = ORIENTED_EDGE('',*,*,#5488,.F.);
#8253 = ORIENTED_EDGE('',*,*,#5788,.F.);
#8254 = ORIENTED_EDGE('',*,*,#8255,.F.);
#8255 = EDGE_CURVE('',#8256,#5789,#8258,.T.);
#8256 = VERTEX_POINT('',#8257);
#8257 = CARTESIAN_POINT('',(-0.60559607413,-1.195559781605,
    1.600247792129));
#8258 = SURFACE_CURVE('',#8259,(#8264,#8271),.PCURVE_S1.);
#8259 = CIRCLE('',#8260,5.2735);
#8260 = AXIS2_PLACEMENT_3D('',#8261,#8262,#8263);
#8261 = CARTESIAN_POINT('',(3.396003012328,-4.630236913631,
    1.600247792129));
#8262 = DIRECTION('',(6.12318272229E-17,-3.586851928427E-30,-1.));
#8263 = DIRECTION('',(-0.681728909304,0.731604875749,-4.174350678735E-17
    ));
#8264 = PCURVE('',#5503,#8265);
#8265 = DEFINITIONAL_REPRESENTATION('',(#8266),#8270);
#8266 = LINE('',#8267,#8268);
#8267 = CARTESIAN_POINT('',(0.,0.4));
#8268 = VECTOR('',#8269,1.);
#8269 = DIRECTION('',(1.,0.));
#8270 = ( GEOMETRIC_REPRESENTATION_CONTEXT(2) 
PARAMETRIC_REPRESENTATION_CONTEXT() REPRESENTATION_CONTEXT('2D SPACE',''
  ) );
#8271 = PCURVE('',#1748,#8272);
#8272 = DEFINITIONAL_REPRESENTATION('',(#8273),#8277);
#8273 = CIRCLE('',#8274,5.2735);
#8274 = AXIS2_PLACEMENT_2D('',#8275,#8276);
#8275 = CARTESIAN_POINT('',(0.,0.));
#8276 = DIRECTION('',(0.731604875749,-0.681728909304));
#8277 = ( GEOMETRIC_REPRESENTATION_CONTEXT(2) 
PARAMETRIC_REPRESENTATION_CONTEXT() REPRESENTATION_CONTEXT('2D SPACE',''
  ) );
#8278 = ORIENTED_EDGE('',*,*,#8279,.F.);
#8279 = EDGE_CURVE('',#8280,#8256,#8282,.T.);
#8280 = VERTEX_POINT('',#8281);
#8281 = CARTESIAN_POINT('',(-0.60559607413,-1.195559781605,
    1.500247792129));
#8282 = SURFACE_CURVE('',#8283,(#8287,#8294),.PCURVE_S1.);
#8283 = LINE('',#8284,#8285);
#8284 = CARTESIAN_POINT('',(-0.60559607413,-1.195559781605,
    2.000247792129));
#8285 = VECTOR('',#8286,1.);
#8286 = DIRECTION('',(-6.12318272229E-17,3.583545125319E-30,1.));
#8287 = PCURVE('',#5503,#8288);
#8288 = DEFINITIONAL_REPRESENTATION('',(#8289),#8293);
#8289 = LINE('',#8290,#8291);
#8290 = CARTESIAN_POINT('',(6.171820200711,0.));
#8291 = VECTOR('',#8292,1.);
#8292 = DIRECTION('',(0.,-1.));
#8293 = ( GEOMETRIC_REPRESENTATION_CONTEXT(2) 
PARAMETRIC_REPRESENTATION_CONTEXT() REPRESENTATION_CONTEXT('2D SPACE',''
  ) );
#8294 = PCURVE('',#3468,#8295);
#8295 = DEFINITIONAL_REPRESENTATION('',(#8296),#8300);
#8296 = LINE('',#8297,#8298);
#8297 = CARTESIAN_POINT('',(0.316300274212,2.));
#8298 = VECTOR('',#8299,1.);
#8299 = DIRECTION('',(0.,1.));
#8300 = ( GEOMETRIC_REPRESENTATION_CONTEXT(2) 
PARAMETRIC_REPRESENTATION_CONTEXT() REPRESENTATION_CONTEXT('2D SPACE',''
  ) );
#8301 = ORIENTED_EDGE('',*,*,#8302,.F.);
#8302 = EDGE_CURVE('',#8303,#8280,#8305,.T.);
#8303 = VERTEX_POINT('',#8304);
#8304 = CARTESIAN_POINT('',(-1.632573052485,-3.041770668981,
    1.500247792129));
#8305 = SURFACE_CURVE('',#8306,(#8311,#8318),.PCURVE_S1.);
#8306 = CIRCLE('',#8307,5.2735);
#8307 = AXIS2_PLACEMENT_3D('',#8308,#8309,#8310);
#8308 = CARTESIAN_POINT('',(3.396003012328,-4.630236913631,
    1.500247792129));
#8309 = DIRECTION('',(6.12318272229E-17,-3.586851928427E-30,-1.));
#8310 = DIRECTION('',(-0.681728909304,0.731604875749,-4.174350678735E-17
    ));
#8311 = PCURVE('',#5503,#8312);
#8312 = DEFINITIONAL_REPRESENTATION('',(#8313),#8317);
#8313 = LINE('',#8314,#8315);
#8314 = CARTESIAN_POINT('',(0.,0.5));
#8315 = VECTOR('',#8316,1.);
#8316 = DIRECTION('',(1.,0.));
#8317 = ( GEOMETRIC_REPRESENTATION_CONTEXT(2) 
PARAMETRIC_REPRESENTATION_CONTEXT() REPRESENTATION_CONTEXT('2D SPACE',''
  ) );
#8318 = PCURVE('',#3497,#8319);
#8319 = DEFINITIONAL_REPRESENTATION('',(#8320),#8324);
#8320 = CIRCLE('',#8321,5.2735);
#8321 = AXIS2_PLACEMENT_2D('',#8322,#8323);
#8322 = CARTESIAN_POINT('',(-3.777553966728,7.029292247169));
#8323 = DIRECTION('',(0.731604875749,-0.681728909304));
#8324 = ( GEOMETRIC_REPRESENTATION_CONTEXT(2) 
PARAMETRIC_REPRESENTATION_CONTEXT() REPRESENTATION_CONTEXT('2D SPACE',''
  ) );
#8325 = ORIENTED_EDGE('',*,*,#8326,.F.);
#8326 = EDGE_CURVE('',#8327,#8303,#8329,.T.);
#8327 = VERTEX_POINT('',#8328);
#8328 = CARTESIAN_POINT('',(-1.632573052485,-3.041770668981,
    1.600247792129));
#8329 = SURFACE_CURVE('',#8330,(#8334,#8341),.PCURVE_S1.);
#8330 = LINE('',#8331,#8332);
#8331 = CARTESIAN_POINT('',(-1.632573052485,-3.041770668981,
    2.000247792129));
#8332 = VECTOR('',#8333,1.);
#8333 = DIRECTION('',(6.12318272229E-17,-3.583545125319E-30,-1.));
#8334 = PCURVE('',#5503,#8335);
#8335 = DEFINITIONAL_REPRESENTATION('',(#8336),#8340);
#8336 = LINE('',#8337,#8338);
#8337 = CARTESIAN_POINT('',(5.768480548468,0.));
#8338 = VECTOR('',#8339,1.);
#8339 = DIRECTION('',(0.,1.));
#8340 = ( GEOMETRIC_REPRESENTATION_CONTEXT(2) 
PARAMETRIC_REPRESENTATION_CONTEXT() REPRESENTATION_CONTEXT('2D SPACE',''
  ) );
#8341 = PCURVE('',#3525,#8342);
#8342 = DEFINITIONAL_REPRESENTATION('',(#8343),#8347);
#8343 = LINE('',#8344,#8345);
#8344 = CARTESIAN_POINT('',(4.440142888032,2.));
#8345 = VECTOR('',#8346,1.);
#8346 = DIRECTION('',(0.,-1.));
#8347 = ( GEOMETRIC_REPRESENTATION_CONTEXT(2) 
PARAMETRIC_REPRESENTATION_CONTEXT() REPRESENTATION_CONTEXT('2D SPACE',''
  ) );
#8348 = ORIENTED_EDGE('',*,*,#8349,.F.);
#8349 = EDGE_CURVE('',#8205,#8327,#8350,.T.);
#8350 = SURFACE_CURVE('',#8351,(#8356,#8363),.PCURVE_S1.);
#8351 = CIRCLE('',#8352,5.2735);
#8352 = AXIS2_PLACEMENT_3D('',#8353,#8354,#8355);
#8353 = CARTESIAN_POINT('',(3.396003012328,-4.630236913631,
    1.600247792129));
#8354 = DIRECTION('',(6.12318272229E-17,-3.586851928427E-30,-1.));
#8355 = DIRECTION('',(-0.681728909304,0.731604875749,-4.174350678735E-17
    ));
#8356 = PCURVE('',#5503,#8357);
#8357 = DEFINITIONAL_REPRESENTATION('',(#8358),#8362);
#8358 = LINE('',#8359,#8360);
#8359 = CARTESIAN_POINT('',(0.,0.4));
#8360 = VECTOR('',#8361,1.);
#8361 = DIRECTION('',(1.,0.));
#8362 = ( GEOMETRIC_REPRESENTATION_CONTEXT(2) 
PARAMETRIC_REPRESENTATION_CONTEXT() REPRESENTATION_CONTEXT('2D SPACE',''
  ) );
#8363 = PCURVE('',#1404,#8364);
#8364 = DEFINITIONAL_REPRESENTATION('',(#8365),#8369);
#8365 = CIRCLE('',#8366,5.2735);
#8366 = AXIS2_PLACEMENT_2D('',#8367,#8368);
#8367 = CARTESIAN_POINT('',(0.,0.));
#8368 = DIRECTION('',(0.731604875749,-0.681728909304));
#8369 = ( GEOMETRIC_REPRESENTATION_CONTEXT(2) 
PARAMETRIC_REPRESENTATION_CONTEXT() REPRESENTATION_CONTEXT('2D SPACE',''
  ) );
#8370 = ORIENTED_EDGE('',*,*,#8228,.F.);
#8371 = ADVANCED_FACE('',(#8372),#3207,.F.);
#8372 = FACE_BOUND('',#8373,.F.);
#8373 = EDGE_LOOP('',(#8374,#8375,#8399,#8420));
#8374 = ORIENTED_EDGE('',*,*,#3565,.F.);
#8375 = ORIENTED_EDGE('',*,*,#8376,.F.);
#8376 = EDGE_CURVE('',#8377,#3538,#8379,.T.);
#8377 = VERTEX_POINT('',#8378);
#8378 = CARTESIAN_POINT('',(-0.536671893548,-4.934819143407,
    1.600247792129));
#8379 = SURFACE_CURVE('',#8380,(#8385,#8392),.PCURVE_S1.);
#8380 = CIRCLE('',#8381,0.5);
#8381 = AXIS2_PLACEMENT_3D('',#8382,#8383,#8384);
#8382 = CARTESIAN_POINT('',(-0.572752700656,-4.436122667223,
    1.600247792129));
#8383 = DIRECTION('',(6.12318272229E-17,-3.599177880071E-30,-1.));
#8384 = DIRECTION('',(-0.698802330022,-0.715314828279,
    -4.278894353487E-17));
#8385 = PCURVE('',#3207,#8386);
#8386 = DEFINITIONAL_REPRESENTATION('',(#8387),#8391);
#8387 = LINE('',#8388,#8389);
#8388 = CARTESIAN_POINT('',(-6.28318530718,-1.6));
#8389 = VECTOR('',#8390,1.);
#8390 = DIRECTION('',(1.,0.));
#8391 = ( GEOMETRIC_REPRESENTATION_CONTEXT(2) 
PARAMETRIC_REPRESENTATION_CONTEXT() REPRESENTATION_CONTEXT('2D SPACE',''
  ) );
#8392 = PCURVE('',#1404,#8393);
#8393 = DEFINITIONAL_REPRESENTATION('',(#8394),#8398);
#8394 = CIRCLE('',#8395,0.5);
#8395 = AXIS2_PLACEMENT_2D('',#8396,#8397);
#8396 = CARTESIAN_POINT('',(0.194114246408,-3.968755712984));
#8397 = DIRECTION('',(-0.715314828279,-0.698802330022));
#8398 = ( GEOMETRIC_REPRESENTATION_CONTEXT(2) 
PARAMETRIC_REPRESENTATION_CONTEXT() REPRESENTATION_CONTEXT('2D SPACE',''
  ) );
#8399 = ORIENTED_EDGE('',*,*,#8400,.F.);
#8400 = EDGE_CURVE('',#3090,#8377,#8401,.T.);
#8401 = SURFACE_CURVE('',#8402,(#8406,#8413),.PCURVE_S1.);
#8402 = LINE('',#8403,#8404);
#8403 = CARTESIAN_POINT('',(-0.536671893548,-4.934819143407,
    2.477921290872E-04));
#8404 = VECTOR('',#8405,1.);
#8405 = DIRECTION('',(6.12318272229E-17,-3.583545125319E-30,-1.));
#8406 = PCURVE('',#3207,#8407);
#8407 = DEFINITIONAL_REPRESENTATION('',(#8408),#8412);
#8408 = LINE('',#8409,#8410);
#8409 = CARTESIAN_POINT('',(-0.845946187859,0.));
#8410 = VECTOR('',#8411,1.);
#8411 = DIRECTION('',(0.,1.));
#8412 = ( GEOMETRIC_REPRESENTATION_CONTEXT(2) 
PARAMETRIC_REPRESENTATION_CONTEXT() REPRESENTATION_CONTEXT('2D SPACE',''
  ) );
#8413 = PCURVE('',#3150,#8414);
#8414 = DEFINITIONAL_REPRESENTATION('',(#8415),#8419);
#8415 = LINE('',#8416,#8417);
#8416 = CARTESIAN_POINT('',(2.924597477719,2.));
#8417 = VECTOR('',#8418,1.);
#8418 = DIRECTION('',(0.,1.));
#8419 = ( GEOMETRIC_REPRESENTATION_CONTEXT(2) 
PARAMETRIC_REPRESENTATION_CONTEXT() REPRESENTATION_CONTEXT('2D SPACE',''
  ) );
#8420 = ORIENTED_EDGE('',*,*,#3192,.T.);
#8421 = ADVANCED_FACE('',(#8422),#3150,.F.);
#8422 = FACE_BOUND('',#8423,.T.);
#8423 = EDGE_LOOP('',(#8424,#8425,#8448,#8469));
#8424 = ORIENTED_EDGE('',*,*,#3136,.F.);
#8425 = ORIENTED_EDGE('',*,*,#8426,.F.);
#8426 = EDGE_CURVE('',#8427,#3031,#8429,.T.);
#8427 = VERTEX_POINT('',#8428);
#8428 = CARTESIAN_POINT('',(1.958985671992,-4.754257732749,
    1.600247792129));
#8429 = SURFACE_CURVE('',#8430,(#8434,#8441),.PCURVE_S1.);
#8430 = LINE('',#8431,#8432);
#8431 = CARTESIAN_POINT('',(1.958985671992,-4.754257732749,
    2.000247792129));
#8432 = VECTOR('',#8433,1.);
#8433 = DIRECTION('',(-6.12318272229E-17,3.583545125319E-30,1.));
#8434 = PCURVE('',#3150,#8435);
#8435 = DEFINITIONAL_REPRESENTATION('',(#8436),#8440);
#8436 = LINE('',#8437,#8438);
#8437 = CARTESIAN_POINT('',(0.422416607467,6.775289127996E-17));
#8438 = VECTOR('',#8439,1.);
#8439 = DIRECTION('',(0.,-1.));
#8440 = ( GEOMETRIC_REPRESENTATION_CONTEXT(2) 
PARAMETRIC_REPRESENTATION_CONTEXT() REPRESENTATION_CONTEXT('2D SPACE',''
  ) );
#8441 = PCURVE('',#3073,#8442);
#8442 = DEFINITIONAL_REPRESENTATION('',(#8443),#8447);
#8443 = LINE('',#8444,#8445);
#8444 = CARTESIAN_POINT('',(0.624753868765,0.));
#8445 = VECTOR('',#8446,1.);
#8446 = DIRECTION('',(0.,-1.));
#8447 = ( GEOMETRIC_REPRESENTATION_CONTEXT(2) 
PARAMETRIC_REPRESENTATION_CONTEXT() REPRESENTATION_CONTEXT('2D SPACE',''
  ) );
#8448 = ORIENTED_EDGE('',*,*,#8449,.F.);
#8449 = EDGE_CURVE('',#8377,#8427,#8450,.T.);
#8450 = SURFACE_CURVE('',#8451,(#8455,#8462),.PCURVE_S1.);
#8451 = LINE('',#8452,#8453);
#8452 = CARTESIAN_POINT('',(2.888873631927,-4.68698012058,1.600247792129
    ));
#8453 = VECTOR('',#8454,1.);
#8454 = DIRECTION('',(0.997392952368,7.216161421613E-02,
    6.107219293275E-17));
#8455 = PCURVE('',#3150,#8456);
#8456 = DEFINITIONAL_REPRESENTATION('',(#8457),#8461);
#8457 = LINE('',#8458,#8459);
#8458 = CARTESIAN_POINT('',(-0.509901951359,0.4));
#8459 = VECTOR('',#8460,1.);
#8460 = DIRECTION('',(-1.,0.));
#8461 = ( GEOMETRIC_REPRESENTATION_CONTEXT(2) 
PARAMETRIC_REPRESENTATION_CONTEXT() REPRESENTATION_CONTEXT('2D SPACE',''
  ) );
#8462 = PCURVE('',#1404,#8463);
#8463 = DEFINITIONAL_REPRESENTATION('',(#8464),#8468);
#8464 = LINE('',#8465,#8466);
#8465 = CARTESIAN_POINT('',(-5.67432069494E-02,-0.5071293804));
#8466 = VECTOR('',#8467,1.);
#8467 = DIRECTION('',(7.216161421613E-02,0.997392952368));
#8468 = ( GEOMETRIC_REPRESENTATION_CONTEXT(2) 
PARAMETRIC_REPRESENTATION_CONTEXT() REPRESENTATION_CONTEXT('2D SPACE',''
  ) );
#8469 = ORIENTED_EDGE('',*,*,#8400,.F.);
#8470 = ADVANCED_FACE('',(#8471),#3073,.F.);
#8471 = FACE_BOUND('',#8472,.F.);
#8472 = EDGE_LOOP('',(#8473,#8474,#8498,#8519));
#8473 = ORIENTED_EDGE('',*,*,#8426,.F.);
#8474 = ORIENTED_EDGE('',*,*,#8475,.F.);
#8475 = EDGE_CURVE('',#8476,#8427,#8478,.T.);
#8476 = VERTEX_POINT('',#8477);
#8477 = CARTESIAN_POINT('',(2.407476623911,-4.378809827968,
    1.600247792129));
#8478 = SURFACE_CURVE('',#8479,(#8484,#8491),.PCURVE_S1.);
#8479 = CIRCLE('',#8480,0.5);
#8480 = AXIS2_PLACEMENT_3D('',#8481,#8482,#8483);
#8481 = CARTESIAN_POINT('',(1.922904864884,-4.255561256565,
    1.600247792129));
#8482 = DIRECTION('',(6.12318272229E-17,-3.562200025139E-30,-1.));
#8483 = DIRECTION('',(0.641903593874,-0.766785352085,3.930492995383E-17)
  );
#8484 = PCURVE('',#3073,#8485);
#8485 = DEFINITIONAL_REPRESENTATION('',(#8486),#8490);
#8486 = LINE('',#8487,#8488);
#8487 = CARTESIAN_POINT('',(-6.28318530718,0.4));
#8488 = VECTOR('',#8489,1.);
#8489 = DIRECTION('',(1.,0.));
#8490 = ( GEOMETRIC_REPRESENTATION_CONTEXT(2) 
PARAMETRIC_REPRESENTATION_CONTEXT() REPRESENTATION_CONTEXT('2D SPACE',''
  ) );
#8491 = PCURVE('',#1404,#8492);
#8492 = DEFINITIONAL_REPRESENTATION('',(#8493),#8497);
#8493 = CIRCLE('',#8494,0.5);
#8494 = AXIS2_PLACEMENT_2D('',#8495,#8496);
#8495 = CARTESIAN_POINT('',(0.374675657066,-1.473098147444));
#8496 = DIRECTION('',(-0.766785352085,0.641903593874));
#8497 = ( GEOMETRIC_REPRESENTATION_CONTEXT(2) 
PARAMETRIC_REPRESENTATION_CONTEXT() REPRESENTATION_CONTEXT('2D SPACE',''
  ) );
#8498 = ORIENTED_EDGE('',*,*,#8499,.F.);
#8499 = EDGE_CURVE('',#2920,#8476,#8500,.T.);
#8500 = SURFACE_CURVE('',#8501,(#8505,#8512),.PCURVE_S1.);
#8501 = LINE('',#8502,#8503);
#8502 = CARTESIAN_POINT('',(2.407476623911,-4.378809827968,
    2.000247792129));
#8503 = VECTOR('',#8504,1.);
#8504 = DIRECTION('',(6.12318272229E-17,-3.583545125319E-30,-1.));
#8505 = PCURVE('',#3073,#8506);
#8506 = DEFINITIONAL_REPRESENTATION('',(#8507),#8511);
#8507 = LINE('',#8508,#8509);
#8508 = CARTESIAN_POINT('',(-0.624753868765,0.));
#8509 = VECTOR('',#8510,1.);
#8510 = DIRECTION('',(0.,1.));
#8511 = ( GEOMETRIC_REPRESENTATION_CONTEXT(2) 
PARAMETRIC_REPRESENTATION_CONTEXT() REPRESENTATION_CONTEXT('2D SPACE',''
  ) );
#8512 = PCURVE('',#2987,#8513);
#8513 = DEFINITIONAL_REPRESENTATION('',(#8514),#8518);
#8514 = LINE('',#8515,#8516);
#8515 = CARTESIAN_POINT('',(4.222029513188,0.));
#8516 = VECTOR('',#8517,1.);
#8517 = DIRECTION('',(0.,1.));
#8518 = ( GEOMETRIC_REPRESENTATION_CONTEXT(2) 
PARAMETRIC_REPRESENTATION_CONTEXT() REPRESENTATION_CONTEXT('2D SPACE',''
  ) );
#8519 = ORIENTED_EDGE('',*,*,#3058,.T.);
#8520 = ADVANCED_FACE('',(#8521),#2987,.T.);
#8521 = FACE_BOUND('',#8522,.T.);
#8522 = EDGE_LOOP('',(#8523,#8524,#8547,#8569));
#8523 = ORIENTED_EDGE('',*,*,#2972,.F.);
#8524 = ORIENTED_EDGE('',*,*,#8525,.F.);
#8525 = EDGE_CURVE('',#8526,#2861,#8528,.T.);
#8526 = VERTEX_POINT('',#8527);
#8527 = CARTESIAN_POINT('',(3.79182447315,-3.690170229213,1.600247792129
    ));
#8528 = SURFACE_CURVE('',#8529,(#8533,#8540),.PCURVE_S1.);
#8529 = LINE('',#8530,#8531);
#8530 = CARTESIAN_POINT('',(3.79182447315,-3.690170229213,2.000247792129
    ));
#8531 = VECTOR('',#8532,1.);
#8532 = DIRECTION('',(-6.12318272229E-17,3.583545125319E-30,1.));
#8533 = PCURVE('',#2987,#8534);
#8534 = DEFINITIONAL_REPRESENTATION('',(#8535),#8539);
#8535 = LINE('',#8536,#8537);
#8536 = CARTESIAN_POINT('',(5.94228761813,0.));
#8537 = VECTOR('',#8538,1.);
#8538 = DIRECTION('',(0.,-1.));
#8539 = ( GEOMETRIC_REPRESENTATION_CONTEXT(2) 
PARAMETRIC_REPRESENTATION_CONTEXT() REPRESENTATION_CONTEXT('2D SPACE',''
  ) );
#8540 = PCURVE('',#2903,#8541);
#8541 = DEFINITIONAL_REPRESENTATION('',(#8542),#8546);
#8542 = LINE('',#8543,#8544);
#8543 = CARTESIAN_POINT('',(0.624753868765,0.));
#8544 = VECTOR('',#8545,1.);
#8545 = DIRECTION('',(0.,-1.));
#8546 = ( GEOMETRIC_REPRESENTATION_CONTEXT(2) 
PARAMETRIC_REPRESENTATION_CONTEXT() REPRESENTATION_CONTEXT('2D SPACE',''
  ) );
#8547 = ORIENTED_EDGE('',*,*,#8548,.F.);
#8548 = EDGE_CURVE('',#8476,#8526,#8549,.T.);
#8549 = SURFACE_CURVE('',#8550,(#8555,#8562),.PCURVE_S1.);
#8550 = CIRCLE('',#8551,1.02);
#8551 = AXIS2_PLACEMENT_3D('',#8552,#8553,#8554);
#8552 = CARTESIAN_POINT('',(3.396003012328,-4.630236913631,
    1.600247792129));
#8553 = DIRECTION('',(6.12318272229E-17,-3.574525976783E-30,-1.));
#8554 = DIRECTION('',(0.673862196006,0.738857050311,4.126181355787E-17)
  );
#8555 = PCURVE('',#2987,#8556);
#8556 = DEFINITIONAL_REPRESENTATION('',(#8557),#8561);
#8557 = LINE('',#8558,#8559);
#8558 = CARTESIAN_POINT('',(-8.881784197001E-16,0.4));
#8559 = VECTOR('',#8560,1.);
#8560 = DIRECTION('',(1.,0.));
#8561 = ( GEOMETRIC_REPRESENTATION_CONTEXT(2) 
PARAMETRIC_REPRESENTATION_CONTEXT() REPRESENTATION_CONTEXT('2D SPACE',''
  ) );
#8562 = PCURVE('',#1404,#8563);
#8563 = DEFINITIONAL_REPRESENTATION('',(#8564),#8568);
#8564 = CIRCLE('',#8565,1.02);
#8565 = AXIS2_PLACEMENT_2D('',#8566,#8567);
#8566 = CARTESIAN_POINT('',(0.,0.));
#8567 = DIRECTION('',(0.738857050311,0.673862196006));
#8568 = ( GEOMETRIC_REPRESENTATION_CONTEXT(2) 
PARAMETRIC_REPRESENTATION_CONTEXT() REPRESENTATION_CONTEXT('2D SPACE',''
  ) );
#8569 = ORIENTED_EDGE('',*,*,#8499,.F.);
#8570 = ADVANCED_FACE('',(#8571),#2903,.F.);
#8571 = FACE_BOUND('',#8572,.F.);
#8572 = EDGE_LOOP('',(#8573,#8574,#8598,#8619));
#8573 = ORIENTED_EDGE('',*,*,#8525,.F.);
#8574 = ORIENTED_EDGE('',*,*,#8575,.F.);
#8575 = EDGE_CURVE('',#8576,#8526,#8578,.T.);
#8576 = VERTEX_POINT('',#8577);
#8577 = CARTESIAN_POINT('',(4.361818594817,-3.558975852721,
    1.600247792129));
#8578 = SURFACE_CURVE('',#8579,(#8584,#8591),.PCURVE_S1.);
#8579 = CIRCLE('',#8580,0.5);
#8580 = AXIS2_PLACEMENT_3D('',#8581,#8582,#8583);
#8581 = CARTESIAN_POINT('',(3.985854601004,-3.229353227047,
    1.600247792129));
#8582 = DIRECTION('',(6.12318272229E-17,-3.593014904249E-30,-1.));
#8583 = DIRECTION('',(0.224303134186,-0.974519422071,1.373449075806E-17)
  );
#8584 = PCURVE('',#2903,#8585);
#8585 = DEFINITIONAL_REPRESENTATION('',(#8586),#8590);
#8586 = LINE('',#8587,#8588);
#8587 = CARTESIAN_POINT('',(-6.28318530718,0.4));
#8588 = VECTOR('',#8589,1.);
#8589 = DIRECTION('',(1.,0.));
#8590 = ( GEOMETRIC_REPRESENTATION_CONTEXT(2) 
PARAMETRIC_REPRESENTATION_CONTEXT() REPRESENTATION_CONTEXT('2D SPACE',''
  ) );
#8591 = PCURVE('',#1404,#8592);
#8592 = DEFINITIONAL_REPRESENTATION('',(#8593),#8597);
#8593 = CIRCLE('',#8594,0.5);
#8594 = AXIS2_PLACEMENT_2D('',#8595,#8596);
#8595 = CARTESIAN_POINT('',(1.400883686584,0.589851588676));
#8596 = DIRECTION('',(-0.974519422071,0.224303134186));
#8597 = ( GEOMETRIC_REPRESENTATION_CONTEXT(2) 
PARAMETRIC_REPRESENTATION_CONTEXT() REPRESENTATION_CONTEXT('2D SPACE',''
  ) );
#8598 = ORIENTED_EDGE('',*,*,#8599,.F.);
#8599 = EDGE_CURVE('',#2752,#8576,#8600,.T.);
#8600 = SURFACE_CURVE('',#8601,(#8605,#8612),.PCURVE_S1.);
#8601 = LINE('',#8602,#8603);
#8602 = CARTESIAN_POINT('',(4.361818594817,-3.558975852721,
    2.000247792129));
#8603 = VECTOR('',#8604,1.);
#8604 = DIRECTION('',(6.12318272229E-17,-3.583545125319E-30,-1.));
#8605 = PCURVE('',#2903,#8606);
#8606 = DEFINITIONAL_REPRESENTATION('',(#8607),#8611);
#8607 = LINE('',#8608,#8609);
#8608 = CARTESIAN_POINT('',(-0.624753868765,0.));
#8609 = VECTOR('',#8610,1.);
#8610 = DIRECTION('',(0.,1.));
#8611 = ( GEOMETRIC_REPRESENTATION_CONTEXT(2) 
PARAMETRIC_REPRESENTATION_CONTEXT() REPRESENTATION_CONTEXT('2D SPACE',''
  ) );
#8612 = PCURVE('',#2817,#8613);
#8613 = DEFINITIONAL_REPRESENTATION('',(#8614),#8618);
#8614 = LINE('',#8615,#8616);
#8615 = CARTESIAN_POINT('',(3.031234781868,-1.227326724059E-16));
#8616 = VECTOR('',#8617,1.);
#8617 = DIRECTION('',(0.,1.));
#8618 = ( GEOMETRIC_REPRESENTATION_CONTEXT(2) 
PARAMETRIC_REPRESENTATION_CONTEXT() REPRESENTATION_CONTEXT('2D SPACE',''
  ) );
#8619 = ORIENTED_EDGE('',*,*,#2888,.T.);
#8620 = ADVANCED_FACE('',(#8621),#2817,.F.);
#8621 = FACE_BOUND('',#8622,.T.);
#8622 = EDGE_LOOP('',(#8623,#8624,#8625,#8646));
#8623 = ORIENTED_EDGE('',*,*,#2803,.F.);
#8624 = ORIENTED_EDGE('',*,*,#3223,.F.);
#8625 = ORIENTED_EDGE('',*,*,#8626,.F.);
#8626 = EDGE_CURVE('',#8576,#3224,#8627,.T.);
#8627 = SURFACE_CURVE('',#8628,(#8632,#8639),.PCURVE_S1.);
#8628 = LINE('',#8629,#8630);
#8629 = CARTESIAN_POINT('',(4.885593651282,-2.961563700914,
    1.600247792129));
#8630 = VECTOR('',#8631,1.);
#8631 = DIRECTION('',(0.659245251348,0.751927987626,4.036679132806E-17)
  );
#8632 = PCURVE('',#2817,#8633);
#8633 = DEFINITIONAL_REPRESENTATION('',(#8634),#8638);
#8634 = LINE('',#8635,#8636);
#8635 = CARTESIAN_POINT('',(2.236727646027,0.4));
#8636 = VECTOR('',#8637,1.);
#8637 = DIRECTION('',(-1.,0.));
#8638 = ( GEOMETRIC_REPRESENTATION_CONTEXT(2) 
PARAMETRIC_REPRESENTATION_CONTEXT() REPRESENTATION_CONTEXT('2D SPACE',''
  ) );
#8639 = PCURVE('',#1404,#8640);
#8640 = DEFINITIONAL_REPRESENTATION('',(#8641),#8645);
#8641 = LINE('',#8642,#8643);
#8642 = CARTESIAN_POINT('',(1.668673212717,1.489590638954));
#8643 = VECTOR('',#8644,1.);
#8644 = DIRECTION('',(0.751927987626,0.659245251348));
#8645 = ( GEOMETRIC_REPRESENTATION_CONTEXT(2) 
PARAMETRIC_REPRESENTATION_CONTEXT() REPRESENTATION_CONTEXT('2D SPACE',''
  ) );
#8646 = ORIENTED_EDGE('',*,*,#8599,.F.);
#8647 = ADVANCED_FACE('',(#8648),#194,.F.);
#8648 = FACE_BOUND('',#8649,.F.);
#8649 = EDGE_LOOP('',(#8650,#8651,#8652,#8653,#8654,#8655));
#8650 = ORIENTED_EDGE('',*,*,#209,.T.);
#8651 = ORIENTED_EDGE('',*,*,#549,.T.);
#8652 = ORIENTED_EDGE('',*,*,#175,.F.);
#8653 = ORIENTED_EDGE('',*,*,#7849,.T.);
#8654 = ORIENTED_EDGE('',*,*,#6918,.T.);
#8655 = ORIENTED_EDGE('',*,*,#7506,.T.);
#8656 = ADVANCED_FACE('',(#8657,#8719),#6087,.T.);
#8657 = FACE_BOUND('',#8658,.T.);
#8658 = EDGE_LOOP('',(#8659,#8660,#8661,#8662,#8663,#8664,#8690,#8691,
    #8692,#8693));
#8659 = ORIENTED_EDGE('',*,*,#7085,.T.);
#8660 = ORIENTED_EDGE('',*,*,#7181,.F.);
#8661 = ORIENTED_EDGE('',*,*,#7254,.T.);
#8662 = ORIENTED_EDGE('',*,*,#7281,.F.);
#8663 = ORIENTED_EDGE('',*,*,#7401,.T.);
#8664 = ORIENTED_EDGE('',*,*,#8665,.F.);
#8665 = EDGE_CURVE('',#6043,#7379,#8666,.T.);
#8666 = SURFACE_CURVE('',#8667,(#8672,#8683),.PCURVE_S1.);
#8667 = CIRCLE('',#8668,1.3);
#8668 = AXIS2_PLACEMENT_3D('',#8669,#8670,#8671);
#8669 = CARTESIAN_POINT('',(-3.633289234841,-0.852682946903,
    1.600247792129));
#8670 = DIRECTION('',(-6.12318272229E-17,3.583545125319E-30,1.));
#8671 = DIRECTION('',(-1.,-2.22044604925E-16,-6.12318272229E-17));
#8672 = PCURVE('',#6087,#8673);
#8673 = DEFINITIONAL_REPRESENTATION('',(#8674),#8682);
#8674 = ( BOUNDED_CURVE() B_SPLINE_CURVE(2,(#8675,#8676,#8677,#8678,
#8679,#8680,#8681),.UNSPECIFIED.,.T.,.F.) B_SPLINE_CURVE_WITH_KNOTS((1,2
    ,2,2,2,1),(-2.094395102393,0.,2.094395102393,4.188790204786,
6.28318530718,8.377580409573),.UNSPECIFIED.) CURVE() 
GEOMETRIC_REPRESENTATION_ITEM() RATIONAL_B_SPLINE_CURVE((1.,0.5,1.,0.5,
1.,0.5,1.)) REPRESENTATION_ITEM('') );
#8675 = CARTESIAN_POINT('',(1.030728671287E-47,-1.3));
#8676 = CARTESIAN_POINT('',(-2.25166604984,-1.3));
#8677 = CARTESIAN_POINT('',(-1.12583302492,0.65));
#8678 = CARTESIAN_POINT('',(-3.184081677783E-16,2.6));
#8679 = CARTESIAN_POINT('',(1.12583302492,0.65));
#8680 = CARTESIAN_POINT('',(2.25166604984,-1.3));
#8681 = CARTESIAN_POINT('',(1.030728671287E-47,-1.3));
#8682 = ( GEOMETRIC_REPRESENTATION_CONTEXT(2) 
PARAMETRIC_REPRESENTATION_CONTEXT() REPRESENTATION_CONTEXT('2D SPACE',''
  ) );
#8683 = PCURVE('',#6058,#8684);
#8684 = DEFINITIONAL_REPRESENTATION('',(#8685),#8689);
#8685 = LINE('',#8686,#8687);
#8686 = CARTESIAN_POINT('',(0.,1.6));
#8687 = VECTOR('',#8688,1.);
#8688 = DIRECTION('',(1.,0.));
#8689 = ( GEOMETRIC_REPRESENTATION_CONTEXT(2) 
PARAMETRIC_REPRESENTATION_CONTEXT() REPRESENTATION_CONTEXT('2D SPACE',''
  ) );
#8690 = ORIENTED_EDGE('',*,*,#6070,.F.);
#8691 = ORIENTED_EDGE('',*,*,#7927,.T.);
#8692 = ORIENTED_EDGE('',*,*,#7954,.F.);
#8693 = ORIENTED_EDGE('',*,*,#8694,.F.);
#8694 = EDGE_CURVE('',#7086,#7955,#8695,.T.);
#8695 = SURFACE_CURVE('',#8696,(#8701,#8712),.PCURVE_S1.);
#8696 = CIRCLE('',#8697,1.3);
#8697 = AXIS2_PLACEMENT_3D('',#8698,#8699,#8700);
#8698 = CARTESIAN_POINT('',(-3.633289234841,-0.852682946903,
    1.600247792129));
#8699 = DIRECTION('',(-6.12318272229E-17,3.583545125319E-30,1.));
#8700 = DIRECTION('',(-1.,-2.22044604925E-16,-6.12318272229E-17));
#8701 = PCURVE('',#6087,#8702);
#8702 = DEFINITIONAL_REPRESENTATION('',(#8703),#8711);
#8703 = ( BOUNDED_CURVE() B_SPLINE_CURVE(2,(#8704,#8705,#8706,#8707,
#8708,#8709,#8710),.UNSPECIFIED.,.T.,.F.) B_SPLINE_CURVE_WITH_KNOTS((1,2
    ,2,2,2,1),(-2.094395102393,0.,2.094395102393,4.188790204786,
6.28318530718,8.377580409573),.UNSPECIFIED.) CURVE() 
GEOMETRIC_REPRESENTATION_ITEM() RATIONAL_B_SPLINE_CURVE((1.,0.5,1.,0.5,
1.,0.5,1.)) REPRESENTATION_ITEM('') );
#8704 = CARTESIAN_POINT('',(1.030728671287E-47,-1.3));
#8705 = CARTESIAN_POINT('',(-2.25166604984,-1.3));
#8706 = CARTESIAN_POINT('',(-1.12583302492,0.65));
#8707 = CARTESIAN_POINT('',(-3.184081677783E-16,2.6));
#8708 = CARTESIAN_POINT('',(1.12583302492,0.65));
#8709 = CARTESIAN_POINT('',(2.25166604984,-1.3));
#8710 = CARTESIAN_POINT('',(1.030728671287E-47,-1.3));
#8711 = ( GEOMETRIC_REPRESENTATION_CONTEXT(2) 
PARAMETRIC_REPRESENTATION_CONTEXT() REPRESENTATION_CONTEXT('2D SPACE',''
  ) );
#8712 = PCURVE('',#1666,#8713);
#8713 = DEFINITIONAL_REPRESENTATION('',(#8714),#8718);
#8714 = LINE('',#8715,#8716);
#8715 = CARTESIAN_POINT('',(0.,1.6));
#8716 = VECTOR('',#8717,1.);
#8717 = DIRECTION('',(1.,0.));
#8718 = ( GEOMETRIC_REPRESENTATION_CONTEXT(2) 
PARAMETRIC_REPRESENTATION_CONTEXT() REPRESENTATION_CONTEXT('2D SPACE',''
  ) );
#8719 = FACE_BOUND('',#8720,.T.);
#8720 = EDGE_LOOP('',(#8721));
#8721 = ORIENTED_EDGE('',*,*,#8722,.F.);
#8722 = EDGE_CURVE('',#8723,#8723,#8725,.T.);
#8723 = VERTEX_POINT('',#8724);
#8724 = CARTESIAN_POINT('',(-4.179789234841,-0.852682946903,
    1.600247792129));
#8725 = SURFACE_CURVE('',#8726,(#8731,#8738),.PCURVE_S1.);
#8726 = CIRCLE('',#8727,0.5465);
#8727 = AXIS2_PLACEMENT_3D('',#8728,#8729,#8730);
#8728 = CARTESIAN_POINT('',(-3.633289234841,-0.852682946903,
    1.600247792129));
#8729 = DIRECTION('',(6.12318272229E-17,-3.583545125319E-30,-1.));
#8730 = DIRECTION('',(1.,2.22044604925E-16,6.12318272229E-17));
#8731 = PCURVE('',#6087,#8732);
#8732 = DEFINITIONAL_REPRESENTATION('',(#8733),#8737);
#8733 = CIRCLE('',#8734,0.5465);
#8734 = AXIS2_PLACEMENT_2D('',#8735,#8736);
#8735 = CARTESIAN_POINT('',(0.,0.));
#8736 = DIRECTION('',(-7.928682086825E-48,1.));
#8737 = ( GEOMETRIC_REPRESENTATION_CONTEXT(2) 
PARAMETRIC_REPRESENTATION_CONTEXT() REPRESENTATION_CONTEXT('2D SPACE',''
  ) );
#8738 = PCURVE('',#4391,#8739);
#8739 = DEFINITIONAL_REPRESENTATION('',(#8740),#8744);
#8740 = LINE('',#8741,#8742);
#8741 = CARTESIAN_POINT('',(6.28318530718,1.6));
#8742 = VECTOR('',#8743,1.);
#8743 = DIRECTION('',(-1.,0.));
#8744 = ( GEOMETRIC_REPRESENTATION_CONTEXT(2) 
PARAMETRIC_REPRESENTATION_CONTEXT() REPRESENTATION_CONTEXT('2D SPACE',''
  ) );
#8745 = ADVANCED_FACE('',(#8746),#6058,.F.);
#8746 = FACE_BOUND('',#8747,.F.);
#8747 = EDGE_LOOP('',(#8748,#8749,#8750,#8776));
#8748 = ORIENTED_EDGE('',*,*,#8665,.F.);
#8749 = ORIENTED_EDGE('',*,*,#6042,.T.);
#8750 = ORIENTED_EDGE('',*,*,#8751,.T.);
#8751 = EDGE_CURVE('',#6019,#7355,#8752,.T.);
#8752 = SURFACE_CURVE('',#8753,(#8758,#8765),.PCURVE_S1.);
#8753 = CIRCLE('',#8754,1.3);
#8754 = AXIS2_PLACEMENT_3D('',#8755,#8756,#8757);
#8755 = CARTESIAN_POINT('',(-3.633289234841,-0.852682946903,
    1.500247792129));
#8756 = DIRECTION('',(-6.12318272229E-17,3.583545125319E-30,1.));
#8757 = DIRECTION('',(-1.,-2.22044604925E-16,-6.12318272229E-17));
#8758 = PCURVE('',#6058,#8759);
#8759 = DEFINITIONAL_REPRESENTATION('',(#8760),#8764);
#8760 = LINE('',#8761,#8762);
#8761 = CARTESIAN_POINT('',(0.,1.5));
#8762 = VECTOR('',#8763,1.);
#8763 = DIRECTION('',(1.,0.));
#8764 = ( GEOMETRIC_REPRESENTATION_CONTEXT(2) 
PARAMETRIC_REPRESENTATION_CONTEXT() REPRESENTATION_CONTEXT('2D SPACE',''
  ) );
#8765 = PCURVE('',#2050,#8766);
#8766 = DEFINITIONAL_REPRESENTATION('',(#8767),#8775);
#8767 = ( BOUNDED_CURVE() B_SPLINE_CURVE(2,(#8768,#8769,#8770,#8771,
#8772,#8773,#8774),.UNSPECIFIED.,.T.,.F.) B_SPLINE_CURVE_WITH_KNOTS((1,2
    ,2,2,2,1),(-2.094395102393,0.,2.094395102393,4.188790204786,
6.28318530718,8.377580409573),.UNSPECIFIED.) CURVE() 
GEOMETRIC_REPRESENTATION_ITEM() RATIONAL_B_SPLINE_CURVE((1.,0.5,1.,0.5,
1.,0.5,1.)) REPRESENTATION_ITEM('') );
#8768 = CARTESIAN_POINT('',(-1.258000069217E-31,-1.3));
#8769 = CARTESIAN_POINT('',(-2.25166604984,-1.3));
#8770 = CARTESIAN_POINT('',(-1.12583302492,0.65));
#8771 = CARTESIAN_POINT('',(-3.184081677783E-16,2.6));
#8772 = CARTESIAN_POINT('',(1.12583302492,0.65));
#8773 = CARTESIAN_POINT('',(2.25166604984,-1.3));
#8774 = CARTESIAN_POINT('',(-1.258000069217E-31,-1.3));
#8775 = ( GEOMETRIC_REPRESENTATION_CONTEXT(2) 
PARAMETRIC_REPRESENTATION_CONTEXT() REPRESENTATION_CONTEXT('2D SPACE',''
  ) );
#8776 = ORIENTED_EDGE('',*,*,#7378,.F.);
#8777 = ADVANCED_FACE('',(#8778),#1666,.F.);
#8778 = FACE_BOUND('',#8779,.F.);
#8779 = EDGE_LOOP('',(#8780,#8781,#8782,#8783));
#8780 = ORIENTED_EDGE('',*,*,#1645,.T.);
#8781 = ORIENTED_EDGE('',*,*,#7978,.T.);
#8782 = ORIENTED_EDGE('',*,*,#8694,.F.);
#8783 = ORIENTED_EDGE('',*,*,#7109,.F.);
#8784 = ADVANCED_FACE('',(#8785),#1376,.F.);
#8785 = FACE_BOUND('',#8786,.F.);
#8786 = EDGE_LOOP('',(#8787,#8788,#8814,#8815));
#8787 = ORIENTED_EDGE('',*,*,#1360,.T.);
#8788 = ORIENTED_EDGE('',*,*,#8789,.F.);
#8789 = EDGE_CURVE('',#7534,#1361,#8790,.T.);
#8790 = SURFACE_CURVE('',#8791,(#8796,#8803),.PCURVE_S1.);
#8791 = CIRCLE('',#8792,1.75);
#8792 = AXIS2_PLACEMENT_3D('',#8793,#8794,#8795);
#8793 = CARTESIAN_POINT('',(-2.10314014334,-4.727317053097,
    1.600247792129));
#8794 = DIRECTION('',(-6.12318272229E-17,3.583545125319E-30,1.));
#8795 = DIRECTION('',(-1.,-2.22044604925E-16,-6.12318272229E-17));
#8796 = PCURVE('',#1376,#8797);
#8797 = DEFINITIONAL_REPRESENTATION('',(#8798),#8802);
#8798 = LINE('',#8799,#8800);
#8799 = CARTESIAN_POINT('',(-8.881784197001E-16,1.6));
#8800 = VECTOR('',#8801,1.);
#8801 = DIRECTION('',(1.,0.));
#8802 = ( GEOMETRIC_REPRESENTATION_CONTEXT(2) 
PARAMETRIC_REPRESENTATION_CONTEXT() REPRESENTATION_CONTEXT('2D SPACE',''
  ) );
#8803 = PCURVE('',#1404,#8804);
#8804 = DEFINITIONAL_REPRESENTATION('',(#8805),#8813);
#8805 = ( BOUNDED_CURVE() B_SPLINE_CURVE(2,(#8806,#8807,#8808,#8809,
#8810,#8811,#8812),.UNSPECIFIED.,.T.,.F.) B_SPLINE_CURVE_WITH_KNOTS((1,2
    ,2,2,2,1),(-2.094395102393,0.,2.094395102393,4.188790204786,
6.28318530718,8.377580409573),.UNSPECIFIED.) CURVE() 
GEOMETRIC_REPRESENTATION_ITEM() RATIONAL_B_SPLINE_CURVE((1.,0.5,1.,0.5,
1.,0.5,1.)) REPRESENTATION_ITEM('') );
#8806 = CARTESIAN_POINT('',(-9.708013946623E-02,-7.249143155667));
#8807 = CARTESIAN_POINT('',(-3.128169052712,-7.249143155667));
#8808 = CARTESIAN_POINT('',(-1.612624596089,-4.624143155667));
#8809 = CARTESIAN_POINT('',(-9.708013946623E-02,-1.999143155667));
#8810 = CARTESIAN_POINT('',(1.418464317157,-4.624143155667));
#8811 = CARTESIAN_POINT('',(2.934008773779,-7.249143155667));
#8812 = CARTESIAN_POINT('',(-9.708013946623E-02,-7.249143155667));
#8813 = ( GEOMETRIC_REPRESENTATION_CONTEXT(2) 
PARAMETRIC_REPRESENTATION_CONTEXT() REPRESENTATION_CONTEXT('2D SPACE',''
  ) );
#8814 = ORIENTED_EDGE('',*,*,#7556,.F.);
#8815 = ORIENTED_EDGE('',*,*,#8816,.F.);
#8816 = EDGE_CURVE('',#1328,#7557,#8817,.T.);
#8817 = SURFACE_CURVE('',#8818,(#8823,#8830),.PCURVE_S1.);
#8818 = CIRCLE('',#8819,1.75);
#8819 = AXIS2_PLACEMENT_3D('',#8820,#8821,#8822);
#8820 = CARTESIAN_POINT('',(-2.10314014334,-4.727317053097,
    1.500247792129));
#8821 = DIRECTION('',(6.12318272229E-17,-3.583545125319E-30,-1.));
#8822 = DIRECTION('',(-1.,-2.22044604925E-16,-6.12318272229E-17));
#8823 = PCURVE('',#1376,#8824);
#8824 = DEFINITIONAL_REPRESENTATION('',(#8825),#8829);
#8825 = LINE('',#8826,#8827);
#8826 = CARTESIAN_POINT('',(12.566370614359,1.5));
#8827 = VECTOR('',#8828,1.);
#8828 = DIRECTION('',(-1.,0.));
#8829 = ( GEOMETRIC_REPRESENTATION_CONTEXT(2) 
PARAMETRIC_REPRESENTATION_CONTEXT() REPRESENTATION_CONTEXT('2D SPACE',''
  ) );
#8830 = PCURVE('',#1348,#8831);
#8831 = DEFINITIONAL_REPRESENTATION('',(#8832),#8836);
#8832 = CIRCLE('',#8833,1.75);
#8833 = AXIS2_PLACEMENT_2D('',#8834,#8835);
#8834 = CARTESIAN_POINT('',(-3.874634106194,1.530149091501));
#8835 = DIRECTION('',(7.928682086825E-48,-1.));
#8836 = ( GEOMETRIC_REPRESENTATION_CONTEXT(2) 
PARAMETRIC_REPRESENTATION_CONTEXT() REPRESENTATION_CONTEXT('2D SPACE',''
  ) );
#8837 = ADVANCED_FACE('',(#8838),#2050,.T.);
#8838 = FACE_BOUND('',#8839,.T.);
#8839 = EDGE_LOOP('',(#8840,#8841,#8842,#8843,#8844,#8845));
#8840 = ORIENTED_EDGE('',*,*,#8751,.T.);
#8841 = ORIENTED_EDGE('',*,*,#7354,.T.);
#8842 = ORIENTED_EDGE('',*,*,#7428,.F.);
#8843 = ORIENTED_EDGE('',*,*,#7478,.F.);
#8844 = ORIENTED_EDGE('',*,*,#2033,.T.);
#8845 = ORIENTED_EDGE('',*,*,#6018,.F.);
#8846 = ADVANCED_FACE('',(#8847),#1348,.T.);
#8847 = FACE_BOUND('',#8848,.T.);
#8848 = EDGE_LOOP('',(#8849,#8850,#8851,#8852,#8880));
#8849 = ORIENTED_EDGE('',*,*,#7579,.T.);
#8850 = ORIENTED_EDGE('',*,*,#8816,.F.);
#8851 = ORIENTED_EDGE('',*,*,#1325,.F.);
#8852 = ORIENTED_EDGE('',*,*,#8853,.T.);
#8853 = EDGE_CURVE('',#1326,#8854,#8856,.T.);
#8854 = VERTEX_POINT('',#8855);
#8855 = CARTESIAN_POINT('',(-6.658825223586,-2.078934898917,
    1.500247792129));
#8856 = SURFACE_CURVE('',#8857,(#8862,#8873),.PCURVE_S1.);
#8857 = CIRCLE('',#8858,6.);
#8858 = AXIS2_PLACEMENT_3D('',#8859,#8860,#8861);
#8859 = CARTESIAN_POINT('',(-11.6959323545,-5.338927498861,
    1.500247792129));
#8860 = DIRECTION('',(-6.12318272229E-17,3.583545125319E-30,1.));
#8861 = DIRECTION('',(-1.,-2.22044604925E-16,-6.12318272229E-17));
#8862 = PCURVE('',#1348,#8863);
#8863 = DEFINITIONAL_REPRESENTATION('',(#8864),#8872);
#8864 = ( BOUNDED_CURVE() B_SPLINE_CURVE(2,(#8865,#8866,#8867,#8868,
#8869,#8870,#8871),.UNSPECIFIED.,.T.,.F.) B_SPLINE_CURVE_WITH_KNOTS((1,2
    ,2,2,2,1),(-2.094395102393,0.,2.094395102393,4.188790204786,
6.28318530718,8.377580409573),.UNSPECIFIED.) CURVE() 
GEOMETRIC_REPRESENTATION_ITEM() RATIONAL_B_SPLINE_CURVE((1.,0.5,1.,0.5,
1.,0.5,1.)) REPRESENTATION_ITEM('') );
#8865 = CARTESIAN_POINT('',(-4.486244551958,-14.06264311966));
#8866 = CARTESIAN_POINT('',(-14.87854939737,-14.06264311966));
#8867 = CARTESIAN_POINT('',(-9.682396974664,-5.06264311966));
#8868 = CARTESIAN_POINT('',(-4.486244551958,3.93735688034));
#8869 = CARTESIAN_POINT('',(0.709907870749,-5.06264311966));
#8870 = CARTESIAN_POINT('',(5.906060293456,-14.06264311966));
#8871 = CARTESIAN_POINT('',(-4.486244551958,-14.06264311966));
#8872 = ( GEOMETRIC_REPRESENTATION_CONTEXT(2) 
PARAMETRIC_REPRESENTATION_CONTEXT() REPRESENTATION_CONTEXT('2D SPACE',''
  ) );
#8873 = PCURVE('',#1532,#8874);
#8874 = DEFINITIONAL_REPRESENTATION('',(#8875),#8879);
#8875 = LINE('',#8876,#8877);
#8876 = CARTESIAN_POINT('',(-4.440892098501E-16,1.5));
#8877 = VECTOR('',#8878,1.);
#8878 = DIRECTION('',(1.,0.));
#8879 = ( GEOMETRIC_REPRESENTATION_CONTEXT(2) 
PARAMETRIC_REPRESENTATION_CONTEXT() REPRESENTATION_CONTEXT('2D SPACE',''
  ) );
#8880 = ORIENTED_EDGE('',*,*,#8881,.T.);
#8881 = EDGE_CURVE('',#8854,#7580,#8882,.T.);
#8882 = SURFACE_CURVE('',#8883,(#8888,#8899),.PCURVE_S1.);
#8883 = CIRCLE('',#8884,1.3);
#8884 = AXIS2_PLACEMENT_3D('',#8885,#8886,#8887);
#8885 = CARTESIAN_POINT('',(-7.311870311144,-0.954865455504,
    1.500247792129));
#8886 = DIRECTION('',(-6.12318272229E-17,3.583545125319E-30,1.));
#8887 = DIRECTION('',(-1.,-2.22044604925E-16,-6.12318272229E-17));
#8888 = PCURVE('',#1348,#8889);
#8889 = DEFINITIONAL_REPRESENTATION('',(#8890),#8898);
#8890 = ( BOUNDED_CURVE() B_SPLINE_CURVE(2,(#8891,#8892,#8893,#8894,
#8895,#8896,#8897),.UNSPECIFIED.,.T.,.F.) B_SPLINE_CURVE_WITH_KNOTS((1,2
    ,2,2,2,1),(-2.094395102393,0.,2.094395102393,4.188790204786,
6.28318530718,8.377580409573),.UNSPECIFIED.) CURVE() 
GEOMETRIC_REPRESENTATION_ITEM() RATIONAL_B_SPLINE_CURVE((1.,0.5,1.,0.5,
1.,0.5,1.)) REPRESENTATION_ITEM('') );
#8891 = CARTESIAN_POINT('',(-0.102182508601,-4.978581076303));
#8892 = CARTESIAN_POINT('',(-2.35384855844,-4.978581076303));
#8893 = CARTESIAN_POINT('',(-1.228015533521,-3.028581076303));
#8894 = CARTESIAN_POINT('',(-0.102182508601,-1.078581076303));
#8895 = CARTESIAN_POINT('',(1.023650516319,-3.028581076303));
#8896 = CARTESIAN_POINT('',(2.149483541239,-4.978581076303));
#8897 = CARTESIAN_POINT('',(-0.102182508601,-4.978581076303));
#8898 = ( GEOMETRIC_REPRESENTATION_CONTEXT(2) 
PARAMETRIC_REPRESENTATION_CONTEXT() REPRESENTATION_CONTEXT('2D SPACE',''
  ) );
#8899 = PCURVE('',#7618,#8900);
#8900 = DEFINITIONAL_REPRESENTATION('',(#8901),#8905);
#8901 = LINE('',#8902,#8903);
#8902 = CARTESIAN_POINT('',(-4.440892098501E-16,1.5));
#8903 = VECTOR('',#8904,1.);
#8904 = DIRECTION('',(1.,0.));
#8905 = ( GEOMETRIC_REPRESENTATION_CONTEXT(2) 
PARAMETRIC_REPRESENTATION_CONTEXT() REPRESENTATION_CONTEXT('2D SPACE',''
  ) );
#8906 = ADVANCED_FACE('',(#8907,#9091,#9117),#1404,.T.);
#8907 = FACE_BOUND('',#8908,.T.);
#8908 = EDGE_LOOP('',(#8909,#8910,#8936,#8937,#8938,#8939,#8940,#8941,
    #8967,#8968,#8969,#8970,#8971,#8972,#8973,#8974,#8975,#8976,#8999,
    #9032,#9060,#9086,#9087,#9088,#9089,#9090));
#8909 = ORIENTED_EDGE('',*,*,#7154,.T.);
#8910 = ORIENTED_EDGE('',*,*,#8911,.F.);
#8911 = EDGE_CURVE('',#8028,#7132,#8912,.T.);
#8912 = SURFACE_CURVE('',#8913,(#8918,#8929),.PCURVE_S1.);
#8913 = CIRCLE('',#8914,1.75);
#8914 = AXIS2_PLACEMENT_3D('',#8915,#8916,#8917);
#8915 = CARTESIAN_POINT('',(-2.10314014334,-4.727317053097,
    1.600247792129));
#8916 = DIRECTION('',(-6.12318272229E-17,3.583545125319E-30,1.));
#8917 = DIRECTION('',(-1.,-2.22044604925E-16,-6.12318272229E-17));
#8918 = PCURVE('',#1404,#8919);
#8919 = DEFINITIONAL_REPRESENTATION('',(#8920),#8928);
#8920 = ( BOUNDED_CURVE() B_SPLINE_CURVE(2,(#8921,#8922,#8923,#8924,
#8925,#8926,#8927),.UNSPECIFIED.,.T.,.F.) B_SPLINE_CURVE_WITH_KNOTS((1,2
    ,2,2,2,1),(-2.094395102393,0.,2.094395102393,4.188790204786,
6.28318530718,8.377580409573),.UNSPECIFIED.) CURVE() 
GEOMETRIC_REPRESENTATION_ITEM() RATIONAL_B_SPLINE_CURVE((1.,0.5,1.,0.5,
1.,0.5,1.)) REPRESENTATION_ITEM('') );
#8921 = CARTESIAN_POINT('',(-9.708013946623E-02,-7.249143155667));
#8922 = CARTESIAN_POINT('',(-3.128169052712,-7.249143155667));
#8923 = CARTESIAN_POINT('',(-1.612624596089,-4.624143155667));
#8924 = CARTESIAN_POINT('',(-9.708013946623E-02,-1.999143155667));
#8925 = CARTESIAN_POINT('',(1.418464317157,-4.624143155667));
#8926 = CARTESIAN_POINT('',(2.934008773779,-7.249143155667));
#8927 = CARTESIAN_POINT('',(-9.708013946623E-02,-7.249143155667));
#8928 = ( GEOMETRIC_REPRESENTATION_CONTEXT(2) 
PARAMETRIC_REPRESENTATION_CONTEXT() REPRESENTATION_CONTEXT('2D SPACE',''
  ) );
#8929 = PCURVE('',#1604,#8930);
#8930 = DEFINITIONAL_REPRESENTATION('',(#8931),#8935);
#8931 = LINE('',#8932,#8933);
#8932 = CARTESIAN_POINT('',(0.,1.6));
#8933 = VECTOR('',#8934,1.);
#8934 = DIRECTION('',(1.,0.));
#8935 = ( GEOMETRIC_REPRESENTATION_CONTEXT(2) 
PARAMETRIC_REPRESENTATION_CONTEXT() REPRESENTATION_CONTEXT('2D SPACE',''
  ) );
#8936 = ORIENTED_EDGE('',*,*,#8050,.T.);
#8937 = ORIENTED_EDGE('',*,*,#8104,.F.);
#8938 = ORIENTED_EDGE('',*,*,#8177,.T.);
#8939 = ORIENTED_EDGE('',*,*,#8204,.F.);
#8940 = ORIENTED_EDGE('',*,*,#8349,.T.);
#8941 = ORIENTED_EDGE('',*,*,#8942,.F.);
#8942 = EDGE_CURVE('',#3510,#8327,#8943,.T.);
#8943 = SURFACE_CURVE('',#8944,(#8949,#8960),.PCURVE_S1.);
#8944 = CIRCLE('',#8945,1.75);
#8945 = AXIS2_PLACEMENT_3D('',#8946,#8947,#8948);
#8946 = CARTESIAN_POINT('',(-2.10314014334,-4.727317053097,
    1.600247792129));
#8947 = DIRECTION('',(-6.12318272229E-17,3.583545125319E-30,1.));
#8948 = DIRECTION('',(-1.,-2.22044604925E-16,-6.12318272229E-17));
#8949 = PCURVE('',#1404,#8950);
#8950 = DEFINITIONAL_REPRESENTATION('',(#8951),#8959);
#8951 = ( BOUNDED_CURVE() B_SPLINE_CURVE(2,(#8952,#8953,#8954,#8955,
#8956,#8957,#8958),.UNSPECIFIED.,.T.,.F.) B_SPLINE_CURVE_WITH_KNOTS((1,2
    ,2,2,2,1),(-2.094395102393,0.,2.094395102393,4.188790204786,
6.28318530718,8.377580409573),.UNSPECIFIED.) CURVE() 
GEOMETRIC_REPRESENTATION_ITEM() RATIONAL_B_SPLINE_CURVE((1.,0.5,1.,0.5,
1.,0.5,1.)) REPRESENTATION_ITEM('') );
#8952 = CARTESIAN_POINT('',(-9.708013946623E-02,-7.249143155667));
#8953 = CARTESIAN_POINT('',(-3.128169052712,-7.249143155667));
#8954 = CARTESIAN_POINT('',(-1.612624596089,-4.624143155667));
#8955 = CARTESIAN_POINT('',(-9.708013946623E-02,-1.999143155667));
#8956 = CARTESIAN_POINT('',(1.418464317157,-4.624143155667));
#8957 = CARTESIAN_POINT('',(2.934008773779,-7.249143155667));
#8958 = CARTESIAN_POINT('',(-9.708013946623E-02,-7.249143155667));
#8959 = ( GEOMETRIC_REPRESENTATION_CONTEXT(2) 
PARAMETRIC_REPRESENTATION_CONTEXT() REPRESENTATION_CONTEXT('2D SPACE',''
  ) );
#8960 = PCURVE('',#3525,#8961);
#8961 = DEFINITIONAL_REPRESENTATION('',(#8962),#8966);
#8962 = LINE('',#8963,#8964);
#8963 = CARTESIAN_POINT('',(0.,1.6));
#8964 = VECTOR('',#8965,1.);
#8965 = DIRECTION('',(1.,0.));
#8966 = ( GEOMETRIC_REPRESENTATION_CONTEXT(2) 
PARAMETRIC_REPRESENTATION_CONTEXT() REPRESENTATION_CONTEXT('2D SPACE',''
  ) );
#8967 = ORIENTED_EDGE('',*,*,#3537,.T.);
#8968 = ORIENTED_EDGE('',*,*,#8376,.F.);
#8969 = ORIENTED_EDGE('',*,*,#8449,.T.);
#8970 = ORIENTED_EDGE('',*,*,#8475,.F.);
#8971 = ORIENTED_EDGE('',*,*,#8548,.T.);
#8972 = ORIENTED_EDGE('',*,*,#8575,.F.);
#8973 = ORIENTED_EDGE('',*,*,#8626,.T.);
#8974 = ORIENTED_EDGE('',*,*,#3246,.F.);
#8975 = ORIENTED_EDGE('',*,*,#1903,.F.);
#8976 = ORIENTED_EDGE('',*,*,#8977,.F.);
#8977 = EDGE_CURVE('',#8978,#1904,#8980,.T.);
#8978 = VERTEX_POINT('',#8979);
#8979 = CARTESIAN_POINT('',(4.162969559706,-5.302667070006,
    1.600247792129));
#8980 = SURFACE_CURVE('',#8981,(#8985,#8992),.PCURVE_S1.);
#8981 = LINE('',#8982,#8983);
#8982 = CARTESIAN_POINT('',(4.162969559706,-5.302667070006,
    1.600247792129));
#8983 = VECTOR('',#8984,1.);
#8984 = DIRECTION('',(0.659245251348,0.751927987626,4.036679132806E-17)
  );
#8985 = PCURVE('',#1404,#8986);
#8986 = DEFINITIONAL_REPRESENTATION('',(#8987),#8991);
#8987 = LINE('',#8988,#8989);
#8988 = CARTESIAN_POINT('',(-0.672430156375,0.766966547378));
#8989 = VECTOR('',#8990,1.);
#8990 = DIRECTION('',(0.751927987626,0.659245251348));
#8991 = ( GEOMETRIC_REPRESENTATION_CONTEXT(2) 
PARAMETRIC_REPRESENTATION_CONTEXT() REPRESENTATION_CONTEXT('2D SPACE',''
  ) );
#8992 = PCURVE('',#1132,#8993);
#8993 = DEFINITIONAL_REPRESENTATION('',(#8994),#8998);
#8994 = LINE('',#8995,#8996);
#8995 = CARTESIAN_POINT('',(-1.696240960899E-16,1.6));
#8996 = VECTOR('',#8997,1.);
#8997 = DIRECTION('',(1.,0.));
#8998 = ( GEOMETRIC_REPRESENTATION_CONTEXT(2) 
PARAMETRIC_REPRESENTATION_CONTEXT() REPRESENTATION_CONTEXT('2D SPACE',''
  ) );
#8999 = ORIENTED_EDGE('',*,*,#9000,.F.);
#9000 = EDGE_CURVE('',#9001,#8978,#9003,.T.);
#9001 = VERTEX_POINT('',#9002);
#9002 = CARTESIAN_POINT('',(3.469607858828,-5.647577725046,
    1.600247792129));
#9003 = SURFACE_CURVE('',#9004,(#9009,#9020),.PCURVE_S1.);
#9004 = CIRCLE('',#9005,1.02);
#9005 = AXIS2_PLACEMENT_3D('',#9006,#9007,#9008);
#9006 = CARTESIAN_POINT('',(3.396003012328,-4.630236913631,
    1.600247792129));
#9007 = DIRECTION('',(-6.12318272229E-17,3.593014904249E-30,1.));
#9008 = DIRECTION('',(0.751927987626,-0.659245251348,4.604192462237E-17)
  );
#9009 = PCURVE('',#1404,#9010);
#9010 = DEFINITIONAL_REPRESENTATION('',(#9011),#9019);
#9011 = ( BOUNDED_CURVE() B_SPLINE_CURVE(2,(#9012,#9013,#9014,#9015,
#9016,#9017,#9018),.UNSPECIFIED.,.T.,.F.) B_SPLINE_CURVE_WITH_KNOTS((1,2
    ,2,2,2,1),(-2.094395102393,0.,2.094395102393,4.188790204786,
6.28318530718,8.377580409573),.UNSPECIFIED.) CURVE() 
GEOMETRIC_REPRESENTATION_ITEM() RATIONAL_B_SPLINE_CURVE((1.,0.5,1.,0.5,
1.,0.5,1.)) REPRESENTATION_ITEM('') );
#9012 = CARTESIAN_POINT('',(-0.672430156375,0.766966547378));
#9013 = CARTESIAN_POINT('',(0.65599487139,1.931649742761));
#9014 = CARTESIAN_POINT('',(1.00042759207,0.198858324002));
#9015 = CARTESIAN_POINT('',(1.34486031275,-1.533933094757));
#9016 = CARTESIAN_POINT('',(-0.327997435695,-0.965824871381));
#9017 = CARTESIAN_POINT('',(-2.00085518414,-0.397716648005));
#9018 = CARTESIAN_POINT('',(-0.672430156375,0.766966547378));
#9019 = ( GEOMETRIC_REPRESENTATION_CONTEXT(2) 
PARAMETRIC_REPRESENTATION_CONTEXT() REPRESENTATION_CONTEXT('2D SPACE',''
  ) );
#9020 = PCURVE('',#9021,#9026);
#9021 = CYLINDRICAL_SURFACE('',#9022,1.02);
#9022 = AXIS2_PLACEMENT_3D('',#9023,#9024,#9025);
#9023 = CARTESIAN_POINT('',(3.396003012328,-4.630236913631,
    2.477921290875E-04));
#9024 = DIRECTION('',(-6.12318272229E-17,3.583545125319E-30,1.));
#9025 = DIRECTION('',(0.751927987626,-0.659245251348,4.604192462237E-17)
  );
#9026 = DEFINITIONAL_REPRESENTATION('',(#9027),#9031);
#9027 = LINE('',#9028,#9029);
#9028 = CARTESIAN_POINT('',(-8.881784197001E-16,1.6));
#9029 = VECTOR('',#9030,1.);
#9030 = DIRECTION('',(1.,0.));
#9031 = ( GEOMETRIC_REPRESENTATION_CONTEXT(2) 
PARAMETRIC_REPRESENTATION_CONTEXT() REPRESENTATION_CONTEXT('2D SPACE',''
  ) );
#9032 = ORIENTED_EDGE('',*,*,#9033,.F.);
#9033 = EDGE_CURVE('',#9034,#9001,#9036,.T.);
#9034 = VERTEX_POINT('',#9035);
#9035 = CARTESIAN_POINT('',(-2.007886812574,-6.043875750223,
    1.600247792129));
#9036 = SURFACE_CURVE('',#9037,(#9041,#9048),.PCURVE_S1.);
#9037 = LINE('',#9038,#9039);
#9038 = CARTESIAN_POINT('',(-2.007886812574,-6.043875750223,
    1.600247792129));
#9039 = VECTOR('',#9040,1.);
#9040 = DIRECTION('',(0.997392952368,7.216161421613E-02,
    6.107219293275E-17));
#9041 = PCURVE('',#1404,#9042);
#9042 = DEFINITIONAL_REPRESENTATION('',(#9043),#9047);
#9043 = LINE('',#9044,#9045);
#9044 = CARTESIAN_POINT('',(-1.413638836592,-5.403889824902));
#9045 = VECTOR('',#9046,1.);
#9046 = DIRECTION('',(7.216161421613E-02,0.997392952368));
#9047 = ( GEOMETRIC_REPRESENTATION_CONTEXT(2) 
PARAMETRIC_REPRESENTATION_CONTEXT() REPRESENTATION_CONTEXT('2D SPACE',''
  ) );
#9048 = PCURVE('',#9049,#9054);
#9049 = PLANE('',#9050);
#9050 = AXIS2_PLACEMENT_3D('',#9051,#9052,#9053);
#9051 = CARTESIAN_POINT('',(-2.007886812574,-6.043875750223,
    2.477921290871E-04));
#9052 = DIRECTION('',(7.216161421613E-02,-0.997392952368,
    4.418587493811E-18));
#9053 = DIRECTION('',(0.997392952368,7.216161421613E-02,
    6.107219293275E-17));
#9054 = DEFINITIONAL_REPRESENTATION('',(#9055),#9059);
#9055 = LINE('',#9056,#9057);
#9056 = CARTESIAN_POINT('',(-2.566296498094E-16,1.6));
#9057 = VECTOR('',#9058,1.);
#9058 = DIRECTION('',(1.,0.));
#9059 = ( GEOMETRIC_REPRESENTATION_CONTEXT(2) 
PARAMETRIC_REPRESENTATION_CONTEXT() REPRESENTATION_CONTEXT('2D SPACE',''
  ) );
#9060 = ORIENTED_EDGE('',*,*,#9061,.F.);
#9061 = EDGE_CURVE('',#1389,#9034,#9062,.T.);
#9062 = SURFACE_CURVE('',#9063,(#9068,#9079),.PCURVE_S1.);
#9063 = CIRCLE('',#9064,1.32);
#9064 = AXIS2_PLACEMENT_3D('',#9065,#9066,#9067);
#9065 = CARTESIAN_POINT('',(-2.10314014334,-4.727317053097,
    1.600247792129));
#9066 = DIRECTION('',(-6.12318272229E-17,3.579918580627E-30,1.));
#9067 = DIRECTION('',(7.216161421613E-02,-0.997392952368,
    4.418587493811E-18));
#9068 = PCURVE('',#1404,#9069);
#9069 = DEFINITIONAL_REPRESENTATION('',(#9070),#9078);
#9070 = ( BOUNDED_CURVE() B_SPLINE_CURVE(2,(#9071,#9072,#9073,#9074,
#9075,#9076,#9077),.UNSPECIFIED.,.T.,.F.) B_SPLINE_CURVE_WITH_KNOTS((1,2
    ,2,2,2,1),(-2.094395102393,0.,2.094395102393,4.188790204786,
6.28318530718,8.377580409573),.UNSPECIFIED.) CURVE() 
GEOMETRIC_REPRESENTATION_ITEM() RATIONAL_B_SPLINE_CURVE((1.,0.5,1.,0.5,
1.,0.5,1.)) REPRESENTATION_ITEM('') );
#9071 = CARTESIAN_POINT('',(-1.413638836592,-5.403889824902));
#9072 = CARTESIAN_POINT('',(-1.248655228117,-3.123543270333));
#9073 = CARTESIAN_POINT('',(0.643691013335,-4.406596543765));
#9074 = CARTESIAN_POINT('',(2.536037254786,-5.689649817198));
#9075 = CARTESIAN_POINT('',(0.478707404859,-6.686943098334));
#9076 = CARTESIAN_POINT('',(-1.578622445068,-7.684236379471));
#9077 = CARTESIAN_POINT('',(-1.413638836592,-5.403889824902));
#9078 = ( GEOMETRIC_REPRESENTATION_CONTEXT(2) 
PARAMETRIC_REPRESENTATION_CONTEXT() REPRESENTATION_CONTEXT('2D SPACE',''
  ) );
#9079 = PCURVE('',#1432,#9080);
#9080 = DEFINITIONAL_REPRESENTATION('',(#9081),#9085);
#9081 = LINE('',#9082,#9083);
#9082 = CARTESIAN_POINT('',(0.,1.6));
#9083 = VECTOR('',#9084,1.);
#9084 = DIRECTION('',(1.,0.));
#9085 = ( GEOMETRIC_REPRESENTATION_CONTEXT(2) 
PARAMETRIC_REPRESENTATION_CONTEXT() REPRESENTATION_CONTEXT('2D SPACE',''
  ) );
#9086 = ORIENTED_EDGE('',*,*,#1388,.F.);
#9087 = ORIENTED_EDGE('',*,*,#8789,.F.);
#9088 = ORIENTED_EDGE('',*,*,#7533,.T.);
#9089 = ORIENTED_EDGE('',*,*,#6999,.F.);
#9090 = ORIENTED_EDGE('',*,*,#6969,.F.);
#9091 = FACE_BOUND('',#9092,.T.);
#9092 = EDGE_LOOP('',(#9093));
#9093 = ORIENTED_EDGE('',*,*,#9094,.F.);
#9094 = EDGE_CURVE('',#9095,#9095,#9097,.T.);
#9095 = VERTEX_POINT('',#9096);
#9096 = CARTESIAN_POINT('',(2.799503012328,-4.630236913631,
    1.600247792129));
#9097 = SURFACE_CURVE('',#9098,(#9103,#9110),.PCURVE_S1.);
#9098 = CIRCLE('',#9099,0.5965);
#9099 = AXIS2_PLACEMENT_3D('',#9100,#9101,#9102);
#9100 = CARTESIAN_POINT('',(3.396003012328,-4.630236913631,
    1.600247792129));
#9101 = DIRECTION('',(6.12318272229E-17,-3.583545125319E-30,-1.));
#9102 = DIRECTION('',(1.,2.22044604925E-16,6.12318272229E-17));
#9103 = PCURVE('',#1404,#9104);
#9104 = DEFINITIONAL_REPRESENTATION('',(#9105),#9109);
#9105 = CIRCLE('',#9106,0.5965);
#9106 = AXIS2_PLACEMENT_2D('',#9107,#9108);
#9107 = CARTESIAN_POINT('',(0.,0.));
#9108 = DIRECTION('',(-7.928682086825E-48,1.));
#9109 = ( GEOMETRIC_REPRESENTATION_CONTEXT(2) 
PARAMETRIC_REPRESENTATION_CONTEXT() REPRESENTATION_CONTEXT('2D SPACE',''
  ) );
#9110 = PCURVE('',#4484,#9111);
#9111 = DEFINITIONAL_REPRESENTATION('',(#9112),#9116);
#9112 = LINE('',#9113,#9114);
#9113 = CARTESIAN_POINT('',(6.28318530718,1.6));
#9114 = VECTOR('',#9115,1.);
#9115 = DIRECTION('',(-1.,0.));
#9116 = ( GEOMETRIC_REPRESENTATION_CONTEXT(2) 
PARAMETRIC_REPRESENTATION_CONTEXT() REPRESENTATION_CONTEXT('2D SPACE',''
  ) );
#9117 = FACE_BOUND('',#9118,.T.);
#9118 = EDGE_LOOP('',(#9119));
#9119 = ORIENTED_EDGE('',*,*,#9120,.F.);
#9120 = EDGE_CURVE('',#9121,#9121,#9123,.T.);
#9121 = VERTEX_POINT('',#9122);
#9122 = CARTESIAN_POINT('',(-2.64964014334,-4.727317053097,
    1.600247792129));
#9123 = SURFACE_CURVE('',#9124,(#9129,#9136),.PCURVE_S1.);
#9124 = CIRCLE('',#9125,0.5465);
#9125 = AXIS2_PLACEMENT_3D('',#9126,#9127,#9128);
#9126 = CARTESIAN_POINT('',(-2.10314014334,-4.727317053097,
    1.600247792129));
#9127 = DIRECTION('',(6.12318272229E-17,-3.583545125319E-30,-1.));
#9128 = DIRECTION('',(1.,2.22044604925E-16,6.12318272229E-17));
#9129 = PCURVE('',#1404,#9130);
#9130 = DEFINITIONAL_REPRESENTATION('',(#9131),#9135);
#9131 = CIRCLE('',#9132,0.5465);
#9132 = AXIS2_PLACEMENT_2D('',#9133,#9134);
#9133 = CARTESIAN_POINT('',(-9.708013946623E-02,-5.499143155667));
#9134 = DIRECTION('',(-7.928682086825E-48,1.));
#9135 = ( GEOMETRIC_REPRESENTATION_CONTEXT(2) 
PARAMETRIC_REPRESENTATION_CONTEXT() REPRESENTATION_CONTEXT('2D SPACE',''
  ) );
#9136 = PCURVE('',#4360,#9137);
#9137 = DEFINITIONAL_REPRESENTATION('',(#9138),#9142);
#9138 = LINE('',#9139,#9140);
#9139 = CARTESIAN_POINT('',(6.28318530718,1.6));
#9140 = VECTOR('',#9141,1.);
#9141 = DIRECTION('',(-1.,0.));
#9142 = ( GEOMETRIC_REPRESENTATION_CONTEXT(2) 
PARAMETRIC_REPRESENTATION_CONTEXT() REPRESENTATION_CONTEXT('2D SPACE',''
  ) );
#9143 = ADVANCED_FACE('',(#9144),#3468,.F.);
#9144 = FACE_BOUND('',#9145,.F.);
#9145 = EDGE_LOOP('',(#9146,#9168,#9169,#9195));
#9146 = ORIENTED_EDGE('',*,*,#9147,.F.);
#9147 = EDGE_CURVE('',#3453,#8280,#9148,.T.);
#9148 = SURFACE_CURVE('',#9149,(#9154,#9161),.PCURVE_S1.);
#9149 = CIRCLE('',#9150,1.5);
#9150 = AXIS2_PLACEMENT_3D('',#9151,#9152,#9153);
#9151 = CARTESIAN_POINT('',(0.819993019216,-0.728981024127,
    1.500247792129));
#9152 = DIRECTION('',(6.12318272229E-17,-3.583545125319E-30,-1.));
#9153 = DIRECTION('',(-1.,-2.22044604925E-16,-6.12318272229E-17));
#9154 = PCURVE('',#3468,#9155);
#9155 = DEFINITIONAL_REPRESENTATION('',(#9156),#9160);
#9156 = LINE('',#9157,#9158);
#9157 = CARTESIAN_POINT('',(6.28318530718,1.5));
#9158 = VECTOR('',#9159,1.);
#9159 = DIRECTION('',(-1.,0.));
#9160 = ( GEOMETRIC_REPRESENTATION_CONTEXT(2) 
PARAMETRIC_REPRESENTATION_CONTEXT() REPRESENTATION_CONTEXT('2D SPACE',''
  ) );
#9161 = PCURVE('',#3497,#9162);
#9162 = DEFINITIONAL_REPRESENTATION('',(#9163),#9167);
#9163 = CIRCLE('',#9164,1.5);
#9164 = AXIS2_PLACEMENT_2D('',#9165,#9166);
#9165 = CARTESIAN_POINT('',(0.123701922776,4.453282254057));
#9166 = DIRECTION('',(7.928682086825E-48,-1.));
#9167 = ( GEOMETRIC_REPRESENTATION_CONTEXT(2) 
PARAMETRIC_REPRESENTATION_CONTEXT() REPRESENTATION_CONTEXT('2D SPACE',''
  ) );
#9168 = ORIENTED_EDGE('',*,*,#3452,.T.);
#9169 = ORIENTED_EDGE('',*,*,#9170,.F.);
#9170 = EDGE_CURVE('',#8256,#3425,#9171,.T.);
#9171 = SURFACE_CURVE('',#9172,(#9177,#9184),.PCURVE_S1.);
#9172 = CIRCLE('',#9173,1.5);
#9173 = AXIS2_PLACEMENT_3D('',#9174,#9175,#9176);
#9174 = CARTESIAN_POINT('',(0.819993019216,-0.728981024127,
    1.600247792129));
#9175 = DIRECTION('',(-6.12318272229E-17,3.583545125319E-30,1.));
#9176 = DIRECTION('',(-1.,-2.22044604925E-16,-6.12318272229E-17));
#9177 = PCURVE('',#3468,#9178);
#9178 = DEFINITIONAL_REPRESENTATION('',(#9179),#9183);
#9179 = LINE('',#9180,#9181);
#9180 = CARTESIAN_POINT('',(1.110223024625E-16,1.6));
#9181 = VECTOR('',#9182,1.);
#9182 = DIRECTION('',(1.,0.));
#9183 = ( GEOMETRIC_REPRESENTATION_CONTEXT(2) 
PARAMETRIC_REPRESENTATION_CONTEXT() REPRESENTATION_CONTEXT('2D SPACE',''
  ) );
#9184 = PCURVE('',#1748,#9185);
#9185 = DEFINITIONAL_REPRESENTATION('',(#9186),#9194);
#9186 = ( BOUNDED_CURVE() B_SPLINE_CURVE(2,(#9187,#9188,#9189,#9190,
#9191,#9192,#9193),.UNSPECIFIED.,.T.,.F.) B_SPLINE_CURVE_WITH_KNOTS((1,2
    ,2,2,2,1),(-2.094395102393,0.,2.094395102393,4.188790204786,
6.28318530718,8.377580409573),.UNSPECIFIED.) CURVE() 
GEOMETRIC_REPRESENTATION_ITEM() RATIONAL_B_SPLINE_CURVE((1.,0.5,1.,0.5,
1.,0.5,1.)) REPRESENTATION_ITEM('') );
#9187 = CARTESIAN_POINT('',(3.901255889504,-4.076009993111));
#9188 = CARTESIAN_POINT('',(1.303179678151,-4.076009993111));
#9189 = CARTESIAN_POINT('',(2.602217783828,-1.826009993111));
#9190 = CARTESIAN_POINT('',(3.901255889504,0.423990006889));
#9191 = CARTESIAN_POINT('',(5.200293995181,-1.826009993111));
#9192 = CARTESIAN_POINT('',(6.499332100857,-4.076009993111));
#9193 = CARTESIAN_POINT('',(3.901255889504,-4.076009993111));
#9194 = ( GEOMETRIC_REPRESENTATION_CONTEXT(2) 
PARAMETRIC_REPRESENTATION_CONTEXT() REPRESENTATION_CONTEXT('2D SPACE',''
  ) );
#9195 = ORIENTED_EDGE('',*,*,#8279,.F.);
#9196 = ADVANCED_FACE('',(#9197),#3525,.F.);
#9197 = FACE_BOUND('',#9198,.F.);
#9198 = EDGE_LOOP('',(#9199,#9200,#9201,#9223));
#9199 = ORIENTED_EDGE('',*,*,#8942,.F.);
#9200 = ORIENTED_EDGE('',*,*,#3509,.T.);
#9201 = ORIENTED_EDGE('',*,*,#9202,.F.);
#9202 = EDGE_CURVE('',#8303,#3481,#9203,.T.);
#9203 = SURFACE_CURVE('',#9204,(#9209,#9216),.PCURVE_S1.);
#9204 = CIRCLE('',#9205,1.75);
#9205 = AXIS2_PLACEMENT_3D('',#9206,#9207,#9208);
#9206 = CARTESIAN_POINT('',(-2.10314014334,-4.727317053097,
    1.500247792129));
#9207 = DIRECTION('',(6.12318272229E-17,-3.583545125319E-30,-1.));
#9208 = DIRECTION('',(-1.,-2.22044604925E-16,-6.12318272229E-17));
#9209 = PCURVE('',#3525,#9210);
#9210 = DEFINITIONAL_REPRESENTATION('',(#9211),#9215);
#9211 = LINE('',#9212,#9213);
#9212 = CARTESIAN_POINT('',(6.28318530718,1.5));
#9213 = VECTOR('',#9214,1.);
#9214 = DIRECTION('',(-1.,0.));
#9215 = ( GEOMETRIC_REPRESENTATION_CONTEXT(2) 
PARAMETRIC_REPRESENTATION_CONTEXT() REPRESENTATION_CONTEXT('2D SPACE',''
  ) );
#9216 = PCURVE('',#3497,#9217);
#9217 = DEFINITIONAL_REPRESENTATION('',(#9218),#9222);
#9218 = CIRCLE('',#9219,1.75);
#9219 = AXIS2_PLACEMENT_2D('',#9220,#9221);
#9220 = CARTESIAN_POINT('',(-3.874634106194,1.530149091501));
#9221 = DIRECTION('',(7.928682086825E-48,-1.));
#9222 = ( GEOMETRIC_REPRESENTATION_CONTEXT(2) 
PARAMETRIC_REPRESENTATION_CONTEXT() REPRESENTATION_CONTEXT('2D SPACE',''
  ) );
#9223 = ORIENTED_EDGE('',*,*,#8326,.F.);
#9224 = ADVANCED_FACE('',(#9225),#1604,.F.);
#9225 = FACE_BOUND('',#9226,.F.);
#9226 = EDGE_LOOP('',(#9227,#9228,#9229,#9230));
#9227 = ORIENTED_EDGE('',*,*,#8911,.F.);
#9228 = ORIENTED_EDGE('',*,*,#8027,.F.);
#9229 = ORIENTED_EDGE('',*,*,#1587,.F.);
#9230 = ORIENTED_EDGE('',*,*,#7131,.F.);
#9231 = ADVANCED_FACE('',(#9232),#3497,.T.);
#9232 = FACE_BOUND('',#9233,.T.);
#9233 = EDGE_LOOP('',(#9234,#9235,#9236,#9237));
#9234 = ORIENTED_EDGE('',*,*,#8302,.T.);
#9235 = ORIENTED_EDGE('',*,*,#9147,.F.);
#9236 = ORIENTED_EDGE('',*,*,#3480,.F.);
#9237 = ORIENTED_EDGE('',*,*,#9202,.F.);
#9238 = ADVANCED_FACE('',(#9239,#9253),#1748,.T.);
#9239 = FACE_BOUND('',#9240,.T.);
#9240 = EDGE_LOOP('',(#9241,#9242,#9243,#9244,#9245,#9246,#9247,#9248,
    #9249,#9250,#9251,#9252));
#9241 = ORIENTED_EDGE('',*,*,#5962,.T.);
#9242 = ORIENTED_EDGE('',*,*,#1731,.F.);
#9243 = ORIENTED_EDGE('',*,*,#1790,.T.);
#9244 = ORIENTED_EDGE('',*,*,#3274,.F.);
#9245 = ORIENTED_EDGE('',*,*,#3347,.T.);
#9246 = ORIENTED_EDGE('',*,*,#3374,.F.);
#9247 = ORIENTED_EDGE('',*,*,#3424,.T.);
#9248 = ORIENTED_EDGE('',*,*,#9170,.F.);
#9249 = ORIENTED_EDGE('',*,*,#8255,.T.);
#9250 = ORIENTED_EDGE('',*,*,#5811,.F.);
#9251 = ORIENTED_EDGE('',*,*,#5884,.T.);
#9252 = ORIENTED_EDGE('',*,*,#5911,.F.);
#9253 = FACE_BOUND('',#9254,.T.);
#9254 = EDGE_LOOP('',(#9255));
#9255 = ORIENTED_EDGE('',*,*,#9256,.F.);
#9256 = EDGE_CURVE('',#9257,#9257,#9259,.T.);
#9257 = VERTEX_POINT('',#9258);
#9258 = CARTESIAN_POINT('',(0.273493019216,-0.728981024127,
    1.600247792129));
#9259 = SURFACE_CURVE('',#9260,(#9265,#9272),.PCURVE_S1.);
#9260 = CIRCLE('',#9261,0.5465);
#9261 = AXIS2_PLACEMENT_3D('',#9262,#9263,#9264);
#9262 = CARTESIAN_POINT('',(0.819993019216,-0.728981024127,
    1.600247792129));
#9263 = DIRECTION('',(6.12318272229E-17,-3.583545125319E-30,-1.));
#9264 = DIRECTION('',(1.,2.22044604925E-16,6.12318272229E-17));
#9265 = PCURVE('',#1748,#9266);
#9266 = DEFINITIONAL_REPRESENTATION('',(#9267),#9271);
#9267 = CIRCLE('',#9268,0.5465);
#9268 = AXIS2_PLACEMENT_2D('',#9269,#9270);
#9269 = CARTESIAN_POINT('',(3.901255889504,-2.576009993111));
#9270 = DIRECTION('',(-7.928682086825E-48,1.));
#9271 = ( GEOMETRIC_REPRESENTATION_CONTEXT(2) 
PARAMETRIC_REPRESENTATION_CONTEXT() REPRESENTATION_CONTEXT('2D SPACE',''
  ) );
#9272 = PCURVE('',#4453,#9273);
#9273 = DEFINITIONAL_REPRESENTATION('',(#9274),#9278);
#9274 = LINE('',#9275,#9276);
#9275 = CARTESIAN_POINT('',(6.28318530718,1.6));
#9276 = VECTOR('',#9277,1.);
#9277 = DIRECTION('',(-1.,0.));
#9278 = ( GEOMETRIC_REPRESENTATION_CONTEXT(2) 
PARAMETRIC_REPRESENTATION_CONTEXT() REPRESENTATION_CONTEXT('2D SPACE',''
  ) );
#9279 = ADVANCED_FACE('',(#9280),#1104,.T.);
#9280 = FACE_BOUND('',#9281,.T.);
#9281 = EDGE_LOOP('',(#9282,#9283,#9304,#9305));
#9282 = ORIENTED_EDGE('',*,*,#1087,.T.);
#9283 = ORIENTED_EDGE('',*,*,#9284,.T.);
#9284 = EDGE_CURVE('',#1065,#3591,#9285,.T.);
#9285 = SURFACE_CURVE('',#9286,(#9290,#9297),.PCURVE_S1.);
#9286 = LINE('',#9287,#9288);
#9287 = CARTESIAN_POINT('',(0.825139653023,5.286024096241,1.925247792129
    ));
#9288 = VECTOR('',#9289,1.);
#9289 = DIRECTION('',(-0.212653308603,-0.674372723603,0.707106781187));
#9290 = PCURVE('',#1104,#9291);
#9291 = DEFINITIONAL_REPRESENTATION('',(#9292),#9296);
#9292 = LINE('',#9293,#9294);
#9293 = CARTESIAN_POINT('',(0.64241213776,-1.942989417621E-14));
#9294 = VECTOR('',#9295,1.);
#9295 = DIRECTION('',(0.,-1.));
#9296 = ( GEOMETRIC_REPRESENTATION_CONTEXT(2) 
PARAMETRIC_REPRESENTATION_CONTEXT() REPRESENTATION_CONTEXT('2D SPACE',''
  ) );
#9297 = PCURVE('',#373,#9298);
#9298 = DEFINITIONAL_REPRESENTATION('',(#9299),#9303);
#9299 = LINE('',#9300,#9301);
#9300 = CARTESIAN_POINT('',(0.76194201107,1.925));
#9301 = VECTOR('',#9302,1.);
#9302 = DIRECTION('',(-0.707106781187,0.707106781187));
#9303 = ( GEOMETRIC_REPRESENTATION_CONTEXT(2) 
PARAMETRIC_REPRESENTATION_CONTEXT() REPRESENTATION_CONTEXT('2D SPACE',''
  ) );
#9304 = ORIENTED_EDGE('',*,*,#3590,.T.);
#9305 = ORIENTED_EDGE('',*,*,#9306,.T.);
#9306 = EDGE_CURVE('',#3593,#1088,#9307,.T.);
#9307 = SURFACE_CURVE('',#9308,(#9313,#9319),.PCURVE_S1.);
#9308 = B_SPLINE_CURVE_WITH_KNOTS('',3,(#9309,#9310,#9311,#9312),
  .UNSPECIFIED.,.F.,.F.,(4,4),(0.,2.429196672576E-02),
  .PIECEWISE_BEZIER_KNOTS.);
#9309 = CARTESIAN_POINT('',(8.368509160054,-0.2783412644,2.000247792129)
  );
#9310 = CARTESIAN_POINT('',(8.432161106885,-0.281509773876,
    1.950297287014));
#9311 = CARTESIAN_POINT('',(8.495770193283,-0.284804568684,
    1.900295756853));
#9312 = CARTESIAN_POINT('',(8.559332584655,-0.288223059278,
    1.850247792129));
#9313 = PCURVE('',#1104,#9314);
#9314 = DEFINITIONAL_REPRESENTATION('',(#9315),#9318);
#9315 = B_SPLINE_CURVE_WITH_KNOTS('',1,(#9316,#9317),.UNSPECIFIED.,.F.,
  .F.,(2,2),(0.,2.429196672576E-02),.PIECEWISE_BEZIER_KNOTS.);
#9316 = CARTESIAN_POINT('',(1.287403598111,-7.499999999999E-02));
#9317 = CARTESIAN_POINT('',(1.2953881423,7.499999999999E-02));
#9318 = ( GEOMETRIC_REPRESENTATION_CONTEXT(2) 
PARAMETRIC_REPRESENTATION_CONTEXT() REPRESENTATION_CONTEXT('2D SPACE',''
  ) );
#9319 = PCURVE('',#3890,#9320);
#9320 = DEFINITIONAL_REPRESENTATION('',(#9321),#9326);
#9321 = B_SPLINE_CURVE_WITH_KNOTS('',3,(#9322,#9323,#9324,#9325),
  .UNSPECIFIED.,.F.,.F.,(4,4),(0.,2.429196672576E-02),
  .PIECEWISE_BEZIER_KNOTS.);
#9322 = CARTESIAN_POINT('',(-6.279343046955,-0.106066017178));
#9323 = CARTESIAN_POINT('',(-6.318922799689,-3.542533539708E-02));
#9324 = CARTESIAN_POINT('',(-6.358379339409,3.528750669627E-02));
#9325 = CARTESIAN_POINT('',(-6.397712085333,0.106066017178));
#9326 = ( GEOMETRIC_REPRESENTATION_CONTEXT(2) 
PARAMETRIC_REPRESENTATION_CONTEXT() REPRESENTATION_CONTEXT('2D SPACE',''
  ) );
#9327 = ADVANCED_FACE('',(#9328),#666,.T.);
#9328 = FACE_BOUND('',#9329,.T.);
#9329 = EDGE_LOOP('',(#9330,#9331,#9352,#9353));
#9330 = ORIENTED_EDGE('',*,*,#650,.T.);
#9331 = ORIENTED_EDGE('',*,*,#9332,.T.);
#9332 = EDGE_CURVE('',#623,#3716,#9333,.T.);
#9333 = SURFACE_CURVE('',#9334,(#9338,#9345),.PCURVE_S1.);
#9334 = LINE('',#9335,#9336);
#9335 = CARTESIAN_POINT('',(-8.230585093191,-1.003477689031,
    1.850247792129));
#9336 = VECTOR('',#9337,1.);
#9337 = DIRECTION('',(0.706118969958,3.736308692987E-02,0.707106781187)
  );
#9338 = PCURVE('',#666,#9339);
#9339 = DEFINITIONAL_REPRESENTATION('',(#9340),#9344);
#9340 = LINE('',#9341,#9342);
#9341 = CARTESIAN_POINT('',(-3.334449880318,0.106066017178));
#9342 = VECTOR('',#9343,1.);
#9343 = DIRECTION('',(-9.190058315855E-15,-1.));
#9344 = ( GEOMETRIC_REPRESENTATION_CONTEXT(2) 
PARAMETRIC_REPRESENTATION_CONTEXT() REPRESENTATION_CONTEXT('2D SPACE',''
  ) );
#9345 = PCURVE('',#3755,#9346);
#9346 = DEFINITIONAL_REPRESENTATION('',(#9347),#9351);
#9347 = LINE('',#9348,#9349);
#9348 = CARTESIAN_POINT('',(0.828876775667,7.5E-02));
#9349 = VECTOR('',#9350,1.);
#9350 = DIRECTION('',(-2.368475785867E-14,-1.));
#9351 = ( GEOMETRIC_REPRESENTATION_CONTEXT(2) 
PARAMETRIC_REPRESENTATION_CONTEXT() REPRESENTATION_CONTEXT('2D SPACE',''
  ) );
#9352 = ORIENTED_EDGE('',*,*,#3715,.T.);
#9353 = ORIENTED_EDGE('',*,*,#9354,.T.);
#9354 = EDGE_CURVE('',#3687,#651,#9355,.T.);
#9355 = SURFACE_CURVE('',#9356,(#9361,#9369),.PCURVE_S1.);
#9356 = B_SPLINE_CURVE_WITH_KNOTS('',3,(#9357,#9358,#9359,#9360),
  .UNSPECIFIED.,.F.,.F.,(4,4),(0.,2.403078717368E-02),
  .PIECEWISE_BEZIER_KNOTS.);
#9357 = CARTESIAN_POINT('',(-8.403575936755,5.104640033581,
    2.000247792129));
#9358 = CARTESIAN_POINT('',(-8.455456543722,5.139701100584,
    1.950292266319));
#9359 = CARTESIAN_POINT('',(-8.507376896279,5.174643949068,
    1.900290803849));
#9360 = CARTESIAN_POINT('',(-8.559332584655,5.209468272443,
    1.850247792129));
#9361 = PCURVE('',#666,#9362);
#9362 = DEFINITIONAL_REPRESENTATION('',(#9363),#9368);
#9363 = B_SPLINE_CURVE_WITH_KNOTS('',3,(#9364,#9365,#9366,#9367),
  .UNSPECIFIED.,.F.,.F.,(4,4),(0.,2.403078717368E-02),
  .PIECEWISE_BEZIER_KNOTS.);
#9364 = CARTESIAN_POINT('',(2.774275677868,-0.106066017178));
#9365 = CARTESIAN_POINT('',(2.812029104728,-3.541823506167E-02));
#9366 = CARTESIAN_POINT('',(2.84966657835,3.529451130203E-02));
#9367 = CARTESIAN_POINT('',(2.887187559563,0.106066017178));
#9368 = ( GEOMETRIC_REPRESENTATION_CONTEXT(2) 
PARAMETRIC_REPRESENTATION_CONTEXT() REPRESENTATION_CONTEXT('2D SPACE',''
  ) );
#9369 = PCURVE('',#3703,#9370);
#9370 = DEFINITIONAL_REPRESENTATION('',(#9371),#9374);
#9371 = B_SPLINE_CURVE_WITH_KNOTS('',1,(#9372,#9373),.UNSPECIFIED.,.F.,
  .F.,(2,2),(0.,2.403078717368E-02),.PIECEWISE_BEZIER_KNOTS.);
#9372 = CARTESIAN_POINT('',(7.616431673601E-03,-7.499999999999E-02));
#9373 = CARTESIAN_POINT('',(0.,7.5E-02));
#9374 = ( GEOMETRIC_REPRESENTATION_CONTEXT(2) 
PARAMETRIC_REPRESENTATION_CONTEXT() REPRESENTATION_CONTEXT('2D SPACE',''
  ) );
#9375 = ADVANCED_FACE('',(#9376),#3703,.T.);
#9376 = FACE_BOUND('',#9377,.T.);
#9377 = EDGE_LOOP('',(#9378,#9379,#9402,#9424));
#9378 = ORIENTED_EDGE('',*,*,#3686,.T.);
#9379 = ORIENTED_EDGE('',*,*,#9380,.T.);
#9380 = EDGE_CURVE('',#3664,#9381,#9383,.T.);
#9381 = VERTEX_POINT('',#9382);
#9382 = CARTESIAN_POINT('',(-1.249766583468,5.855437931387,
    1.850247792129));
#9383 = SURFACE_CURVE('',#9384,(#9388,#9395),.PCURVE_S1.);
#9384 = LINE('',#9385,#9386);
#9385 = CARTESIAN_POINT('',(-1.261764180706,5.781403765892,
    1.925247792129));
#9386 = VECTOR('',#9387,1.);
#9387 = DIRECTION('',(0.113114431537,0.698000806144,-0.707106781187));
#9388 = PCURVE('',#3703,#9389);
#9389 = DEFINITIONAL_REPRESENTATION('',(#9390),#9394);
#9390 = LINE('',#9391,#9392);
#9391 = CARTESIAN_POINT('',(0.49760479948,-7.497191490215E-15));
#9392 = VECTOR('',#9393,1.);
#9393 = DIRECTION('',(0.,1.));
#9394 = ( GEOMETRIC_REPRESENTATION_CONTEXT(2) 
PARAMETRIC_REPRESENTATION_CONTEXT() REPRESENTATION_CONTEXT('2D SPACE',''
  ) );
#9395 = PCURVE('',#312,#9396);
#9396 = DEFINITIONAL_REPRESENTATION('',(#9397),#9401);
#9397 = LINE('',#9398,#9399);
#9398 = CARTESIAN_POINT('',(0.646263684651,1.925));
#9399 = VECTOR('',#9400,1.);
#9400 = DIRECTION('',(-0.707106781187,-0.707106781187));
#9401 = ( GEOMETRIC_REPRESENTATION_CONTEXT(2) 
PARAMETRIC_REPRESENTATION_CONTEXT() REPRESENTATION_CONTEXT('2D SPACE',''
  ) );
#9402 = ORIENTED_EDGE('',*,*,#9403,.T.);
#9403 = EDGE_CURVE('',#9381,#651,#9404,.T.);
#9404 = SURFACE_CURVE('',#9405,(#9410,#9417),.PCURVE_S1.);
#9405 = CIRCLE('',#9406,14.9);
#9406 = AXIS2_PLACEMENT_3D('',#9407,#9408,#9409);
#9407 = CARTESIAN_POINT('',(-3.633289234841,-8.852682946903,
    1.850247792129));
#9408 = DIRECTION('',(-6.12318272229E-17,3.571444488872E-30,1.));
#9409 = DIRECTION('',(-0.330606936229,0.943768538211,-2.024366679788E-17
    ));
#9410 = PCURVE('',#3703,#9411);
#9411 = DEFINITIONAL_REPRESENTATION('',(#9412),#9416);
#9412 = LINE('',#9413,#9414);
#9413 = CARTESIAN_POINT('',(6.28318530718,7.499999999999E-02));
#9414 = VECTOR('',#9415,1.);
#9415 = DIRECTION('',(-1.,1.774856289435E-15));
#9416 = ( GEOMETRIC_REPRESENTATION_CONTEXT(2) 
PARAMETRIC_REPRESENTATION_CONTEXT() REPRESENTATION_CONTEXT('2D SPACE',''
  ) );
#9417 = PCURVE('',#284,#9418);
#9418 = DEFINITIONAL_REPRESENTATION('',(#9419),#9423);
#9419 = LINE('',#9420,#9421);
#9420 = CARTESIAN_POINT('',(0.,1.85));
#9421 = VECTOR('',#9422,1.);
#9422 = DIRECTION('',(1.,0.));
#9423 = ( GEOMETRIC_REPRESENTATION_CONTEXT(2) 
PARAMETRIC_REPRESENTATION_CONTEXT() REPRESENTATION_CONTEXT('2D SPACE',''
  ) );
#9424 = ORIENTED_EDGE('',*,*,#9354,.F.);
#9425 = ADVANCED_FACE('',(#9426),#3755,.T.);
#9426 = FACE_BOUND('',#9427,.T.);
#9427 = EDGE_LOOP('',(#9428,#9449,#9450,#9451));
#9428 = ORIENTED_EDGE('',*,*,#9429,.T.);
#9429 = EDGE_CURVE('',#1445,#3739,#9430,.T.);
#9430 = SURFACE_CURVE('',#9431,(#9435,#9442),.PCURVE_S1.);
#9431 = LINE('',#9432,#9433);
#9432 = CARTESIAN_POINT('',(-7.896814125242,-1.664964557284,
    1.850247792129));
#9433 = VECTOR('',#9434,1.);
#9434 = DIRECTION('',(0.449584497349,0.545778141504,0.707106781187));
#9435 = PCURVE('',#3755,#9436);
#9436 = DEFINITIONAL_REPRESENTATION('',(#9437),#9441);
#9437 = LINE('',#9438,#9439);
#9438 = CARTESIAN_POINT('',(0.,7.5E-02));
#9439 = VECTOR('',#9440,1.);
#9440 = DIRECTION('',(0.,-1.));
#9441 = ( GEOMETRIC_REPRESENTATION_CONTEXT(2) 
PARAMETRIC_REPRESENTATION_CONTEXT() REPRESENTATION_CONTEXT('2D SPACE',''
  ) );
#9442 = PCURVE('',#1460,#9443);
#9443 = DEFINITIONAL_REPRESENTATION('',(#9444),#9448);
#9444 = LINE('',#9445,#9446);
#9445 = CARTESIAN_POINT('',(2.23415291508,0.106066017178));
#9446 = VECTOR('',#9447,1.);
#9447 = DIRECTION('',(4.113107985064E-16,-1.));
#9448 = ( GEOMETRIC_REPRESENTATION_CONTEXT(2) 
PARAMETRIC_REPRESENTATION_CONTEXT() REPRESENTATION_CONTEXT('2D SPACE',''
  ) );
#9449 = ORIENTED_EDGE('',*,*,#3738,.T.);
#9450 = ORIENTED_EDGE('',*,*,#9332,.F.);
#9451 = ORIENTED_EDGE('',*,*,#9452,.T.);
#9452 = EDGE_CURVE('',#623,#1445,#9453,.T.);
#9453 = SURFACE_CURVE('',#9454,(#9459,#9466),.PCURVE_S1.);
#9454 = CIRCLE('',#9455,0.92);
#9455 = AXIS2_PLACEMENT_3D('',#9456,#9457,#9458);
#9456 = CARTESIAN_POINT('',(-7.311870311144,-0.954865455504,
    1.850247792129));
#9457 = DIRECTION('',(-6.12318272229E-17,3.593014904249E-30,1.));
#9458 = DIRECTION('',(-0.635808493584,-0.771846849761,-3.8931715826E-17)
  );
#9459 = PCURVE('',#3755,#9460);
#9460 = DEFINITIONAL_REPRESENTATION('',(#9461),#9465);
#9461 = LINE('',#9462,#9463);
#9462 = CARTESIAN_POINT('',(6.28318530718,7.5E-02));
#9463 = VECTOR('',#9464,1.);
#9464 = DIRECTION('',(-1.,5.44594317422E-16));
#9465 = ( GEOMETRIC_REPRESENTATION_CONTEXT(2) 
PARAMETRIC_REPRESENTATION_CONTEXT() REPRESENTATION_CONTEXT('2D SPACE',''
  ) );
#9466 = PCURVE('',#638,#9467);
#9467 = DEFINITIONAL_REPRESENTATION('',(#9468),#9472);
#9468 = LINE('',#9469,#9470);
#9469 = CARTESIAN_POINT('',(0.,1.85));
#9470 = VECTOR('',#9471,1.);
#9471 = DIRECTION('',(1.,0.));
#9472 = ( GEOMETRIC_REPRESENTATION_CONTEXT(2) 
PARAMETRIC_REPRESENTATION_CONTEXT() REPRESENTATION_CONTEXT('2D SPACE',''
  ) );
#9473 = ADVANCED_FACE('',(#9474),#1460,.T.);
#9474 = FACE_BOUND('',#9475,.T.);
#9475 = EDGE_LOOP('',(#9476,#9497,#9498,#9499));
#9476 = ORIENTED_EDGE('',*,*,#9477,.T.);
#9477 = EDGE_CURVE('',#1417,#3768,#9478,.T.);
#9478 = SURFACE_CURVE('',#9479,(#9483,#9490),.PCURVE_S1.);
#9479 = LINE('',#9480,#9481);
#9480 = CARTESIAN_POINT('',(-2.942407354871,-5.746154894782,
    1.850247792129));
#9481 = VECTOR('',#9482,1.);
#9482 = DIRECTION('',(0.449584497349,0.545778141504,0.707106781187));
#9483 = PCURVE('',#1460,#9484);
#9484 = DEFINITIONAL_REPRESENTATION('',(#9485),#9489);
#9485 = LINE('',#9486,#9487);
#9486 = CARTESIAN_POINT('',(-4.18474582358,0.106066017178));
#9487 = VECTOR('',#9488,1.);
#9488 = DIRECTION('',(-3.585492090144E-15,-1.));
#9489 = ( GEOMETRIC_REPRESENTATION_CONTEXT(2) 
PARAMETRIC_REPRESENTATION_CONTEXT() REPRESENTATION_CONTEXT('2D SPACE',''
  ) );
#9490 = PCURVE('',#3807,#9491);
#9491 = DEFINITIONAL_REPRESENTATION('',(#9492),#9496);
#9492 = LINE('',#9493,#9494);
#9493 = CARTESIAN_POINT('',(0.761279937256,7.5E-02));
#9494 = VECTOR('',#9495,1.);
#9495 = DIRECTION('',(-8.141635513918E-15,-1.));
#9496 = ( GEOMETRIC_REPRESENTATION_CONTEXT(2) 
PARAMETRIC_REPRESENTATION_CONTEXT() REPRESENTATION_CONTEXT('2D SPACE',''
  ) );
#9497 = ORIENTED_EDGE('',*,*,#3767,.T.);
#9498 = ORIENTED_EDGE('',*,*,#9429,.F.);
#9499 = ORIENTED_EDGE('',*,*,#1444,.T.);
#9500 = ADVANCED_FACE('',(#9501),#3807,.T.);
#9501 = FACE_BOUND('',#9502,.T.);
#9502 = EDGE_LOOP('',(#9503,#9526,#9527,#9528));
#9503 = ORIENTED_EDGE('',*,*,#9504,.T.);
#9504 = EDGE_CURVE('',#9505,#3791,#9507,.T.);
#9505 = VERTEX_POINT('',#9506);
#9506 = CARTESIAN_POINT('',(-2.007886812574,-6.043875750223,
    1.850247792129));
#9507 = SURFACE_CURVE('',#9508,(#9512,#9519),.PCURVE_S1.);
#9508 = LINE('',#9509,#9510);
#9509 = CARTESIAN_POINT('',(-2.007886812574,-6.043875750223,
    1.850247792129));
#9510 = VECTOR('',#9511,1.);
#9511 = DIRECTION('',(-5.10259667536E-02,0.705263320127,0.707106781187)
  );
#9512 = PCURVE('',#3807,#9513);
#9513 = DEFINITIONAL_REPRESENTATION('',(#9514),#9518);
#9514 = LINE('',#9515,#9516);
#9515 = CARTESIAN_POINT('',(0.,7.5E-02));
#9516 = VECTOR('',#9517,1.);
#9517 = DIRECTION('',(0.,-1.));
#9518 = ( GEOMETRIC_REPRESENTATION_CONTEXT(2) 
PARAMETRIC_REPRESENTATION_CONTEXT() REPRESENTATION_CONTEXT('2D SPACE',''
  ) );
#9519 = PCURVE('',#3835,#9520);
#9520 = DEFINITIONAL_REPRESENTATION('',(#9521),#9525);
#9521 = LINE('',#9522,#9523);
#9522 = CARTESIAN_POINT('',(0.777948675754,0.106066017178));
#9523 = VECTOR('',#9524,1.);
#9524 = DIRECTION('',(3.665828500311E-16,-1.));
#9525 = ( GEOMETRIC_REPRESENTATION_CONTEXT(2) 
PARAMETRIC_REPRESENTATION_CONTEXT() REPRESENTATION_CONTEXT('2D SPACE',''
  ) );
#9526 = ORIENTED_EDGE('',*,*,#3790,.T.);
#9527 = ORIENTED_EDGE('',*,*,#9477,.F.);
#9528 = ORIENTED_EDGE('',*,*,#9529,.T.);
#9529 = EDGE_CURVE('',#1417,#9505,#9530,.T.);
#9530 = SURFACE_CURVE('',#9531,(#9536,#9543),.PCURVE_S1.);
#9531 = CIRCLE('',#9532,1.32);
#9532 = AXIS2_PLACEMENT_3D('',#9533,#9534,#9535);
#9533 = CARTESIAN_POINT('',(-2.10314014334,-4.727317053097,
    1.850247792129));
#9534 = DIRECTION('',(-6.12318272229E-17,3.579918580627E-30,1.));
#9535 = DIRECTION('',(7.216161421613E-02,-0.997392952368,
    4.418587493811E-18));
#9536 = PCURVE('',#3807,#9537);
#9537 = DEFINITIONAL_REPRESENTATION('',(#9538),#9542);
#9538 = LINE('',#9539,#9540);
#9539 = CARTESIAN_POINT('',(6.28318530718,7.5E-02));
#9540 = VECTOR('',#9541,1.);
#9541 = DIRECTION('',(-1.,0.));
#9542 = ( GEOMETRIC_REPRESENTATION_CONTEXT(2) 
PARAMETRIC_REPRESENTATION_CONTEXT() REPRESENTATION_CONTEXT('2D SPACE',''
  ) );
#9543 = PCURVE('',#1432,#9544);
#9544 = DEFINITIONAL_REPRESENTATION('',(#9545),#9549);
#9545 = LINE('',#9546,#9547);
#9546 = CARTESIAN_POINT('',(0.,1.85));
#9547 = VECTOR('',#9548,1.);
#9548 = DIRECTION('',(1.,0.));
#9549 = ( GEOMETRIC_REPRESENTATION_CONTEXT(2) 
PARAMETRIC_REPRESENTATION_CONTEXT() REPRESENTATION_CONTEXT('2D SPACE',''
  ) );
#9550 = ADVANCED_FACE('',(#9551),#3835,.T.);
#9551 = FACE_BOUND('',#9552,.T.);
#9552 = EDGE_LOOP('',(#9553,#9576,#9577,#9578));
#9553 = ORIENTED_EDGE('',*,*,#9554,.T.);
#9554 = EDGE_CURVE('',#9555,#3820,#9557,.T.);
#9555 = VERTEX_POINT('',#9556);
#9556 = CARTESIAN_POINT('',(3.469607858828,-5.647577725046,
    1.850247792129));
#9557 = SURFACE_CURVE('',#9558,(#9562,#9569),.PCURVE_S1.);
#9558 = LINE('',#9559,#9560);
#9559 = CARTESIAN_POINT('',(3.469607858828,-5.647577725046,
    1.850247792129));
#9560 = VECTOR('',#9561,1.);
#9561 = DIRECTION('',(-5.10259667536E-02,0.705263320127,0.707106781187)
  );
#9562 = PCURVE('',#3835,#9563);
#9563 = DEFINITIONAL_REPRESENTATION('',(#9564),#9568);
#9564 = LINE('',#9565,#9566);
#9565 = CARTESIAN_POINT('',(-4.713863411345,0.106066017178));
#9566 = VECTOR('',#9567,1.);
#9567 = DIRECTION('',(7.759775903617E-16,-1.));
#9568 = ( GEOMETRIC_REPRESENTATION_CONTEXT(2) 
PARAMETRIC_REPRESENTATION_CONTEXT() REPRESENTATION_CONTEXT('2D SPACE',''
  ) );
#9569 = PCURVE('',#3864,#9570);
#9570 = DEFINITIONAL_REPRESENTATION('',(#9571),#9575);
#9571 = LINE('',#9572,#9573);
#9572 = CARTESIAN_POINT('',(0.778757370118,7.5E-02));
#9573 = VECTOR('',#9574,1.);
#9574 = DIRECTION('',(-7.401486830834E-16,-1.));
#9575 = ( GEOMETRIC_REPRESENTATION_CONTEXT(2) 
PARAMETRIC_REPRESENTATION_CONTEXT() REPRESENTATION_CONTEXT('2D SPACE',''
  ) );
#9576 = ORIENTED_EDGE('',*,*,#3819,.T.);
#9577 = ORIENTED_EDGE('',*,*,#9504,.F.);
#9578 = ORIENTED_EDGE('',*,*,#9579,.T.);
#9579 = EDGE_CURVE('',#9505,#9555,#9580,.T.);
#9580 = SURFACE_CURVE('',#9581,(#9585,#9592),.PCURVE_S1.);
#9581 = LINE('',#9582,#9583);
#9582 = CARTESIAN_POINT('',(-1.231966286073,-5.987737718003,
    1.850247792129));
#9583 = VECTOR('',#9584,1.);
#9584 = DIRECTION('',(0.997392952368,7.216161421613E-02,
    6.107219293275E-17));
#9585 = PCURVE('',#3835,#9586);
#9586 = DEFINITIONAL_REPRESENTATION('',(#9587),#9591);
#9587 = LINE('',#9588,#9589);
#9588 = CARTESIAN_POINT('',(2.653527689739E-16,0.106066017178));
#9589 = VECTOR('',#9590,1.);
#9590 = DIRECTION('',(-1.,-2.272921422669E-18));
#9591 = ( GEOMETRIC_REPRESENTATION_CONTEXT(2) 
PARAMETRIC_REPRESENTATION_CONTEXT() REPRESENTATION_CONTEXT('2D SPACE',''
  ) );
#9592 = PCURVE('',#9049,#9593);
#9593 = DEFINITIONAL_REPRESENTATION('',(#9594),#9598);
#9594 = LINE('',#9595,#9596);
#9595 = CARTESIAN_POINT('',(0.777948675754,1.85));
#9596 = VECTOR('',#9597,1.);
#9597 = DIRECTION('',(1.,0.));
#9598 = ( GEOMETRIC_REPRESENTATION_CONTEXT(2) 
PARAMETRIC_REPRESENTATION_CONTEXT() REPRESENTATION_CONTEXT('2D SPACE',''
  ) );
#9599 = ADVANCED_FACE('',(#9600),#3864,.T.);
#9600 = FACE_BOUND('',#9601,.T.);
#9601 = EDGE_LOOP('',(#9602,#9625,#9626,#9627));
#9602 = ORIENTED_EDGE('',*,*,#9603,.T.);
#9603 = EDGE_CURVE('',#9604,#3848,#9606,.T.);
#9604 = VERTEX_POINT('',#9605);
#9605 = CARTESIAN_POINT('',(4.162969559706,-5.302667070006,
    1.850247792129));
#9606 = SURFACE_CURVE('',#9607,(#9611,#9618),.PCURVE_S1.);
#9607 = LINE('',#9608,#9609);
#9608 = CARTESIAN_POINT('',(4.162969559706,-5.302667070006,
    1.850247792129));
#9609 = VECTOR('',#9610,1.);
#9610 = DIRECTION('',(-0.531693379014,0.466156787693,0.707106781187));
#9611 = PCURVE('',#3864,#9612);
#9612 = DEFINITIONAL_REPRESENTATION('',(#9613),#9617);
#9613 = LINE('',#9614,#9615);
#9614 = CARTESIAN_POINT('',(0.,7.5E-02));
#9615 = VECTOR('',#9616,1.);
#9616 = DIRECTION('',(0.,-1.));
#9617 = ( GEOMETRIC_REPRESENTATION_CONTEXT(2) 
PARAMETRIC_REPRESENTATION_CONTEXT() REPRESENTATION_CONTEXT('2D SPACE',''
  ) );
#9618 = PCURVE('',#3890,#9619);
#9619 = DEFINITIONAL_REPRESENTATION('',(#9620),#9624);
#9620 = LINE('',#9621,#9622);
#9621 = CARTESIAN_POINT('',(0.271070156116,0.106066017178));
#9622 = VECTOR('',#9623,1.);
#9623 = DIRECTION('',(-1.567377097361E-15,-1.));
#9624 = ( GEOMETRIC_REPRESENTATION_CONTEXT(2) 
PARAMETRIC_REPRESENTATION_CONTEXT() REPRESENTATION_CONTEXT('2D SPACE',''
  ) );
#9625 = ORIENTED_EDGE('',*,*,#3847,.T.);
#9626 = ORIENTED_EDGE('',*,*,#9554,.F.);
#9627 = ORIENTED_EDGE('',*,*,#9628,.T.);
#9628 = EDGE_CURVE('',#9555,#9604,#9629,.T.);
#9629 = SURFACE_CURVE('',#9630,(#9635,#9642),.PCURVE_S1.);
#9630 = CIRCLE('',#9631,1.02);
#9631 = AXIS2_PLACEMENT_3D('',#9632,#9633,#9634);
#9632 = CARTESIAN_POINT('',(3.396003012328,-4.630236913631,
    1.850247792129));
#9633 = DIRECTION('',(-6.12318272229E-17,3.593014904249E-30,1.));
#9634 = DIRECTION('',(0.751927987626,-0.659245251348,4.604192462237E-17)
  );
#9635 = PCURVE('',#3864,#9636);
#9636 = DEFINITIONAL_REPRESENTATION('',(#9637),#9641);
#9637 = LINE('',#9638,#9639);
#9638 = CARTESIAN_POINT('',(6.28318530718,7.5E-02));
#9639 = VECTOR('',#9640,1.);
#9640 = DIRECTION('',(-1.,0.));
#9641 = ( GEOMETRIC_REPRESENTATION_CONTEXT(2) 
PARAMETRIC_REPRESENTATION_CONTEXT() REPRESENTATION_CONTEXT('2D SPACE',''
  ) );
#9642 = PCURVE('',#9021,#9643);
#9643 = DEFINITIONAL_REPRESENTATION('',(#9644),#9648);
#9644 = LINE('',#9645,#9646);
#9645 = CARTESIAN_POINT('',(-8.881784197001E-16,1.85));
#9646 = VECTOR('',#9647,1.);
#9647 = DIRECTION('',(1.,0.));
#9648 = ( GEOMETRIC_REPRESENTATION_CONTEXT(2) 
PARAMETRIC_REPRESENTATION_CONTEXT() REPRESENTATION_CONTEXT('2D SPACE',''
  ) );
#9649 = ADVANCED_FACE('',(#9650),#3890,.T.);
#9650 = FACE_BOUND('',#9651,.T.);
#9651 = EDGE_LOOP('',(#9652,#9653,#9654,#9675));
#9652 = ORIENTED_EDGE('',*,*,#3876,.T.);
#9653 = ORIENTED_EDGE('',*,*,#9603,.F.);
#9654 = ORIENTED_EDGE('',*,*,#9655,.T.);
#9655 = EDGE_CURVE('',#9604,#1088,#9656,.T.);
#9656 = SURFACE_CURVE('',#9657,(#9661,#9668),.PCURVE_S1.);
#9657 = LINE('',#9658,#9659);
#9658 = CARTESIAN_POINT('',(4.341671272908,-5.098841833012,
    1.850247792129));
#9659 = VECTOR('',#9660,1.);
#9660 = DIRECTION('',(0.659245251348,0.751927987626,4.036679132806E-17)
  );
#9661 = PCURVE('',#3890,#9662);
#9662 = DEFINITIONAL_REPRESENTATION('',(#9663),#9667);
#9663 = LINE('',#9664,#9665);
#9664 = CARTESIAN_POINT('',(-5.844948681471E-15,0.106066017178));
#9665 = VECTOR('',#9666,1.);
#9666 = DIRECTION('',(-1.,-7.354031852569E-17));
#9667 = ( GEOMETRIC_REPRESENTATION_CONTEXT(2) 
PARAMETRIC_REPRESENTATION_CONTEXT() REPRESENTATION_CONTEXT('2D SPACE',''
  ) );
#9668 = PCURVE('',#1132,#9669);
#9669 = DEFINITIONAL_REPRESENTATION('',(#9670),#9674);
#9670 = LINE('',#9671,#9672);
#9671 = CARTESIAN_POINT('',(0.271070156116,1.85));
#9672 = VECTOR('',#9673,1.);
#9673 = DIRECTION('',(1.,0.));
#9674 = ( GEOMETRIC_REPRESENTATION_CONTEXT(2) 
PARAMETRIC_REPRESENTATION_CONTEXT() REPRESENTATION_CONTEXT('2D SPACE',''
  ) );
#9675 = ORIENTED_EDGE('',*,*,#9306,.F.);
#9676 = ADVANCED_FACE('',(#9677),#1132,.T.);
#9677 = FACE_BOUND('',#9678,.T.);
#9678 = EDGE_LOOP('',(#9679,#9680,#9701,#9702,#9703,#9704));
#9679 = ORIENTED_EDGE('',*,*,#9655,.F.);
#9680 = ORIENTED_EDGE('',*,*,#9681,.F.);
#9681 = EDGE_CURVE('',#8978,#9604,#9682,.T.);
#9682 = SURFACE_CURVE('',#9683,(#9687,#9694),.PCURVE_S1.);
#9683 = LINE('',#9684,#9685);
#9684 = CARTESIAN_POINT('',(4.162969559706,-5.302667070006,
    2.477921290875E-04));
#9685 = VECTOR('',#9686,1.);
#9686 = DIRECTION('',(-6.12318272229E-17,3.583545125319E-30,1.));
#9687 = PCURVE('',#1132,#9688);
#9688 = DEFINITIONAL_REPRESENTATION('',(#9689),#9693);
#9689 = LINE('',#9690,#9691);
#9690 = CARTESIAN_POINT('',(0.,0.));
#9691 = VECTOR('',#9692,1.);
#9692 = DIRECTION('',(0.,1.));
#9693 = ( GEOMETRIC_REPRESENTATION_CONTEXT(2) 
PARAMETRIC_REPRESENTATION_CONTEXT() REPRESENTATION_CONTEXT('2D SPACE',''
  ) );
#9694 = PCURVE('',#9021,#9695);
#9695 = DEFINITIONAL_REPRESENTATION('',(#9696),#9700);
#9696 = LINE('',#9697,#9698);
#9697 = CARTESIAN_POINT('',(6.28318530718,0.));
#9698 = VECTOR('',#9699,1.);
#9699 = DIRECTION('',(0.,1.));
#9700 = ( GEOMETRIC_REPRESENTATION_CONTEXT(2) 
PARAMETRIC_REPRESENTATION_CONTEXT() REPRESENTATION_CONTEXT('2D SPACE',''
  ) );
#9701 = ORIENTED_EDGE('',*,*,#8977,.T.);
#9702 = ORIENTED_EDGE('',*,*,#1931,.T.);
#9703 = ORIENTED_EDGE('',*,*,#2178,.F.);
#9704 = ORIENTED_EDGE('',*,*,#1116,.T.);
#9705 = ADVANCED_FACE('',(#9706),#9021,.T.);
#9706 = FACE_BOUND('',#9707,.T.);
#9707 = EDGE_LOOP('',(#9708,#9709,#9730,#9731));
#9708 = ORIENTED_EDGE('',*,*,#9628,.F.);
#9709 = ORIENTED_EDGE('',*,*,#9710,.F.);
#9710 = EDGE_CURVE('',#9001,#9555,#9711,.T.);
#9711 = SURFACE_CURVE('',#9712,(#9716,#9723),.PCURVE_S1.);
#9712 = LINE('',#9713,#9714);
#9713 = CARTESIAN_POINT('',(3.469607858828,-5.647577725046,
    2.477921290874E-04));
#9714 = VECTOR('',#9715,1.);
#9715 = DIRECTION('',(-6.12318272229E-17,3.583545125319E-30,1.));
#9716 = PCURVE('',#9021,#9717);
#9717 = DEFINITIONAL_REPRESENTATION('',(#9718),#9722);
#9718 = LINE('',#9719,#9720);
#9719 = CARTESIAN_POINT('',(5.504427937062,0.));
#9720 = VECTOR('',#9721,1.);
#9721 = DIRECTION('',(0.,1.));
#9722 = ( GEOMETRIC_REPRESENTATION_CONTEXT(2) 
PARAMETRIC_REPRESENTATION_CONTEXT() REPRESENTATION_CONTEXT('2D SPACE',''
  ) );
#9723 = PCURVE('',#9049,#9724);
#9724 = DEFINITIONAL_REPRESENTATION('',(#9725),#9729);
#9725 = LINE('',#9726,#9727);
#9726 = CARTESIAN_POINT('',(5.491812087098,-7.327286743298E-18));
#9727 = VECTOR('',#9728,1.);
#9728 = DIRECTION('',(0.,1.));
#9729 = ( GEOMETRIC_REPRESENTATION_CONTEXT(2) 
PARAMETRIC_REPRESENTATION_CONTEXT() REPRESENTATION_CONTEXT('2D SPACE',''
  ) );
#9730 = ORIENTED_EDGE('',*,*,#9000,.T.);
#9731 = ORIENTED_EDGE('',*,*,#9681,.T.);
#9732 = ADVANCED_FACE('',(#9733),#9049,.T.);
#9733 = FACE_BOUND('',#9734,.T.);
#9734 = EDGE_LOOP('',(#9735,#9736,#9757,#9758));
#9735 = ORIENTED_EDGE('',*,*,#9579,.F.);
#9736 = ORIENTED_EDGE('',*,*,#9737,.F.);
#9737 = EDGE_CURVE('',#9034,#9505,#9738,.T.);
#9738 = SURFACE_CURVE('',#9739,(#9743,#9750),.PCURVE_S1.);
#9739 = LINE('',#9740,#9741);
#9740 = CARTESIAN_POINT('',(-2.007886812574,-6.043875750223,
    2.477921290871E-04));
#9741 = VECTOR('',#9742,1.);
#9742 = DIRECTION('',(-6.12318272229E-17,3.583545125319E-30,1.));
#9743 = PCURVE('',#9049,#9744);
#9744 = DEFINITIONAL_REPRESENTATION('',(#9745),#9749);
#9745 = LINE('',#9746,#9747);
#9746 = CARTESIAN_POINT('',(0.,0.));
#9747 = VECTOR('',#9748,1.);
#9748 = DIRECTION('',(0.,1.));
#9749 = ( GEOMETRIC_REPRESENTATION_CONTEXT(2) 
PARAMETRIC_REPRESENTATION_CONTEXT() REPRESENTATION_CONTEXT('2D SPACE',''
  ) );
#9750 = PCURVE('',#1432,#9751);
#9751 = DEFINITIONAL_REPRESENTATION('',(#9752),#9756);
#9752 = LINE('',#9753,#9754);
#9753 = CARTESIAN_POINT('',(6.28318530718,0.));
#9754 = VECTOR('',#9755,1.);
#9755 = DIRECTION('',(0.,1.));
#9756 = ( GEOMETRIC_REPRESENTATION_CONTEXT(2) 
PARAMETRIC_REPRESENTATION_CONTEXT() REPRESENTATION_CONTEXT('2D SPACE',''
  ) );
#9757 = ORIENTED_EDGE('',*,*,#9033,.T.);
#9758 = ORIENTED_EDGE('',*,*,#9710,.T.);
#9759 = ADVANCED_FACE('',(#9760),#1432,.T.);
#9760 = FACE_BOUND('',#9761,.T.);
#9761 = EDGE_LOOP('',(#9762,#9763,#9764,#9765));
#9762 = ORIENTED_EDGE('',*,*,#9529,.F.);
#9763 = ORIENTED_EDGE('',*,*,#1416,.F.);
#9764 = ORIENTED_EDGE('',*,*,#9061,.T.);
#9765 = ORIENTED_EDGE('',*,*,#9737,.T.);
#9766 = ADVANCED_FACE('',(#9767),#638,.T.);
#9767 = FACE_BOUND('',#9768,.T.);
#9768 = EDGE_LOOP('',(#9769,#9770,#9771,#9797));
#9769 = ORIENTED_EDGE('',*,*,#9452,.F.);
#9770 = ORIENTED_EDGE('',*,*,#622,.F.);
#9771 = ORIENTED_EDGE('',*,*,#9772,.T.);
#9772 = EDGE_CURVE('',#595,#1473,#9773,.T.);
#9773 = SURFACE_CURVE('',#9774,(#9779,#9786),.PCURVE_S1.);
#9774 = CIRCLE('',#9775,0.92);
#9775 = AXIS2_PLACEMENT_3D('',#9776,#9777,#9778);
#9776 = CARTESIAN_POINT('',(-7.311870311144,-0.954865455504,
    1.600247792129));
#9777 = DIRECTION('',(-6.12318272229E-17,3.593014904249E-30,1.));
#9778 = DIRECTION('',(-0.635808493584,-0.771846849761,-3.8931715826E-17)
  );
#9779 = PCURVE('',#638,#9780);
#9780 = DEFINITIONAL_REPRESENTATION('',(#9781),#9785);
#9781 = LINE('',#9782,#9783);
#9782 = CARTESIAN_POINT('',(0.,1.6));
#9783 = VECTOR('',#9784,1.);
#9784 = DIRECTION('',(1.,0.));
#9785 = ( GEOMETRIC_REPRESENTATION_CONTEXT(2) 
PARAMETRIC_REPRESENTATION_CONTEXT() REPRESENTATION_CONTEXT('2D SPACE',''
  ) );
#9786 = PCURVE('',#610,#9787);
#9787 = DEFINITIONAL_REPRESENTATION('',(#9788),#9796);
#9788 = ( BOUNDED_CURVE() B_SPLINE_CURVE(2,(#9789,#9790,#9791,#9792,
#9793,#9794,#9795),.UNSPECIFIED.,.T.,.F.) B_SPLINE_CURVE_WITH_KNOTS((1,2
    ,2,2,2,1),(-2.094395102393,0.,2.094395102393,4.188790204786,
6.28318530718,8.377580409573),.UNSPECIFIED.) CURVE() 
GEOMETRIC_REPRESENTATION_ITEM() RATIONAL_B_SPLINE_CURVE((1.,0.5,1.,0.5,
1.,0.5,1.)) REPRESENTATION_ITEM('') );
#9789 = CARTESIAN_POINT('',(-0.71009910178,-0.584943814097));
#9790 = CARTESIAN_POINT('',(-1.72325150737,0.644983908595));
#9791 = CARTESIAN_POINT('',(-0.151526651905,0.907435768395));
#9792 = CARTESIAN_POINT('',(1.42019820356,1.169887628195));
#9793 = CARTESIAN_POINT('',(0.861625753685,-0.322491954297));
#9794 = CARTESIAN_POINT('',(0.30305330381,-1.81487153679));
#9795 = CARTESIAN_POINT('',(-0.71009910178,-0.584943814097));
#9796 = ( GEOMETRIC_REPRESENTATION_CONTEXT(2) 
PARAMETRIC_REPRESENTATION_CONTEXT() REPRESENTATION_CONTEXT('2D SPACE',''
  ) );
#9797 = ORIENTED_EDGE('',*,*,#1472,.T.);
#9798 = ADVANCED_FACE('',(#9799),#284,.T.);
#9799 = FACE_BOUND('',#9800,.T.);
#9800 = EDGE_LOOP('',(#9801,#9802,#9823,#9824));
#9801 = ORIENTED_EDGE('',*,*,#9403,.F.);
#9802 = ORIENTED_EDGE('',*,*,#9803,.T.);
#9803 = EDGE_CURVE('',#9381,#268,#9804,.T.);
#9804 = SURFACE_CURVE('',#9805,(#9809,#9816),.PCURVE_S1.);
#9805 = LINE('',#9806,#9807);
#9806 = CARTESIAN_POINT('',(-1.249766583468,5.855437931387,
    2.477921290872E-04));
#9807 = VECTOR('',#9808,1.);
#9808 = DIRECTION('',(6.12318272229E-17,-3.583545125319E-30,-1.));
#9809 = PCURVE('',#284,#9810);
#9810 = DEFINITIONAL_REPRESENTATION('',(#9811),#9815);
#9811 = LINE('',#9812,#9813);
#9812 = CARTESIAN_POINT('',(5.7855805077,0.));
#9813 = VECTOR('',#9814,1.);
#9814 = DIRECTION('',(0.,-1.));
#9815 = ( GEOMETRIC_REPRESENTATION_CONTEXT(2) 
PARAMETRIC_REPRESENTATION_CONTEXT() REPRESENTATION_CONTEXT('2D SPACE',''
  ) );
#9816 = PCURVE('',#312,#9817);
#9817 = DEFINITIONAL_REPRESENTATION('',(#9818),#9822);
#9818 = LINE('',#9819,#9820);
#9819 = CARTESIAN_POINT('',(0.571263684651,-1.469569687807E-17));
#9820 = VECTOR('',#9821,1.);
#9821 = DIRECTION('',(3.08148791102E-33,-1.));
#9822 = ( GEOMETRIC_REPRESENTATION_CONTEXT(2) 
PARAMETRIC_REPRESENTATION_CONTEXT() REPRESENTATION_CONTEXT('2D SPACE',''
  ) );
#9823 = ORIENTED_EDGE('',*,*,#267,.F.);
#9824 = ORIENTED_EDGE('',*,*,#678,.T.);
#9825 = ADVANCED_FACE('',(#9826),#312,.F.);
#9826 = FACE_BOUND('',#9827,.T.);
#9827 = EDGE_LOOP('',(#9828,#9829,#9830,#9851,#9852));
#9828 = ORIENTED_EDGE('',*,*,#9380,.F.);
#9829 = ORIENTED_EDGE('',*,*,#3663,.F.);
#9830 = ORIENTED_EDGE('',*,*,#9831,.F.);
#9831 = EDGE_CURVE('',#297,#3640,#9832,.T.);
#9832 = SURFACE_CURVE('',#9833,(#9837,#9844),.PCURVE_S1.);
#9833 = LINE('',#9834,#9835);
#9834 = CARTESIAN_POINT('',(-1.383650492278,5.029273886626,
    2.477921290871E-04));
#9835 = VECTOR('',#9836,1.);
#9836 = DIRECTION('',(-6.12318272229E-17,3.583545125319E-30,1.));
#9837 = PCURVE('',#312,#9838);
#9838 = DEFINITIONAL_REPRESENTATION('',(#9839),#9843);
#9839 = LINE('',#9840,#9841);
#9840 = CARTESIAN_POINT('',(1.408205695721,-3.622594014346E-17));
#9841 = VECTOR('',#9842,1.);
#9842 = DIRECTION('',(-3.08148791102E-33,1.));
#9843 = ( GEOMETRIC_REPRESENTATION_CONTEXT(2) 
PARAMETRIC_REPRESENTATION_CONTEXT() REPRESENTATION_CONTEXT('2D SPACE',''
  ) );
#9844 = PCURVE('',#345,#9845);
#9845 = DEFINITIONAL_REPRESENTATION('',(#9846),#9850);
#9846 = LINE('',#9847,#9848);
#9847 = CARTESIAN_POINT('',(3.28639999187,0.));
#9848 = VECTOR('',#9849,1.);
#9849 = DIRECTION('',(0.,1.));
#9850 = ( GEOMETRIC_REPRESENTATION_CONTEXT(2) 
PARAMETRIC_REPRESENTATION_CONTEXT() REPRESENTATION_CONTEXT('2D SPACE',''
  ) );
#9851 = ORIENTED_EDGE('',*,*,#296,.F.);
#9852 = ORIENTED_EDGE('',*,*,#9803,.F.);
#9853 = ADVANCED_FACE('',(#9854,#9885),#9867,.T.);
#9854 = FACE_BOUND('',#9855,.T.);
#9855 = EDGE_LOOP('',(#9856));
#9856 = ORIENTED_EDGE('',*,*,#9857,.T.);
#9857 = EDGE_CURVE('',#9858,#9858,#9860,.T.);
#9858 = VERTEX_POINT('',#9859);
#9859 = CARTESIAN_POINT('',(-8.211870311144,4.344212190404,
    1.600247792129));
#9860 = SURFACE_CURVE('',#9861,(#9866,#9878),.PCURVE_S1.);
#9861 = CIRCLE('',#9862,0.9);
#9862 = AXIS2_PLACEMENT_3D('',#9863,#9864,#9865);
#9863 = CARTESIAN_POINT('',(-7.311870311144,4.344212190404,
    1.600247792129));
#9864 = DIRECTION('',(-6.12318272229E-17,3.583545125319E-30,1.));
#9865 = DIRECTION('',(1.,2.22044604925E-16,6.12318272229E-17));
#9866 = PCURVE('',#9867,#9872);
#9867 = PLANE('',#9868);
#9868 = AXIS2_PLACEMENT_3D('',#9869,#9870,#9871);
#9869 = CARTESIAN_POINT('',(-7.311870311144,4.344212190404,
    1.600247792129));
#9870 = DIRECTION('',(-6.12318272229E-17,3.583545125319E-30,1.));
#9871 = DIRECTION('',(1.,2.22044604925E-16,6.12318272229E-17));
#9872 = DEFINITIONAL_REPRESENTATION('',(#9873),#9877);
#9873 = CIRCLE('',#9874,0.9);
#9874 = AXIS2_PLACEMENT_2D('',#9875,#9876);
#9875 = CARTESIAN_POINT('',(0.,0.));
#9876 = DIRECTION('',(1.,-7.928682086825E-48));
#9877 = ( GEOMETRIC_REPRESENTATION_CONTEXT(2) 
PARAMETRIC_REPRESENTATION_CONTEXT() REPRESENTATION_CONTEXT('2D SPACE',''
  ) );
#9878 = PCURVE('',#4546,#9879);
#9879 = DEFINITIONAL_REPRESENTATION('',(#9880),#9884);
#9880 = LINE('',#9881,#9882);
#9881 = CARTESIAN_POINT('',(-6.28318530718,-0.2));
#9882 = VECTOR('',#9883,1.);
#9883 = DIRECTION('',(1.,0.));
#9884 = ( GEOMETRIC_REPRESENTATION_CONTEXT(2) 
PARAMETRIC_REPRESENTATION_CONTEXT() REPRESENTATION_CONTEXT('2D SPACE',''
  ) );
#9885 = FACE_BOUND('',#9886,.T.);
#9886 = EDGE_LOOP('',(#9887));
#9887 = ORIENTED_EDGE('',*,*,#9888,.F.);
#9888 = EDGE_CURVE('',#9889,#9889,#9891,.T.);
#9889 = VERTEX_POINT('',#9890);
#9890 = CARTESIAN_POINT('',(-7.916370311144,4.344212190404,
    1.600247792129));
#9891 = SURFACE_CURVE('',#9892,(#9897,#9904),.PCURVE_S1.);
#9892 = CIRCLE('',#9893,0.6045);
#9893 = AXIS2_PLACEMENT_3D('',#9894,#9895,#9896);
#9894 = CARTESIAN_POINT('',(-7.311870311144,4.344212190404,
    1.600247792129));
#9895 = DIRECTION('',(-6.12318272229E-17,3.583545125319E-30,1.));
#9896 = DIRECTION('',(1.,2.22044604925E-16,6.12318272229E-17));
#9897 = PCURVE('',#9867,#9898);
#9898 = DEFINITIONAL_REPRESENTATION('',(#9899),#9903);
#9899 = CIRCLE('',#9900,0.6045);
#9900 = AXIS2_PLACEMENT_2D('',#9901,#9902);
#9901 = CARTESIAN_POINT('',(0.,0.));
#9902 = DIRECTION('',(1.,-7.928682086825E-48));
#9903 = ( GEOMETRIC_REPRESENTATION_CONTEXT(2) 
PARAMETRIC_REPRESENTATION_CONTEXT() REPRESENTATION_CONTEXT('2D SPACE',''
  ) );
#9904 = PCURVE('',#534,#9905);
#9905 = DEFINITIONAL_REPRESENTATION('',(#9906),#9910);
#9906 = LINE('',#9907,#9908);
#9907 = CARTESIAN_POINT('',(0.,1.6));
#9908 = VECTOR('',#9909,1.);
#9909 = DIRECTION('',(1.,0.));
#9910 = ( GEOMETRIC_REPRESENTATION_CONTEXT(2) 
PARAMETRIC_REPRESENTATION_CONTEXT() REPRESENTATION_CONTEXT('2D SPACE',''
  ) );
#9911 = ADVANCED_FACE('',(#9912),#4546,.F.);
#9912 = FACE_BOUND('',#9913,.F.);
#9913 = EDGE_LOOP('',(#9914,#9935,#9936,#9937));
#9914 = ORIENTED_EDGE('',*,*,#9915,.T.);
#9915 = EDGE_CURVE('',#4530,#9858,#9916,.T.);
#9916 = SEAM_CURVE('',#9917,(#9921,#9928),.PCURVE_S1.);
#9917 = LINE('',#9918,#9919);
#9918 = CARTESIAN_POINT('',(-8.211870311144,4.344212190404,
    1.800247792129));
#9919 = VECTOR('',#9920,1.);
#9920 = DIRECTION('',(6.12318272229E-17,-3.583545125319E-30,-1.));
#9921 = PCURVE('',#4546,#9922);
#9922 = DEFINITIONAL_REPRESENTATION('',(#9923),#9927);
#9923 = LINE('',#9924,#9925);
#9924 = CARTESIAN_POINT('',(-3.14159265359,0.));
#9925 = VECTOR('',#9926,1.);
#9926 = DIRECTION('',(0.,-1.));
#9927 = ( GEOMETRIC_REPRESENTATION_CONTEXT(2) 
PARAMETRIC_REPRESENTATION_CONTEXT() REPRESENTATION_CONTEXT('2D SPACE',''
  ) );
#9928 = PCURVE('',#4546,#9929);
#9929 = DEFINITIONAL_REPRESENTATION('',(#9930),#9934);
#9930 = LINE('',#9931,#9932);
#9931 = CARTESIAN_POINT('',(3.14159265359,0.));
#9932 = VECTOR('',#9933,1.);
#9933 = DIRECTION('',(0.,-1.));
#9934 = ( GEOMETRIC_REPRESENTATION_CONTEXT(2) 
PARAMETRIC_REPRESENTATION_CONTEXT() REPRESENTATION_CONTEXT('2D SPACE',''
  ) );
#9935 = ORIENTED_EDGE('',*,*,#9857,.T.);
#9936 = ORIENTED_EDGE('',*,*,#9915,.F.);
#9937 = ORIENTED_EDGE('',*,*,#4529,.T.);
#9938 = ADVANCED_FACE('',(#9939,#9970),#9952,.T.);
#9939 = FACE_BOUND('',#9940,.T.);
#9940 = EDGE_LOOP('',(#9941));
#9941 = ORIENTED_EDGE('',*,*,#9942,.T.);
#9942 = EDGE_CURVE('',#9943,#9943,#9945,.T.);
#9943 = VERTEX_POINT('',#9944);
#9944 = CARTESIAN_POINT('',(6.11361043712,-0.23099358952,1.600247792129)
  );
#9945 = SURFACE_CURVE('',#9946,(#9951,#9963),.PCURVE_S1.);
#9946 = CIRCLE('',#9947,0.9);
#9947 = AXIS2_PLACEMENT_3D('',#9948,#9949,#9950);
#9948 = CARTESIAN_POINT('',(7.01361043712,-0.23099358952,1.600247792129)
  );
#9949 = DIRECTION('',(-6.12318272229E-17,3.583545125319E-30,1.));
#9950 = DIRECTION('',(1.,2.22044604925E-16,6.12318272229E-17));
#9951 = PCURVE('',#9952,#9957);
#9952 = PLANE('',#9953);
#9953 = AXIS2_PLACEMENT_3D('',#9954,#9955,#9956);
#9954 = CARTESIAN_POINT('',(7.01361043712,-0.23099358952,1.600247792129)
  );
#9955 = DIRECTION('',(-6.12318272229E-17,3.583545125319E-30,1.));
#9956 = DIRECTION('',(1.,2.22044604925E-16,6.12318272229E-17));
#9957 = DEFINITIONAL_REPRESENTATION('',(#9958),#9962);
#9958 = CIRCLE('',#9959,0.9);
#9959 = AXIS2_PLACEMENT_2D('',#9960,#9961);
#9960 = CARTESIAN_POINT('',(0.,0.));
#9961 = DIRECTION('',(1.,-7.928682086825E-48));
#9962 = ( GEOMETRIC_REPRESENTATION_CONTEXT(2) 
PARAMETRIC_REPRESENTATION_CONTEXT() REPRESENTATION_CONTEXT('2D SPACE',''
  ) );
#9963 = PCURVE('',#4515,#9964);
#9964 = DEFINITIONAL_REPRESENTATION('',(#9965),#9969);
#9965 = LINE('',#9966,#9967);
#9966 = CARTESIAN_POINT('',(-6.28318530718,-0.2));
#9967 = VECTOR('',#9968,1.);
#9968 = DIRECTION('',(1.,0.));
#9969 = ( GEOMETRIC_REPRESENTATION_CONTEXT(2) 
PARAMETRIC_REPRESENTATION_CONTEXT() REPRESENTATION_CONTEXT('2D SPACE',''
  ) );
#9970 = FACE_BOUND('',#9971,.T.);
#9971 = EDGE_LOOP('',(#9972));
#9972 = ORIENTED_EDGE('',*,*,#9973,.F.);
#9973 = EDGE_CURVE('',#9974,#9974,#9976,.T.);
#9974 = VERTEX_POINT('',#9975);
#9975 = CARTESIAN_POINT('',(6.40911043712,-0.23099358952,1.600247792129)
  );
#9976 = SURFACE_CURVE('',#9977,(#9982,#9989),.PCURVE_S1.);
#9977 = CIRCLE('',#9978,0.6045);
#9978 = AXIS2_PLACEMENT_3D('',#9979,#9980,#9981);
#9979 = CARTESIAN_POINT('',(7.01361043712,-0.23099358952,1.600247792129)
  );
#9980 = DIRECTION('',(-6.12318272229E-17,3.583545125319E-30,1.));
#9981 = DIRECTION('',(1.,2.22044604925E-16,6.12318272229E-17));
#9982 = PCURVE('',#9952,#9983);
#9983 = DEFINITIONAL_REPRESENTATION('',(#9984),#9988);
#9984 = CIRCLE('',#9985,0.6045);
#9985 = AXIS2_PLACEMENT_2D('',#9986,#9987);
#9986 = CARTESIAN_POINT('',(0.,0.));
#9987 = DIRECTION('',(1.,-7.928682086825E-48));
#9988 = ( GEOMETRIC_REPRESENTATION_CONTEXT(2) 
PARAMETRIC_REPRESENTATION_CONTEXT() REPRESENTATION_CONTEXT('2D SPACE',''
  ) );
#9989 = PCURVE('',#2224,#9990);
#9990 = DEFINITIONAL_REPRESENTATION('',(#9991),#9995);
#9991 = LINE('',#9992,#9993);
#9992 = CARTESIAN_POINT('',(0.,1.6));
#9993 = VECTOR('',#9994,1.);
#9994 = DIRECTION('',(1.,0.));
#9995 = ( GEOMETRIC_REPRESENTATION_CONTEXT(2) 
PARAMETRIC_REPRESENTATION_CONTEXT() REPRESENTATION_CONTEXT('2D SPACE',''
  ) );
#9996 = ADVANCED_FACE('',(#9997),#4515,.F.);
#9997 = FACE_BOUND('',#9998,.F.);
#9998 = EDGE_LOOP('',(#9999,#10020,#10021,#10022));
#9999 = ORIENTED_EDGE('',*,*,#10000,.T.);
#10000 = EDGE_CURVE('',#4499,#9943,#10001,.T.);
#10001 = SEAM_CURVE('',#10002,(#10006,#10013),.PCURVE_S1.);
#10002 = LINE('',#10003,#10004);
#10003 = CARTESIAN_POINT('',(6.11361043712,-0.23099358952,1.800247792129
    ));
#10004 = VECTOR('',#10005,1.);
#10005 = DIRECTION('',(6.12318272229E-17,-3.583545125319E-30,-1.));
#10006 = PCURVE('',#4515,#10007);
#10007 = DEFINITIONAL_REPRESENTATION('',(#10008),#10012);
#10008 = LINE('',#10009,#10010);
#10009 = CARTESIAN_POINT('',(-3.14159265359,0.));
#10010 = VECTOR('',#10011,1.);
#10011 = DIRECTION('',(0.,-1.));
#10012 = ( GEOMETRIC_REPRESENTATION_CONTEXT(2) 
PARAMETRIC_REPRESENTATION_CONTEXT() REPRESENTATION_CONTEXT('2D SPACE',''
  ) );
#10013 = PCURVE('',#4515,#10014);
#10014 = DEFINITIONAL_REPRESENTATION('',(#10015),#10019);
#10015 = LINE('',#10016,#10017);
#10016 = CARTESIAN_POINT('',(3.14159265359,0.));
#10017 = VECTOR('',#10018,1.);
#10018 = DIRECTION('',(0.,-1.));
#10019 = ( GEOMETRIC_REPRESENTATION_CONTEXT(2) 
PARAMETRIC_REPRESENTATION_CONTEXT() REPRESENTATION_CONTEXT('2D SPACE',''
  ) );
#10020 = ORIENTED_EDGE('',*,*,#9942,.T.);
#10021 = ORIENTED_EDGE('',*,*,#10000,.F.);
#10022 = ORIENTED_EDGE('',*,*,#4498,.T.);
#10023 = ADVANCED_FACE('',(#10024),#373,.F.);
#10024 = FACE_BOUND('',#10025,.T.);
#10025 = EDGE_LOOP('',(#10026,#10027,#10028,#10029,#10050));
#10026 = ORIENTED_EDGE('',*,*,#9284,.F.);
#10027 = ORIENTED_EDGE('',*,*,#1064,.F.);
#10028 = ORIENTED_EDGE('',*,*,#357,.F.);
#10029 = ORIENTED_EDGE('',*,*,#10030,.T.);
#10030 = EDGE_CURVE('',#325,#3617,#10031,.T.);
#10031 = SURFACE_CURVE('',#10032,(#10036,#10043),.PCURVE_S1.);
#10032 = LINE('',#10033,#10034);
#10033 = CARTESIAN_POINT('',(0.595995351301,4.55935462721,
    2.477921290873E-04));
#10034 = VECTOR('',#10035,1.);
#10035 = DIRECTION('',(-6.12318272229E-17,3.583545125319E-30,1.));
#10036 = PCURVE('',#373,#10037);
#10037 = DEFINITIONAL_REPRESENTATION('',(#10038),#10042);
#10038 = LINE('',#10039,#10040);
#10039 = CARTESIAN_POINT('',(0.,0.));
#10040 = VECTOR('',#10041,1.);
#10041 = DIRECTION('',(-6.162975822039E-33,1.));
#10042 = ( GEOMETRIC_REPRESENTATION_CONTEXT(2) 
PARAMETRIC_REPRESENTATION_CONTEXT() REPRESENTATION_CONTEXT('2D SPACE',''
  ) );
#10043 = PCURVE('',#345,#10044);
#10044 = DEFINITIONAL_REPRESENTATION('',(#10045),#10049);
#10045 = LINE('',#10046,#10047);
#10046 = CARTESIAN_POINT('',(6.28318530718,0.));
#10047 = VECTOR('',#10048,1.);
#10048 = DIRECTION('',(0.,1.));
#10049 = ( GEOMETRIC_REPRESENTATION_CONTEXT(2) 
PARAMETRIC_REPRESENTATION_CONTEXT() REPRESENTATION_CONTEXT('2D SPACE',''
  ) );
#10050 = ORIENTED_EDGE('',*,*,#3616,.F.);
#10051 = ADVANCED_FACE('',(#10052),#345,.F.);
#10052 = FACE_BOUND('',#10053,.F.);
#10053 = EDGE_LOOP('',(#10054,#10055,#10056,#10057));
#10054 = ORIENTED_EDGE('',*,*,#9831,.F.);
#10055 = ORIENTED_EDGE('',*,*,#324,.T.);
#10056 = ORIENTED_EDGE('',*,*,#10030,.T.);
#10057 = ORIENTED_EDGE('',*,*,#3639,.T.);
#10058 = ADVANCED_FACE('',(#10059),#1532,.F.);
#10059 = FACE_BOUND('',#10060,.F.);
#10060 = EDGE_LOOP('',(#10061,#10089,#10090,#10091));
#10061 = ORIENTED_EDGE('',*,*,#10062,.F.);
#10062 = EDGE_CURVE('',#1496,#10063,#10065,.T.);
#10063 = VERTEX_POINT('',#10064);
#10064 = CARTESIAN_POINT('',(-6.658825223586,-2.078934898917,
    1.600247792129));
#10065 = SURFACE_CURVE('',#10066,(#10071,#10078),.PCURVE_S1.);
#10066 = CIRCLE('',#10067,6.);
#10067 = AXIS2_PLACEMENT_3D('',#10068,#10069,#10070);
#10068 = CARTESIAN_POINT('',(-11.6959323545,-5.338927498861,
    1.600247792129));
#10069 = DIRECTION('',(-6.12318272229E-17,3.583545125319E-30,1.));
#10070 = DIRECTION('',(-1.,-2.22044604925E-16,-6.12318272229E-17));
#10071 = PCURVE('',#1532,#10072);
#10072 = DEFINITIONAL_REPRESENTATION('',(#10073),#10077);
#10073 = LINE('',#10074,#10075);
#10074 = CARTESIAN_POINT('',(-4.440892098501E-16,1.6));
#10075 = VECTOR('',#10076,1.);
#10076 = DIRECTION('',(1.,0.));
#10077 = ( GEOMETRIC_REPRESENTATION_CONTEXT(2) 
PARAMETRIC_REPRESENTATION_CONTEXT() REPRESENTATION_CONTEXT('2D SPACE',''
  ) );
#10078 = PCURVE('',#610,#10079);
#10079 = DEFINITIONAL_REPRESENTATION('',(#10080),#10088);
#10080 = ( BOUNDED_CURVE() B_SPLINE_CURVE(2,(#10081,#10082,#10083,#10084
    ,#10085,#10086,#10087),.UNSPECIFIED.,.T.,.F.) 
B_SPLINE_CURVE_WITH_KNOTS((1,2,2,2,2,1),(-2.094395102393,0.,
    2.094395102393,4.188790204786,6.28318530718,8.377580409573),
.UNSPECIFIED.) CURVE() GEOMETRIC_REPRESENTATION_ITEM() 
RATIONAL_B_SPLINE_CURVE((1.,0.5,1.,0.5,1.,0.5,1.)) REPRESENTATION_ITEM(
  '') );
#10081 = CARTESIAN_POINT('',(-4.384062043357,-10.38406204335));
#10082 = CARTESIAN_POINT('',(-14.77636688877,-10.38406204335));
#10083 = CARTESIAN_POINT('',(-9.580214466063,-1.384062043357));
#10084 = CARTESIAN_POINT('',(-4.384062043357,7.615937956643));
#10085 = CARTESIAN_POINT('',(0.81209037935,-1.384062043357));
#10086 = CARTESIAN_POINT('',(6.008242802057,-10.38406204335));
#10087 = CARTESIAN_POINT('',(-4.384062043357,-10.38406204335));
#10088 = ( GEOMETRIC_REPRESENTATION_CONTEXT(2) 
PARAMETRIC_REPRESENTATION_CONTEXT() REPRESENTATION_CONTEXT('2D SPACE',''
  ) );
#10089 = ORIENTED_EDGE('',*,*,#1518,.T.);
#10090 = ORIENTED_EDGE('',*,*,#8853,.T.);
#10091 = ORIENTED_EDGE('',*,*,#10092,.T.);
#10092 = EDGE_CURVE('',#8854,#10063,#10093,.T.);
#10093 = SURFACE_CURVE('',#10094,(#10098,#10105),.PCURVE_S1.);
#10094 = LINE('',#10095,#10096);
#10095 = CARTESIAN_POINT('',(-6.658825223586,-2.078934898917,
    2.477921290868E-04));
#10096 = VECTOR('',#10097,1.);
#10097 = DIRECTION('',(-6.12318272229E-17,3.583545125319E-30,1.));
#10098 = PCURVE('',#1532,#10099);
#10099 = DEFINITIONAL_REPRESENTATION('',(#10100),#10104);
#10100 = LINE('',#10101,#10102);
#10101 = CARTESIAN_POINT('',(3.715993752492,0.));
#10102 = VECTOR('',#10103,1.);
#10103 = DIRECTION('',(0.,1.));
#10104 = ( GEOMETRIC_REPRESENTATION_CONTEXT(2) 
PARAMETRIC_REPRESENTATION_CONTEXT() REPRESENTATION_CONTEXT('2D SPACE',''
  ) );
#10105 = PCURVE('',#7618,#10106);
#10106 = DEFINITIONAL_REPRESENTATION('',(#10107),#10111);
#10107 = LINE('',#10108,#10109);
#10108 = CARTESIAN_POINT('',(2.097101962572,0.));
#10109 = VECTOR('',#10110,1.);
#10110 = DIRECTION('',(0.,1.));
#10111 = ( GEOMETRIC_REPRESENTATION_CONTEXT(2) 
PARAMETRIC_REPRESENTATION_CONTEXT() REPRESENTATION_CONTEXT('2D SPACE',''
  ) );
#10112 = ADVANCED_FACE('',(#10113,#10152),#610,.T.);
#10113 = FACE_BOUND('',#10114,.T.);
#10114 = EDGE_LOOP('',(#10115,#10116,#10142,#10143,#10144,#10145,#10146,
    #10147,#10148,#10149,#10150,#10151));
#10115 = ORIENTED_EDGE('',*,*,#7630,.T.);
#10116 = ORIENTED_EDGE('',*,*,#10117,.F.);
#10117 = EDGE_CURVE('',#10063,#7603,#10118,.T.);
#10118 = SURFACE_CURVE('',#10119,(#10124,#10135),.PCURVE_S1.);
#10119 = CIRCLE('',#10120,1.3);
#10120 = AXIS2_PLACEMENT_3D('',#10121,#10122,#10123);
#10121 = CARTESIAN_POINT('',(-7.311870311144,-0.954865455504,
    1.600247792129));
#10122 = DIRECTION('',(-6.12318272229E-17,3.583545125319E-30,1.));
#10123 = DIRECTION('',(-1.,-2.22044604925E-16,-6.12318272229E-17));
#10124 = PCURVE('',#610,#10125);
#10125 = DEFINITIONAL_REPRESENTATION('',(#10126),#10134);
#10126 = ( BOUNDED_CURVE() B_SPLINE_CURVE(2,(#10127,#10128,#10129,#10130
    ,#10131,#10132,#10133),.UNSPECIFIED.,.T.,.F.) 
B_SPLINE_CURVE_WITH_KNOTS((1,2,2,2,2,1),(-2.094395102393,0.,
    2.094395102393,4.188790204786,6.28318530718,8.377580409573),
.UNSPECIFIED.) CURVE() GEOMETRIC_REPRESENTATION_ITEM() 
RATIONAL_B_SPLINE_CURVE((1.,0.5,1.,0.5,1.,0.5,1.)) REPRESENTATION_ITEM(
  '') );
#10127 = CARTESIAN_POINT('',(9.769962616701E-15,-1.3));
#10128 = CARTESIAN_POINT('',(-2.25166604984,-1.3));
#10129 = CARTESIAN_POINT('',(-1.12583302492,0.65));
#10130 = CARTESIAN_POINT('',(9.451554448923E-15,2.6));
#10131 = CARTESIAN_POINT('',(1.12583302492,0.65));
#10132 = CARTESIAN_POINT('',(2.25166604984,-1.3));
#10133 = CARTESIAN_POINT('',(9.769962616701E-15,-1.3));
#10134 = ( GEOMETRIC_REPRESENTATION_CONTEXT(2) 
PARAMETRIC_REPRESENTATION_CONTEXT() REPRESENTATION_CONTEXT('2D SPACE',''
  ) );
#10135 = PCURVE('',#7618,#10136);
#10136 = DEFINITIONAL_REPRESENTATION('',(#10137),#10141);
#10137 = LINE('',#10138,#10139);
#10138 = CARTESIAN_POINT('',(-4.440892098501E-16,1.6));
#10139 = VECTOR('',#10140,1.);
#10140 = DIRECTION('',(1.,0.));
#10141 = ( GEOMETRIC_REPRESENTATION_CONTEXT(2) 
PARAMETRIC_REPRESENTATION_CONTEXT() REPRESENTATION_CONTEXT('2D SPACE',''
  ) );
#10142 = ORIENTED_EDGE('',*,*,#10062,.F.);
#10143 = ORIENTED_EDGE('',*,*,#1495,.F.);
#10144 = ORIENTED_EDGE('',*,*,#9772,.F.);
#10145 = ORIENTED_EDGE('',*,*,#594,.F.);
#10146 = ORIENTED_EDGE('',*,*,#727,.T.);
#10147 = ORIENTED_EDGE('',*,*,#758,.F.);
#10148 = ORIENTED_EDGE('',*,*,#7878,.T.);
#10149 = ORIENTED_EDGE('',*,*,#7750,.F.);
#10150 = ORIENTED_EDGE('',*,*,#7801,.T.);
#10151 = ORIENTED_EDGE('',*,*,#7700,.F.);
#10152 = FACE_BOUND('',#10153,.T.);
#10153 = EDGE_LOOP('',(#10154));
#10154 = ORIENTED_EDGE('',*,*,#10155,.F.);
#10155 = EDGE_CURVE('',#10156,#10156,#10158,.T.);
#10156 = VERTEX_POINT('',#10157);
#10157 = CARTESIAN_POINT('',(-7.808370311144,-0.954865455504,
    1.600247792129));
#10158 = SURFACE_CURVE('',#10159,(#10164,#10171),.PCURVE_S1.);
#10159 = CIRCLE('',#10160,0.4965);
#10160 = AXIS2_PLACEMENT_3D('',#10161,#10162,#10163);
#10161 = CARTESIAN_POINT('',(-7.311870311144,-0.954865455504,
    1.600247792129));
#10162 = DIRECTION('',(6.12318272229E-17,-3.583545125319E-30,-1.));
#10163 = DIRECTION('',(1.,2.22044604925E-16,6.12318272229E-17));
#10164 = PCURVE('',#610,#10165);
#10165 = DEFINITIONAL_REPRESENTATION('',(#10166),#10170);
#10166 = CIRCLE('',#10167,0.4965);
#10167 = AXIS2_PLACEMENT_2D('',#10168,#10169);
#10168 = CARTESIAN_POINT('',(9.769962616701E-15,2.767600152278E-30));
#10169 = DIRECTION('',(-7.928682086825E-48,1.));
#10170 = ( GEOMETRIC_REPRESENTATION_CONTEXT(2) 
PARAMETRIC_REPRESENTATION_CONTEXT() REPRESENTATION_CONTEXT('2D SPACE',''
  ) );
#10171 = PCURVE('',#4422,#10172);
#10172 = DEFINITIONAL_REPRESENTATION('',(#10173),#10177);
#10173 = LINE('',#10174,#10175);
#10174 = CARTESIAN_POINT('',(6.28318530718,1.6));
#10175 = VECTOR('',#10176,1.);
#10176 = DIRECTION('',(-1.,0.));
#10177 = ( GEOMETRIC_REPRESENTATION_CONTEXT(2) 
PARAMETRIC_REPRESENTATION_CONTEXT() REPRESENTATION_CONTEXT('2D SPACE',''
  ) );
#10178 = ADVANCED_FACE('',(#10179),#7618,.F.);
#10179 = FACE_BOUND('',#10180,.F.);
#10180 = EDGE_LOOP('',(#10181,#10182,#10183,#10184));
#10181 = ORIENTED_EDGE('',*,*,#10117,.F.);
#10182 = ORIENTED_EDGE('',*,*,#10092,.F.);
#10183 = ORIENTED_EDGE('',*,*,#8881,.T.);
#10184 = ORIENTED_EDGE('',*,*,#7602,.F.);
#10185 = ADVANCED_FACE('',(#10186),#4422,.F.);
#10186 = FACE_BOUND('',#10187,.F.);
#10187 = EDGE_LOOP('',(#10188,#10209,#10210,#10211));
#10188 = ORIENTED_EDGE('',*,*,#10189,.T.);
#10189 = EDGE_CURVE('',#10156,#4406,#10190,.T.);
#10190 = SEAM_CURVE('',#10191,(#10195,#10202),.PCURVE_S1.);
#10191 = LINE('',#10192,#10193);
#10192 = CARTESIAN_POINT('',(-7.808370311144,-0.954865455504,
    2.477921290868E-04));
#10193 = VECTOR('',#10194,1.);
#10194 = DIRECTION('',(-6.12318272229E-17,3.583545125319E-30,1.));
#10195 = PCURVE('',#4422,#10196);
#10196 = DEFINITIONAL_REPRESENTATION('',(#10197),#10201);
#10197 = LINE('',#10198,#10199);
#10198 = CARTESIAN_POINT('',(3.14159265359,0.));
#10199 = VECTOR('',#10200,1.);
#10200 = DIRECTION('',(0.,1.));
#10201 = ( GEOMETRIC_REPRESENTATION_CONTEXT(2) 
PARAMETRIC_REPRESENTATION_CONTEXT() REPRESENTATION_CONTEXT('2D SPACE',''
  ) );
#10202 = PCURVE('',#4422,#10203);
#10203 = DEFINITIONAL_REPRESENTATION('',(#10204),#10208);
#10204 = LINE('',#10205,#10206);
#10205 = CARTESIAN_POINT('',(-3.14159265359,0.));
#10206 = VECTOR('',#10207,1.);
#10207 = DIRECTION('',(0.,1.));
#10208 = ( GEOMETRIC_REPRESENTATION_CONTEXT(2) 
PARAMETRIC_REPRESENTATION_CONTEXT() REPRESENTATION_CONTEXT('2D SPACE',''
  ) );
#10209 = ORIENTED_EDGE('',*,*,#4405,.T.);
#10210 = ORIENTED_EDGE('',*,*,#10189,.F.);
#10211 = ORIENTED_EDGE('',*,*,#10155,.F.);
#10212 = ADVANCED_FACE('',(#10213),#4453,.F.);
#10213 = FACE_BOUND('',#10214,.F.);
#10214 = EDGE_LOOP('',(#10215,#10236,#10237,#10238));
#10215 = ORIENTED_EDGE('',*,*,#10216,.T.);
#10216 = EDGE_CURVE('',#9257,#4437,#10217,.T.);
#10217 = SEAM_CURVE('',#10218,(#10222,#10229),.PCURVE_S1.);
#10218 = LINE('',#10219,#10220);
#10219 = CARTESIAN_POINT('',(0.273493019216,-0.728981024127,
    2.477921290873E-04));
#10220 = VECTOR('',#10221,1.);
#10221 = DIRECTION('',(-6.12318272229E-17,3.583545125319E-30,1.));
#10222 = PCURVE('',#4453,#10223);
#10223 = DEFINITIONAL_REPRESENTATION('',(#10224),#10228);
#10224 = LINE('',#10225,#10226);
#10225 = CARTESIAN_POINT('',(3.14159265359,0.));
#10226 = VECTOR('',#10227,1.);
#10227 = DIRECTION('',(0.,1.));
#10228 = ( GEOMETRIC_REPRESENTATION_CONTEXT(2) 
PARAMETRIC_REPRESENTATION_CONTEXT() REPRESENTATION_CONTEXT('2D SPACE',''
  ) );
#10229 = PCURVE('',#4453,#10230);
#10230 = DEFINITIONAL_REPRESENTATION('',(#10231),#10235);
#10231 = LINE('',#10232,#10233);
#10232 = CARTESIAN_POINT('',(-3.14159265359,0.));
#10233 = VECTOR('',#10234,1.);
#10234 = DIRECTION('',(0.,1.));
#10235 = ( GEOMETRIC_REPRESENTATION_CONTEXT(2) 
PARAMETRIC_REPRESENTATION_CONTEXT() REPRESENTATION_CONTEXT('2D SPACE',''
  ) );
#10236 = ORIENTED_EDGE('',*,*,#4436,.T.);
#10237 = ORIENTED_EDGE('',*,*,#10216,.F.);
#10238 = ORIENTED_EDGE('',*,*,#9256,.F.);
#10239 = ADVANCED_FACE('',(#10240),#2224,.F.);
#10240 = FACE_BOUND('',#10241,.F.);
#10241 = EDGE_LOOP('',(#10242,#10263,#10264,#10265));
#10242 = ORIENTED_EDGE('',*,*,#10243,.T.);
#10243 = EDGE_CURVE('',#2204,#9974,#10244,.T.);
#10244 = SEAM_CURVE('',#10245,(#10249,#10256),.PCURVE_S1.);
#10245 = LINE('',#10246,#10247);
#10246 = CARTESIAN_POINT('',(6.40911043712,-0.23099358952,
    2.477921290876E-04));
#10247 = VECTOR('',#10248,1.);
#10248 = DIRECTION('',(-6.12318272229E-17,3.583545125319E-30,1.));
#10249 = PCURVE('',#2224,#10250);
#10250 = DEFINITIONAL_REPRESENTATION('',(#10251),#10255);
#10251 = LINE('',#10252,#10253);
#10252 = CARTESIAN_POINT('',(9.424777960769,0.));
#10253 = VECTOR('',#10254,1.);
#10254 = DIRECTION('',(0.,1.));
#10255 = ( GEOMETRIC_REPRESENTATION_CONTEXT(2) 
PARAMETRIC_REPRESENTATION_CONTEXT() REPRESENTATION_CONTEXT('2D SPACE',''
  ) );
#10256 = PCURVE('',#2224,#10257);
#10257 = DEFINITIONAL_REPRESENTATION('',(#10258),#10262);
#10258 = LINE('',#10259,#10260);
#10259 = CARTESIAN_POINT('',(3.14159265359,0.));
#10260 = VECTOR('',#10261,1.);
#10261 = DIRECTION('',(0.,1.));
#10262 = ( GEOMETRIC_REPRESENTATION_CONTEXT(2) 
PARAMETRIC_REPRESENTATION_CONTEXT() REPRESENTATION_CONTEXT('2D SPACE',''
  ) );
#10263 = ORIENTED_EDGE('',*,*,#9973,.F.);
#10264 = ORIENTED_EDGE('',*,*,#10243,.F.);
#10265 = ORIENTED_EDGE('',*,*,#2203,.T.);
#10266 = ADVANCED_FACE('',(#10267),#534,.F.);
#10267 = FACE_BOUND('',#10268,.F.);
#10268 = EDGE_LOOP('',(#10269,#10290,#10291,#10292));
#10269 = ORIENTED_EDGE('',*,*,#10270,.T.);
#10270 = EDGE_CURVE('',#514,#9889,#10271,.T.);
#10271 = SEAM_CURVE('',#10272,(#10276,#10283),.PCURVE_S1.);
#10272 = LINE('',#10273,#10274);
#10273 = CARTESIAN_POINT('',(-7.916370311144,4.344212190404,
    2.477921290867E-04));
#10274 = VECTOR('',#10275,1.);
#10275 = DIRECTION('',(-6.12318272229E-17,3.583545125319E-30,1.));
#10276 = PCURVE('',#534,#10277);
#10277 = DEFINITIONAL_REPRESENTATION('',(#10278),#10282);
#10278 = LINE('',#10279,#10280);
#10279 = CARTESIAN_POINT('',(9.424777960769,0.));
#10280 = VECTOR('',#10281,1.);
#10281 = DIRECTION('',(0.,1.));
#10282 = ( GEOMETRIC_REPRESENTATION_CONTEXT(2) 
PARAMETRIC_REPRESENTATION_CONTEXT() REPRESENTATION_CONTEXT('2D SPACE',''
  ) );
#10283 = PCURVE('',#534,#10284);
#10284 = DEFINITIONAL_REPRESENTATION('',(#10285),#10289);
#10285 = LINE('',#10286,#10287);
#10286 = CARTESIAN_POINT('',(3.14159265359,0.));
#10287 = VECTOR('',#10288,1.);
#10288 = DIRECTION('',(0.,1.));
#10289 = ( GEOMETRIC_REPRESENTATION_CONTEXT(2) 
PARAMETRIC_REPRESENTATION_CONTEXT() REPRESENTATION_CONTEXT('2D SPACE',''
  ) );
#10290 = ORIENTED_EDGE('',*,*,#9888,.F.);
#10291 = ORIENTED_EDGE('',*,*,#10270,.F.);
#10292 = ORIENTED_EDGE('',*,*,#513,.T.);
#10293 = ADVANCED_FACE('',(#10294),#4484,.F.);
#10294 = FACE_BOUND('',#10295,.F.);
#10295 = EDGE_LOOP('',(#10296,#10317,#10318,#10319));
#10296 = ORIENTED_EDGE('',*,*,#10297,.T.);
#10297 = EDGE_CURVE('',#9095,#4468,#10298,.T.);
#10298 = SEAM_CURVE('',#10299,(#10303,#10310),.PCURVE_S1.);
#10299 = LINE('',#10300,#10301);
#10300 = CARTESIAN_POINT('',(2.799503012328,-4.630236913631,
    2.477921290874E-04));
#10301 = VECTOR('',#10302,1.);
#10302 = DIRECTION('',(-6.12318272229E-17,3.583545125319E-30,1.));
#10303 = PCURVE('',#4484,#10304);
#10304 = DEFINITIONAL_REPRESENTATION('',(#10305),#10309);
#10305 = LINE('',#10306,#10307);
#10306 = CARTESIAN_POINT('',(3.14159265359,0.));
#10307 = VECTOR('',#10308,1.);
#10308 = DIRECTION('',(0.,1.));
#10309 = ( GEOMETRIC_REPRESENTATION_CONTEXT(2) 
PARAMETRIC_REPRESENTATION_CONTEXT() REPRESENTATION_CONTEXT('2D SPACE',''
  ) );
#10310 = PCURVE('',#4484,#10311);
#10311 = DEFINITIONAL_REPRESENTATION('',(#10312),#10316);
#10312 = LINE('',#10313,#10314);
#10313 = CARTESIAN_POINT('',(-3.14159265359,0.));
#10314 = VECTOR('',#10315,1.);
#10315 = DIRECTION('',(0.,1.));
#10316 = ( GEOMETRIC_REPRESENTATION_CONTEXT(2) 
PARAMETRIC_REPRESENTATION_CONTEXT() REPRESENTATION_CONTEXT('2D SPACE',''
  ) );
#10317 = ORIENTED_EDGE('',*,*,#4467,.T.);
#10318 = ORIENTED_EDGE('',*,*,#10297,.F.);
#10319 = ORIENTED_EDGE('',*,*,#9094,.F.);
#10320 = ADVANCED_FACE('',(#10321),#4391,.F.);
#10321 = FACE_BOUND('',#10322,.F.);
#10322 = EDGE_LOOP('',(#10323,#10344,#10345,#10346));
#10323 = ORIENTED_EDGE('',*,*,#10324,.T.);
#10324 = EDGE_CURVE('',#8723,#4375,#10325,.T.);
#10325 = SEAM_CURVE('',#10326,(#10330,#10337),.PCURVE_S1.);
#10326 = LINE('',#10327,#10328);
#10327 = CARTESIAN_POINT('',(-4.179789234841,-0.852682946903,
    2.47792129087E-04));
#10328 = VECTOR('',#10329,1.);
#10329 = DIRECTION('',(-6.12318272229E-17,3.583545125319E-30,1.));
#10330 = PCURVE('',#4391,#10331);
#10331 = DEFINITIONAL_REPRESENTATION('',(#10332),#10336);
#10332 = LINE('',#10333,#10334);
#10333 = CARTESIAN_POINT('',(3.14159265359,0.));
#10334 = VECTOR('',#10335,1.);
#10335 = DIRECTION('',(0.,1.));
#10336 = ( GEOMETRIC_REPRESENTATION_CONTEXT(2) 
PARAMETRIC_REPRESENTATION_CONTEXT() REPRESENTATION_CONTEXT('2D SPACE',''
  ) );
#10337 = PCURVE('',#4391,#10338);
#10338 = DEFINITIONAL_REPRESENTATION('',(#10339),#10343);
#10339 = LINE('',#10340,#10341);
#10340 = CARTESIAN_POINT('',(-3.14159265359,0.));
#10341 = VECTOR('',#10342,1.);
#10342 = DIRECTION('',(0.,1.));
#10343 = ( GEOMETRIC_REPRESENTATION_CONTEXT(2) 
PARAMETRIC_REPRESENTATION_CONTEXT() REPRESENTATION_CONTEXT('2D SPACE',''
  ) );
#10344 = ORIENTED_EDGE('',*,*,#4374,.T.);
#10345 = ORIENTED_EDGE('',*,*,#10324,.F.);
#10346 = ORIENTED_EDGE('',*,*,#8722,.F.);
#10347 = ADVANCED_FACE('',(#10348),#4360,.F.);
#10348 = FACE_BOUND('',#10349,.F.);
#10349 = EDGE_LOOP('',(#10350,#10371,#10372,#10373));
#10350 = ORIENTED_EDGE('',*,*,#10351,.T.);
#10351 = EDGE_CURVE('',#9121,#4344,#10352,.T.);
#10352 = SEAM_CURVE('',#10353,(#10357,#10364),.PCURVE_S1.);
#10353 = LINE('',#10354,#10355);
#10354 = CARTESIAN_POINT('',(-2.64964014334,-4.727317053097,
    2.477921290871E-04));
#10355 = VECTOR('',#10356,1.);
#10356 = DIRECTION('',(-6.12318272229E-17,3.583545125319E-30,1.));
#10357 = PCURVE('',#4360,#10358);
#10358 = DEFINITIONAL_REPRESENTATION('',(#10359),#10363);
#10359 = LINE('',#10360,#10361);
#10360 = CARTESIAN_POINT('',(3.14159265359,0.));
#10361 = VECTOR('',#10362,1.);
#10362 = DIRECTION('',(0.,1.));
#10363 = ( GEOMETRIC_REPRESENTATION_CONTEXT(2) 
PARAMETRIC_REPRESENTATION_CONTEXT() REPRESENTATION_CONTEXT('2D SPACE',''
  ) );
#10364 = PCURVE('',#4360,#10365);
#10365 = DEFINITIONAL_REPRESENTATION('',(#10366),#10370);
#10366 = LINE('',#10367,#10368);
#10367 = CARTESIAN_POINT('',(-3.14159265359,0.));
#10368 = VECTOR('',#10369,1.);
#10369 = DIRECTION('',(0.,1.));
#10370 = ( GEOMETRIC_REPRESENTATION_CONTEXT(2) 
PARAMETRIC_REPRESENTATION_CONTEXT() REPRESENTATION_CONTEXT('2D SPACE',''
  ) );
#10371 = ORIENTED_EDGE('',*,*,#4343,.T.);
#10372 = ORIENTED_EDGE('',*,*,#10351,.F.);
#10373 = ORIENTED_EDGE('',*,*,#9120,.F.);
#10374 = ( GEOMETRIC_REPRESENTATION_CONTEXT(3) 
GLOBAL_UNCERTAINTY_ASSIGNED_CONTEXT((#10378)) 
GLOBAL_UNIT_ASSIGNED_CONTEXT((#10375,#10376,#10377)) 
REPRESENTATION_CONTEXT('Context #1',
  '3D Context with UNIT and UNCERTAINTY') );
#10375 = ( LENGTH_UNIT() NAMED_UNIT(*) SI_UNIT(.MILLI.,.METRE.) );
#10376 = ( NAMED_UNIT(*) PLANE_ANGLE_UNIT() SI_UNIT($,.RADIAN.) );
#10377 = ( NAMED_UNIT(*) SI_UNIT($,.STERADIAN.) SOLID_ANGLE_UNIT() );
#10378 = UNCERTAINTY_MEASURE_WITH_UNIT(LENGTH_MEASURE(2.E-05),#10375,
  'distance_accuracy_value','confusion accuracy');
#10379 = PRODUCT_RELATED_PRODUCT_CATEGORY('part',$,(#7));
ENDSEC;
END-ISO-10303-21;
