ISO-10303-21;
HEADER;
FILE_DESCRIPTION(('Open CASCADE Model'),'2;1');
FILE_NAME('Open CASCADE Shape Model','2026-09-01T11:17:20',('Author'),(
    'Open CASCADE'),'Open CASCADE STEP processor 7.9','Open CASCADE 7.9'
  ,'Unknown');
FILE_SCHEMA(('AUTOMOTIVE_DESIGN { 1 0 10303 214 1 1 1 1 }'));
ENDSEC;
DATA;
#1 = APPLICATION_PROTOCOL_DEFINITION('international standard',
  'automotive_design',2000,#2);
#2 = APPLICATION_CONTEXT(
  'core data for automotive mechanical design processes');
#3 = SHAPE_DEFINITION_REPRESENTATION(#4,#10);
#4 = PRODUCT_DEFINITION_SHAPE('','',#5);
#5 = PRODUCT_DEFINITION('design','',#6,#9);
#6 = PRODUCT_DEFINITION_FORMATION('','',#7);
#7 = PRODUCT('Open CASCADE STEP translator 7.9 11',
  'Open CASCADE STEP translator 7.9 11','',(#8));
#8 = PRODUCT_CONTEXT('',#2,'mechanical');
#9 = PRODUCT_DEFINITION_CONTEXT('part definition',#2,'design');
#10 = ADVANCED_BREP_SHAPE_REPRESENTATION('',(#11,#15),#4147);
#11 = AXIS2_PLACEMENT_3D('',#12,#13,#14);
#12 = CARTESIAN_POINT('',(0.,0.,0.));
#13 = DIRECTION('',(0.,0.,1.));
#14 = DIRECTION('',(1.,0.,-0.));
#15 = MANIFOLD_SOLID_BREP('',#16);
#16 = CLOSED_SHELL('',(#17,#133,#172,#232,#348,#404,#408,#524,#528,#588,
    #703,#789,#865,#943,#1021,#1126,#1212,#1288,#1366,#1415,#1520,#1606,
    #1682,#1760,#1809,#1914,#2000,#2076,#2154,#2203,#2308,#2394,#2470,
    #2548,#2597,#2702,#2788,#2864,#2942,#2991,#3096,#3182,#3258,#3336,
    #3385,#3589,#3660,#3714,#3763,#3791,#3819,#3925,#3953,#3960,#4066,
    #4073,#4101));
#17 = ADVANCED_FACE('',(#18),#33,.T.);
#18 = FACE_BOUND('',#19,.T.);
#19 = EDGE_LOOP('',(#20,#56,#78,#101,#132));
#20 = ORIENTED_EDGE('',*,*,#21,.T.);
#21 = EDGE_CURVE('',#22,#24,#26,.T.);
#22 = VERTEX_POINT('',#23);
#23 = CARTESIAN_POINT('',(1.126671682831E-02,-0.183415151826,0.7300001)
  );
#24 = VERTEX_POINT('',#25);
#25 = CARTESIAN_POINT('',(-8.428869434732E-03,0.179050134624,0.7300001)
  );
#26 = SURFACE_CURVE('',#27,(#32,#44),.PCURVE_S1.);
#27 = CIRCLE('',#28,0.1815);
#28 = AXIS2_PLACEMENT_3D('',#29,#30,#31);
#29 = CARTESIAN_POINT('',(1.41892369679E-03,-2.182508600878E-03,
    0.7300001));
#30 = DIRECTION('',(6.252276774528E-17,3.571086177234E-19,-1.));
#31 = DIRECTION('',(-5.425781339682E-02,0.998526959919,
    -3.035766082959E-18));
#32 = PCURVE('',#33,#38);
#33 = CONICAL_SURFACE('',#34,0.176040446486,0.349065850399);
#34 = AXIS2_PLACEMENT_3D('',#35,#36,#37);
#35 = CARTESIAN_POINT('',(1.41892369679E-03,-2.182508600878E-03,
    0.7150001));
#36 = DIRECTION('',(-6.245004513517E-17,-1.134721110386E-33,1.));
#37 = DIRECTION('',(-5.425781339682E-02,0.998526959919,
    -3.035766082959E-18));
#38 = DEFINITIONAL_REPRESENTATION('',(#39),#43);
#39 = LINE('',#40,#41);
#40 = CARTESIAN_POINT('',(12.566370614359,1.5E-02));
#41 = VECTOR('',#42,1.);
#42 = DIRECTION('',(-1.,0.));
#43 = ( GEOMETRIC_REPRESENTATION_CONTEXT(2) 
PARAMETRIC_REPRESENTATION_CONTEXT() REPRESENTATION_CONTEXT('2D SPACE',''
  ) );
#44 = PCURVE('',#45,#50);
#45 = CYLINDRICAL_SURFACE('',#46,0.1815);
#46 = AXIS2_PLACEMENT_3D('',#47,#48,#49);
#47 = CARTESIAN_POINT('',(1.41892369679E-03,-2.182508600878E-03,
    0.8000001));
#48 = DIRECTION('',(-6.245004513517E-17,-1.134721110386E-33,1.));
#49 = DIRECTION('',(5.425781339682E-02,-0.998526959919,
    3.035766082959E-18));
#50 = DEFINITIONAL_REPRESENTATION('',(#51),#55);
#51 = LINE('',#52,#53);
#52 = CARTESIAN_POINT('',(3.14159265359,-7.E-02));
#53 = VECTOR('',#54,1.);
#54 = DIRECTION('',(-1.,0.));
#55 = ( GEOMETRIC_REPRESENTATION_CONTEXT(2) 
PARAMETRIC_REPRESENTATION_CONTEXT() REPRESENTATION_CONTEXT('2D SPACE',''
  ) );
#56 = ORIENTED_EDGE('',*,*,#57,.T.);
#57 = EDGE_CURVE('',#24,#22,#58,.T.);
#58 = SURFACE_CURVE('',#59,(#64,#71),.PCURVE_S1.);
#59 = CIRCLE('',#60,0.1815);
#60 = AXIS2_PLACEMENT_3D('',#61,#62,#63);
#61 = CARTESIAN_POINT('',(1.41892369679E-03,-2.182508600878E-03,
    0.7300001));
#62 = DIRECTION('',(6.252276774528E-17,3.571086177234E-19,-1.));
#63 = DIRECTION('',(-5.425781339682E-02,0.998526959919,
    -3.035766082959E-18));
#64 = PCURVE('',#33,#65);
#65 = DEFINITIONAL_REPRESENTATION('',(#66),#70);
#66 = LINE('',#67,#68);
#67 = CARTESIAN_POINT('',(6.28318530718,1.5E-02));
#68 = VECTOR('',#69,1.);
#69 = DIRECTION('',(-1.,0.));
#70 = ( GEOMETRIC_REPRESENTATION_CONTEXT(2) 
PARAMETRIC_REPRESENTATION_CONTEXT() REPRESENTATION_CONTEXT('2D SPACE',''
  ) );
#71 = PCURVE('',#45,#72);
#72 = DEFINITIONAL_REPRESENTATION('',(#73),#77);
#73 = LINE('',#74,#75);
#74 = CARTESIAN_POINT('',(3.14159265359,-7.E-02));
#75 = VECTOR('',#76,1.);
#76 = DIRECTION('',(-1.,0.));
#77 = ( GEOMETRIC_REPRESENTATION_CONTEXT(2) 
PARAMETRIC_REPRESENTATION_CONTEXT() REPRESENTATION_CONTEXT('2D SPACE',''
  ) );
#78 = ORIENTED_EDGE('',*,*,#79,.T.);
#79 = EDGE_CURVE('',#22,#80,#82,.T.);
#80 = VERTEX_POINT('',#81);
#81 = CARTESIAN_POINT('',(1.067426995673E-02,-0.172512129081,0.7000001)
  );
#82 = SEAM_CURVE('',#83,(#87,#94),.PCURVE_S1.);
#83 = LINE('',#84,#85);
#84 = CARTESIAN_POINT('',(1.097049339252E-02,-0.177963640453,0.7150001)
  );
#85 = VECTOR('',#86,1.);
#86 = DIRECTION('',(-1.855726511452E-02,0.341516333946,-0.939692620786)
  );
#87 = PCURVE('',#33,#88);
#88 = DEFINITIONAL_REPRESENTATION('',(#89),#93);
#89 = LINE('',#90,#91);
#90 = CARTESIAN_POINT('',(3.14159265359,-1.630106849479E-17));
#91 = VECTOR('',#92,1.);
#92 = DIRECTION('',(0.,-1.));
#93 = ( GEOMETRIC_REPRESENTATION_CONTEXT(2) 
PARAMETRIC_REPRESENTATION_CONTEXT() REPRESENTATION_CONTEXT('2D SPACE',''
  ) );
#94 = PCURVE('',#33,#95);
#95 = DEFINITIONAL_REPRESENTATION('',(#96),#100);
#96 = LINE('',#97,#98);
#97 = CARTESIAN_POINT('',(9.424777960769,-1.630106849479E-17));
#98 = VECTOR('',#99,1.);
#99 = DIRECTION('',(0.,-1.));
#100 = ( GEOMETRIC_REPRESENTATION_CONTEXT(2) 
PARAMETRIC_REPRESENTATION_CONTEXT() REPRESENTATION_CONTEXT('2D SPACE',''
  ) );
#101 = ORIENTED_EDGE('',*,*,#102,.T.);
#102 = EDGE_CURVE('',#80,#80,#103,.T.);
#103 = SURFACE_CURVE('',#104,(#109,#116),.PCURVE_S1.);
#104 = CIRCLE('',#105,0.170580892972);
#105 = AXIS2_PLACEMENT_3D('',#106,#107,#108);
#106 = CARTESIAN_POINT('',(1.41892369679E-03,-2.182508600878E-03,
    0.7000001));
#107 = DIRECTION('',(-6.252276774528E-17,-3.571086177234E-19,1.));
#108 = DIRECTION('',(-5.425781339682E-02,0.998526959919,
    -3.035766082959E-18));
#109 = PCURVE('',#33,#110);
#110 = DEFINITIONAL_REPRESENTATION('',(#111),#115);
#111 = LINE('',#112,#113);
#112 = CARTESIAN_POINT('',(0.,-1.5E-02));
#113 = VECTOR('',#114,1.);
#114 = DIRECTION('',(1.,0.));
#115 = ( GEOMETRIC_REPRESENTATION_CONTEXT(2) 
PARAMETRIC_REPRESENTATION_CONTEXT() REPRESENTATION_CONTEXT('2D SPACE',''
  ) );
#116 = PCURVE('',#117,#122);
#117 = PLANE('',#118);
#118 = AXIS2_PLACEMENT_3D('',#119,#120,#121);
#119 = CARTESIAN_POINT('',(1.126671682831E-02,-0.183415151826,0.7000001)
  );
#120 = DIRECTION('',(6.245004513517E-17,1.134721110386E-33,-1.));
#121 = DIRECTION('',(0.998526959919,5.425781339682E-02,
    6.245004513517E-17));
#122 = DEFINITIONAL_REPRESENTATION('',(#123),#131);
#123 = ( BOUNDED_CURVE() B_SPLINE_CURVE(2,(#124,#125,#126,#127,#128,#129
,#130),.UNSPECIFIED.,.T.,.F.) B_SPLINE_CURVE_WITH_KNOTS((1,2,2,2,2,1),(
    -2.094395102393,0.,2.094395102393,4.188790204786,6.28318530718,
8.377580409573),.UNSPECIFIED.) CURVE() GEOMETRIC_REPRESENTATION_ITEM() 
RATIONAL_B_SPLINE_CURVE((1.,0.5,1.,0.5,1.,0.5,1.)) REPRESENTATION_ITEM(
  '') );
#124 = CARTESIAN_POINT('',(-1.578598363139E-16,-0.352080892972));
#125 = CARTESIAN_POINT('',(-0.295454773428,-0.352080892972));
#126 = CARTESIAN_POINT('',(-0.147727386714,-9.620955351399E-02));
#127 = CARTESIAN_POINT('',(-1.996401052287E-16,0.159661785944));
#128 = CARTESIAN_POINT('',(0.147727386714,-9.620955351399E-02));
#129 = CARTESIAN_POINT('',(0.295454773428,-0.352080892972));
#130 = CARTESIAN_POINT('',(-1.578598363139E-16,-0.352080892972));
#131 = ( GEOMETRIC_REPRESENTATION_CONTEXT(2) 
PARAMETRIC_REPRESENTATION_CONTEXT() REPRESENTATION_CONTEXT('2D SPACE',''
  ) );
#132 = ORIENTED_EDGE('',*,*,#79,.F.);
#133 = ADVANCED_FACE('',(#134,#137),#117,.T.);
#134 = FACE_BOUND('',#135,.T.);
#135 = EDGE_LOOP('',(#136));
#136 = ORIENTED_EDGE('',*,*,#102,.F.);
#137 = FACE_BOUND('',#138,.T.);
#138 = EDGE_LOOP('',(#139));
#139 = ORIENTED_EDGE('',*,*,#140,.T.);
#140 = EDGE_CURVE('',#141,#141,#143,.T.);
#141 = VERTEX_POINT('',#142);
#142 = CARTESIAN_POINT('',(-6.719748312733E-03,0.147596535387,0.7000001)
  );
#143 = SURFACE_CURVE('',#144,(#149,#160),.PCURVE_S1.);
#144 = CIRCLE('',#145,0.15);
#145 = AXIS2_PLACEMENT_3D('',#146,#147,#148);
#146 = CARTESIAN_POINT('',(1.41892369679E-03,-2.182508600878E-03,
    0.7000001));
#147 = DIRECTION('',(-6.252276774528E-17,-3.571086177234E-19,1.));
#148 = DIRECTION('',(0.998526959919,5.425781339682E-02,
    6.245004513517E-17));
#149 = PCURVE('',#117,#150);
#150 = DEFINITIONAL_REPRESENTATION('',(#151),#159);
#151 = ( BOUNDED_CURVE() B_SPLINE_CURVE(2,(#152,#153,#154,#155,#156,#157
,#158),.UNSPECIFIED.,.T.,.F.) B_SPLINE_CURVE_WITH_KNOTS((1,2,2,2,2,1),(
    -2.094395102393,0.,2.094395102393,4.188790204786,6.28318530718,
8.377580409573),.UNSPECIFIED.) CURVE() GEOMETRIC_REPRESENTATION_ITEM() 
RATIONAL_B_SPLINE_CURVE((1.,0.5,1.,0.5,1.,0.5,1.)) REPRESENTATION_ITEM(
  '') );
#152 = CARTESIAN_POINT('',(0.15,-0.1815));
#153 = CARTESIAN_POINT('',(0.15,-0.441307621135));
#154 = CARTESIAN_POINT('',(-7.5E-02,-0.311403810568));
#155 = CARTESIAN_POINT('',(-0.3,-0.1815));
#156 = CARTESIAN_POINT('',(-7.5E-02,-5.159618943233E-02));
#157 = CARTESIAN_POINT('',(0.15,7.830762113533E-02));
#158 = CARTESIAN_POINT('',(0.15,-0.1815));
#159 = ( GEOMETRIC_REPRESENTATION_CONTEXT(2) 
PARAMETRIC_REPRESENTATION_CONTEXT() REPRESENTATION_CONTEXT('2D SPACE',''
  ) );
#160 = PCURVE('',#161,#166);
#161 = CYLINDRICAL_SURFACE('',#162,0.15);
#162 = AXIS2_PLACEMENT_3D('',#163,#164,#165);
#163 = CARTESIAN_POINT('',(1.41892369679E-03,-2.182508600878E-03,
    0.4750001));
#164 = DIRECTION('',(-6.245004513517E-17,-1.134721110386E-33,1.));
#165 = DIRECTION('',(5.425781339682E-02,-0.998526959919,
    3.035766082959E-18));
#166 = DEFINITIONAL_REPRESENTATION('',(#167),#171);
#167 = LINE('',#168,#169);
#168 = CARTESIAN_POINT('',(-4.712388980385,0.225));
#169 = VECTOR('',#170,1.);
#170 = DIRECTION('',(1.,0.));
#171 = ( GEOMETRIC_REPRESENTATION_CONTEXT(2) 
PARAMETRIC_REPRESENTATION_CONTEXT() REPRESENTATION_CONTEXT('2D SPACE',''
  ) );
#172 = ADVANCED_FACE('',(#173),#45,.T.);
#173 = FACE_BOUND('',#174,.T.);
#174 = EDGE_LOOP('',(#175,#208,#229,#230,#231));
#175 = ORIENTED_EDGE('',*,*,#176,.F.);
#176 = EDGE_CURVE('',#177,#177,#179,.T.);
#177 = VERTEX_POINT('',#178);
#178 = CARTESIAN_POINT('',(-8.428869434732E-03,0.179050134624,0.9000001)
  );
#179 = SURFACE_CURVE('',#180,(#185,#192),.PCURVE_S1.);
#180 = CIRCLE('',#181,0.1815);
#181 = AXIS2_PLACEMENT_3D('',#182,#183,#184);
#182 = CARTESIAN_POINT('',(1.41892369679E-03,-2.182508600878E-03,
    0.9000001));
#183 = DIRECTION('',(-6.252276774528E-17,-3.571086177234E-19,1.));
#184 = DIRECTION('',(0.998526959919,5.425781339682E-02,
    6.245004513517E-17));
#185 = PCURVE('',#45,#186);
#186 = DEFINITIONAL_REPRESENTATION('',(#187),#191);
#187 = LINE('',#188,#189);
#188 = CARTESIAN_POINT('',(-4.712388980385,0.1));
#189 = VECTOR('',#190,1.);
#190 = DIRECTION('',(1.,0.));
#191 = ( GEOMETRIC_REPRESENTATION_CONTEXT(2) 
PARAMETRIC_REPRESENTATION_CONTEXT() REPRESENTATION_CONTEXT('2D SPACE',''
  ) );
#192 = PCURVE('',#193,#198);
#193 = PLANE('',#194);
#194 = AXIS2_PLACEMENT_3D('',#195,#196,#197);
#195 = CARTESIAN_POINT('',(2.20802990383E-02,-0.382421574938,0.9000001)
  );
#196 = DIRECTION('',(6.245004513517E-17,1.134721110386E-33,-1.));
#197 = DIRECTION('',(0.998526959919,5.425781339682E-02,
    6.245004513517E-17));
#198 = DEFINITIONAL_REPRESENTATION('',(#199),#207);
#199 = ( BOUNDED_CURVE() B_SPLINE_CURVE(2,(#200,#201,#202,#203,#204,#205
,#206),.UNSPECIFIED.,.T.,.F.) B_SPLINE_CURVE_WITH_KNOTS((1,2,2,2,2,1),(
    -2.094395102393,0.,2.094395102393,4.188790204786,6.28318530718,
8.377580409573),.UNSPECIFIED.) CURVE() GEOMETRIC_REPRESENTATION_ITEM() 
RATIONAL_B_SPLINE_CURVE((1.,0.5,1.,0.5,1.,0.5,1.)) REPRESENTATION_ITEM(
  '') );
#200 = CARTESIAN_POINT('',(0.1815,-0.3808));
#201 = CARTESIAN_POINT('',(0.1815,-0.695167221574));
#202 = CARTESIAN_POINT('',(-9.075E-02,-0.537983610787));
#203 = CARTESIAN_POINT('',(-0.363,-0.3808));
#204 = CARTESIAN_POINT('',(-9.075E-02,-0.223616389213));
#205 = CARTESIAN_POINT('',(0.1815,-6.643277842625E-02));
#206 = CARTESIAN_POINT('',(0.1815,-0.3808));
#207 = ( GEOMETRIC_REPRESENTATION_CONTEXT(2) 
PARAMETRIC_REPRESENTATION_CONTEXT() REPRESENTATION_CONTEXT('2D SPACE',''
  ) );
#208 = ORIENTED_EDGE('',*,*,#209,.T.);
#209 = EDGE_CURVE('',#177,#24,#210,.T.);
#210 = SEAM_CURVE('',#211,(#215,#222),.PCURVE_S1.);
#211 = LINE('',#212,#213);
#212 = CARTESIAN_POINT('',(-8.428869434733E-03,0.179050134624,0.8000001)
  );
#213 = VECTOR('',#214,1.);
#214 = DIRECTION('',(6.245004513517E-17,1.134721110386E-33,-1.));
#215 = PCURVE('',#45,#216);
#216 = DEFINITIONAL_REPRESENTATION('',(#217),#221);
#217 = LINE('',#218,#219);
#218 = CARTESIAN_POINT('',(-3.14159265359,0.));
#219 = VECTOR('',#220,1.);
#220 = DIRECTION('',(0.,-1.));
#221 = ( GEOMETRIC_REPRESENTATION_CONTEXT(2) 
PARAMETRIC_REPRESENTATION_CONTEXT() REPRESENTATION_CONTEXT('2D SPACE',''
  ) );
#222 = PCURVE('',#45,#223);
#223 = DEFINITIONAL_REPRESENTATION('',(#224),#228);
#224 = LINE('',#225,#226);
#225 = CARTESIAN_POINT('',(3.14159265359,0.));
#226 = VECTOR('',#227,1.);
#227 = DIRECTION('',(0.,-1.));
#228 = ( GEOMETRIC_REPRESENTATION_CONTEXT(2) 
PARAMETRIC_REPRESENTATION_CONTEXT() REPRESENTATION_CONTEXT('2D SPACE',''
  ) );
#229 = ORIENTED_EDGE('',*,*,#21,.F.);
#230 = ORIENTED_EDGE('',*,*,#57,.F.);
#231 = ORIENTED_EDGE('',*,*,#209,.F.);
#232 = ADVANCED_FACE('',(#233),#246,.T.);
#233 = FACE_BOUND('',#234,.T.);
#234 = EDGE_LOOP('',(#235,#273,#296,#325,#347));
#235 = ORIENTED_EDGE('',*,*,#236,.T.);
#236 = EDGE_CURVE('',#237,#237,#239,.T.);
#237 = VERTEX_POINT('',#238);
#238 = CARTESIAN_POINT('',(2.287048711139E-03,-1.815893995958E-02,
    3.6600001));
#239 = SURFACE_CURVE('',#240,(#245,#257),.PCURVE_S1.);
#240 = CIRCLE('',#241,1.6E-02);
#241 = AXIS2_PLACEMENT_3D('',#242,#243,#244);
#242 = CARTESIAN_POINT('',(1.41892369679E-03,-2.182508600878E-03,
    3.6600001));
#243 = DIRECTION('',(6.252276774528E-17,3.571086177234E-19,-1.));
#244 = DIRECTION('',(-5.425781339682E-02,0.998526959919,
    -3.035766082959E-18));
#245 = PCURVE('',#246,#251);
#246 = CONICAL_SURFACE('',#247,3.1E-02,0.785398163397);
#247 = AXIS2_PLACEMENT_3D('',#248,#249,#250);
#248 = CARTESIAN_POINT('',(1.41892369679E-03,-2.182508600878E-03,
    3.6450001));
#249 = DIRECTION('',(6.245004513517E-17,1.134721110386E-33,-1.));
#250 = DIRECTION('',(-5.425781339682E-02,0.998526959919,
    -3.035766082959E-18));
#251 = DEFINITIONAL_REPRESENTATION('',(#252),#256);
#252 = LINE('',#253,#254);
#253 = CARTESIAN_POINT('',(-6.28318530718,-1.5E-02));
#254 = VECTOR('',#255,1.);
#255 = DIRECTION('',(1.,0.));
#256 = ( GEOMETRIC_REPRESENTATION_CONTEXT(2) 
PARAMETRIC_REPRESENTATION_CONTEXT() REPRESENTATION_CONTEXT('2D SPACE',''
  ) );
#257 = PCURVE('',#258,#263);
#258 = PLANE('',#259);
#259 = AXIS2_PLACEMENT_3D('',#260,#261,#262);
#260 = CARTESIAN_POINT('',(1.41892369679E-03,-2.182508600878E-03,
    3.6600001));
#261 = DIRECTION('',(-6.245004513517E-17,-1.134721110386E-33,1.));
#262 = DIRECTION('',(-0.998526959919,-5.425781339682E-02,
    -6.245004513517E-17));
#263 = DEFINITIONAL_REPRESENTATION('',(#264),#272);
#264 = ( BOUNDED_CURVE() B_SPLINE_CURVE(2,(#265,#266,#267,#268,#269,#270
,#271),.UNSPECIFIED.,.T.,.F.) B_SPLINE_CURVE_WITH_KNOTS((1,2,2,2,2,1),(
    -2.094395102393,0.,2.094395102393,4.188790204786,6.28318530718,
8.377580409573),.UNSPECIFIED.) CURVE() GEOMETRIC_REPRESENTATION_ITEM() 
RATIONAL_B_SPLINE_CURVE((1.,0.5,1.,0.5,1.,0.5,1.)) REPRESENTATION_ITEM(
  '') );
#265 = CARTESIAN_POINT('',(0.,-1.6E-02));
#266 = CARTESIAN_POINT('',(-2.77128129211E-02,-1.6E-02));
#267 = CARTESIAN_POINT('',(-1.385640646055E-02,8.E-03));
#268 = CARTESIAN_POINT('',(-3.918869757272E-18,3.2E-02));
#269 = CARTESIAN_POINT('',(1.385640646055E-02,8.E-03));
#270 = CARTESIAN_POINT('',(2.77128129211E-02,-1.6E-02));
#271 = CARTESIAN_POINT('',(0.,-1.6E-02));
#272 = ( GEOMETRIC_REPRESENTATION_CONTEXT(2) 
PARAMETRIC_REPRESENTATION_CONTEXT() REPRESENTATION_CONTEXT('2D SPACE',''
  ) );
#273 = ORIENTED_EDGE('',*,*,#274,.T.);
#274 = EDGE_CURVE('',#237,#275,#277,.T.);
#275 = VERTEX_POINT('',#276);
#276 = CARTESIAN_POINT('',(3.914783113043E-03,-4.811474875716E-02,
    3.6300001));
#277 = SEAM_CURVE('',#278,(#282,#289),.PCURVE_S1.);
#278 = LINE('',#279,#280);
#279 = CARTESIAN_POINT('',(3.100915912091E-03,-3.313684435837E-02,
    3.6450001));
#280 = VECTOR('',#281,1.);
#281 = DIRECTION('',(3.836606778524E-02,-0.706065184556,-0.707106781187)
  );
#282 = PCURVE('',#246,#283);
#283 = DEFINITIONAL_REPRESENTATION('',(#284),#288);
#284 = LINE('',#285,#286);
#285 = CARTESIAN_POINT('',(3.14159265359,0.));
#286 = VECTOR('',#287,1.);
#287 = DIRECTION('',(0.,1.));
#288 = ( GEOMETRIC_REPRESENTATION_CONTEXT(2) 
PARAMETRIC_REPRESENTATION_CONTEXT() REPRESENTATION_CONTEXT('2D SPACE',''
  ) );
#289 = PCURVE('',#246,#290);
#290 = DEFINITIONAL_REPRESENTATION('',(#291),#295);
#291 = LINE('',#292,#293);
#292 = CARTESIAN_POINT('',(-3.14159265359,0.));
#293 = VECTOR('',#294,1.);
#294 = DIRECTION('',(0.,1.));
#295 = ( GEOMETRIC_REPRESENTATION_CONTEXT(2) 
PARAMETRIC_REPRESENTATION_CONTEXT() REPRESENTATION_CONTEXT('2D SPACE',''
  ) );
#296 = ORIENTED_EDGE('',*,*,#297,.T.);
#297 = EDGE_CURVE('',#275,#298,#300,.T.);
#298 = VERTEX_POINT('',#299);
#299 = CARTESIAN_POINT('',(-1.076935719464E-03,4.37497315554E-02,
    3.6300001));
#300 = SURFACE_CURVE('',#301,(#306,#313),.PCURVE_S1.);
#301 = CIRCLE('',#302,4.6E-02);
#302 = AXIS2_PLACEMENT_3D('',#303,#304,#305);
#303 = CARTESIAN_POINT('',(1.418923696789E-03,-2.182508600878E-03,
    3.6300001));
#304 = DIRECTION('',(-6.252276774528E-17,-3.571086177234E-19,1.));
#305 = DIRECTION('',(-5.425781339682E-02,0.998526959919,
    -3.035766082959E-18));
#306 = PCURVE('',#246,#307);
#307 = DEFINITIONAL_REPRESENTATION('',(#308),#312);
#308 = LINE('',#309,#310);
#309 = CARTESIAN_POINT('',(6.28318530718,1.5E-02));
#310 = VECTOR('',#311,1.);
#311 = DIRECTION('',(-1.,0.));
#312 = ( GEOMETRIC_REPRESENTATION_CONTEXT(2) 
PARAMETRIC_REPRESENTATION_CONTEXT() REPRESENTATION_CONTEXT('2D SPACE',''
  ) );
#313 = PCURVE('',#314,#319);
#314 = CYLINDRICAL_SURFACE('',#315,4.6E-02);
#315 = AXIS2_PLACEMENT_3D('',#316,#317,#318);
#316 = CARTESIAN_POINT('',(1.41892369679E-03,-2.182508600878E-03,
    3.5350001));
#317 = DIRECTION('',(-6.245004513517E-17,-1.134721110386E-33,1.));
#318 = DIRECTION('',(5.425781339682E-02,-0.998526959919,
    3.035766082959E-18));
#319 = DEFINITIONAL_REPRESENTATION('',(#320),#324);
#320 = LINE('',#321,#322);
#321 = CARTESIAN_POINT('',(3.14159265359,9.5E-02));
#322 = VECTOR('',#323,1.);
#323 = DIRECTION('',(1.,0.));
#324 = ( GEOMETRIC_REPRESENTATION_CONTEXT(2) 
PARAMETRIC_REPRESENTATION_CONTEXT() REPRESENTATION_CONTEXT('2D SPACE',''
  ) );
#325 = ORIENTED_EDGE('',*,*,#326,.T.);
#326 = EDGE_CURVE('',#298,#275,#327,.T.);
#327 = SURFACE_CURVE('',#328,(#333,#340),.PCURVE_S1.);
#328 = CIRCLE('',#329,4.6E-02);
#329 = AXIS2_PLACEMENT_3D('',#330,#331,#332);
#330 = CARTESIAN_POINT('',(1.418923696789E-03,-2.182508600878E-03,
    3.6300001));
#331 = DIRECTION('',(-6.252276774528E-17,-3.571086177234E-19,1.));
#332 = DIRECTION('',(-5.425781339682E-02,0.998526959919,
    -3.035766082959E-18));
#333 = PCURVE('',#246,#334);
#334 = DEFINITIONAL_REPRESENTATION('',(#335),#339);
#335 = LINE('',#336,#337);
#336 = CARTESIAN_POINT('',(0.,1.5E-02));
#337 = VECTOR('',#338,1.);
#338 = DIRECTION('',(-1.,0.));
#339 = ( GEOMETRIC_REPRESENTATION_CONTEXT(2) 
PARAMETRIC_REPRESENTATION_CONTEXT() REPRESENTATION_CONTEXT('2D SPACE',''
  ) );
#340 = PCURVE('',#314,#341);
#341 = DEFINITIONAL_REPRESENTATION('',(#342),#346);
#342 = LINE('',#343,#344);
#343 = CARTESIAN_POINT('',(3.14159265359,9.5E-02));
#344 = VECTOR('',#345,1.);
#345 = DIRECTION('',(1.,0.));
#346 = ( GEOMETRIC_REPRESENTATION_CONTEXT(2) 
PARAMETRIC_REPRESENTATION_CONTEXT() REPRESENTATION_CONTEXT('2D SPACE',''
  ) );
#347 = ORIENTED_EDGE('',*,*,#274,.F.);
#348 = ADVANCED_FACE('',(#349),#314,.T.);
#349 = FACE_BOUND('',#350,.T.);
#350 = EDGE_LOOP('',(#351,#352,#353,#376,#403));
#351 = ORIENTED_EDGE('',*,*,#297,.F.);
#352 = ORIENTED_EDGE('',*,*,#326,.F.);
#353 = ORIENTED_EDGE('',*,*,#354,.T.);
#354 = EDGE_CURVE('',#298,#355,#357,.T.);
#355 = VERTEX_POINT('',#356);
#356 = CARTESIAN_POINT('',(-1.076935719464E-03,4.37497315554E-02,
    3.4100001));
#357 = SEAM_CURVE('',#358,(#362,#369),.PCURVE_S1.);
#358 = LINE('',#359,#360);
#359 = CARTESIAN_POINT('',(-1.076935719464E-03,4.37497315554E-02,
    3.5350001));
#360 = VECTOR('',#361,1.);
#361 = DIRECTION('',(6.245004513517E-17,1.134721110386E-33,-1.));
#362 = PCURVE('',#314,#363);
#363 = DEFINITIONAL_REPRESENTATION('',(#364),#368);
#364 = LINE('',#365,#366);
#365 = CARTESIAN_POINT('',(3.14159265359,0.));
#366 = VECTOR('',#367,1.);
#367 = DIRECTION('',(0.,-1.));
#368 = ( GEOMETRIC_REPRESENTATION_CONTEXT(2) 
PARAMETRIC_REPRESENTATION_CONTEXT() REPRESENTATION_CONTEXT('2D SPACE',''
  ) );
#369 = PCURVE('',#314,#370);
#370 = DEFINITIONAL_REPRESENTATION('',(#371),#375);
#371 = LINE('',#372,#373);
#372 = CARTESIAN_POINT('',(9.424777960769,0.));
#373 = VECTOR('',#374,1.);
#374 = DIRECTION('',(0.,-1.));
#375 = ( GEOMETRIC_REPRESENTATION_CONTEXT(2) 
PARAMETRIC_REPRESENTATION_CONTEXT() REPRESENTATION_CONTEXT('2D SPACE',''
  ) );
#376 = ORIENTED_EDGE('',*,*,#377,.T.);
#377 = EDGE_CURVE('',#355,#355,#378,.T.);
#378 = SURFACE_CURVE('',#379,(#384,#391),.PCURVE_S1.);
#379 = CIRCLE('',#380,4.6E-02);
#380 = AXIS2_PLACEMENT_3D('',#381,#382,#383);
#381 = CARTESIAN_POINT('',(1.41892369679E-03,-2.182508600878E-03,
    3.4100001));
#382 = DIRECTION('',(-6.252276774528E-17,-3.571086177234E-19,1.));
#383 = DIRECTION('',(0.998526959919,5.425781339682E-02,
    6.245004513517E-17));
#384 = PCURVE('',#314,#385);
#385 = DEFINITIONAL_REPRESENTATION('',(#386),#390);
#386 = LINE('',#387,#388);
#387 = CARTESIAN_POINT('',(1.570796326795,-0.125));
#388 = VECTOR('',#389,1.);
#389 = DIRECTION('',(1.,0.));
#390 = ( GEOMETRIC_REPRESENTATION_CONTEXT(2) 
PARAMETRIC_REPRESENTATION_CONTEXT() REPRESENTATION_CONTEXT('2D SPACE',''
  ) );
#391 = PCURVE('',#392,#397);
#392 = PLANE('',#393);
#393 = AXIS2_PLACEMENT_3D('',#394,#395,#396);
#394 = CARTESIAN_POINT('',(3.914783113044E-03,-4.811474875716E-02,
    3.4100001));
#395 = DIRECTION('',(-6.245004513517E-17,-1.134721110386E-33,1.));
#396 = DIRECTION('',(-0.998526959919,-5.425781339682E-02,
    -6.245004513517E-17));
#397 = DEFINITIONAL_REPRESENTATION('',(#398),#402);
#398 = CIRCLE('',#399,4.6E-02);
#399 = AXIS2_PLACEMENT_2D('',#400,#401);
#400 = CARTESIAN_POINT('',(-2.905661822261E-17,-4.6E-02));
#401 = DIRECTION('',(-1.,0.));
#402 = ( GEOMETRIC_REPRESENTATION_CONTEXT(2) 
PARAMETRIC_REPRESENTATION_CONTEXT() REPRESENTATION_CONTEXT('2D SPACE',''
  ) );
#403 = ORIENTED_EDGE('',*,*,#354,.F.);
#404 = ADVANCED_FACE('',(#405),#258,.T.);
#405 = FACE_BOUND('',#406,.T.);
#406 = EDGE_LOOP('',(#407));
#407 = ORIENTED_EDGE('',*,*,#236,.F.);
#408 = ADVANCED_FACE('',(#409),#424,.T.);
#409 = FACE_BOUND('',#410,.T.);
#410 = EDGE_LOOP('',(#411,#447,#469,#492,#523));
#411 = ORIENTED_EDGE('',*,*,#412,.T.);
#412 = EDGE_CURVE('',#413,#415,#417,.T.);
#413 = VERTEX_POINT('',#414);
#414 = CARTESIAN_POINT('',(3.914783113044E-03,-4.811474875716E-02,
    3.00001E-02));
#415 = VERTEX_POINT('',#416);
#416 = CARTESIAN_POINT('',(-1.076935719464E-03,4.37497315554E-02,
    3.00001E-02));
#417 = SURFACE_CURVE('',#418,(#423,#435),.PCURVE_S1.);
#418 = CIRCLE('',#419,4.6E-02);
#419 = AXIS2_PLACEMENT_3D('',#420,#421,#422);
#420 = CARTESIAN_POINT('',(1.41892369679E-03,-2.182508600878E-03,
    3.00001E-02));
#421 = DIRECTION('',(6.252276774528E-17,3.571086177234E-19,-1.));
#422 = DIRECTION('',(-5.425781339682E-02,0.998526959919,
    -3.035766082959E-18));
#423 = PCURVE('',#424,#429);
#424 = CONICAL_SURFACE('',#425,3.1E-02,0.785398163397);
#425 = AXIS2_PLACEMENT_3D('',#426,#427,#428);
#426 = CARTESIAN_POINT('',(1.41892369679E-03,-2.182508600878E-03,
    1.50001E-02));
#427 = DIRECTION('',(-6.245004513517E-17,-1.134721110386E-33,1.));
#428 = DIRECTION('',(-5.425781339682E-02,0.998526959919,
    -3.035766082959E-18));
#429 = DEFINITIONAL_REPRESENTATION('',(#430),#434);
#430 = LINE('',#431,#432);
#431 = CARTESIAN_POINT('',(12.566370614359,1.5E-02));
#432 = VECTOR('',#433,1.);
#433 = DIRECTION('',(-1.,0.));
#434 = ( GEOMETRIC_REPRESENTATION_CONTEXT(2) 
PARAMETRIC_REPRESENTATION_CONTEXT() REPRESENTATION_CONTEXT('2D SPACE',''
  ) );
#435 = PCURVE('',#436,#441);
#436 = CYLINDRICAL_SURFACE('',#437,4.6E-02);
#437 = AXIS2_PLACEMENT_3D('',#438,#439,#440);
#438 = CARTESIAN_POINT('',(1.41892369679E-03,-2.182508600878E-03,
    0.1250001));
#439 = DIRECTION('',(-6.245004513517E-17,-1.134721110386E-33,1.));
#440 = DIRECTION('',(5.425781339682E-02,-0.998526959919,
    3.035766082959E-18));
#441 = DEFINITIONAL_REPRESENTATION('',(#442),#446);
#442 = LINE('',#443,#444);
#443 = CARTESIAN_POINT('',(3.14159265359,-9.5E-02));
#444 = VECTOR('',#445,1.);
#445 = DIRECTION('',(-1.,0.));
#446 = ( GEOMETRIC_REPRESENTATION_CONTEXT(2) 
PARAMETRIC_REPRESENTATION_CONTEXT() REPRESENTATION_CONTEXT('2D SPACE',''
  ) );
#447 = ORIENTED_EDGE('',*,*,#448,.T.);
#448 = EDGE_CURVE('',#415,#413,#449,.T.);
#449 = SURFACE_CURVE('',#450,(#455,#462),.PCURVE_S1.);
#450 = CIRCLE('',#451,4.6E-02);
#451 = AXIS2_PLACEMENT_3D('',#452,#453,#454);
#452 = CARTESIAN_POINT('',(1.41892369679E-03,-2.182508600878E-03,
    3.00001E-02));
#453 = DIRECTION('',(6.252276774528E-17,3.571086177234E-19,-1.));
#454 = DIRECTION('',(-5.425781339682E-02,0.998526959919,
    -3.035766082959E-18));
#455 = PCURVE('',#424,#456);
#456 = DEFINITIONAL_REPRESENTATION('',(#457),#461);
#457 = LINE('',#458,#459);
#458 = CARTESIAN_POINT('',(6.28318530718,1.5E-02));
#459 = VECTOR('',#460,1.);
#460 = DIRECTION('',(-1.,0.));
#461 = ( GEOMETRIC_REPRESENTATION_CONTEXT(2) 
PARAMETRIC_REPRESENTATION_CONTEXT() REPRESENTATION_CONTEXT('2D SPACE',''
  ) );
#462 = PCURVE('',#436,#463);
#463 = DEFINITIONAL_REPRESENTATION('',(#464),#468);
#464 = LINE('',#465,#466);
#465 = CARTESIAN_POINT('',(3.14159265359,-9.5E-02));
#466 = VECTOR('',#467,1.);
#467 = DIRECTION('',(-1.,0.));
#468 = ( GEOMETRIC_REPRESENTATION_CONTEXT(2) 
PARAMETRIC_REPRESENTATION_CONTEXT() REPRESENTATION_CONTEXT('2D SPACE',''
  ) );
#469 = ORIENTED_EDGE('',*,*,#470,.T.);
#470 = EDGE_CURVE('',#413,#471,#473,.T.);
#471 = VERTEX_POINT('',#472);
#472 = CARTESIAN_POINT('',(2.287048711139E-03,-1.815893995958E-02,
    1.000000009466E-07));
#473 = SEAM_CURVE('',#474,(#478,#485),.PCURVE_S1.);
#474 = LINE('',#475,#476);
#475 = CARTESIAN_POINT('',(3.100915912091E-03,-3.313684435837E-02,
    1.50001E-02));
#476 = VECTOR('',#477,1.);
#477 = DIRECTION('',(-3.836606778524E-02,0.706065184556,-0.707106781187)
  );
#478 = PCURVE('',#424,#479);
#479 = DEFINITIONAL_REPRESENTATION('',(#480),#484);
#480 = LINE('',#481,#482);
#481 = CARTESIAN_POINT('',(3.14159265359,2.453269466693E-18));
#482 = VECTOR('',#483,1.);
#483 = DIRECTION('',(0.,-1.));
#484 = ( GEOMETRIC_REPRESENTATION_CONTEXT(2) 
PARAMETRIC_REPRESENTATION_CONTEXT() REPRESENTATION_CONTEXT('2D SPACE',''
  ) );
#485 = PCURVE('',#424,#486);
#486 = DEFINITIONAL_REPRESENTATION('',(#487),#491);
#487 = LINE('',#488,#489);
#488 = CARTESIAN_POINT('',(9.424777960769,2.453269466693E-18));
#489 = VECTOR('',#490,1.);
#490 = DIRECTION('',(0.,-1.));
#491 = ( GEOMETRIC_REPRESENTATION_CONTEXT(2) 
PARAMETRIC_REPRESENTATION_CONTEXT() REPRESENTATION_CONTEXT('2D SPACE',''
  ) );
#492 = ORIENTED_EDGE('',*,*,#493,.T.);
#493 = EDGE_CURVE('',#471,#471,#494,.T.);
#494 = SURFACE_CURVE('',#495,(#500,#507),.PCURVE_S1.);
#495 = CIRCLE('',#496,1.6E-02);
#496 = AXIS2_PLACEMENT_3D('',#497,#498,#499);
#497 = CARTESIAN_POINT('',(1.41892369679E-03,-2.182508600878E-03,
    1.000000011686E-07));
#498 = DIRECTION('',(-6.252276774528E-17,-3.571086177234E-19,1.));
#499 = DIRECTION('',(-5.425781339682E-02,0.998526959919,
    -3.035766082959E-18));
#500 = PCURVE('',#424,#501);
#501 = DEFINITIONAL_REPRESENTATION('',(#502),#506);
#502 = LINE('',#503,#504);
#503 = CARTESIAN_POINT('',(0.,-1.5E-02));
#504 = VECTOR('',#505,1.);
#505 = DIRECTION('',(1.,0.));
#506 = ( GEOMETRIC_REPRESENTATION_CONTEXT(2) 
PARAMETRIC_REPRESENTATION_CONTEXT() REPRESENTATION_CONTEXT('2D SPACE',''
  ) );
#507 = PCURVE('',#508,#513);
#508 = PLANE('',#509);
#509 = AXIS2_PLACEMENT_3D('',#510,#511,#512);
#510 = CARTESIAN_POINT('',(3.914783113044E-03,-4.811474875716E-02,
    1.000000011686E-07));
#511 = DIRECTION('',(6.245004513517E-17,1.134721110386E-33,-1.));
#512 = DIRECTION('',(0.998526959919,5.425781339682E-02,
    6.245004513517E-17));
#513 = DEFINITIONAL_REPRESENTATION('',(#514),#522);
#514 = ( BOUNDED_CURVE() B_SPLINE_CURVE(2,(#515,#516,#517,#518,#519,#520
,#521),.UNSPECIFIED.,.T.,.F.) B_SPLINE_CURVE_WITH_KNOTS((1,2,2,2,2,1),(
    -2.094395102393,0.,2.094395102393,4.188790204786,6.28318530718,
8.377580409573),.UNSPECIFIED.) CURVE() GEOMETRIC_REPRESENTATION_ITEM() 
RATIONAL_B_SPLINE_CURVE((1.,0.5,1.,0.5,1.,0.5,1.)) REPRESENTATION_ITEM(
  '') );
#515 = CARTESIAN_POINT('',(2.905661822261E-17,-6.2E-02));
#516 = CARTESIAN_POINT('',(-2.77128129211E-02,-6.2E-02));
#517 = CARTESIAN_POINT('',(-1.385640646055E-02,-3.8E-02));
#518 = CARTESIAN_POINT('',(2.513774846534E-17,-1.4E-02));
#519 = CARTESIAN_POINT('',(1.385640646055E-02,-3.8E-02));
#520 = CARTESIAN_POINT('',(2.77128129211E-02,-6.2E-02));
#521 = CARTESIAN_POINT('',(2.905661822261E-17,-6.2E-02));
#522 = ( GEOMETRIC_REPRESENTATION_CONTEXT(2) 
PARAMETRIC_REPRESENTATION_CONTEXT() REPRESENTATION_CONTEXT('2D SPACE',''
  ) );
#523 = ORIENTED_EDGE('',*,*,#470,.F.);
#524 = ADVANCED_FACE('',(#525),#508,.T.);
#525 = FACE_BOUND('',#526,.T.);
#526 = EDGE_LOOP('',(#527));
#527 = ORIENTED_EDGE('',*,*,#493,.F.);
#528 = ADVANCED_FACE('',(#529),#436,.T.);
#529 = FACE_BOUND('',#530,.T.);
#530 = EDGE_LOOP('',(#531,#564,#585,#586,#587));
#531 = ORIENTED_EDGE('',*,*,#532,.F.);
#532 = EDGE_CURVE('',#533,#533,#535,.T.);
#533 = VERTEX_POINT('',#534);
#534 = CARTESIAN_POINT('',(-1.076935719464E-03,4.37497315554E-02,
    0.2500001));
#535 = SURFACE_CURVE('',#536,(#541,#548),.PCURVE_S1.);
#536 = CIRCLE('',#537,4.6E-02);
#537 = AXIS2_PLACEMENT_3D('',#538,#539,#540);
#538 = CARTESIAN_POINT('',(1.41892369679E-03,-2.182508600878E-03,
    0.2500001));
#539 = DIRECTION('',(-6.252276774528E-17,-3.571086177234E-19,1.));
#540 = DIRECTION('',(0.998526959919,5.425781339682E-02,
    6.245004513517E-17));
#541 = PCURVE('',#436,#542);
#542 = DEFINITIONAL_REPRESENTATION('',(#543),#547);
#543 = LINE('',#544,#545);
#544 = CARTESIAN_POINT('',(-4.712388980385,0.125));
#545 = VECTOR('',#546,1.);
#546 = DIRECTION('',(1.,0.));
#547 = ( GEOMETRIC_REPRESENTATION_CONTEXT(2) 
PARAMETRIC_REPRESENTATION_CONTEXT() REPRESENTATION_CONTEXT('2D SPACE',''
  ) );
#548 = PCURVE('',#549,#554);
#549 = PLANE('',#550);
#550 = AXIS2_PLACEMENT_3D('',#551,#552,#553);
#551 = CARTESIAN_POINT('',(9.557595706312E-03,-0.151961552589,0.2500001)
  );
#552 = DIRECTION('',(6.245004513517E-17,1.134721110386E-33,-1.));
#553 = DIRECTION('',(0.998526959919,5.425781339682E-02,
    6.245004513517E-17));
#554 = DEFINITIONAL_REPRESENTATION('',(#555),#563);
#555 = ( BOUNDED_CURVE() B_SPLINE_CURVE(2,(#556,#557,#558,#559,#560,#561
,#562),.UNSPECIFIED.,.T.,.F.) B_SPLINE_CURVE_WITH_KNOTS((1,2,2,2,2,1),(
    -2.094395102393,0.,2.094395102393,4.188790204786,6.28318530718,
8.377580409573),.UNSPECIFIED.) CURVE() GEOMETRIC_REPRESENTATION_ITEM() 
RATIONAL_B_SPLINE_CURVE((1.,0.5,1.,0.5,1.,0.5,1.)) REPRESENTATION_ITEM(
  '') );
#556 = CARTESIAN_POINT('',(4.6E-02,-0.15));
#557 = CARTESIAN_POINT('',(4.6E-02,-0.229674337148));
#558 = CARTESIAN_POINT('',(-2.3E-02,-0.189837168574));
#559 = CARTESIAN_POINT('',(-9.2E-02,-0.15));
#560 = CARTESIAN_POINT('',(-2.3E-02,-0.110162831426));
#561 = CARTESIAN_POINT('',(4.6E-02,-7.032566285183E-02));
#562 = CARTESIAN_POINT('',(4.6E-02,-0.15));
#563 = ( GEOMETRIC_REPRESENTATION_CONTEXT(2) 
PARAMETRIC_REPRESENTATION_CONTEXT() REPRESENTATION_CONTEXT('2D SPACE',''
  ) );
#564 = ORIENTED_EDGE('',*,*,#565,.T.);
#565 = EDGE_CURVE('',#533,#415,#566,.T.);
#566 = SEAM_CURVE('',#567,(#571,#578),.PCURVE_S1.);
#567 = LINE('',#568,#569);
#568 = CARTESIAN_POINT('',(-1.076935719464E-03,4.37497315554E-02,
    0.1250001));
#569 = VECTOR('',#570,1.);
#570 = DIRECTION('',(6.245004513517E-17,1.134721110386E-33,-1.));
#571 = PCURVE('',#436,#572);
#572 = DEFINITIONAL_REPRESENTATION('',(#573),#577);
#573 = LINE('',#574,#575);
#574 = CARTESIAN_POINT('',(-3.14159265359,0.));
#575 = VECTOR('',#576,1.);
#576 = DIRECTION('',(0.,-1.));
#577 = ( GEOMETRIC_REPRESENTATION_CONTEXT(2) 
PARAMETRIC_REPRESENTATION_CONTEXT() REPRESENTATION_CONTEXT('2D SPACE',''
  ) );
#578 = PCURVE('',#436,#579);
#579 = DEFINITIONAL_REPRESENTATION('',(#580),#584);
#580 = LINE('',#581,#582);
#581 = CARTESIAN_POINT('',(3.14159265359,0.));
#582 = VECTOR('',#583,1.);
#583 = DIRECTION('',(0.,-1.));
#584 = ( GEOMETRIC_REPRESENTATION_CONTEXT(2) 
PARAMETRIC_REPRESENTATION_CONTEXT() REPRESENTATION_CONTEXT('2D SPACE',''
  ) );
#585 = ORIENTED_EDGE('',*,*,#412,.F.);
#586 = ORIENTED_EDGE('',*,*,#448,.F.);
#587 = ORIENTED_EDGE('',*,*,#565,.F.);
#588 = ADVANCED_FACE('',(#589),#603,.F.);
#589 = FACE_BOUND('',#590,.T.);
#590 = EDGE_LOOP('',(#591,#626,#654,#677));
#591 = ORIENTED_EDGE('',*,*,#592,.F.);
#592 = EDGE_CURVE('',#593,#595,#597,.T.);
#593 = VERTEX_POINT('',#594);
#594 = CARTESIAN_POINT('',(0.170534331179,-0.254982651032,2.5800001));
#595 = VERTEX_POINT('',#596);
#596 = CARTESIAN_POINT('',(0.133145535932,-0.19909245803,2.5800001));
#597 = SURFACE_CURVE('',#598,(#602,#614),.PCURVE_S1.);
#598 = LINE('',#599,#600);
#599 = CARTESIAN_POINT('',(0.121844792666,-0.182199677238,2.5800001));
#600 = VECTOR('',#601,1.);
#601 = DIRECTION('',(-0.556024191965,0.831166107315,-2.775557561563E-17)
  );
#602 = PCURVE('',#603,#608);
#603 = PLANE('',#604);
#604 = AXIS2_PLACEMENT_3D('',#605,#606,#607);
#605 = CARTESIAN_POINT('',(0.170534331179,-0.254982651032,3.6600001));
#606 = DIRECTION('',(-0.831166107315,-0.556024191965,-4.857225732735E-17
    ));
#607 = DIRECTION('',(-0.556024191965,0.831166107315,-3.816391647149E-17)
  );
#608 = DEFINITIONAL_REPRESENTATION('',(#609),#613);
#609 = LINE('',#610,#611);
#610 = CARTESIAN_POINT('',(8.756730231513E-02,1.08));
#611 = VECTOR('',#612,1.);
#612 = DIRECTION('',(1.,-3.469446951954E-18));
#613 = ( GEOMETRIC_REPRESENTATION_CONTEXT(2) 
PARAMETRIC_REPRESENTATION_CONTEXT() REPRESENTATION_CONTEXT('2D SPACE',''
  ) );
#614 = PCURVE('',#615,#620);
#615 = PLANE('',#616);
#616 = AXIS2_PLACEMENT_3D('',#617,#618,#619);
#617 = CARTESIAN_POINT('',(9.557595706313E-03,-0.151961552589,2.5800001)
  );
#618 = DIRECTION('',(-6.245004513517E-17,-1.134721110386E-33,1.));
#619 = DIRECTION('',(-0.998526959919,-5.425781339682E-02,
    -6.245004513517E-17));
#620 = DEFINITIONAL_REPRESENTATION('',(#621),#625);
#621 = LINE('',#622,#623);
#622 = CARTESIAN_POINT('',(-0.110481138894,3.628604045947E-02));
#623 = VECTOR('',#624,1.);
#624 = DIRECTION('',(0.510107890492,-0.860110423177));
#625 = ( GEOMETRIC_REPRESENTATION_CONTEXT(2) 
PARAMETRIC_REPRESENTATION_CONTEXT() REPRESENTATION_CONTEXT('2D SPACE',''
  ) );
#626 = ORIENTED_EDGE('',*,*,#627,.T.);
#627 = EDGE_CURVE('',#593,#628,#630,.T.);
#628 = VERTEX_POINT('',#629);
#629 = CARTESIAN_POINT('',(0.170534331179,-0.254982651032,0.9000001));
#630 = SURFACE_CURVE('',#631,(#635,#642),.PCURVE_S1.);
#631 = LINE('',#632,#633);
#632 = CARTESIAN_POINT('',(0.170534331179,-0.254982651032,3.6600001));
#633 = VECTOR('',#634,1.);
#634 = DIRECTION('',(6.245004513517E-17,1.134721110386E-33,-1.));
#635 = PCURVE('',#603,#636);
#636 = DEFINITIONAL_REPRESENTATION('',(#637),#641);
#637 = LINE('',#638,#639);
#638 = CARTESIAN_POINT('',(0.,0.));
#639 = VECTOR('',#640,1.);
#640 = DIRECTION('',(3.469446951954E-18,1.));
#641 = ( GEOMETRIC_REPRESENTATION_CONTEXT(2) 
PARAMETRIC_REPRESENTATION_CONTEXT() REPRESENTATION_CONTEXT('2D SPACE',''
  ) );
#642 = PCURVE('',#643,#648);
#643 = CYLINDRICAL_SURFACE('',#644,7.6E-02);
#644 = AXIS2_PLACEMENT_3D('',#645,#646,#647);
#645 = CARTESIAN_POINT('',(0.107365707023,-0.297240489621,3.6600001));
#646 = DIRECTION('',(6.245004513517E-17,1.134721110386E-33,-1.));
#647 = DIRECTION('',(0.831166107315,0.556024191965,4.857225732735E-17));
#648 = DEFINITIONAL_REPRESENTATION('',(#649),#653);
#649 = LINE('',#650,#651);
#650 = CARTESIAN_POINT('',(0.,0.));
#651 = VECTOR('',#652,1.);
#652 = DIRECTION('',(0.,1.));
#653 = ( GEOMETRIC_REPRESENTATION_CONTEXT(2) 
PARAMETRIC_REPRESENTATION_CONTEXT() REPRESENTATION_CONTEXT('2D SPACE',''
  ) );
#654 = ORIENTED_EDGE('',*,*,#655,.F.);
#655 = EDGE_CURVE('',#656,#628,#658,.T.);
#656 = VERTEX_POINT('',#657);
#657 = CARTESIAN_POINT('',(0.133145535932,-0.19909245803,0.9000001));
#658 = SURFACE_CURVE('',#659,(#663,#670),.PCURVE_S1.);
#659 = LINE('',#660,#661);
#660 = CARTESIAN_POINT('',(0.177033942898,-0.264698517805,0.9000001));
#661 = VECTOR('',#662,1.);
#662 = DIRECTION('',(0.556024191965,-0.831166107315,2.775557561563E-17)
  );
#663 = PCURVE('',#603,#664);
#664 = DEFINITIONAL_REPRESENTATION('',(#665),#669);
#665 = LINE('',#666,#667);
#666 = CARTESIAN_POINT('',(-1.168944051952E-02,2.76));
#667 = VECTOR('',#668,1.);
#668 = DIRECTION('',(-1.,3.469446951954E-18));
#669 = ( GEOMETRIC_REPRESENTATION_CONTEXT(2) 
PARAMETRIC_REPRESENTATION_CONTEXT() REPRESENTATION_CONTEXT('2D SPACE',''
  ) );
#670 = PCURVE('',#193,#671);
#671 = DEFINITIONAL_REPRESENTATION('',(#672),#676);
#672 = LINE('',#673,#674);
#673 = CARTESIAN_POINT('',(0.161112786598,-0.109142200458));
#674 = VECTOR('',#675,1.);
#675 = DIRECTION('',(0.510107890492,0.860110423177));
#676 = ( GEOMETRIC_REPRESENTATION_CONTEXT(2) 
PARAMETRIC_REPRESENTATION_CONTEXT() REPRESENTATION_CONTEXT('2D SPACE',''
  ) );
#677 = ORIENTED_EDGE('',*,*,#678,.F.);
#678 = EDGE_CURVE('',#595,#656,#679,.T.);
#679 = SURFACE_CURVE('',#680,(#684,#691),.PCURVE_S1.);
#680 = LINE('',#681,#682);
#681 = CARTESIAN_POINT('',(0.133145535932,-0.19909245803,3.6600001));
#682 = VECTOR('',#683,1.);
#683 = DIRECTION('',(6.245004513517E-17,1.134721110386E-33,-1.));
#684 = PCURVE('',#603,#685);
#685 = DEFINITIONAL_REPRESENTATION('',(#686),#690);
#686 = LINE('',#687,#688);
#687 = CARTESIAN_POINT('',(6.724310881987E-02,-1.162264728904E-16));
#688 = VECTOR('',#689,1.);
#689 = DIRECTION('',(3.469446951954E-18,1.));
#690 = ( GEOMETRIC_REPRESENTATION_CONTEXT(2) 
PARAMETRIC_REPRESENTATION_CONTEXT() REPRESENTATION_CONTEXT('2D SPACE',''
  ) );
#691 = PCURVE('',#692,#697);
#692 = CYLINDRICAL_SURFACE('',#693,6.051475150849E-02);
#693 = AXIS2_PLACEMENT_3D('',#694,#695,#696);
#694 = CARTESIAN_POINT('',(0.183443346378,-0.165444792221,3.6600001));
#695 = DIRECTION('',(6.245004513517E-17,1.134721110386E-33,-1.));
#696 = DIRECTION('',(0.831166107315,0.556024191965,4.857225732735E-17));
#697 = DEFINITIONAL_REPRESENTATION('',(#698),#702);
#698 = LINE('',#699,#700);
#699 = CARTESIAN_POINT('',(3.14159265359,0.));
#700 = VECTOR('',#701,1.);
#701 = DIRECTION('',(0.,1.));
#702 = ( GEOMETRIC_REPRESENTATION_CONTEXT(2) 
PARAMETRIC_REPRESENTATION_CONTEXT() REPRESENTATION_CONTEXT('2D SPACE',''
  ) );
#703 = ADVANCED_FACE('',(#704),#692,.F.);
#704 = FACE_BOUND('',#705,.F.);
#705 = EDGE_LOOP('',(#706,#736,#762,#763));
#706 = ORIENTED_EDGE('',*,*,#707,.T.);
#707 = EDGE_CURVE('',#708,#710,#712,.T.);
#708 = VERTEX_POINT('',#709);
#709 = CARTESIAN_POINT('',(0.211442842338,-0.111797207222,2.5800001));
#710 = VERTEX_POINT('',#711);
#711 = CARTESIAN_POINT('',(0.211442842338,-0.111797207222,0.9000001));
#712 = SURFACE_CURVE('',#713,(#717,#724),.PCURVE_S1.);
#713 = LINE('',#714,#715);
#714 = CARTESIAN_POINT('',(0.211442842338,-0.111797207222,3.6600001));
#715 = VECTOR('',#716,1.);
#716 = DIRECTION('',(6.245004513517E-17,1.134721110386E-33,-1.));
#717 = PCURVE('',#692,#718);
#718 = DEFINITIONAL_REPRESENTATION('',(#719),#723);
#719 = LINE('',#720,#721);
#720 = CARTESIAN_POINT('',(5.783009427513,0.));
#721 = VECTOR('',#722,1.);
#722 = DIRECTION('',(0.,1.));
#723 = ( GEOMETRIC_REPRESENTATION_CONTEXT(2) 
PARAMETRIC_REPRESENTATION_CONTEXT() REPRESENTATION_CONTEXT('2D SPACE',''
  ) );
#724 = PCURVE('',#725,#730);
#725 = PLANE('',#726);
#726 = AXIS2_PLACEMENT_3D('',#727,#728,#729);
#727 = CARTESIAN_POINT('',(0.211442842338,-0.111797207222,3.6600001));
#728 = DIRECTION('',(0.462688770282,0.886520784784,3.122502256758E-17));
#729 = DIRECTION('',(0.886520784784,-0.462688770282,5.551115123126E-17)
  );
#730 = DEFINITIONAL_REPRESENTATION('',(#731),#735);
#731 = LINE('',#732,#733);
#732 = CARTESIAN_POINT('',(0.,0.));
#733 = VECTOR('',#734,1.);
#734 = DIRECTION('',(-3.794736636034E-34,1.));
#735 = ( GEOMETRIC_REPRESENTATION_CONTEXT(2) 
PARAMETRIC_REPRESENTATION_CONTEXT() REPRESENTATION_CONTEXT('2D SPACE',''
  ) );
#736 = ORIENTED_EDGE('',*,*,#737,.T.);
#737 = EDGE_CURVE('',#710,#656,#738,.T.);
#738 = SURFACE_CURVE('',#739,(#744,#751),.PCURVE_S1.);
#739 = CIRCLE('',#740,6.051475150849E-02);
#740 = AXIS2_PLACEMENT_3D('',#741,#742,#743);
#741 = CARTESIAN_POINT('',(0.183443346378,-0.165444792221,0.9000001));
#742 = DIRECTION('',(-5.966257842655E-17,1.829517043576E-18,1.));
#743 = DIRECTION('',(0.831166107315,0.556024191965,4.857225732735E-17));
#744 = PCURVE('',#692,#745);
#745 = DEFINITIONAL_REPRESENTATION('',(#746),#750);
#746 = LINE('',#747,#748);
#747 = CARTESIAN_POINT('',(6.28318530718,2.76));
#748 = VECTOR('',#749,1.);
#749 = DIRECTION('',(-1.,0.));
#750 = ( GEOMETRIC_REPRESENTATION_CONTEXT(2) 
PARAMETRIC_REPRESENTATION_CONTEXT() REPRESENTATION_CONTEXT('2D SPACE',''
  ) );
#751 = PCURVE('',#193,#752);
#752 = DEFINITIONAL_REPRESENTATION('',(#753),#761);
#753 = ( BOUNDED_CURVE() B_SPLINE_CURVE(2,(#754,#755,#756,#757,#758,#759
,#760),.UNSPECIFIED.,.T.,.F.) B_SPLINE_CURVE_WITH_KNOTS((1,2,2,2,2,1),(
    -2.094395102393,0.,2.094395102393,4.188790204786,6.28318530718,
8.377580409573),.UNSPECIFIED.) CURVE() GEOMETRIC_REPRESENTATION_ITEM() 
RATIONAL_B_SPLINE_CURVE((1.,0.5,1.,0.5,1.,0.5,1.)) REPRESENTATION_ITEM(
  '') );
#754 = CARTESIAN_POINT('',(0.22494740742,-0.238771013344));
#755 = CARTESIAN_POINT('',(0.171480640567,-0.328923164137));
#756 = CARTESIAN_POINT('',(0.120139971201,-0.237543510387));
#757 = CARTESIAN_POINT('',(6.879930183494E-02,-0.146163856637));
#758 = CARTESIAN_POINT('',(0.173606738054,-0.147391359594));
#759 = CARTESIAN_POINT('',(0.278414174274,-0.148618862551));
#760 = CARTESIAN_POINT('',(0.22494740742,-0.238771013344));
#761 = ( GEOMETRIC_REPRESENTATION_CONTEXT(2) 
PARAMETRIC_REPRESENTATION_CONTEXT() REPRESENTATION_CONTEXT('2D SPACE',''
  ) );
#762 = ORIENTED_EDGE('',*,*,#678,.F.);
#763 = ORIENTED_EDGE('',*,*,#764,.T.);
#764 = EDGE_CURVE('',#595,#708,#765,.T.);
#765 = SURFACE_CURVE('',#766,(#771,#778),.PCURVE_S1.);
#766 = CIRCLE('',#767,6.051475150849E-02);
#767 = AXIS2_PLACEMENT_3D('',#768,#769,#770);
#768 = CARTESIAN_POINT('',(0.183443346378,-0.165444792221,2.5800001));
#769 = DIRECTION('',(5.966257842655E-17,-1.829517043576E-18,-1.));
#770 = DIRECTION('',(0.831166107315,0.556024191965,4.857225732735E-17));
#771 = PCURVE('',#692,#772);
#772 = DEFINITIONAL_REPRESENTATION('',(#773),#777);
#773 = LINE('',#774,#775);
#774 = CARTESIAN_POINT('',(0.,1.08));
#775 = VECTOR('',#776,1.);
#776 = DIRECTION('',(1.,0.));
#777 = ( GEOMETRIC_REPRESENTATION_CONTEXT(2) 
PARAMETRIC_REPRESENTATION_CONTEXT() REPRESENTATION_CONTEXT('2D SPACE',''
  ) );
#778 = PCURVE('',#615,#779);
#779 = DEFINITIONAL_REPRESENTATION('',(#780),#788);
#780 = ( BOUNDED_CURVE() B_SPLINE_CURVE(2,(#781,#782,#783,#784,#785,#786
,#787),.UNSPECIFIED.,.T.,.F.) B_SPLINE_CURVE_WITH_KNOTS((1,2,2,2,2,1),(
    -2.094395102393,0.,2.094395102393,4.188790204786,6.28318530718,
8.377580409573),.UNSPECIFIED.) CURVE() GEOMETRIC_REPRESENTATION_ITEM() 
RATIONAL_B_SPLINE_CURVE((1.,0.5,1.,0.5,1.,0.5,1.)) REPRESENTATION_ITEM(
  '') );
#781 = CARTESIAN_POINT('',(-0.22494740742,-7.971013343829E-03));
#782 = CARTESIAN_POINT('',(-0.278414174274,8.218113744929E-02));
#783 = CARTESIAN_POINT('',(-0.173606738054,8.340864040617E-02));
#784 = CARTESIAN_POINT('',(-6.879930183494E-02,8.463614336304E-02));
#785 = CARTESIAN_POINT('',(-0.120139971201,-6.743510386951E-03));
#786 = CARTESIAN_POINT('',(-0.171480640567,-9.812316413695E-02));
#787 = CARTESIAN_POINT('',(-0.22494740742,-7.971013343829E-03));
#788 = ( GEOMETRIC_REPRESENTATION_CONTEXT(2) 
PARAMETRIC_REPRESENTATION_CONTEXT() REPRESENTATION_CONTEXT('2D SPACE',''
  ) );
#789 = ADVANCED_FACE('',(#790),#725,.F.);
#790 = FACE_BOUND('',#791,.T.);
#791 = EDGE_LOOP('',(#792,#815,#816,#839));
#792 = ORIENTED_EDGE('',*,*,#793,.F.);
#793 = EDGE_CURVE('',#708,#794,#796,.T.);
#794 = VERTEX_POINT('',#795);
#795 = CARTESIAN_POINT('',(0.27105525594,-0.142909838552,2.5800001));
#796 = SURFACE_CURVE('',#797,(#801,#808),.PCURVE_S1.);
#797 = LINE('',#798,#799);
#798 = CARTESIAN_POINT('',(0.140347476572,-7.469144735379E-02,2.5800001)
  );
#799 = VECTOR('',#800,1.);
#800 = DIRECTION('',(0.886520784784,-0.462688770282,5.551115123126E-17)
  );
#801 = PCURVE('',#725,#802);
#802 = DEFINITIONAL_REPRESENTATION('',(#803),#807);
#803 = LINE('',#804,#805);
#804 = CARTESIAN_POINT('',(-8.019593785661E-02,1.08));
#805 = VECTOR('',#806,1.);
#806 = DIRECTION('',(1.,-1.772571335842E-33));
#807 = ( GEOMETRIC_REPRESENTATION_CONTEXT(2) 
PARAMETRIC_REPRESENTATION_CONTEXT() REPRESENTATION_CONTEXT('2D SPACE',''
  ) );
#808 = PCURVE('',#615,#809);
#809 = DEFINITIONAL_REPRESENTATION('',(#810),#814);
#810 = LINE('',#811,#812);
#811 = CARTESIAN_POINT('',(-0.13478972908,-7.005991032267E-02));
#812 = VECTOR('',#813,1.);
#813 = DIRECTION('',(-0.860110423177,0.510107890492));
#814 = ( GEOMETRIC_REPRESENTATION_CONTEXT(2) 
PARAMETRIC_REPRESENTATION_CONTEXT() REPRESENTATION_CONTEXT('2D SPACE',''
  ) );
#815 = ORIENTED_EDGE('',*,*,#707,.T.);
#816 = ORIENTED_EDGE('',*,*,#817,.F.);
#817 = EDGE_CURVE('',#818,#710,#820,.T.);
#818 = VERTEX_POINT('',#819);
#819 = CARTESIAN_POINT('',(0.27105525594,-0.142909838552,0.9000001));
#820 = SURFACE_CURVE('',#821,(#825,#832),.PCURVE_S1.);
#821 = LINE('',#822,#823);
#822 = CARTESIAN_POINT('',(0.192533808523,-0.101928292976,0.9000001));
#823 = VECTOR('',#824,1.);
#824 = DIRECTION('',(-0.886520784784,0.462688770282,-5.551115123126E-17)
  );
#825 = PCURVE('',#725,#826);
#826 = DEFINITIONAL_REPRESENTATION('',(#827),#831);
#827 = LINE('',#828,#829);
#828 = CARTESIAN_POINT('',(-2.132948729387E-02,2.76));
#829 = VECTOR('',#830,1.);
#830 = DIRECTION('',(-1.,1.772571335842E-33));
#831 = ( GEOMETRIC_REPRESENTATION_CONTEXT(2) 
PARAMETRIC_REPRESENTATION_CONTEXT() REPRESENTATION_CONTEXT('2D SPACE',''
  ) );
#832 = PCURVE('',#193,#833);
#833 = DEFINITIONAL_REPRESENTATION('',(#834),#838);
#834 = LINE('',#835,#836);
#835 = CARTESIAN_POINT('',(0.185421376785,-0.270831669405));
#836 = VECTOR('',#837,1.);
#837 = DIRECTION('',(-0.860110423177,-0.510107890492));
#838 = ( GEOMETRIC_REPRESENTATION_CONTEXT(2) 
PARAMETRIC_REPRESENTATION_CONTEXT() REPRESENTATION_CONTEXT('2D SPACE',''
  ) );
#839 = ORIENTED_EDGE('',*,*,#840,.F.);
#840 = EDGE_CURVE('',#794,#818,#841,.T.);
#841 = SURFACE_CURVE('',#842,(#846,#853),.PCURVE_S1.);
#842 = LINE('',#843,#844);
#843 = CARTESIAN_POINT('',(0.27105525594,-0.142909838552,3.6600001));
#844 = VECTOR('',#845,1.);
#845 = DIRECTION('',(6.245004513517E-17,1.134721110386E-33,-1.));
#846 = PCURVE('',#725,#847);
#847 = DEFINITIONAL_REPRESENTATION('',(#848),#852);
#848 = LINE('',#849,#850);
#849 = CARTESIAN_POINT('',(6.724310881987E-02,1.925543058334E-16));
#850 = VECTOR('',#851,1.);
#851 = DIRECTION('',(-3.794736636034E-34,1.));
#852 = ( GEOMETRIC_REPRESENTATION_CONTEXT(2) 
PARAMETRIC_REPRESENTATION_CONTEXT() REPRESENTATION_CONTEXT('2D SPACE',''
  ) );
#853 = PCURVE('',#854,#859);
#854 = CYLINDRICAL_SURFACE('',#855,7.6E-02);
#855 = AXIS2_PLACEMENT_3D('',#856,#857,#858);
#856 = CARTESIAN_POINT('',(0.306219602481,-7.553425890846E-02,3.6600001)
  );
#857 = DIRECTION('',(6.245004513517E-17,1.134721110386E-33,-1.));
#858 = DIRECTION('',(0.715804974981,-0.698300249027,4.857225732735E-17)
  );
#859 = DEFINITIONAL_REPRESENTATION('',(#860),#864);
#860 = LINE('',#861,#862);
#861 = CARTESIAN_POINT('',(1.278801943053,0.));
#862 = VECTOR('',#863,1.);
#863 = DIRECTION('',(0.,1.));
#864 = ( GEOMETRIC_REPRESENTATION_CONTEXT(2) 
PARAMETRIC_REPRESENTATION_CONTEXT() REPRESENTATION_CONTEXT('2D SPACE',''
  ) );
#865 = ADVANCED_FACE('',(#866),#854,.T.);
#866 = FACE_BOUND('',#867,.T.);
#867 = EDGE_LOOP('',(#868,#892,#893,#917));
#868 = ORIENTED_EDGE('',*,*,#869,.F.);
#869 = EDGE_CURVE('',#794,#870,#872,.T.);
#870 = VERTEX_POINT('',#871);
#871 = CARTESIAN_POINT('',(0.36062078058,-0.128605077835,2.5800001));
#872 = SURFACE_CURVE('',#873,(#878,#885),.PCURVE_S1.);
#873 = CIRCLE('',#874,7.6E-02);
#874 = AXIS2_PLACEMENT_3D('',#875,#876,#877);
#875 = CARTESIAN_POINT('',(0.306219602481,-7.553425890846E-02,2.5800001)
  );
#876 = DIRECTION('',(-6.384085148744E-17,4.116650723799E-18,1.));
#877 = DIRECTION('',(0.715804974981,-0.698300249027,4.857225732735E-17)
  );
#878 = PCURVE('',#854,#879);
#879 = DEFINITIONAL_REPRESENTATION('',(#880),#884);
#880 = LINE('',#881,#882);
#881 = CARTESIAN_POINT('',(6.28318530718,1.08));
#882 = VECTOR('',#883,1.);
#883 = DIRECTION('',(-1.,0.));
#884 = ( GEOMETRIC_REPRESENTATION_CONTEXT(2) 
PARAMETRIC_REPRESENTATION_CONTEXT() REPRESENTATION_CONTEXT('2D SPACE',''
  ) );
#885 = PCURVE('',#615,#886);
#886 = DEFINITIONAL_REPRESENTATION('',(#887),#891);
#887 = CIRCLE('',#888,7.6E-02);
#888 = AXIS2_PLACEMENT_2D('',#889,#890);
#889 = CARTESIAN_POINT('',(-0.300371789588,-6.02184814079E-02));
#890 = DIRECTION('',(-0.676862320957,0.736109637533));
#891 = ( GEOMETRIC_REPRESENTATION_CONTEXT(2) 
PARAMETRIC_REPRESENTATION_CONTEXT() REPRESENTATION_CONTEXT('2D SPACE',''
  ) );
#892 = ORIENTED_EDGE('',*,*,#840,.T.);
#893 = ORIENTED_EDGE('',*,*,#894,.F.);
#894 = EDGE_CURVE('',#895,#818,#897,.T.);
#895 = VERTEX_POINT('',#896);
#896 = CARTESIAN_POINT('',(0.36062078058,-0.128605077835,0.9000001));
#897 = SURFACE_CURVE('',#898,(#903,#910),.PCURVE_S1.);
#898 = CIRCLE('',#899,7.6E-02);
#899 = AXIS2_PLACEMENT_3D('',#900,#901,#902);
#900 = CARTESIAN_POINT('',(0.306219602481,-7.553425890846E-02,0.9000001)
  );
#901 = DIRECTION('',(6.384085148744E-17,-4.116650723799E-18,-1.));
#902 = DIRECTION('',(0.715804974981,-0.698300249027,4.857225732735E-17)
  );
#903 = PCURVE('',#854,#904);
#904 = DEFINITIONAL_REPRESENTATION('',(#905),#909);
#905 = LINE('',#906,#907);
#906 = CARTESIAN_POINT('',(0.,2.76));
#907 = VECTOR('',#908,1.);
#908 = DIRECTION('',(1.,0.));
#909 = ( GEOMETRIC_REPRESENTATION_CONTEXT(2) 
PARAMETRIC_REPRESENTATION_CONTEXT() REPRESENTATION_CONTEXT('2D SPACE',''
  ) );
#910 = PCURVE('',#193,#911);
#911 = DEFINITIONAL_REPRESENTATION('',(#912),#916);
#912 = CIRCLE('',#913,7.6E-02);
#913 = AXIS2_PLACEMENT_2D('',#914,#915);
#914 = CARTESIAN_POINT('',(0.300371789588,-0.291018481408));
#915 = DIRECTION('',(0.676862320957,0.736109637533));
#916 = ( GEOMETRIC_REPRESENTATION_CONTEXT(2) 
PARAMETRIC_REPRESENTATION_CONTEXT() REPRESENTATION_CONTEXT('2D SPACE',''
  ) );
#917 = ORIENTED_EDGE('',*,*,#918,.F.);
#918 = EDGE_CURVE('',#870,#895,#919,.T.);
#919 = SURFACE_CURVE('',#920,(#924,#931),.PCURVE_S1.);
#920 = LINE('',#921,#922);
#921 = CARTESIAN_POINT('',(0.36062078058,-0.128605077835,3.6600001));
#922 = VECTOR('',#923,1.);
#923 = DIRECTION('',(6.245004513517E-17,1.134721110386E-33,-1.));
#924 = PCURVE('',#854,#925);
#925 = DEFINITIONAL_REPRESENTATION('',(#926),#930);
#926 = LINE('',#927,#928);
#927 = CARTESIAN_POINT('',(0.,0.));
#928 = VECTOR('',#929,1.);
#929 = DIRECTION('',(0.,1.));
#930 = ( GEOMETRIC_REPRESENTATION_CONTEXT(2) 
PARAMETRIC_REPRESENTATION_CONTEXT() REPRESENTATION_CONTEXT('2D SPACE',''
  ) );
#931 = PCURVE('',#932,#937);
#932 = CYLINDRICAL_SURFACE('',#933,7.6E-02);
#933 = AXIS2_PLACEMENT_3D('',#934,#935,#936);
#934 = CARTESIAN_POINT('',(0.284972111854,-0.135904318889,3.6600001));
#935 = DIRECTION('',(6.245004513517E-17,1.134721110386E-33,-1.));
#936 = DIRECTION('',(0.194554714133,0.980891667417,1.387778780781E-17));
#937 = DEFINITIONAL_REPRESENTATION('',(#938),#942);
#938 = LINE('',#939,#940);
#939 = CARTESIAN_POINT('',(1.278801943053,0.));
#940 = VECTOR('',#941,1.);
#941 = DIRECTION('',(0.,1.));
#942 = ( GEOMETRIC_REPRESENTATION_CONTEXT(2) 
PARAMETRIC_REPRESENTATION_CONTEXT() REPRESENTATION_CONTEXT('2D SPACE',''
  ) );
#943 = ADVANCED_FACE('',(#944),#643,.T.);
#944 = FACE_BOUND('',#945,.T.);
#945 = EDGE_LOOP('',(#946,#970,#998,#1020));
#946 = ORIENTED_EDGE('',*,*,#947,.F.);
#947 = EDGE_CURVE('',#948,#593,#950,.T.);
#948 = VERTEX_POINT('',#949);
#949 = CARTESIAN_POINT('',(0.166018736514,-0.345570833418,2.5800001));
#950 = SURFACE_CURVE('',#951,(#956,#963),.PCURVE_S1.);
#951 = CIRCLE('',#952,7.6E-02);
#952 = AXIS2_PLACEMENT_3D('',#953,#954,#955);
#953 = CARTESIAN_POINT('',(0.107365707023,-0.297240489621,2.5800001));
#954 = DIRECTION('',(-5.966257842655E-17,1.829517043576E-18,1.));
#955 = DIRECTION('',(0.831166107315,0.556024191965,4.857225732735E-17));
#956 = PCURVE('',#643,#957);
#957 = DEFINITIONAL_REPRESENTATION('',(#958),#962);
#958 = LINE('',#959,#960);
#959 = CARTESIAN_POINT('',(6.28318530718,1.08));
#960 = VECTOR('',#961,1.);
#961 = DIRECTION('',(-1.,0.));
#962 = ( GEOMETRIC_REPRESENTATION_CONTEXT(2) 
PARAMETRIC_REPRESENTATION_CONTEXT() REPRESENTATION_CONTEXT('2D SPACE',''
  ) );
#963 = PCURVE('',#615,#964);
#964 = DEFINITIONAL_REPRESENTATION('',(#965),#969);
#965 = CIRCLE('',#966,7.6E-02);
#966 = AXIS2_PLACEMENT_2D('',#967,#968);
#967 = CARTESIAN_POINT('',(-8.97815185921E-02,0.150371789588));
#968 = DIRECTION('',(-0.860110423177,-0.510107890492));
#969 = ( GEOMETRIC_REPRESENTATION_CONTEXT(2) 
PARAMETRIC_REPRESENTATION_CONTEXT() REPRESENTATION_CONTEXT('2D SPACE',''
  ) );
#970 = ORIENTED_EDGE('',*,*,#971,.T.);
#971 = EDGE_CURVE('',#948,#972,#974,.T.);
#972 = VERTEX_POINT('',#973);
#973 = CARTESIAN_POINT('',(0.166018736514,-0.345570833418,0.9000001));
#974 = SURFACE_CURVE('',#975,(#979,#986),.PCURVE_S1.);
#975 = LINE('',#976,#977);
#976 = CARTESIAN_POINT('',(0.166018736514,-0.345570833418,3.6600001));
#977 = VECTOR('',#978,1.);
#978 = DIRECTION('',(6.245004513517E-17,1.134721110386E-33,-1.));
#979 = PCURVE('',#643,#980);
#980 = DEFINITIONAL_REPRESENTATION('',(#981),#985);
#981 = LINE('',#982,#983);
#982 = CARTESIAN_POINT('',(1.278801943053,0.));
#983 = VECTOR('',#984,1.);
#984 = DIRECTION('',(0.,1.));
#985 = ( GEOMETRIC_REPRESENTATION_CONTEXT(2) 
PARAMETRIC_REPRESENTATION_CONTEXT() REPRESENTATION_CONTEXT('2D SPACE',''
  ) );
#986 = PCURVE('',#987,#992);
#987 = CYLINDRICAL_SURFACE('',#988,7.6E-02);
#988 = AXIS2_PLACEMENT_3D('',#989,#990,#991);
#989 = CARTESIAN_POINT('',(0.165078030521,-0.269576655534,3.6600001));
#990 = DIRECTION('',(6.245004513517E-17,1.134721110386E-33,-1.));
#991 = DIRECTION('',(1.237771042495E-02,-0.999923393208,
    8.673617379884E-19));
#992 = DEFINITIONAL_REPRESENTATION('',(#993),#997);
#993 = LINE('',#994,#995);
#994 = CARTESIAN_POINT('',(0.,0.));
#995 = VECTOR('',#996,1.);
#996 = DIRECTION('',(0.,1.));
#997 = ( GEOMETRIC_REPRESENTATION_CONTEXT(2) 
PARAMETRIC_REPRESENTATION_CONTEXT() REPRESENTATION_CONTEXT('2D SPACE',''
  ) );
#998 = ORIENTED_EDGE('',*,*,#999,.F.);
#999 = EDGE_CURVE('',#628,#972,#1000,.T.);
#1000 = SURFACE_CURVE('',#1001,(#1006,#1013),.PCURVE_S1.);
#1001 = CIRCLE('',#1002,7.6E-02);
#1002 = AXIS2_PLACEMENT_3D('',#1003,#1004,#1005);
#1003 = CARTESIAN_POINT('',(0.107365707023,-0.297240489621,0.9000001));
#1004 = DIRECTION('',(5.966257842655E-17,-1.829517043576E-18,-1.));
#1005 = DIRECTION('',(0.831166107315,0.556024191965,4.857225732735E-17)
  );
#1006 = PCURVE('',#643,#1007);
#1007 = DEFINITIONAL_REPRESENTATION('',(#1008),#1012);
#1008 = LINE('',#1009,#1010);
#1009 = CARTESIAN_POINT('',(0.,2.76));
#1010 = VECTOR('',#1011,1.);
#1011 = DIRECTION('',(1.,0.));
#1012 = ( GEOMETRIC_REPRESENTATION_CONTEXT(2) 
PARAMETRIC_REPRESENTATION_CONTEXT() REPRESENTATION_CONTEXT('2D SPACE',''
  ) );
#1013 = PCURVE('',#193,#1014);
#1014 = DEFINITIONAL_REPRESENTATION('',(#1015),#1019);
#1015 = CIRCLE('',#1016,7.6E-02);
#1016 = AXIS2_PLACEMENT_2D('',#1017,#1018);
#1017 = CARTESIAN_POINT('',(8.97815185921E-02,-8.04282104124E-02));
#1018 = DIRECTION('',(0.860110423177,-0.510107890492));
#1019 = ( GEOMETRIC_REPRESENTATION_CONTEXT(2) 
PARAMETRIC_REPRESENTATION_CONTEXT() REPRESENTATION_CONTEXT('2D SPACE',''
  ) );
#1020 = ORIENTED_EDGE('',*,*,#627,.F.);
#1021 = ADVANCED_FACE('',(#1022),#1036,.F.);
#1022 = FACE_BOUND('',#1023,.T.);
#1023 = EDGE_LOOP('',(#1024,#1054,#1077,#1100));
#1024 = ORIENTED_EDGE('',*,*,#1025,.F.);
#1025 = EDGE_CURVE('',#1026,#1028,#1030,.T.);
#1026 = VERTEX_POINT('',#1027);
#1027 = CARTESIAN_POINT('',(0.299758270128,-6.135655216513E-02,2.5800001
    ));
#1028 = VERTEX_POINT('',#1029);
#1029 = CARTESIAN_POINT('',(0.233800064995,-4.827408835126E-02,2.5800001
    ));
#1030 = SURFACE_CURVE('',#1031,(#1035,#1047),.PCURVE_S1.);
#1031 = LINE('',#1032,#1033);
#1032 = CARTESIAN_POINT('',(0.16879560134,-3.538079415378E-02,2.5800001)
  );
#1033 = VECTOR('',#1034,1.);
#1034 = DIRECTION('',(-0.980891667417,0.194554714133,-6.938893903907E-17
    ));
#1035 = PCURVE('',#1036,#1041);
#1036 = PLANE('',#1037);
#1037 = AXIS2_PLACEMENT_3D('',#1038,#1039,#1040);
#1038 = CARTESIAN_POINT('',(0.299758270128,-6.135655216513E-02,3.6600001
    ));
#1039 = DIRECTION('',(-0.194554714133,-0.980891667417,
    -1.040834085586E-17));
#1040 = DIRECTION('',(-0.980891667417,0.194554714133,-6.938893903907E-17
    ));
#1041 = DEFINITIONAL_REPRESENTATION('',(#1042),#1046);
#1042 = LINE('',#1043,#1044);
#1043 = CARTESIAN_POINT('',(0.133513896731,1.08));
#1044 = VECTOR('',#1045,1.);
#1045 = DIRECTION('',(1.,6.938893903907E-18));
#1046 = ( GEOMETRIC_REPRESENTATION_CONTEXT(2) 
PARAMETRIC_REPRESENTATION_CONTEXT() REPRESENTATION_CONTEXT('2D SPACE',''
  ) );
#1047 = PCURVE('',#615,#1048);
#1048 = DEFINITIONAL_REPRESENTATION('',(#1049),#1053);
#1049 = LINE('',#1050,#1051);
#1050 = CARTESIAN_POINT('',(-0.165328858706,-0.10776912431));
#1051 = VECTOR('',#1052,1.);
#1052 = DIRECTION('',(0.968890661301,-0.247489164294));
#1053 = ( GEOMETRIC_REPRESENTATION_CONTEXT(2) 
PARAMETRIC_REPRESENTATION_CONTEXT() REPRESENTATION_CONTEXT('2D SPACE',''
  ) );
#1054 = ORIENTED_EDGE('',*,*,#1055,.T.);
#1055 = EDGE_CURVE('',#1026,#1056,#1058,.T.);
#1056 = VERTEX_POINT('',#1057);
#1057 = CARTESIAN_POINT('',(0.299758270128,-6.135655216513E-02,0.9000001
    ));
#1058 = SURFACE_CURVE('',#1059,(#1063,#1070),.PCURVE_S1.);
#1059 = LINE('',#1060,#1061);
#1060 = CARTESIAN_POINT('',(0.299758270128,-6.135655216513E-02,3.6600001
    ));
#1061 = VECTOR('',#1062,1.);
#1062 = DIRECTION('',(6.245004513517E-17,1.134721110386E-33,-1.));
#1063 = PCURVE('',#1036,#1064);
#1064 = DEFINITIONAL_REPRESENTATION('',(#1065),#1069);
#1065 = LINE('',#1066,#1067);
#1066 = CARTESIAN_POINT('',(0.,0.));
#1067 = VECTOR('',#1068,1.);
#1068 = DIRECTION('',(6.607844310006E-18,1.));
#1069 = ( GEOMETRIC_REPRESENTATION_CONTEXT(2) 
PARAMETRIC_REPRESENTATION_CONTEXT() REPRESENTATION_CONTEXT('2D SPACE',''
  ) );
#1070 = PCURVE('',#932,#1071);
#1071 = DEFINITIONAL_REPRESENTATION('',(#1072),#1076);
#1072 = LINE('',#1073,#1074);
#1073 = CARTESIAN_POINT('',(0.,0.));
#1074 = VECTOR('',#1075,1.);
#1075 = DIRECTION('',(0.,1.));
#1076 = ( GEOMETRIC_REPRESENTATION_CONTEXT(2) 
PARAMETRIC_REPRESENTATION_CONTEXT() REPRESENTATION_CONTEXT('2D SPACE',''
  ) );
#1077 = ORIENTED_EDGE('',*,*,#1078,.F.);
#1078 = EDGE_CURVE('',#1079,#1056,#1081,.T.);
#1079 = VERTEX_POINT('',#1080);
#1080 = CARTESIAN_POINT('',(0.233800064995,-4.827408835126E-02,0.9000001
    ));
#1081 = SURFACE_CURVE('',#1082,(#1086,#1093),.PCURVE_S1.);
#1082 = LINE('',#1083,#1084);
#1083 = CARTESIAN_POINT('',(0.196810112152,-4.093732534241E-02,0.9000001
    ));
#1084 = VECTOR('',#1085,1.);
#1085 = DIRECTION('',(0.980891667417,-0.194554714133,6.938893903907E-17)
  );
#1086 = PCURVE('',#1036,#1087);
#1087 = DEFINITIONAL_REPRESENTATION('',(#1088),#1092);
#1088 = LINE('',#1089,#1090);
#1089 = CARTESIAN_POINT('',(0.104953647172,2.76));
#1090 = VECTOR('',#1091,1.);
#1091 = DIRECTION('',(-1.,-6.938893903907E-18));
#1092 = ( GEOMETRIC_REPRESENTATION_CONTEXT(2) 
PARAMETRIC_REPRESENTATION_CONTEXT() REPRESENTATION_CONTEXT('2D SPACE',''
  ) );
#1093 = PCURVE('',#193,#1094);
#1094 = DEFINITIONAL_REPRESENTATION('',(#1095),#1099);
#1095 = LINE('',#1096,#1097);
#1096 = CARTESIAN_POINT('',(0.193000617788,-0.331500772014));
#1097 = VECTOR('',#1098,1.);
#1098 = DIRECTION('',(0.968890661301,0.247489164294));
#1099 = ( GEOMETRIC_REPRESENTATION_CONTEXT(2) 
PARAMETRIC_REPRESENTATION_CONTEXT() REPRESENTATION_CONTEXT('2D SPACE',''
  ) );
#1100 = ORIENTED_EDGE('',*,*,#1101,.F.);
#1101 = EDGE_CURVE('',#1028,#1079,#1102,.T.);
#1102 = SURFACE_CURVE('',#1103,(#1107,#1114),.PCURVE_S1.);
#1103 = LINE('',#1104,#1105);
#1104 = CARTESIAN_POINT('',(0.233800064995,-4.827408835126E-02,3.6600001
    ));
#1105 = VECTOR('',#1106,1.);
#1106 = DIRECTION('',(6.245004513517E-17,1.134721110386E-33,-1.));
#1107 = PCURVE('',#1036,#1108);
#1108 = DEFINITIONAL_REPRESENTATION('',(#1109),#1113);
#1109 = LINE('',#1110,#1111);
#1110 = CARTESIAN_POINT('',(6.724310881987E-02,-7.849623728795E-17));
#1111 = VECTOR('',#1112,1.);
#1112 = DIRECTION('',(6.607844310006E-18,1.));
#1113 = ( GEOMETRIC_REPRESENTATION_CONTEXT(2) 
PARAMETRIC_REPRESENTATION_CONTEXT() REPRESENTATION_CONTEXT('2D SPACE',''
  ) );
#1114 = PCURVE('',#1115,#1120);
#1115 = CYLINDRICAL_SURFACE('',#1116,6.051475150849E-02);
#1116 = AXIS2_PLACEMENT_3D('',#1117,#1118,#1119);
#1117 = CARTESIAN_POINT('',(0.245573495176,1.108432715924E-02,3.6600001)
  );
#1118 = DIRECTION('',(6.245004513517E-17,1.134721110386E-33,-1.));
#1119 = DIRECTION('',(0.194554714133,0.980891667417,1.040834085586E-17)
  );
#1120 = DEFINITIONAL_REPRESENTATION('',(#1121),#1125);
#1121 = LINE('',#1122,#1123);
#1122 = CARTESIAN_POINT('',(3.14159265359,0.));
#1123 = VECTOR('',#1124,1.);
#1124 = DIRECTION('',(0.,1.));
#1125 = ( GEOMETRIC_REPRESENTATION_CONTEXT(2) 
PARAMETRIC_REPRESENTATION_CONTEXT() REPRESENTATION_CONTEXT('2D SPACE',''
  ) );
#1126 = ADVANCED_FACE('',(#1127),#1115,.F.);
#1127 = FACE_BOUND('',#1128,.F.);
#1128 = EDGE_LOOP('',(#1129,#1159,#1185,#1186));
#1129 = ORIENTED_EDGE('',*,*,#1130,.T.);
#1130 = EDGE_CURVE('',#1131,#1133,#1135,.T.);
#1131 = VERTEX_POINT('',#1132);
#1132 = CARTESIAN_POINT('',(0.227437557492,6.881753176853E-02,2.5800001)
  );
#1133 = VERTEX_POINT('',#1134);
#1134 = CARTESIAN_POINT('',(0.227437557492,6.881753176853E-02,0.9000001)
  );
#1135 = SURFACE_CURVE('',#1136,(#1140,#1147),.PCURVE_S1.);
#1136 = LINE('',#1137,#1138);
#1137 = CARTESIAN_POINT('',(0.227437557492,6.881753176853E-02,3.6600001)
  );
#1138 = VECTOR('',#1139,1.);
#1139 = DIRECTION('',(6.245004513517E-17,1.134721110386E-33,-1.));
#1140 = PCURVE('',#1115,#1141);
#1141 = DEFINITIONAL_REPRESENTATION('',(#1142),#1146);
#1142 = LINE('',#1143,#1144);
#1143 = CARTESIAN_POINT('',(5.783009427513,0.));
#1144 = VECTOR('',#1145,1.);
#1145 = DIRECTION('',(0.,1.));
#1146 = ( GEOMETRIC_REPRESENTATION_CONTEXT(2) 
PARAMETRIC_REPRESENTATION_CONTEXT() REPRESENTATION_CONTEXT('2D SPACE',''
  ) );
#1147 = PCURVE('',#1148,#1153);
#1148 = PLANE('',#1149);
#1149 = AXIS2_PLACEMENT_3D('',#1150,#1151,#1152);
#1150 = CARTESIAN_POINT('',(0.227437557492,6.881753176853E-02,3.6600001)
  );
#1151 = DIRECTION('',(-0.299694491539,0.954035225629,-1.734723475977E-17
    ));
#1152 = DIRECTION('',(0.954035225629,0.299694491539,6.245004513517E-17)
  );
#1153 = DEFINITIONAL_REPRESENTATION('',(#1154),#1158);
#1154 = LINE('',#1155,#1156);
#1155 = CARTESIAN_POINT('',(0.,0.));
#1156 = VECTOR('',#1157,1.);
#1157 = DIRECTION('',(9.919811564357E-19,1.));
#1158 = ( GEOMETRIC_REPRESENTATION_CONTEXT(2) 
PARAMETRIC_REPRESENTATION_CONTEXT() REPRESENTATION_CONTEXT('2D SPACE',''
  ) );
#1159 = ORIENTED_EDGE('',*,*,#1160,.T.);
#1160 = EDGE_CURVE('',#1133,#1079,#1161,.T.);
#1161 = SURFACE_CURVE('',#1162,(#1167,#1174),.PCURVE_S1.);
#1162 = CIRCLE('',#1163,6.051475150849E-02);
#1163 = AXIS2_PLACEMENT_3D('',#1164,#1165,#1166);
#1164 = CARTESIAN_POINT('',(0.245573495176,1.108432715924E-02,0.9000001)
  );
#1165 = DIRECTION('',(-7.008802389416E-17,3.290490381587E-18,1.));
#1166 = DIRECTION('',(0.194554714133,0.980891667417,1.040834085586E-17)
  );
#1167 = PCURVE('',#1115,#1168);
#1168 = DEFINITIONAL_REPRESENTATION('',(#1169),#1173);
#1169 = LINE('',#1170,#1171);
#1170 = CARTESIAN_POINT('',(6.28318530718,2.76));
#1171 = VECTOR('',#1172,1.);
#1172 = DIRECTION('',(-1.,0.));
#1173 = ( GEOMETRIC_REPRESENTATION_CONTEXT(2) 
PARAMETRIC_REPRESENTATION_CONTEXT() REPRESENTATION_CONTEXT('2D SPACE',''
  ) );
#1174 = PCURVE('',#193,#1175);
#1175 = DEFINITIONAL_REPRESENTATION('',(#1176),#1184);
#1176 = ( BOUNDED_CURVE() B_SPLINE_CURVE(2,(#1177,#1178,#1179,#1180,
#1181,#1182,#1183),.UNSPECIFIED.,.T.,.F.) B_SPLINE_CURVE_WITH_KNOTS((1,2
    ,2,2,2,1),(-2.094395102393,0.,2.094395102393,4.188790204786,
6.28318530718,8.377580409573),.UNSPECIFIED.) CURVE() 
GEOMETRIC_REPRESENTATION_ITEM() RATIONAL_B_SPLINE_CURVE((1.,0.5,1.,0.5,
1.,0.5,1.)) REPRESENTATION_ITEM('') );
#1177 = CARTESIAN_POINT('',(0.259491496787,-0.439432177608));
#1178 = CARTESIAN_POINT('',(0.157937586212,-0.465372661362));
#1179 = CARTESIAN_POINT('',(0.186249423582,-0.364454153073));
#1180 = CARTESIAN_POINT('',(0.214561260952,-0.263535644785));
#1181 = CARTESIAN_POINT('',(0.287803334157,-0.338513669319));
#1182 = CARTESIAN_POINT('',(0.361045407361,-0.413491693853));
#1183 = CARTESIAN_POINT('',(0.259491496787,-0.439432177608));
#1184 = ( GEOMETRIC_REPRESENTATION_CONTEXT(2) 
PARAMETRIC_REPRESENTATION_CONTEXT() REPRESENTATION_CONTEXT('2D SPACE',''
  ) );
#1185 = ORIENTED_EDGE('',*,*,#1101,.F.);
#1186 = ORIENTED_EDGE('',*,*,#1187,.T.);
#1187 = EDGE_CURVE('',#1028,#1131,#1188,.T.);
#1188 = SURFACE_CURVE('',#1189,(#1194,#1201),.PCURVE_S1.);
#1189 = CIRCLE('',#1190,6.051475150849E-02);
#1190 = AXIS2_PLACEMENT_3D('',#1191,#1192,#1193);
#1191 = CARTESIAN_POINT('',(0.245573495176,1.108432715924E-02,2.5800001)
  );
#1192 = DIRECTION('',(7.008802389416E-17,-3.290490381587E-18,-1.));
#1193 = DIRECTION('',(0.194554714133,0.980891667417,1.040834085586E-17)
  );
#1194 = PCURVE('',#1115,#1195);
#1195 = DEFINITIONAL_REPRESENTATION('',(#1196),#1200);
#1196 = LINE('',#1197,#1198);
#1197 = CARTESIAN_POINT('',(0.,1.08));
#1198 = VECTOR('',#1199,1.);
#1199 = DIRECTION('',(1.,0.));
#1200 = ( GEOMETRIC_REPRESENTATION_CONTEXT(2) 
PARAMETRIC_REPRESENTATION_CONTEXT() REPRESENTATION_CONTEXT('2D SPACE',''
  ) );
#1201 = PCURVE('',#615,#1202);
#1202 = DEFINITIONAL_REPRESENTATION('',(#1203),#1211);
#1203 = ( BOUNDED_CURVE() B_SPLINE_CURVE(2,(#1204,#1205,#1206,#1207,
#1208,#1209,#1210),.UNSPECIFIED.,.T.,.F.) B_SPLINE_CURVE_WITH_KNOTS((1,2
    ,2,2,2,1),(-2.094395102393,0.,2.094395102393,4.188790204786,
6.28318530718,8.377580409573),.UNSPECIFIED.) CURVE() 
GEOMETRIC_REPRESENTATION_ITEM() RATIONAL_B_SPLINE_CURVE((1.,0.5,1.,0.5,
1.,0.5,1.)) REPRESENTATION_ITEM('') );
#1204 = CARTESIAN_POINT('',(-0.259491496787,-0.208632177608));
#1205 = CARTESIAN_POINT('',(-0.361045407361,-0.182691693853));
#1206 = CARTESIAN_POINT('',(-0.287803334157,-0.107713669319));
#1207 = CARTESIAN_POINT('',(-0.214561260952,-3.273564478492E-02));
#1208 = CARTESIAN_POINT('',(-0.186249423582,-0.133654153073));
#1209 = CARTESIAN_POINT('',(-0.157937586212,-0.234572661362));
#1210 = CARTESIAN_POINT('',(-0.259491496787,-0.208632177608));
#1211 = ( GEOMETRIC_REPRESENTATION_CONTEXT(2) 
PARAMETRIC_REPRESENTATION_CONTEXT() REPRESENTATION_CONTEXT('2D SPACE',''
  ) );
#1212 = ADVANCED_FACE('',(#1213),#1148,.F.);
#1213 = FACE_BOUND('',#1214,.T.);
#1214 = EDGE_LOOP('',(#1215,#1238,#1239,#1262));
#1215 = ORIENTED_EDGE('',*,*,#1216,.F.);
#1216 = EDGE_CURVE('',#1131,#1217,#1219,.T.);
#1217 = VERTEX_POINT('',#1218);
#1218 = CARTESIAN_POINT('',(0.291589851987,8.896992107578E-02,2.5800001)
  );
#1219 = SURFACE_CURVE('',#1220,(#1224,#1231),.PCURVE_S1.);
#1220 = LINE('',#1221,#1222);
#1221 = CARTESIAN_POINT('',(9.671973704203E-02,2.775467613974E-02,
    2.5800001));
#1222 = VECTOR('',#1223,1.);
#1223 = DIRECTION('',(0.954035225629,0.299694491539,6.245004513517E-17)
  );
#1224 = PCURVE('',#1148,#1225);
#1225 = DEFINITIONAL_REPRESENTATION('',(#1226),#1230);
#1226 = LINE('',#1227,#1228);
#1227 = CARTESIAN_POINT('',(-0.137015716966,1.08));
#1228 = VECTOR('',#1229,1.);
#1229 = DIRECTION('',(1.,1.148136499806E-33));
#1230 = ( GEOMETRIC_REPRESENTATION_CONTEXT(2) 
PARAMETRIC_REPRESENTATION_CONTEXT() REPRESENTATION_CONTEXT('2D SPACE',''
  ) );
#1231 = PCURVE('',#615,#1232);
#1232 = DEFINITIONAL_REPRESENTATION('',(#1233),#1237);
#1233 = LINE('',#1234,#1235);
#1234 = CARTESIAN_POINT('',(-9.678475761073E-02,-0.174722272321));
#1235 = VECTOR('',#1236,1.);
#1236 = DIRECTION('',(-0.968890661301,-0.247489164294));
#1237 = ( GEOMETRIC_REPRESENTATION_CONTEXT(2) 
PARAMETRIC_REPRESENTATION_CONTEXT() REPRESENTATION_CONTEXT('2D SPACE',''
  ) );
#1238 = ORIENTED_EDGE('',*,*,#1130,.T.);
#1239 = ORIENTED_EDGE('',*,*,#1240,.F.);
#1240 = EDGE_CURVE('',#1241,#1133,#1243,.T.);
#1241 = VERTEX_POINT('',#1242);
#1242 = CARTESIAN_POINT('',(0.291589851987,8.896992107578E-02,0.9000001)
  );
#1243 = SURFACE_CURVE('',#1244,(#1248,#1255),.PCURVE_S1.);
#1244 = LINE('',#1245,#1246);
#1245 = CARTESIAN_POINT('',(6.947225290943E-02,1.919532666977E-02,
    0.9000001));
#1246 = VECTOR('',#1247,1.);
#1247 = DIRECTION('',(-0.954035225629,-0.299694491539,
    -6.245004513517E-17));
#1248 = PCURVE('',#1148,#1249);
#1249 = DEFINITIONAL_REPRESENTATION('',(#1250),#1254);
#1250 = LINE('',#1251,#1252);
#1251 = CARTESIAN_POINT('',(-0.165575966525,2.76));
#1252 = VECTOR('',#1253,1.);
#1253 = DIRECTION('',(-1.,-1.148136499806E-33));
#1254 = ( GEOMETRIC_REPRESENTATION_CONTEXT(2) 
PARAMETRIC_REPRESENTATION_CONTEXT() REPRESENTATION_CONTEXT('2D SPACE',''
  ) );
#1255 = PCURVE('',#193,#1256);
#1256 = DEFINITIONAL_REPRESENTATION('',(#1257),#1261);
#1257 = LINE('',#1258,#1259);
#1258 = CARTESIAN_POINT('',(6.911299852802E-02,-0.398453920025));
#1259 = VECTOR('',#1260,1.);
#1260 = DIRECTION('',(-0.968890661301,0.247489164294));
#1261 = ( GEOMETRIC_REPRESENTATION_CONTEXT(2) 
PARAMETRIC_REPRESENTATION_CONTEXT() REPRESENTATION_CONTEXT('2D SPACE',''
  ) );
#1262 = ORIENTED_EDGE('',*,*,#1263,.F.);
#1263 = EDGE_CURVE('',#1217,#1241,#1264,.T.);
#1264 = SURFACE_CURVE('',#1265,(#1269,#1276),.PCURVE_S1.);
#1265 = LINE('',#1266,#1267);
#1266 = CARTESIAN_POINT('',(0.291589851987,8.896992107578E-02,3.6600001)
  );
#1267 = VECTOR('',#1268,1.);
#1268 = DIRECTION('',(6.245004513517E-17,1.134721110386E-33,-1.));
#1269 = PCURVE('',#1148,#1270);
#1270 = DEFINITIONAL_REPRESENTATION('',(#1271),#1275);
#1271 = LINE('',#1272,#1273);
#1272 = CARTESIAN_POINT('',(6.724310881987E-02,-1.322726650432E-16));
#1273 = VECTOR('',#1274,1.);
#1274 = DIRECTION('',(9.919811564357E-19,1.));
#1275 = ( GEOMETRIC_REPRESENTATION_CONTEXT(2) 
PARAMETRIC_REPRESENTATION_CONTEXT() REPRESENTATION_CONTEXT('2D SPACE',''
  ) );
#1276 = PCURVE('',#1277,#1282);
#1277 = CYLINDRICAL_SURFACE('',#1278,7.6E-02);
#1278 = AXIS2_PLACEMENT_3D('',#1279,#1280,#1281);
#1279 = CARTESIAN_POINT('',(0.26881307063,0.161476598224,3.6600001));
#1280 = DIRECTION('',(6.245004513517E-17,1.134721110386E-33,-1.));
#1281 = DIRECTION('',(0.999923393208,1.237771042495E-02,
    5.551115123126E-17));
#1282 = DEFINITIONAL_REPRESENTATION('',(#1283),#1287);
#1283 = LINE('',#1284,#1285);
#1284 = CARTESIAN_POINT('',(1.278801943053,0.));
#1285 = VECTOR('',#1286,1.);
#1286 = DIRECTION('',(0.,1.));
#1287 = ( GEOMETRIC_REPRESENTATION_CONTEXT(2) 
PARAMETRIC_REPRESENTATION_CONTEXT() REPRESENTATION_CONTEXT('2D SPACE',''
  ) );
#1288 = ADVANCED_FACE('',(#1289),#1277,.T.);
#1289 = FACE_BOUND('',#1290,.T.);
#1290 = EDGE_LOOP('',(#1291,#1315,#1316,#1340));
#1291 = ORIENTED_EDGE('',*,*,#1292,.F.);
#1292 = EDGE_CURVE('',#1217,#1293,#1295,.T.);
#1293 = VERTEX_POINT('',#1294);
#1294 = CARTESIAN_POINT('',(0.344807248514,0.162417304216,2.5800001));
#1295 = SURFACE_CURVE('',#1296,(#1301,#1308),.PCURVE_S1.);
#1296 = CIRCLE('',#1297,7.6E-02);
#1297 = AXIS2_PLACEMENT_3D('',#1298,#1299,#1300);
#1298 = CARTESIAN_POINT('',(0.26881307063,0.161476598224,2.5800001));
#1299 = DIRECTION('',(-5.551763465247E-17,1.801943368921E-19,1.));
#1300 = DIRECTION('',(0.999923393208,1.237771042495E-02,
    5.551115123126E-17));
#1301 = PCURVE('',#1277,#1302);
#1302 = DEFINITIONAL_REPRESENTATION('',(#1303),#1307);
#1303 = LINE('',#1304,#1305);
#1304 = CARTESIAN_POINT('',(6.28318530718,1.08));
#1305 = VECTOR('',#1306,1.);
#1306 = DIRECTION('',(-1.,0.));
#1307 = ( GEOMETRIC_REPRESENTATION_CONTEXT(2) 
PARAMETRIC_REPRESENTATION_CONTEXT() REPRESENTATION_CONTEXT('2D SPACE',''
  ) );
#1308 = PCURVE('',#615,#1309);
#1309 = DEFINITIONAL_REPRESENTATION('',(#1310),#1314);
#1310 = CIRCLE('',#1311,7.6E-02);
#1311 = AXIS2_PLACEMENT_2D('',#1312,#1313);
#1312 = CARTESIAN_POINT('',(-0.275880049916,-0.298909808673));
#1313 = DIRECTION('',(-0.999122053475,4.189417931841E-02));
#1314 = ( GEOMETRIC_REPRESENTATION_CONTEXT(2) 
PARAMETRIC_REPRESENTATION_CONTEXT() REPRESENTATION_CONTEXT('2D SPACE',''
  ) );
#1315 = ORIENTED_EDGE('',*,*,#1263,.T.);
#1316 = ORIENTED_EDGE('',*,*,#1317,.F.);
#1317 = EDGE_CURVE('',#1318,#1241,#1320,.T.);
#1318 = VERTEX_POINT('',#1319);
#1319 = CARTESIAN_POINT('',(0.344807248514,0.162417304216,0.9000001));
#1320 = SURFACE_CURVE('',#1321,(#1326,#1333),.PCURVE_S1.);
#1321 = CIRCLE('',#1322,7.6E-02);
#1322 = AXIS2_PLACEMENT_3D('',#1323,#1324,#1325);
#1323 = CARTESIAN_POINT('',(0.26881307063,0.161476598224,0.9000001));
#1324 = DIRECTION('',(5.551763465247E-17,-1.801943368921E-19,-1.));
#1325 = DIRECTION('',(0.999923393208,1.237771042495E-02,
    5.551115123126E-17));
#1326 = PCURVE('',#1277,#1327);
#1327 = DEFINITIONAL_REPRESENTATION('',(#1328),#1332);
#1328 = LINE('',#1329,#1330);
#1329 = CARTESIAN_POINT('',(0.,2.76));
#1330 = VECTOR('',#1331,1.);
#1331 = DIRECTION('',(1.,0.));
#1332 = ( GEOMETRIC_REPRESENTATION_CONTEXT(2) 
PARAMETRIC_REPRESENTATION_CONTEXT() REPRESENTATION_CONTEXT('2D SPACE',''
  ) );
#1333 = PCURVE('',#193,#1334);
#1334 = DEFINITIONAL_REPRESENTATION('',(#1335),#1339);
#1335 = CIRCLE('',#1336,7.6E-02);
#1336 = AXIS2_PLACEMENT_2D('',#1337,#1338);
#1337 = CARTESIAN_POINT('',(0.275880049916,-0.529709808673));
#1338 = DIRECTION('',(0.999122053475,4.189417931841E-02));
#1339 = ( GEOMETRIC_REPRESENTATION_CONTEXT(2) 
PARAMETRIC_REPRESENTATION_CONTEXT() REPRESENTATION_CONTEXT('2D SPACE',''
  ) );
#1340 = ORIENTED_EDGE('',*,*,#1341,.F.);
#1341 = EDGE_CURVE('',#1293,#1318,#1342,.T.);
#1342 = SURFACE_CURVE('',#1343,(#1347,#1354),.PCURVE_S1.);
#1343 = LINE('',#1344,#1345);
#1344 = CARTESIAN_POINT('',(0.344807248514,0.162417304216,3.6600001));
#1345 = VECTOR('',#1346,1.);
#1346 = DIRECTION('',(6.245004513517E-17,1.134721110386E-33,-1.));
#1347 = PCURVE('',#1277,#1348);
#1348 = DEFINITIONAL_REPRESENTATION('',(#1349),#1353);
#1349 = LINE('',#1350,#1351);
#1350 = CARTESIAN_POINT('',(0.,0.));
#1351 = VECTOR('',#1352,1.);
#1352 = DIRECTION('',(0.,1.));
#1353 = ( GEOMETRIC_REPRESENTATION_CONTEXT(2) 
PARAMETRIC_REPRESENTATION_CONTEXT() REPRESENTATION_CONTEXT('2D SPACE',''
  ) );
#1354 = PCURVE('',#1355,#1360);
#1355 = CYLINDRICAL_SURFACE('',#1356,7.6E-02);
#1356 = AXIS2_PLACEMENT_3D('',#1357,#1358,#1359);
#1357 = CARTESIAN_POINT('',(0.296476904717,0.103764274725,3.6600001));
#1358 = DIRECTION('',(6.245004513517E-17,1.134721110386E-33,-1.));
#1359 = DIRECTION('',(-0.556024191965,0.831166107315,-3.469446951954E-17
    ));
#1360 = DEFINITIONAL_REPRESENTATION('',(#1361),#1365);
#1361 = LINE('',#1362,#1363);
#1362 = CARTESIAN_POINT('',(1.278801943053,0.));
#1363 = VECTOR('',#1364,1.);
#1364 = DIRECTION('',(0.,1.));
#1365 = ( GEOMETRIC_REPRESENTATION_CONTEXT(2) 
PARAMETRIC_REPRESENTATION_CONTEXT() REPRESENTATION_CONTEXT('2D SPACE',''
  ) );
#1366 = ADVANCED_FACE('',(#1367),#932,.T.);
#1367 = FACE_BOUND('',#1368,.T.);
#1368 = EDGE_LOOP('',(#1369,#1391,#1392,#1414));
#1369 = ORIENTED_EDGE('',*,*,#1370,.F.);
#1370 = EDGE_CURVE('',#870,#1026,#1371,.T.);
#1371 = SURFACE_CURVE('',#1372,(#1377,#1384),.PCURVE_S1.);
#1372 = CIRCLE('',#1373,7.6E-02);
#1373 = AXIS2_PLACEMENT_3D('',#1374,#1375,#1376);
#1374 = CARTESIAN_POINT('',(0.284972111854,-0.135904318889,2.5800001));
#1375 = DIRECTION('',(-6.395671794266E-17,-1.462655744004E-18,1.));
#1376 = DIRECTION('',(0.194554714133,0.980891667417,1.387778780781E-17)
  );
#1377 = PCURVE('',#932,#1378);
#1378 = DEFINITIONAL_REPRESENTATION('',(#1379),#1383);
#1379 = LINE('',#1380,#1381);
#1380 = CARTESIAN_POINT('',(6.28318530718,1.08));
#1381 = VECTOR('',#1382,1.);
#1382 = DIRECTION('',(-1.,0.));
#1383 = ( GEOMETRIC_REPRESENTATION_CONTEXT(2) 
PARAMETRIC_REPRESENTATION_CONTEXT() REPRESENTATION_CONTEXT('2D SPACE',''
  ) );
#1384 = PCURVE('',#615,#1385);
#1385 = DEFINITIONAL_REPRESENTATION('',(#1386),#1390);
#1386 = CIRCLE('',#1387,7.6E-02);
#1387 = AXIS2_PLACEMENT_2D('',#1388,#1389);
#1388 = CARTESIAN_POINT('',(-0.275880049916,-1.090191327174E-03));
#1389 = DIRECTION('',(-0.247489164294,-0.968890661301));
#1390 = ( GEOMETRIC_REPRESENTATION_CONTEXT(2) 
PARAMETRIC_REPRESENTATION_CONTEXT() REPRESENTATION_CONTEXT('2D SPACE',''
  ) );
#1391 = ORIENTED_EDGE('',*,*,#918,.T.);
#1392 = ORIENTED_EDGE('',*,*,#1393,.F.);
#1393 = EDGE_CURVE('',#1056,#895,#1394,.T.);
#1394 = SURFACE_CURVE('',#1395,(#1400,#1407),.PCURVE_S1.);
#1395 = CIRCLE('',#1396,7.6E-02);
#1396 = AXIS2_PLACEMENT_3D('',#1397,#1398,#1399);
#1397 = CARTESIAN_POINT('',(0.284972111854,-0.135904318889,0.9000001));
#1398 = DIRECTION('',(6.395671794266E-17,1.462655744004E-18,-1.));
#1399 = DIRECTION('',(0.194554714133,0.980891667417,1.387778780781E-17)
  );
#1400 = PCURVE('',#932,#1401);
#1401 = DEFINITIONAL_REPRESENTATION('',(#1402),#1406);
#1402 = LINE('',#1403,#1404);
#1403 = CARTESIAN_POINT('',(0.,2.76));
#1404 = VECTOR('',#1405,1.);
#1405 = DIRECTION('',(1.,0.));
#1406 = ( GEOMETRIC_REPRESENTATION_CONTEXT(2) 
PARAMETRIC_REPRESENTATION_CONTEXT() REPRESENTATION_CONTEXT('2D SPACE',''
  ) );
#1407 = PCURVE('',#193,#1408);
#1408 = DEFINITIONAL_REPRESENTATION('',(#1409),#1413);
#1409 = CIRCLE('',#1410,7.6E-02);
#1410 = AXIS2_PLACEMENT_2D('',#1411,#1412);
#1411 = CARTESIAN_POINT('',(0.275880049916,-0.231890191327));
#1412 = DIRECTION('',(0.247489164294,-0.968890661301));
#1413 = ( GEOMETRIC_REPRESENTATION_CONTEXT(2) 
PARAMETRIC_REPRESENTATION_CONTEXT() REPRESENTATION_CONTEXT('2D SPACE',''
  ) );
#1414 = ORIENTED_EDGE('',*,*,#1055,.F.);
#1415 = ADVANCED_FACE('',(#1416),#1430,.F.);
#1416 = FACE_BOUND('',#1417,.T.);
#1417 = EDGE_LOOP('',(#1418,#1448,#1471,#1494));
#1418 = ORIENTED_EDGE('',*,*,#1419,.F.);
#1419 = EDGE_CURVE('',#1420,#1422,#1424,.T.);
#1420 = VERTEX_POINT('',#1421);
#1421 = CARTESIAN_POINT('',(0.254219066128,0.166932898881,2.5800001));
#1422 = VERTEX_POINT('',#1423);
#1423 = CARTESIAN_POINT('',(0.198328873126,0.129544103634,2.5800001));
#1424 = SURFACE_CURVE('',#1425,(#1429,#1441),.PCURVE_S1.);
#1425 = LINE('',#1426,#1427);
#1426 = CARTESIAN_POINT('',(9.602016568837E-02,6.11027705681E-02,
    2.5800001));
#1427 = VECTOR('',#1428,1.);
#1428 = DIRECTION('',(-0.831166107315,-0.556024191965,
    -4.857225732735E-17));
#1429 = PCURVE('',#1430,#1435);
#1430 = PLANE('',#1431);
#1431 = AXIS2_PLACEMENT_3D('',#1432,#1433,#1434);
#1432 = CARTESIAN_POINT('',(0.254219066128,0.166932898881,3.6600001));
#1433 = DIRECTION('',(0.556024191965,-0.831166107315,3.816391647149E-17)
  );
#1434 = DIRECTION('',(-0.831166107315,-0.556024191965,
    -4.857225732735E-17));
#1435 = DEFINITIONAL_REPRESENTATION('',(#1436),#1440);
#1436 = LINE('',#1437,#1438);
#1437 = CARTESIAN_POINT('',(0.19033367584,1.08));
#1438 = VECTOR('',#1439,1.);
#1439 = DIRECTION('',(1.,-2.13014148606E-33));
#1440 = ( GEOMETRIC_REPRESENTATION_CONTEXT(2) 
PARAMETRIC_REPRESENTATION_CONTEXT() REPRESENTATION_CONTEXT('2D SPACE',''
  ) );
#1441 = PCURVE('',#615,#1442);
#1442 = DEFINITIONAL_REPRESENTATION('',(#1443),#1447);
#1443 = LINE('',#1444,#1445);
#1444 = CARTESIAN_POINT('',(-9.789561143835E-02,-0.208059200881));
#1445 = VECTOR('',#1446,1.);
#1446 = DIRECTION('',(0.860110423177,0.510107890492));
#1447 = ( GEOMETRIC_REPRESENTATION_CONTEXT(2) 
PARAMETRIC_REPRESENTATION_CONTEXT() REPRESENTATION_CONTEXT('2D SPACE',''
  ) );
#1448 = ORIENTED_EDGE('',*,*,#1449,.T.);
#1449 = EDGE_CURVE('',#1420,#1450,#1452,.T.);
#1450 = VERTEX_POINT('',#1451);
#1451 = CARTESIAN_POINT('',(0.254219066128,0.166932898881,0.9000001));
#1452 = SURFACE_CURVE('',#1453,(#1457,#1464),.PCURVE_S1.);
#1453 = LINE('',#1454,#1455);
#1454 = CARTESIAN_POINT('',(0.254219066128,0.166932898881,3.6600001));
#1455 = VECTOR('',#1456,1.);
#1456 = DIRECTION('',(6.245004513517E-17,1.134721110386E-33,-1.));
#1457 = PCURVE('',#1430,#1458);
#1458 = DEFINITIONAL_REPRESENTATION('',(#1459),#1463);
#1459 = LINE('',#1460,#1461);
#1460 = CARTESIAN_POINT('',(-0.,0.));
#1461 = VECTOR('',#1462,1.);
#1462 = DIRECTION('',(1.603399577029E-18,1.));
#1463 = ( GEOMETRIC_REPRESENTATION_CONTEXT(2) 
PARAMETRIC_REPRESENTATION_CONTEXT() REPRESENTATION_CONTEXT('2D SPACE',''
  ) );
#1464 = PCURVE('',#1355,#1465);
#1465 = DEFINITIONAL_REPRESENTATION('',(#1466),#1470);
#1466 = LINE('',#1467,#1468);
#1467 = CARTESIAN_POINT('',(0.,0.));
#1468 = VECTOR('',#1469,1.);
#1469 = DIRECTION('',(0.,1.));
#1470 = ( GEOMETRIC_REPRESENTATION_CONTEXT(2) 
PARAMETRIC_REPRESENTATION_CONTEXT() REPRESENTATION_CONTEXT('2D SPACE',''
  ) );
#1471 = ORIENTED_EDGE('',*,*,#1472,.F.);
#1472 = EDGE_CURVE('',#1473,#1450,#1475,.T.);
#1473 = VERTEX_POINT('',#1474);
#1474 = CARTESIAN_POINT('',(0.198328873126,0.129544103634,0.9000001));
#1475 = SURFACE_CURVE('',#1476,(#1480,#1487),.PCURVE_S1.);
#1476 = LINE('',#1477,#1478);
#1477 = CARTESIAN_POINT('',(4.709236712266E-02,2.837159996011E-02,
    0.9000001));
#1478 = VECTOR('',#1479,1.);
#1479 = DIRECTION('',(0.831166107315,0.556024191965,4.857225732735E-17)
  );
#1480 = PCURVE('',#1430,#1481);
#1481 = DEFINITIONAL_REPRESENTATION('',(#1482),#1486);
#1482 = LINE('',#1483,#1484);
#1483 = CARTESIAN_POINT('',(0.249200126403,2.76));
#1484 = VECTOR('',#1485,1.);
#1485 = DIRECTION('',(-1.,2.13014148606E-33));
#1486 = ( GEOMETRIC_REPRESENTATION_CONTEXT(2) 
PARAMETRIC_REPRESENTATION_CONTEXT() REPRESENTATION_CONTEXT('2D SPACE',''
  ) );
#1487 = PCURVE('',#193,#1488);
#1488 = DEFINITIONAL_REPRESENTATION('',(#1489),#1493);
#1489 = LINE('',#1490,#1491);
#1490 = CARTESIAN_POINT('',(4.726396373389E-02,-0.408830959964));
#1491 = VECTOR('',#1492,1.);
#1492 = DIRECTION('',(0.860110423177,-0.510107890492));
#1493 = ( GEOMETRIC_REPRESENTATION_CONTEXT(2) 
PARAMETRIC_REPRESENTATION_CONTEXT() REPRESENTATION_CONTEXT('2D SPACE',''
  ) );
#1494 = ORIENTED_EDGE('',*,*,#1495,.F.);
#1495 = EDGE_CURVE('',#1422,#1473,#1496,.T.);
#1496 = SURFACE_CURVE('',#1497,(#1501,#1508),.PCURVE_S1.);
#1497 = LINE('',#1498,#1499);
#1498 = CARTESIAN_POINT('',(0.198328873126,0.129544103634,3.6600001));
#1499 = VECTOR('',#1500,1.);
#1500 = DIRECTION('',(6.245004513517E-17,1.134721110386E-33,-1.));
#1501 = PCURVE('',#1430,#1502);
#1502 = DEFINITIONAL_REPRESENTATION('',(#1503),#1507);
#1503 = LINE('',#1504,#1505);
#1504 = CARTESIAN_POINT('',(6.724310881987E-02,1.014813233446E-16));
#1505 = VECTOR('',#1506,1.);
#1506 = DIRECTION('',(1.603399577029E-18,1.));
#1507 = ( GEOMETRIC_REPRESENTATION_CONTEXT(2) 
PARAMETRIC_REPRESENTATION_CONTEXT() REPRESENTATION_CONTEXT('2D SPACE',''
  ) );
#1508 = PCURVE('',#1509,#1514);
#1509 = CYLINDRICAL_SURFACE('',#1510,6.051475150849E-02);
#1510 = AXIS2_PLACEMENT_3D('',#1511,#1512,#1513);
#1511 = CARTESIAN_POINT('',(0.164681207317,0.179841914081,3.6600001));
#1512 = DIRECTION('',(6.245004513517E-17,1.134721110386E-33,-1.));
#1513 = DIRECTION('',(-0.556024191965,0.831166107315,-3.469446951954E-17
    ));
#1514 = DEFINITIONAL_REPRESENTATION('',(#1515),#1519);
#1515 = LINE('',#1516,#1517);
#1516 = CARTESIAN_POINT('',(3.14159265359,0.));
#1517 = VECTOR('',#1518,1.);
#1518 = DIRECTION('',(0.,1.));
#1519 = ( GEOMETRIC_REPRESENTATION_CONTEXT(2) 
PARAMETRIC_REPRESENTATION_CONTEXT() REPRESENTATION_CONTEXT('2D SPACE',''
  ) );
#1520 = ADVANCED_FACE('',(#1521),#1509,.F.);
#1521 = FACE_BOUND('',#1522,.F.);
#1522 = EDGE_LOOP('',(#1523,#1553,#1579,#1580));
#1523 = ORIENTED_EDGE('',*,*,#1524,.T.);
#1524 = EDGE_CURVE('',#1525,#1527,#1529,.T.);
#1525 = VERTEX_POINT('',#1526);
#1526 = CARTESIAN_POINT('',(0.111033622318,0.20784141004,2.5800001));
#1527 = VERTEX_POINT('',#1528);
#1528 = CARTESIAN_POINT('',(0.111033622318,0.20784141004,0.9000001));
#1529 = SURFACE_CURVE('',#1530,(#1534,#1541),.PCURVE_S1.);
#1530 = LINE('',#1531,#1532);
#1531 = CARTESIAN_POINT('',(0.111033622318,0.20784141004,3.6600001));
#1532 = VECTOR('',#1533,1.);
#1533 = DIRECTION('',(6.245004513517E-17,1.134721110386E-33,-1.));
#1534 = PCURVE('',#1509,#1535);
#1535 = DEFINITIONAL_REPRESENTATION('',(#1536),#1540);
#1536 = LINE('',#1537,#1538);
#1537 = CARTESIAN_POINT('',(5.783009427513,0.));
#1538 = VECTOR('',#1539,1.);
#1539 = DIRECTION('',(0.,1.));
#1540 = ( GEOMETRIC_REPRESENTATION_CONTEXT(2) 
PARAMETRIC_REPRESENTATION_CONTEXT() REPRESENTATION_CONTEXT('2D SPACE',''
  ) );
#1541 = PCURVE('',#1542,#1547);
#1542 = PLANE('',#1543);
#1543 = AXIS2_PLACEMENT_3D('',#1544,#1545,#1546);
#1544 = CARTESIAN_POINT('',(0.111033622318,0.20784141004,3.6600001));
#1545 = DIRECTION('',(-0.886520784784,0.462688770282,-5.551115123126E-17
    ));
#1546 = DIRECTION('',(0.462688770282,0.886520784784,3.122502256758E-17)
  );
#1547 = DEFINITIONAL_REPRESENTATION('',(#1548),#1552);
#1548 = LINE('',#1549,#1550);
#1549 = CARTESIAN_POINT('',(0.,0.));
#1550 = VECTOR('',#1551,1.);
#1551 = DIRECTION('',(2.669202541747E-33,1.));
#1552 = ( GEOMETRIC_REPRESENTATION_CONTEXT(2) 
PARAMETRIC_REPRESENTATION_CONTEXT() REPRESENTATION_CONTEXT('2D SPACE',''
  ) );
#1553 = ORIENTED_EDGE('',*,*,#1554,.T.);
#1554 = EDGE_CURVE('',#1527,#1473,#1555,.T.);
#1555 = SURFACE_CURVE('',#1556,(#1561,#1568),.PCURVE_S1.);
#1556 = CIRCLE('',#1557,6.051475150849E-02);
#1557 = AXIS2_PLACEMENT_3D('',#1558,#1559,#1560);
#1558 = CARTESIAN_POINT('',(0.164681207317,0.179841914081,0.9000001));
#1559 = DIRECTION('',(-5.966257842655E-17,1.829517043576E-18,1.));
#1560 = DIRECTION('',(-0.556024191965,0.831166107315,-3.469446951954E-17
    ));
#1561 = PCURVE('',#1509,#1562);
#1562 = DEFINITIONAL_REPRESENTATION('',(#1563),#1567);
#1563 = LINE('',#1564,#1565);
#1564 = CARTESIAN_POINT('',(6.28318530718,2.76));
#1565 = VECTOR('',#1566,1.);
#1566 = DIRECTION('',(-1.,0.));
#1567 = ( GEOMETRIC_REPRESENTATION_CONTEXT(2) 
PARAMETRIC_REPRESENTATION_CONTEXT() REPRESENTATION_CONTEXT('2D SPACE',''
  ) );
#1568 = PCURVE('',#193,#1569);
#1569 = DEFINITIONAL_REPRESENTATION('',(#1570),#1578);
#1570 = ( BOUNDED_CURVE() B_SPLINE_CURVE(2,(#1571,#1572,#1573,#1574,
#1575,#1576,#1577),.UNSPECIFIED.,.T.,.F.) B_SPLINE_CURVE_WITH_KNOTS((1,2
    ,2,2,2,1),(-2.094395102393,0.,2.094395102393,4.188790204786,
6.28318530718,8.377580409573),.UNSPECIFIED.) CURVE() 
GEOMETRIC_REPRESENTATION_ITEM() RATIONAL_B_SPLINE_CURVE((1.,0.5,1.,0.5,
1.,0.5,1.)) REPRESENTATION_ITEM('') );
#1571 = CARTESIAN_POINT('',(0.142028986656,-0.60574740742));
#1572 = CARTESIAN_POINT('',(5.187683586306E-02,-0.552280640567));
#1573 = CARTESIAN_POINT('',(0.143256489613,-0.500939971201));
#1574 = CARTESIAN_POINT('',(0.234636143363,-0.449599301835));
#1575 = CARTESIAN_POINT('',(0.233408640406,-0.554406738054));
#1576 = CARTESIAN_POINT('',(0.232181137449,-0.659214174274));
#1577 = CARTESIAN_POINT('',(0.142028986656,-0.60574740742));
#1578 = ( GEOMETRIC_REPRESENTATION_CONTEXT(2) 
PARAMETRIC_REPRESENTATION_CONTEXT() REPRESENTATION_CONTEXT('2D SPACE',''
  ) );
#1579 = ORIENTED_EDGE('',*,*,#1495,.F.);
#1580 = ORIENTED_EDGE('',*,*,#1581,.T.);
#1581 = EDGE_CURVE('',#1422,#1525,#1582,.T.);
#1582 = SURFACE_CURVE('',#1583,(#1588,#1595),.PCURVE_S1.);
#1583 = CIRCLE('',#1584,6.051475150849E-02);
#1584 = AXIS2_PLACEMENT_3D('',#1585,#1586,#1587);
#1585 = CARTESIAN_POINT('',(0.164681207317,0.179841914081,2.5800001));
#1586 = DIRECTION('',(5.966257842655E-17,-1.829517043576E-18,-1.));
#1587 = DIRECTION('',(-0.556024191965,0.831166107315,-3.469446951954E-17
    ));
#1588 = PCURVE('',#1509,#1589);
#1589 = DEFINITIONAL_REPRESENTATION('',(#1590),#1594);
#1590 = LINE('',#1591,#1592);
#1591 = CARTESIAN_POINT('',(0.,1.08));
#1592 = VECTOR('',#1593,1.);
#1593 = DIRECTION('',(1.,0.));
#1594 = ( GEOMETRIC_REPRESENTATION_CONTEXT(2) 
PARAMETRIC_REPRESENTATION_CONTEXT() REPRESENTATION_CONTEXT('2D SPACE',''
  ) );
#1595 = PCURVE('',#615,#1596);
#1596 = DEFINITIONAL_REPRESENTATION('',(#1597),#1605);
#1597 = ( BOUNDED_CURVE() B_SPLINE_CURVE(2,(#1598,#1599,#1600,#1601,
#1602,#1603,#1604),.UNSPECIFIED.,.T.,.F.) B_SPLINE_CURVE_WITH_KNOTS((1,2
    ,2,2,2,1),(-2.094395102393,0.,2.094395102393,4.188790204786,
6.28318530718,8.377580409573),.UNSPECIFIED.) CURVE() 
GEOMETRIC_REPRESENTATION_ITEM() RATIONAL_B_SPLINE_CURVE((1.,0.5,1.,0.5,
1.,0.5,1.)) REPRESENTATION_ITEM('') );
#1598 = CARTESIAN_POINT('',(-0.142028986656,-0.37494740742));
#1599 = CARTESIAN_POINT('',(-0.232181137449,-0.428414174274));
#1600 = CARTESIAN_POINT('',(-0.233408640406,-0.323606738054));
#1601 = CARTESIAN_POINT('',(-0.234636143363,-0.218799301835));
#1602 = CARTESIAN_POINT('',(-0.143256489613,-0.270139971201));
#1603 = CARTESIAN_POINT('',(-5.187683586305E-02,-0.321480640567));
#1604 = CARTESIAN_POINT('',(-0.142028986656,-0.37494740742));
#1605 = ( GEOMETRIC_REPRESENTATION_CONTEXT(2) 
PARAMETRIC_REPRESENTATION_CONTEXT() REPRESENTATION_CONTEXT('2D SPACE',''
  ) );
#1606 = ADVANCED_FACE('',(#1607),#1542,.F.);
#1607 = FACE_BOUND('',#1608,.T.);
#1608 = EDGE_LOOP('',(#1609,#1632,#1633,#1656));
#1609 = ORIENTED_EDGE('',*,*,#1610,.F.);
#1610 = EDGE_CURVE('',#1525,#1611,#1613,.T.);
#1611 = VERTEX_POINT('',#1612);
#1612 = CARTESIAN_POINT('',(0.142146253648,0.267453823642,2.5800001));
#1613 = SURFACE_CURVE('',#1614,(#1618,#1625),.PCURVE_S1.);
#1614 = LINE('',#1615,#1616);
#1615 = CARTESIAN_POINT('',(2.637901545699E-02,4.564151816782E-02,
    2.5800001));
#1616 = VECTOR('',#1617,1.);
#1617 = DIRECTION('',(0.462688770282,0.886520784784,2.775557561563E-17)
  );
#1618 = PCURVE('',#1542,#1619);
#1619 = DEFINITIONAL_REPRESENTATION('',(#1620),#1624);
#1620 = LINE('',#1621,#1622);
#1621 = CARTESIAN_POINT('',(-0.182962311382,1.08));
#1622 = VECTOR('',#1623,1.);
#1623 = DIRECTION('',(1.,3.469446951954E-18));
#1624 = ( GEOMETRIC_REPRESENTATION_CONTEXT(2) 
PARAMETRIC_REPRESENTATION_CONTEXT() REPRESENTATION_CONTEXT('2D SPACE',''
  ) );
#1625 = PCURVE('',#615,#1626);
#1626 = DEFINITIONAL_REPRESENTATION('',(#1627),#1631);
#1627 = LINE('',#1628,#1629);
#1628 = CARTESIAN_POINT('',(-2.751815166492E-02,-0.196399300059));
#1629 = VECTOR('',#1630,1.);
#1630 = DIRECTION('',(-0.510107890492,-0.860110423177));
#1631 = ( GEOMETRIC_REPRESENTATION_CONTEXT(2) 
PARAMETRIC_REPRESENTATION_CONTEXT() REPRESENTATION_CONTEXT('2D SPACE',''
  ) );
#1632 = ORIENTED_EDGE('',*,*,#1524,.T.);
#1633 = ORIENTED_EDGE('',*,*,#1634,.F.);
#1634 = EDGE_CURVE('',#1635,#1527,#1637,.T.);
#1635 = VERTEX_POINT('',#1636);
#1636 = CARTESIAN_POINT('',(0.142146253648,0.267453823642,0.9000001));
#1637 = SURFACE_CURVE('',#1638,(#1642,#1649),.PCURVE_S1.);
#1638 = LINE('',#1639,#1640);
#1639 = CARTESIAN_POINT('',(-1.954596482738E-02,-4.23516473851E-02,
    0.9000001));
#1640 = VECTOR('',#1641,1.);
#1641 = DIRECTION('',(-0.462688770282,-0.886520784784,
    -2.775557561563E-17));
#1642 = PCURVE('',#1542,#1643);
#1643 = DEFINITIONAL_REPRESENTATION('',(#1644),#1648);
#1644 = LINE('',#1645,#1646);
#1645 = CARTESIAN_POINT('',(-0.282219054216,2.76));
#1646 = VECTOR('',#1647,1.);
#1647 = DIRECTION('',(-1.,-3.469446951954E-18));
#1648 = ( GEOMETRIC_REPRESENTATION_CONTEXT(2) 
PARAMETRIC_REPRESENTATION_CONTEXT() REPRESENTATION_CONTEXT('2D SPACE',''
  ) );
#1649 = PCURVE('',#193,#1650);
#1650 = DEFINITIONAL_REPRESENTATION('',(#1651),#1655);
#1651 = LINE('',#1652,#1653);
#1652 = CARTESIAN_POINT('',(-2.311349603954E-02,-0.341827540977));
#1653 = VECTOR('',#1654,1.);
#1654 = DIRECTION('',(-0.510107890492,0.860110423177));
#1655 = ( GEOMETRIC_REPRESENTATION_CONTEXT(2) 
PARAMETRIC_REPRESENTATION_CONTEXT() REPRESENTATION_CONTEXT('2D SPACE',''
  ) );
#1656 = ORIENTED_EDGE('',*,*,#1657,.F.);
#1657 = EDGE_CURVE('',#1611,#1635,#1658,.T.);
#1658 = SURFACE_CURVE('',#1659,(#1663,#1670),.PCURVE_S1.);
#1659 = LINE('',#1660,#1661);
#1660 = CARTESIAN_POINT('',(0.142146253648,0.267453823642,3.6600001));
#1661 = VECTOR('',#1662,1.);
#1662 = DIRECTION('',(6.245004513517E-17,1.134721110386E-33,-1.));
#1663 = PCURVE('',#1542,#1664);
#1664 = DEFINITIONAL_REPRESENTATION('',(#1665),#1669);
#1665 = LINE('',#1666,#1667);
#1666 = CARTESIAN_POINT('',(6.724310881987E-02,-7.669646168162E-16));
#1667 = VECTOR('',#1668,1.);
#1668 = DIRECTION('',(2.669202541747E-33,1.));
#1669 = ( GEOMETRIC_REPRESENTATION_CONTEXT(2) 
PARAMETRIC_REPRESENTATION_CONTEXT() REPRESENTATION_CONTEXT('2D SPACE',''
  ) );
#1670 = PCURVE('',#1671,#1676);
#1671 = CYLINDRICAL_SURFACE('',#1672,7.6E-02);
#1672 = AXIS2_PLACEMENT_3D('',#1673,#1674,#1675);
#1673 = CARTESIAN_POINT('',(7.477067400438E-02,0.302618170184,3.6600001)
  );
#1674 = DIRECTION('',(6.245004513517E-17,1.134721110386E-33,-1.));
#1675 = DIRECTION('',(0.698300249027,0.715804974981,4.163336342344E-17)
  );
#1676 = DEFINITIONAL_REPRESENTATION('',(#1677),#1681);
#1677 = LINE('',#1678,#1679);
#1678 = CARTESIAN_POINT('',(1.278801943053,0.));
#1679 = VECTOR('',#1680,1.);
#1680 = DIRECTION('',(0.,1.));
#1681 = ( GEOMETRIC_REPRESENTATION_CONTEXT(2) 
PARAMETRIC_REPRESENTATION_CONTEXT() REPRESENTATION_CONTEXT('2D SPACE',''
  ) );
#1682 = ADVANCED_FACE('',(#1683),#1671,.T.);
#1683 = FACE_BOUND('',#1684,.T.);
#1684 = EDGE_LOOP('',(#1685,#1709,#1710,#1734));
#1685 = ORIENTED_EDGE('',*,*,#1686,.F.);
#1686 = EDGE_CURVE('',#1611,#1687,#1689,.T.);
#1687 = VERTEX_POINT('',#1688);
#1688 = CARTESIAN_POINT('',(0.12784149293,0.357019348282,2.5800001));
#1689 = SURFACE_CURVE('',#1690,(#1695,#1702),.PCURVE_S1.);
#1690 = CIRCLE('',#1691,7.6E-02);
#1691 = AXIS2_PLACEMENT_3D('',#1692,#1693,#1694);
#1692 = CARTESIAN_POINT('',(7.477067400438E-02,0.302618170184,2.5800001)
  );
#1693 = DIRECTION('',(-6.384085148744E-17,4.116650723799E-18,1.));
#1694 = DIRECTION('',(0.698300249027,0.715804974981,4.163336342344E-17)
  );
#1695 = PCURVE('',#1671,#1696);
#1696 = DEFINITIONAL_REPRESENTATION('',(#1697),#1701);
#1697 = LINE('',#1698,#1699);
#1698 = CARTESIAN_POINT('',(6.28318530718,1.08));
#1699 = VECTOR('',#1700,1.);
#1700 = DIRECTION('',(-1.,0.));
#1701 = ( GEOMETRIC_REPRESENTATION_CONTEXT(2) 
PARAMETRIC_REPRESENTATION_CONTEXT() REPRESENTATION_CONTEXT('2D SPACE',''
  ) );
#1702 = PCURVE('',#615,#1703);
#1703 = DEFINITIONAL_REPRESENTATION('',(#1704),#1708);
#1704 = CIRCLE('',#1705,7.6E-02);
#1705 = AXIS2_PLACEMENT_2D('',#1706,#1707);
#1706 = CARTESIAN_POINT('',(-8.97815185921E-02,-0.450371789588));
#1707 = DIRECTION('',(-0.736109637533,-0.676862320957));
#1708 = ( GEOMETRIC_REPRESENTATION_CONTEXT(2) 
PARAMETRIC_REPRESENTATION_CONTEXT() REPRESENTATION_CONTEXT('2D SPACE',''
  ) );
#1709 = ORIENTED_EDGE('',*,*,#1657,.T.);
#1710 = ORIENTED_EDGE('',*,*,#1711,.F.);
#1711 = EDGE_CURVE('',#1712,#1635,#1714,.T.);
#1712 = VERTEX_POINT('',#1713);
#1713 = CARTESIAN_POINT('',(0.12784149293,0.357019348282,0.9000001));
#1714 = SURFACE_CURVE('',#1715,(#1720,#1727),.PCURVE_S1.);
#1715 = CIRCLE('',#1716,7.6E-02);
#1716 = AXIS2_PLACEMENT_3D('',#1717,#1718,#1719);
#1717 = CARTESIAN_POINT('',(7.477067400438E-02,0.302618170184,0.9000001)
  );
#1718 = DIRECTION('',(6.384085148744E-17,-4.116650723799E-18,-1.));
#1719 = DIRECTION('',(0.698300249027,0.715804974981,4.163336342344E-17)
  );
#1720 = PCURVE('',#1671,#1721);
#1721 = DEFINITIONAL_REPRESENTATION('',(#1722),#1726);
#1722 = LINE('',#1723,#1724);
#1723 = CARTESIAN_POINT('',(0.,2.76));
#1724 = VECTOR('',#1725,1.);
#1725 = DIRECTION('',(1.,0.));
#1726 = ( GEOMETRIC_REPRESENTATION_CONTEXT(2) 
PARAMETRIC_REPRESENTATION_CONTEXT() REPRESENTATION_CONTEXT('2D SPACE',''
  ) );
#1727 = PCURVE('',#193,#1728);
#1728 = DEFINITIONAL_REPRESENTATION('',(#1729),#1733);
#1729 = CIRCLE('',#1730,7.6E-02);
#1730 = AXIS2_PLACEMENT_2D('',#1731,#1732);
#1731 = CARTESIAN_POINT('',(8.97815185921E-02,-0.681171789588));
#1732 = DIRECTION('',(0.736109637533,-0.676862320957));
#1733 = ( GEOMETRIC_REPRESENTATION_CONTEXT(2) 
PARAMETRIC_REPRESENTATION_CONTEXT() REPRESENTATION_CONTEXT('2D SPACE',''
  ) );
#1734 = ORIENTED_EDGE('',*,*,#1735,.F.);
#1735 = EDGE_CURVE('',#1687,#1712,#1736,.T.);
#1736 = SURFACE_CURVE('',#1737,(#1741,#1748),.PCURVE_S1.);
#1737 = LINE('',#1738,#1739);
#1738 = CARTESIAN_POINT('',(0.12784149293,0.357019348282,3.6600001));
#1739 = VECTOR('',#1740,1.);
#1740 = DIRECTION('',(6.245004513517E-17,1.134721110386E-33,-1.));
#1741 = PCURVE('',#1671,#1742);
#1742 = DEFINITIONAL_REPRESENTATION('',(#1743),#1747);
#1743 = LINE('',#1744,#1745);
#1744 = CARTESIAN_POINT('',(0.,0.));
#1745 = VECTOR('',#1746,1.);
#1746 = DIRECTION('',(0.,1.));
#1747 = ( GEOMETRIC_REPRESENTATION_CONTEXT(2) 
PARAMETRIC_REPRESENTATION_CONTEXT() REPRESENTATION_CONTEXT('2D SPACE',''
  ) );
#1748 = PCURVE('',#1749,#1754);
#1749 = CYLINDRICAL_SURFACE('',#1750,7.6E-02);
#1750 = AXIS2_PLACEMENT_3D('',#1751,#1752,#1753);
#1751 = CARTESIAN_POINT('',(0.135140733985,0.281370679556,3.6600001));
#1752 = DIRECTION('',(6.245004513517E-17,1.134721110386E-33,-1.));
#1753 = DIRECTION('',(-0.980891667417,0.194554714133,-6.245004513517E-17
    ));
#1754 = DEFINITIONAL_REPRESENTATION('',(#1755),#1759);
#1755 = LINE('',#1756,#1757);
#1756 = CARTESIAN_POINT('',(1.278801943053,0.));
#1757 = VECTOR('',#1758,1.);
#1758 = DIRECTION('',(0.,1.));
#1759 = ( GEOMETRIC_REPRESENTATION_CONTEXT(2) 
PARAMETRIC_REPRESENTATION_CONTEXT() REPRESENTATION_CONTEXT('2D SPACE',''
  ) );
#1760 = ADVANCED_FACE('',(#1761),#1355,.T.);
#1761 = FACE_BOUND('',#1762,.T.);
#1762 = EDGE_LOOP('',(#1763,#1785,#1786,#1808));
#1763 = ORIENTED_EDGE('',*,*,#1764,.F.);
#1764 = EDGE_CURVE('',#1293,#1420,#1765,.T.);
#1765 = SURFACE_CURVE('',#1766,(#1771,#1778),.PCURVE_S1.);
#1766 = CIRCLE('',#1767,7.6E-02);
#1767 = AXIS2_PLACEMENT_3D('',#1768,#1769,#1770);
#1768 = CARTESIAN_POINT('',(0.296476904717,0.103764274725,2.5800001));
#1769 = DIRECTION('',(-5.389520499136E-17,5.687709919626E-18,1.));
#1770 = DIRECTION('',(-0.556024191965,0.831166107315,-3.469446951954E-17
    ));
#1771 = PCURVE('',#1355,#1772);
#1772 = DEFINITIONAL_REPRESENTATION('',(#1773),#1777);
#1773 = LINE('',#1774,#1775);
#1774 = CARTESIAN_POINT('',(6.28318530718,1.08));
#1775 = VECTOR('',#1776,1.);
#1776 = DIRECTION('',(-1.,0.));
#1777 = ( GEOMETRIC_REPRESENTATION_CONTEXT(2) 
PARAMETRIC_REPRESENTATION_CONTEXT() REPRESENTATION_CONTEXT('2D SPACE',''
  ) );
#1778 = PCURVE('',#615,#1779);
#1779 = DEFINITIONAL_REPRESENTATION('',(#1780),#1784);
#1780 = CIRCLE('',#1781,7.6E-02);
#1781 = AXIS2_PLACEMENT_2D('',#1782,#1783);
#1782 = CARTESIAN_POINT('',(-0.300371789588,-0.239781518592));
#1783 = DIRECTION('',(0.510107890492,-0.860110423177));
#1784 = ( GEOMETRIC_REPRESENTATION_CONTEXT(2) 
PARAMETRIC_REPRESENTATION_CONTEXT() REPRESENTATION_CONTEXT('2D SPACE',''
  ) );
#1785 = ORIENTED_EDGE('',*,*,#1341,.T.);
#1786 = ORIENTED_EDGE('',*,*,#1787,.F.);
#1787 = EDGE_CURVE('',#1450,#1318,#1788,.T.);
#1788 = SURFACE_CURVE('',#1789,(#1794,#1801),.PCURVE_S1.);
#1789 = CIRCLE('',#1790,7.6E-02);
#1790 = AXIS2_PLACEMENT_3D('',#1791,#1792,#1793);
#1791 = CARTESIAN_POINT('',(0.296476904717,0.103764274725,0.9000001));
#1792 = DIRECTION('',(5.389520499136E-17,-5.687709919626E-18,-1.));
#1793 = DIRECTION('',(-0.556024191965,0.831166107315,-3.469446951954E-17
    ));
#1794 = PCURVE('',#1355,#1795);
#1795 = DEFINITIONAL_REPRESENTATION('',(#1796),#1800);
#1796 = LINE('',#1797,#1798);
#1797 = CARTESIAN_POINT('',(0.,2.76));
#1798 = VECTOR('',#1799,1.);
#1799 = DIRECTION('',(1.,0.));
#1800 = ( GEOMETRIC_REPRESENTATION_CONTEXT(2) 
PARAMETRIC_REPRESENTATION_CONTEXT() REPRESENTATION_CONTEXT('2D SPACE',''
  ) );
#1801 = PCURVE('',#193,#1802);
#1802 = DEFINITIONAL_REPRESENTATION('',(#1803),#1807);
#1803 = CIRCLE('',#1804,7.6E-02);
#1804 = AXIS2_PLACEMENT_2D('',#1805,#1806);
#1805 = CARTESIAN_POINT('',(0.300371789588,-0.470581518592));
#1806 = DIRECTION('',(-0.510107890492,-0.860110423177));
#1807 = ( GEOMETRIC_REPRESENTATION_CONTEXT(2) 
PARAMETRIC_REPRESENTATION_CONTEXT() REPRESENTATION_CONTEXT('2D SPACE',''
  ) );
#1808 = ORIENTED_EDGE('',*,*,#1449,.F.);
#1809 = ADVANCED_FACE('',(#1810),#1824,.F.);
#1810 = FACE_BOUND('',#1811,.T.);
#1811 = EDGE_LOOP('',(#1812,#1842,#1865,#1888));
#1812 = ORIENTED_EDGE('',*,*,#1813,.F.);
#1813 = EDGE_CURVE('',#1814,#1816,#1818,.T.);
#1814 = VERTEX_POINT('',#1815);
#1815 = CARTESIAN_POINT('',(6.059296726104E-02,0.29615683783,2.5800001)
  );
#1816 = VERTEX_POINT('',#1817);
#1817 = CARTESIAN_POINT('',(4.751050344717E-02,0.230198632698,2.5800001)
  );
#1818 = SURFACE_CURVE('',#1819,(#1823,#1835),.PCURVE_S1.);
#1819 = LINE('',#1820,#1821);
#1820 = CARTESIAN_POINT('',(1.686827705624E-02,7.570890639158E-02,
    2.5800001));
#1821 = VECTOR('',#1822,1.);
#1822 = DIRECTION('',(-0.194554714133,-0.980891667417,
    -1.214306433184E-17));
#1823 = PCURVE('',#1824,#1829);
#1824 = PLANE('',#1825);
#1825 = AXIS2_PLACEMENT_3D('',#1826,#1827,#1828);
#1826 = CARTESIAN_POINT('',(6.059296726104E-02,0.29615683783,3.6600001)
  );
#1827 = DIRECTION('',(0.980891667417,-0.194554714133,6.938893903907E-17)
  );
#1828 = DIRECTION('',(-0.194554714133,-0.980891667417,
    -1.040834085586E-17));
#1829 = DEFINITIONAL_REPRESENTATION('',(#1830),#1834);
#1830 = LINE('',#1831,#1832);
#1831 = CARTESIAN_POINT('',(0.224742383651,1.08));
#1832 = VECTOR('',#1833,1.);
#1833 = DIRECTION('',(1.,-3.75781857029E-33));
#1834 = ( GEOMETRIC_REPRESENTATION_CONTEXT(2) 
PARAMETRIC_REPRESENTATION_CONTEXT() REPRESENTATION_CONTEXT('2D SPACE',''
  ) );
#1835 = PCURVE('',#615,#1836);
#1836 = DEFINITIONAL_REPRESENTATION('',(#1837),#1841);
#1837 = LINE('',#1838,#1839);
#1838 = CARTESIAN_POINT('',(-1.965281370261E-02,-0.226938429685));
#1839 = VECTOR('',#1840,1.);
#1840 = DIRECTION('',(0.247489164294,0.968890661301));
#1841 = ( GEOMETRIC_REPRESENTATION_CONTEXT(2) 
PARAMETRIC_REPRESENTATION_CONTEXT() REPRESENTATION_CONTEXT('2D SPACE',''
  ) );
#1842 = ORIENTED_EDGE('',*,*,#1843,.T.);
#1843 = EDGE_CURVE('',#1814,#1844,#1846,.T.);
#1844 = VERTEX_POINT('',#1845);
#1845 = CARTESIAN_POINT('',(6.059296726104E-02,0.29615683783,0.9000001)
  );
#1846 = SURFACE_CURVE('',#1847,(#1851,#1858),.PCURVE_S1.);
#1847 = LINE('',#1848,#1849);
#1848 = CARTESIAN_POINT('',(6.059296726104E-02,0.29615683783,3.6600001)
  );
#1849 = VECTOR('',#1850,1.);
#1850 = DIRECTION('',(6.245004513517E-17,1.134721110386E-33,-1.));
#1851 = PCURVE('',#1824,#1852);
#1852 = DEFINITIONAL_REPRESENTATION('',(#1853),#1857);
#1853 = LINE('',#1854,#1855);
#1854 = CARTESIAN_POINT('',(-0.,0.));
#1855 = VECTOR('',#1856,1.);
#1856 = DIRECTION('',(-4.105251003735E-19,1.));
#1857 = ( GEOMETRIC_REPRESENTATION_CONTEXT(2) 
PARAMETRIC_REPRESENTATION_CONTEXT() REPRESENTATION_CONTEXT('2D SPACE',''
  ) );
#1858 = PCURVE('',#1749,#1859);
#1859 = DEFINITIONAL_REPRESENTATION('',(#1860),#1864);
#1860 = LINE('',#1861,#1862);
#1861 = CARTESIAN_POINT('',(0.,0.));
#1862 = VECTOR('',#1863,1.);
#1863 = DIRECTION('',(0.,1.));
#1864 = ( GEOMETRIC_REPRESENTATION_CONTEXT(2) 
PARAMETRIC_REPRESENTATION_CONTEXT() REPRESENTATION_CONTEXT('2D SPACE',''
  ) );
#1865 = ORIENTED_EDGE('',*,*,#1866,.F.);
#1866 = EDGE_CURVE('',#1867,#1844,#1869,.T.);
#1867 = VERTEX_POINT('',#1868);
#1868 = CARTESIAN_POINT('',(4.751050344717E-02,0.230198632698,0.9000001)
  );
#1869 = SURFACE_CURVE('',#1870,(#1874,#1881),.PCURVE_S1.);
#1870 = LINE('',#1871,#1872);
#1871 = CARTESIAN_POINT('',(-4.884882090107E-03,-3.396457359446E-02,
    0.9000001));
#1872 = VECTOR('',#1873,1.);
#1873 = DIRECTION('',(0.194554714133,0.980891667417,1.214306433184E-17)
  );
#1874 = PCURVE('',#1824,#1875);
#1875 = DEFINITIONAL_REPRESENTATION('',(#1876),#1880);
#1876 = LINE('',#1877,#1878);
#1877 = CARTESIAN_POINT('',(0.336552365965,2.76));
#1878 = VECTOR('',#1879,1.);
#1879 = DIRECTION('',(-1.,3.75781857029E-33));
#1880 = ( GEOMETRIC_REPRESENTATION_CONTEXT(2) 
PARAMETRIC_REPRESENTATION_CONTEXT() REPRESENTATION_CONTEXT('2D SPACE',''
  ) );
#1881 = PCURVE('',#193,#1882);
#1882 = DEFINITIONAL_REPRESENTATION('',(#1883),#1887);
#1883 = LINE('',#1884,#1885);
#1884 = CARTESIAN_POINT('',(-8.018945380098E-03,-0.34940678198));
#1885 = VECTOR('',#1886,1.);
#1886 = DIRECTION('',(0.247489164294,-0.968890661301));
#1887 = ( GEOMETRIC_REPRESENTATION_CONTEXT(2) 
PARAMETRIC_REPRESENTATION_CONTEXT() REPRESENTATION_CONTEXT('2D SPACE',''
  ) );
#1888 = ORIENTED_EDGE('',*,*,#1889,.F.);
#1889 = EDGE_CURVE('',#1816,#1867,#1890,.T.);
#1890 = SURFACE_CURVE('',#1891,(#1895,#1902),.PCURVE_S1.);
#1891 = LINE('',#1892,#1893);
#1892 = CARTESIAN_POINT('',(4.751050344717E-02,0.230198632698,3.6600001)
  );
#1893 = VECTOR('',#1894,1.);
#1894 = DIRECTION('',(6.245004513517E-17,1.134721110386E-33,-1.));
#1895 = PCURVE('',#1824,#1896);
#1896 = DEFINITIONAL_REPRESENTATION('',(#1897),#1901);
#1897 = LINE('',#1898,#1899);
#1898 = CARTESIAN_POINT('',(6.724310881987E-02,-7.264154555653E-18));
#1899 = VECTOR('',#1900,1.);
#1900 = DIRECTION('',(-4.105251003735E-19,1.));
#1901 = ( GEOMETRIC_REPRESENTATION_CONTEXT(2) 
PARAMETRIC_REPRESENTATION_CONTEXT() REPRESENTATION_CONTEXT('2D SPACE',''
  ) );
#1902 = PCURVE('',#1903,#1908);
#1903 = CYLINDRICAL_SURFACE('',#1904,6.051475150849E-02);
#1904 = AXIS2_PLACEMENT_3D('',#1905,#1906,#1907);
#1905 = CARTESIAN_POINT('',(-1.184791206333E-02,0.241972062878,3.6600001
    ));
#1906 = DIRECTION('',(6.245004513517E-17,1.134721110386E-33,-1.));
#1907 = DIRECTION('',(-0.980891667417,0.194554714133,-6.938893903907E-17
    ));
#1908 = DEFINITIONAL_REPRESENTATION('',(#1909),#1913);
#1909 = LINE('',#1910,#1911);
#1910 = CARTESIAN_POINT('',(3.14159265359,0.));
#1911 = VECTOR('',#1912,1.);
#1912 = DIRECTION('',(0.,1.));
#1913 = ( GEOMETRIC_REPRESENTATION_CONTEXT(2) 
PARAMETRIC_REPRESENTATION_CONTEXT() REPRESENTATION_CONTEXT('2D SPACE',''
  ) );
#1914 = ADVANCED_FACE('',(#1915),#1903,.F.);
#1915 = FACE_BOUND('',#1916,.F.);
#1916 = EDGE_LOOP('',(#1917,#1947,#1973,#1974));
#1917 = ORIENTED_EDGE('',*,*,#1918,.T.);
#1918 = EDGE_CURVE('',#1919,#1921,#1923,.T.);
#1919 = VERTEX_POINT('',#1920);
#1920 = CARTESIAN_POINT('',(-6.958111667262E-02,0.223836125194,2.5800001
    ));
#1921 = VERTEX_POINT('',#1922);
#1922 = CARTESIAN_POINT('',(-6.958111667262E-02,0.223836125194,0.9000001
    ));
#1923 = SURFACE_CURVE('',#1924,(#1928,#1935),.PCURVE_S1.);
#1924 = LINE('',#1925,#1926);
#1925 = CARTESIAN_POINT('',(-6.958111667262E-02,0.223836125194,3.6600001
    ));
#1926 = VECTOR('',#1927,1.);
#1927 = DIRECTION('',(6.245004513517E-17,1.134721110386E-33,-1.));
#1928 = PCURVE('',#1903,#1929);
#1929 = DEFINITIONAL_REPRESENTATION('',(#1930),#1934);
#1930 = LINE('',#1931,#1932);
#1931 = CARTESIAN_POINT('',(5.783009427513,0.));
#1932 = VECTOR('',#1933,1.);
#1933 = DIRECTION('',(0.,1.));
#1934 = ( GEOMETRIC_REPRESENTATION_CONTEXT(2) 
PARAMETRIC_REPRESENTATION_CONTEXT() REPRESENTATION_CONTEXT('2D SPACE',''
  ) );
#1935 = PCURVE('',#1936,#1941);
#1936 = PLANE('',#1937);
#1937 = AXIS2_PLACEMENT_3D('',#1938,#1939,#1940);
#1938 = CARTESIAN_POINT('',(-6.958111667262E-02,0.223836125194,3.6600001
    ));
#1939 = DIRECTION('',(-0.954035225629,-0.299694491539,
    -6.245004513517E-17));
#1940 = DIRECTION('',(-0.299694491539,0.954035225629,-1.734723475977E-17
    ));
#1941 = DEFINITIONAL_REPRESENTATION('',(#1942),#1946);
#1942 = LINE('',#1943,#1944);
#1943 = CARTESIAN_POINT('',(0.,0.));
#1944 = VECTOR('',#1945,1.);
#1945 = DIRECTION('',(-3.469446951954E-18,1.));
#1946 = ( GEOMETRIC_REPRESENTATION_CONTEXT(2) 
PARAMETRIC_REPRESENTATION_CONTEXT() REPRESENTATION_CONTEXT('2D SPACE',''
  ) );
#1947 = ORIENTED_EDGE('',*,*,#1948,.T.);
#1948 = EDGE_CURVE('',#1921,#1867,#1949,.T.);
#1949 = SURFACE_CURVE('',#1950,(#1955,#1962),.PCURVE_S1.);
#1950 = CIRCLE('',#1951,6.051475150849E-02);
#1951 = AXIS2_PLACEMENT_3D('',#1952,#1953,#1954);
#1952 = CARTESIAN_POINT('',(-1.184791206333E-02,0.241972062878,0.9000001
    ));
#1953 = DIRECTION('',(-7.008802389416E-17,3.290490381587E-18,1.));
#1954 = DIRECTION('',(-0.980891667417,0.194554714133,-6.938893903907E-17
    ));
#1955 = PCURVE('',#1903,#1956);
#1956 = DEFINITIONAL_REPRESENTATION('',(#1957),#1961);
#1957 = LINE('',#1958,#1959);
#1958 = CARTESIAN_POINT('',(6.28318530718,2.76));
#1959 = VECTOR('',#1960,1.);
#1960 = DIRECTION('',(-1.,0.));
#1961 = ( GEOMETRIC_REPRESENTATION_CONTEXT(2) 
PARAMETRIC_REPRESENTATION_CONTEXT() REPRESENTATION_CONTEXT('2D SPACE',''
  ) );
#1962 = PCURVE('',#193,#1963);
#1963 = DEFINITIONAL_REPRESENTATION('',(#1964),#1972);
#1964 = ( BOUNDED_CURVE() B_SPLINE_CURVE(2,(#1965,#1966,#1967,#1968,
#1969,#1970,#1971),.UNSPECIFIED.,.T.,.F.) B_SPLINE_CURVE_WITH_KNOTS((1,2
    ,2,2,2,1),(-2.094395102393,0.,2.094395102393,4.188790204786,
6.28318530718,8.377580409573),.UNSPECIFIED.) CURVE() 
GEOMETRIC_REPRESENTATION_ITEM() RATIONAL_B_SPLINE_CURVE((1.,0.5,1.,0.5,
1.,0.5,1.)) REPRESENTATION_ITEM('') );
#1965 = CARTESIAN_POINT('',(-5.863217760754E-02,-0.640291496787));
#1966 = CARTESIAN_POINT('',(-8.457266136161E-02,-0.538737586212));
#1967 = CARTESIAN_POINT('',(1.634584692674E-02,-0.567049423582));
#1968 = CARTESIAN_POINT('',(0.117264355215,-0.595361260952));
#1969 = CARTESIAN_POINT('',(4.22863306808E-02,-0.668603334157));
#1970 = CARTESIAN_POINT('',(-3.269169385348E-02,-0.741845407361));
#1971 = CARTESIAN_POINT('',(-5.863217760754E-02,-0.640291496787));
#1972 = ( GEOMETRIC_REPRESENTATION_CONTEXT(2) 
PARAMETRIC_REPRESENTATION_CONTEXT() REPRESENTATION_CONTEXT('2D SPACE',''
  ) );
#1973 = ORIENTED_EDGE('',*,*,#1889,.F.);
#1974 = ORIENTED_EDGE('',*,*,#1975,.T.);
#1975 = EDGE_CURVE('',#1816,#1919,#1976,.T.);
#1976 = SURFACE_CURVE('',#1977,(#1982,#1989),.PCURVE_S1.);
#1977 = CIRCLE('',#1978,6.051475150849E-02);
#1978 = AXIS2_PLACEMENT_3D('',#1979,#1980,#1981);
#1979 = CARTESIAN_POINT('',(-1.184791206333E-02,0.241972062878,2.5800001
    ));
#1980 = DIRECTION('',(7.008802389416E-17,-3.290490381587E-18,-1.));
#1981 = DIRECTION('',(-0.980891667417,0.194554714133,-6.938893903907E-17
    ));
#1982 = PCURVE('',#1903,#1983);
#1983 = DEFINITIONAL_REPRESENTATION('',(#1984),#1988);
#1984 = LINE('',#1985,#1986);
#1985 = CARTESIAN_POINT('',(0.,1.08));
#1986 = VECTOR('',#1987,1.);
#1987 = DIRECTION('',(1.,0.));
#1988 = ( GEOMETRIC_REPRESENTATION_CONTEXT(2) 
PARAMETRIC_REPRESENTATION_CONTEXT() REPRESENTATION_CONTEXT('2D SPACE',''
  ) );
#1989 = PCURVE('',#615,#1990);
#1990 = DEFINITIONAL_REPRESENTATION('',(#1991),#1999);
#1991 = ( BOUNDED_CURVE() B_SPLINE_CURVE(2,(#1992,#1993,#1994,#1995,
#1996,#1997,#1998),.UNSPECIFIED.,.T.,.F.) B_SPLINE_CURVE_WITH_KNOTS((1,2
    ,2,2,2,1),(-2.094395102393,0.,2.094395102393,4.188790204786,
6.28318530718,8.377580409573),.UNSPECIFIED.) CURVE() 
GEOMETRIC_REPRESENTATION_ITEM() RATIONAL_B_SPLINE_CURVE((1.,0.5,1.,0.5,
1.,0.5,1.)) REPRESENTATION_ITEM('') );
#1992 = CARTESIAN_POINT('',(5.863217760754E-02,-0.409491496787));
#1993 = CARTESIAN_POINT('',(3.269169385348E-02,-0.511045407361));
#1994 = CARTESIAN_POINT('',(-4.22863306808E-02,-0.437803334157));
#1995 = CARTESIAN_POINT('',(-0.117264355215,-0.364561260952));
#1996 = CARTESIAN_POINT('',(-1.634584692674E-02,-0.336249423582));
#1997 = CARTESIAN_POINT('',(8.457266136161E-02,-0.307937586212));
#1998 = CARTESIAN_POINT('',(5.863217760754E-02,-0.409491496787));
#1999 = ( GEOMETRIC_REPRESENTATION_CONTEXT(2) 
PARAMETRIC_REPRESENTATION_CONTEXT() REPRESENTATION_CONTEXT('2D SPACE',''
  ) );
#2000 = ADVANCED_FACE('',(#2001),#1936,.F.);
#2001 = FACE_BOUND('',#2002,.T.);
#2002 = EDGE_LOOP('',(#2003,#2026,#2027,#2050));
#2003 = ORIENTED_EDGE('',*,*,#2004,.F.);
#2004 = EDGE_CURVE('',#1919,#2005,#2007,.T.);
#2005 = VERTEX_POINT('',#2006);
#2006 = CARTESIAN_POINT('',(-8.973350597987E-02,0.287988419689,2.5800001
    ));
#2007 = SURFACE_CURVE('',#2008,(#2012,#2019),.PCURVE_S1.);
#2008 = LINE('',#2009,#2010);
#2009 = CARTESIAN_POINT('',(-1.230325693078E-02,4.150012174689E-02,
    2.5800001));
#2010 = VECTOR('',#2011,1.);
#2011 = DIRECTION('',(-0.299694491539,0.954035225629,-2.081668171172E-17
    ));
#2012 = PCURVE('',#1936,#2013);
#2013 = DEFINITIONAL_REPRESENTATION('',(#2014),#2018);
#2014 = LINE('',#2015,#2016);
#2015 = CARTESIAN_POINT('',(-0.191120829241,1.08));
#2016 = VECTOR('',#2017,1.);
#2017 = DIRECTION('',(1.,3.469446951954E-18));
#2018 = ( GEOMETRIC_REPRESENTATION_CONTEXT(2) 
PARAMETRIC_REPRESENTATION_CONTEXT() REPRESENTATION_CONTEXT('2D SPACE',''
  ) );
#2019 = PCURVE('',#615,#2020);
#2020 = DEFINITIONAL_REPRESENTATION('',(#2021),#2025);
#2021 = LINE('',#2022,#2023);
#2022 = CARTESIAN_POINT('',(1.133184329941E-02,-0.194362819598));
#2023 = VECTOR('',#2024,1.);
#2024 = DIRECTION('',(0.247489164294,-0.968890661301));
#2025 = ( GEOMETRIC_REPRESENTATION_CONTEXT(2) 
PARAMETRIC_REPRESENTATION_CONTEXT() REPRESENTATION_CONTEXT('2D SPACE',''
  ) );
#2026 = ORIENTED_EDGE('',*,*,#1918,.T.);
#2027 = ORIENTED_EDGE('',*,*,#2028,.F.);
#2028 = EDGE_CURVE('',#2029,#1921,#2031,.T.);
#2029 = VERTEX_POINT('',#2030);
#2030 = CARTESIAN_POINT('',(-8.973350597987E-02,0.287988419689,0.9000001
    ));
#2031 = SURFACE_CURVE('',#2032,(#2036,#2043),.PCURVE_S1.);
#2032 = LINE('',#2033,#2034);
#2033 = CARTESIAN_POINT('',(2.120557886781E-02,-6.517053995781E-02,
    0.9000001));
#2034 = VECTOR('',#2035,1.);
#2035 = DIRECTION('',(0.299694491539,-0.954035225629,2.081668171172E-17)
  );
#2036 = PCURVE('',#1936,#2037);
#2037 = DEFINITIONAL_REPRESENTATION('',(#2038),#2042);
#2038 = LINE('',#2039,#2040);
#2039 = CARTESIAN_POINT('',(-0.302930811555,2.76));
#2040 = VECTOR('',#2041,1.);
#2041 = DIRECTION('',(-1.,-3.469446951954E-18));
#2042 = ( GEOMETRIC_REPRESENTATION_CONTEXT(2) 
PARAMETRIC_REPRESENTATION_CONTEXT() REPRESENTATION_CONTEXT('2D SPACE',''
  ) );
#2043 = PCURVE('',#193,#2044);
#2044 = DEFINITIONAL_REPRESENTATION('',(#2045),#2049);
#2045 = LINE('',#2046,#2047);
#2046 = CARTESIAN_POINT('',(1.633991578329E-02,-0.316831171894));
#2047 = VECTOR('',#2048,1.);
#2048 = DIRECTION('',(0.247489164294,0.968890661301));
#2049 = ( GEOMETRIC_REPRESENTATION_CONTEXT(2) 
PARAMETRIC_REPRESENTATION_CONTEXT() REPRESENTATION_CONTEXT('2D SPACE',''
  ) );
#2050 = ORIENTED_EDGE('',*,*,#2051,.F.);
#2051 = EDGE_CURVE('',#2005,#2029,#2052,.T.);
#2052 = SURFACE_CURVE('',#2053,(#2057,#2064),.PCURVE_S1.);
#2053 = LINE('',#2054,#2055);
#2054 = CARTESIAN_POINT('',(-8.973350597987E-02,0.287988419689,3.6600001
    ));
#2055 = VECTOR('',#2056,1.);
#2056 = DIRECTION('',(6.245004513517E-17,1.134721110386E-33,-1.));
#2057 = PCURVE('',#1936,#2058);
#2058 = DEFINITIONAL_REPRESENTATION('',(#2059),#2063);
#2059 = LINE('',#2060,#2061);
#2060 = CARTESIAN_POINT('',(6.724310881987E-02,2.274656157875E-16));
#2061 = VECTOR('',#2062,1.);
#2062 = DIRECTION('',(-3.469446951954E-18,1.));
#2063 = ( GEOMETRIC_REPRESENTATION_CONTEXT(2) 
PARAMETRIC_REPRESENTATION_CONTEXT() REPRESENTATION_CONTEXT('2D SPACE',''
  ) );
#2064 = PCURVE('',#2065,#2070);
#2065 = CYLINDRICAL_SURFACE('',#2066,7.6E-02);
#2066 = AXIS2_PLACEMENT_3D('',#2067,#2068,#2069);
#2067 = CARTESIAN_POINT('',(-0.162240183128,0.265211638332,3.6600001));
#2068 = DIRECTION('',(6.245004513517E-17,1.134721110386E-33,-1.));
#2069 = DIRECTION('',(-1.237771042495E-02,0.999923393208,
    -8.673617379884E-19));
#2070 = DEFINITIONAL_REPRESENTATION('',(#2071),#2075);
#2071 = LINE('',#2072,#2073);
#2072 = CARTESIAN_POINT('',(1.278801943053,0.));
#2073 = VECTOR('',#2074,1.);
#2074 = DIRECTION('',(0.,1.));
#2075 = ( GEOMETRIC_REPRESENTATION_CONTEXT(2) 
PARAMETRIC_REPRESENTATION_CONTEXT() REPRESENTATION_CONTEXT('2D SPACE',''
  ) );
#2076 = ADVANCED_FACE('',(#2077),#2065,.T.);
#2077 = FACE_BOUND('',#2078,.T.);
#2078 = EDGE_LOOP('',(#2079,#2103,#2104,#2128));
#2079 = ORIENTED_EDGE('',*,*,#2080,.F.);
#2080 = EDGE_CURVE('',#2005,#2081,#2083,.T.);
#2081 = VERTEX_POINT('',#2082);
#2082 = CARTESIAN_POINT('',(-0.16318088912,0.341205816216,2.5800001));
#2083 = SURFACE_CURVE('',#2084,(#2089,#2096),.PCURVE_S1.);
#2084 = CIRCLE('',#2085,7.6E-02);
#2085 = AXIS2_PLACEMENT_3D('',#2086,#2087,#2088);
#2086 = CARTESIAN_POINT('',(-0.162240183128,0.265211638332,2.5800001));
#2087 = DIRECTION('',(-5.551763465247E-17,1.801943368921E-19,1.));
#2088 = DIRECTION('',(-1.237771042495E-02,0.999923393208,
    -8.673617379884E-19));
#2089 = PCURVE('',#2065,#2090);
#2090 = DEFINITIONAL_REPRESENTATION('',(#2091),#2095);
#2091 = LINE('',#2092,#2093);
#2092 = CARTESIAN_POINT('',(6.28318530718,1.08));
#2093 = VECTOR('',#2094,1.);
#2094 = DIRECTION('',(-1.,0.));
#2095 = ( GEOMETRIC_REPRESENTATION_CONTEXT(2) 
PARAMETRIC_REPRESENTATION_CONTEXT() REPRESENTATION_CONTEXT('2D SPACE',''
  ) );
#2096 = PCURVE('',#615,#2097);
#2097 = DEFINITIONAL_REPRESENTATION('',(#2098),#2102);
#2098 = CIRCLE('',#2099,7.6E-02);
#2099 = AXIS2_PLACEMENT_2D('',#2100,#2101);
#2100 = CARTESIAN_POINT('',(0.148909808673,-0.425880049916));
#2101 = DIRECTION('',(-4.189417931841E-02,-0.999122053475));
#2102 = ( GEOMETRIC_REPRESENTATION_CONTEXT(2) 
PARAMETRIC_REPRESENTATION_CONTEXT() REPRESENTATION_CONTEXT('2D SPACE',''
  ) );
#2103 = ORIENTED_EDGE('',*,*,#2051,.T.);
#2104 = ORIENTED_EDGE('',*,*,#2105,.F.);
#2105 = EDGE_CURVE('',#2106,#2029,#2108,.T.);
#2106 = VERTEX_POINT('',#2107);
#2107 = CARTESIAN_POINT('',(-0.16318088912,0.341205816216,0.9000001));
#2108 = SURFACE_CURVE('',#2109,(#2114,#2121),.PCURVE_S1.);
#2109 = CIRCLE('',#2110,7.6E-02);
#2110 = AXIS2_PLACEMENT_3D('',#2111,#2112,#2113);
#2111 = CARTESIAN_POINT('',(-0.162240183128,0.265211638332,0.9000001));
#2112 = DIRECTION('',(5.551763465247E-17,-1.801943368921E-19,-1.));
#2113 = DIRECTION('',(-1.237771042495E-02,0.999923393208,
    -8.673617379884E-19));
#2114 = PCURVE('',#2065,#2115);
#2115 = DEFINITIONAL_REPRESENTATION('',(#2116),#2120);
#2116 = LINE('',#2117,#2118);
#2117 = CARTESIAN_POINT('',(0.,2.76));
#2118 = VECTOR('',#2119,1.);
#2119 = DIRECTION('',(1.,0.));
#2120 = ( GEOMETRIC_REPRESENTATION_CONTEXT(2) 
PARAMETRIC_REPRESENTATION_CONTEXT() REPRESENTATION_CONTEXT('2D SPACE',''
  ) );
#2121 = PCURVE('',#193,#2122);
#2122 = DEFINITIONAL_REPRESENTATION('',(#2123),#2127);
#2123 = CIRCLE('',#2124,7.6E-02);
#2124 = AXIS2_PLACEMENT_2D('',#2125,#2126);
#2125 = CARTESIAN_POINT('',(-0.148909808673,-0.656680049916));
#2126 = DIRECTION('',(4.189417931841E-02,-0.999122053475));
#2127 = ( GEOMETRIC_REPRESENTATION_CONTEXT(2) 
PARAMETRIC_REPRESENTATION_CONTEXT() REPRESENTATION_CONTEXT('2D SPACE',''
  ) );
#2128 = ORIENTED_EDGE('',*,*,#2129,.F.);
#2129 = EDGE_CURVE('',#2081,#2106,#2130,.T.);
#2130 = SURFACE_CURVE('',#2131,(#2135,#2142),.PCURVE_S1.);
#2131 = LINE('',#2132,#2133);
#2132 = CARTESIAN_POINT('',(-0.16318088912,0.341205816216,3.6600001));
#2133 = VECTOR('',#2134,1.);
#2134 = DIRECTION('',(6.245004513517E-17,1.134721110386E-33,-1.));
#2135 = PCURVE('',#2065,#2136);
#2136 = DEFINITIONAL_REPRESENTATION('',(#2137),#2141);
#2137 = LINE('',#2138,#2139);
#2138 = CARTESIAN_POINT('',(0.,0.));
#2139 = VECTOR('',#2140,1.);
#2140 = DIRECTION('',(0.,1.));
#2141 = ( GEOMETRIC_REPRESENTATION_CONTEXT(2) 
PARAMETRIC_REPRESENTATION_CONTEXT() REPRESENTATION_CONTEXT('2D SPACE',''
  ) );
#2142 = PCURVE('',#2143,#2148);
#2143 = CYLINDRICAL_SURFACE('',#2144,7.6E-02);
#2144 = AXIS2_PLACEMENT_3D('',#2145,#2146,#2147);
#2145 = CARTESIAN_POINT('',(-0.104527859629,0.292875472419,3.6600001));
#2146 = DIRECTION('',(6.245004513517E-17,1.134721110386E-33,-1.));
#2147 = DIRECTION('',(-0.831166107315,-0.556024191965,
    -4.163336342344E-17));
#2148 = DEFINITIONAL_REPRESENTATION('',(#2149),#2153);
#2149 = LINE('',#2150,#2151);
#2150 = CARTESIAN_POINT('',(1.278801943053,0.));
#2151 = VECTOR('',#2152,1.);
#2152 = DIRECTION('',(0.,1.));
#2153 = ( GEOMETRIC_REPRESENTATION_CONTEXT(2) 
PARAMETRIC_REPRESENTATION_CONTEXT() REPRESENTATION_CONTEXT('2D SPACE',''
  ) );
#2154 = ADVANCED_FACE('',(#2155),#1749,.T.);
#2155 = FACE_BOUND('',#2156,.T.);
#2156 = EDGE_LOOP('',(#2157,#2179,#2180,#2202));
#2157 = ORIENTED_EDGE('',*,*,#2158,.F.);
#2158 = EDGE_CURVE('',#1687,#1814,#2159,.T.);
#2159 = SURFACE_CURVE('',#2160,(#2165,#2172),.PCURVE_S1.);
#2160 = CIRCLE('',#2161,7.6E-02);
#2161 = AXIS2_PLACEMENT_3D('',#2162,#2163,#2164);
#2162 = CARTESIAN_POINT('',(0.135140733985,0.281370679556,2.5800001));
#2163 = DIRECTION('',(-6.395671794266E-17,-1.462655744004E-18,1.));
#2164 = DIRECTION('',(-0.980891667417,0.194554714133,-6.245004513517E-17
    ));
#2165 = PCURVE('',#1749,#2166);
#2166 = DEFINITIONAL_REPRESENTATION('',(#2167),#2171);
#2167 = LINE('',#2168,#2169);
#2168 = CARTESIAN_POINT('',(6.28318530718,1.08));
#2169 = VECTOR('',#2170,1.);
#2170 = DIRECTION('',(-1.,0.));
#2171 = ( GEOMETRIC_REPRESENTATION_CONTEXT(2) 
PARAMETRIC_REPRESENTATION_CONTEXT() REPRESENTATION_CONTEXT('2D SPACE',''
  ) );
#2172 = PCURVE('',#615,#2173);
#2173 = DEFINITIONAL_REPRESENTATION('',(#2174),#2178);
#2174 = CIRCLE('',#2175,7.6E-02);
#2175 = AXIS2_PLACEMENT_2D('',#2176,#2177);
#2176 = CARTESIAN_POINT('',(-0.148909808673,-0.425880049916));
#2177 = DIRECTION('',(0.968890661301,-0.247489164294));
#2178 = ( GEOMETRIC_REPRESENTATION_CONTEXT(2) 
PARAMETRIC_REPRESENTATION_CONTEXT() REPRESENTATION_CONTEXT('2D SPACE',''
  ) );
#2179 = ORIENTED_EDGE('',*,*,#1735,.T.);
#2180 = ORIENTED_EDGE('',*,*,#2181,.F.);
#2181 = EDGE_CURVE('',#1844,#1712,#2182,.T.);
#2182 = SURFACE_CURVE('',#2183,(#2188,#2195),.PCURVE_S1.);
#2183 = CIRCLE('',#2184,7.6E-02);
#2184 = AXIS2_PLACEMENT_3D('',#2185,#2186,#2187);
#2185 = CARTESIAN_POINT('',(0.135140733985,0.281370679556,0.9000001));
#2186 = DIRECTION('',(6.395671794266E-17,1.462655744004E-18,-1.));
#2187 = DIRECTION('',(-0.980891667417,0.194554714133,-6.245004513517E-17
    ));
#2188 = PCURVE('',#1749,#2189);
#2189 = DEFINITIONAL_REPRESENTATION('',(#2190),#2194);
#2190 = LINE('',#2191,#2192);
#2191 = CARTESIAN_POINT('',(0.,2.76));
#2192 = VECTOR('',#2193,1.);
#2193 = DIRECTION('',(1.,0.));
#2194 = ( GEOMETRIC_REPRESENTATION_CONTEXT(2) 
PARAMETRIC_REPRESENTATION_CONTEXT() REPRESENTATION_CONTEXT('2D SPACE',''
  ) );
#2195 = PCURVE('',#193,#2196);
#2196 = DEFINITIONAL_REPRESENTATION('',(#2197),#2201);
#2197 = CIRCLE('',#2198,7.6E-02);
#2198 = AXIS2_PLACEMENT_2D('',#2199,#2200);
#2199 = CARTESIAN_POINT('',(0.148909808673,-0.656680049916));
#2200 = DIRECTION('',(-0.968890661301,-0.247489164294));
#2201 = ( GEOMETRIC_REPRESENTATION_CONTEXT(2) 
PARAMETRIC_REPRESENTATION_CONTEXT() REPRESENTATION_CONTEXT('2D SPACE',''
  ) );
#2202 = ORIENTED_EDGE('',*,*,#1843,.F.);
#2203 = ADVANCED_FACE('',(#2204),#2218,.F.);
#2204 = FACE_BOUND('',#2205,.T.);
#2205 = EDGE_LOOP('',(#2206,#2236,#2259,#2282));
#2206 = ORIENTED_EDGE('',*,*,#2207,.F.);
#2207 = EDGE_CURVE('',#2208,#2210,#2212,.T.);
#2208 = VERTEX_POINT('',#2209);
#2209 = CARTESIAN_POINT('',(-0.167696483785,0.25061763383,2.5800001));
#2210 = VERTEX_POINT('',#2211);
#2211 = CARTESIAN_POINT('',(-0.130307688538,0.194727440828,2.5800001));
#2212 = SURFACE_CURVE('',#2213,(#2217,#2229),.PCURVE_S1.);
#2213 = LINE('',#2214,#2215);
#2214 = CARTESIAN_POINT('',(-4.727061481552E-02,7.06004651925E-02,
    2.5800001));
#2215 = VECTOR('',#2216,1.);
#2216 = DIRECTION('',(0.556024191965,-0.831166107315,2.775557561563E-17)
  );
#2217 = PCURVE('',#2218,#2223);
#2218 = PLANE('',#2219);
#2219 = AXIS2_PLACEMENT_3D('',#2220,#2221,#2222);
#2220 = CARTESIAN_POINT('',(-0.167696483785,0.25061763383,3.6600001));
#2221 = DIRECTION('',(0.831166107315,0.556024191965,4.857225732735E-17)
  );
#2222 = DIRECTION('',(0.556024191965,-0.831166107315,3.816391647149E-17)
  );
#2223 = DEFINITIONAL_REPRESENTATION('',(#2224),#2228);
#2224 = LINE('',#2225,#2226);
#2225 = CARTESIAN_POINT('',(0.216583865792,1.08));
#2226 = VECTOR('',#2227,1.);
#2227 = DIRECTION('',(1.,3.469446951954E-18));
#2228 = ( GEOMETRIC_REPRESENTATION_CONTEXT(2) 
PARAMETRIC_REPRESENTATION_CONTEXT() REPRESENTATION_CONTEXT('2D SPACE',''
  ) );
#2229 = PCURVE('',#615,#2230);
#2230 = DEFINITIONAL_REPRESENTATION('',(#2231),#2235);
#2231 = LINE('',#2232,#2233);
#2232 = CARTESIAN_POINT('',(4.466877186002E-02,-0.225317549451));
#2233 = VECTOR('',#2234,1.);
#2234 = DIRECTION('',(-0.510107890492,0.860110423177));
#2235 = ( GEOMETRIC_REPRESENTATION_CONTEXT(2) 
PARAMETRIC_REPRESENTATION_CONTEXT() REPRESENTATION_CONTEXT('2D SPACE',''
  ) );
#2236 = ORIENTED_EDGE('',*,*,#2237,.T.);
#2237 = EDGE_CURVE('',#2208,#2238,#2240,.T.);
#2238 = VERTEX_POINT('',#2239);
#2239 = CARTESIAN_POINT('',(-0.167696483785,0.25061763383,0.9000001));
#2240 = SURFACE_CURVE('',#2241,(#2245,#2252),.PCURVE_S1.);
#2241 = LINE('',#2242,#2243);
#2242 = CARTESIAN_POINT('',(-0.167696483785,0.25061763383,3.6600001));
#2243 = VECTOR('',#2244,1.);
#2244 = DIRECTION('',(6.245004513517E-17,1.134721110386E-33,-1.));
#2245 = PCURVE('',#2218,#2246);
#2246 = DEFINITIONAL_REPRESENTATION('',(#2247),#2251);
#2247 = LINE('',#2248,#2249);
#2248 = CARTESIAN_POINT('',(0.,0.));
#2249 = VECTOR('',#2250,1.);
#2250 = DIRECTION('',(-3.469446951954E-18,1.));
#2251 = ( GEOMETRIC_REPRESENTATION_CONTEXT(2) 
PARAMETRIC_REPRESENTATION_CONTEXT() REPRESENTATION_CONTEXT('2D SPACE',''
  ) );
#2252 = PCURVE('',#2143,#2253);
#2253 = DEFINITIONAL_REPRESENTATION('',(#2254),#2258);
#2254 = LINE('',#2255,#2256);
#2255 = CARTESIAN_POINT('',(0.,0.));
#2256 = VECTOR('',#2257,1.);
#2257 = DIRECTION('',(0.,1.));
#2258 = ( GEOMETRIC_REPRESENTATION_CONTEXT(2) 
PARAMETRIC_REPRESENTATION_CONTEXT() REPRESENTATION_CONTEXT('2D SPACE',''
  ) );
#2259 = ORIENTED_EDGE('',*,*,#2260,.F.);
#2260 = EDGE_CURVE('',#2261,#2238,#2263,.T.);
#2261 = VERTEX_POINT('',#2262);
#2262 = CARTESIAN_POINT('',(-0.130307688538,0.194727440828,0.9000001));
#2263 = SURFACE_CURVE('',#2264,(#2268,#2275),.PCURVE_S1.);
#2264 = LINE('',#2265,#2266);
#2265 = CARTESIAN_POINT('',(7.918535416177E-03,-1.189837537418E-02,
    0.9000001));
#2266 = VECTOR('',#2267,1.);
#2267 = DIRECTION('',(-0.556024191965,0.831166107315,-2.775557561563E-17
    ));
#2268 = PCURVE('',#2218,#2269);
#2269 = DEFINITIONAL_REPRESENTATION('',(#2270),#2274);
#2270 = LINE('',#2271,#2272);
#2271 = CARTESIAN_POINT('',(0.315840608626,2.76));
#2272 = VECTOR('',#2273,1.);
#2273 = DIRECTION('',(-1.,-3.469446951954E-18));
#2274 = ( GEOMETRIC_REPRESENTATION_CONTEXT(2) 
PARAMETRIC_REPRESENTATION_CONTEXT() REPRESENTATION_CONTEXT('2D SPACE',''
  ) );
#2275 = PCURVE('',#193,#2276);
#2276 = DEFINITIONAL_REPRESENTATION('',(#2277),#2281);
#2277 = LINE('',#2278,#2279);
#2278 = CARTESIAN_POINT('',(5.962875844441E-03,-0.370745790368));
#2279 = VECTOR('',#2280,1.);
#2280 = DIRECTION('',(-0.510107890492,-0.860110423177));
#2281 = ( GEOMETRIC_REPRESENTATION_CONTEXT(2) 
PARAMETRIC_REPRESENTATION_CONTEXT() REPRESENTATION_CONTEXT('2D SPACE',''
  ) );
#2282 = ORIENTED_EDGE('',*,*,#2283,.F.);
#2283 = EDGE_CURVE('',#2210,#2261,#2284,.T.);
#2284 = SURFACE_CURVE('',#2285,(#2289,#2296),.PCURVE_S1.);
#2285 = LINE('',#2286,#2287);
#2286 = CARTESIAN_POINT('',(-0.130307688538,0.194727440828,3.6600001));
#2287 = VECTOR('',#2288,1.);
#2288 = DIRECTION('',(6.245004513517E-17,1.134721110386E-33,-1.));
#2289 = PCURVE('',#2218,#2290);
#2290 = DEFINITIONAL_REPRESENTATION('',(#2291),#2295);
#2291 = LINE('',#2292,#2293);
#2292 = CARTESIAN_POINT('',(6.724310881987E-02,9.194034422677E-17));
#2293 = VECTOR('',#2294,1.);
#2294 = DIRECTION('',(-3.469446951954E-18,1.));
#2295 = ( GEOMETRIC_REPRESENTATION_CONTEXT(2) 
PARAMETRIC_REPRESENTATION_CONTEXT() REPRESENTATION_CONTEXT('2D SPACE',''
  ) );
#2296 = PCURVE('',#2297,#2302);
#2297 = CYLINDRICAL_SURFACE('',#2298,6.051475150849E-02);
#2298 = AXIS2_PLACEMENT_3D('',#2299,#2300,#2301);
#2299 = CARTESIAN_POINT('',(-0.180605498985,0.161079775019,3.6600001));
#2300 = DIRECTION('',(6.245004513517E-17,1.134721110386E-33,-1.));
#2301 = DIRECTION('',(-0.831166107315,-0.556024191965,
    -4.857225732735E-17));
#2302 = DEFINITIONAL_REPRESENTATION('',(#2303),#2307);
#2303 = LINE('',#2304,#2305);
#2304 = CARTESIAN_POINT('',(3.14159265359,0.));
#2305 = VECTOR('',#2306,1.);
#2306 = DIRECTION('',(0.,1.));
#2307 = ( GEOMETRIC_REPRESENTATION_CONTEXT(2) 
PARAMETRIC_REPRESENTATION_CONTEXT() REPRESENTATION_CONTEXT('2D SPACE',''
  ) );
#2308 = ADVANCED_FACE('',(#2309),#2297,.F.);
#2309 = FACE_BOUND('',#2310,.F.);
#2310 = EDGE_LOOP('',(#2311,#2341,#2367,#2368));
#2311 = ORIENTED_EDGE('',*,*,#2312,.T.);
#2312 = EDGE_CURVE('',#2313,#2315,#2317,.T.);
#2313 = VERTEX_POINT('',#2314);
#2314 = CARTESIAN_POINT('',(-0.208604994944,0.107432190021,2.5800001));
#2315 = VERTEX_POINT('',#2316);
#2316 = CARTESIAN_POINT('',(-0.208604994944,0.107432190021,0.9000001));
#2317 = SURFACE_CURVE('',#2318,(#2322,#2329),.PCURVE_S1.);
#2318 = LINE('',#2319,#2320);
#2319 = CARTESIAN_POINT('',(-0.208604994944,0.107432190021,3.6600001));
#2320 = VECTOR('',#2321,1.);
#2321 = DIRECTION('',(6.245004513517E-17,1.134721110386E-33,-1.));
#2322 = PCURVE('',#2297,#2323);
#2323 = DEFINITIONAL_REPRESENTATION('',(#2324),#2328);
#2324 = LINE('',#2325,#2326);
#2325 = CARTESIAN_POINT('',(5.783009427513,0.));
#2326 = VECTOR('',#2327,1.);
#2327 = DIRECTION('',(0.,1.));
#2328 = ( GEOMETRIC_REPRESENTATION_CONTEXT(2) 
PARAMETRIC_REPRESENTATION_CONTEXT() REPRESENTATION_CONTEXT('2D SPACE',''
  ) );
#2329 = PCURVE('',#2330,#2335);
#2330 = PLANE('',#2331);
#2331 = AXIS2_PLACEMENT_3D('',#2332,#2333,#2334);
#2332 = CARTESIAN_POINT('',(-0.208604994944,0.107432190021,3.6600001));
#2333 = DIRECTION('',(-0.462688770282,-0.886520784784,
    -3.122502256758E-17));
#2334 = DIRECTION('',(-0.886520784784,0.462688770282,-5.551115123126E-17
    ));
#2335 = DEFINITIONAL_REPRESENTATION('',(#2336),#2340);
#2336 = LINE('',#2337,#2338);
#2337 = CARTESIAN_POINT('',(0.,0.));
#2338 = VECTOR('',#2339,1.);
#2339 = DIRECTION('',(3.794736636034E-34,1.));
#2340 = ( GEOMETRIC_REPRESENTATION_CONTEXT(2) 
PARAMETRIC_REPRESENTATION_CONTEXT() REPRESENTATION_CONTEXT('2D SPACE',''
  ) );
#2341 = ORIENTED_EDGE('',*,*,#2342,.T.);
#2342 = EDGE_CURVE('',#2315,#2261,#2343,.T.);
#2343 = SURFACE_CURVE('',#2344,(#2349,#2356),.PCURVE_S1.);
#2344 = CIRCLE('',#2345,6.051475150849E-02);
#2345 = AXIS2_PLACEMENT_3D('',#2346,#2347,#2348);
#2346 = CARTESIAN_POINT('',(-0.180605498985,0.161079775019,0.9000001));
#2347 = DIRECTION('',(-5.966257842655E-17,1.829517043576E-18,1.));
#2348 = DIRECTION('',(-0.831166107315,-0.556024191965,
    -4.857225732735E-17));
#2349 = PCURVE('',#2297,#2350);
#2350 = DEFINITIONAL_REPRESENTATION('',(#2351),#2355);
#2351 = LINE('',#2352,#2353);
#2352 = CARTESIAN_POINT('',(6.28318530718,2.76));
#2353 = VECTOR('',#2354,1.);
#2354 = DIRECTION('',(-1.,0.));
#2355 = ( GEOMETRIC_REPRESENTATION_CONTEXT(2) 
PARAMETRIC_REPRESENTATION_CONTEXT() REPRESENTATION_CONTEXT('2D SPACE',''
  ) );
#2356 = PCURVE('',#193,#2357);
#2357 = DEFINITIONAL_REPRESENTATION('',(#2358),#2366);
#2358 = ( BOUNDED_CURVE() B_SPLINE_CURVE(2,(#2359,#2360,#2361,#2362,
#2363,#2364,#2365),.UNSPECIFIED.,.T.,.F.) B_SPLINE_CURVE_WITH_KNOTS((1,2
    ,2,2,2,1),(-2.094395102393,0.,2.094395102393,4.188790204786,
6.28318530718,8.377580409573),.UNSPECIFIED.) CURVE() 
GEOMETRIC_REPRESENTATION_ITEM() RATIONAL_B_SPLINE_CURVE((1.,0.5,1.,0.5,
1.,0.5,1.)) REPRESENTATION_ITEM('') );
#2359 = CARTESIAN_POINT('',(-0.22494740742,-0.522828986656));
#2360 = CARTESIAN_POINT('',(-0.171480640567,-0.432676835863));
#2361 = CARTESIAN_POINT('',(-0.120139971201,-0.524056489613));
#2362 = CARTESIAN_POINT('',(-6.879930183494E-02,-0.615436143363));
#2363 = CARTESIAN_POINT('',(-0.173606738054,-0.614208640406));
#2364 = CARTESIAN_POINT('',(-0.278414174274,-0.612981137449));
#2365 = CARTESIAN_POINT('',(-0.22494740742,-0.522828986656));
#2366 = ( GEOMETRIC_REPRESENTATION_CONTEXT(2) 
PARAMETRIC_REPRESENTATION_CONTEXT() REPRESENTATION_CONTEXT('2D SPACE',''
  ) );
#2367 = ORIENTED_EDGE('',*,*,#2283,.F.);
#2368 = ORIENTED_EDGE('',*,*,#2369,.T.);
#2369 = EDGE_CURVE('',#2210,#2313,#2370,.T.);
#2370 = SURFACE_CURVE('',#2371,(#2376,#2383),.PCURVE_S1.);
#2371 = CIRCLE('',#2372,6.051475150849E-02);
#2372 = AXIS2_PLACEMENT_3D('',#2373,#2374,#2375);
#2373 = CARTESIAN_POINT('',(-0.180605498985,0.161079775019,2.5800001));
#2374 = DIRECTION('',(5.966257842655E-17,-1.829517043576E-18,-1.));
#2375 = DIRECTION('',(-0.831166107315,-0.556024191965,
    -4.857225732735E-17));
#2376 = PCURVE('',#2297,#2377);
#2377 = DEFINITIONAL_REPRESENTATION('',(#2378),#2382);
#2378 = LINE('',#2379,#2380);
#2379 = CARTESIAN_POINT('',(0.,1.08));
#2380 = VECTOR('',#2381,1.);
#2381 = DIRECTION('',(1.,0.));
#2382 = ( GEOMETRIC_REPRESENTATION_CONTEXT(2) 
PARAMETRIC_REPRESENTATION_CONTEXT() REPRESENTATION_CONTEXT('2D SPACE',''
  ) );
#2383 = PCURVE('',#615,#2384);
#2384 = DEFINITIONAL_REPRESENTATION('',(#2385),#2393);
#2385 = ( BOUNDED_CURVE() B_SPLINE_CURVE(2,(#2386,#2387,#2388,#2389,
#2390,#2391,#2392),.UNSPECIFIED.,.T.,.F.) B_SPLINE_CURVE_WITH_KNOTS((1,2
    ,2,2,2,1),(-2.094395102393,0.,2.094395102393,4.188790204786,
6.28318530718,8.377580409573),.UNSPECIFIED.) CURVE() 
GEOMETRIC_REPRESENTATION_ITEM() RATIONAL_B_SPLINE_CURVE((1.,0.5,1.,0.5,
1.,0.5,1.)) REPRESENTATION_ITEM('') );
#2386 = CARTESIAN_POINT('',(0.22494740742,-0.292028986656));
#2387 = CARTESIAN_POINT('',(0.278414174274,-0.382181137449));
#2388 = CARTESIAN_POINT('',(0.173606738054,-0.383408640406));
#2389 = CARTESIAN_POINT('',(6.879930183494E-02,-0.384636143363));
#2390 = CARTESIAN_POINT('',(0.120139971201,-0.293256489613));
#2391 = CARTESIAN_POINT('',(0.171480640567,-0.201876835863));
#2392 = CARTESIAN_POINT('',(0.22494740742,-0.292028986656));
#2393 = ( GEOMETRIC_REPRESENTATION_CONTEXT(2) 
PARAMETRIC_REPRESENTATION_CONTEXT() REPRESENTATION_CONTEXT('2D SPACE',''
  ) );
#2394 = ADVANCED_FACE('',(#2395),#2330,.F.);
#2395 = FACE_BOUND('',#2396,.T.);
#2396 = EDGE_LOOP('',(#2397,#2420,#2421,#2444));
#2397 = ORIENTED_EDGE('',*,*,#2398,.F.);
#2398 = EDGE_CURVE('',#2313,#2399,#2401,.T.);
#2399 = VERTEX_POINT('',#2400);
#2400 = CARTESIAN_POINT('',(-0.268217408546,0.13854482135,2.5800001));
#2401 = SURFACE_CURVE('',#2402,(#2406,#2413),.PCURVE_S1.);
#2402 = LINE('',#2403,#2404);
#2403 = CARTESIAN_POINT('',(-6.967644206838E-02,3.492325126761E-02,
    2.5800001));
#2404 = VECTOR('',#2405,1.);
#2405 = DIRECTION('',(-0.886520784784,0.462688770282,-5.551115123126E-17
    ));
#2406 = PCURVE('',#2330,#2407);
#2407 = DEFINITIONAL_REPRESENTATION('',(#2408),#2412);
#2408 = LINE('',#2409,#2410);
#2409 = CARTESIAN_POINT('',(-0.15671212143,1.08));
#2410 = VECTOR('',#2411,1.);
#2411 = DIRECTION('',(1.,1.772571335842E-33));
#2412 = ( GEOMETRIC_REPRESENTATION_CONTEXT(2) 
PARAMETRIC_REPRESENTATION_CONTEXT() REPRESENTATION_CONTEXT('2D SPACE',''
  ) );
#2413 = PCURVE('',#615,#2414);
#2414 = DEFINITIONAL_REPRESENTATION('',(#2415),#2419);
#2415 = LINE('',#2416,#2417);
#2416 = CARTESIAN_POINT('',(6.897736204695E-02,-0.190908580686));
#2417 = VECTOR('',#2418,1.);
#2418 = DIRECTION('',(0.860110423177,-0.510107890492));
#2419 = ( GEOMETRIC_REPRESENTATION_CONTEXT(2) 
PARAMETRIC_REPRESENTATION_CONTEXT() REPRESENTATION_CONTEXT('2D SPACE',''
  ) );
#2420 = ORIENTED_EDGE('',*,*,#2312,.T.);
#2421 = ORIENTED_EDGE('',*,*,#2422,.F.);
#2422 = EDGE_CURVE('',#2423,#2315,#2425,.T.);
#2423 = VERTEX_POINT('',#2424);
#2424 = CARTESIAN_POINT('',(-0.268217408546,0.13854482135,0.9000001));
#2425 = SURFACE_CURVE('',#2426,(#2430,#2437),.PCURVE_S1.);
#2426 = LINE('',#2427,#2428);
#2427 = CARTESIAN_POINT('',(-1.749011011802E-02,7.686405645869E-03,
    0.9000001));
#2428 = VECTOR('',#2429,1.);
#2429 = DIRECTION('',(0.886520784784,-0.462688770282,5.551115123126E-17)
  );
#2430 = PCURVE('',#2330,#2431);
#2431 = DEFINITIONAL_REPRESENTATION('',(#2432),#2436);
#2432 = LINE('',#2433,#2434);
#2433 = CARTESIAN_POINT('',(-0.215578571993,2.76));
#2434 = VECTOR('',#2435,1.);
#2435 = DIRECTION('',(-1.,-1.772571335842E-33));
#2436 = ( GEOMETRIC_REPRESENTATION_CONTEXT(2) 
PARAMETRIC_REPRESENTATION_CONTEXT() REPRESENTATION_CONTEXT('2D SPACE',''
  ) );
#2437 = PCURVE('',#193,#2438);
#2438 = DEFINITIONAL_REPRESENTATION('',(#2439),#2443);
#2439 = LINE('',#2440,#2441);
#2440 = CARTESIAN_POINT('',(-1.834571434248E-02,-0.391680339769));
#2441 = VECTOR('',#2442,1.);
#2442 = DIRECTION('',(0.860110423177,0.510107890492));
#2443 = ( GEOMETRIC_REPRESENTATION_CONTEXT(2) 
PARAMETRIC_REPRESENTATION_CONTEXT() REPRESENTATION_CONTEXT('2D SPACE',''
  ) );
#2444 = ORIENTED_EDGE('',*,*,#2445,.F.);
#2445 = EDGE_CURVE('',#2399,#2423,#2446,.T.);
#2446 = SURFACE_CURVE('',#2447,(#2451,#2458),.PCURVE_S1.);
#2447 = LINE('',#2448,#2449);
#2448 = CARTESIAN_POINT('',(-0.268217408546,0.13854482135,3.6600001));
#2449 = VECTOR('',#2450,1.);
#2450 = DIRECTION('',(6.245004513517E-17,1.134721110386E-33,-1.));
#2451 = PCURVE('',#2330,#2452);
#2452 = DEFINITIONAL_REPRESENTATION('',(#2453),#2457);
#2453 = LINE('',#2454,#2455);
#2454 = CARTESIAN_POINT('',(6.724310881987E-02,-1.925543058334E-16));
#2455 = VECTOR('',#2456,1.);
#2456 = DIRECTION('',(3.794736636034E-34,1.));
#2457 = ( GEOMETRIC_REPRESENTATION_CONTEXT(2) 
PARAMETRIC_REPRESENTATION_CONTEXT() REPRESENTATION_CONTEXT('2D SPACE',''
  ) );
#2458 = PCURVE('',#2459,#2464);
#2459 = CYLINDRICAL_SURFACE('',#2460,7.6E-02);
#2460 = AXIS2_PLACEMENT_3D('',#2461,#2462,#2463);
#2461 = CARTESIAN_POINT('',(-0.303381755088,7.116924170671E-02,3.6600001
    ));
#2462 = DIRECTION('',(6.245004513517E-17,1.134721110386E-33,-1.));
#2463 = DIRECTION('',(-0.715804974981,0.698300249027,-4.857225732735E-17
    ));
#2464 = DEFINITIONAL_REPRESENTATION('',(#2465),#2469);
#2465 = LINE('',#2466,#2467);
#2466 = CARTESIAN_POINT('',(1.278801943053,0.));
#2467 = VECTOR('',#2468,1.);
#2468 = DIRECTION('',(0.,1.));
#2469 = ( GEOMETRIC_REPRESENTATION_CONTEXT(2) 
PARAMETRIC_REPRESENTATION_CONTEXT() REPRESENTATION_CONTEXT('2D SPACE',''
  ) );
#2470 = ADVANCED_FACE('',(#2471),#2459,.T.);
#2471 = FACE_BOUND('',#2472,.T.);
#2472 = EDGE_LOOP('',(#2473,#2497,#2498,#2522));
#2473 = ORIENTED_EDGE('',*,*,#2474,.F.);
#2474 = EDGE_CURVE('',#2399,#2475,#2477,.T.);
#2475 = VERTEX_POINT('',#2476);
#2476 = CARTESIAN_POINT('',(-0.357782933186,0.124240060633,2.5800001));
#2477 = SURFACE_CURVE('',#2478,(#2483,#2490),.PCURVE_S1.);
#2478 = CIRCLE('',#2479,7.6E-02);
#2479 = AXIS2_PLACEMENT_3D('',#2480,#2481,#2482);
#2480 = CARTESIAN_POINT('',(-0.303381755088,7.116924170671E-02,2.5800001
    ));
#2481 = DIRECTION('',(-6.384085148744E-17,4.116650723799E-18,1.));
#2482 = DIRECTION('',(-0.715804974981,0.698300249027,-4.857225732735E-17
    ));
#2483 = PCURVE('',#2459,#2484);
#2484 = DEFINITIONAL_REPRESENTATION('',(#2485),#2489);
#2485 = LINE('',#2486,#2487);
#2486 = CARTESIAN_POINT('',(6.28318530718,1.08));
#2487 = VECTOR('',#2488,1.);
#2488 = DIRECTION('',(-1.,0.));
#2489 = ( GEOMETRIC_REPRESENTATION_CONTEXT(2) 
PARAMETRIC_REPRESENTATION_CONTEXT() REPRESENTATION_CONTEXT('2D SPACE',''
  ) );
#2490 = PCURVE('',#615,#2491);
#2491 = DEFINITIONAL_REPRESENTATION('',(#2492),#2496);
#2492 = CIRCLE('',#2493,7.6E-02);
#2493 = AXIS2_PLACEMENT_2D('',#2494,#2495);
#2494 = CARTESIAN_POINT('',(0.300371789588,-0.239781518592));
#2495 = DIRECTION('',(0.676862320957,-0.736109637533));
#2496 = ( GEOMETRIC_REPRESENTATION_CONTEXT(2) 
PARAMETRIC_REPRESENTATION_CONTEXT() REPRESENTATION_CONTEXT('2D SPACE',''
  ) );
#2497 = ORIENTED_EDGE('',*,*,#2445,.T.);
#2498 = ORIENTED_EDGE('',*,*,#2499,.F.);
#2499 = EDGE_CURVE('',#2500,#2423,#2502,.T.);
#2500 = VERTEX_POINT('',#2501);
#2501 = CARTESIAN_POINT('',(-0.357782933186,0.124240060633,0.9000001));
#2502 = SURFACE_CURVE('',#2503,(#2508,#2515),.PCURVE_S1.);
#2503 = CIRCLE('',#2504,7.6E-02);
#2504 = AXIS2_PLACEMENT_3D('',#2505,#2506,#2507);
#2505 = CARTESIAN_POINT('',(-0.303381755088,7.116924170671E-02,0.9000001
    ));
#2506 = DIRECTION('',(6.384085148744E-17,-4.116650723799E-18,-1.));
#2507 = DIRECTION('',(-0.715804974981,0.698300249027,-4.857225732735E-17
    ));
#2508 = PCURVE('',#2459,#2509);
#2509 = DEFINITIONAL_REPRESENTATION('',(#2510),#2514);
#2510 = LINE('',#2511,#2512);
#2511 = CARTESIAN_POINT('',(0.,2.76));
#2512 = VECTOR('',#2513,1.);
#2513 = DIRECTION('',(1.,0.));
#2514 = ( GEOMETRIC_REPRESENTATION_CONTEXT(2) 
PARAMETRIC_REPRESENTATION_CONTEXT() REPRESENTATION_CONTEXT('2D SPACE',''
  ) );
#2515 = PCURVE('',#193,#2516);
#2516 = DEFINITIONAL_REPRESENTATION('',(#2517),#2521);
#2517 = CIRCLE('',#2518,7.6E-02);
#2518 = AXIS2_PLACEMENT_2D('',#2519,#2520);
#2519 = CARTESIAN_POINT('',(-0.300371789588,-0.470581518592));
#2520 = DIRECTION('',(-0.676862320957,-0.736109637533));
#2521 = ( GEOMETRIC_REPRESENTATION_CONTEXT(2) 
PARAMETRIC_REPRESENTATION_CONTEXT() REPRESENTATION_CONTEXT('2D SPACE',''
  ) );
#2522 = ORIENTED_EDGE('',*,*,#2523,.F.);
#2523 = EDGE_CURVE('',#2475,#2500,#2524,.T.);
#2524 = SURFACE_CURVE('',#2525,(#2529,#2536),.PCURVE_S1.);
#2525 = LINE('',#2526,#2527);
#2526 = CARTESIAN_POINT('',(-0.357782933186,0.124240060633,3.6600001));
#2527 = VECTOR('',#2528,1.);
#2528 = DIRECTION('',(6.245004513517E-17,1.134721110386E-33,-1.));
#2529 = PCURVE('',#2459,#2530);
#2530 = DEFINITIONAL_REPRESENTATION('',(#2531),#2535);
#2531 = LINE('',#2532,#2533);
#2532 = CARTESIAN_POINT('',(0.,0.));
#2533 = VECTOR('',#2534,1.);
#2534 = DIRECTION('',(0.,1.));
#2535 = ( GEOMETRIC_REPRESENTATION_CONTEXT(2) 
PARAMETRIC_REPRESENTATION_CONTEXT() REPRESENTATION_CONTEXT('2D SPACE',''
  ) );
#2536 = PCURVE('',#2537,#2542);
#2537 = CYLINDRICAL_SURFACE('',#2538,7.6E-02);
#2538 = AXIS2_PLACEMENT_3D('',#2539,#2540,#2541);
#2539 = CARTESIAN_POINT('',(-0.28213426446,0.131539301687,3.6600001));
#2540 = DIRECTION('',(6.245004513517E-17,1.134721110386E-33,-1.));
#2541 = DIRECTION('',(-0.194554714133,-0.980891667417,
    -1.387778780781E-17));
#2542 = DEFINITIONAL_REPRESENTATION('',(#2543),#2547);
#2543 = LINE('',#2544,#2545);
#2544 = CARTESIAN_POINT('',(1.278801943053,0.));
#2545 = VECTOR('',#2546,1.);
#2546 = DIRECTION('',(0.,1.));
#2547 = ( GEOMETRIC_REPRESENTATION_CONTEXT(2) 
PARAMETRIC_REPRESENTATION_CONTEXT() REPRESENTATION_CONTEXT('2D SPACE',''
  ) );
#2548 = ADVANCED_FACE('',(#2549),#2143,.T.);
#2549 = FACE_BOUND('',#2550,.T.);
#2550 = EDGE_LOOP('',(#2551,#2573,#2574,#2596));
#2551 = ORIENTED_EDGE('',*,*,#2552,.F.);
#2552 = EDGE_CURVE('',#2081,#2208,#2553,.T.);
#2553 = SURFACE_CURVE('',#2554,(#2559,#2566),.PCURVE_S1.);
#2554 = CIRCLE('',#2555,7.6E-02);
#2555 = AXIS2_PLACEMENT_3D('',#2556,#2557,#2558);
#2556 = CARTESIAN_POINT('',(-0.104527859629,0.292875472419,2.5800001));
#2557 = DIRECTION('',(-5.389520499136E-17,5.687709919626E-18,1.));
#2558 = DIRECTION('',(-0.831166107315,-0.556024191965,
    -4.163336342344E-17));
#2559 = PCURVE('',#2143,#2560);
#2560 = DEFINITIONAL_REPRESENTATION('',(#2561),#2565);
#2561 = LINE('',#2562,#2563);
#2562 = CARTESIAN_POINT('',(6.28318530718,1.08));
#2563 = VECTOR('',#2564,1.);
#2564 = DIRECTION('',(-1.,0.));
#2565 = ( GEOMETRIC_REPRESENTATION_CONTEXT(2) 
PARAMETRIC_REPRESENTATION_CONTEXT() REPRESENTATION_CONTEXT('2D SPACE',''
  ) );
#2566 = PCURVE('',#615,#2567);
#2567 = DEFINITIONAL_REPRESENTATION('',(#2568),#2572);
#2568 = CIRCLE('',#2569,7.6E-02);
#2569 = AXIS2_PLACEMENT_2D('',#2570,#2571);
#2570 = CARTESIAN_POINT('',(8.97815185921E-02,-0.450371789588));
#2571 = DIRECTION('',(0.860110423177,0.510107890492));
#2572 = ( GEOMETRIC_REPRESENTATION_CONTEXT(2) 
PARAMETRIC_REPRESENTATION_CONTEXT() REPRESENTATION_CONTEXT('2D SPACE',''
  ) );
#2573 = ORIENTED_EDGE('',*,*,#2129,.T.);
#2574 = ORIENTED_EDGE('',*,*,#2575,.F.);
#2575 = EDGE_CURVE('',#2238,#2106,#2576,.T.);
#2576 = SURFACE_CURVE('',#2577,(#2582,#2589),.PCURVE_S1.);
#2577 = CIRCLE('',#2578,7.6E-02);
#2578 = AXIS2_PLACEMENT_3D('',#2579,#2580,#2581);
#2579 = CARTESIAN_POINT('',(-0.104527859629,0.292875472419,0.9000001));
#2580 = DIRECTION('',(5.389520499136E-17,-5.687709919626E-18,-1.));
#2581 = DIRECTION('',(-0.831166107315,-0.556024191965,
    -4.163336342344E-17));
#2582 = PCURVE('',#2143,#2583);
#2583 = DEFINITIONAL_REPRESENTATION('',(#2584),#2588);
#2584 = LINE('',#2585,#2586);
#2585 = CARTESIAN_POINT('',(0.,2.76));
#2586 = VECTOR('',#2587,1.);
#2587 = DIRECTION('',(1.,0.));
#2588 = ( GEOMETRIC_REPRESENTATION_CONTEXT(2) 
PARAMETRIC_REPRESENTATION_CONTEXT() REPRESENTATION_CONTEXT('2D SPACE',''
  ) );
#2589 = PCURVE('',#193,#2590);
#2590 = DEFINITIONAL_REPRESENTATION('',(#2591),#2595);
#2591 = CIRCLE('',#2592,7.6E-02);
#2592 = AXIS2_PLACEMENT_2D('',#2593,#2594);
#2593 = CARTESIAN_POINT('',(-8.97815185921E-02,-0.681171789588));
#2594 = DIRECTION('',(-0.860110423177,0.510107890492));
#2595 = ( GEOMETRIC_REPRESENTATION_CONTEXT(2) 
PARAMETRIC_REPRESENTATION_CONTEXT() REPRESENTATION_CONTEXT('2D SPACE',''
  ) );
#2596 = ORIENTED_EDGE('',*,*,#2237,.F.);
#2597 = ADVANCED_FACE('',(#2598),#2612,.F.);
#2598 = FACE_BOUND('',#2599,.T.);
#2599 = EDGE_LOOP('',(#2600,#2630,#2653,#2676));
#2600 = ORIENTED_EDGE('',*,*,#2601,.F.);
#2601 = EDGE_CURVE('',#2602,#2604,#2606,.T.);
#2602 = VERTEX_POINT('',#2603);
#2603 = CARTESIAN_POINT('',(-0.296920422734,5.699153496337E-02,2.5800001
    ));
#2604 = VERTEX_POINT('',#2605);
#2605 = CARTESIAN_POINT('',(-0.230962217602,4.390907114951E-02,2.5800001
    ));
#2606 = SURFACE_CURVE('',#2607,(#2611,#2623),.PCURVE_S1.);
#2607 = LINE('',#2608,#2609);
#2608 = CARTESIAN_POINT('',(-0.129543745091,2.379324941047E-02,2.5800001
    ));
#2609 = VECTOR('',#2610,1.);
#2610 = DIRECTION('',(0.980891667417,-0.194554714133,6.938893903907E-17)
  );
#2611 = PCURVE('',#2612,#2617);
#2612 = PLANE('',#2613);
#2613 = AXIS2_PLACEMENT_3D('',#2614,#2615,#2616);
#2614 = CARTESIAN_POINT('',(-0.296920422734,5.699153496337E-02,3.6600001
    ));
#2615 = DIRECTION('',(0.194554714133,0.980891667417,1.040834085586E-17)
  );
#2616 = DIRECTION('',(0.980891667417,-0.194554714133,6.938893903907E-17)
  );
#2617 = DEFINITIONAL_REPRESENTATION('',(#2618),#2622);
#2618 = LINE('',#2619,#2620);
#2619 = CARTESIAN_POINT('',(0.170637271376,1.08));
#2620 = VECTOR('',#2621,1.);
#2621 = DIRECTION('',(1.,-6.938893903907E-18));
#2622 = ( GEOMETRIC_REPRESENTATION_CONTEXT(2) 
PARAMETRIC_REPRESENTATION_CONTEXT() REPRESENTATION_CONTEXT('2D SPACE',''
  ) );
#2623 = PCURVE('',#615,#2624);
#2624 = DEFINITIONAL_REPRESENTATION('',(#2625),#2629);
#2625 = LINE('',#2626,#2627);
#2626 = CARTESIAN_POINT('',(0.129360367697,-0.183043242724));
#2627 = VECTOR('',#2628,1.);
#2628 = DIRECTION('',(-0.968890661301,0.247489164294));
#2629 = ( GEOMETRIC_REPRESENTATION_CONTEXT(2) 
PARAMETRIC_REPRESENTATION_CONTEXT() REPRESENTATION_CONTEXT('2D SPACE',''
  ) );
#2630 = ORIENTED_EDGE('',*,*,#2631,.T.);
#2631 = EDGE_CURVE('',#2602,#2632,#2634,.T.);
#2632 = VERTEX_POINT('',#2633);
#2633 = CARTESIAN_POINT('',(-0.296920422734,5.699153496337E-02,0.9000001
    ));
#2634 = SURFACE_CURVE('',#2635,(#2639,#2646),.PCURVE_S1.);
#2635 = LINE('',#2636,#2637);
#2636 = CARTESIAN_POINT('',(-0.296920422734,5.699153496337E-02,3.6600001
    ));
#2637 = VECTOR('',#2638,1.);
#2638 = DIRECTION('',(6.245004513517E-17,1.134721110386E-33,-1.));
#2639 = PCURVE('',#2612,#2640);
#2640 = DEFINITIONAL_REPRESENTATION('',(#2641),#2645);
#2641 = LINE('',#2642,#2643);
#2642 = CARTESIAN_POINT('',(0.,0.));
#2643 = VECTOR('',#2644,1.);
#2644 = DIRECTION('',(-6.607844310006E-18,1.));
#2645 = ( GEOMETRIC_REPRESENTATION_CONTEXT(2) 
PARAMETRIC_REPRESENTATION_CONTEXT() REPRESENTATION_CONTEXT('2D SPACE',''
  ) );
#2646 = PCURVE('',#2537,#2647);
#2647 = DEFINITIONAL_REPRESENTATION('',(#2648),#2652);
#2648 = LINE('',#2649,#2650);
#2649 = CARTESIAN_POINT('',(0.,0.));
#2650 = VECTOR('',#2651,1.);
#2651 = DIRECTION('',(0.,1.));
#2652 = ( GEOMETRIC_REPRESENTATION_CONTEXT(2) 
PARAMETRIC_REPRESENTATION_CONTEXT() REPRESENTATION_CONTEXT('2D SPACE',''
  ) );
#2653 = ORIENTED_EDGE('',*,*,#2654,.F.);
#2654 = EDGE_CURVE('',#2655,#2632,#2657,.T.);
#2655 = VERTEX_POINT('',#2656);
#2656 = CARTESIAN_POINT('',(-0.230962217602,4.390907114951E-02,0.9000001
    ));
#2657 = SURFACE_CURVE('',#2658,(#2662,#2669),.PCURVE_S1.);
#2658 = LINE('',#2659,#2660);
#2659 = CARTESIAN_POINT('',(-0.101529234279,1.823671822184E-02,0.9000001
    ));
#2660 = VECTOR('',#2661,1.);
#2661 = DIRECTION('',(-0.980891667417,0.194554714133,-6.938893903907E-17
    ));
#2662 = PCURVE('',#2612,#2663);
#2663 = DEFINITIONAL_REPRESENTATION('',(#2664),#2668);
#2664 = LINE('',#2665,#2666);
#2665 = CARTESIAN_POINT('',(0.199197520935,2.76));
#2666 = VECTOR('',#2667,1.);
#2667 = DIRECTION('',(-1.,6.938893903907E-18));
#2668 = ( GEOMETRIC_REPRESENTATION_CONTEXT(2) 
PARAMETRIC_REPRESENTATION_CONTEXT() REPRESENTATION_CONTEXT('2D SPACE',''
  ) );
#2669 = PCURVE('',#193,#2670);
#2670 = DEFINITIONAL_REPRESENTATION('',(#2671),#2675);
#2671 = LINE('',#2672,#2673);
#2672 = CARTESIAN_POINT('',(-0.101688608614,-0.406774890428));
#2673 = VECTOR('',#2674,1.);
#2674 = DIRECTION('',(-0.968890661301,-0.247489164294));
#2675 = ( GEOMETRIC_REPRESENTATION_CONTEXT(2) 
PARAMETRIC_REPRESENTATION_CONTEXT() REPRESENTATION_CONTEXT('2D SPACE',''
  ) );
#2676 = ORIENTED_EDGE('',*,*,#2677,.F.);
#2677 = EDGE_CURVE('',#2604,#2655,#2678,.T.);
#2678 = SURFACE_CURVE('',#2679,(#2683,#2690),.PCURVE_S1.);
#2679 = LINE('',#2680,#2681);
#2680 = CARTESIAN_POINT('',(-0.230962217602,4.390907114951E-02,3.6600001
    ));
#2681 = VECTOR('',#2682,1.);
#2682 = DIRECTION('',(6.245004513517E-17,1.134721110386E-33,-1.));
#2683 = PCURVE('',#2612,#2684);
#2684 = DEFINITIONAL_REPRESENTATION('',(#2685),#2689);
#2685 = LINE('',#2686,#2687);
#2686 = CARTESIAN_POINT('',(6.724310881987E-02,7.849623728795E-17));
#2687 = VECTOR('',#2688,1.);
#2688 = DIRECTION('',(-6.607844310006E-18,1.));
#2689 = ( GEOMETRIC_REPRESENTATION_CONTEXT(2) 
PARAMETRIC_REPRESENTATION_CONTEXT() REPRESENTATION_CONTEXT('2D SPACE',''
  ) );
#2690 = PCURVE('',#2691,#2696);
#2691 = CYLINDRICAL_SURFACE('',#2692,6.051475150849E-02);
#2692 = AXIS2_PLACEMENT_3D('',#2693,#2694,#2695);
#2693 = CARTESIAN_POINT('',(-0.242735647782,-1.544934436099E-02,
    3.6600001));
#2694 = DIRECTION('',(6.245004513517E-17,1.134721110386E-33,-1.));
#2695 = DIRECTION('',(-0.194554714133,-0.980891667417,
    -1.040834085586E-17));
#2696 = DEFINITIONAL_REPRESENTATION('',(#2697),#2701);
#2697 = LINE('',#2698,#2699);
#2698 = CARTESIAN_POINT('',(3.14159265359,0.));
#2699 = VECTOR('',#2700,1.);
#2700 = DIRECTION('',(0.,1.));
#2701 = ( GEOMETRIC_REPRESENTATION_CONTEXT(2) 
PARAMETRIC_REPRESENTATION_CONTEXT() REPRESENTATION_CONTEXT('2D SPACE',''
  ) );
#2702 = ADVANCED_FACE('',(#2703),#2691,.F.);
#2703 = FACE_BOUND('',#2704,.F.);
#2704 = EDGE_LOOP('',(#2705,#2735,#2761,#2762));
#2705 = ORIENTED_EDGE('',*,*,#2706,.T.);
#2706 = EDGE_CURVE('',#2707,#2709,#2711,.T.);
#2707 = VERTEX_POINT('',#2708);
#2708 = CARTESIAN_POINT('',(-0.224599710098,-7.318254897029E-02,
    2.5800001));
#2709 = VERTEX_POINT('',#2710);
#2710 = CARTESIAN_POINT('',(-0.224599710098,-7.318254897029E-02,
    0.9000001));
#2711 = SURFACE_CURVE('',#2712,(#2716,#2723),.PCURVE_S1.);
#2712 = LINE('',#2713,#2714);
#2713 = CARTESIAN_POINT('',(-0.224599710098,-7.318254897029E-02,
    3.6600001));
#2714 = VECTOR('',#2715,1.);
#2715 = DIRECTION('',(6.245004513517E-17,1.134721110386E-33,-1.));
#2716 = PCURVE('',#2691,#2717);
#2717 = DEFINITIONAL_REPRESENTATION('',(#2718),#2722);
#2718 = LINE('',#2719,#2720);
#2719 = CARTESIAN_POINT('',(5.783009427513,0.));
#2720 = VECTOR('',#2721,1.);
#2721 = DIRECTION('',(0.,1.));
#2722 = ( GEOMETRIC_REPRESENTATION_CONTEXT(2) 
PARAMETRIC_REPRESENTATION_CONTEXT() REPRESENTATION_CONTEXT('2D SPACE',''
  ) );
#2723 = PCURVE('',#2724,#2729);
#2724 = PLANE('',#2725);
#2725 = AXIS2_PLACEMENT_3D('',#2726,#2727,#2728);
#2726 = CARTESIAN_POINT('',(-0.224599710098,-7.318254897029E-02,
    3.6600001));
#2727 = DIRECTION('',(0.299694491539,-0.954035225629,1.734723475977E-17)
  );
#2728 = DIRECTION('',(-0.954035225629,-0.299694491539,
    -6.245004513517E-17));
#2729 = DEFINITIONAL_REPRESENTATION('',(#2730),#2734);
#2730 = LINE('',#2731,#2732);
#2731 = CARTESIAN_POINT('',(-0.,0.));
#2732 = VECTOR('',#2733,1.);
#2733 = DIRECTION('',(-9.919811564357E-19,1.));
#2734 = ( GEOMETRIC_REPRESENTATION_CONTEXT(2) 
PARAMETRIC_REPRESENTATION_CONTEXT() REPRESENTATION_CONTEXT('2D SPACE',''
  ) );
#2735 = ORIENTED_EDGE('',*,*,#2736,.T.);
#2736 = EDGE_CURVE('',#2709,#2655,#2737,.T.);
#2737 = SURFACE_CURVE('',#2738,(#2743,#2750),.PCURVE_S1.);
#2738 = CIRCLE('',#2739,6.051475150849E-02);
#2739 = AXIS2_PLACEMENT_3D('',#2740,#2741,#2742);
#2740 = CARTESIAN_POINT('',(-0.242735647782,-1.544934436099E-02,
    0.9000001));
#2741 = DIRECTION('',(-7.008802389416E-17,3.290490381587E-18,1.));
#2742 = DIRECTION('',(-0.194554714133,-0.980891667417,
    -1.040834085586E-17));
#2743 = PCURVE('',#2691,#2744);
#2744 = DEFINITIONAL_REPRESENTATION('',(#2745),#2749);
#2745 = LINE('',#2746,#2747);
#2746 = CARTESIAN_POINT('',(6.28318530718,2.76));
#2747 = VECTOR('',#2748,1.);
#2748 = DIRECTION('',(-1.,0.));
#2749 = ( GEOMETRIC_REPRESENTATION_CONTEXT(2) 
PARAMETRIC_REPRESENTATION_CONTEXT() REPRESENTATION_CONTEXT('2D SPACE',''
  ) );
#2750 = PCURVE('',#193,#2751);
#2751 = DEFINITIONAL_REPRESENTATION('',(#2752),#2760);
#2752 = ( BOUNDED_CURVE() B_SPLINE_CURVE(2,(#2753,#2754,#2755,#2756,
#2757,#2758,#2759),.UNSPECIFIED.,.T.,.F.) B_SPLINE_CURVE_WITH_KNOTS((1,2
    ,2,2,2,1),(-2.094395102393,0.,2.094395102393,4.188790204786,
6.28318530718,8.377580409573),.UNSPECIFIED.) CURVE() 
GEOMETRIC_REPRESENTATION_ITEM() RATIONAL_B_SPLINE_CURVE((1.,0.5,1.,0.5,
1.,0.5,1.)) REPRESENTATION_ITEM('') );
#2753 = CARTESIAN_POINT('',(-0.259491496787,-0.322167822392));
#2754 = CARTESIAN_POINT('',(-0.157937586212,-0.296227338638));
#2755 = CARTESIAN_POINT('',(-0.186249423582,-0.397145846927));
#2756 = CARTESIAN_POINT('',(-0.214561260952,-0.498064355215));
#2757 = CARTESIAN_POINT('',(-0.287803334157,-0.423086330681));
#2758 = CARTESIAN_POINT('',(-0.361045407361,-0.348108306147));
#2759 = CARTESIAN_POINT('',(-0.259491496787,-0.322167822392));
#2760 = ( GEOMETRIC_REPRESENTATION_CONTEXT(2) 
PARAMETRIC_REPRESENTATION_CONTEXT() REPRESENTATION_CONTEXT('2D SPACE',''
  ) );
#2761 = ORIENTED_EDGE('',*,*,#2677,.F.);
#2762 = ORIENTED_EDGE('',*,*,#2763,.T.);
#2763 = EDGE_CURVE('',#2604,#2707,#2764,.T.);
#2764 = SURFACE_CURVE('',#2765,(#2770,#2777),.PCURVE_S1.);
#2765 = CIRCLE('',#2766,6.051475150849E-02);
#2766 = AXIS2_PLACEMENT_3D('',#2767,#2768,#2769);
#2767 = CARTESIAN_POINT('',(-0.242735647782,-1.544934436099E-02,
    2.5800001));
#2768 = DIRECTION('',(7.008802389416E-17,-3.290490381587E-18,-1.));
#2769 = DIRECTION('',(-0.194554714133,-0.980891667417,
    -1.040834085586E-17));
#2770 = PCURVE('',#2691,#2771);
#2771 = DEFINITIONAL_REPRESENTATION('',(#2772),#2776);
#2772 = LINE('',#2773,#2774);
#2773 = CARTESIAN_POINT('',(-4.440892098501E-16,1.08));
#2774 = VECTOR('',#2775,1.);
#2775 = DIRECTION('',(1.,0.));
#2776 = ( GEOMETRIC_REPRESENTATION_CONTEXT(2) 
PARAMETRIC_REPRESENTATION_CONTEXT() REPRESENTATION_CONTEXT('2D SPACE',''
  ) );
#2777 = PCURVE('',#615,#2778);
#2778 = DEFINITIONAL_REPRESENTATION('',(#2779),#2787);
#2779 = ( BOUNDED_CURVE() B_SPLINE_CURVE(2,(#2780,#2781,#2782,#2783,
#2784,#2785,#2786),.UNSPECIFIED.,.T.,.F.) B_SPLINE_CURVE_WITH_KNOTS((1,2
    ,2,2,2,1),(-2.094395102393,0.,2.094395102393,4.188790204786,
6.28318530718,8.377580409573),.UNSPECIFIED.) CURVE() 
GEOMETRIC_REPRESENTATION_ITEM() RATIONAL_B_SPLINE_CURVE((1.,0.5,1.,0.5,
1.,0.5,1.)) REPRESENTATION_ITEM('') );
#2780 = CARTESIAN_POINT('',(0.259491496787,-9.136782239246E-02));
#2781 = CARTESIAN_POINT('',(0.361045407361,-0.117308306147));
#2782 = CARTESIAN_POINT('',(0.287803334157,-0.192286330681));
#2783 = CARTESIAN_POINT('',(0.214561260952,-0.267264355215));
#2784 = CARTESIAN_POINT('',(0.186249423582,-0.166345846927));
#2785 = CARTESIAN_POINT('',(0.157937586212,-6.542733863839E-02));
#2786 = CARTESIAN_POINT('',(0.259491496787,-9.136782239246E-02));
#2787 = ( GEOMETRIC_REPRESENTATION_CONTEXT(2) 
PARAMETRIC_REPRESENTATION_CONTEXT() REPRESENTATION_CONTEXT('2D SPACE',''
  ) );
#2788 = ADVANCED_FACE('',(#2789),#2724,.F.);
#2789 = FACE_BOUND('',#2790,.T.);
#2790 = EDGE_LOOP('',(#2791,#2814,#2815,#2838));
#2791 = ORIENTED_EDGE('',*,*,#2792,.F.);
#2792 = EDGE_CURVE('',#2707,#2793,#2795,.T.);
#2793 = VERTEX_POINT('',#2794);
#2794 = CARTESIAN_POINT('',(-0.288752004593,-9.333493827754E-02,
    2.5800001));
#2795 = SURFACE_CURVE('',#2796,(#2800,#2807),.PCURVE_S1.);
#2796 = LINE('',#2797,#2798);
#2797 = CARTESIAN_POINT('',(-0.129298896753,-4.324536422967E-02,
    2.5800001));
#2798 = VECTOR('',#2799,1.);
#2799 = DIRECTION('',(-0.954035225629,-0.299694491539,
    -6.245004513517E-17));
#2800 = PCURVE('',#2724,#2801);
#2801 = DEFINITIONAL_REPRESENTATION('',(#2802),#2806);
#2802 = LINE('',#2803,#2804);
#2803 = CARTESIAN_POINT('',(-9.989234232141E-02,1.08));
#2804 = VECTOR('',#2805,1.);
#2805 = DIRECTION('',(1.,-1.148136499806E-33));
#2806 = ( GEOMETRIC_REPRESENTATION_CONTEXT(2) 
PARAMETRIC_REPRESENTATION_CONTEXT() REPRESENTATION_CONTEXT('2D SPACE',''
  ) );
#2807 = PCURVE('',#615,#2808);
#2808 = DEFINITIONAL_REPRESENTATION('',(#2809),#2813);
#2809 = LINE('',#2810,#2811);
#2810 = CARTESIAN_POINT('',(0.132753248619,-0.116090094713));
#2811 = VECTOR('',#2812,1.);
#2812 = DIRECTION('',(0.968890661301,0.247489164294));
#2813 = ( GEOMETRIC_REPRESENTATION_CONTEXT(2) 
PARAMETRIC_REPRESENTATION_CONTEXT() REPRESENTATION_CONTEXT('2D SPACE',''
  ) );
#2814 = ORIENTED_EDGE('',*,*,#2706,.T.);
#2815 = ORIENTED_EDGE('',*,*,#2816,.F.);
#2816 = EDGE_CURVE('',#2817,#2709,#2819,.T.);
#2817 = VERTEX_POINT('',#2818);
#2818 = CARTESIAN_POINT('',(-0.288752004593,-9.333493827754E-02,
    0.9000001));
#2819 = SURFACE_CURVE('',#2820,(#2824,#2831),.PCURVE_S1.);
#2820 = LINE('',#2821,#2822);
#2821 = CARTESIAN_POINT('',(-0.156546380886,-5.180471369965E-02,
    0.9000001));
#2822 = VECTOR('',#2823,1.);
#2823 = DIRECTION('',(0.954035225629,0.299694491539,6.245004513517E-17)
  );
#2824 = PCURVE('',#2724,#2825);
#2825 = DEFINITIONAL_REPRESENTATION('',(#2826),#2830);
#2826 = LINE('',#2827,#2828);
#2827 = CARTESIAN_POINT('',(-7.133209276184E-02,2.76));
#2828 = VECTOR('',#2829,1.);
#2829 = DIRECTION('',(-1.,1.148136499806E-33));
#2830 = ( GEOMETRIC_REPRESENTATION_CONTEXT(2) 
PARAMETRIC_REPRESENTATION_CONTEXT() REPRESENTATION_CONTEXT('2D SPACE',''
  ) );
#2831 = PCURVE('',#193,#2832);
#2832 = DEFINITIONAL_REPRESENTATION('',(#2833),#2837);
#2833 = LINE('',#2834,#2835);
#2834 = CARTESIAN_POINT('',(-0.160425007702,-0.339821742417));
#2835 = VECTOR('',#2836,1.);
#2836 = DIRECTION('',(0.968890661301,-0.247489164294));
#2837 = ( GEOMETRIC_REPRESENTATION_CONTEXT(2) 
PARAMETRIC_REPRESENTATION_CONTEXT() REPRESENTATION_CONTEXT('2D SPACE',''
  ) );
#2838 = ORIENTED_EDGE('',*,*,#2839,.F.);
#2839 = EDGE_CURVE('',#2793,#2817,#2840,.T.);
#2840 = SURFACE_CURVE('',#2841,(#2845,#2852),.PCURVE_S1.);
#2841 = LINE('',#2842,#2843);
#2842 = CARTESIAN_POINT('',(-0.288752004593,-9.333493827754E-02,
    3.6600001));
#2843 = VECTOR('',#2844,1.);
#2844 = DIRECTION('',(6.245004513517E-17,1.134721110386E-33,-1.));
#2845 = PCURVE('',#2724,#2846);
#2846 = DEFINITIONAL_REPRESENTATION('',(#2847),#2851);
#2847 = LINE('',#2848,#2849);
#2848 = CARTESIAN_POINT('',(6.724310881987E-02,1.322726650432E-16));
#2849 = VECTOR('',#2850,1.);
#2850 = DIRECTION('',(-9.919811564357E-19,1.));
#2851 = ( GEOMETRIC_REPRESENTATION_CONTEXT(2) 
PARAMETRIC_REPRESENTATION_CONTEXT() REPRESENTATION_CONTEXT('2D SPACE',''
  ) );
#2852 = PCURVE('',#2853,#2858);
#2853 = CYLINDRICAL_SURFACE('',#2854,7.6E-02);
#2854 = AXIS2_PLACEMENT_3D('',#2855,#2856,#2857);
#2855 = CARTESIAN_POINT('',(-0.265975223236,-0.165841615425,3.6600001));
#2856 = DIRECTION('',(6.245004513517E-17,1.134721110386E-33,-1.));
#2857 = DIRECTION('',(-0.999923393208,-1.237771042495E-02,
    -5.551115123126E-17));
#2858 = DEFINITIONAL_REPRESENTATION('',(#2859),#2863);
#2859 = LINE('',#2860,#2861);
#2860 = CARTESIAN_POINT('',(1.278801943053,0.));
#2861 = VECTOR('',#2862,1.);
#2862 = DIRECTION('',(0.,1.));
#2863 = ( GEOMETRIC_REPRESENTATION_CONTEXT(2) 
PARAMETRIC_REPRESENTATION_CONTEXT() REPRESENTATION_CONTEXT('2D SPACE',''
  ) );
#2864 = ADVANCED_FACE('',(#2865),#2853,.T.);
#2865 = FACE_BOUND('',#2866,.T.);
#2866 = EDGE_LOOP('',(#2867,#2891,#2892,#2916));
#2867 = ORIENTED_EDGE('',*,*,#2868,.F.);
#2868 = EDGE_CURVE('',#2793,#2869,#2871,.T.);
#2869 = VERTEX_POINT('',#2870);
#2870 = CARTESIAN_POINT('',(-0.34196940112,-0.166782321418,2.5800001));
#2871 = SURFACE_CURVE('',#2872,(#2877,#2884),.PCURVE_S1.);
#2872 = CIRCLE('',#2873,7.6E-02);
#2873 = AXIS2_PLACEMENT_3D('',#2874,#2875,#2876);
#2874 = CARTESIAN_POINT('',(-0.265975223236,-0.165841615425,2.5800001));
#2875 = DIRECTION('',(-5.551763465247E-17,1.801943368921E-19,1.));
#2876 = DIRECTION('',(-0.999923393208,-1.237771042495E-02,
    -5.551115123126E-17));
#2877 = PCURVE('',#2853,#2878);
#2878 = DEFINITIONAL_REPRESENTATION('',(#2879),#2883);
#2879 = LINE('',#2880,#2881);
#2880 = CARTESIAN_POINT('',(6.28318530718,1.08));
#2881 = VECTOR('',#2882,1.);
#2882 = DIRECTION('',(-1.,0.));
#2883 = ( GEOMETRIC_REPRESENTATION_CONTEXT(2) 
PARAMETRIC_REPRESENTATION_CONTEXT() REPRESENTATION_CONTEXT('2D SPACE',''
  ) );
#2884 = PCURVE('',#615,#2885);
#2885 = DEFINITIONAL_REPRESENTATION('',(#2886),#2890);
#2886 = CIRCLE('',#2887,7.6E-02);
#2887 = AXIS2_PLACEMENT_2D('',#2888,#2889);
#2888 = CARTESIAN_POINT('',(0.275880049916,-1.090191327174E-03));
#2889 = DIRECTION('',(0.999122053475,-4.189417931841E-02));
#2890 = ( GEOMETRIC_REPRESENTATION_CONTEXT(2) 
PARAMETRIC_REPRESENTATION_CONTEXT() REPRESENTATION_CONTEXT('2D SPACE',''
  ) );
#2891 = ORIENTED_EDGE('',*,*,#2839,.T.);
#2892 = ORIENTED_EDGE('',*,*,#2893,.F.);
#2893 = EDGE_CURVE('',#2894,#2817,#2896,.T.);
#2894 = VERTEX_POINT('',#2895);
#2895 = CARTESIAN_POINT('',(-0.34196940112,-0.166782321418,0.9000001));
#2896 = SURFACE_CURVE('',#2897,(#2902,#2909),.PCURVE_S1.);
#2897 = CIRCLE('',#2898,7.6E-02);
#2898 = AXIS2_PLACEMENT_3D('',#2899,#2900,#2901);
#2899 = CARTESIAN_POINT('',(-0.265975223236,-0.165841615425,0.9000001));
#2900 = DIRECTION('',(5.551763465247E-17,-1.801943368921E-19,-1.));
#2901 = DIRECTION('',(-0.999923393208,-1.237771042495E-02,
    -5.551115123126E-17));
#2902 = PCURVE('',#2853,#2903);
#2903 = DEFINITIONAL_REPRESENTATION('',(#2904),#2908);
#2904 = LINE('',#2905,#2906);
#2905 = CARTESIAN_POINT('',(0.,2.76));
#2906 = VECTOR('',#2907,1.);
#2907 = DIRECTION('',(1.,0.));
#2908 = ( GEOMETRIC_REPRESENTATION_CONTEXT(2) 
PARAMETRIC_REPRESENTATION_CONTEXT() REPRESENTATION_CONTEXT('2D SPACE',''
  ) );
#2909 = PCURVE('',#193,#2910);
#2910 = DEFINITIONAL_REPRESENTATION('',(#2911),#2915);
#2911 = CIRCLE('',#2912,7.6E-02);
#2912 = AXIS2_PLACEMENT_2D('',#2913,#2914);
#2913 = CARTESIAN_POINT('',(-0.275880049916,-0.231890191327));
#2914 = DIRECTION('',(-0.999122053475,-4.189417931841E-02));
#2915 = ( GEOMETRIC_REPRESENTATION_CONTEXT(2) 
PARAMETRIC_REPRESENTATION_CONTEXT() REPRESENTATION_CONTEXT('2D SPACE',''
  ) );
#2916 = ORIENTED_EDGE('',*,*,#2917,.F.);
#2917 = EDGE_CURVE('',#2869,#2894,#2918,.T.);
#2918 = SURFACE_CURVE('',#2919,(#2923,#2930),.PCURVE_S1.);
#2919 = LINE('',#2920,#2921);
#2920 = CARTESIAN_POINT('',(-0.34196940112,-0.166782321418,3.6600001));
#2921 = VECTOR('',#2922,1.);
#2922 = DIRECTION('',(6.245004513517E-17,1.134721110386E-33,-1.));
#2923 = PCURVE('',#2853,#2924);
#2924 = DEFINITIONAL_REPRESENTATION('',(#2925),#2929);
#2925 = LINE('',#2926,#2927);
#2926 = CARTESIAN_POINT('',(0.,0.));
#2927 = VECTOR('',#2928,1.);
#2928 = DIRECTION('',(0.,1.));
#2929 = ( GEOMETRIC_REPRESENTATION_CONTEXT(2) 
PARAMETRIC_REPRESENTATION_CONTEXT() REPRESENTATION_CONTEXT('2D SPACE',''
  ) );
#2930 = PCURVE('',#2931,#2936);
#2931 = CYLINDRICAL_SURFACE('',#2932,7.6E-02);
#2932 = AXIS2_PLACEMENT_3D('',#2933,#2934,#2935);
#2933 = CARTESIAN_POINT('',(-0.293639057323,-0.108129291927,3.6600001));
#2934 = DIRECTION('',(6.245004513517E-17,1.134721110386E-33,-1.));
#2935 = DIRECTION('',(0.556024191965,-0.831166107315,3.469446951954E-17)
  );
#2936 = DEFINITIONAL_REPRESENTATION('',(#2937),#2941);
#2937 = LINE('',#2938,#2939);
#2938 = CARTESIAN_POINT('',(1.278801943053,0.));
#2939 = VECTOR('',#2940,1.);
#2940 = DIRECTION('',(0.,1.));
#2941 = ( GEOMETRIC_REPRESENTATION_CONTEXT(2) 
PARAMETRIC_REPRESENTATION_CONTEXT() REPRESENTATION_CONTEXT('2D SPACE',''
  ) );
#2942 = ADVANCED_FACE('',(#2943),#2537,.T.);
#2943 = FACE_BOUND('',#2944,.T.);
#2944 = EDGE_LOOP('',(#2945,#2967,#2968,#2990));
#2945 = ORIENTED_EDGE('',*,*,#2946,.F.);
#2946 = EDGE_CURVE('',#2475,#2602,#2947,.T.);
#2947 = SURFACE_CURVE('',#2948,(#2953,#2960),.PCURVE_S1.);
#2948 = CIRCLE('',#2949,7.6E-02);
#2949 = AXIS2_PLACEMENT_3D('',#2950,#2951,#2952);
#2950 = CARTESIAN_POINT('',(-0.28213426446,0.131539301687,2.5800001));
#2951 = DIRECTION('',(-6.395671794266E-17,-1.462655744004E-18,1.));
#2952 = DIRECTION('',(-0.194554714133,-0.980891667417,
    -1.387778780781E-17));
#2953 = PCURVE('',#2537,#2954);
#2954 = DEFINITIONAL_REPRESENTATION('',(#2955),#2959);
#2955 = LINE('',#2956,#2957);
#2956 = CARTESIAN_POINT('',(6.28318530718,1.08));
#2957 = VECTOR('',#2958,1.);
#2958 = DIRECTION('',(-1.,0.));
#2959 = ( GEOMETRIC_REPRESENTATION_CONTEXT(2) 
PARAMETRIC_REPRESENTATION_CONTEXT() REPRESENTATION_CONTEXT('2D SPACE',''
  ) );
#2960 = PCURVE('',#615,#2961);
#2961 = DEFINITIONAL_REPRESENTATION('',(#2962),#2966);
#2962 = CIRCLE('',#2963,7.6E-02);
#2963 = AXIS2_PLACEMENT_2D('',#2964,#2965);
#2964 = CARTESIAN_POINT('',(0.275880049916,-0.298909808673));
#2965 = DIRECTION('',(0.247489164294,0.968890661301));
#2966 = ( GEOMETRIC_REPRESENTATION_CONTEXT(2) 
PARAMETRIC_REPRESENTATION_CONTEXT() REPRESENTATION_CONTEXT('2D SPACE',''
  ) );
#2967 = ORIENTED_EDGE('',*,*,#2523,.T.);
#2968 = ORIENTED_EDGE('',*,*,#2969,.F.);
#2969 = EDGE_CURVE('',#2632,#2500,#2970,.T.);
#2970 = SURFACE_CURVE('',#2971,(#2976,#2983),.PCURVE_S1.);
#2971 = CIRCLE('',#2972,7.6E-02);
#2972 = AXIS2_PLACEMENT_3D('',#2973,#2974,#2975);
#2973 = CARTESIAN_POINT('',(-0.28213426446,0.131539301687,0.9000001));
#2974 = DIRECTION('',(6.395671794266E-17,1.462655744004E-18,-1.));
#2975 = DIRECTION('',(-0.194554714133,-0.980891667417,
    -1.387778780781E-17));
#2976 = PCURVE('',#2537,#2977);
#2977 = DEFINITIONAL_REPRESENTATION('',(#2978),#2982);
#2978 = LINE('',#2979,#2980);
#2979 = CARTESIAN_POINT('',(0.,2.76));
#2980 = VECTOR('',#2981,1.);
#2981 = DIRECTION('',(1.,0.));
#2982 = ( GEOMETRIC_REPRESENTATION_CONTEXT(2) 
PARAMETRIC_REPRESENTATION_CONTEXT() REPRESENTATION_CONTEXT('2D SPACE',''
  ) );
#2983 = PCURVE('',#193,#2984);
#2984 = DEFINITIONAL_REPRESENTATION('',(#2985),#2989);
#2985 = CIRCLE('',#2986,7.6E-02);
#2986 = AXIS2_PLACEMENT_2D('',#2987,#2988);
#2987 = CARTESIAN_POINT('',(-0.275880049916,-0.529709808673));
#2988 = DIRECTION('',(-0.247489164294,0.968890661301));
#2989 = ( GEOMETRIC_REPRESENTATION_CONTEXT(2) 
PARAMETRIC_REPRESENTATION_CONTEXT() REPRESENTATION_CONTEXT('2D SPACE',''
  ) );
#2990 = ORIENTED_EDGE('',*,*,#2631,.F.);
#2991 = ADVANCED_FACE('',(#2992),#3006,.F.);
#2992 = FACE_BOUND('',#2993,.T.);
#2993 = EDGE_LOOP('',(#2994,#3024,#3047,#3070));
#2994 = ORIENTED_EDGE('',*,*,#2995,.F.);
#2995 = EDGE_CURVE('',#2996,#2998,#3000,.T.);
#2996 = VERTEX_POINT('',#2997);
#2997 = CARTESIAN_POINT('',(-0.251381218734,-0.171297916083,2.5800001));
#2998 = VERTEX_POINT('',#2999);
#2999 = CARTESIAN_POINT('',(-0.195491025732,-0.133909120836,2.5800001));
#3000 = SURFACE_CURVE('',#3001,(#3005,#3017),.PCURVE_S1.);
#3001 = LINE('',#3002,#3003);
#3002 = CARTESIAN_POINT('',(-0.156779976742,-0.108012636914,2.5800001));
#3003 = VECTOR('',#3004,1.);
#3004 = DIRECTION('',(0.831166107315,0.556024191965,4.857225732735E-17)
  );
#3005 = PCURVE('',#3006,#3011);
#3006 = PLANE('',#3007);
#3007 = AXIS2_PLACEMENT_3D('',#3008,#3009,#3010);
#3008 = CARTESIAN_POINT('',(-0.251381218734,-0.171297916083,3.6600001));
#3009 = DIRECTION('',(-0.556024191965,0.831166107315,-3.816391647149E-17
    ));
#3010 = DIRECTION('',(0.831166107315,0.556024191965,4.857225732735E-17)
  );
#3011 = DEFINITIONAL_REPRESENTATION('',(#3012),#3016);
#3012 = LINE('',#3013,#3014);
#3013 = CARTESIAN_POINT('',(0.113817492267,1.08));
#3014 = VECTOR('',#3015,1.);
#3015 = DIRECTION('',(1.,2.13014148606E-33));
#3016 = ( GEOMETRIC_REPRESENTATION_CONTEXT(2) 
PARAMETRIC_REPRESENTATION_CONTEXT() REPRESENTATION_CONTEXT('2D SPACE',''
  ) );
#3017 = PCURVE('',#615,#3018);
#3018 = DEFINITIONAL_REPRESENTATION('',(#3019),#3023);
#3019 = LINE('',#3020,#3021);
#3020 = CARTESIAN_POINT('',(0.163707978472,-5.290929012757E-02));
#3021 = VECTOR('',#3022,1.);
#3022 = DIRECTION('',(-0.860110423177,-0.510107890492));
#3023 = ( GEOMETRIC_REPRESENTATION_CONTEXT(2) 
PARAMETRIC_REPRESENTATION_CONTEXT() REPRESENTATION_CONTEXT('2D SPACE',''
  ) );
#3024 = ORIENTED_EDGE('',*,*,#3025,.T.);
#3025 = EDGE_CURVE('',#2996,#3026,#3028,.T.);
#3026 = VERTEX_POINT('',#3027);
#3027 = CARTESIAN_POINT('',(-0.251381218734,-0.171297916083,0.9000001));
#3028 = SURFACE_CURVE('',#3029,(#3033,#3040),.PCURVE_S1.);
#3029 = LINE('',#3030,#3031);
#3030 = CARTESIAN_POINT('',(-0.251381218734,-0.171297916083,3.6600001));
#3031 = VECTOR('',#3032,1.);
#3032 = DIRECTION('',(6.245004513517E-17,1.134721110386E-33,-1.));
#3033 = PCURVE('',#3006,#3034);
#3034 = DEFINITIONAL_REPRESENTATION('',(#3035),#3039);
#3035 = LINE('',#3036,#3037);
#3036 = CARTESIAN_POINT('',(0.,0.));
#3037 = VECTOR('',#3038,1.);
#3038 = DIRECTION('',(-1.603399577029E-18,1.));
#3039 = ( GEOMETRIC_REPRESENTATION_CONTEXT(2) 
PARAMETRIC_REPRESENTATION_CONTEXT() REPRESENTATION_CONTEXT('2D SPACE',''
  ) );
#3040 = PCURVE('',#2931,#3041);
#3041 = DEFINITIONAL_REPRESENTATION('',(#3042),#3046);
#3042 = LINE('',#3043,#3044);
#3043 = CARTESIAN_POINT('',(0.,0.));
#3044 = VECTOR('',#3045,1.);
#3045 = DIRECTION('',(0.,1.));
#3046 = ( GEOMETRIC_REPRESENTATION_CONTEXT(2) 
PARAMETRIC_REPRESENTATION_CONTEXT() REPRESENTATION_CONTEXT('2D SPACE',''
  ) );
#3047 = ORIENTED_EDGE('',*,*,#3048,.F.);
#3048 = EDGE_CURVE('',#3049,#3026,#3051,.T.);
#3049 = VERTEX_POINT('',#3050);
#3050 = CARTESIAN_POINT('',(-0.195491025732,-0.133909120836,0.9000001));
#3051 = SURFACE_CURVE('',#3052,(#3056,#3063),.PCURVE_S1.);
#3052 = LINE('',#3053,#3054);
#3053 = CARTESIAN_POINT('',(-0.205707775308,-0.140743807522,0.9000001));
#3054 = VECTOR('',#3055,1.);
#3055 = DIRECTION('',(-0.831166107315,-0.556024191965,
    -4.857225732735E-17));
#3056 = PCURVE('',#3006,#3057);
#3057 = DEFINITIONAL_REPRESENTATION('',(#3058),#3062);
#3058 = LINE('',#3059,#3060);
#3059 = CARTESIAN_POINT('',(5.49510417038E-02,2.76));
#3060 = VECTOR('',#3061,1.);
#3061 = DIRECTION('',(-1.,-2.13014148606E-33));
#3062 = ( GEOMETRIC_REPRESENTATION_CONTEXT(2) 
PARAMETRIC_REPRESENTATION_CONTEXT() REPRESENTATION_CONTEXT('2D SPACE',''
  ) );
#3063 = PCURVE('',#193,#3064);
#3064 = DEFINITIONAL_REPRESENTATION('',(#3065),#3069);
#3065 = LINE('',#3066,#3067);
#3066 = CARTESIAN_POINT('',(-0.214339626176,-0.25368104921));
#3067 = VECTOR('',#3068,1.);
#3068 = DIRECTION('',(-0.860110423177,0.510107890492));
#3069 = ( GEOMETRIC_REPRESENTATION_CONTEXT(2) 
PARAMETRIC_REPRESENTATION_CONTEXT() REPRESENTATION_CONTEXT('2D SPACE',''
  ) );
#3070 = ORIENTED_EDGE('',*,*,#3071,.F.);
#3071 = EDGE_CURVE('',#2998,#3049,#3072,.T.);
#3072 = SURFACE_CURVE('',#3073,(#3077,#3084),.PCURVE_S1.);
#3073 = LINE('',#3074,#3075);
#3074 = CARTESIAN_POINT('',(-0.195491025732,-0.133909120836,3.6600001));
#3075 = VECTOR('',#3076,1.);
#3076 = DIRECTION('',(6.245004513517E-17,1.134721110386E-33,-1.));
#3077 = PCURVE('',#3006,#3078);
#3078 = DEFINITIONAL_REPRESENTATION('',(#3079),#3083);
#3079 = LINE('',#3080,#3081);
#3080 = CARTESIAN_POINT('',(6.724310881987E-02,-1.014813233446E-16));
#3081 = VECTOR('',#3082,1.);
#3082 = DIRECTION('',(-1.603399577029E-18,1.));
#3083 = ( GEOMETRIC_REPRESENTATION_CONTEXT(2) 
PARAMETRIC_REPRESENTATION_CONTEXT() REPRESENTATION_CONTEXT('2D SPACE',''
  ) );
#3084 = PCURVE('',#3085,#3090);
#3085 = CYLINDRICAL_SURFACE('',#3086,6.051475150849E-02);
#3086 = AXIS2_PLACEMENT_3D('',#3087,#3088,#3089);
#3087 = CARTESIAN_POINT('',(-0.161843359923,-0.184206931282,3.6600001));
#3088 = DIRECTION('',(6.245004513517E-17,1.134721110386E-33,-1.));
#3089 = DIRECTION('',(0.556024191965,-0.831166107315,3.469446951954E-17)
  );
#3090 = DEFINITIONAL_REPRESENTATION('',(#3091),#3095);
#3091 = LINE('',#3092,#3093);
#3092 = CARTESIAN_POINT('',(3.14159265359,0.));
#3093 = VECTOR('',#3094,1.);
#3094 = DIRECTION('',(0.,1.));
#3095 = ( GEOMETRIC_REPRESENTATION_CONTEXT(2) 
PARAMETRIC_REPRESENTATION_CONTEXT() REPRESENTATION_CONTEXT('2D SPACE',''
  ) );
#3096 = ADVANCED_FACE('',(#3097),#3085,.F.);
#3097 = FACE_BOUND('',#3098,.F.);
#3098 = EDGE_LOOP('',(#3099,#3129,#3155,#3156));
#3099 = ORIENTED_EDGE('',*,*,#3100,.T.);
#3100 = EDGE_CURVE('',#3101,#3103,#3105,.T.);
#3101 = VERTEX_POINT('',#3102);
#3102 = CARTESIAN_POINT('',(-0.108195774925,-0.212206427242,2.5800001));
#3103 = VERTEX_POINT('',#3104);
#3104 = CARTESIAN_POINT('',(-0.108195774925,-0.212206427242,0.9000001));
#3105 = SURFACE_CURVE('',#3106,(#3110,#3117),.PCURVE_S1.);
#3106 = LINE('',#3107,#3108);
#3107 = CARTESIAN_POINT('',(-0.108195774925,-0.212206427242,3.6600001));
#3108 = VECTOR('',#3109,1.);
#3109 = DIRECTION('',(6.245004513517E-17,1.134721110386E-33,-1.));
#3110 = PCURVE('',#3085,#3111);
#3111 = DEFINITIONAL_REPRESENTATION('',(#3112),#3116);
#3112 = LINE('',#3113,#3114);
#3113 = CARTESIAN_POINT('',(5.783009427513,0.));
#3114 = VECTOR('',#3115,1.);
#3115 = DIRECTION('',(0.,1.));
#3116 = ( GEOMETRIC_REPRESENTATION_CONTEXT(2) 
PARAMETRIC_REPRESENTATION_CONTEXT() REPRESENTATION_CONTEXT('2D SPACE',''
  ) );
#3117 = PCURVE('',#3118,#3123);
#3118 = PLANE('',#3119);
#3119 = AXIS2_PLACEMENT_3D('',#3120,#3121,#3122);
#3120 = CARTESIAN_POINT('',(-0.108195774925,-0.212206427242,3.6600001));
#3121 = DIRECTION('',(0.886520784784,-0.462688770282,5.551115123126E-17)
  );
#3122 = DIRECTION('',(-0.462688770282,-0.886520784784,
    -3.122502256758E-17));
#3123 = DEFINITIONAL_REPRESENTATION('',(#3124),#3128);
#3124 = LINE('',#3125,#3126);
#3125 = CARTESIAN_POINT('',(-0.,0.));
#3126 = VECTOR('',#3127,1.);
#3127 = DIRECTION('',(-2.669202541747E-33,1.));
#3128 = ( GEOMETRIC_REPRESENTATION_CONTEXT(2) 
PARAMETRIC_REPRESENTATION_CONTEXT() REPRESENTATION_CONTEXT('2D SPACE',''
  ) );
#3129 = ORIENTED_EDGE('',*,*,#3130,.T.);
#3130 = EDGE_CURVE('',#3103,#3049,#3131,.T.);
#3131 = SURFACE_CURVE('',#3132,(#3137,#3144),.PCURVE_S1.);
#3132 = CIRCLE('',#3133,6.051475150849E-02);
#3133 = AXIS2_PLACEMENT_3D('',#3134,#3135,#3136);
#3134 = CARTESIAN_POINT('',(-0.161843359923,-0.184206931282,0.9000001));
#3135 = DIRECTION('',(-5.966257842655E-17,1.829517043576E-18,1.));
#3136 = DIRECTION('',(0.556024191965,-0.831166107315,3.469446951954E-17)
  );
#3137 = PCURVE('',#3085,#3138);
#3138 = DEFINITIONAL_REPRESENTATION('',(#3139),#3143);
#3139 = LINE('',#3140,#3141);
#3140 = CARTESIAN_POINT('',(6.28318530718,2.76));
#3141 = VECTOR('',#3142,1.);
#3142 = DIRECTION('',(-1.,0.));
#3143 = ( GEOMETRIC_REPRESENTATION_CONTEXT(2) 
PARAMETRIC_REPRESENTATION_CONTEXT() REPRESENTATION_CONTEXT('2D SPACE',''
  ) );
#3144 = PCURVE('',#193,#3145);
#3145 = DEFINITIONAL_REPRESENTATION('',(#3146),#3154);
#3146 = ( BOUNDED_CURVE() B_SPLINE_CURVE(2,(#3147,#3148,#3149,#3150,
#3151,#3152,#3153),.UNSPECIFIED.,.T.,.F.) B_SPLINE_CURVE_WITH_KNOTS((1,2
    ,2,2,2,1),(-2.094395102393,0.,2.094395102393,4.188790204786,
6.28318530718,8.377580409573),.UNSPECIFIED.) CURVE() 
GEOMETRIC_REPRESENTATION_ITEM() RATIONAL_B_SPLINE_CURVE((1.,0.5,1.,0.5,
1.,0.5,1.)) REPRESENTATION_ITEM('') );
#3147 = CARTESIAN_POINT('',(-0.142028986656,-0.15585259258));
#3148 = CARTESIAN_POINT('',(-5.187683586305E-02,-0.209319359433));
#3149 = CARTESIAN_POINT('',(-0.143256489613,-0.260660028799));
#3150 = CARTESIAN_POINT('',(-0.234636143363,-0.312000698165));
#3151 = CARTESIAN_POINT('',(-0.233408640406,-0.207193261946));
#3152 = CARTESIAN_POINT('',(-0.232181137449,-0.102385825726));
#3153 = CARTESIAN_POINT('',(-0.142028986656,-0.15585259258));
#3154 = ( GEOMETRIC_REPRESENTATION_CONTEXT(2) 
PARAMETRIC_REPRESENTATION_CONTEXT() REPRESENTATION_CONTEXT('2D SPACE',''
  ) );
#3155 = ORIENTED_EDGE('',*,*,#3071,.F.);
#3156 = ORIENTED_EDGE('',*,*,#3157,.T.);
#3157 = EDGE_CURVE('',#2998,#3101,#3158,.T.);
#3158 = SURFACE_CURVE('',#3159,(#3164,#3171),.PCURVE_S1.);
#3159 = CIRCLE('',#3160,6.051475150849E-02);
#3160 = AXIS2_PLACEMENT_3D('',#3161,#3162,#3163);
#3161 = CARTESIAN_POINT('',(-0.161843359923,-0.184206931282,2.5800001));
#3162 = DIRECTION('',(5.966257842655E-17,-1.829517043576E-18,-1.));
#3163 = DIRECTION('',(0.556024191965,-0.831166107315,3.469446951954E-17)
  );
#3164 = PCURVE('',#3085,#3165);
#3165 = DEFINITIONAL_REPRESENTATION('',(#3166),#3170);
#3166 = LINE('',#3167,#3168);
#3167 = CARTESIAN_POINT('',(0.,1.08));
#3168 = VECTOR('',#3169,1.);
#3169 = DIRECTION('',(1.,0.));
#3170 = ( GEOMETRIC_REPRESENTATION_CONTEXT(2) 
PARAMETRIC_REPRESENTATION_CONTEXT() REPRESENTATION_CONTEXT('2D SPACE',''
  ) );
#3171 = PCURVE('',#615,#3172);
#3172 = DEFINITIONAL_REPRESENTATION('',(#3173),#3181);
#3173 = ( BOUNDED_CURVE() B_SPLINE_CURVE(2,(#3174,#3175,#3176,#3177,
#3178,#3179,#3180),.UNSPECIFIED.,.T.,.F.) B_SPLINE_CURVE_WITH_KNOTS((1,2
    ,2,2,2,1),(-2.094395102393,0.,2.094395102393,4.188790204786,
6.28318530718,8.377580409573),.UNSPECIFIED.) CURVE() 
GEOMETRIC_REPRESENTATION_ITEM() RATIONAL_B_SPLINE_CURVE((1.,0.5,1.,0.5,
1.,0.5,1.)) REPRESENTATION_ITEM('') );
#3174 = CARTESIAN_POINT('',(0.142028986656,7.494740742022E-02));
#3175 = CARTESIAN_POINT('',(0.232181137449,0.128414174274));
#3176 = CARTESIAN_POINT('',(0.233408640406,2.360673805438E-02));
#3177 = CARTESIAN_POINT('',(0.234636143363,-8.120069816506E-02));
#3178 = CARTESIAN_POINT('',(0.143256489613,-2.986002879922E-02));
#3179 = CARTESIAN_POINT('',(5.187683586305E-02,2.148064056663E-02));
#3180 = CARTESIAN_POINT('',(0.142028986656,7.494740742022E-02));
#3181 = ( GEOMETRIC_REPRESENTATION_CONTEXT(2) 
PARAMETRIC_REPRESENTATION_CONTEXT() REPRESENTATION_CONTEXT('2D SPACE',''
  ) );
#3182 = ADVANCED_FACE('',(#3183),#3118,.F.);
#3183 = FACE_BOUND('',#3184,.T.);
#3184 = EDGE_LOOP('',(#3185,#3208,#3209,#3232));
#3185 = ORIENTED_EDGE('',*,*,#3186,.F.);
#3186 = EDGE_CURVE('',#3101,#3187,#3189,.T.);
#3187 = VERTEX_POINT('',#3188);
#3188 = CARTESIAN_POINT('',(-0.139308406254,-0.271818840844,2.5800001));
#3189 = SURFACE_CURVE('',#3190,(#3194,#3201),.PCURVE_S1.);
#3190 = LINE('',#3191,#3192);
#3191 = CARTESIAN_POINT('',(-8.323568316441E-02,-0.164382400473,
    2.5800001));
#3192 = VECTOR('',#3193,1.);
#3193 = DIRECTION('',(-0.462688770282,-0.886520784784,
    -2.775557561563E-17));
#3194 = PCURVE('',#3118,#3195);
#3195 = DEFINITIONAL_REPRESENTATION('',(#3196),#3200);
#3196 = LINE('',#3197,#3198);
#3197 = CARTESIAN_POINT('',(-5.39457479052E-02,1.08));
#3198 = VECTOR('',#3199,1.);
#3199 = DIRECTION('',(1.,-3.469446951954E-18));
#3200 = ( GEOMETRIC_REPRESENTATION_CONTEXT(2) 
PARAMETRIC_REPRESENTATION_CONTEXT() REPRESENTATION_CONTEXT('2D SPACE',''
  ) );
#3201 = PCURVE('',#615,#3202);
#3202 = DEFINITIONAL_REPRESENTATION('',(#3203),#3207);
#3203 = LINE('',#3204,#3205);
#3204 = CARTESIAN_POINT('',(9.333051869845E-02,7.367791068067E-03));
#3205 = VECTOR('',#3206,1.);
#3206 = DIRECTION('',(0.510107890492,0.860110423177));
#3207 = ( GEOMETRIC_REPRESENTATION_CONTEXT(2) 
PARAMETRIC_REPRESENTATION_CONTEXT() REPRESENTATION_CONTEXT('2D SPACE',''
  ) );
#3208 = ORIENTED_EDGE('',*,*,#3100,.T.);
#3209 = ORIENTED_EDGE('',*,*,#3210,.F.);
#3210 = EDGE_CURVE('',#3211,#3103,#3213,.T.);
#3211 = VERTEX_POINT('',#3212);
#3212 = CARTESIAN_POINT('',(-0.139308406254,-0.271818840844,0.9000001));
#3213 = SURFACE_CURVE('',#3214,(#3218,#3225),.PCURVE_S1.);
#3214 = LINE('',#3215,#3216);
#3215 = CARTESIAN_POINT('',(-0.129160663449,-0.252375566026,0.9000001));
#3216 = VECTOR('',#3217,1.);
#3217 = DIRECTION('',(0.462688770282,0.886520784784,2.775557561563E-17)
  );
#3218 = PCURVE('',#3118,#3219);
#3219 = DEFINITIONAL_REPRESENTATION('',(#3220),#3224);
#3220 = LINE('',#3221,#3222);
#3221 = CARTESIAN_POINT('',(4.531099492945E-02,2.76));
#3222 = VECTOR('',#3223,1.);
#3223 = DIRECTION('',(-1.,3.469446951954E-18));
#3224 = ( GEOMETRIC_REPRESENTATION_CONTEXT(2) 
PARAMETRIC_REPRESENTATION_CONTEXT() REPRESENTATION_CONTEXT('2D SPACE',''
  ) );
#3225 = PCURVE('',#193,#3226);
#3226 = DEFINITIONAL_REPRESENTATION('',(#3227),#3231);
#3227 = LINE('',#3228,#3229);
#3228 = CARTESIAN_POINT('',(-0.143962166403,-0.138060449849));
#3229 = VECTOR('',#3230,1.);
#3230 = DIRECTION('',(0.510107890492,-0.860110423177));
#3231 = ( GEOMETRIC_REPRESENTATION_CONTEXT(2) 
PARAMETRIC_REPRESENTATION_CONTEXT() REPRESENTATION_CONTEXT('2D SPACE',''
  ) );
#3232 = ORIENTED_EDGE('',*,*,#3233,.F.);
#3233 = EDGE_CURVE('',#3187,#3211,#3234,.T.);
#3234 = SURFACE_CURVE('',#3235,(#3239,#3246),.PCURVE_S1.);
#3235 = LINE('',#3236,#3237);
#3236 = CARTESIAN_POINT('',(-0.139308406254,-0.271818840844,3.6600001));
#3237 = VECTOR('',#3238,1.);
#3238 = DIRECTION('',(6.245004513517E-17,1.134721110386E-33,-1.));
#3239 = PCURVE('',#3118,#3240);
#3240 = DEFINITIONAL_REPRESENTATION('',(#3241),#3245);
#3241 = LINE('',#3242,#3243);
#3242 = CARTESIAN_POINT('',(6.724310881987E-02,7.669646168162E-16));
#3243 = VECTOR('',#3244,1.);
#3244 = DIRECTION('',(-2.669202541747E-33,1.));
#3245 = ( GEOMETRIC_REPRESENTATION_CONTEXT(2) 
PARAMETRIC_REPRESENTATION_CONTEXT() REPRESENTATION_CONTEXT('2D SPACE',''
  ) );
#3246 = PCURVE('',#3247,#3252);
#3247 = CYLINDRICAL_SURFACE('',#3248,7.6E-02);
#3248 = AXIS2_PLACEMENT_3D('',#3249,#3250,#3251);
#3249 = CARTESIAN_POINT('',(-7.19328266108E-02,-0.306983187386,3.6600001
    ));
#3250 = DIRECTION('',(6.245004513517E-17,1.134721110386E-33,-1.));
#3251 = DIRECTION('',(-0.698300249027,-0.715804974981,
    -4.163336342344E-17));
#3252 = DEFINITIONAL_REPRESENTATION('',(#3253),#3257);
#3253 = LINE('',#3254,#3255);
#3254 = CARTESIAN_POINT('',(1.278801943053,0.));
#3255 = VECTOR('',#3256,1.);
#3256 = DIRECTION('',(0.,1.));
#3257 = ( GEOMETRIC_REPRESENTATION_CONTEXT(2) 
PARAMETRIC_REPRESENTATION_CONTEXT() REPRESENTATION_CONTEXT('2D SPACE',''
  ) );
#3258 = ADVANCED_FACE('',(#3259),#3247,.T.);
#3259 = FACE_BOUND('',#3260,.T.);
#3260 = EDGE_LOOP('',(#3261,#3285,#3286,#3310));
#3261 = ORIENTED_EDGE('',*,*,#3262,.F.);
#3262 = EDGE_CURVE('',#3187,#3263,#3265,.T.);
#3263 = VERTEX_POINT('',#3264);
#3264 = CARTESIAN_POINT('',(-0.125003645537,-0.361384365484,2.5800001));
#3265 = SURFACE_CURVE('',#3266,(#3271,#3278),.PCURVE_S1.);
#3266 = CIRCLE('',#3267,7.6E-02);
#3267 = AXIS2_PLACEMENT_3D('',#3268,#3269,#3270);
#3268 = CARTESIAN_POINT('',(-7.19328266108E-02,-0.306983187386,2.5800001
    ));
#3269 = DIRECTION('',(-6.384085148744E-17,4.116650723799E-18,1.));
#3270 = DIRECTION('',(-0.698300249027,-0.715804974981,
    -4.163336342344E-17));
#3271 = PCURVE('',#3247,#3272);
#3272 = DEFINITIONAL_REPRESENTATION('',(#3273),#3277);
#3273 = LINE('',#3274,#3275);
#3274 = CARTESIAN_POINT('',(6.28318530718,1.08));
#3275 = VECTOR('',#3276,1.);
#3276 = DIRECTION('',(-1.,0.));
#3277 = ( GEOMETRIC_REPRESENTATION_CONTEXT(2) 
PARAMETRIC_REPRESENTATION_CONTEXT() REPRESENTATION_CONTEXT('2D SPACE',''
  ) );
#3278 = PCURVE('',#615,#3279);
#3279 = DEFINITIONAL_REPRESENTATION('',(#3280),#3284);
#3280 = CIRCLE('',#3281,7.6E-02);
#3281 = AXIS2_PLACEMENT_2D('',#3282,#3283);
#3282 = CARTESIAN_POINT('',(8.97815185921E-02,0.150371789588));
#3283 = DIRECTION('',(0.736109637533,0.676862320957));
#3284 = ( GEOMETRIC_REPRESENTATION_CONTEXT(2) 
PARAMETRIC_REPRESENTATION_CONTEXT() REPRESENTATION_CONTEXT('2D SPACE',''
  ) );
#3285 = ORIENTED_EDGE('',*,*,#3233,.T.);
#3286 = ORIENTED_EDGE('',*,*,#3287,.F.);
#3287 = EDGE_CURVE('',#3288,#3211,#3290,.T.);
#3288 = VERTEX_POINT('',#3289);
#3289 = CARTESIAN_POINT('',(-0.125003645537,-0.361384365484,0.9000001));
#3290 = SURFACE_CURVE('',#3291,(#3296,#3303),.PCURVE_S1.);
#3291 = CIRCLE('',#3292,7.6E-02);
#3292 = AXIS2_PLACEMENT_3D('',#3293,#3294,#3295);
#3293 = CARTESIAN_POINT('',(-7.19328266108E-02,-0.306983187386,0.9000001
    ));
#3294 = DIRECTION('',(6.384085148744E-17,-4.116650723799E-18,-1.));
#3295 = DIRECTION('',(-0.698300249027,-0.715804974981,
    -4.163336342344E-17));
#3296 = PCURVE('',#3247,#3297);
#3297 = DEFINITIONAL_REPRESENTATION('',(#3298),#3302);
#3298 = LINE('',#3299,#3300);
#3299 = CARTESIAN_POINT('',(0.,2.76));
#3300 = VECTOR('',#3301,1.);
#3301 = DIRECTION('',(1.,0.));
#3302 = ( GEOMETRIC_REPRESENTATION_CONTEXT(2) 
PARAMETRIC_REPRESENTATION_CONTEXT() REPRESENTATION_CONTEXT('2D SPACE',''
  ) );
#3303 = PCURVE('',#193,#3304);
#3304 = DEFINITIONAL_REPRESENTATION('',(#3305),#3309);
#3305 = CIRCLE('',#3306,7.6E-02);
#3306 = AXIS2_PLACEMENT_2D('',#3307,#3308);
#3307 = CARTESIAN_POINT('',(-8.97815185921E-02,-8.04282104124E-02));
#3308 = DIRECTION('',(-0.736109637533,0.676862320957));
#3309 = ( GEOMETRIC_REPRESENTATION_CONTEXT(2) 
PARAMETRIC_REPRESENTATION_CONTEXT() REPRESENTATION_CONTEXT('2D SPACE',''
  ) );
#3310 = ORIENTED_EDGE('',*,*,#3311,.T.);
#3311 = EDGE_CURVE('',#3288,#3263,#3312,.T.);
#3312 = SURFACE_CURVE('',#3313,(#3317,#3324),.PCURVE_S1.);
#3313 = LINE('',#3314,#3315);
#3314 = CARTESIAN_POINT('',(-0.125003645537,-0.361384365484,3.6600001));
#3315 = VECTOR('',#3316,1.);
#3316 = DIRECTION('',(-6.245004513517E-17,-1.134721110386E-33,1.));
#3317 = PCURVE('',#3247,#3318);
#3318 = DEFINITIONAL_REPRESENTATION('',(#3319),#3323);
#3319 = LINE('',#3320,#3321);
#3320 = CARTESIAN_POINT('',(0.,0.));
#3321 = VECTOR('',#3322,1.);
#3322 = DIRECTION('',(0.,-1.));
#3323 = ( GEOMETRIC_REPRESENTATION_CONTEXT(2) 
PARAMETRIC_REPRESENTATION_CONTEXT() REPRESENTATION_CONTEXT('2D SPACE',''
  ) );
#3324 = PCURVE('',#3325,#3330);
#3325 = CYLINDRICAL_SURFACE('',#3326,7.6E-02);
#3326 = AXIS2_PLACEMENT_3D('',#3327,#3328,#3329);
#3327 = CARTESIAN_POINT('',(-0.132302886591,-0.285735696758,3.6600001));
#3328 = DIRECTION('',(6.245004513517E-17,1.134721110386E-33,-1.));
#3329 = DIRECTION('',(0.980891667417,-0.194554714133,6.245004513517E-17)
  );
#3330 = DEFINITIONAL_REPRESENTATION('',(#3331),#3335);
#3331 = LINE('',#3332,#3333);
#3332 = CARTESIAN_POINT('',(1.278801943053,0.));
#3333 = VECTOR('',#3334,1.);
#3334 = DIRECTION('',(0.,-1.));
#3335 = ( GEOMETRIC_REPRESENTATION_CONTEXT(2) 
PARAMETRIC_REPRESENTATION_CONTEXT() REPRESENTATION_CONTEXT('2D SPACE',''
  ) );
#3336 = ADVANCED_FACE('',(#3337),#2931,.T.);
#3337 = FACE_BOUND('',#3338,.T.);
#3338 = EDGE_LOOP('',(#3339,#3361,#3362,#3384));
#3339 = ORIENTED_EDGE('',*,*,#3340,.F.);
#3340 = EDGE_CURVE('',#2869,#2996,#3341,.T.);
#3341 = SURFACE_CURVE('',#3342,(#3347,#3354),.PCURVE_S1.);
#3342 = CIRCLE('',#3343,7.6E-02);
#3343 = AXIS2_PLACEMENT_3D('',#3344,#3345,#3346);
#3344 = CARTESIAN_POINT('',(-0.293639057323,-0.108129291927,2.5800001));
#3345 = DIRECTION('',(-5.389520499136E-17,5.687709919626E-18,1.));
#3346 = DIRECTION('',(0.556024191965,-0.831166107315,3.469446951954E-17)
  );
#3347 = PCURVE('',#2931,#3348);
#3348 = DEFINITIONAL_REPRESENTATION('',(#3349),#3353);
#3349 = LINE('',#3350,#3351);
#3350 = CARTESIAN_POINT('',(6.28318530718,1.08));
#3351 = VECTOR('',#3352,1.);
#3352 = DIRECTION('',(-1.,0.));
#3353 = ( GEOMETRIC_REPRESENTATION_CONTEXT(2) 
PARAMETRIC_REPRESENTATION_CONTEXT() REPRESENTATION_CONTEXT('2D SPACE',''
  ) );
#3354 = PCURVE('',#615,#3355);
#3355 = DEFINITIONAL_REPRESENTATION('',(#3356),#3360);
#3356 = CIRCLE('',#3357,7.6E-02);
#3357 = AXIS2_PLACEMENT_2D('',#3358,#3359);
#3358 = CARTESIAN_POINT('',(0.300371789588,-6.02184814079E-02));
#3359 = DIRECTION('',(-0.510107890492,0.860110423177));
#3360 = ( GEOMETRIC_REPRESENTATION_CONTEXT(2) 
PARAMETRIC_REPRESENTATION_CONTEXT() REPRESENTATION_CONTEXT('2D SPACE',''
  ) );
#3361 = ORIENTED_EDGE('',*,*,#2917,.T.);
#3362 = ORIENTED_EDGE('',*,*,#3363,.F.);
#3363 = EDGE_CURVE('',#3026,#2894,#3364,.T.);
#3364 = SURFACE_CURVE('',#3365,(#3370,#3377),.PCURVE_S1.);
#3365 = CIRCLE('',#3366,7.6E-02);
#3366 = AXIS2_PLACEMENT_3D('',#3367,#3368,#3369);
#3367 = CARTESIAN_POINT('',(-0.293639057323,-0.108129291927,0.9000001));
#3368 = DIRECTION('',(5.389520499136E-17,-5.687709919626E-18,-1.));
#3369 = DIRECTION('',(0.556024191965,-0.831166107315,3.469446951954E-17)
  );
#3370 = PCURVE('',#2931,#3371);
#3371 = DEFINITIONAL_REPRESENTATION('',(#3372),#3376);
#3372 = LINE('',#3373,#3374);
#3373 = CARTESIAN_POINT('',(0.,2.76));
#3374 = VECTOR('',#3375,1.);
#3375 = DIRECTION('',(1.,0.));
#3376 = ( GEOMETRIC_REPRESENTATION_CONTEXT(2) 
PARAMETRIC_REPRESENTATION_CONTEXT() REPRESENTATION_CONTEXT('2D SPACE',''
  ) );
#3377 = PCURVE('',#193,#3378);
#3378 = DEFINITIONAL_REPRESENTATION('',(#3379),#3383);
#3379 = CIRCLE('',#3380,7.6E-02);
#3380 = AXIS2_PLACEMENT_2D('',#3381,#3382);
#3381 = CARTESIAN_POINT('',(-0.300371789588,-0.291018481408));
#3382 = DIRECTION('',(0.510107890492,0.860110423177));
#3383 = ( GEOMETRIC_REPRESENTATION_CONTEXT(2) 
PARAMETRIC_REPRESENTATION_CONTEXT() REPRESENTATION_CONTEXT('2D SPACE',''
  ) );
#3384 = ORIENTED_EDGE('',*,*,#3025,.F.);
#3385 = ADVANCED_FACE('',(#3386,#3558),#615,.T.);
#3386 = FACE_BOUND('',#3387,.T.);
#3387 = EDGE_LOOP('',(#3388,#3389,#3390,#3391,#3392,#3393,#3394,#3395,
    #3396,#3397,#3398,#3399,#3400,#3401,#3402,#3403,#3404,#3405,#3406,
    #3407,#3408,#3409,#3410,#3411,#3412,#3413,#3414,#3415,#3416,#3417,
    #3418,#3419,#3420,#3421,#3422,#3423,#3447,#3475,#3508,#3536));
#3388 = ORIENTED_EDGE('',*,*,#947,.T.);
#3389 = ORIENTED_EDGE('',*,*,#592,.T.);
#3390 = ORIENTED_EDGE('',*,*,#764,.T.);
#3391 = ORIENTED_EDGE('',*,*,#793,.T.);
#3392 = ORIENTED_EDGE('',*,*,#869,.T.);
#3393 = ORIENTED_EDGE('',*,*,#1370,.T.);
#3394 = ORIENTED_EDGE('',*,*,#1025,.T.);
#3395 = ORIENTED_EDGE('',*,*,#1187,.T.);
#3396 = ORIENTED_EDGE('',*,*,#1216,.T.);
#3397 = ORIENTED_EDGE('',*,*,#1292,.T.);
#3398 = ORIENTED_EDGE('',*,*,#1764,.T.);
#3399 = ORIENTED_EDGE('',*,*,#1419,.T.);
#3400 = ORIENTED_EDGE('',*,*,#1581,.T.);
#3401 = ORIENTED_EDGE('',*,*,#1610,.T.);
#3402 = ORIENTED_EDGE('',*,*,#1686,.T.);
#3403 = ORIENTED_EDGE('',*,*,#2158,.T.);
#3404 = ORIENTED_EDGE('',*,*,#1813,.T.);
#3405 = ORIENTED_EDGE('',*,*,#1975,.T.);
#3406 = ORIENTED_EDGE('',*,*,#2004,.T.);
#3407 = ORIENTED_EDGE('',*,*,#2080,.T.);
#3408 = ORIENTED_EDGE('',*,*,#2552,.T.);
#3409 = ORIENTED_EDGE('',*,*,#2207,.T.);
#3410 = ORIENTED_EDGE('',*,*,#2369,.T.);
#3411 = ORIENTED_EDGE('',*,*,#2398,.T.);
#3412 = ORIENTED_EDGE('',*,*,#2474,.T.);
#3413 = ORIENTED_EDGE('',*,*,#2946,.T.);
#3414 = ORIENTED_EDGE('',*,*,#2601,.T.);
#3415 = ORIENTED_EDGE('',*,*,#2763,.T.);
#3416 = ORIENTED_EDGE('',*,*,#2792,.T.);
#3417 = ORIENTED_EDGE('',*,*,#2868,.T.);
#3418 = ORIENTED_EDGE('',*,*,#3340,.T.);
#3419 = ORIENTED_EDGE('',*,*,#2995,.T.);
#3420 = ORIENTED_EDGE('',*,*,#3157,.T.);
#3421 = ORIENTED_EDGE('',*,*,#3186,.T.);
#3422 = ORIENTED_EDGE('',*,*,#3262,.T.);
#3423 = ORIENTED_EDGE('',*,*,#3424,.T.);
#3424 = EDGE_CURVE('',#3263,#3425,#3427,.T.);
#3425 = VERTEX_POINT('',#3426);
#3426 = CARTESIAN_POINT('',(-5.775511986746E-02,-0.300521855032,
    2.5800001));
#3427 = SURFACE_CURVE('',#3428,(#3433,#3440),.PCURVE_S1.);
#3428 = CIRCLE('',#3429,7.6E-02);
#3429 = AXIS2_PLACEMENT_3D('',#3430,#3431,#3432);
#3430 = CARTESIAN_POINT('',(-0.132302886591,-0.285735696758,2.5800001));
#3431 = DIRECTION('',(-6.395671794266E-17,-1.462655744004E-18,1.));
#3432 = DIRECTION('',(0.980891667417,-0.194554714133,6.245004513517E-17)
  );
#3433 = PCURVE('',#615,#3434);
#3434 = DEFINITIONAL_REPRESENTATION('',(#3435),#3439);
#3435 = CIRCLE('',#3436,7.6E-02);
#3436 = AXIS2_PLACEMENT_2D('',#3437,#3438);
#3437 = CARTESIAN_POINT('',(0.148909808673,0.125880049916));
#3438 = DIRECTION('',(-0.968890661301,0.247489164294));
#3439 = ( GEOMETRIC_REPRESENTATION_CONTEXT(2) 
PARAMETRIC_REPRESENTATION_CONTEXT() REPRESENTATION_CONTEXT('2D SPACE',''
  ) );
#3440 = PCURVE('',#3325,#3441);
#3441 = DEFINITIONAL_REPRESENTATION('',(#3442),#3446);
#3442 = LINE('',#3443,#3444);
#3443 = CARTESIAN_POINT('',(6.28318530718,1.08));
#3444 = VECTOR('',#3445,1.);
#3445 = DIRECTION('',(-1.,0.));
#3446 = ( GEOMETRIC_REPRESENTATION_CONTEXT(2) 
PARAMETRIC_REPRESENTATION_CONTEXT() REPRESENTATION_CONTEXT('2D SPACE',''
  ) );
#3447 = ORIENTED_EDGE('',*,*,#3448,.T.);
#3448 = EDGE_CURVE('',#3425,#3449,#3451,.T.);
#3449 = VERTEX_POINT('',#3450);
#3450 = CARTESIAN_POINT('',(-4.467265605359E-02,-0.234563649899,
    2.5800001));
#3451 = SURFACE_CURVE('',#3452,(#3456,#3463),.PCURVE_S1.);
#3452 = LINE('',#3453,#3454);
#3453 = CARTESIAN_POINT('',(-4.230576650801E-02,-0.22263044004,2.5800001
    ));
#3454 = VECTOR('',#3455,1.);
#3455 = DIRECTION('',(0.194554714133,0.980891667417,1.214306433184E-17)
  );
#3456 = PCURVE('',#615,#3457);
#3457 = DEFINITIONAL_REPRESENTATION('',(#3458),#3462);
#3458 = LINE('',#3459,#3460);
#3459 = CARTESIAN_POINT('',(5.562130471132E-02,6.775079671807E-02));
#3460 = VECTOR('',#3461,1.);
#3461 = DIRECTION('',(-0.247489164294,-0.968890661301));
#3462 = ( GEOMETRIC_REPRESENTATION_CONTEXT(2) 
PARAMETRIC_REPRESENTATION_CONTEXT() REPRESENTATION_CONTEXT('2D SPACE',''
  ) );
#3463 = PCURVE('',#3464,#3469);
#3464 = PLANE('',#3465);
#3465 = AXIS2_PLACEMENT_3D('',#3466,#3467,#3468);
#3466 = CARTESIAN_POINT('',(-5.775511986746E-02,-0.300521855032,
    3.6600001));
#3467 = DIRECTION('',(-0.980891667417,0.194554714133,-6.938893903907E-17
    ));
#3468 = DIRECTION('',(0.194554714133,0.980891667417,1.040834085586E-17)
  );
#3469 = DEFINITIONAL_REPRESENTATION('',(#3470),#3474);
#3470 = LINE('',#3471,#3472);
#3471 = CARTESIAN_POINT('',(7.940878445583E-02,1.08));
#3472 = VECTOR('',#3473,1.);
#3473 = DIRECTION('',(1.,3.75781857029E-33));
#3474 = ( GEOMETRIC_REPRESENTATION_CONTEXT(2) 
PARAMETRIC_REPRESENTATION_CONTEXT() REPRESENTATION_CONTEXT('2D SPACE',''
  ) );
#3475 = ORIENTED_EDGE('',*,*,#3476,.T.);
#3476 = EDGE_CURVE('',#3449,#3477,#3479,.T.);
#3477 = VERTEX_POINT('',#3478);
#3478 = CARTESIAN_POINT('',(7.24189640662E-02,-0.228201142396,2.5800001)
  );
#3479 = SURFACE_CURVE('',#3480,(#3485,#3496),.PCURVE_S1.);
#3480 = CIRCLE('',#3481,6.051475150849E-02);
#3481 = AXIS2_PLACEMENT_3D('',#3482,#3483,#3484);
#3482 = CARTESIAN_POINT('',(1.468575945691E-02,-0.24633708008,2.5800001)
  );
#3483 = DIRECTION('',(7.008802389416E-17,-3.290490381587E-18,-1.));
#3484 = DIRECTION('',(0.980891667417,-0.194554714133,6.938893903907E-17)
  );
#3485 = PCURVE('',#615,#3486);
#3486 = DEFINITIONAL_REPRESENTATION('',(#3487),#3495);
#3487 = ( BOUNDED_CURVE() B_SPLINE_CURVE(2,(#3488,#3489,#3490,#3491,
#3492,#3493,#3494),.UNSPECIFIED.,.T.,.F.) B_SPLINE_CURVE_WITH_KNOTS((1,2
    ,2,2,2,1),(-2.094395102393,0.,2.094395102393,4.188790204786,
6.28318530718,8.377580409573),.UNSPECIFIED.) CURVE() 
GEOMETRIC_REPRESENTATION_ITEM() RATIONAL_B_SPLINE_CURVE((1.,0.5,1.,0.5,
1.,0.5,1.)) REPRESENTATION_ITEM('') );
#3488 = CARTESIAN_POINT('',(-5.863217760754E-02,0.109491496787));
#3489 = CARTESIAN_POINT('',(-3.269169385348E-02,0.211045407361));
#3490 = CARTESIAN_POINT('',(4.22863306808E-02,0.137803334157));
#3491 = CARTESIAN_POINT('',(0.117264355215,6.456126095185E-02));
#3492 = CARTESIAN_POINT('',(1.634584692674E-02,3.6249423582E-02));
#3493 = CARTESIAN_POINT('',(-8.457266136161E-02,7.937586212141E-03));
#3494 = CARTESIAN_POINT('',(-5.863217760754E-02,0.109491496787));
#3495 = ( GEOMETRIC_REPRESENTATION_CONTEXT(2) 
PARAMETRIC_REPRESENTATION_CONTEXT() REPRESENTATION_CONTEXT('2D SPACE',''
  ) );
#3496 = PCURVE('',#3497,#3502);
#3497 = CYLINDRICAL_SURFACE('',#3498,6.051475150849E-02);
#3498 = AXIS2_PLACEMENT_3D('',#3499,#3500,#3501);
#3499 = CARTESIAN_POINT('',(1.468575945691E-02,-0.24633708008,3.6600001)
  );
#3500 = DIRECTION('',(6.245004513517E-17,1.134721110386E-33,-1.));
#3501 = DIRECTION('',(0.980891667417,-0.194554714133,6.938893903907E-17)
  );
#3502 = DEFINITIONAL_REPRESENTATION('',(#3503),#3507);
#3503 = LINE('',#3504,#3505);
#3504 = CARTESIAN_POINT('',(-4.440892098501E-16,1.08));
#3505 = VECTOR('',#3506,1.);
#3506 = DIRECTION('',(1.,0.));
#3507 = ( GEOMETRIC_REPRESENTATION_CONTEXT(2) 
PARAMETRIC_REPRESENTATION_CONTEXT() REPRESENTATION_CONTEXT('2D SPACE',''
  ) );
#3508 = ORIENTED_EDGE('',*,*,#3509,.T.);
#3509 = EDGE_CURVE('',#3477,#3510,#3512,.T.);
#3510 = VERTEX_POINT('',#3511);
#3511 = CARTESIAN_POINT('',(9.257135337345E-02,-0.292353436891,2.5800001
    ));
#3512 = SURFACE_CURVE('',#3513,(#3517,#3524),.PCURVE_S1.);
#3513 = LINE('',#3514,#3515);
#3514 = CARTESIAN_POINT('',(5.869678343864E-02,-0.184518512048,2.5800001
    ));
#3515 = VECTOR('',#3516,1.);
#3516 = DIRECTION('',(0.299694491539,-0.954035225629,2.081668171172E-17)
  );
#3517 = PCURVE('',#615,#3518);
#3518 = DEFINITIONAL_REPRESENTATION('',(#3519),#3523);
#3519 = LINE('',#3520,#3521);
#3520 = CARTESIAN_POINT('',(-4.730033430813E-02,3.517518663185E-02));
#3521 = VECTOR('',#3522,1.);
#3522 = DIRECTION('',(-0.247489164294,0.968890661301));
#3523 = ( GEOMETRIC_REPRESENTATION_CONTEXT(2) 
PARAMETRIC_REPRESENTATION_CONTEXT() REPRESENTATION_CONTEXT('2D SPACE',''
  ) );
#3524 = PCURVE('',#3525,#3530);
#3525 = PLANE('',#3526);
#3526 = AXIS2_PLACEMENT_3D('',#3527,#3528,#3529);
#3527 = CARTESIAN_POINT('',(7.24189640662E-02,-0.228201142396,3.6600001)
  );
#3528 = DIRECTION('',(0.954035225629,0.299694491539,6.245004513517E-17)
  );
#3529 = DIRECTION('',(0.299694491539,-0.954035225629,1.734723475977E-17)
  );
#3530 = DEFINITIONAL_REPRESENTATION('',(#3531),#3535);
#3531 = LINE('',#3532,#3533);
#3532 = CARTESIAN_POINT('',(-4.578723004589E-02,1.08));
#3533 = VECTOR('',#3534,1.);
#3534 = DIRECTION('',(1.,-3.469446951954E-18));
#3535 = ( GEOMETRIC_REPRESENTATION_CONTEXT(2) 
PARAMETRIC_REPRESENTATION_CONTEXT() REPRESENTATION_CONTEXT('2D SPACE',''
  ) );
#3536 = ORIENTED_EDGE('',*,*,#3537,.T.);
#3537 = EDGE_CURVE('',#3510,#948,#3538,.T.);
#3538 = SURFACE_CURVE('',#3539,(#3544,#3551),.PCURVE_S1.);
#3539 = CIRCLE('',#3540,7.6E-02);
#3540 = AXIS2_PLACEMENT_3D('',#3541,#3542,#3543);
#3541 = CARTESIAN_POINT('',(0.165078030521,-0.269576655534,2.5800001));
#3542 = DIRECTION('',(-5.551763465247E-17,1.801943368921E-19,1.));
#3543 = DIRECTION('',(1.237771042495E-02,-0.999923393208,
    8.673617379884E-19));
#3544 = PCURVE('',#615,#3545);
#3545 = DEFINITIONAL_REPRESENTATION('',(#3546),#3550);
#3546 = CIRCLE('',#3547,7.6E-02);
#3547 = AXIS2_PLACEMENT_2D('',#3548,#3549);
#3548 = CARTESIAN_POINT('',(-0.148909808673,0.125880049916));
#3549 = DIRECTION('',(4.189417931841E-02,0.999122053475));
#3550 = ( GEOMETRIC_REPRESENTATION_CONTEXT(2) 
PARAMETRIC_REPRESENTATION_CONTEXT() REPRESENTATION_CONTEXT('2D SPACE',''
  ) );
#3551 = PCURVE('',#987,#3552);
#3552 = DEFINITIONAL_REPRESENTATION('',(#3553),#3557);
#3553 = LINE('',#3554,#3555);
#3554 = CARTESIAN_POINT('',(6.28318530718,1.08));
#3555 = VECTOR('',#3556,1.);
#3556 = DIRECTION('',(-1.,0.));
#3557 = ( GEOMETRIC_REPRESENTATION_CONTEXT(2) 
PARAMETRIC_REPRESENTATION_CONTEXT() REPRESENTATION_CONTEXT('2D SPACE',''
  ) );
#3558 = FACE_BOUND('',#3559,.T.);
#3559 = EDGE_LOOP('',(#3560));
#3560 = ORIENTED_EDGE('',*,*,#3561,.F.);
#3561 = EDGE_CURVE('',#3562,#3562,#3564,.T.);
#3562 = VERTEX_POINT('',#3563);
#3563 = CARTESIAN_POINT('',(-6.719748312733E-03,0.147596535387,2.5800001
    ));
#3564 = SURFACE_CURVE('',#3565,(#3570,#3577),.PCURVE_S1.);
#3565 = CIRCLE('',#3566,0.15);
#3566 = AXIS2_PLACEMENT_3D('',#3567,#3568,#3569);
#3567 = CARTESIAN_POINT('',(1.41892369679E-03,-2.182508600878E-03,
    2.5800001));
#3568 = DIRECTION('',(-6.252276774528E-17,-3.571086177234E-19,1.));
#3569 = DIRECTION('',(0.998526959919,5.425781339682E-02,
    6.245004513517E-17));
#3570 = PCURVE('',#615,#3571);
#3571 = DEFINITIONAL_REPRESENTATION('',(#3572),#3576);
#3572 = CIRCLE('',#3573,0.15);
#3573 = AXIS2_PLACEMENT_2D('',#3574,#3575);
#3574 = CARTESIAN_POINT('',(2.723515857284E-16,-0.15));
#3575 = DIRECTION('',(-1.,0.));
#3576 = ( GEOMETRIC_REPRESENTATION_CONTEXT(2) 
PARAMETRIC_REPRESENTATION_CONTEXT() REPRESENTATION_CONTEXT('2D SPACE',''
  ) );
#3577 = PCURVE('',#3578,#3583);
#3578 = CYLINDRICAL_SURFACE('',#3579,0.15);
#3579 = AXIS2_PLACEMENT_3D('',#3580,#3581,#3582);
#3580 = CARTESIAN_POINT('',(1.41892369679E-03,-2.182508600878E-03,
    2.9950001));
#3581 = DIRECTION('',(-6.245004513517E-17,-1.134721110386E-33,1.));
#3582 = DIRECTION('',(5.425781339682E-02,-0.998526959919,
    3.035766082959E-18));
#3583 = DEFINITIONAL_REPRESENTATION('',(#3584),#3588);
#3584 = LINE('',#3585,#3586);
#3585 = CARTESIAN_POINT('',(1.570796326795,-0.415));
#3586 = VECTOR('',#3587,1.);
#3587 = DIRECTION('',(1.,0.));
#3588 = ( GEOMETRIC_REPRESENTATION_CONTEXT(2) 
PARAMETRIC_REPRESENTATION_CONTEXT() REPRESENTATION_CONTEXT('2D SPACE',''
  ) );
#3589 = ADVANCED_FACE('',(#3590),#3464,.F.);
#3590 = FACE_BOUND('',#3591,.T.);
#3591 = EDGE_LOOP('',(#3592,#3593,#3616,#3639));
#3592 = ORIENTED_EDGE('',*,*,#3448,.F.);
#3593 = ORIENTED_EDGE('',*,*,#3594,.T.);
#3594 = EDGE_CURVE('',#3425,#3595,#3597,.T.);
#3595 = VERTEX_POINT('',#3596);
#3596 = CARTESIAN_POINT('',(-5.775511986746E-02,-0.300521855032,
    0.9000001));
#3597 = SURFACE_CURVE('',#3598,(#3602,#3609),.PCURVE_S1.);
#3598 = LINE('',#3599,#3600);
#3599 = CARTESIAN_POINT('',(-5.775511986746E-02,-0.300521855032,
    3.6600001));
#3600 = VECTOR('',#3601,1.);
#3601 = DIRECTION('',(6.245004513517E-17,1.134721110386E-33,-1.));
#3602 = PCURVE('',#3464,#3603);
#3603 = DEFINITIONAL_REPRESENTATION('',(#3604),#3608);
#3604 = LINE('',#3605,#3606);
#3605 = CARTESIAN_POINT('',(0.,0.));
#3606 = VECTOR('',#3607,1.);
#3607 = DIRECTION('',(4.105251003735E-19,1.));
#3608 = ( GEOMETRIC_REPRESENTATION_CONTEXT(2) 
PARAMETRIC_REPRESENTATION_CONTEXT() REPRESENTATION_CONTEXT('2D SPACE',''
  ) );
#3609 = PCURVE('',#3325,#3610);
#3610 = DEFINITIONAL_REPRESENTATION('',(#3611),#3615);
#3611 = LINE('',#3612,#3613);
#3612 = CARTESIAN_POINT('',(0.,0.));
#3613 = VECTOR('',#3614,1.);
#3614 = DIRECTION('',(0.,1.));
#3615 = ( GEOMETRIC_REPRESENTATION_CONTEXT(2) 
PARAMETRIC_REPRESENTATION_CONTEXT() REPRESENTATION_CONTEXT('2D SPACE',''
  ) );
#3616 = ORIENTED_EDGE('',*,*,#3617,.F.);
#3617 = EDGE_CURVE('',#3618,#3595,#3620,.T.);
#3618 = VERTEX_POINT('',#3619);
#3619 = CARTESIAN_POINT('',(-4.467265605359E-02,-0.234563649899,
    0.9000001));
#3620 = SURFACE_CURVE('',#3621,(#3625,#3632),.PCURVE_S1.);
#3621 = LINE('',#3622,#3623);
#3622 = CARTESIAN_POINT('',(-6.405892565436E-02,-0.332303920026,
    0.9000001));
#3623 = VECTOR('',#3624,1.);
#3624 = DIRECTION('',(-0.194554714133,-0.980891667417,
    -1.214306433184E-17));
#3625 = PCURVE('',#3464,#3626);
#3626 = DEFINITIONAL_REPRESENTATION('',(#3627),#3631);
#3627 = LINE('',#3628,#3629);
#3628 = CARTESIAN_POINT('',(-3.240119785834E-02,2.76));
#3629 = VECTOR('',#3630,1.);
#3630 = DIRECTION('',(-1.,-3.75781857029E-33));
#3631 = ( GEOMETRIC_REPRESENTATION_CONTEXT(2) 
PARAMETRIC_REPRESENTATION_CONTEXT() REPRESENTATION_CONTEXT('2D SPACE',''
  ) );
#3632 = PCURVE('',#193,#3633);
#3633 = DEFINITIONAL_REPRESENTATION('',(#3634),#3638);
#3634 = LINE('',#3635,#3636);
#3635 = CARTESIAN_POINT('',(-8.329306379403E-02,-5.471755557747E-02));
#3636 = VECTOR('',#3637,1.);
#3637 = DIRECTION('',(-0.247489164294,0.968890661301));
#3638 = ( GEOMETRIC_REPRESENTATION_CONTEXT(2) 
PARAMETRIC_REPRESENTATION_CONTEXT() REPRESENTATION_CONTEXT('2D SPACE',''
  ) );
#3639 = ORIENTED_EDGE('',*,*,#3640,.F.);
#3640 = EDGE_CURVE('',#3449,#3618,#3641,.T.);
#3641 = SURFACE_CURVE('',#3642,(#3646,#3653),.PCURVE_S1.);
#3642 = LINE('',#3643,#3644);
#3643 = CARTESIAN_POINT('',(-4.467265605359E-02,-0.234563649899,
    3.6600001));
#3644 = VECTOR('',#3645,1.);
#3645 = DIRECTION('',(6.245004513517E-17,1.134721110386E-33,-1.));
#3646 = PCURVE('',#3464,#3647);
#3647 = DEFINITIONAL_REPRESENTATION('',(#3648),#3652);
#3648 = LINE('',#3649,#3650);
#3649 = CARTESIAN_POINT('',(6.724310881987E-02,7.264154555653E-18));
#3650 = VECTOR('',#3651,1.);
#3651 = DIRECTION('',(4.105251003735E-19,1.));
#3652 = ( GEOMETRIC_REPRESENTATION_CONTEXT(2) 
PARAMETRIC_REPRESENTATION_CONTEXT() REPRESENTATION_CONTEXT('2D SPACE',''
  ) );
#3653 = PCURVE('',#3497,#3654);
#3654 = DEFINITIONAL_REPRESENTATION('',(#3655),#3659);
#3655 = LINE('',#3656,#3657);
#3656 = CARTESIAN_POINT('',(3.14159265359,0.));
#3657 = VECTOR('',#3658,1.);
#3658 = DIRECTION('',(0.,1.));
#3659 = ( GEOMETRIC_REPRESENTATION_CONTEXT(2) 
PARAMETRIC_REPRESENTATION_CONTEXT() REPRESENTATION_CONTEXT('2D SPACE',''
  ) );
#3660 = ADVANCED_FACE('',(#3661),#3497,.F.);
#3661 = FACE_BOUND('',#3662,.F.);
#3662 = EDGE_LOOP('',(#3663,#3686,#3712,#3713));
#3663 = ORIENTED_EDGE('',*,*,#3664,.T.);
#3664 = EDGE_CURVE('',#3477,#3665,#3667,.T.);
#3665 = VERTEX_POINT('',#3666);
#3666 = CARTESIAN_POINT('',(7.24189640662E-02,-0.228201142396,0.9000001)
  );
#3667 = SURFACE_CURVE('',#3668,(#3672,#3679),.PCURVE_S1.);
#3668 = LINE('',#3669,#3670);
#3669 = CARTESIAN_POINT('',(7.24189640662E-02,-0.228201142396,3.6600001)
  );
#3670 = VECTOR('',#3671,1.);
#3671 = DIRECTION('',(6.245004513517E-17,1.134721110386E-33,-1.));
#3672 = PCURVE('',#3497,#3673);
#3673 = DEFINITIONAL_REPRESENTATION('',(#3674),#3678);
#3674 = LINE('',#3675,#3676);
#3675 = CARTESIAN_POINT('',(5.783009427513,0.));
#3676 = VECTOR('',#3677,1.);
#3677 = DIRECTION('',(0.,1.));
#3678 = ( GEOMETRIC_REPRESENTATION_CONTEXT(2) 
PARAMETRIC_REPRESENTATION_CONTEXT() REPRESENTATION_CONTEXT('2D SPACE',''
  ) );
#3679 = PCURVE('',#3525,#3680);
#3680 = DEFINITIONAL_REPRESENTATION('',(#3681),#3685);
#3681 = LINE('',#3682,#3683);
#3682 = CARTESIAN_POINT('',(0.,0.));
#3683 = VECTOR('',#3684,1.);
#3684 = DIRECTION('',(3.469446951954E-18,1.));
#3685 = ( GEOMETRIC_REPRESENTATION_CONTEXT(2) 
PARAMETRIC_REPRESENTATION_CONTEXT() REPRESENTATION_CONTEXT('2D SPACE',''
  ) );
#3686 = ORIENTED_EDGE('',*,*,#3687,.T.);
#3687 = EDGE_CURVE('',#3665,#3618,#3688,.T.);
#3688 = SURFACE_CURVE('',#3689,(#3694,#3701),.PCURVE_S1.);
#3689 = CIRCLE('',#3690,6.051475150849E-02);
#3690 = AXIS2_PLACEMENT_3D('',#3691,#3692,#3693);
#3691 = CARTESIAN_POINT('',(1.468575945691E-02,-0.24633708008,0.9000001)
  );
#3692 = DIRECTION('',(-7.008802389416E-17,3.290490381587E-18,1.));
#3693 = DIRECTION('',(0.980891667417,-0.194554714133,6.938893903907E-17)
  );
#3694 = PCURVE('',#3497,#3695);
#3695 = DEFINITIONAL_REPRESENTATION('',(#3696),#3700);
#3696 = LINE('',#3697,#3698);
#3697 = CARTESIAN_POINT('',(6.28318530718,2.76));
#3698 = VECTOR('',#3699,1.);
#3699 = DIRECTION('',(-1.,0.));
#3700 = ( GEOMETRIC_REPRESENTATION_CONTEXT(2) 
PARAMETRIC_REPRESENTATION_CONTEXT() REPRESENTATION_CONTEXT('2D SPACE',''
  ) );
#3701 = PCURVE('',#193,#3702);
#3702 = DEFINITIONAL_REPRESENTATION('',(#3703),#3711);
#3703 = ( BOUNDED_CURVE() B_SPLINE_CURVE(2,(#3704,#3705,#3706,#3707,
#3708,#3709,#3710),.UNSPECIFIED.,.T.,.F.) B_SPLINE_CURVE_WITH_KNOTS((1,2
    ,2,2,2,1),(-2.094395102393,0.,2.094395102393,4.188790204786,
6.28318530718,8.377580409573),.UNSPECIFIED.) CURVE() 
GEOMETRIC_REPRESENTATION_ITEM() RATIONAL_B_SPLINE_CURVE((1.,0.5,1.,0.5,
1.,0.5,1.)) REPRESENTATION_ITEM('') );
#3704 = CARTESIAN_POINT('',(5.863217760754E-02,-0.121308503213));
#3705 = CARTESIAN_POINT('',(8.457266136161E-02,-0.222862413788));
#3706 = CARTESIAN_POINT('',(-1.634584692674E-02,-0.194550576418));
#3707 = CARTESIAN_POINT('',(-0.117264355215,-0.166238739048));
#3708 = CARTESIAN_POINT('',(-4.22863306808E-02,-9.299666584334E-02));
#3709 = CARTESIAN_POINT('',(3.269169385348E-02,-1.975459263853E-02));
#3710 = CARTESIAN_POINT('',(5.863217760754E-02,-0.121308503213));
#3711 = ( GEOMETRIC_REPRESENTATION_CONTEXT(2) 
PARAMETRIC_REPRESENTATION_CONTEXT() REPRESENTATION_CONTEXT('2D SPACE',''
  ) );
#3712 = ORIENTED_EDGE('',*,*,#3640,.F.);
#3713 = ORIENTED_EDGE('',*,*,#3476,.T.);
#3714 = ADVANCED_FACE('',(#3715),#3525,.F.);
#3715 = FACE_BOUND('',#3716,.T.);
#3716 = EDGE_LOOP('',(#3717,#3718,#3719,#3742));
#3717 = ORIENTED_EDGE('',*,*,#3509,.F.);
#3718 = ORIENTED_EDGE('',*,*,#3664,.T.);
#3719 = ORIENTED_EDGE('',*,*,#3720,.F.);
#3720 = EDGE_CURVE('',#3721,#3665,#3723,.T.);
#3721 = VERTEX_POINT('',#3722);
#3722 = CARTESIAN_POINT('',(9.257135337345E-02,-0.292353436891,0.9000001
    ));
#3723 = SURFACE_CURVE('',#3724,(#3728,#3735),.PCURVE_S1.);
#3724 = LINE('',#3725,#3726);
#3725 = CARTESIAN_POINT('',(9.220561923722E-02,-0.291189173753,0.9000001
    ));
#3726 = VECTOR('',#3727,1.);
#3727 = DIRECTION('',(-0.299694491539,0.954035225629,-2.081668171172E-17
    ));
#3728 = PCURVE('',#3525,#3729);
#3729 = DEFINITIONAL_REPRESENTATION('',(#3730),#3734);
#3730 = LINE('',#3731,#3732);
#3731 = CARTESIAN_POINT('',(6.602275226828E-02,2.76));
#3732 = VECTOR('',#3733,1.);
#3733 = DIRECTION('',(-1.,3.469446951954E-18));
#3734 = ( GEOMETRIC_REPRESENTATION_CONTEXT(2) 
PARAMETRIC_REPRESENTATION_CONTEXT() REPRESENTATION_CONTEXT('2D SPACE',''
  ) );
#3735 = PCURVE('',#193,#3736);
#3736 = DEFINITIONAL_REPRESENTATION('',(#3737),#3741);
#3737 = LINE('',#3738,#3739);
#3738 = CARTESIAN_POINT('',(7.497209339083E-02,-8.729316566369E-02));
#3739 = VECTOR('',#3740,1.);
#3740 = DIRECTION('',(-0.247489164294,-0.968890661301));
#3741 = ( GEOMETRIC_REPRESENTATION_CONTEXT(2) 
PARAMETRIC_REPRESENTATION_CONTEXT() REPRESENTATION_CONTEXT('2D SPACE',''
  ) );
#3742 = ORIENTED_EDGE('',*,*,#3743,.F.);
#3743 = EDGE_CURVE('',#3510,#3721,#3744,.T.);
#3744 = SURFACE_CURVE('',#3745,(#3749,#3756),.PCURVE_S1.);
#3745 = LINE('',#3746,#3747);
#3746 = CARTESIAN_POINT('',(9.257135337345E-02,-0.292353436891,3.6600001
    ));
#3747 = VECTOR('',#3748,1.);
#3748 = DIRECTION('',(6.245004513517E-17,1.134721110386E-33,-1.));
#3749 = PCURVE('',#3525,#3750);
#3750 = DEFINITIONAL_REPRESENTATION('',(#3751),#3755);
#3751 = LINE('',#3752,#3753);
#3752 = CARTESIAN_POINT('',(6.724310881987E-02,-2.274656157875E-16));
#3753 = VECTOR('',#3754,1.);
#3754 = DIRECTION('',(3.469446951954E-18,1.));
#3755 = ( GEOMETRIC_REPRESENTATION_CONTEXT(2) 
PARAMETRIC_REPRESENTATION_CONTEXT() REPRESENTATION_CONTEXT('2D SPACE',''
  ) );
#3756 = PCURVE('',#987,#3757);
#3757 = DEFINITIONAL_REPRESENTATION('',(#3758),#3762);
#3758 = LINE('',#3759,#3760);
#3759 = CARTESIAN_POINT('',(1.278801943053,0.));
#3760 = VECTOR('',#3761,1.);
#3761 = DIRECTION('',(0.,1.));
#3762 = ( GEOMETRIC_REPRESENTATION_CONTEXT(2) 
PARAMETRIC_REPRESENTATION_CONTEXT() REPRESENTATION_CONTEXT('2D SPACE',''
  ) );
#3763 = ADVANCED_FACE('',(#3764),#987,.T.);
#3764 = FACE_BOUND('',#3765,.T.);
#3765 = EDGE_LOOP('',(#3766,#3767,#3768,#3790));
#3766 = ORIENTED_EDGE('',*,*,#3537,.F.);
#3767 = ORIENTED_EDGE('',*,*,#3743,.T.);
#3768 = ORIENTED_EDGE('',*,*,#3769,.F.);
#3769 = EDGE_CURVE('',#972,#3721,#3770,.T.);
#3770 = SURFACE_CURVE('',#3771,(#3776,#3783),.PCURVE_S1.);
#3771 = CIRCLE('',#3772,7.6E-02);
#3772 = AXIS2_PLACEMENT_3D('',#3773,#3774,#3775);
#3773 = CARTESIAN_POINT('',(0.165078030521,-0.269576655534,0.9000001));
#3774 = DIRECTION('',(5.551763465247E-17,-1.801943368921E-19,-1.));
#3775 = DIRECTION('',(1.237771042495E-02,-0.999923393208,
    8.673617379884E-19));
#3776 = PCURVE('',#987,#3777);
#3777 = DEFINITIONAL_REPRESENTATION('',(#3778),#3782);
#3778 = LINE('',#3779,#3780);
#3779 = CARTESIAN_POINT('',(0.,2.76));
#3780 = VECTOR('',#3781,1.);
#3781 = DIRECTION('',(1.,0.));
#3782 = ( GEOMETRIC_REPRESENTATION_CONTEXT(2) 
PARAMETRIC_REPRESENTATION_CONTEXT() REPRESENTATION_CONTEXT('2D SPACE',''
  ) );
#3783 = PCURVE('',#193,#3784);
#3784 = DEFINITIONAL_REPRESENTATION('',(#3785),#3789);
#3785 = CIRCLE('',#3786,7.6E-02);
#3786 = AXIS2_PLACEMENT_2D('',#3787,#3788);
#3787 = CARTESIAN_POINT('',(0.148909808673,-0.104919950084));
#3788 = DIRECTION('',(-4.189417931841E-02,0.999122053475));
#3789 = ( GEOMETRIC_REPRESENTATION_CONTEXT(2) 
PARAMETRIC_REPRESENTATION_CONTEXT() REPRESENTATION_CONTEXT('2D SPACE',''
  ) );
#3790 = ORIENTED_EDGE('',*,*,#971,.F.);
#3791 = ADVANCED_FACE('',(#3792),#3325,.T.);
#3792 = FACE_BOUND('',#3793,.T.);
#3793 = EDGE_LOOP('',(#3794,#3795,#3796,#3818));
#3794 = ORIENTED_EDGE('',*,*,#3424,.F.);
#3795 = ORIENTED_EDGE('',*,*,#3311,.F.);
#3796 = ORIENTED_EDGE('',*,*,#3797,.F.);
#3797 = EDGE_CURVE('',#3595,#3288,#3798,.T.);
#3798 = SURFACE_CURVE('',#3799,(#3804,#3811),.PCURVE_S1.);
#3799 = CIRCLE('',#3800,7.6E-02);
#3800 = AXIS2_PLACEMENT_3D('',#3801,#3802,#3803);
#3801 = CARTESIAN_POINT('',(-0.132302886591,-0.285735696758,0.9000001));
#3802 = DIRECTION('',(6.395671794266E-17,1.462655744004E-18,-1.));
#3803 = DIRECTION('',(0.980891667417,-0.194554714133,6.245004513517E-17)
  );
#3804 = PCURVE('',#3325,#3805);
#3805 = DEFINITIONAL_REPRESENTATION('',(#3806),#3810);
#3806 = LINE('',#3807,#3808);
#3807 = CARTESIAN_POINT('',(0.,2.76));
#3808 = VECTOR('',#3809,1.);
#3809 = DIRECTION('',(1.,0.));
#3810 = ( GEOMETRIC_REPRESENTATION_CONTEXT(2) 
PARAMETRIC_REPRESENTATION_CONTEXT() REPRESENTATION_CONTEXT('2D SPACE',''
  ) );
#3811 = PCURVE('',#193,#3812);
#3812 = DEFINITIONAL_REPRESENTATION('',(#3813),#3817);
#3813 = CIRCLE('',#3814,7.6E-02);
#3814 = AXIS2_PLACEMENT_2D('',#3815,#3816);
#3815 = CARTESIAN_POINT('',(-0.148909808673,-0.104919950084));
#3816 = DIRECTION('',(0.968890661301,0.247489164294));
#3817 = ( GEOMETRIC_REPRESENTATION_CONTEXT(2) 
PARAMETRIC_REPRESENTATION_CONTEXT() REPRESENTATION_CONTEXT('2D SPACE',''
  ) );
#3818 = ORIENTED_EDGE('',*,*,#3594,.F.);
#3819 = ADVANCED_FACE('',(#3820),#3833,.T.);
#3820 = FACE_BOUND('',#3821,.T.);
#3821 = EDGE_LOOP('',(#3822,#3855,#3878,#3902,#3924));
#3822 = ORIENTED_EDGE('',*,*,#3823,.T.);
#3823 = EDGE_CURVE('',#3824,#3824,#3826,.T.);
#3824 = VERTEX_POINT('',#3825);
#3825 = CARTESIAN_POINT('',(7.929861304408E-03,-0.122005743791,3.4100001
    ));
#3826 = SURFACE_CURVE('',#3827,(#3832,#3844),.PCURVE_S1.);
#3827 = CIRCLE('',#3828,0.12);
#3828 = AXIS2_PLACEMENT_3D('',#3829,#3830,#3831);
#3829 = CARTESIAN_POINT('',(1.41892369679E-03,-2.182508600878E-03,
    3.4100001));
#3830 = DIRECTION('',(6.252276774528E-17,3.571086177234E-19,-1.));
#3831 = DIRECTION('',(-5.425781339682E-02,0.998526959919,
    -3.035766082959E-18));
#3832 = PCURVE('',#3833,#3838);
#3833 = CONICAL_SURFACE('',#3834,0.135,0.785398163397);
#3834 = AXIS2_PLACEMENT_3D('',#3835,#3836,#3837);
#3835 = CARTESIAN_POINT('',(1.41892369679E-03,-2.182508600878E-03,
    3.3950001));
#3836 = DIRECTION('',(6.245004513517E-17,1.134721110386E-33,-1.));
#3837 = DIRECTION('',(-5.425781339682E-02,0.998526959919,
    -3.035766082959E-18));
#3838 = DEFINITIONAL_REPRESENTATION('',(#3839),#3843);
#3839 = LINE('',#3840,#3841);
#3840 = CARTESIAN_POINT('',(-6.28318530718,-1.5E-02));
#3841 = VECTOR('',#3842,1.);
#3842 = DIRECTION('',(1.,0.));
#3843 = ( GEOMETRIC_REPRESENTATION_CONTEXT(2) 
PARAMETRIC_REPRESENTATION_CONTEXT() REPRESENTATION_CONTEXT('2D SPACE',''
  ) );
#3844 = PCURVE('',#392,#3845);
#3845 = DEFINITIONAL_REPRESENTATION('',(#3846),#3854);
#3846 = ( BOUNDED_CURVE() B_SPLINE_CURVE(2,(#3847,#3848,#3849,#3850,
#3851,#3852,#3853),.UNSPECIFIED.,.T.,.F.) B_SPLINE_CURVE_WITH_KNOTS((1,2
    ,2,2,2,1),(-2.094395102393,0.,2.094395102393,4.188790204786,
6.28318530718,8.377580409573),.UNSPECIFIED.) CURVE() 
GEOMETRIC_REPRESENTATION_ITEM() RATIONAL_B_SPLINE_CURVE((1.,0.5,1.,0.5,
1.,0.5,1.)) REPRESENTATION_ITEM('') );
#3847 = CARTESIAN_POINT('',(-2.905661822261E-17,-0.166));
#3848 = CARTESIAN_POINT('',(-0.207846096908,-0.166));
#3849 = CARTESIAN_POINT('',(-0.103923048454,1.4E-02));
#3850 = CARTESIAN_POINT('',(-5.844814140215E-17,0.194));
#3851 = CARTESIAN_POINT('',(0.103923048454,1.4E-02));
#3852 = CARTESIAN_POINT('',(0.207846096908,-0.166));
#3853 = CARTESIAN_POINT('',(-2.905661822261E-17,-0.166));
#3854 = ( GEOMETRIC_REPRESENTATION_CONTEXT(2) 
PARAMETRIC_REPRESENTATION_CONTEXT() REPRESENTATION_CONTEXT('2D SPACE',''
  ) );
#3855 = ORIENTED_EDGE('',*,*,#3856,.T.);
#3856 = EDGE_CURVE('',#3824,#3857,#3859,.T.);
#3857 = VERTEX_POINT('',#3858);
#3858 = CARTESIAN_POINT('',(9.557595706312E-03,-0.151961552589,3.3800001
    ));
#3859 = SEAM_CURVE('',#3860,(#3864,#3871),.PCURVE_S1.);
#3860 = LINE('',#3861,#3862);
#3861 = CARTESIAN_POINT('',(8.74372850536E-03,-0.13698364819,3.3950001)
  );
#3862 = VECTOR('',#3863,1.);
#3863 = DIRECTION('',(3.836606778524E-02,-0.706065184556,-0.707106781187
    ));
#3864 = PCURVE('',#3833,#3865);
#3865 = DEFINITIONAL_REPRESENTATION('',(#3866),#3870);
#3866 = LINE('',#3867,#3868);
#3867 = CARTESIAN_POINT('',(3.14159265359,-7.35980840008E-18));
#3868 = VECTOR('',#3869,1.);
#3869 = DIRECTION('',(0.,1.));
#3870 = ( GEOMETRIC_REPRESENTATION_CONTEXT(2) 
PARAMETRIC_REPRESENTATION_CONTEXT() REPRESENTATION_CONTEXT('2D SPACE',''
  ) );
#3871 = PCURVE('',#3833,#3872);
#3872 = DEFINITIONAL_REPRESENTATION('',(#3873),#3877);
#3873 = LINE('',#3874,#3875);
#3874 = CARTESIAN_POINT('',(-3.14159265359,-7.35980840008E-18));
#3875 = VECTOR('',#3876,1.);
#3876 = DIRECTION('',(0.,1.));
#3877 = ( GEOMETRIC_REPRESENTATION_CONTEXT(2) 
PARAMETRIC_REPRESENTATION_CONTEXT() REPRESENTATION_CONTEXT('2D SPACE',''
  ) );
#3878 = ORIENTED_EDGE('',*,*,#3879,.T.);
#3879 = EDGE_CURVE('',#3857,#3880,#3882,.T.);
#3880 = VERTEX_POINT('',#3881);
#3881 = CARTESIAN_POINT('',(-6.719748312733E-03,0.147596535387,3.3800001
    ));
#3882 = SURFACE_CURVE('',#3883,(#3888,#3895),.PCURVE_S1.);
#3883 = CIRCLE('',#3884,0.15);
#3884 = AXIS2_PLACEMENT_3D('',#3885,#3886,#3887);
#3885 = CARTESIAN_POINT('',(1.41892369679E-03,-2.182508600878E-03,
    3.3800001));
#3886 = DIRECTION('',(-6.252276774528E-17,-3.571086177234E-19,1.));
#3887 = DIRECTION('',(-5.425781339682E-02,0.998526959919,
    -3.035766082959E-18));
#3888 = PCURVE('',#3833,#3889);
#3889 = DEFINITIONAL_REPRESENTATION('',(#3890),#3894);
#3890 = LINE('',#3891,#3892);
#3891 = CARTESIAN_POINT('',(6.28318530718,1.5E-02));
#3892 = VECTOR('',#3893,1.);
#3893 = DIRECTION('',(-1.,0.));
#3894 = ( GEOMETRIC_REPRESENTATION_CONTEXT(2) 
PARAMETRIC_REPRESENTATION_CONTEXT() REPRESENTATION_CONTEXT('2D SPACE',''
  ) );
#3895 = PCURVE('',#3578,#3896);
#3896 = DEFINITIONAL_REPRESENTATION('',(#3897),#3901);
#3897 = LINE('',#3898,#3899);
#3898 = CARTESIAN_POINT('',(3.14159265359,0.385));
#3899 = VECTOR('',#3900,1.);
#3900 = DIRECTION('',(1.,0.));
#3901 = ( GEOMETRIC_REPRESENTATION_CONTEXT(2) 
PARAMETRIC_REPRESENTATION_CONTEXT() REPRESENTATION_CONTEXT('2D SPACE',''
  ) );
#3902 = ORIENTED_EDGE('',*,*,#3903,.T.);
#3903 = EDGE_CURVE('',#3880,#3857,#3904,.T.);
#3904 = SURFACE_CURVE('',#3905,(#3910,#3917),.PCURVE_S1.);
#3905 = CIRCLE('',#3906,0.15);
#3906 = AXIS2_PLACEMENT_3D('',#3907,#3908,#3909);
#3907 = CARTESIAN_POINT('',(1.41892369679E-03,-2.182508600878E-03,
    3.3800001));
#3908 = DIRECTION('',(-6.252276774528E-17,-3.571086177234E-19,1.));
#3909 = DIRECTION('',(-5.425781339682E-02,0.998526959919,
    -3.035766082959E-18));
#3910 = PCURVE('',#3833,#3911);
#3911 = DEFINITIONAL_REPRESENTATION('',(#3912),#3916);
#3912 = LINE('',#3913,#3914);
#3913 = CARTESIAN_POINT('',(0.,1.5E-02));
#3914 = VECTOR('',#3915,1.);
#3915 = DIRECTION('',(-1.,0.));
#3916 = ( GEOMETRIC_REPRESENTATION_CONTEXT(2) 
PARAMETRIC_REPRESENTATION_CONTEXT() REPRESENTATION_CONTEXT('2D SPACE',''
  ) );
#3917 = PCURVE('',#3578,#3918);
#3918 = DEFINITIONAL_REPRESENTATION('',(#3919),#3923);
#3919 = LINE('',#3920,#3921);
#3920 = CARTESIAN_POINT('',(3.14159265359,0.385));
#3921 = VECTOR('',#3922,1.);
#3922 = DIRECTION('',(1.,0.));
#3923 = ( GEOMETRIC_REPRESENTATION_CONTEXT(2) 
PARAMETRIC_REPRESENTATION_CONTEXT() REPRESENTATION_CONTEXT('2D SPACE',''
  ) );
#3924 = ORIENTED_EDGE('',*,*,#3856,.F.);
#3925 = ADVANCED_FACE('',(#3926),#3578,.T.);
#3926 = FACE_BOUND('',#3927,.T.);
#3927 = EDGE_LOOP('',(#3928,#3929,#3930,#3951,#3952));
#3928 = ORIENTED_EDGE('',*,*,#3879,.F.);
#3929 = ORIENTED_EDGE('',*,*,#3903,.F.);
#3930 = ORIENTED_EDGE('',*,*,#3931,.T.);
#3931 = EDGE_CURVE('',#3880,#3562,#3932,.T.);
#3932 = SEAM_CURVE('',#3933,(#3937,#3944),.PCURVE_S1.);
#3933 = LINE('',#3934,#3935);
#3934 = CARTESIAN_POINT('',(-6.719748312733E-03,0.147596535387,2.9950001
    ));
#3935 = VECTOR('',#3936,1.);
#3936 = DIRECTION('',(6.245004513517E-17,1.134721110386E-33,-1.));
#3937 = PCURVE('',#3578,#3938);
#3938 = DEFINITIONAL_REPRESENTATION('',(#3939),#3943);
#3939 = LINE('',#3940,#3941);
#3940 = CARTESIAN_POINT('',(3.14159265359,0.));
#3941 = VECTOR('',#3942,1.);
#3942 = DIRECTION('',(0.,-1.));
#3943 = ( GEOMETRIC_REPRESENTATION_CONTEXT(2) 
PARAMETRIC_REPRESENTATION_CONTEXT() REPRESENTATION_CONTEXT('2D SPACE',''
  ) );
#3944 = PCURVE('',#3578,#3945);
#3945 = DEFINITIONAL_REPRESENTATION('',(#3946),#3950);
#3946 = LINE('',#3947,#3948);
#3947 = CARTESIAN_POINT('',(9.424777960769,0.));
#3948 = VECTOR('',#3949,1.);
#3949 = DIRECTION('',(0.,-1.));
#3950 = ( GEOMETRIC_REPRESENTATION_CONTEXT(2) 
PARAMETRIC_REPRESENTATION_CONTEXT() REPRESENTATION_CONTEXT('2D SPACE',''
  ) );
#3951 = ORIENTED_EDGE('',*,*,#3561,.T.);
#3952 = ORIENTED_EDGE('',*,*,#3931,.F.);
#3953 = ADVANCED_FACE('',(#3954,#3957),#392,.T.);
#3954 = FACE_BOUND('',#3955,.T.);
#3955 = EDGE_LOOP('',(#3956));
#3956 = ORIENTED_EDGE('',*,*,#3823,.F.);
#3957 = FACE_BOUND('',#3958,.T.);
#3958 = EDGE_LOOP('',(#3959));
#3959 = ORIENTED_EDGE('',*,*,#377,.F.);
#3960 = ADVANCED_FACE('',(#3961),#3976,.T.);
#3961 = FACE_BOUND('',#3962,.T.);
#3962 = EDGE_LOOP('',(#3963,#3994,#4016,#4039,#4065));
#3963 = ORIENTED_EDGE('',*,*,#3964,.T.);
#3964 = EDGE_CURVE('',#3965,#3967,#3969,.T.);
#3965 = VERTEX_POINT('',#3966);
#3966 = CARTESIAN_POINT('',(9.557595706313E-03,-0.151961552589,0.2800001
    ));
#3967 = VERTEX_POINT('',#3968);
#3968 = CARTESIAN_POINT('',(-6.719748312733E-03,0.147596535387,0.2800001
    ));
#3969 = SURFACE_CURVE('',#3970,(#3975,#3987),.PCURVE_S1.);
#3970 = CIRCLE('',#3971,0.15);
#3971 = AXIS2_PLACEMENT_3D('',#3972,#3973,#3974);
#3972 = CARTESIAN_POINT('',(1.41892369679E-03,-2.182508600878E-03,
    0.2800001));
#3973 = DIRECTION('',(6.252276774528E-17,3.571086177234E-19,-1.));
#3974 = DIRECTION('',(-5.425781339682E-02,0.998526959919,
    -3.035766082959E-18));
#3975 = PCURVE('',#3976,#3981);
#3976 = CONICAL_SURFACE('',#3977,0.135,0.785398163397);
#3977 = AXIS2_PLACEMENT_3D('',#3978,#3979,#3980);
#3978 = CARTESIAN_POINT('',(1.41892369679E-03,-2.182508600878E-03,
    0.2650001));
#3979 = DIRECTION('',(-6.245004513517E-17,-1.134721110386E-33,1.));
#3980 = DIRECTION('',(-5.425781339682E-02,0.998526959919,
    -3.035766082959E-18));
#3981 = DEFINITIONAL_REPRESENTATION('',(#3982),#3986);
#3982 = LINE('',#3983,#3984);
#3983 = CARTESIAN_POINT('',(12.566370614359,1.5E-02));
#3984 = VECTOR('',#3985,1.);
#3985 = DIRECTION('',(-1.,0.));
#3986 = ( GEOMETRIC_REPRESENTATION_CONTEXT(2) 
PARAMETRIC_REPRESENTATION_CONTEXT() REPRESENTATION_CONTEXT('2D SPACE',''
  ) );
#3987 = PCURVE('',#161,#3988);
#3988 = DEFINITIONAL_REPRESENTATION('',(#3989),#3993);
#3989 = LINE('',#3990,#3991);
#3990 = CARTESIAN_POINT('',(3.14159265359,-0.195));
#3991 = VECTOR('',#3992,1.);
#3992 = DIRECTION('',(-1.,0.));
#3993 = ( GEOMETRIC_REPRESENTATION_CONTEXT(2) 
PARAMETRIC_REPRESENTATION_CONTEXT() REPRESENTATION_CONTEXT('2D SPACE',''
  ) );
#3994 = ORIENTED_EDGE('',*,*,#3995,.T.);
#3995 = EDGE_CURVE('',#3967,#3965,#3996,.T.);
#3996 = SURFACE_CURVE('',#3997,(#4002,#4009),.PCURVE_S1.);
#3997 = CIRCLE('',#3998,0.15);
#3998 = AXIS2_PLACEMENT_3D('',#3999,#4000,#4001);
#3999 = CARTESIAN_POINT('',(1.41892369679E-03,-2.182508600878E-03,
    0.2800001));
#4000 = DIRECTION('',(6.252276774528E-17,3.571086177234E-19,-1.));
#4001 = DIRECTION('',(-5.425781339682E-02,0.998526959919,
    -3.035766082959E-18));
#4002 = PCURVE('',#3976,#4003);
#4003 = DEFINITIONAL_REPRESENTATION('',(#4004),#4008);
#4004 = LINE('',#4005,#4006);
#4005 = CARTESIAN_POINT('',(6.28318530718,1.5E-02));
#4006 = VECTOR('',#4007,1.);
#4007 = DIRECTION('',(-1.,0.));
#4008 = ( GEOMETRIC_REPRESENTATION_CONTEXT(2) 
PARAMETRIC_REPRESENTATION_CONTEXT() REPRESENTATION_CONTEXT('2D SPACE',''
  ) );
#4009 = PCURVE('',#161,#4010);
#4010 = DEFINITIONAL_REPRESENTATION('',(#4011),#4015);
#4011 = LINE('',#4012,#4013);
#4012 = CARTESIAN_POINT('',(3.14159265359,-0.195));
#4013 = VECTOR('',#4014,1.);
#4014 = DIRECTION('',(-1.,0.));
#4015 = ( GEOMETRIC_REPRESENTATION_CONTEXT(2) 
PARAMETRIC_REPRESENTATION_CONTEXT() REPRESENTATION_CONTEXT('2D SPACE',''
  ) );
#4016 = ORIENTED_EDGE('',*,*,#4017,.T.);
#4017 = EDGE_CURVE('',#3965,#4018,#4020,.T.);
#4018 = VERTEX_POINT('',#4019);
#4019 = CARTESIAN_POINT('',(7.929861304408E-03,-0.122005743791,0.2500001
    ));
#4020 = SEAM_CURVE('',#4021,(#4025,#4032),.PCURVE_S1.);
#4021 = LINE('',#4022,#4023);
#4022 = CARTESIAN_POINT('',(8.74372850536E-03,-0.13698364819,0.2650001)
  );
#4023 = VECTOR('',#4024,1.);
#4024 = DIRECTION('',(-3.836606778524E-02,0.706065184556,-0.707106781187
    ));
#4025 = PCURVE('',#3976,#4026);
#4026 = DEFINITIONAL_REPRESENTATION('',(#4027),#4031);
#4027 = LINE('',#4028,#4029);
#4028 = CARTESIAN_POINT('',(3.14159265359,4.170558093379E-17));
#4029 = VECTOR('',#4030,1.);
#4030 = DIRECTION('',(0.,-1.));
#4031 = ( GEOMETRIC_REPRESENTATION_CONTEXT(2) 
PARAMETRIC_REPRESENTATION_CONTEXT() REPRESENTATION_CONTEXT('2D SPACE',''
  ) );
#4032 = PCURVE('',#3976,#4033);
#4033 = DEFINITIONAL_REPRESENTATION('',(#4034),#4038);
#4034 = LINE('',#4035,#4036);
#4035 = CARTESIAN_POINT('',(9.424777960769,4.170558093379E-17));
#4036 = VECTOR('',#4037,1.);
#4037 = DIRECTION('',(0.,-1.));
#4038 = ( GEOMETRIC_REPRESENTATION_CONTEXT(2) 
PARAMETRIC_REPRESENTATION_CONTEXT() REPRESENTATION_CONTEXT('2D SPACE',''
  ) );
#4039 = ORIENTED_EDGE('',*,*,#4040,.T.);
#4040 = EDGE_CURVE('',#4018,#4018,#4041,.T.);
#4041 = SURFACE_CURVE('',#4042,(#4047,#4054),.PCURVE_S1.);
#4042 = CIRCLE('',#4043,0.12);
#4043 = AXIS2_PLACEMENT_3D('',#4044,#4045,#4046);
#4044 = CARTESIAN_POINT('',(1.41892369679E-03,-2.182508600878E-03,
    0.2500001));
#4045 = DIRECTION('',(-6.252276774528E-17,-3.571086177234E-19,1.));
#4046 = DIRECTION('',(-5.425781339682E-02,0.998526959919,
    -3.035766082959E-18));
#4047 = PCURVE('',#3976,#4048);
#4048 = DEFINITIONAL_REPRESENTATION('',(#4049),#4053);
#4049 = LINE('',#4050,#4051);
#4050 = CARTESIAN_POINT('',(0.,-1.5E-02));
#4051 = VECTOR('',#4052,1.);
#4052 = DIRECTION('',(1.,0.));
#4053 = ( GEOMETRIC_REPRESENTATION_CONTEXT(2) 
PARAMETRIC_REPRESENTATION_CONTEXT() REPRESENTATION_CONTEXT('2D SPACE',''
  ) );
#4054 = PCURVE('',#549,#4055);
#4055 = DEFINITIONAL_REPRESENTATION('',(#4056),#4064);
#4056 = ( BOUNDED_CURVE() B_SPLINE_CURVE(2,(#4057,#4058,#4059,#4060,
#4061,#4062,#4063),.UNSPECIFIED.,.T.,.F.) B_SPLINE_CURVE_WITH_KNOTS((1,2
    ,2,2,2,1),(-2.094395102393,0.,2.094395102393,4.188790204786,
6.28318530718,8.377580409573),.UNSPECIFIED.) CURVE() 
GEOMETRIC_REPRESENTATION_ITEM() RATIONAL_B_SPLINE_CURVE((1.,0.5,1.,0.5,
1.,0.5,1.)) REPRESENTATION_ITEM('') );
#4057 = CARTESIAN_POINT('',(1.717376241217E-16,-0.27));
#4058 = CARTESIAN_POINT('',(-0.207846096908,-0.27));
#4059 = CARTESIAN_POINT('',(-0.103923048454,-9.E-02));
#4060 = CARTESIAN_POINT('',(1.423461009422E-16,9.E-02));
#4061 = CARTESIAN_POINT('',(0.103923048454,-9.E-02));
#4062 = CARTESIAN_POINT('',(0.207846096908,-0.27));
#4063 = CARTESIAN_POINT('',(1.717376241217E-16,-0.27));
#4064 = ( GEOMETRIC_REPRESENTATION_CONTEXT(2) 
PARAMETRIC_REPRESENTATION_CONTEXT() REPRESENTATION_CONTEXT('2D SPACE',''
  ) );
#4065 = ORIENTED_EDGE('',*,*,#4017,.F.);
#4066 = ADVANCED_FACE('',(#4067,#4070),#549,.T.);
#4067 = FACE_BOUND('',#4068,.T.);
#4068 = EDGE_LOOP('',(#4069));
#4069 = ORIENTED_EDGE('',*,*,#4040,.F.);
#4070 = FACE_BOUND('',#4071,.T.);
#4071 = EDGE_LOOP('',(#4072));
#4072 = ORIENTED_EDGE('',*,*,#532,.T.);
#4073 = ADVANCED_FACE('',(#4074),#161,.T.);
#4074 = FACE_BOUND('',#4075,.T.);
#4075 = EDGE_LOOP('',(#4076,#4077,#4098,#4099,#4100));
#4076 = ORIENTED_EDGE('',*,*,#140,.F.);
#4077 = ORIENTED_EDGE('',*,*,#4078,.T.);
#4078 = EDGE_CURVE('',#141,#3967,#4079,.T.);
#4079 = SEAM_CURVE('',#4080,(#4084,#4091),.PCURVE_S1.);
#4080 = LINE('',#4081,#4082);
#4081 = CARTESIAN_POINT('',(-6.719748312732E-03,0.147596535387,0.4750001
    ));
#4082 = VECTOR('',#4083,1.);
#4083 = DIRECTION('',(6.245004513517E-17,1.134721110386E-33,-1.));
#4084 = PCURVE('',#161,#4085);
#4085 = DEFINITIONAL_REPRESENTATION('',(#4086),#4090);
#4086 = LINE('',#4087,#4088);
#4087 = CARTESIAN_POINT('',(-3.14159265359,0.));
#4088 = VECTOR('',#4089,1.);
#4089 = DIRECTION('',(0.,-1.));
#4090 = ( GEOMETRIC_REPRESENTATION_CONTEXT(2) 
PARAMETRIC_REPRESENTATION_CONTEXT() REPRESENTATION_CONTEXT('2D SPACE',''
  ) );
#4091 = PCURVE('',#161,#4092);
#4092 = DEFINITIONAL_REPRESENTATION('',(#4093),#4097);
#4093 = LINE('',#4094,#4095);
#4094 = CARTESIAN_POINT('',(3.14159265359,0.));
#4095 = VECTOR('',#4096,1.);
#4096 = DIRECTION('',(0.,-1.));
#4097 = ( GEOMETRIC_REPRESENTATION_CONTEXT(2) 
PARAMETRIC_REPRESENTATION_CONTEXT() REPRESENTATION_CONTEXT('2D SPACE',''
  ) );
#4098 = ORIENTED_EDGE('',*,*,#3964,.F.);
#4099 = ORIENTED_EDGE('',*,*,#3995,.F.);
#4100 = ORIENTED_EDGE('',*,*,#4078,.F.);
#4101 = ADVANCED_FACE('',(#4102,#4144),#193,.T.);
#4102 = FACE_BOUND('',#4103,.T.);
#4103 = EDGE_LOOP('',(#4104,#4105,#4106,#4107,#4108,#4109,#4110,#4111,
    #4112,#4113,#4114,#4115,#4116,#4117,#4118,#4119,#4120,#4121,#4122,
    #4123,#4124,#4125,#4126,#4127,#4128,#4129,#4130,#4131,#4132,#4133,
    #4134,#4135,#4136,#4137,#4138,#4139,#4140,#4141,#4142,#4143));
#4104 = ORIENTED_EDGE('',*,*,#999,.T.);
#4105 = ORIENTED_EDGE('',*,*,#3769,.T.);
#4106 = ORIENTED_EDGE('',*,*,#3720,.T.);
#4107 = ORIENTED_EDGE('',*,*,#3687,.T.);
#4108 = ORIENTED_EDGE('',*,*,#3617,.T.);
#4109 = ORIENTED_EDGE('',*,*,#3797,.T.);
#4110 = ORIENTED_EDGE('',*,*,#3287,.T.);
#4111 = ORIENTED_EDGE('',*,*,#3210,.T.);
#4112 = ORIENTED_EDGE('',*,*,#3130,.T.);
#4113 = ORIENTED_EDGE('',*,*,#3048,.T.);
#4114 = ORIENTED_EDGE('',*,*,#3363,.T.);
#4115 = ORIENTED_EDGE('',*,*,#2893,.T.);
#4116 = ORIENTED_EDGE('',*,*,#2816,.T.);
#4117 = ORIENTED_EDGE('',*,*,#2736,.T.);
#4118 = ORIENTED_EDGE('',*,*,#2654,.T.);
#4119 = ORIENTED_EDGE('',*,*,#2969,.T.);
#4120 = ORIENTED_EDGE('',*,*,#2499,.T.);
#4121 = ORIENTED_EDGE('',*,*,#2422,.T.);
#4122 = ORIENTED_EDGE('',*,*,#2342,.T.);
#4123 = ORIENTED_EDGE('',*,*,#2260,.T.);
#4124 = ORIENTED_EDGE('',*,*,#2575,.T.);
#4125 = ORIENTED_EDGE('',*,*,#2105,.T.);
#4126 = ORIENTED_EDGE('',*,*,#2028,.T.);
#4127 = ORIENTED_EDGE('',*,*,#1948,.T.);
#4128 = ORIENTED_EDGE('',*,*,#1866,.T.);
#4129 = ORIENTED_EDGE('',*,*,#2181,.T.);
#4130 = ORIENTED_EDGE('',*,*,#1711,.T.);
#4131 = ORIENTED_EDGE('',*,*,#1634,.T.);
#4132 = ORIENTED_EDGE('',*,*,#1554,.T.);
#4133 = ORIENTED_EDGE('',*,*,#1472,.T.);
#4134 = ORIENTED_EDGE('',*,*,#1787,.T.);
#4135 = ORIENTED_EDGE('',*,*,#1317,.T.);
#4136 = ORIENTED_EDGE('',*,*,#1240,.T.);
#4137 = ORIENTED_EDGE('',*,*,#1160,.T.);
#4138 = ORIENTED_EDGE('',*,*,#1078,.T.);
#4139 = ORIENTED_EDGE('',*,*,#1393,.T.);
#4140 = ORIENTED_EDGE('',*,*,#894,.T.);
#4141 = ORIENTED_EDGE('',*,*,#817,.T.);
#4142 = ORIENTED_EDGE('',*,*,#737,.T.);
#4143 = ORIENTED_EDGE('',*,*,#655,.T.);
#4144 = FACE_BOUND('',#4145,.T.);
#4145 = EDGE_LOOP('',(#4146));
#4146 = ORIENTED_EDGE('',*,*,#176,.T.);
#4147 = ( GEOMETRIC_REPRESENTATION_CONTEXT(3) 
GLOBAL_UNCERTAINTY_ASSIGNED_CONTEXT((#4151)) 
GLOBAL_UNIT_ASSIGNED_CONTEXT((#4148,#4149,#4150)) REPRESENTATION_CONTEXT
('Context #1','3D Context with UNIT and UNCERTAINTY') );
#4148 = ( LENGTH_UNIT() NAMED_UNIT(*) SI_UNIT(.MILLI.,.METRE.) );
#4149 = ( NAMED_UNIT(*) PLANE_ANGLE_UNIT() SI_UNIT($,.RADIAN.) );
#4150 = ( NAMED_UNIT(*) SI_UNIT($,.STERADIAN.) SOLID_ANGLE_UNIT() );
#4151 = UNCERTAINTY_MEASURE_WITH_UNIT(LENGTH_MEASURE(1.E-07),#4148,
  'distance_accuracy_value','confusion accuracy');
#4152 = PRODUCT_RELATED_PRODUCT_CATEGORY('part',$,(#7));
ENDSEC;
END-ISO-10303-21;
