ISO-10303-21;
HEADER;
FILE_DESCRIPTION(('Open CASCADE Model'),'2;1');
FILE_NAME('Open CASCADE Shape Model','2026-09-01T11:17:18',('Author'),(
    'Open CASCADE'),'Open CASCADE STEP processor 7.9','Open CASCADE 7.9'
  ,'Unknown');
FILE_SCHEMA(('AUTOMOTIVE_DESIGN { 1 0 10303 214 1 1 1 1 }'));
ENDSEC;
DATA;
#1 = APPLICATION_PROTOCOL_DEFINITION('international standard',
  'automotive_design',2000,#2);
#2 = APPLICATION_CONTEXT(
  'core data for automotive mechanical design processes');
#3 = SHAPE_DEFINITION_REPRESENTATION(#4,#10);
#4 = PRODUCT_DEFINITION_SHAPE('','',#5);
#5 = PRODUCT_DEFINITION('design','',#6,#9);
#6 = PRODUCT_DEFINITION_FORMATION('','',#7);
#7 = PRODUCT('Open CASCADE STEP translator 7.9 2',
  'Open CASCADE STEP translator 7.9 2','',(#8));
#8 = PRODUCT_CONTEXT('',#2,'mechanical');
#9 = PRODUCT_DEFINITION_CONTEXT('part definition',#2,'design');
#10 = ADVANCED_BREP_SHAPE_REPRESENTATION('',(#11,#15),#2073);
#11 = AXIS2_PLACEMENT_3D('',#12,#13,#14);
#12 = CARTESIAN_POINT('',(0.,0.,0.));
#13 = DIRECTION('',(0.,0.,1.));
#14 = DIRECTION('',(1.,0.,-0.));
#15 = MANIFOLD_SOLID_BREP('',#16);
#16 = CLOSED_SHELL('',(#17,#143,#254,#685,#1116,#1163,#1586,#1813,#2035,
    #2066));
#17 = ADVANCED_FACE('',(#18),#33,.F.);
#18 = FACE_BOUND('',#19,.F.);
#19 = EDGE_LOOP('',(#20,#60,#88,#117));
#20 = ORIENTED_EDGE('',*,*,#21,.T.);
#21 = EDGE_CURVE('',#22,#24,#26,.T.);
#22 = VERTEX_POINT('',#23);
#23 = CARTESIAN_POINT('',(1.959588933094,2.391258227646,
    1.000000011686E-07));
#24 = VERTEX_POINT('',#25);
#25 = CARTESIAN_POINT('',(-2.694612387472,1.52159127995,
    1.000000010576E-07));
#26 = SURFACE_CURVE('',#27,(#32,#44),.PCURVE_S1.);
#27 = CIRCLE('',#28,3.090392232625);
#28 = AXIS2_PLACEMENT_3D('',#29,#30,#31);
#29 = CARTESIAN_POINT('',(-2.643119659787E-03,3.755448042491E-03,
    1.000000007245E-07));
#30 = DIRECTION('',(-7.813208483564E-17,-7.638922782417E-18,1.));
#31 = DIRECTION('',(0.63494595671,0.772556555896,5.551115123126E-17));
#32 = PCURVE('',#33,#38);
#33 = CYLINDRICAL_SURFACE('',#34,3.090392232625);
#34 = AXIS2_PLACEMENT_3D('',#35,#36,#37);
#35 = CARTESIAN_POINT('',(-2.643119659787E-03,3.755448042491E-03,
    8.00001E-02));
#36 = DIRECTION('',(0.,-4.300966773254E-17,1.));
#37 = DIRECTION('',(0.636318240104,0.771426663599,1.110223024625E-16));
#38 = DEFINITIONAL_REPRESENTATION('',(#39),#43);
#39 = LINE('',#40,#41);
#40 = CARTESIAN_POINT('',(1.777588013769E-03,-8.E-02));
#41 = VECTOR('',#42,1.);
#42 = DIRECTION('',(1.,-1.590277340732E-17));
#43 = ( GEOMETRIC_REPRESENTATION_CONTEXT(2) 
PARAMETRIC_REPRESENTATION_CONTEXT() REPRESENTATION_CONTEXT('2D SPACE',''
  ) );
#44 = PCURVE('',#45,#50);
#45 = PLANE('',#46);
#46 = AXIS2_PLACEMENT_3D('',#47,#48,#49);
#47 = CARTESIAN_POINT('',(0.557518438625,0.33348113497,
    1.000000007245E-07));
#48 = DIRECTION('',(0.,4.300966773254E-17,-1.));
#49 = DIRECTION('',(-0.50727028758,0.861787012746,0.));
#50 = DEFINITIONAL_REPRESENTATION('',(#51),#59);
#51 = ( BOUNDED_CURVE() B_SPLINE_CURVE(2,(#52,#53,#54,#55,#56,#57,#58),
.UNSPECIFIED.,.T.,.F.) B_SPLINE_CURVE_WITH_KNOTS((1,2,2,2,2,1),(
    -2.094395102393,0.,2.094395102393,4.188790204786,6.28318530718,
8.377580409573),.UNSPECIFIED.) CURVE() GEOMETRIC_REPRESENTATION_ITEM() 
RATIONAL_B_SPLINE_CURVE((1.,0.5,1.,0.5,1.,0.5,1.)) REPRESENTATION_ITEM(
  '') );
#52 = CARTESIAN_POINT('',(1.062136870658,2.252135320666));
#53 = CARTESIAN_POINT('',(6.088782696491,0.412460296094));
#54 = CARTESIAN_POINT('',(1.982254477587,-3.020905172619));
#55 = CARTESIAN_POINT('',(-2.124273741316,-6.454270641331));
#56 = CARTESIAN_POINT('',(-3.044391348246,-1.181230148047));
#57 = CARTESIAN_POINT('',(-3.964508955175,4.091810345238));
#58 = CARTESIAN_POINT('',(1.062136870658,2.252135320666));
#59 = ( GEOMETRIC_REPRESENTATION_CONTEXT(2) 
PARAMETRIC_REPRESENTATION_CONTEXT() REPRESENTATION_CONTEXT('2D SPACE',''
  ) );
#60 = ORIENTED_EDGE('',*,*,#61,.T.);
#61 = EDGE_CURVE('',#24,#62,#64,.T.);
#62 = VERTEX_POINT('',#63);
#63 = CARTESIAN_POINT('',(-2.694612387472,1.52159127995,0.1600001));
#64 = SURFACE_CURVE('',#65,(#69,#76),.PCURVE_S1.);
#65 = LINE('',#66,#67);
#66 = CARTESIAN_POINT('',(-2.694612387472,1.52159127995,8.00001E-02));
#67 = VECTOR('',#68,1.);
#68 = DIRECTION('',(0.,-4.300966773254E-17,1.));
#69 = PCURVE('',#33,#70);
#70 = DEFINITIONAL_REPRESENTATION('',(#71),#75);
#71 = LINE('',#72,#73);
#72 = CARTESIAN_POINT('',(1.747106840008,0.));
#73 = VECTOR('',#74,1.);
#74 = DIRECTION('',(0.,1.));
#75 = ( GEOMETRIC_REPRESENTATION_CONTEXT(2) 
PARAMETRIC_REPRESENTATION_CONTEXT() REPRESENTATION_CONTEXT('2D SPACE',''
  ) );
#76 = PCURVE('',#77,#82);
#77 = PLANE('',#78);
#78 = AXIS2_PLACEMENT_3D('',#79,#80,#81);
#79 = CARTESIAN_POINT('',(-2.708972776488,1.53603472695,0.1600001));
#80 = DIRECTION('',(-0.709142827429,-0.70506485539,-1.110223024625E-16)
  );
#81 = DIRECTION('',(0.70506485539,-0.709142827429,0.));
#82 = DEFINITIONAL_REPRESENTATION('',(#83),#87);
#83 = LINE('',#84,#85);
#84 = CARTESIAN_POINT('',(2.036747244882E-02,-8.E-02));
#85 = VECTOR('',#86,1.);
#86 = DIRECTION('',(5.551115123126E-17,1.));
#87 = ( GEOMETRIC_REPRESENTATION_CONTEXT(2) 
PARAMETRIC_REPRESENTATION_CONTEXT() REPRESENTATION_CONTEXT('2D SPACE',''
  ) );
#88 = ORIENTED_EDGE('',*,*,#89,.F.);
#89 = EDGE_CURVE('',#90,#62,#92,.T.);
#90 = VERTEX_POINT('',#91);
#91 = CARTESIAN_POINT('',(1.959588933094,2.391258227646,0.1600001));
#92 = SURFACE_CURVE('',#93,(#98,#105),.PCURVE_S1.);
#93 = CIRCLE('',#94,3.090392232625);
#94 = AXIS2_PLACEMENT_3D('',#95,#96,#97);
#95 = CARTESIAN_POINT('',(-2.643119659787E-03,3.755448042491E-03,
    0.1600001));
#96 = DIRECTION('',(-7.813208483564E-17,-7.638922782417E-18,1.));
#97 = DIRECTION('',(0.63494595671,0.772556555896,5.551115123126E-17));
#98 = PCURVE('',#33,#99);
#99 = DEFINITIONAL_REPRESENTATION('',(#100),#104);
#100 = LINE('',#101,#102);
#101 = CARTESIAN_POINT('',(1.777588013769E-03,8.E-02));
#102 = VECTOR('',#103,1.);
#103 = DIRECTION('',(1.,0.));
#104 = ( GEOMETRIC_REPRESENTATION_CONTEXT(2) 
PARAMETRIC_REPRESENTATION_CONTEXT() REPRESENTATION_CONTEXT('2D SPACE',''
  ) );
#105 = PCURVE('',#106,#111);
#106 = PLANE('',#107);
#107 = AXIS2_PLACEMENT_3D('',#108,#109,#110);
#108 = CARTESIAN_POINT('',(0.57475417888,0.343626540721,0.1600001));
#109 = DIRECTION('',(0.,-4.300966773254E-17,1.));
#110 = DIRECTION('',(0.50727028758,-0.861787012746,0.));
#111 = DEFINITIONAL_REPRESENTATION('',(#112),#116);
#112 = CIRCLE('',#113,3.090392232625);
#113 = AXIS2_PLACEMENT_2D('',#114,#115);
#114 = CARTESIAN_POINT('',(-7.49400541622E-16,-0.67));
#115 = DIRECTION('',(-0.343689988425,0.93908316557));
#116 = ( GEOMETRIC_REPRESENTATION_CONTEXT(2) 
PARAMETRIC_REPRESENTATION_CONTEXT() REPRESENTATION_CONTEXT('2D SPACE',''
  ) );
#117 = ORIENTED_EDGE('',*,*,#118,.F.);
#118 = EDGE_CURVE('',#22,#90,#119,.T.);
#119 = SURFACE_CURVE('',#120,(#124,#131),.PCURVE_S1.);
#120 = LINE('',#121,#122);
#121 = CARTESIAN_POINT('',(1.959588933094,2.391258227646,8.00001E-02));
#122 = VECTOR('',#123,1.);
#123 = DIRECTION('',(0.,-4.300966773254E-17,1.));
#124 = PCURVE('',#33,#125);
#125 = DEFINITIONAL_REPRESENTATION('',(#126),#130);
#126 = LINE('',#127,#128);
#127 = CARTESIAN_POINT('',(1.777588013769E-03,0.));
#128 = VECTOR('',#129,1.);
#129 = DIRECTION('',(0.,1.));
#130 = ( GEOMETRIC_REPRESENTATION_CONTEXT(2) 
PARAMETRIC_REPRESENTATION_CONTEXT() REPRESENTATION_CONTEXT('2D SPACE',''
  ) );
#131 = PCURVE('',#132,#137);
#132 = PLANE('',#133);
#133 = AXIS2_PLACEMENT_3D('',#134,#135,#136);
#134 = CARTESIAN_POINT('',(2.315563944628,1.368312521634,
    1.000000016127E-07));
#135 = DIRECTION('',(-0.94444871314,-0.328658832602,-1.110223024625E-16)
  );
#136 = DIRECTION('',(0.,-4.300966773254E-17,1.));
#137 = DEFINITIONAL_REPRESENTATION('',(#138),#142);
#138 = LINE('',#139,#140);
#139 = CARTESIAN_POINT('',(8.E-02,1.083114087382));
#140 = VECTOR('',#141,1.);
#141 = DIRECTION('',(1.,-5.551115123126E-17));
#142 = ( GEOMETRIC_REPRESENTATION_CONTEXT(2) 
PARAMETRIC_REPRESENTATION_CONTEXT() REPRESENTATION_CONTEXT('2D SPACE',''
  ) );
#143 = ADVANCED_FACE('',(#144),#158,.T.);
#144 = FACE_BOUND('',#145,.T.);
#145 = EDGE_LOOP('',(#146,#181,#209,#232));
#146 = ORIENTED_EDGE('',*,*,#147,.T.);
#147 = EDGE_CURVE('',#148,#150,#152,.T.);
#148 = VERTEX_POINT('',#149);
#149 = CARTESIAN_POINT('',(1.976306607063,2.402892371835,0.1600001));
#150 = VERTEX_POINT('',#151);
#151 = CARTESIAN_POINT('',(1.976306607063,2.402892371835,
    1.000000011686E-07));
#152 = SURFACE_CURVE('',#153,(#157,#169),.PCURVE_S1.);
#153 = LINE('',#154,#155);
#154 = CARTESIAN_POINT('',(1.976306607063,2.402892371835,0.1600001));
#155 = VECTOR('',#156,1.);
#156 = DIRECTION('',(0.,4.300966773254E-17,-1.));
#157 = PCURVE('',#158,#163);
#158 = CYLINDRICAL_SURFACE('',#159,3.11);
#159 = AXIS2_PLACEMENT_3D('',#160,#161,#162);
#160 = CARTESIAN_POINT('',(-2.643119659787E-03,3.755448042491E-03,
    8.00001E-02));
#161 = DIRECTION('',(0.,-4.300966773254E-17,1.));
#162 = DIRECTION('',(0.636318240104,0.771426663599,1.110223024625E-16));
#163 = DEFINITIONAL_REPRESENTATION('',(#164),#168);
#164 = LINE('',#165,#166);
#165 = CARTESIAN_POINT('',(0.,8.E-02));
#166 = VECTOR('',#167,1.);
#167 = DIRECTION('',(0.,-1.));
#168 = ( GEOMETRIC_REPRESENTATION_CONTEXT(2) 
PARAMETRIC_REPRESENTATION_CONTEXT() REPRESENTATION_CONTEXT('2D SPACE',''
  ) );
#169 = PCURVE('',#170,#175);
#170 = PLANE('',#171);
#171 = AXIS2_PLACEMENT_3D('',#172,#173,#174);
#172 = CARTESIAN_POINT('',(2.332799684883,1.378457927385,0.1600001));
#173 = DIRECTION('',(0.94444871314,0.328658832602,1.110223024625E-16));
#174 = DIRECTION('',(0.,4.300966773254E-17,-1.));
#175 = DEFINITIONAL_REPRESENTATION('',(#176),#180);
#176 = LINE('',#177,#178);
#177 = CARTESIAN_POINT('',(6.661338147751E-16,1.084690391544));
#178 = VECTOR('',#179,1.);
#179 = DIRECTION('',(1.,5.551115123126E-17));
#180 = ( GEOMETRIC_REPRESENTATION_CONTEXT(2) 
PARAMETRIC_REPRESENTATION_CONTEXT() REPRESENTATION_CONTEXT('2D SPACE',''
  ) );
#181 = ORIENTED_EDGE('',*,*,#182,.T.);
#182 = EDGE_CURVE('',#150,#183,#185,.T.);
#183 = VERTEX_POINT('',#184);
#184 = CARTESIAN_POINT('',(-2.708972776488,1.53603472695,
    1.000000010576E-07));
#185 = SURFACE_CURVE('',#186,(#191,#198),.PCURVE_S1.);
#186 = CIRCLE('',#187,3.11);
#187 = AXIS2_PLACEMENT_3D('',#188,#189,#190);
#188 = CARTESIAN_POINT('',(-2.643119659789E-03,3.755448042491E-03,
    1.000000011686E-07));
#189 = DIRECTION('',(-7.064551611521E-17,-8.564556437373E-17,1.));
#190 = DIRECTION('',(0.636318240104,0.771426663599,1.110223024625E-16));
#191 = PCURVE('',#158,#192);
#192 = DEFINITIONAL_REPRESENTATION('',(#193),#197);
#193 = LINE('',#194,#195);
#194 = CARTESIAN_POINT('',(0.,-8.E-02));
#195 = VECTOR('',#196,1.);
#196 = DIRECTION('',(1.,7.951386703659E-18));
#197 = ( GEOMETRIC_REPRESENTATION_CONTEXT(2) 
PARAMETRIC_REPRESENTATION_CONTEXT() REPRESENTATION_CONTEXT('2D SPACE',''
  ) );
#198 = PCURVE('',#45,#199);
#199 = DEFINITIONAL_REPRESENTATION('',(#200),#208);
#200 = ( BOUNDED_CURVE() B_SPLINE_CURVE(2,(#201,#202,#203,#204,#205,#206
,#207),.UNSPECIFIED.,.T.,.F.) B_SPLINE_CURVE_WITH_KNOTS((1,2,2,2,2,1),(
    -2.094395102393,0.,2.094395102393,4.188790204786,6.28318530718,
8.377580409573),.UNSPECIFIED.) CURVE() GEOMETRIC_REPRESENTATION_ITEM() 
RATIONAL_B_SPLINE_CURVE((1.,0.5,1.,0.5,1.,0.5,1.)) REPRESENTATION_ITEM(
  '') );
#201 = CARTESIAN_POINT('',(1.063682645743,2.272444050644));
#202 = CARTESIAN_POINT('',(6.125504223736,0.430091665088));
#203 = CARTESIAN_POINT('',(1.999069466125,-3.0323982181));
#204 = CARTESIAN_POINT('',(-2.127365291486,-6.494888101288));
#205 = CARTESIAN_POINT('',(-3.062752111868,-1.190045832544));
#206 = CARTESIAN_POINT('',(-3.99813893225,4.1147964362));
#207 = CARTESIAN_POINT('',(1.063682645743,2.272444050644));
#208 = ( GEOMETRIC_REPRESENTATION_CONTEXT(2) 
PARAMETRIC_REPRESENTATION_CONTEXT() REPRESENTATION_CONTEXT('2D SPACE',''
  ) );
#209 = ORIENTED_EDGE('',*,*,#210,.F.);
#210 = EDGE_CURVE('',#211,#183,#213,.T.);
#211 = VERTEX_POINT('',#212);
#212 = CARTESIAN_POINT('',(-2.708972776488,1.53603472695,0.1600001));
#213 = SURFACE_CURVE('',#214,(#218,#225),.PCURVE_S1.);
#214 = LINE('',#215,#216);
#215 = CARTESIAN_POINT('',(-2.708972776488,1.53603472695,0.1600001));
#216 = VECTOR('',#217,1.);
#217 = DIRECTION('',(0.,4.300966773254E-17,-1.));
#218 = PCURVE('',#158,#219);
#219 = DEFINITIONAL_REPRESENTATION('',(#220),#224);
#220 = LINE('',#221,#222);
#221 = CARTESIAN_POINT('',(1.745329251994,8.E-02));
#222 = VECTOR('',#223,1.);
#223 = DIRECTION('',(0.,-1.));
#224 = ( GEOMETRIC_REPRESENTATION_CONTEXT(2) 
PARAMETRIC_REPRESENTATION_CONTEXT() REPRESENTATION_CONTEXT('2D SPACE',''
  ) );
#225 = PCURVE('',#77,#226);
#226 = DEFINITIONAL_REPRESENTATION('',(#227),#231);
#227 = LINE('',#228,#229);
#228 = CARTESIAN_POINT('',(0.,0.));
#229 = VECTOR('',#230,1.);
#230 = DIRECTION('',(-5.551115123126E-17,-1.));
#231 = ( GEOMETRIC_REPRESENTATION_CONTEXT(2) 
PARAMETRIC_REPRESENTATION_CONTEXT() REPRESENTATION_CONTEXT('2D SPACE',''
  ) );
#232 = ORIENTED_EDGE('',*,*,#233,.F.);
#233 = EDGE_CURVE('',#148,#211,#234,.T.);
#234 = SURFACE_CURVE('',#235,(#240,#247),.PCURVE_S1.);
#235 = CIRCLE('',#236,3.11);
#236 = AXIS2_PLACEMENT_3D('',#237,#238,#239);
#237 = CARTESIAN_POINT('',(-2.643119659789E-03,3.755448042491E-03,
    0.1600001));
#238 = DIRECTION('',(-7.064551611521E-17,-8.564556437373E-17,1.));
#239 = DIRECTION('',(0.636318240104,0.771426663599,1.110223024625E-16));
#240 = PCURVE('',#158,#241);
#241 = DEFINITIONAL_REPRESENTATION('',(#242),#246);
#242 = LINE('',#243,#244);
#243 = CARTESIAN_POINT('',(0.,8.E-02));
#244 = VECTOR('',#245,1.);
#245 = DIRECTION('',(1.,0.));
#246 = ( GEOMETRIC_REPRESENTATION_CONTEXT(2) 
PARAMETRIC_REPRESENTATION_CONTEXT() REPRESENTATION_CONTEXT('2D SPACE',''
  ) );
#247 = PCURVE('',#106,#248);
#248 = DEFINITIONAL_REPRESENTATION('',(#249),#253);
#249 = CIRCLE('',#250,3.11);
#250 = AXIS2_PLACEMENT_2D('',#251,#252);
#251 = CARTESIAN_POINT('',(-5.273559366969E-16,-0.67));
#252 = DIRECTION('',(-0.342020143326,0.939692620786));
#253 = ( GEOMETRIC_REPRESENTATION_CONTEXT(2) 
PARAMETRIC_REPRESENTATION_CONTEXT() REPRESENTATION_CONTEXT('2D SPACE',''
  ) );
#254 = ADVANCED_FACE('',(#255),#132,.T.);
#255 = FACE_BOUND('',#256,.T.);
#256 = EDGE_LOOP('',(#257,#642,#663,#664));
#257 = ORIENTED_EDGE('',*,*,#258,.F.);
#258 = EDGE_CURVE('',#259,#261,#263,.T.);
#259 = VERTEX_POINT('',#260);
#260 = CARTESIAN_POINT('',(2.315563944628,1.368312521634,0.1600001));
#261 = VERTEX_POINT('',#262);
#262 = CARTESIAN_POINT('',(2.315563944628,1.368312521634,
    1.000000011686E-07));
#263 = SURFACE_CURVE('',#264,(#268,#275),.PCURVE_S1.);
#264 = LINE('',#265,#266);
#265 = CARTESIAN_POINT('',(2.315563944628,1.368312521634,0.1600001));
#266 = VECTOR('',#267,1.);
#267 = DIRECTION('',(0.,4.300966773254E-17,-1.));
#268 = PCURVE('',#132,#269);
#269 = DEFINITIONAL_REPRESENTATION('',(#270),#274);
#270 = LINE('',#271,#272);
#271 = CARTESIAN_POINT('',(0.16,-4.267419750903E-16));
#272 = VECTOR('',#273,1.);
#273 = DIRECTION('',(-1.,5.551115123126E-17));
#274 = ( GEOMETRIC_REPRESENTATION_CONTEXT(2) 
PARAMETRIC_REPRESENTATION_CONTEXT() REPRESENTATION_CONTEXT('2D SPACE',''
  ) );
#275 = PCURVE('',#276,#637);
#276 = B_SPLINE_SURFACE_WITH_KNOTS('',3,3,(
    (#277,#278,#279,#280,#281,#282,#283,#284,#285,#286,#287,#288,#289
      ,#290,#291,#292,#293,#294,#295,#296,#297,#298,#299,#300,#301,#302
      ,#303,#304,#305,#306,#307,#308,#309,#310,#311,#312,#313,#314,#315
      ,#316,#317,#318,#319,#320,#321,#322,#323,#324,#325,#326,#327,#328
      ,#329,#330,#331,#332,#333,#334,#335,#336,#337,#338,#339,#340,#341
      ,#342,#343,#344,#345,#346,#347,#348,#349,#350,#351,#352,#353,#354
      ,#355,#356,#357,#358,#359,#360,#361,#362,#363,#364,#365,#366)
    ,(#367,#368,#369,#370,#371,#372,#373,#374,#375,#376,#377,#378,#379
      ,#380,#381,#382,#383,#384,#385,#386,#387,#388,#389,#390,#391,#392
      ,#393,#394,#395,#396,#397,#398,#399,#400,#401,#402,#403,#404,#405
      ,#406,#407,#408,#409,#410,#411,#412,#413,#414,#415,#416,#417,#418
      ,#419,#420,#421,#422,#423,#424,#425,#426,#427,#428,#429,#430,#431
      ,#432,#433,#434,#435,#436,#437,#438,#439,#440,#441,#442,#443,#444
      ,#445,#446,#447,#448,#449,#450,#451,#452,#453,#454,#455,#456)
    ,(#457,#458,#459,#460,#461,#462,#463,#464,#465,#466,#467,#468,#469
      ,#470,#471,#472,#473,#474,#475,#476,#477,#478,#479,#480,#481,#482
      ,#483,#484,#485,#486,#487,#488,#489,#490,#491,#492,#493,#494,#495
      ,#496,#497,#498,#499,#500,#501,#502,#503,#504,#505,#506,#507,#508
      ,#509,#510,#511,#512,#513,#514,#515,#516,#517,#518,#519,#520,#521
      ,#522,#523,#524,#525,#526,#527,#528,#529,#530,#531,#532,#533,#534
      ,#535,#536,#537,#538,#539,#540,#541,#542,#543,#544,#545,#546)
    ,(#547,#548,#549,#550,#551,#552,#553,#554,#555,#556,#557,#558,#559
      ,#560,#561,#562,#563,#564,#565,#566,#567,#568,#569,#570,#571,#572
      ,#573,#574,#575,#576,#577,#578,#579,#580,#581,#582,#583,#584,#585
      ,#586,#587,#588,#589,#590,#591,#592,#593,#594,#595,#596,#597,#598
      ,#599,#600,#601,#602,#603,#604,#605,#606,#607,#608,#609,#610,#611
      ,#612,#613,#614,#615,#616,#617,#618,#619,#620,#621,#622,#623,#624
      ,#625,#626,#627,#628,#629,#630,#631,#632,#633,#634,#635,#636
  )),.UNSPECIFIED.,.F.,.F.,.F.,(4,4),(4,1,1,1,1,1,1,1,1,1,1,1,1,1,1,1,1,
    1,1,1,1,1,1,1,1,1,1,1,1,1,1,1,1,1,1,1,1,1,1,1,1,1,1,1,1,1,1,1,1,1,1,
    1,1,1,1,1,1,1,1,1,1,1,1,1,1,1,1,1,1,1,1,1,1,1,1,1,1,1,1,1,1,1,1,1,1,
    1,1,4),(0.,1.6E-02),(0.,0.992081890607,1.984163781215,2.976245671822
    ,3.968327562429,4.960409453037,5.952491343644,6.944573234251,
    7.936655124858,8.928737015466,9.920818906073,10.91290079668,
    11.904982687288,12.897064577895,13.889146468502,14.881228359109,
    15.873310249717,16.865392140324,17.857474030931,18.849555921539,
    19.841637812146,20.833719702753,21.825801593361,22.817883483968,
    23.809965374575,24.802047265183,25.79412915579,26.786211046397,
    27.778292937005,28.770374827612,29.762456718219,30.754538608826,
    31.746620499434,32.738702390041,33.730784280648,34.722866171256,
    35.714948061863,36.70702995247,37.699111843078,38.691193733685,
    39.683275624292,40.675357514899,41.667439405507,42.659521296114,
    43.651603186721,44.643685077329,45.635766967936,46.627848858543,
    47.61993074915,48.612012639758,49.604094530365,50.596176420972,
    51.58825831158,52.580340202187,53.572422092794,54.564503983402,
    55.556585874009,56.548667764616,57.540749655224,58.532831545831,
    59.524913436438,60.516995327045,61.509077217653,62.005118162956,
    62.50115910826,63.493240998867,64.485322889475,64.981363834778,
    65.477404780082,66.469486670689,66.965527615993,67.461568561297,
    67.9576095066,68.453650451904,68.949691397208,69.445732342511,
    69.941773287815,70.437814233119,70.933855178422,71.429896123726,
    71.92593706903,72.421978014333,72.918018959637,73.41405990494,
    73.910100850244,74.406141795548,74.902182740851,75.398223686155),
  .UNSPECIFIED.);
#277 = CARTESIAN_POINT('',(0.557518438625,0.33348113497,
    1.000000007245E-07));
#278 = CARTESIAN_POINT('',(0.456190870239,0.523261915051,
    1.000000011686E-07));
#279 = CARTESIAN_POINT('',(4.626223342587E-02,0.800439739013,
    1.000000007245E-07));
#280 = CARTESIAN_POINT('',(-0.669952318441,0.498625432434,
    1.000000007245E-07));
#281 = CARTESIAN_POINT('',(-0.810759692324,-0.295414769674,
    1.000000016127E-07));
#282 = CARTESIAN_POINT('',(-0.201225414913,-0.867444609374,
    1.000000011686E-07));
#283 = CARTESIAN_POINT('',(0.64055151303,-0.661460548379,
    1.000000020568E-07));
#284 = CARTESIAN_POINT('',(0.936970915974,0.184687038666,
    1.000000011686E-07));
#285 = CARTESIAN_POINT('',(0.371531709201,0.918780015108,
    1.000000016127E-07));
#286 = CARTESIAN_POINT('',(-0.582308574764,0.843337373832,
    1.000000016127E-07));
#287 = CARTESIAN_POINT('',(-1.054191349268,-2.344878978702E-02,
    1.000000007245E-07));
#288 = CARTESIAN_POINT('',(-0.571374846828,-0.918563187612,
    1.000000011686E-07));
#289 = CARTESIAN_POINT('',(0.472184047614,-1.00535103879,
    1.000000011686E-07));
#290 = CARTESIAN_POINT('',(1.133253248685,-0.154750096197,
    1.000000011686E-07));
#291 = CARTESIAN_POINT('',(0.771925910238,0.892050470035,
    1.000000011686E-07));
#292 = CARTESIAN_POINT('',(-0.331518386816,1.16844871609,
    1.000000002804E-07));
#293 = CARTESIAN_POINT('',(-1.187864597826,0.374657495797,
    1.000000011686E-07));
#294 = CARTESIAN_POINT('',(-0.985679010972,-0.805944755861,
    1.000000011686E-07));
#295 = CARTESIAN_POINT('',(0.141289591418,-1.293517950671,
    1.000000011686E-07));
#296 = CARTESIAN_POINT('',(1.190488995307,-0.599350781757,
    1.000000011686E-07));
#297 = CARTESIAN_POINT('',(1.182129122203,0.688801713291,
    1.000000011686E-07));
#298 = CARTESIAN_POINT('',(7.334642254428E-02,1.401924637321,
    1.000000007245E-07));
#299 = CARTESIAN_POINT('',(-1.157254493393,0.850636516577,
    1.000000016127E-07));
#300 = CARTESIAN_POINT('',(-1.372698436813,-0.51099938332,
    1.000000016127E-07));
#301 = CARTESIAN_POINT('',(-0.327721614622,-1.45571118215,
    1.000000011686E-07));
#302 = CARTESIAN_POINT('',(1.063644091383,-1.089153907363,
    1.000000011686E-07));
#303 = CARTESIAN_POINT('',(1.526535530881,0.304982897079,
    1.000000016127E-07));
#304 = CARTESIAN_POINT('',(0.593230184619,1.478127180863,
    1.000000011686E-07));
#305 = CARTESIAN_POINT('',(-0.929288557896,1.334876235865,
    1.000000011686E-07));
#306 = CARTESIAN_POINT('',(-1.655486670613,-4.508592228343E-02,
    1.000000016127E-07));
#307 = CARTESIAN_POINT('',(-0.882130192715,-1.433780067971,
    1.000000007245E-07));
#308 = CARTESIAN_POINT('',(0.733534978876,-1.547302871485,
    1.000000011686E-07));
#309 = CARTESIAN_POINT('',(1.729904849457,-0.232374909357,
    1.000000016127E-07));
#310 = CARTESIAN_POINT('',(1.163247074793,1.349090169226,
    1.000000011686E-07));
#311 = CARTESIAN_POINT('',(-0.500103639426,1.746026851613,
    1.000000002804E-07));
#312 = CARTESIAN_POINT('',(-1.76360145209,0.549428773015,
    1.000000011686E-07));
#313 = CARTESIAN_POINT('',(-1.446889564425,-1.192341437896,
    1.000000016127E-07));
#314 = CARTESIAN_POINT('',(0.212509327253,-1.890967025548,
    1.000000020568E-07));
#315 = CARTESIAN_POINT('',(1.729607372993,-0.866501503929,
    1.000000007245E-07));
#316 = CARTESIAN_POINT('',(1.700647607609,0.994015638095,
    1.000000016127E-07));
#317 = CARTESIAN_POINT('',(0.101436043894,2.002947710807,
    1.000000011686E-07));
#318 = CARTESIAN_POINT('',(-1.645050603136,1.202879565876,
    1.000000007245E-07));
#319 = CARTESIAN_POINT('',(-1.934377446431,-0.726705162343,
    1.000000007245E-07));
#320 = CARTESIAN_POINT('',(-0.454361083515,-2.04391384395,
    1.000000016127E-07));
#321 = CARTESIAN_POINT('',(1.486824775949,-1.516881123153,
    1.000000007245E-07));
#322 = CARTESIAN_POINT('',(2.116030005761,0.425296837686,
    1.000000016127E-07));
#323 = CARTESIAN_POINT('',(0.815010372437,2.037464456433,
    1.000000016127E-07));
#324 = CARTESIAN_POINT('',(-1.276396299283,1.826420706276,
    1.000000007245E-07));
#325 = CARTESIAN_POINT('',(-2.256553690563,-6.672465349125E-02,
    1.000000011686E-07));
#326 = CARTESIAN_POINT('',(-1.193316427687,-1.949015889258,
    1.000000016127E-07));
#327 = CARTESIAN_POINT('',(0.99573400732,-2.089076435827,
    1.000000011686E-07));
#328 = CARTESIAN_POINT('',(2.326365693365,-0.310254590083,
    1.000000025009E-07));
#329 = CARTESIAN_POINT('',(1.554910543518,1.806392313045,
    1.000000011686E-07));
#330 = CARTESIAN_POINT('',(-0.668845430317,2.323741203083,
    1.000000011686E-07));
#331 = CARTESIAN_POINT('',(-2.339465673693,0.724301495834,
    1.000000011686E-07));
#332 = CARTESIAN_POINT('',(-1.908314776176,-1.578873429604,
    1.000000016127E-07));
#333 = CARTESIAN_POINT('',(0.283790271891,-2.488631093822,
    1.000000011686E-07));
#334 = CARTESIAN_POINT('',(2.26884304382,-1.133736892192,
    1.000000016127E-07));
#335 = CARTESIAN_POINT('',(2.219475710163,1.299282697963,
    1.000000016127E-07));
#336 = CARTESIAN_POINT('',(0.129334286289,2.604279095855,
    1.000000011686E-07));
#337 = CARTESIAN_POINT('',(-2.132621570937,1.555090686153,
    1.000000007245E-07));
#338 = CARTESIAN_POINT('',(-2.497018658937,-0.942156168342,
    1.000000016127E-07));
#339 = CARTESIAN_POINT('',(-0.579616507607,-2.632957542569,
    1.000000007245E-07));
#340 = CARTESIAN_POINT('',(1.492651111651,-2.05840796738,
    1.000000011686E-07));
#341 = CARTESIAN_POINT('',(2.311122668334,-0.70053540989,
    1.000000011686E-07));
#342 = CARTESIAN_POINT('',(2.425797458804,0.887429511727,
    1.000000020568E-07));
#343 = CARTESIAN_POINT('',(1.03679477281,2.598315814106,
    1.000000016127E-07));
#344 = CARTESIAN_POINT('',(-1.17820724615,2.362312041725,
    1.000000007245E-07));
#345 = CARTESIAN_POINT('',(-2.244330628246,1.117989326017,
    1.000000007245E-07));
#346 = CARTESIAN_POINT('',(-2.628734026801,-0.489342193185,
    1.000000007245E-07));
#347 = CARTESIAN_POINT('',(-1.732879152682,-2.061457054395,
    1.000000007245E-07));
#348 = CARTESIAN_POINT('',(-0.120652700047,-2.555453263623,
    1.000000011686E-07));
#349 = CARTESIAN_POINT('',(1.113026247912,-2.322246967905,
    1.000000011686E-07));
#350 = CARTESIAN_POINT('',(2.099457893007,-1.515271424792,
    1.000000025009E-07));
#351 = CARTESIAN_POINT('',(2.581634824981,-0.335449738896,
    1.000000016127E-07));
#352 = CARTESIAN_POINT('',(2.445328396265,0.941501903889,
    1.000000011686E-07));
#353 = CARTESIAN_POINT('',(1.712715004813,2.003708041925,
    1.000000016127E-07));
#354 = CARTESIAN_POINT('',(0.557236343538,2.592987694998,
    1.000000011686E-07));
#355 = CARTESIAN_POINT('',(-0.746639952942,2.560736642119,
    1.000000011686E-07));
#356 = CARTESIAN_POINT('',(-1.883667668025,1.908419112477,
    1.000000007245E-07));
#357 = CARTESIAN_POINT('',(-2.576977168841,0.787629921327,
    1.000000016127E-07));
#358 = CARTESIAN_POINT('',(-2.653375271058,-0.53484432891,
    1.000000011686E-07));
#359 = CARTESIAN_POINT('',(-2.088356043384,-1.740599276067,
    1.000000011686E-07));
#360 = CARTESIAN_POINT('',(-1.011850541797,-2.535935501498,
    1.000000011686E-07));
#361 = CARTESIAN_POINT('',(0.320181479836,-2.724187979715,
    1.000000002804E-07));
#362 = CARTESIAN_POINT('',(1.587684177207,-2.253022073097,
    1.000000011686E-07));
#363 = CARTESIAN_POINT('',(2.482649377553,-1.230504906329,
    1.000000011686E-07));
#364 = CARTESIAN_POINT('',(2.784572358289,0.101899650498,
    1.000000025009E-07));
#365 = CARTESIAN_POINT('',(2.537333975244,0.982734613365,
    1.000000020568E-07));
#366 = CARTESIAN_POINT('',(2.315563944628,1.368312521634,
    1.000000016127E-07));
#367 = CARTESIAN_POINT('',(0.557518438625,0.33348113497,
    5.333343333333E-02));
#368 = CARTESIAN_POINT('',(0.456190870239,0.523261915051,
    5.333343333333E-02));
#369 = CARTESIAN_POINT('',(4.626223342587E-02,0.800439739013,
    5.333343333333E-02));
#370 = CARTESIAN_POINT('',(-0.669952318441,0.498625432434,
    5.333343333333E-02));
#371 = CARTESIAN_POINT('',(-0.810759692324,-0.295414769674,
    5.333343333333E-02));
#372 = CARTESIAN_POINT('',(-0.201225414913,-0.867444609374,
    5.333343333333E-02));
#373 = CARTESIAN_POINT('',(0.64055151303,-0.661460548379,
    5.333343333333E-02));
#374 = CARTESIAN_POINT('',(0.936970915974,0.184687038666,
    5.333343333334E-02));
#375 = CARTESIAN_POINT('',(0.371531709201,0.918780015108,
    5.333343333333E-02));
#376 = CARTESIAN_POINT('',(-0.582308574764,0.843337373832,
    5.333343333333E-02));
#377 = CARTESIAN_POINT('',(-1.054191349268,-2.344878978702E-02,
    5.333343333333E-02));
#378 = CARTESIAN_POINT('',(-0.571374846828,-0.918563187612,
    5.333343333333E-02));
#379 = CARTESIAN_POINT('',(0.472184047614,-1.00535103879,
    5.333343333334E-02));
#380 = CARTESIAN_POINT('',(1.133253248685,-0.154750096197,
    5.333343333334E-02));
#381 = CARTESIAN_POINT('',(0.771925910238,0.892050470035,
    5.333343333333E-02));
#382 = CARTESIAN_POINT('',(-0.331518386816,1.16844871609,
    5.333343333333E-02));
#383 = CARTESIAN_POINT('',(-1.187864597826,0.374657495797,
    5.333343333334E-02));
#384 = CARTESIAN_POINT('',(-0.985679010972,-0.805944755861,
    5.333343333333E-02));
#385 = CARTESIAN_POINT('',(0.141289591418,-1.293517950671,
    5.333343333333E-02));
#386 = CARTESIAN_POINT('',(1.190488995307,-0.599350781757,
    5.333343333333E-02));
#387 = CARTESIAN_POINT('',(1.182129122203,0.688801713291,
    5.333343333333E-02));
#388 = CARTESIAN_POINT('',(7.334642254428E-02,1.401924637321,
    5.333343333333E-02));
#389 = CARTESIAN_POINT('',(-1.157254493393,0.850636516577,
    5.333343333333E-02));
#390 = CARTESIAN_POINT('',(-1.372698436813,-0.51099938332,
    5.333343333333E-02));
#391 = CARTESIAN_POINT('',(-0.327721614622,-1.45571118215,
    5.333343333333E-02));
#392 = CARTESIAN_POINT('',(1.063644091383,-1.089153907363,
    5.333343333334E-02));
#393 = CARTESIAN_POINT('',(1.526535530881,0.304982897079,
    5.333343333333E-02));
#394 = CARTESIAN_POINT('',(0.593230184619,1.478127180863,
    5.333343333333E-02));
#395 = CARTESIAN_POINT('',(-0.929288557896,1.334876235865,
    5.333343333333E-02));
#396 = CARTESIAN_POINT('',(-1.655486670613,-4.508592228343E-02,
    5.333343333333E-02));
#397 = CARTESIAN_POINT('',(-0.882130192715,-1.433780067971,
    5.333343333333E-02));
#398 = CARTESIAN_POINT('',(0.733534978876,-1.547302871485,
    5.333343333333E-02));
#399 = CARTESIAN_POINT('',(1.729904849457,-0.232374909357,
    5.333343333333E-02));
#400 = CARTESIAN_POINT('',(1.163247074793,1.349090169226,
    5.333343333333E-02));
#401 = CARTESIAN_POINT('',(-0.500103639426,1.746026851613,
    5.333343333333E-02));
#402 = CARTESIAN_POINT('',(-1.76360145209,0.549428773015,
    5.333343333333E-02));
#403 = CARTESIAN_POINT('',(-1.446889564425,-1.192341437896,
    5.333343333333E-02));
#404 = CARTESIAN_POINT('',(0.212509327253,-1.890967025548,
    5.333343333333E-02));
#405 = CARTESIAN_POINT('',(1.729607372993,-0.866501503929,
    5.333343333333E-02));
#406 = CARTESIAN_POINT('',(1.700647607609,0.994015638095,
    5.333343333333E-02));
#407 = CARTESIAN_POINT('',(0.101436043894,2.002947710807,
    5.333343333333E-02));
#408 = CARTESIAN_POINT('',(-1.645050603136,1.202879565876,
    5.333343333333E-02));
#409 = CARTESIAN_POINT('',(-1.934377446431,-0.726705162343,
    5.333343333333E-02));
#410 = CARTESIAN_POINT('',(-0.454361083515,-2.04391384395,
    5.333343333333E-02));
#411 = CARTESIAN_POINT('',(1.486824775949,-1.516881123153,
    5.333343333333E-02));
#412 = CARTESIAN_POINT('',(2.116030005761,0.425296837686,
    5.333343333333E-02));
#413 = CARTESIAN_POINT('',(0.815010372437,2.037464456433,
    5.333343333333E-02));
#414 = CARTESIAN_POINT('',(-1.276396299283,1.826420706276,
    5.333343333333E-02));
#415 = CARTESIAN_POINT('',(-2.256553690563,-6.672465349125E-02,
    5.333343333333E-02));
#416 = CARTESIAN_POINT('',(-1.193316427687,-1.949015889258,
    5.333343333333E-02));
#417 = CARTESIAN_POINT('',(0.99573400732,-2.089076435827,
    5.333343333333E-02));
#418 = CARTESIAN_POINT('',(2.326365693365,-0.310254590083,
    5.333343333333E-02));
#419 = CARTESIAN_POINT('',(1.554910543518,1.806392313045,
    5.333343333333E-02));
#420 = CARTESIAN_POINT('',(-0.668845430317,2.323741203083,
    5.333343333333E-02));
#421 = CARTESIAN_POINT('',(-2.339465673693,0.724301495834,
    5.333343333334E-02));
#422 = CARTESIAN_POINT('',(-1.908314776176,-1.578873429604,
    5.333343333333E-02));
#423 = CARTESIAN_POINT('',(0.283790271891,-2.488631093822,
    5.333343333334E-02));
#424 = CARTESIAN_POINT('',(2.26884304382,-1.133736892192,
    5.333343333333E-02));
#425 = CARTESIAN_POINT('',(2.219475710163,1.299282697963,
    5.333343333333E-02));
#426 = CARTESIAN_POINT('',(0.129334286289,2.604279095855,
    5.333343333333E-02));
#427 = CARTESIAN_POINT('',(-2.132621570937,1.555090686153,
    5.333343333333E-02));
#428 = CARTESIAN_POINT('',(-2.497018658937,-0.942156168342,
    5.333343333333E-02));
#429 = CARTESIAN_POINT('',(-0.579616507607,-2.632957542569,
    5.333343333333E-02));
#430 = CARTESIAN_POINT('',(1.492651111651,-2.05840796738,
    5.333343333334E-02));
#431 = CARTESIAN_POINT('',(2.311122668334,-0.70053540989,
    5.333343333333E-02));
#432 = CARTESIAN_POINT('',(2.425797458804,0.887429511727,
    5.333343333333E-02));
#433 = CARTESIAN_POINT('',(1.03679477281,2.598315814106,
    5.333343333333E-02));
#434 = CARTESIAN_POINT('',(-1.17820724615,2.362312041725,
    5.333343333333E-02));
#435 = CARTESIAN_POINT('',(-2.244330628246,1.117989326017,
    5.333343333333E-02));
#436 = CARTESIAN_POINT('',(-2.628734026801,-0.489342193185,
    5.333343333333E-02));
#437 = CARTESIAN_POINT('',(-1.732879152682,-2.061457054395,
    5.333343333334E-02));
#438 = CARTESIAN_POINT('',(-0.120652700047,-2.555453263623,
    5.333343333333E-02));
#439 = CARTESIAN_POINT('',(1.113026247912,-2.322246967905,
    5.333343333333E-02));
#440 = CARTESIAN_POINT('',(2.099457893007,-1.515271424792,
    5.333343333333E-02));
#441 = CARTESIAN_POINT('',(2.581634824981,-0.335449738896,
    5.333343333333E-02));
#442 = CARTESIAN_POINT('',(2.445328396265,0.941501903889,
    5.333343333333E-02));
#443 = CARTESIAN_POINT('',(1.712715004813,2.003708041925,
    5.333343333333E-02));
#444 = CARTESIAN_POINT('',(0.557236343538,2.592987694998,
    5.333343333333E-02));
#445 = CARTESIAN_POINT('',(-0.746639952942,2.560736642119,
    5.333343333333E-02));
#446 = CARTESIAN_POINT('',(-1.883667668025,1.908419112477,
    5.333343333333E-02));
#447 = CARTESIAN_POINT('',(-2.576977168841,0.787629921327,
    5.333343333333E-02));
#448 = CARTESIAN_POINT('',(-2.653375271058,-0.53484432891,
    5.333343333333E-02));
#449 = CARTESIAN_POINT('',(-2.088356043384,-1.740599276067,
    5.333343333334E-02));
#450 = CARTESIAN_POINT('',(-1.011850541797,-2.535935501498,
    5.333343333333E-02));
#451 = CARTESIAN_POINT('',(0.320181479836,-2.724187979715,
    5.333343333333E-02));
#452 = CARTESIAN_POINT('',(1.587684177207,-2.253022073097,
    5.333343333333E-02));
#453 = CARTESIAN_POINT('',(2.482649377553,-1.230504906329,
    5.333343333333E-02));
#454 = CARTESIAN_POINT('',(2.784572358289,0.101899650498,
    5.333343333333E-02));
#455 = CARTESIAN_POINT('',(2.537333975244,0.982734613365,
    5.333343333334E-02));
#456 = CARTESIAN_POINT('',(2.315563944628,1.368312521634,
    5.333343333333E-02));
#457 = CARTESIAN_POINT('',(0.557518438625,0.33348113497,0.106666766667)
  );
#458 = CARTESIAN_POINT('',(0.456190870239,0.523261915051,0.106666766667)
  );
#459 = CARTESIAN_POINT('',(4.626223342588E-02,0.800439739013,
    0.106666766667));
#460 = CARTESIAN_POINT('',(-0.669952318441,0.498625432434,0.106666766667
    ));
#461 = CARTESIAN_POINT('',(-0.810759692324,-0.295414769674,
    0.106666766667));
#462 = CARTESIAN_POINT('',(-0.201225414913,-0.867444609374,
    0.106666766667));
#463 = CARTESIAN_POINT('',(0.64055151303,-0.661460548379,0.106666766667)
  );
#464 = CARTESIAN_POINT('',(0.936970915974,0.184687038666,0.106666766667)
  );
#465 = CARTESIAN_POINT('',(0.371531709201,0.918780015108,0.106666766667)
  );
#466 = CARTESIAN_POINT('',(-0.582308574764,0.843337373832,0.106666766667
    ));
#467 = CARTESIAN_POINT('',(-1.054191349268,-2.344878978702E-02,
    0.106666766667));
#468 = CARTESIAN_POINT('',(-0.571374846828,-0.918563187612,
    0.106666766667));
#469 = CARTESIAN_POINT('',(0.472184047614,-1.00535103879,0.106666766667)
  );
#470 = CARTESIAN_POINT('',(1.133253248685,-0.154750096197,0.106666766667
    ));
#471 = CARTESIAN_POINT('',(0.771925910238,0.892050470035,0.106666766667)
  );
#472 = CARTESIAN_POINT('',(-0.331518386816,1.16844871609,0.106666766667)
  );
#473 = CARTESIAN_POINT('',(-1.187864597826,0.374657495797,0.106666766667
    ));
#474 = CARTESIAN_POINT('',(-0.985679010972,-0.805944755861,
    0.106666766667));
#475 = CARTESIAN_POINT('',(0.141289591418,-1.293517950671,0.106666766667
    ));
#476 = CARTESIAN_POINT('',(1.190488995307,-0.599350781757,0.106666766667
    ));
#477 = CARTESIAN_POINT('',(1.182129122203,0.688801713291,0.106666766667)
  );
#478 = CARTESIAN_POINT('',(7.334642254428E-02,1.401924637321,
    0.106666766667));
#479 = CARTESIAN_POINT('',(-1.157254493393,0.850636516577,0.106666766667
    ));
#480 = CARTESIAN_POINT('',(-1.372698436813,-0.51099938332,0.106666766667
    ));
#481 = CARTESIAN_POINT('',(-0.327721614622,-1.45571118215,0.106666766667
    ));
#482 = CARTESIAN_POINT('',(1.063644091383,-1.089153907363,0.106666766667
    ));
#483 = CARTESIAN_POINT('',(1.526535530881,0.304982897079,0.106666766667)
  );
#484 = CARTESIAN_POINT('',(0.593230184619,1.478127180863,0.106666766667)
  );
#485 = CARTESIAN_POINT('',(-0.929288557896,1.334876235865,0.106666766667
    ));
#486 = CARTESIAN_POINT('',(-1.655486670613,-4.508592228343E-02,
    0.106666766667));
#487 = CARTESIAN_POINT('',(-0.882130192715,-1.433780067971,
    0.106666766667));
#488 = CARTESIAN_POINT('',(0.733534978876,-1.547302871485,0.106666766667
    ));
#489 = CARTESIAN_POINT('',(1.729904849457,-0.232374909357,0.106666766667
    ));
#490 = CARTESIAN_POINT('',(1.163247074793,1.349090169226,0.106666766667)
  );
#491 = CARTESIAN_POINT('',(-0.500103639426,1.746026851613,0.106666766667
    ));
#492 = CARTESIAN_POINT('',(-1.76360145209,0.549428773015,0.106666766667)
  );
#493 = CARTESIAN_POINT('',(-1.446889564425,-1.192341437896,
    0.106666766667));
#494 = CARTESIAN_POINT('',(0.212509327253,-1.890967025548,0.106666766667
    ));
#495 = CARTESIAN_POINT('',(1.729607372993,-0.866501503929,0.106666766667
    ));
#496 = CARTESIAN_POINT('',(1.700647607609,0.994015638095,0.106666766667)
  );
#497 = CARTESIAN_POINT('',(0.101436043894,2.002947710807,0.106666766667)
  );
#498 = CARTESIAN_POINT('',(-1.645050603136,1.202879565876,0.106666766667
    ));
#499 = CARTESIAN_POINT('',(-1.934377446431,-0.726705162343,
    0.106666766667));
#500 = CARTESIAN_POINT('',(-0.454361083515,-2.04391384395,0.106666766667
    ));
#501 = CARTESIAN_POINT('',(1.486824775949,-1.516881123153,0.106666766667
    ));
#502 = CARTESIAN_POINT('',(2.116030005761,0.425296837686,0.106666766667)
  );
#503 = CARTESIAN_POINT('',(0.815010372437,2.037464456433,0.106666766667)
  );
#504 = CARTESIAN_POINT('',(-1.276396299283,1.826420706276,0.106666766667
    ));
#505 = CARTESIAN_POINT('',(-2.256553690563,-6.672465349125E-02,
    0.106666766667));
#506 = CARTESIAN_POINT('',(-1.193316427687,-1.949015889258,
    0.106666766667));
#507 = CARTESIAN_POINT('',(0.99573400732,-2.089076435827,0.106666766667)
  );
#508 = CARTESIAN_POINT('',(2.326365693365,-0.310254590083,0.106666766667
    ));
#509 = CARTESIAN_POINT('',(1.554910543518,1.806392313045,0.106666766667)
  );
#510 = CARTESIAN_POINT('',(-0.668845430317,2.323741203083,0.106666766667
    ));
#511 = CARTESIAN_POINT('',(-2.339465673693,0.724301495834,0.106666766667
    ));
#512 = CARTESIAN_POINT('',(-1.908314776176,-1.578873429604,
    0.106666766667));
#513 = CARTESIAN_POINT('',(0.283790271891,-2.488631093822,0.106666766667
    ));
#514 = CARTESIAN_POINT('',(2.26884304382,-1.133736892192,0.106666766667)
  );
#515 = CARTESIAN_POINT('',(2.219475710163,1.299282697963,0.106666766667)
  );
#516 = CARTESIAN_POINT('',(0.129334286289,2.604279095855,0.106666766667)
  );
#517 = CARTESIAN_POINT('',(-2.132621570937,1.555090686153,0.106666766667
    ));
#518 = CARTESIAN_POINT('',(-2.497018658937,-0.942156168342,
    0.106666766667));
#519 = CARTESIAN_POINT('',(-0.579616507607,-2.632957542569,
    0.106666766667));
#520 = CARTESIAN_POINT('',(1.492651111651,-2.05840796738,0.106666766667)
  );
#521 = CARTESIAN_POINT('',(2.311122668334,-0.70053540989,0.106666766667)
  );
#522 = CARTESIAN_POINT('',(2.425797458804,0.887429511727,0.106666766667)
  );
#523 = CARTESIAN_POINT('',(1.03679477281,2.598315814106,0.106666766667)
  );
#524 = CARTESIAN_POINT('',(-1.17820724615,2.362312041725,0.106666766667)
  );
#525 = CARTESIAN_POINT('',(-2.244330628246,1.117989326017,0.106666766667
    ));
#526 = CARTESIAN_POINT('',(-2.628734026801,-0.489342193185,
    0.106666766667));
#527 = CARTESIAN_POINT('',(-1.732879152682,-2.061457054395,
    0.106666766667));
#528 = CARTESIAN_POINT('',(-0.120652700047,-2.555453263623,
    0.106666766667));
#529 = CARTESIAN_POINT('',(1.113026247912,-2.322246967905,0.106666766667
    ));
#530 = CARTESIAN_POINT('',(2.099457893007,-1.515271424792,0.106666766667
    ));
#531 = CARTESIAN_POINT('',(2.581634824981,-0.335449738896,0.106666766667
    ));
#532 = CARTESIAN_POINT('',(2.445328396265,0.941501903889,0.106666766667)
  );
#533 = CARTESIAN_POINT('',(1.712715004813,2.003708041925,0.106666766667)
  );
#534 = CARTESIAN_POINT('',(0.557236343538,2.592987694998,0.106666766667)
  );
#535 = CARTESIAN_POINT('',(-0.746639952942,2.560736642119,0.106666766667
    ));
#536 = CARTESIAN_POINT('',(-1.883667668025,1.908419112477,0.106666766667
    ));
#537 = CARTESIAN_POINT('',(-2.576977168841,0.787629921327,0.106666766667
    ));
#538 = CARTESIAN_POINT('',(-2.653375271058,-0.53484432891,0.106666766667
    ));
#539 = CARTESIAN_POINT('',(-2.088356043384,-1.740599276067,
    0.106666766667));
#540 = CARTESIAN_POINT('',(-1.011850541797,-2.535935501498,
    0.106666766667));
#541 = CARTESIAN_POINT('',(0.320181479836,-2.724187979715,0.106666766667
    ));
#542 = CARTESIAN_POINT('',(1.587684177207,-2.253022073097,0.106666766667
    ));
#543 = CARTESIAN_POINT('',(2.482649377553,-1.230504906329,0.106666766667
    ));
#544 = CARTESIAN_POINT('',(2.784572358289,0.101899650498,0.106666766667)
  );
#545 = CARTESIAN_POINT('',(2.537333975244,0.982734613365,0.106666766667)
  );
#546 = CARTESIAN_POINT('',(2.315563944628,1.368312521634,0.106666766667)
  );
#547 = CARTESIAN_POINT('',(0.557518438625,0.33348113497,0.1600001));
#548 = CARTESIAN_POINT('',(0.456190870239,0.523261915051,0.1600001));
#549 = CARTESIAN_POINT('',(4.626223342588E-02,0.800439739013,0.1600001)
  );
#550 = CARTESIAN_POINT('',(-0.669952318441,0.498625432434,0.1600001));
#551 = CARTESIAN_POINT('',(-0.810759692324,-0.295414769674,0.1600001));
#552 = CARTESIAN_POINT('',(-0.201225414913,-0.867444609374,0.1600001));
#553 = CARTESIAN_POINT('',(0.64055151303,-0.661460548379,0.1600001));
#554 = CARTESIAN_POINT('',(0.936970915974,0.184687038666,0.1600001));
#555 = CARTESIAN_POINT('',(0.371531709201,0.918780015108,0.1600001));
#556 = CARTESIAN_POINT('',(-0.582308574764,0.843337373832,0.1600001));
#557 = CARTESIAN_POINT('',(-1.054191349268,-2.344878978702E-02,0.1600001
    ));
#558 = CARTESIAN_POINT('',(-0.571374846828,-0.918563187612,0.1600001));
#559 = CARTESIAN_POINT('',(0.472184047614,-1.00535103879,0.1600001));
#560 = CARTESIAN_POINT('',(1.133253248685,-0.154750096197,0.1600001));
#561 = CARTESIAN_POINT('',(0.771925910238,0.892050470035,0.1600001));
#562 = CARTESIAN_POINT('',(-0.331518386816,1.16844871609,0.1600001));
#563 = CARTESIAN_POINT('',(-1.187864597826,0.374657495797,0.1600001));
#564 = CARTESIAN_POINT('',(-0.985679010972,-0.805944755861,0.1600001));
#565 = CARTESIAN_POINT('',(0.141289591418,-1.293517950671,0.1600001));
#566 = CARTESIAN_POINT('',(1.190488995307,-0.599350781757,0.1600001));
#567 = CARTESIAN_POINT('',(1.182129122203,0.688801713291,0.1600001));
#568 = CARTESIAN_POINT('',(7.334642254428E-02,1.401924637321,0.1600001)
  );
#569 = CARTESIAN_POINT('',(-1.157254493393,0.850636516577,0.1600001));
#570 = CARTESIAN_POINT('',(-1.372698436813,-0.51099938332,0.1600001));
#571 = CARTESIAN_POINT('',(-0.327721614622,-1.45571118215,0.1600001));
#572 = CARTESIAN_POINT('',(1.063644091383,-1.089153907363,0.1600001));
#573 = CARTESIAN_POINT('',(1.526535530881,0.304982897079,0.1600001));
#574 = CARTESIAN_POINT('',(0.593230184619,1.478127180863,0.1600001));
#575 = CARTESIAN_POINT('',(-0.929288557896,1.334876235865,0.1600001));
#576 = CARTESIAN_POINT('',(-1.655486670613,-4.508592228343E-02,0.1600001
    ));
#577 = CARTESIAN_POINT('',(-0.882130192715,-1.433780067971,0.1600001));
#578 = CARTESIAN_POINT('',(0.733534978876,-1.547302871485,0.1600001));
#579 = CARTESIAN_POINT('',(1.729904849457,-0.232374909357,0.1600001));
#580 = CARTESIAN_POINT('',(1.163247074793,1.349090169226,0.1600001));
#581 = CARTESIAN_POINT('',(-0.500103639426,1.746026851613,0.1600001));
#582 = CARTESIAN_POINT('',(-1.76360145209,0.549428773015,0.1600001));
#583 = CARTESIAN_POINT('',(-1.446889564425,-1.192341437896,0.1600001));
#584 = CARTESIAN_POINT('',(0.212509327253,-1.890967025548,0.1600001));
#585 = CARTESIAN_POINT('',(1.729607372993,-0.866501503929,0.1600001));
#586 = CARTESIAN_POINT('',(1.700647607609,0.994015638095,0.1600001));
#587 = CARTESIAN_POINT('',(0.101436043894,2.002947710807,0.1600001));
#588 = CARTESIAN_POINT('',(-1.645050603136,1.202879565876,0.1600001));
#589 = CARTESIAN_POINT('',(-1.934377446431,-0.726705162343,0.1600001));
#590 = CARTESIAN_POINT('',(-0.454361083515,-2.04391384395,0.1600001));
#591 = CARTESIAN_POINT('',(1.486824775949,-1.516881123153,0.1600001));
#592 = CARTESIAN_POINT('',(2.116030005761,0.425296837686,0.1600001));
#593 = CARTESIAN_POINT('',(0.815010372437,2.037464456433,0.1600001));
#594 = CARTESIAN_POINT('',(-1.276396299283,1.826420706276,0.1600001));
#595 = CARTESIAN_POINT('',(-2.256553690563,-6.672465349125E-02,0.1600001
    ));
#596 = CARTESIAN_POINT('',(-1.193316427687,-1.949015889258,0.1600001));
#597 = CARTESIAN_POINT('',(0.99573400732,-2.089076435827,0.1600001));
#598 = CARTESIAN_POINT('',(2.326365693365,-0.310254590083,0.1600001));
#599 = CARTESIAN_POINT('',(1.554910543518,1.806392313045,0.1600001));
#600 = CARTESIAN_POINT('',(-0.668845430317,2.323741203083,0.1600001));
#601 = CARTESIAN_POINT('',(-2.339465673693,0.724301495834,0.1600001));
#602 = CARTESIAN_POINT('',(-1.908314776176,-1.578873429604,0.1600001));
#603 = CARTESIAN_POINT('',(0.283790271891,-2.488631093822,0.1600001));
#604 = CARTESIAN_POINT('',(2.26884304382,-1.133736892192,0.1600001));
#605 = CARTESIAN_POINT('',(2.219475710163,1.299282697963,0.1600001));
#606 = CARTESIAN_POINT('',(0.129334286289,2.604279095855,0.1600001));
#607 = CARTESIAN_POINT('',(-2.132621570937,1.555090686153,0.1600001));
#608 = CARTESIAN_POINT('',(-2.497018658937,-0.942156168342,0.1600001));
#609 = CARTESIAN_POINT('',(-0.579616507607,-2.632957542569,0.1600001));
#610 = CARTESIAN_POINT('',(1.492651111651,-2.05840796738,0.1600001));
#611 = CARTESIAN_POINT('',(2.311122668334,-0.70053540989,0.1600001));
#612 = CARTESIAN_POINT('',(2.425797458804,0.887429511727,0.1600001));
#613 = CARTESIAN_POINT('',(1.03679477281,2.598315814106,0.1600001));
#614 = CARTESIAN_POINT('',(-1.17820724615,2.362312041725,0.1600001));
#615 = CARTESIAN_POINT('',(-2.244330628246,1.117989326017,0.1600001));
#616 = CARTESIAN_POINT('',(-2.628734026801,-0.489342193185,0.1600001));
#617 = CARTESIAN_POINT('',(-1.732879152682,-2.061457054395,0.1600001));
#618 = CARTESIAN_POINT('',(-0.120652700047,-2.555453263623,0.1600001));
#619 = CARTESIAN_POINT('',(1.113026247912,-2.322246967905,0.1600001));
#620 = CARTESIAN_POINT('',(2.099457893007,-1.515271424792,0.1600001));
#621 = CARTESIAN_POINT('',(2.581634824981,-0.335449738896,0.1600001));
#622 = CARTESIAN_POINT('',(2.445328396265,0.941501903889,0.1600001));
#623 = CARTESIAN_POINT('',(1.712715004813,2.003708041925,0.1600001));
#624 = CARTESIAN_POINT('',(0.557236343538,2.592987694998,0.1600001));
#625 = CARTESIAN_POINT('',(-0.746639952942,2.560736642119,0.1600001));
#626 = CARTESIAN_POINT('',(-1.883667668025,1.908419112477,0.1600001));
#627 = CARTESIAN_POINT('',(-2.576977168841,0.787629921327,0.1600001));
#628 = CARTESIAN_POINT('',(-2.653375271058,-0.53484432891,0.1600001));
#629 = CARTESIAN_POINT('',(-2.088356043384,-1.740599276067,0.1600001));
#630 = CARTESIAN_POINT('',(-1.011850541797,-2.535935501498,0.1600001));
#631 = CARTESIAN_POINT('',(0.320181479836,-2.724187979715,0.1600001));
#632 = CARTESIAN_POINT('',(1.587684177207,-2.253022073097,0.1600001));
#633 = CARTESIAN_POINT('',(2.482649377553,-1.230504906329,0.1600001));
#634 = CARTESIAN_POINT('',(2.784572358289,0.101899650498,0.1600001));
#635 = CARTESIAN_POINT('',(2.537333975244,0.982734613365,0.1600001));
#636 = CARTESIAN_POINT('',(2.315563944628,1.368312521634,0.1600001));
#637 = DEFINITIONAL_REPRESENTATION('',(#638),#641);
#638 = B_SPLINE_CURVE_WITH_KNOTS('',1,(#639,#640),.UNSPECIFIED.,.F.,.F.,
  (2,2),(0.,0.16),.PIECEWISE_BEZIER_KNOTS.);
#639 = CARTESIAN_POINT('',(1.6E-02,75.398223686155));
#640 = CARTESIAN_POINT('',(-2.775557561563E-18,75.398223686155));
#641 = ( GEOMETRIC_REPRESENTATION_CONTEXT(2) 
PARAMETRIC_REPRESENTATION_CONTEXT() REPRESENTATION_CONTEXT('2D SPACE',''
  ) );
#642 = ORIENTED_EDGE('',*,*,#643,.T.);
#643 = EDGE_CURVE('',#259,#90,#644,.T.);
#644 = SURFACE_CURVE('',#645,(#649,#656),.PCURVE_S1.);
#645 = LINE('',#646,#647);
#646 = CARTESIAN_POINT('',(2.315563944628,1.368312521634,0.1600001));
#647 = VECTOR('',#648,1.);
#648 = DIRECTION('',(-0.328658832602,0.94444871314,2.775557561563E-17));
#649 = PCURVE('',#132,#650);
#650 = DEFINITIONAL_REPRESENTATION('',(#651),#655);
#651 = LINE('',#652,#653);
#652 = CARTESIAN_POINT('',(0.16,-4.267419750903E-16));
#653 = VECTOR('',#654,1.);
#654 = DIRECTION('',(0.,1.));
#655 = ( GEOMETRIC_REPRESENTATION_CONTEXT(2) 
PARAMETRIC_REPRESENTATION_CONTEXT() REPRESENTATION_CONTEXT('2D SPACE',''
  ) );
#656 = PCURVE('',#106,#657);
#657 = DEFINITIONAL_REPRESENTATION('',(#658),#662);
#658 = LINE('',#659,#660);
#659 = CARTESIAN_POINT('',(8.049116928532E-15,2.02));
#660 = VECTOR('',#661,1.);
#661 = DIRECTION('',(-0.980632495719,0.195856856759));
#662 = ( GEOMETRIC_REPRESENTATION_CONTEXT(2) 
PARAMETRIC_REPRESENTATION_CONTEXT() REPRESENTATION_CONTEXT('2D SPACE',''
  ) );
#663 = ORIENTED_EDGE('',*,*,#118,.F.);
#664 = ORIENTED_EDGE('',*,*,#665,.F.);
#665 = EDGE_CURVE('',#261,#22,#666,.T.);
#666 = SURFACE_CURVE('',#667,(#671,#678),.PCURVE_S1.);
#667 = LINE('',#668,#669);
#668 = CARTESIAN_POINT('',(2.315563944628,1.368312521634,
    1.000000016127E-07));
#669 = VECTOR('',#670,1.);
#670 = DIRECTION('',(-0.328658832602,0.94444871314,2.775557561563E-17));
#671 = PCURVE('',#132,#672);
#672 = DEFINITIONAL_REPRESENTATION('',(#673),#677);
#673 = LINE('',#674,#675);
#674 = CARTESIAN_POINT('',(0.,-0.));
#675 = VECTOR('',#676,1.);
#676 = DIRECTION('',(0.,1.));
#677 = ( GEOMETRIC_REPRESENTATION_CONTEXT(2) 
PARAMETRIC_REPRESENTATION_CONTEXT() REPRESENTATION_CONTEXT('2D SPACE',''
  ) );
#678 = PCURVE('',#45,#679);
#679 = DEFINITIONAL_REPRESENTATION('',(#680),#684);
#680 = LINE('',#681,#682);
#681 = CARTESIAN_POINT('',(-8.021361352917E-15,2.04));
#682 = VECTOR('',#683,1.);
#683 = DIRECTION('',(0.980632495719,0.195856856759));
#684 = ( GEOMETRIC_REPRESENTATION_CONTEXT(2) 
PARAMETRIC_REPRESENTATION_CONTEXT() REPRESENTATION_CONTEXT('2D SPACE',''
  ) );
#685 = ADVANCED_FACE('',(#686),#170,.T.);
#686 = FACE_BOUND('',#687,.T.);
#687 = EDGE_LOOP('',(#688,#1073,#1094,#1095));
#688 = ORIENTED_EDGE('',*,*,#689,.F.);
#689 = EDGE_CURVE('',#690,#692,#694,.T.);
#690 = VERTEX_POINT('',#691);
#691 = CARTESIAN_POINT('',(2.332799684883,1.378457927385,
    1.000000011686E-07));
#692 = VERTEX_POINT('',#693);
#693 = CARTESIAN_POINT('',(2.332799684883,1.378457927385,0.1600001));
#694 = SURFACE_CURVE('',#695,(#699,#706),.PCURVE_S1.);
#695 = LINE('',#696,#697);
#696 = CARTESIAN_POINT('',(2.332799684883,1.378457927385,
    1.000000011686E-07));
#697 = VECTOR('',#698,1.);
#698 = DIRECTION('',(7.216449660064E-16,3.969771705331E-16,1.));
#699 = PCURVE('',#170,#700);
#700 = DEFINITIONAL_REPRESENTATION('',(#701),#705);
#701 = LINE('',#702,#703);
#702 = CARTESIAN_POINT('',(0.16,-4.544975507059E-16));
#703 = VECTOR('',#704,1.);
#704 = DIRECTION('',(-1.,1.110223024625E-16));
#705 = ( GEOMETRIC_REPRESENTATION_CONTEXT(2) 
PARAMETRIC_REPRESENTATION_CONTEXT() REPRESENTATION_CONTEXT('2D SPACE',''
  ) );
#706 = PCURVE('',#707,#1068);
#707 = B_SPLINE_SURFACE_WITH_KNOTS('',3,3,(
    (#708,#709,#710,#711,#712,#713,#714,#715,#716,#717,#718,#719,#720
      ,#721,#722,#723,#724,#725,#726,#727,#728,#729,#730,#731,#732,#733
      ,#734,#735,#736,#737,#738,#739,#740,#741,#742,#743,#744,#745,#746
      ,#747,#748,#749,#750,#751,#752,#753,#754,#755,#756,#757,#758,#759
      ,#760,#761,#762,#763,#764,#765,#766,#767,#768,#769,#770,#771,#772
      ,#773,#774,#775,#776,#777,#778,#779,#780,#781,#782,#783,#784,#785
      ,#786,#787,#788,#789,#790,#791,#792,#793,#794,#795,#796,#797)
    ,(#798,#799,#800,#801,#802,#803,#804,#805,#806,#807,#808,#809,#810
      ,#811,#812,#813,#814,#815,#816,#817,#818,#819,#820,#821,#822,#823
      ,#824,#825,#826,#827,#828,#829,#830,#831,#832,#833,#834,#835,#836
      ,#837,#838,#839,#840,#841,#842,#843,#844,#845,#846,#847,#848,#849
      ,#850,#851,#852,#853,#854,#855,#856,#857,#858,#859,#860,#861,#862
      ,#863,#864,#865,#866,#867,#868,#869,#870,#871,#872,#873,#874,#875
      ,#876,#877,#878,#879,#880,#881,#882,#883,#884,#885,#886,#887)
    ,(#888,#889,#890,#891,#892,#893,#894,#895,#896,#897,#898,#899,#900
      ,#901,#902,#903,#904,#905,#906,#907,#908,#909,#910,#911,#912,#913
      ,#914,#915,#916,#917,#918,#919,#920,#921,#922,#923,#924,#925,#926
      ,#927,#928,#929,#930,#931,#932,#933,#934,#935,#936,#937,#938,#939
      ,#940,#941,#942,#943,#944,#945,#946,#947,#948,#949,#950,#951,#952
      ,#953,#954,#955,#956,#957,#958,#959,#960,#961,#962,#963,#964,#965
      ,#966,#967,#968,#969,#970,#971,#972,#973,#974,#975,#976,#977)
    ,(#978,#979,#980,#981,#982,#983,#984,#985,#986,#987,#988,#989,#990
      ,#991,#992,#993,#994,#995,#996,#997,#998,#999,#1000,#1001,#1002
      ,#1003,#1004,#1005,#1006,#1007,#1008,#1009,#1010,#1011,#1012,#1013
      ,#1014,#1015,#1016,#1017,#1018,#1019,#1020,#1021,#1022,#1023,#1024
      ,#1025,#1026,#1027,#1028,#1029,#1030,#1031,#1032,#1033,#1034,#1035
      ,#1036,#1037,#1038,#1039,#1040,#1041,#1042,#1043,#1044,#1045,#1046
      ,#1047,#1048,#1049,#1050,#1051,#1052,#1053,#1054,#1055,#1056,#1057
      ,#1058,#1059,#1060,#1061,#1062,#1063,#1064,#1065,#1066,#1067
  )),.UNSPECIFIED.,.F.,.F.,.F.,(4,4),(4,1,1,1,1,1,1,1,1,1,1,1,1,1,1,1,1,
    1,1,1,1,1,1,1,1,1,1,1,1,1,1,1,1,1,1,1,1,1,1,1,1,1,1,1,1,1,1,1,1,1,1,
    1,1,1,1,1,1,1,1,1,1,1,1,1,1,1,1,1,1,1,1,1,1,1,1,1,1,1,1,1,1,1,1,1,1,
    1,1,4),(0.,1.6E-02),(0.,0.992081890607,1.984163781215,2.976245671822
    ,3.968327562429,4.960409453037,5.952491343644,6.944573234251,
    7.936655124858,8.928737015466,9.920818906073,10.91290079668,
    11.904982687288,12.897064577895,13.889146468502,14.881228359109,
    15.873310249717,16.865392140324,17.857474030931,18.849555921539,
    19.841637812146,20.833719702753,21.825801593361,22.817883483968,
    23.809965374575,24.802047265183,25.79412915579,26.786211046397,
    27.778292937005,28.770374827612,29.762456718219,30.754538608826,
    31.746620499434,32.738702390041,33.730784280648,34.722866171256,
    35.714948061863,36.70702995247,37.699111843078,38.691193733685,
    39.683275624292,40.675357514899,41.667439405507,42.659521296114,
    43.651603186721,44.643685077329,45.635766967936,46.627848858543,
    47.619930749151,48.612012639758,49.604094530365,50.596176420972,
    51.58825831158,52.580340202187,53.572422092794,54.564503983402,
    55.556585874009,56.548667764616,57.540749655224,58.532831545831,
    59.524913436438,60.516995327045,61.509077217653,62.005118162956,
    62.50115910826,63.493240998867,64.485322889475,64.981363834778,
    65.477404780082,66.469486670689,66.965527615993,67.461568561297,
    67.9576095066,68.453650451904,68.949691397208,69.445732342511,
    69.941773287815,70.437814233119,70.933855178422,71.429896123726,
    71.92593706903,72.421978014333,72.918018959637,73.41405990494,
    73.910100850244,74.406141795548,74.902182740851,75.398223686155),
  .UNSPECIFIED.);
#708 = CARTESIAN_POINT('',(0.57475417888,0.343626540721,0.1600001));
#709 = CARTESIAN_POINT('',(0.470071586055,0.539107076062,0.1600001));
#710 = CARTESIAN_POINT('',(4.739672065109E-02,0.824001562787,0.1600001)
  );
#711 = CARTESIAN_POINT('',(-0.689097664958,0.512442823841,0.1600001));
#712 = CARTESIAN_POINT('',(-0.832778104691,-0.30387588495,0.1600001));
#713 = CARTESIAN_POINT('',(-0.206195733201,-0.890510292135,0.1600001));
#714 = CARTESIAN_POINT('',(0.657148490889,-0.6782347345,0.1600001));
#715 = CARTESIAN_POINT('',(0.960088394831,0.18940552637,0.1600001));
#716 = CARTESIAN_POINT('',(0.38022719406,0.940714667236,0.1600001));
#717 = CARTESIAN_POINT('',(-0.595916386944,0.862613686935,0.1600001));
#718 = CARTESIAN_POINT('',(-1.077771158289,-2.429745297501E-02,0.1600001
    ));
#719 = CARTESIAN_POINT('',(-0.583561541112,-0.938767692177,0.1600001));
#720 = CARTESIAN_POINT('',(0.48243321498,-1.026604092219,0.1600001));
#721 = CARTESIAN_POINT('',(1.156651290523,-0.15779418436,0.1600001));
#722 = CARTESIAN_POINT('',(0.787271869153,0.909973583257,0.1600001));
#723 = CARTESIAN_POINT('',(-0.338129590643,1.191098844084,0.1600001));
#724 = CARTESIAN_POINT('',(-1.210442501811,0.381511267646,0.1600001));
#725 = CARTESIAN_POINT('',(-1.003765707079,-0.821097564589,0.1600001));
#726 = CARTESIAN_POINT('',(0.144082532498,-1.316947325951,0.1600001));
#727 = CARTESIAN_POINT('',(1.211630875438,-0.609827279388,0.1600001));
#728 = CARTESIAN_POINT('',(1.202463207941,0.700770885866,0.1600001));
#729 = CARTESIAN_POINT('',(7.444792285901E-02,1.425494168948,0.1600001)
  );
#730 = CARTESIAN_POINT('',(-1.176383651426,0.864449967721,0.1600001));
#731 = CARTESIAN_POINT('',(-1.39472525281,-0.519458431591,0.1600001));
#732 = CARTESIAN_POINT('',(-0.332687509511,-1.478777954886,0.1600001));
#733 = CARTESIAN_POINT('',(1.080238733479,-1.105927517064,0.1600001));
#734 = CARTESIAN_POINT('',(1.54965424297,0.309701080438,0.1600001));
#735 = CARTESIAN_POINT('',(0.601925017765,1.50006199292,0.1600001));
#736 = CARTESIAN_POINT('',(-0.942896026376,1.354152464485,0.1600001));
#737 = CARTESIAN_POINT('',(-1.679066658838,-4.593454241496E-02,0.1600001
    ));
#738 = CARTESIAN_POINT('',(-0.894316795068,-1.453984592205,0.1600001));
#739 = CARTESIAN_POINT('',(0.74378410387,-1.568555918785,0.1600001));
#740 = CARTESIAN_POINT('',(1.753302901129,-0.235418991026,0.1600001));
#741 = CARTESIAN_POINT('',(1.17859305045,1.367013260833,0.1600001));
#742 = CARTESIAN_POINT('',(-0.506714894815,1.768677024037,0.1600001));
#743 = CARTESIAN_POINT('',(-1.786179247478,0.556282457154,0.1600001));
#744 = CARTESIAN_POINT('',(-1.464976470094,-1.207494079265,0.1600001));
#745 = CARTESIAN_POINT('',(0.21530266845,-1.914396717074,0.1600001));
#746 = CARTESIAN_POINT('',(1.750748493876,-0.876977401532,0.1600001));
#747 = CARTESIAN_POINT('',(1.720983129543,1.005983675205,0.1600001));
#748 = CARTESIAN_POINT('',(0.102534825166,2.026519390169,0.1600001));
#749 = CARTESIAN_POINT('',(-1.664174615269,1.216688951481,0.1600001));
#750 = CARTESIAN_POINT('',(-1.956413998987,-0.735156517721,0.1600001));
#751 = CARTESIAN_POINT('',(-0.459308552143,-2.06699517303,0.1600001));
#752 = CARTESIAN_POINT('',(1.503384545333,-1.53362718777,0.1600001));
#753 = CARTESIAN_POINT('',(2.139214741619,0.429962909645,0.1600001));
#754 = CARTESIAN_POINT('',(0.823579978448,2.05949777979,0.1600001));
#755 = CARTESIAN_POINT('',(-1.289764411095,1.845511342243,0.1600001));
#756 = CARTESIAN_POINT('',(-2.280606234228,-6.722896822191E-02,0.1600001
    ));
#757 = CARTESIAN_POINT('',(-1.20446512708,-1.969807710602,0.1600001));
#758 = CARTESIAN_POINT('',(1.004821184619,-2.110491008339,0.1600001));
#759 = CARTESIAN_POINT('',(2.35035723397,-0.313182123976,0.1600001));
#760 = CARTESIAN_POINT('',(1.569946558597,1.824251002412,0.1600001));
#761 = CARTESIAN_POINT('',(-0.675291685259,2.34642886061,0.1600001));
#762 = CARTESIAN_POINT('',(-2.362133667499,0.731136761992,0.1600001));
#763 = CARTESIAN_POINT('',(-1.926356048933,-1.594017284485,0.1600001));
#764 = CARTESIAN_POINT('',(0.286558596578,-2.512067972738,0.1600001));
#765 = CARTESIAN_POINT('',(2.289999592832,-1.144211179403,0.1600001));
#766 = CARTESIAN_POINT('',(2.239805320555,1.311250966207,0.1600001));
#767 = CARTESIAN_POINT('',(0.130437882459,2.627852119116,0.1600001));
#768 = CARTESIAN_POINT('',(-2.151750970914,1.568903576161,0.1600001));
#769 = CARTESIAN_POINT('',(-2.519052661028,-0.950613277127,0.1600001));
#770 = CARTESIAN_POINT('',(-0.584571013029,-2.656031010447,0.1600001));
#771 = CARTESIAN_POINT('',(1.505633779674,-2.076224742843,0.1600001));
#772 = CARTESIAN_POINT('',(2.331008386662,-0.706570491529,0.1600001));
#773 = CARTESIAN_POINT('',(2.446498026981,0.895016188087,0.1600001));
#774 = CARTESIAN_POINT('',(1.045490530545,2.620263007938,0.1600001));
#775 = CARTESIAN_POINT('',(-1.188082607187,2.382014865074,0.1600001));
#776 = CARTESIAN_POINT('',(-2.26295592693,1.127227633021,0.1600001));
#777 = CARTESIAN_POINT('',(-2.650383375676,-0.49345582997,0.1600001));
#778 = CARTESIAN_POINT('',(-1.746996235125,-2.078382257262,0.1600001));
#779 = CARTESIAN_POINT('',(-0.121593388588,-2.576243335568,0.1600001));
#780 = CARTESIAN_POINT('',(1.122058050658,-2.341034036554,0.1600001));
#781 = CARTESIAN_POINT('',(2.11636200683,-1.527463129094,0.1600001));
#782 = CARTESIAN_POINT('',(2.602294026794,-0.338143110299,0.1600001));
#783 = CARTESIAN_POINT('',(2.464784726767,0.948975025264,0.1600001));
#784 = CARTESIAN_POINT('',(1.726266783998,2.019536302717,0.1600001));
#785 = CARTESIAN_POINT('',(0.561622922574,2.613360304425,0.1600001));
#786 = CARTESIAN_POINT('',(-0.752479465396,2.580740786298,0.1600001));
#787 = CARTESIAN_POINT('',(-1.898323339635,1.92323330203,0.1600001));
#788 = CARTESIAN_POINT('',(-2.596918107981,0.793683026388,0.1600001));
#789 = CARTESIAN_POINT('',(-2.673792979918,-0.539011209792,0.1600001));
#790 = CARTESIAN_POINT('',(-2.104330270266,-1.753982309211,0.1600001));
#791 = CARTESIAN_POINT('',(-1.019529488539,-2.555307604263,0.1600001));
#792 = CARTESIAN_POINT('',(0.322648051658,-2.744880974294,0.1600001));
#793 = CARTESIAN_POINT('',(1.599702144176,-2.270045975999,0.1600001));
#794 = CARTESIAN_POINT('',(2.501321376673,-1.239758406037,0.1600001));
#795 = CARTESIAN_POINT('',(2.805398409893,0.102650346715,0.1600001));
#796 = CARTESIAN_POINT('',(2.556247227719,0.990030141487,0.1600001));
#797 = CARTESIAN_POINT('',(2.332799684883,1.378457927385,0.1600001));
#798 = CARTESIAN_POINT('',(0.57475417888,0.343626540721,0.106666766667)
  );
#799 = CARTESIAN_POINT('',(0.470071586055,0.539107076062,0.106666766667)
  );
#800 = CARTESIAN_POINT('',(4.739672065109E-02,0.824001562787,
    0.106666766667));
#801 = CARTESIAN_POINT('',(-0.689097664958,0.512442823841,0.106666766667
    ));
#802 = CARTESIAN_POINT('',(-0.832778104691,-0.30387588495,0.106666766667
    ));
#803 = CARTESIAN_POINT('',(-0.206195733201,-0.890510292135,
    0.106666766667));
#804 = CARTESIAN_POINT('',(0.657148490889,-0.6782347345,0.106666766667)
  );
#805 = CARTESIAN_POINT('',(0.960088394831,0.18940552637,0.106666766667)
  );
#806 = CARTESIAN_POINT('',(0.38022719406,0.940714667236,0.106666766667)
  );
#807 = CARTESIAN_POINT('',(-0.595916386944,0.862613686935,0.106666766667
    ));
#808 = CARTESIAN_POINT('',(-1.077771158289,-2.429745297501E-02,
    0.106666766667));
#809 = CARTESIAN_POINT('',(-0.583561541112,-0.938767692177,
    0.106666766667));
#810 = CARTESIAN_POINT('',(0.48243321498,-1.026604092219,0.106666766667)
  );
#811 = CARTESIAN_POINT('',(1.156651290523,-0.15779418436,0.106666766667)
  );
#812 = CARTESIAN_POINT('',(0.787271869153,0.909973583257,0.106666766667)
  );
#813 = CARTESIAN_POINT('',(-0.338129590643,1.191098844084,0.106666766667
    ));
#814 = CARTESIAN_POINT('',(-1.210442501811,0.381511267646,0.106666766667
    ));
#815 = CARTESIAN_POINT('',(-1.003765707079,-0.821097564589,
    0.106666766667));
#816 = CARTESIAN_POINT('',(0.144082532498,-1.316947325951,0.106666766667
    ));
#817 = CARTESIAN_POINT('',(1.211630875438,-0.609827279388,0.106666766667
    ));
#818 = CARTESIAN_POINT('',(1.202463207941,0.700770885866,0.106666766667)
  );
#819 = CARTESIAN_POINT('',(7.444792285901E-02,1.425494168948,
    0.106666766667));
#820 = CARTESIAN_POINT('',(-1.176383651426,0.864449967721,0.106666766667
    ));
#821 = CARTESIAN_POINT('',(-1.39472525281,-0.519458431591,0.106666766667
    ));
#822 = CARTESIAN_POINT('',(-0.332687509511,-1.478777954886,
    0.106666766667));
#823 = CARTESIAN_POINT('',(1.080238733479,-1.105927517064,0.106666766667
    ));
#824 = CARTESIAN_POINT('',(1.54965424297,0.309701080438,0.106666766667)
  );
#825 = CARTESIAN_POINT('',(0.601925017765,1.50006199292,0.106666766667)
  );
#826 = CARTESIAN_POINT('',(-0.942896026376,1.354152464485,0.106666766667
    ));
#827 = CARTESIAN_POINT('',(-1.679066658838,-4.593454241496E-02,
    0.106666766667));
#828 = CARTESIAN_POINT('',(-0.894316795068,-1.453984592205,
    0.106666766667));
#829 = CARTESIAN_POINT('',(0.74378410387,-1.568555918785,0.106666766667)
  );
#830 = CARTESIAN_POINT('',(1.753302901129,-0.235418991026,0.106666766667
    ));
#831 = CARTESIAN_POINT('',(1.17859305045,1.367013260833,0.106666766667)
  );
#832 = CARTESIAN_POINT('',(-0.506714894815,1.768677024037,0.106666766667
    ));
#833 = CARTESIAN_POINT('',(-1.786179247478,0.556282457154,0.106666766667
    ));
#834 = CARTESIAN_POINT('',(-1.464976470094,-1.207494079265,
    0.106666766667));
#835 = CARTESIAN_POINT('',(0.21530266845,-1.914396717074,0.106666766667)
  );
#836 = CARTESIAN_POINT('',(1.750748493876,-0.876977401532,0.106666766667
    ));
#837 = CARTESIAN_POINT('',(1.720983129543,1.005983675205,0.106666766667)
  );
#838 = CARTESIAN_POINT('',(0.102534825166,2.026519390169,0.106666766667)
  );
#839 = CARTESIAN_POINT('',(-1.664174615269,1.216688951481,0.106666766667
    ));
#840 = CARTESIAN_POINT('',(-1.956413998987,-0.735156517721,
    0.106666766667));
#841 = CARTESIAN_POINT('',(-0.459308552143,-2.06699517303,0.106666766667
    ));
#842 = CARTESIAN_POINT('',(1.503384545333,-1.53362718777,0.106666766667)
  );
#843 = CARTESIAN_POINT('',(2.139214741619,0.429962909645,0.106666766667)
  );
#844 = CARTESIAN_POINT('',(0.823579978448,2.05949777979,0.106666766667)
  );
#845 = CARTESIAN_POINT('',(-1.289764411095,1.845511342243,0.106666766667
    ));
#846 = CARTESIAN_POINT('',(-2.280606234228,-6.722896822191E-02,
    0.106666766667));
#847 = CARTESIAN_POINT('',(-1.20446512708,-1.969807710602,0.106666766667
    ));
#848 = CARTESIAN_POINT('',(1.004821184619,-2.110491008339,0.106666766667
    ));
#849 = CARTESIAN_POINT('',(2.35035723397,-0.313182123976,0.106666766667)
  );
#850 = CARTESIAN_POINT('',(1.569946558597,1.824251002412,0.106666766667)
  );
#851 = CARTESIAN_POINT('',(-0.675291685259,2.34642886061,0.106666766667)
  );
#852 = CARTESIAN_POINT('',(-2.362133667499,0.731136761992,0.106666766667
    ));
#853 = CARTESIAN_POINT('',(-1.926356048933,-1.594017284485,
    0.106666766667));
#854 = CARTESIAN_POINT('',(0.286558596578,-2.512067972738,0.106666766667
    ));
#855 = CARTESIAN_POINT('',(2.289999592832,-1.144211179403,0.106666766667
    ));
#856 = CARTESIAN_POINT('',(2.239805320555,1.311250966207,0.106666766667)
  );
#857 = CARTESIAN_POINT('',(0.130437882459,2.627852119116,0.106666766667)
  );
#858 = CARTESIAN_POINT('',(-2.151750970914,1.568903576161,0.106666766667
    ));
#859 = CARTESIAN_POINT('',(-2.519052661028,-0.950613277127,
    0.106666766667));
#860 = CARTESIAN_POINT('',(-0.584571013029,-2.656031010447,
    0.106666766667));
#861 = CARTESIAN_POINT('',(1.505633779674,-2.076224742843,0.106666766667
    ));
#862 = CARTESIAN_POINT('',(2.331008386662,-0.706570491529,0.106666766667
    ));
#863 = CARTESIAN_POINT('',(2.446498026981,0.895016188087,0.106666766667)
  );
#864 = CARTESIAN_POINT('',(1.045490530545,2.620263007938,0.106666766667)
  );
#865 = CARTESIAN_POINT('',(-1.188082607187,2.382014865074,0.106666766667
    ));
#866 = CARTESIAN_POINT('',(-2.26295592693,1.127227633021,0.106666766667)
  );
#867 = CARTESIAN_POINT('',(-2.650383375676,-0.49345582997,0.106666766667
    ));
#868 = CARTESIAN_POINT('',(-1.746996235125,-2.078382257262,
    0.106666766667));
#869 = CARTESIAN_POINT('',(-0.121593388588,-2.576243335568,
    0.106666766667));
#870 = CARTESIAN_POINT('',(1.122058050658,-2.341034036554,0.106666766667
    ));
#871 = CARTESIAN_POINT('',(2.11636200683,-1.527463129094,0.106666766667)
  );
#872 = CARTESIAN_POINT('',(2.602294026794,-0.338143110299,0.106666766667
    ));
#873 = CARTESIAN_POINT('',(2.464784726767,0.948975025264,0.106666766667)
  );
#874 = CARTESIAN_POINT('',(1.726266783998,2.019536302717,0.106666766667)
  );
#875 = CARTESIAN_POINT('',(0.561622922574,2.613360304425,0.106666766667)
  );
#876 = CARTESIAN_POINT('',(-0.752479465396,2.580740786298,0.106666766667
    ));
#877 = CARTESIAN_POINT('',(-1.898323339635,1.92323330203,0.106666766667)
  );
#878 = CARTESIAN_POINT('',(-2.596918107981,0.793683026388,0.106666766667
    ));
#879 = CARTESIAN_POINT('',(-2.673792979918,-0.539011209792,
    0.106666766667));
#880 = CARTESIAN_POINT('',(-2.104330270266,-1.753982309211,
    0.106666766667));
#881 = CARTESIAN_POINT('',(-1.019529488539,-2.555307604263,
    0.106666766667));
#882 = CARTESIAN_POINT('',(0.322648051658,-2.744880974294,0.106666766667
    ));
#883 = CARTESIAN_POINT('',(1.599702144176,-2.270045975999,0.106666766667
    ));
#884 = CARTESIAN_POINT('',(2.501321376673,-1.239758406037,0.106666766667
    ));
#885 = CARTESIAN_POINT('',(2.805398409893,0.102650346715,0.106666766667)
  );
#886 = CARTESIAN_POINT('',(2.556247227719,0.990030141487,0.106666766667)
  );
#887 = CARTESIAN_POINT('',(2.332799684883,1.378457927385,0.106666766667)
  );
#888 = CARTESIAN_POINT('',(0.57475417888,0.343626540721,
    5.333343333333E-02));
#889 = CARTESIAN_POINT('',(0.470071586055,0.539107076062,
    5.333343333333E-02));
#890 = CARTESIAN_POINT('',(4.73967206511E-02,0.824001562787,
    5.333343333333E-02));
#891 = CARTESIAN_POINT('',(-0.689097664958,0.512442823841,
    5.333343333333E-02));
#892 = CARTESIAN_POINT('',(-0.832778104691,-0.30387588495,
    5.333343333333E-02));
#893 = CARTESIAN_POINT('',(-0.206195733201,-0.890510292135,
    5.333343333333E-02));
#894 = CARTESIAN_POINT('',(0.657148490889,-0.6782347345,
    5.333343333334E-02));
#895 = CARTESIAN_POINT('',(0.960088394831,0.18940552637,
    5.333343333333E-02));
#896 = CARTESIAN_POINT('',(0.38022719406,0.940714667236,
    5.333343333333E-02));
#897 = CARTESIAN_POINT('',(-0.595916386944,0.862613686935,
    5.333343333333E-02));
#898 = CARTESIAN_POINT('',(-1.077771158289,-2.429745297501E-02,
    5.333343333333E-02));
#899 = CARTESIAN_POINT('',(-0.583561541112,-0.938767692177,
    5.333343333333E-02));
#900 = CARTESIAN_POINT('',(0.48243321498,-1.026604092219,
    5.333343333333E-02));
#901 = CARTESIAN_POINT('',(1.156651290523,-0.15779418436,
    5.333343333334E-02));
#902 = CARTESIAN_POINT('',(0.787271869153,0.909973583257,
    5.333343333333E-02));
#903 = CARTESIAN_POINT('',(-0.338129590643,1.191098844084,
    5.333343333333E-02));
#904 = CARTESIAN_POINT('',(-1.210442501811,0.381511267646,
    5.333343333333E-02));
#905 = CARTESIAN_POINT('',(-1.003765707079,-0.821097564589,
    5.333343333333E-02));
#906 = CARTESIAN_POINT('',(0.144082532498,-1.316947325951,
    5.333343333333E-02));
#907 = CARTESIAN_POINT('',(1.211630875438,-0.609827279388,
    5.333343333333E-02));
#908 = CARTESIAN_POINT('',(1.202463207941,0.700770885866,
    5.333343333333E-02));
#909 = CARTESIAN_POINT('',(7.444792285901E-02,1.425494168948,
    5.333343333333E-02));
#910 = CARTESIAN_POINT('',(-1.176383651426,0.864449967721,
    5.333343333333E-02));
#911 = CARTESIAN_POINT('',(-1.39472525281,-0.519458431591,
    5.333343333333E-02));
#912 = CARTESIAN_POINT('',(-0.332687509511,-1.478777954886,
    5.333343333333E-02));
#913 = CARTESIAN_POINT('',(1.080238733479,-1.105927517064,
    5.333343333333E-02));
#914 = CARTESIAN_POINT('',(1.54965424297,0.309701080438,
    5.333343333333E-02));
#915 = CARTESIAN_POINT('',(0.601925017765,1.50006199292,
    5.333343333333E-02));
#916 = CARTESIAN_POINT('',(-0.942896026376,1.354152464485,
    5.333343333333E-02));
#917 = CARTESIAN_POINT('',(-1.679066658838,-4.593454241496E-02,
    5.333343333333E-02));
#918 = CARTESIAN_POINT('',(-0.894316795068,-1.453984592205,
    5.333343333333E-02));
#919 = CARTESIAN_POINT('',(0.74378410387,-1.568555918785,
    5.333343333333E-02));
#920 = CARTESIAN_POINT('',(1.753302901129,-0.235418991026,
    5.333343333333E-02));
#921 = CARTESIAN_POINT('',(1.17859305045,1.367013260833,
    5.333343333333E-02));
#922 = CARTESIAN_POINT('',(-0.506714894815,1.768677024037,
    5.333343333333E-02));
#923 = CARTESIAN_POINT('',(-1.786179247478,0.556282457154,
    5.333343333334E-02));
#924 = CARTESIAN_POINT('',(-1.464976470094,-1.207494079265,
    5.333343333333E-02));
#925 = CARTESIAN_POINT('',(0.21530266845,-1.914396717074,
    5.333343333333E-02));
#926 = CARTESIAN_POINT('',(1.750748493876,-0.876977401532,
    5.333343333333E-02));
#927 = CARTESIAN_POINT('',(1.720983129543,1.005983675205,
    5.333343333333E-02));
#928 = CARTESIAN_POINT('',(0.102534825166,2.026519390169,
    5.333343333333E-02));
#929 = CARTESIAN_POINT('',(-1.664174615269,1.216688951481,
    5.333343333333E-02));
#930 = CARTESIAN_POINT('',(-1.956413998987,-0.735156517721,
    5.333343333333E-02));
#931 = CARTESIAN_POINT('',(-0.459308552143,-2.06699517303,
    5.333343333333E-02));
#932 = CARTESIAN_POINT('',(1.503384545333,-1.53362718777,
    5.333343333333E-02));
#933 = CARTESIAN_POINT('',(2.139214741619,0.429962909645,
    5.333343333333E-02));
#934 = CARTESIAN_POINT('',(0.823579978448,2.05949777979,
    5.333343333334E-02));
#935 = CARTESIAN_POINT('',(-1.289764411095,1.845511342243,
    5.333343333333E-02));
#936 = CARTESIAN_POINT('',(-2.280606234228,-6.722896822191E-02,
    5.333343333333E-02));
#937 = CARTESIAN_POINT('',(-1.20446512708,-1.969807710602,
    5.333343333333E-02));
#938 = CARTESIAN_POINT('',(1.004821184619,-2.110491008339,
    5.333343333333E-02));
#939 = CARTESIAN_POINT('',(2.35035723397,-0.313182123976,
    5.333343333333E-02));
#940 = CARTESIAN_POINT('',(1.569946558597,1.824251002412,
    5.333343333333E-02));
#941 = CARTESIAN_POINT('',(-0.675291685259,2.34642886061,
    5.333343333333E-02));
#942 = CARTESIAN_POINT('',(-2.362133667499,0.731136761992,
    5.333343333333E-02));
#943 = CARTESIAN_POINT('',(-1.926356048933,-1.594017284485,
    5.333343333333E-02));
#944 = CARTESIAN_POINT('',(0.286558596578,-2.512067972738,
    5.333343333333E-02));
#945 = CARTESIAN_POINT('',(2.289999592832,-1.144211179403,
    5.333343333334E-02));
#946 = CARTESIAN_POINT('',(2.239805320555,1.311250966207,
    5.333343333333E-02));
#947 = CARTESIAN_POINT('',(0.130437882459,2.627852119116,
    5.333343333333E-02));
#948 = CARTESIAN_POINT('',(-2.151750970914,1.568903576161,
    5.333343333333E-02));
#949 = CARTESIAN_POINT('',(-2.519052661028,-0.950613277127,
    5.333343333333E-02));
#950 = CARTESIAN_POINT('',(-0.584571013029,-2.656031010447,
    5.333343333333E-02));
#951 = CARTESIAN_POINT('',(1.505633779674,-2.076224742843,
    5.333343333333E-02));
#952 = CARTESIAN_POINT('',(2.331008386662,-0.706570491529,
    5.333343333333E-02));
#953 = CARTESIAN_POINT('',(2.446498026981,0.895016188087,
    5.333343333334E-02));
#954 = CARTESIAN_POINT('',(1.045490530545,2.620263007938,
    5.333343333333E-02));
#955 = CARTESIAN_POINT('',(-1.188082607187,2.382014865074,
    5.333343333333E-02));
#956 = CARTESIAN_POINT('',(-2.26295592693,1.127227633021,
    5.333343333334E-02));
#957 = CARTESIAN_POINT('',(-2.650383375676,-0.49345582997,
    5.333343333334E-02));
#958 = CARTESIAN_POINT('',(-1.746996235125,-2.078382257262,
    5.333343333333E-02));
#959 = CARTESIAN_POINT('',(-0.121593388588,-2.576243335568,
    5.333343333333E-02));
#960 = CARTESIAN_POINT('',(1.122058050658,-2.341034036554,
    5.333343333333E-02));
#961 = CARTESIAN_POINT('',(2.11636200683,-1.527463129094,
    5.333343333333E-02));
#962 = CARTESIAN_POINT('',(2.602294026794,-0.338143110299,
    5.333343333333E-02));
#963 = CARTESIAN_POINT('',(2.464784726767,0.948975025264,
    5.333343333333E-02));
#964 = CARTESIAN_POINT('',(1.726266783998,2.019536302717,
    5.333343333333E-02));
#965 = CARTESIAN_POINT('',(0.561622922574,2.613360304425,
    5.333343333333E-02));
#966 = CARTESIAN_POINT('',(-0.752479465396,2.580740786298,
    5.333343333333E-02));
#967 = CARTESIAN_POINT('',(-1.898323339635,1.92323330203,
    5.333343333333E-02));
#968 = CARTESIAN_POINT('',(-2.596918107981,0.793683026388,
    5.333343333333E-02));
#969 = CARTESIAN_POINT('',(-2.673792979918,-0.539011209792,
    5.333343333333E-02));
#970 = CARTESIAN_POINT('',(-2.104330270266,-1.753982309211,
    5.333343333333E-02));
#971 = CARTESIAN_POINT('',(-1.019529488539,-2.555307604263,
    5.333343333333E-02));
#972 = CARTESIAN_POINT('',(0.322648051658,-2.744880974294,
    5.333343333334E-02));
#973 = CARTESIAN_POINT('',(1.599702144176,-2.270045975999,
    5.333343333333E-02));
#974 = CARTESIAN_POINT('',(2.501321376673,-1.239758406037,
    5.333343333333E-02));
#975 = CARTESIAN_POINT('',(2.805398409893,0.102650346715,
    5.333343333333E-02));
#976 = CARTESIAN_POINT('',(2.556247227719,0.990030141487,
    5.333343333334E-02));
#977 = CARTESIAN_POINT('',(2.332799684883,1.378457927385,
    5.333343333334E-02));
#978 = CARTESIAN_POINT('',(0.57475417888,0.343626540721,
    1.000000011686E-07));
#979 = CARTESIAN_POINT('',(0.470071586055,0.539107076062,
    1.000000016127E-07));
#980 = CARTESIAN_POINT('',(4.739672065109E-02,0.824001562787,
    1.000000007245E-07));
#981 = CARTESIAN_POINT('',(-0.689097664958,0.512442823841,
    1.000000011686E-07));
#982 = CARTESIAN_POINT('',(-0.832778104691,-0.30387588495,
    1.000000007245E-07));
#983 = CARTESIAN_POINT('',(-0.206195733201,-0.890510292135,
    1.000000016127E-07));
#984 = CARTESIAN_POINT('',(0.657148490889,-0.6782347345,
    1.000000011686E-07));
#985 = CARTESIAN_POINT('',(0.960088394831,0.18940552637,
    1.000000011686E-07));
#986 = CARTESIAN_POINT('',(0.38022719406,0.940714667236,
    1.000000016127E-07));
#987 = CARTESIAN_POINT('',(-0.595916386944,0.862613686935,
    1.000000011686E-07));
#988 = CARTESIAN_POINT('',(-1.077771158289,-2.429745297501E-02,
    1.000000011686E-07));
#989 = CARTESIAN_POINT('',(-0.583561541112,-0.938767692177,
    1.000000016127E-07));
#990 = CARTESIAN_POINT('',(0.48243321498,-1.026604092219,
    1.000000011686E-07));
#991 = CARTESIAN_POINT('',(1.156651290523,-0.15779418436,
    1.000000011686E-07));
#992 = CARTESIAN_POINT('',(0.787271869153,0.909973583257,
    1.000000016127E-07));
#993 = CARTESIAN_POINT('',(-0.338129590643,1.191098844084,
    1.000000011686E-07));
#994 = CARTESIAN_POINT('',(-1.210442501811,0.381511267646,
    1.000000011686E-07));
#995 = CARTESIAN_POINT('',(-1.003765707079,-0.821097564589,
    1.000000016127E-07));
#996 = CARTESIAN_POINT('',(0.144082532498,-1.316947325951,
    1.000000011686E-07));
#997 = CARTESIAN_POINT('',(1.211630875438,-0.609827279388,
    1.000000007245E-07));
#998 = CARTESIAN_POINT('',(1.202463207941,0.700770885866,
    1.000000011686E-07));
#999 = CARTESIAN_POINT('',(7.444792285901E-02,1.425494168948,
    1.000000011686E-07));
#1000 = CARTESIAN_POINT('',(-1.176383651426,0.864449967721,
    1.000000011686E-07));
#1001 = CARTESIAN_POINT('',(-1.39472525281,-0.519458431591,
    1.000000011686E-07));
#1002 = CARTESIAN_POINT('',(-0.332687509511,-1.478777954886,
    1.000000016127E-07));
#1003 = CARTESIAN_POINT('',(1.080238733479,-1.105927517064,
    1.000000007245E-07));
#1004 = CARTESIAN_POINT('',(1.54965424297,0.309701080438,
    1.000000016127E-07));
#1005 = CARTESIAN_POINT('',(0.601925017765,1.50006199292,
    1.000000016127E-07));
#1006 = CARTESIAN_POINT('',(-0.942896026376,1.354152464485,
    1.000000002804E-07));
#1007 = CARTESIAN_POINT('',(-1.679066658838,-4.593454241496E-02,
    1.000000011686E-07));
#1008 = CARTESIAN_POINT('',(-0.894316795068,-1.453984592205,
    1.000000020568E-07));
#1009 = CARTESIAN_POINT('',(0.74378410387,-1.568555918785,
    1.000000007245E-07));
#1010 = CARTESIAN_POINT('',(1.753302901129,-0.235418991026,
    1.000000007245E-07));
#1011 = CARTESIAN_POINT('',(1.17859305045,1.367013260833,
    1.000000011686E-07));
#1012 = CARTESIAN_POINT('',(-0.506714894815,1.768677024037,
    1.000000011686E-07));
#1013 = CARTESIAN_POINT('',(-1.786179247478,0.556282457154,
    1.000000007245E-07));
#1014 = CARTESIAN_POINT('',(-1.464976470094,-1.207494079265,
    1.000000007245E-07));
#1015 = CARTESIAN_POINT('',(0.21530266845,-1.914396717074,
    1.000000011686E-07));
#1016 = CARTESIAN_POINT('',(1.750748493876,-0.876977401532,
    1.000000016127E-07));
#1017 = CARTESIAN_POINT('',(1.720983129543,1.005983675205,
    1.000000016127E-07));
#1018 = CARTESIAN_POINT('',(0.102534825166,2.026519390169,
    1.000000016127E-07));
#1019 = CARTESIAN_POINT('',(-1.664174615269,1.216688951481,
    1.000000002804E-07));
#1020 = CARTESIAN_POINT('',(-1.956413998987,-0.735156517721,
    1.000000007245E-07));
#1021 = CARTESIAN_POINT('',(-0.459308552143,-2.06699517303,
    1.000000002804E-07));
#1022 = CARTESIAN_POINT('',(1.503384545333,-1.53362718777,
    1.000000016127E-07));
#1023 = CARTESIAN_POINT('',(2.139214741619,0.429962909645,
    1.000000016127E-07));
#1024 = CARTESIAN_POINT('',(0.823579978448,2.05949777979,
    1.000000011686E-07));
#1025 = CARTESIAN_POINT('',(-1.289764411095,1.845511342243,
    1.000000007245E-07));
#1026 = CARTESIAN_POINT('',(-2.280606234228,-6.722896822191E-02,
    1.000000016127E-07));
#1027 = CARTESIAN_POINT('',(-1.20446512708,-1.969807710602,
    1.000000011686E-07));
#1028 = CARTESIAN_POINT('',(1.004821184619,-2.110491008339,
    1.000000011686E-07));
#1029 = CARTESIAN_POINT('',(2.35035723397,-0.313182123976,
    1.000000011686E-07));
#1030 = CARTESIAN_POINT('',(1.569946558597,1.824251002412,
    1.000000016127E-07));
#1031 = CARTESIAN_POINT('',(-0.675291685259,2.34642886061,
    1.000000011686E-07));
#1032 = CARTESIAN_POINT('',(-2.362133667499,0.731136761992,
    1.000000011686E-07));
#1033 = CARTESIAN_POINT('',(-1.926356048933,-1.594017284485,
    1.000000007245E-07));
#1034 = CARTESIAN_POINT('',(0.286558596578,-2.512067972738,
    1.000000016127E-07));
#1035 = CARTESIAN_POINT('',(2.289999592832,-1.144211179403,
    1.000000011686E-07));
#1036 = CARTESIAN_POINT('',(2.239805320555,1.311250966207,
    1.000000011686E-07));
#1037 = CARTESIAN_POINT('',(0.130437882459,2.627852119116,
    1.000000011686E-07));
#1038 = CARTESIAN_POINT('',(-2.151750970914,1.568903576161,
    1.000000007245E-07));
#1039 = CARTESIAN_POINT('',(-2.519052661028,-0.950613277127,
    1.000000007245E-07));
#1040 = CARTESIAN_POINT('',(-0.584571013029,-2.656031010447,
    1.000000007245E-07));
#1041 = CARTESIAN_POINT('',(1.505633779674,-2.076224742843,
    1.000000007245E-07));
#1042 = CARTESIAN_POINT('',(2.331008386662,-0.706570491529,
    1.000000016127E-07));
#1043 = CARTESIAN_POINT('',(2.446498026981,0.895016188087,
    1.000000011686E-07));
#1044 = CARTESIAN_POINT('',(1.045490530545,2.620263007938,
    1.000000016127E-07));
#1045 = CARTESIAN_POINT('',(-1.188082607187,2.382014865074,
    1.000000011686E-07));
#1046 = CARTESIAN_POINT('',(-2.26295592693,1.127227633021,
    1.000000007245E-07));
#1047 = CARTESIAN_POINT('',(-2.650383375676,-0.49345582997,
    1.000000007245E-07));
#1048 = CARTESIAN_POINT('',(-1.746996235125,-2.078382257262,
    1.000000016127E-07));
#1049 = CARTESIAN_POINT('',(-0.121593388588,-2.576243335568,
    1.000000016127E-07));
#1050 = CARTESIAN_POINT('',(1.122058050658,-2.341034036554,
    1.000000020568E-07));
#1051 = CARTESIAN_POINT('',(2.11636200683,-1.527463129094,
    1.000000016127E-07));
#1052 = CARTESIAN_POINT('',(2.602294026794,-0.338143110299,
    1.000000011686E-07));
#1053 = CARTESIAN_POINT('',(2.464784726767,0.948975025264,
    1.000000020568E-07));
#1054 = CARTESIAN_POINT('',(1.726266783998,2.019536302717,
    1.000000007245E-07));
#1055 = CARTESIAN_POINT('',(0.561622922574,2.613360304425,
    1.000000007245E-07));
#1056 = CARTESIAN_POINT('',(-0.752479465396,2.580740786298,
    1.000000016127E-07));
#1057 = CARTESIAN_POINT('',(-1.898323339635,1.92323330203,
    1.000000020568E-07));
#1058 = CARTESIAN_POINT('',(-2.596918107981,0.793683026388,
    1.000000011686E-07));
#1059 = CARTESIAN_POINT('',(-2.673792979918,-0.539011209792,
    1.000000007245E-07));
#1060 = CARTESIAN_POINT('',(-2.104330270266,-1.753982309211,
    1.000000016127E-07));
#1061 = CARTESIAN_POINT('',(-1.019529488539,-2.555307604263,
    1.000000011686E-07));
#1062 = CARTESIAN_POINT('',(0.322648051658,-2.744880974294,
    1.000000011686E-07));
#1063 = CARTESIAN_POINT('',(1.599702144176,-2.270045975999,
    1.000000011686E-07));
#1064 = CARTESIAN_POINT('',(2.501321376673,-1.239758406037,
    1.000000011686E-07));
#1065 = CARTESIAN_POINT('',(2.805398409893,0.102650346715,
    1.000000011686E-07));
#1066 = CARTESIAN_POINT('',(2.556247227719,0.990030141487,
    1.000000007245E-07));
#1067 = CARTESIAN_POINT('',(2.332799684883,1.378457927385,
    1.000000002804E-07));
#1068 = DEFINITIONAL_REPRESENTATION('',(#1069),#1072);
#1069 = B_SPLINE_CURVE_WITH_KNOTS('',1,(#1070,#1071),.UNSPECIFIED.,.F.,
  .F.,(2,2),(0.,0.16),.PIECEWISE_BEZIER_KNOTS.);
#1070 = CARTESIAN_POINT('',(1.6E-02,75.398223686155));
#1071 = CARTESIAN_POINT('',(-2.168404344971E-19,75.398223686155));
#1072 = ( GEOMETRIC_REPRESENTATION_CONTEXT(2) 
PARAMETRIC_REPRESENTATION_CONTEXT() REPRESENTATION_CONTEXT('2D SPACE',''
  ) );
#1073 = ORIENTED_EDGE('',*,*,#1074,.T.);
#1074 = EDGE_CURVE('',#690,#150,#1075,.T.);
#1075 = SURFACE_CURVE('',#1076,(#1080,#1087),.PCURVE_S1.);
#1076 = LINE('',#1077,#1078);
#1077 = CARTESIAN_POINT('',(2.332799684883,1.378457927385,
    1.000000011686E-07));
#1078 = VECTOR('',#1079,1.);
#1079 = DIRECTION('',(-0.328658832602,0.94444871314,2.775557561563E-17)
  );
#1080 = PCURVE('',#170,#1081);
#1081 = DEFINITIONAL_REPRESENTATION('',(#1082),#1086);
#1082 = LINE('',#1083,#1084);
#1083 = CARTESIAN_POINT('',(0.16,-4.544975507059E-16));
#1084 = VECTOR('',#1085,1.);
#1085 = DIRECTION('',(0.,1.));
#1086 = ( GEOMETRIC_REPRESENTATION_CONTEXT(2) 
PARAMETRIC_REPRESENTATION_CONTEXT() REPRESENTATION_CONTEXT('2D SPACE',''
  ) );
#1087 = PCURVE('',#45,#1088);
#1088 = DEFINITIONAL_REPRESENTATION('',(#1089),#1093);
#1089 = LINE('',#1090,#1091);
#1090 = CARTESIAN_POINT('',(-8.326672684689E-15,2.06));
#1091 = VECTOR('',#1092,1.);
#1092 = DIRECTION('',(0.980632495719,0.195856856759));
#1093 = ( GEOMETRIC_REPRESENTATION_CONTEXT(2) 
PARAMETRIC_REPRESENTATION_CONTEXT() REPRESENTATION_CONTEXT('2D SPACE',''
  ) );
#1094 = ORIENTED_EDGE('',*,*,#147,.F.);
#1095 = ORIENTED_EDGE('',*,*,#1096,.F.);
#1096 = EDGE_CURVE('',#692,#148,#1097,.T.);
#1097 = SURFACE_CURVE('',#1098,(#1102,#1109),.PCURVE_S1.);
#1098 = LINE('',#1099,#1100);
#1099 = CARTESIAN_POINT('',(2.332799684883,1.378457927385,0.1600001));
#1100 = VECTOR('',#1101,1.);
#1101 = DIRECTION('',(-0.328658832602,0.94444871314,2.775557561563E-17)
  );
#1102 = PCURVE('',#170,#1103);
#1103 = DEFINITIONAL_REPRESENTATION('',(#1104),#1108);
#1104 = LINE('',#1105,#1106);
#1105 = CARTESIAN_POINT('',(0.,-0.));
#1106 = VECTOR('',#1107,1.);
#1107 = DIRECTION('',(0.,1.));
#1108 = ( GEOMETRIC_REPRESENTATION_CONTEXT(2) 
PARAMETRIC_REPRESENTATION_CONTEXT() REPRESENTATION_CONTEXT('2D SPACE',''
  ) );
#1109 = PCURVE('',#106,#1110);
#1110 = DEFINITIONAL_REPRESENTATION('',(#1111),#1115);
#1111 = LINE('',#1112,#1113);
#1112 = CARTESIAN_POINT('',(7.022160630754E-15,2.04));
#1113 = VECTOR('',#1114,1.);
#1114 = DIRECTION('',(-0.980632495719,0.195856856759));
#1115 = ( GEOMETRIC_REPRESENTATION_CONTEXT(2) 
PARAMETRIC_REPRESENTATION_CONTEXT() REPRESENTATION_CONTEXT('2D SPACE',''
  ) );
#1116 = ADVANCED_FACE('',(#1117),#77,.T.);
#1117 = FACE_BOUND('',#1118,.T.);
#1118 = EDGE_LOOP('',(#1119,#1120,#1141,#1142));
#1119 = ORIENTED_EDGE('',*,*,#210,.T.);
#1120 = ORIENTED_EDGE('',*,*,#1121,.T.);
#1121 = EDGE_CURVE('',#183,#24,#1122,.T.);
#1122 = SURFACE_CURVE('',#1123,(#1127,#1134),.PCURVE_S1.);
#1123 = LINE('',#1124,#1125);
#1124 = CARTESIAN_POINT('',(-2.60583631779,1.432301744979,
    1.000000011686E-07));
#1125 = VECTOR('',#1126,1.);
#1126 = DIRECTION('',(0.70506485539,-0.709142827429,0.));
#1127 = PCURVE('',#77,#1128);
#1128 = DEFINITIONAL_REPRESENTATION('',(#1129),#1133);
#1129 = LINE('',#1130,#1131);
#1130 = CARTESIAN_POINT('',(0.14627939247,-0.16));
#1131 = VECTOR('',#1132,1.);
#1132 = DIRECTION('',(1.,5.551115123126E-17));
#1133 = ( GEOMETRIC_REPRESENTATION_CONTEXT(2) 
PARAMETRIC_REPRESENTATION_CONTEXT() REPRESENTATION_CONTEXT('2D SPACE',''
  ) );
#1134 = PCURVE('',#45,#1135);
#1135 = DEFINITIONAL_REPRESENTATION('',(#1136),#1140);
#1136 = LINE('',#1137,#1138);
#1137 = CARTESIAN_POINT('',(2.55162520805,-2.168738998949));
#1138 = VECTOR('',#1139,1.);
#1139 = DIRECTION('',(-0.968788530817,0.247888649514));
#1140 = ( GEOMETRIC_REPRESENTATION_CONTEXT(2) 
PARAMETRIC_REPRESENTATION_CONTEXT() REPRESENTATION_CONTEXT('2D SPACE',''
  ) );
#1141 = ORIENTED_EDGE('',*,*,#61,.T.);
#1142 = ORIENTED_EDGE('',*,*,#1143,.T.);
#1143 = EDGE_CURVE('',#62,#211,#1144,.T.);
#1144 = SURFACE_CURVE('',#1145,(#1149,#1156),.PCURVE_S1.);
#1145 = LINE('',#1146,#1147);
#1146 = CARTESIAN_POINT('',(-2.598806004234,1.425230769317,0.1600001));
#1147 = VECTOR('',#1148,1.);
#1148 = DIRECTION('',(-0.70506485539,0.709142827429,0.));
#1149 = PCURVE('',#77,#1150);
#1150 = DEFINITIONAL_REPRESENTATION('',(#1151),#1155);
#1151 = LINE('',#1152,#1153);
#1152 = CARTESIAN_POINT('',(0.156250551154,2.428612866368E-16));
#1153 = VECTOR('',#1154,1.);
#1154 = DIRECTION('',(-1.,-5.551115123126E-17));
#1155 = ( GEOMETRIC_REPRESENTATION_CONTEXT(2) 
PARAMETRIC_REPRESENTATION_CONTEXT() REPRESENTATION_CONTEXT('2D SPACE',''
  ) );
#1156 = PCURVE('',#106,#1157);
#1157 = DEFINITIONAL_REPRESENTATION('',(#1158),#1162);
#1158 = LINE('',#1159,#1160);
#1159 = CARTESIAN_POINT('',(-2.541965263878,-2.186267261889));
#1160 = VECTOR('',#1161,1.);
#1161 = DIRECTION('',(-0.968788530817,-0.247888649514));
#1162 = ( GEOMETRIC_REPRESENTATION_CONTEXT(2) 
PARAMETRIC_REPRESENTATION_CONTEXT() REPRESENTATION_CONTEXT('2D SPACE',''
  ) );
#1163 = ADVANCED_FACE('',(#1164),#707,.T.);
#1164 = FACE_BOUND('',#1165,.T.);
#1165 = EDGE_LOOP('',(#1166,#1167,#1364,#1391));
#1166 = ORIENTED_EDGE('',*,*,#689,.T.);
#1167 = ORIENTED_EDGE('',*,*,#1168,.F.);
#1168 = EDGE_CURVE('',#1169,#692,#1171,.T.);
#1169 = VERTEX_POINT('',#1170);
#1170 = CARTESIAN_POINT('',(0.57475417888,0.343626540721,0.1600001));
#1171 = SURFACE_CURVE('',#1172,(#1263,#1270),.PCURVE_S1.);
#1172 = B_SPLINE_CURVE_WITH_KNOTS('',3,(#1173,#1174,#1175,#1176,#1177,
    #1178,#1179,#1180,#1181,#1182,#1183,#1184,#1185,#1186,#1187,#1188,
    #1189,#1190,#1191,#1192,#1193,#1194,#1195,#1196,#1197,#1198,#1199,
    #1200,#1201,#1202,#1203,#1204,#1205,#1206,#1207,#1208,#1209,#1210,
    #1211,#1212,#1213,#1214,#1215,#1216,#1217,#1218,#1219,#1220,#1221,
    #1222,#1223,#1224,#1225,#1226,#1227,#1228,#1229,#1230,#1231,#1232,
    #1233,#1234,#1235,#1236,#1237,#1238,#1239,#1240,#1241,#1242,#1243,
    #1244,#1245,#1246,#1247,#1248,#1249,#1250,#1251,#1252,#1253,#1254,
    #1255,#1256,#1257,#1258,#1259,#1260,#1261,#1262),.UNSPECIFIED.,.F.,
  .F.,(4,1,1,1,1,1,1,1,1,1,1,1,1,1,1,1,1,1,1,1,1,1,1,1,1,1,1,1,1,1,1,1,1
    ,1,1,1,1,1,1,1,1,1,1,1,1,1,1,1,1,1,1,1,1,1,1,1,1,1,1,1,1,1,1,1,1,1,1
    ,1,1,1,1,1,1,1,1,1,1,1,1,1,1,1,1,1,1,1,1,4),(0.,0.992081890607,
    1.984163781215,2.976245671822,3.968327562429,4.960409453037,
    5.952491343644,6.944573234251,7.936655124858,8.928737015466,
    9.920818906073,10.91290079668,11.904982687288,12.897064577895,
    13.889146468502,14.881228359109,15.873310249717,16.865392140324,
    17.857474030931,18.849555921539,19.841637812146,20.833719702753,
    21.825801593361,22.817883483968,23.809965374575,24.802047265183,
    25.79412915579,26.786211046397,27.778292937005,28.770374827612,
    29.762456718219,30.754538608826,31.746620499434,32.738702390041,
    33.730784280648,34.722866171256,35.714948061863,36.70702995247,
    37.699111843078,38.691193733685,39.683275624292,40.675357514899,
    41.667439405507,42.659521296114,43.651603186721,44.643685077329,
    45.635766967936,46.627848858543,47.619930749151,48.612012639758,
    49.604094530365,50.596176420972,51.58825831158,52.580340202187,
    53.572422092794,54.564503983402,55.556585874009,56.548667764616,
    57.540749655224,58.532831545831,59.524913436438,60.516995327045,
    61.509077217653,62.005118162956,62.50115910826,63.493240998867,
    64.485322889475,64.981363834778,65.477404780082,66.469486670689,
    66.965527615993,67.461568561297,67.9576095066,68.453650451904,
    68.949691397208,69.445732342511,69.941773287815,70.437814233119,
    70.933855178422,71.429896123726,71.92593706903,72.421978014333,
    72.918018959637,73.41405990494,73.910100850244,74.406141795548,
    74.902182740851,75.398223686155),.UNSPECIFIED.);
#1173 = CARTESIAN_POINT('',(0.57475417888,0.343626540721,0.1600001));
#1174 = CARTESIAN_POINT('',(0.470071586055,0.539107076062,0.1600001));
#1175 = CARTESIAN_POINT('',(4.739672065109E-02,0.824001562787,0.1600001)
  );
#1176 = CARTESIAN_POINT('',(-0.689097664958,0.512442823841,0.1600001));
#1177 = CARTESIAN_POINT('',(-0.832778104691,-0.30387588495,0.1600001));
#1178 = CARTESIAN_POINT('',(-0.206195733201,-0.890510292135,0.1600001));
#1179 = CARTESIAN_POINT('',(0.657148490889,-0.6782347345,0.1600001));
#1180 = CARTESIAN_POINT('',(0.960088394831,0.18940552637,0.1600001));
#1181 = CARTESIAN_POINT('',(0.38022719406,0.940714667236,0.1600001));
#1182 = CARTESIAN_POINT('',(-0.595916386944,0.862613686935,0.1600001));
#1183 = CARTESIAN_POINT('',(-1.077771158289,-2.429745297501E-02,
    0.1600001));
#1184 = CARTESIAN_POINT('',(-0.583561541112,-0.938767692177,0.1600001));
#1185 = CARTESIAN_POINT('',(0.48243321498,-1.026604092219,0.1600001));
#1186 = CARTESIAN_POINT('',(1.156651290523,-0.15779418436,0.1600001));
#1187 = CARTESIAN_POINT('',(0.787271869153,0.909973583257,0.1600001));
#1188 = CARTESIAN_POINT('',(-0.338129590643,1.191098844084,0.1600001));
#1189 = CARTESIAN_POINT('',(-1.210442501811,0.381511267646,0.1600001));
#1190 = CARTESIAN_POINT('',(-1.003765707079,-0.821097564589,0.1600001));
#1191 = CARTESIAN_POINT('',(0.144082532498,-1.316947325951,0.1600001));
#1192 = CARTESIAN_POINT('',(1.211630875438,-0.609827279388,0.1600001));
#1193 = CARTESIAN_POINT('',(1.202463207941,0.700770885866,0.1600001));
#1194 = CARTESIAN_POINT('',(7.444792285901E-02,1.425494168948,0.1600001)
  );
#1195 = CARTESIAN_POINT('',(-1.176383651426,0.864449967721,0.1600001));
#1196 = CARTESIAN_POINT('',(-1.39472525281,-0.519458431591,0.1600001));
#1197 = CARTESIAN_POINT('',(-0.332687509511,-1.478777954886,0.1600001));
#1198 = CARTESIAN_POINT('',(1.080238733479,-1.105927517064,0.1600001));
#1199 = CARTESIAN_POINT('',(1.54965424297,0.309701080438,0.1600001));
#1200 = CARTESIAN_POINT('',(0.601925017765,1.50006199292,0.1600001));
#1201 = CARTESIAN_POINT('',(-0.942896026376,1.354152464485,0.1600001));
#1202 = CARTESIAN_POINT('',(-1.679066658838,-4.593454241496E-02,
    0.1600001));
#1203 = CARTESIAN_POINT('',(-0.894316795068,-1.453984592205,0.1600001));
#1204 = CARTESIAN_POINT('',(0.74378410387,-1.568555918785,0.1600001));
#1205 = CARTESIAN_POINT('',(1.753302901129,-0.235418991026,0.1600001));
#1206 = CARTESIAN_POINT('',(1.17859305045,1.367013260833,0.1600001));
#1207 = CARTESIAN_POINT('',(-0.506714894815,1.768677024037,0.1600001));
#1208 = CARTESIAN_POINT('',(-1.786179247478,0.556282457154,0.1600001));
#1209 = CARTESIAN_POINT('',(-1.464976470094,-1.207494079265,0.1600001));
#1210 = CARTESIAN_POINT('',(0.21530266845,-1.914396717074,0.1600001));
#1211 = CARTESIAN_POINT('',(1.750748493876,-0.876977401532,0.1600001));
#1212 = CARTESIAN_POINT('',(1.720983129543,1.005983675205,0.1600001));
#1213 = CARTESIAN_POINT('',(0.102534825166,2.026519390169,0.1600001));
#1214 = CARTESIAN_POINT('',(-1.664174615269,1.216688951481,0.1600001));
#1215 = CARTESIAN_POINT('',(-1.956413998987,-0.735156517721,0.1600001));
#1216 = CARTESIAN_POINT('',(-0.459308552143,-2.06699517303,0.1600001));
#1217 = CARTESIAN_POINT('',(1.503384545333,-1.53362718777,0.1600001));
#1218 = CARTESIAN_POINT('',(2.139214741619,0.429962909645,0.1600001));
#1219 = CARTESIAN_POINT('',(0.823579978448,2.05949777979,0.1600001));
#1220 = CARTESIAN_POINT('',(-1.289764411095,1.845511342243,0.1600001));
#1221 = CARTESIAN_POINT('',(-2.280606234228,-6.722896822191E-02,
    0.1600001));
#1222 = CARTESIAN_POINT('',(-1.20446512708,-1.969807710602,0.1600001));
#1223 = CARTESIAN_POINT('',(1.004821184619,-2.110491008339,0.1600001));
#1224 = CARTESIAN_POINT('',(2.35035723397,-0.313182123976,0.1600001));
#1225 = CARTESIAN_POINT('',(1.569946558597,1.824251002412,0.1600001));
#1226 = CARTESIAN_POINT('',(-0.675291685259,2.34642886061,0.1600001));
#1227 = CARTESIAN_POINT('',(-2.362133667499,0.731136761992,0.1600001));
#1228 = CARTESIAN_POINT('',(-1.926356048933,-1.594017284485,0.1600001));
#1229 = CARTESIAN_POINT('',(0.286558596578,-2.512067972738,0.1600001));
#1230 = CARTESIAN_POINT('',(2.289999592832,-1.144211179403,0.1600001));
#1231 = CARTESIAN_POINT('',(2.239805320555,1.311250966207,0.1600001));
#1232 = CARTESIAN_POINT('',(0.130437882459,2.627852119116,0.1600001));
#1233 = CARTESIAN_POINT('',(-2.151750970914,1.568903576161,0.1600001));
#1234 = CARTESIAN_POINT('',(-2.519052661028,-0.950613277127,0.1600001));
#1235 = CARTESIAN_POINT('',(-0.584571013029,-2.656031010447,0.1600001));
#1236 = CARTESIAN_POINT('',(1.505633779674,-2.076224742843,0.1600001));
#1237 = CARTESIAN_POINT('',(2.331008386662,-0.706570491529,0.1600001));
#1238 = CARTESIAN_POINT('',(2.446498026981,0.895016188087,0.1600001));
#1239 = CARTESIAN_POINT('',(1.045490530545,2.620263007938,0.1600001));
#1240 = CARTESIAN_POINT('',(-1.188082607187,2.382014865074,0.1600001));
#1241 = CARTESIAN_POINT('',(-2.26295592693,1.127227633021,0.1600001));
#1242 = CARTESIAN_POINT('',(-2.650383375676,-0.49345582997,0.1600001));
#1243 = CARTESIAN_POINT('',(-1.746996235125,-2.078382257262,0.1600001));
#1244 = CARTESIAN_POINT('',(-0.121593388588,-2.576243335568,0.1600001));
#1245 = CARTESIAN_POINT('',(1.122058050658,-2.341034036554,0.1600001));
#1246 = CARTESIAN_POINT('',(2.11636200683,-1.527463129094,0.1600001));
#1247 = CARTESIAN_POINT('',(2.602294026794,-0.338143110299,0.1600001));
#1248 = CARTESIAN_POINT('',(2.464784726767,0.948975025264,0.1600001));
#1249 = CARTESIAN_POINT('',(1.726266783998,2.019536302717,0.1600001));
#1250 = CARTESIAN_POINT('',(0.561622922574,2.613360304425,0.1600001));
#1251 = CARTESIAN_POINT('',(-0.752479465396,2.580740786298,0.1600001));
#1252 = CARTESIAN_POINT('',(-1.898323339635,1.92323330203,0.1600001));
#1253 = CARTESIAN_POINT('',(-2.596918107981,0.793683026388,0.1600001));
#1254 = CARTESIAN_POINT('',(-2.673792979918,-0.539011209792,0.1600001));
#1255 = CARTESIAN_POINT('',(-2.104330270266,-1.753982309211,0.1600001));
#1256 = CARTESIAN_POINT('',(-1.019529488539,-2.555307604263,0.1600001));
#1257 = CARTESIAN_POINT('',(0.322648051658,-2.744880974294,0.1600001));
#1258 = CARTESIAN_POINT('',(1.599702144176,-2.270045975999,0.1600001));
#1259 = CARTESIAN_POINT('',(2.501321376673,-1.239758406037,0.1600001));
#1260 = CARTESIAN_POINT('',(2.805398409893,0.102650346715,0.1600001));
#1261 = CARTESIAN_POINT('',(2.556247227719,0.990030141487,0.1600001));
#1262 = CARTESIAN_POINT('',(2.332799684883,1.378457927385,0.1600001));
#1263 = PCURVE('',#707,#1264);
#1264 = DEFINITIONAL_REPRESENTATION('',(#1265),#1269);
#1265 = LINE('',#1266,#1267);
#1266 = CARTESIAN_POINT('',(-2.168404343798E-19,4.577412710935E-17));
#1267 = VECTOR('',#1268,1.);
#1268 = DIRECTION('',(-1.555586508588E-30,1.));
#1269 = ( GEOMETRIC_REPRESENTATION_CONTEXT(2) 
PARAMETRIC_REPRESENTATION_CONTEXT() REPRESENTATION_CONTEXT('2D SPACE',''
  ) );
#1270 = PCURVE('',#106,#1271);
#1271 = DEFINITIONAL_REPRESENTATION('',(#1272),#1363);
#1272 = B_SPLINE_CURVE_WITH_KNOTS('',3,(#1273,#1274,#1275,#1276,#1277,
    #1278,#1279,#1280,#1281,#1282,#1283,#1284,#1285,#1286,#1287,#1288,
    #1289,#1290,#1291,#1292,#1293,#1294,#1295,#1296,#1297,#1298,#1299,
    #1300,#1301,#1302,#1303,#1304,#1305,#1306,#1307,#1308,#1309,#1310,
    #1311,#1312,#1313,#1314,#1315,#1316,#1317,#1318,#1319,#1320,#1321,
    #1322,#1323,#1324,#1325,#1326,#1327,#1328,#1329,#1330,#1331,#1332,
    #1333,#1334,#1335,#1336,#1337,#1338,#1339,#1340,#1341,#1342,#1343,
    #1344,#1345,#1346,#1347,#1348,#1349,#1350,#1351,#1352,#1353,#1354,
    #1355,#1356,#1357,#1358,#1359,#1360,#1361,#1362),.UNSPECIFIED.,.F.,
  .F.,(4,1,1,1,1,1,1,1,1,1,1,1,1,1,1,1,1,1,1,1,1,1,1,1,1,1,1,1,1,1,1,1,1
    ,1,1,1,1,1,1,1,1,1,1,1,1,1,1,1,1,1,1,1,1,1,1,1,1,1,1,1,1,1,1,1,1,1,1
    ,1,1,1,1,1,1,1,1,1,1,1,1,1,1,1,1,1,1,1,1,4),(0.,0.992081890607,
    1.984163781215,2.976245671822,3.968327562429,4.960409453037,
    5.952491343644,6.944573234251,7.936655124858,8.928737015466,
    9.920818906073,10.91290079668,11.904982687288,12.897064577895,
    13.889146468502,14.881228359109,15.873310249717,16.865392140324,
    17.857474030931,18.849555921539,19.841637812146,20.833719702753,
    21.825801593361,22.817883483968,23.809965374575,24.802047265183,
    25.79412915579,26.786211046397,27.778292937005,28.770374827612,
    29.762456718219,30.754538608826,31.746620499434,32.738702390041,
    33.730784280648,34.722866171256,35.714948061863,36.70702995247,
    37.699111843078,38.691193733685,39.683275624292,40.675357514899,
    41.667439405507,42.659521296114,43.651603186721,44.643685077329,
    45.635766967936,46.627848858543,47.619930749151,48.612012639758,
    49.604094530365,50.596176420972,51.58825831158,52.580340202187,
    53.572422092794,54.564503983402,55.556585874009,56.548667764616,
    57.540749655224,58.532831545831,59.524913436438,60.516995327045,
    61.509077217653,62.005118162956,62.50115910826,63.493240998867,
    64.485322889475,64.981363834778,65.477404780082,66.469486670689,
    66.965527615993,67.461568561297,67.9576095066,68.453650451904,
    68.949691397208,69.445732342511,69.941773287815,70.437814233119,
    70.933855178422,71.429896123726,71.92593706903,72.421978014333,
    72.918018959637,73.41405990494,73.910100850244,74.406141795548,
    74.902182740851,75.398223686155),.UNSPECIFIED.);
#1273 = CARTESIAN_POINT('',(0.,0.));
#1274 = CARTESIAN_POINT('',(-0.221564955569,8.947368421053E-03));
#1275 = CARTESIAN_POINT('',(-0.681493724757,-0.210789832987));
#1276 = CARTESIAN_POINT('',(-0.786598168616,-1.003535620569));
#1277 = CARTESIAN_POINT('',(-0.1559901251,-1.541451783682));
#1278 = CARTESIAN_POINT('',(0.66741040802,-1.299053437953));
#1279 = CARTESIAN_POINT('',(0.922422962162,-0.447353514936));
#1280 = CARTESIAN_POINT('',(0.3283742658,0.253844284572));
#1281 = CARTESIAN_POINT('',(-0.613240552427,0.135244236501));
#1282 = CARTESIAN_POINT('',(-1.041102776977,-0.745601930922));
#1283 = CARTESIAN_POINT('',(-0.521204883574,-1.610761783896));
#1284 = CARTESIAN_POINT('',(0.517571546743,-1.648741935463));
#1285 = CARTESIAN_POINT('',(1.134015282028,-0.774638294917));
#1286 = CARTESIAN_POINT('',(0.727296983962,0.247115538158));
#1287 = CARTESIAN_POINT('',(-0.380266616104,0.470436012593));
#1288 = CARTESIAN_POINT('',(-1.193419436994,-0.356813857679));
#1289 = CARTESIAN_POINT('',(-0.938225799247,-1.519241518295));
#1290 = CARTESIAN_POINT('',(0.203007870887,-1.951177868934));
#1291 = CARTESIAN_POINT('',(1.212594062091,-1.213507014505));
#1292 = CARTESIAN_POINT('',(1.14474274444,6.519327229276E-02));
#1293 = CARTESIAN_POINT('',(1.063578136666E-02,0.722120203697));
#1294 = CARTESIAN_POINT('',(-1.186129969886,0.11764186906));
#1295 = CARTESIAN_POINT('',(-1.337139056094,-1.244909590093));
#1296 = CARTESIAN_POINT('',(-0.255262977662,-2.135089158213));
#1297 = CARTESIAN_POINT('',(1.110206320052,-1.706473114454));
#1298 = CARTESIAN_POINT('',(1.505624156652,-0.299695679459));
#1299 = CARTESIAN_POINT('',(0.523774356946,0.822946835964));
#1300 = CARTESIAN_POINT('',(-0.982818094529,0.610040820482));
#1301 = CARTESIAN_POINT('',(-1.640716973209,-0.795281460826));
#1302 = CARTESIAN_POINT('',(-0.807577662386,-2.139926289676));
#1303 = CARTESIAN_POINT('',(0.803941872893,-2.177901002509));
#1304 = CARTESIAN_POINT('',(1.733637868263,-0.824325552018));
#1305 = CARTESIAN_POINT('',(1.096856668311,0.721925389312));
#1306 = CARTESIAN_POINT('',(-0.575631866376,1.039514173127));
#1307 = CARTESIAN_POINT('',(-1.776687127052,-0.209110233909));
#1308 = CARTESIAN_POINT('',(-1.380895485113,-1.92674773691));
#1309 = CARTESIAN_POINT('',(0.302040852615,-2.544650785759));
#1310 = CARTESIAN_POINT('',(1.76359604698,-1.455198750746));
#1311 = CARTESIAN_POINT('',(1.648447599501,0.394280514918));
#1312 = CARTESIAN_POINT('',(1.063711313794E-02,1.323799317406));
#1313 = CARTESIAN_POINT('',(-1.689838048857,0.446729033508));
#1314 = CARTESIAN_POINT('',(-1.888135900189,-1.48660113708));
#1315 = CARTESIAN_POINT('',(-0.354305180164,-2.728562455055));
#1316 = CARTESIAN_POINT('',(1.552893186612,-2.113978601943));
#1317 = CARTESIAN_POINT('',(2.08885947589,-0.151993449263));
#1318 = CARTESIAN_POINT('',(0.719200798102,1.392027669614));
#1319 = CARTESIAN_POINT('',(-1.352493614469,1.084845339397));
#1320 = CARTESIAN_POINT('',(-2.240119697928,-0.844956370684));
#1321 = CARTESIAN_POINT('',(-1.094369556181,-2.669127312902));
#1322 = CARTESIAN_POINT('',(1.09114250363,-2.706844548671));
#1323 = CARTESIAN_POINT('',(2.333086845213,-0.874274754712));
#1324 = CARTESIAN_POINT('',(1.466739849479,1.197012132443));
#1325 = CARTESIAN_POINT('',(-0.771151407182,1.608720664505));
#1326 = CARTESIAN_POINT('',(-2.360100153368,-6.131118227583E-02));
#1327 = CARTESIAN_POINT('',(-1.823747218422,-2.334399382518));
#1328 = CARTESIAN_POINT('',(0.401097379357,-3.138333452217));
#1329 = CARTESIAN_POINT('',(2.314807388156,-1.696972187044));
#1330 = CARTESIAN_POINT('',(2.152292258684,0.723440353256));
#1331 = CARTESIAN_POINT('',(1.074480837369E-02,1.92576657004));
#1332 = CARTESIAN_POINT('',(-2.193904393105,0.775813752243));
#1333 = CARTESIAN_POINT('',(-2.439002887584,-1.728120094145));
#1334 = CARTESIAN_POINT('',(-0.454037218998,-3.322731959176));
#1335 = CARTESIAN_POINT('',(1.996974696784,-2.520728542561));
#1336 = CARTESIAN_POINT('',(2.557603971751,-0.425298706121));
#1337 = CARTESIAN_POINT('',(1.795941740264,0.980783316782));
#1338 = CARTESIAN_POINT('',(0.47429960304,1.892748124469));
#1339 = CARTESIAN_POINT('',(-1.723185175708,1.560544509733));
#1340 = CARTESIAN_POINT('',(-2.650891308286,-0.485176016329));
#1341 = CARTESIAN_POINT('',(-2.114783265962,-2.048004163687));
#1342 = CARTESIAN_POINT('',(-0.914629739125,-3.204008673746));
#1343 = CARTESIAN_POINT('',(0.909500726656,-3.229467453103));
#1344 = CARTESIAN_POINT('',(2.163069507489,-2.081266521845));
#1345 = CARTESIAN_POINT('',(2.591236611559,-0.890189174366));
#1346 = CARTESIAN_POINT('',(2.394492623351,0.379389409979));
#1347 = CARTESIAN_POINT('',(1.616050952666,1.401466021821));
#1348 = CARTESIAN_POINT('',(0.437074877398,1.935879079703));
#1349 = CARTESIAN_POINT('',(-0.860149137072,1.84249783503));
#1350 = CARTESIAN_POINT('',(-1.962688176114,1.1400521529));
#1351 = CARTESIAN_POINT('',(-2.601182195286,-8.971130813658E-03));
#1352 = CARTESIAN_POINT('',(-2.615803336168,-1.329978510898));
#1353 = CARTESIAN_POINT('',(-1.996747947416,-2.505005702592));
#1354 = CARTESIAN_POINT('',(-0.88724570111,-3.247291657278));
#1355 = CARTESIAN_POINT('',(0.448672125723,-3.372854828861));
#1356 = CARTESIAN_POINT('',(1.689531062497,-2.844476116618));
#1357 = CARTESIAN_POINT('',(2.533749717553,-1.78396988161));
#1358 = CARTESIAN_POINT('',(2.772354679592,-0.442551563965));
#1359 = CARTESIAN_POINT('',(2.341830879762,0.857086452948));
#1360 = CARTESIAN_POINT('',(1.339209694931,1.800100165111));
#1361 = CARTESIAN_POINT('',(0.448090320591,2.035526315789));
#1362 = CARTESIAN_POINT('',(-3.064215547965E-14,2.04));
#1363 = ( GEOMETRIC_REPRESENTATION_CONTEXT(2) 
PARAMETRIC_REPRESENTATION_CONTEXT() REPRESENTATION_CONTEXT('2D SPACE',''
  ) );
#1364 = ORIENTED_EDGE('',*,*,#1365,.F.);
#1365 = EDGE_CURVE('',#1366,#1169,#1368,.T.);
#1366 = VERTEX_POINT('',#1367);
#1367 = CARTESIAN_POINT('',(0.57475417888,0.343626540721,
    1.000000010576E-07));
#1368 = SURFACE_CURVE('',#1369,(#1373,#1379),.PCURVE_S1.);
#1369 = LINE('',#1370,#1371);
#1370 = CARTESIAN_POINT('',(0.57475417888,0.343626540721,
    1.000000011686E-07));
#1371 = VECTOR('',#1372,1.);
#1372 = DIRECTION('',(7.216449660064E-16,3.969771705331E-16,1.));
#1373 = PCURVE('',#707,#1374);
#1374 = DEFINITIONAL_REPRESENTATION('',(#1375),#1378);
#1375 = B_SPLINE_CURVE_WITH_KNOTS('',1,(#1376,#1377),.UNSPECIFIED.,.F.,
  .F.,(2,2),(0.,0.16),.PIECEWISE_BEZIER_KNOTS.);
#1376 = CARTESIAN_POINT('',(1.6E-02,-6.302848222362E-18));
#1377 = CARTESIAN_POINT('',(-2.168404343798E-19,-3.694344538773E-17));
#1378 = ( GEOMETRIC_REPRESENTATION_CONTEXT(2) 
PARAMETRIC_REPRESENTATION_CONTEXT() REPRESENTATION_CONTEXT('2D SPACE',''
  ) );
#1379 = PCURVE('',#1380,#1385);
#1380 = PLANE('',#1381);
#1381 = AXIS2_PLACEMENT_3D('',#1382,#1383,#1384);
#1382 = CARTESIAN_POINT('',(0.566136308753,0.338553837846,8.00001E-02));
#1383 = DIRECTION('',(0.50727028758,-0.861787012746,0.));
#1384 = DIRECTION('',(0.861787012746,0.50727028758,0.));
#1385 = DEFINITIONAL_REPRESENTATION('',(#1386),#1390);
#1386 = LINE('',#1387,#1388);
#1387 = CARTESIAN_POINT('',(1.E-02,-8.E-02));
#1388 = VECTOR('',#1389,1.);
#1389 = DIRECTION('',(8.881784197001E-16,1.));
#1390 = ( GEOMETRIC_REPRESENTATION_CONTEXT(2) 
PARAMETRIC_REPRESENTATION_CONTEXT() REPRESENTATION_CONTEXT('2D SPACE',''
  ) );
#1391 = ORIENTED_EDGE('',*,*,#1392,.T.);
#1392 = EDGE_CURVE('',#1366,#690,#1393,.T.);
#1393 = SURFACE_CURVE('',#1394,(#1485,#1492),.PCURVE_S1.);
#1394 = B_SPLINE_CURVE_WITH_KNOTS('',3,(#1395,#1396,#1397,#1398,#1399,
    #1400,#1401,#1402,#1403,#1404,#1405,#1406,#1407,#1408,#1409,#1410,
    #1411,#1412,#1413,#1414,#1415,#1416,#1417,#1418,#1419,#1420,#1421,
    #1422,#1423,#1424,#1425,#1426,#1427,#1428,#1429,#1430,#1431,#1432,
    #1433,#1434,#1435,#1436,#1437,#1438,#1439,#1440,#1441,#1442,#1443,
    #1444,#1445,#1446,#1447,#1448,#1449,#1450,#1451,#1452,#1453,#1454,
    #1455,#1456,#1457,#1458,#1459,#1460,#1461,#1462,#1463,#1464,#1465,
    #1466,#1467,#1468,#1469,#1470,#1471,#1472,#1473,#1474,#1475,#1476,
    #1477,#1478,#1479,#1480,#1481,#1482,#1483,#1484),.UNSPECIFIED.,.F.,
  .F.,(4,1,1,1,1,1,1,1,1,1,1,1,1,1,1,1,1,1,1,1,1,1,1,1,1,1,1,1,1,1,1,1,1
    ,1,1,1,1,1,1,1,1,1,1,1,1,1,1,1,1,1,1,1,1,1,1,1,1,1,1,1,1,1,1,1,1,1,1
    ,1,1,1,1,1,1,1,1,1,1,1,1,1,1,1,1,1,1,1,1,4),(0.,0.992081890607,
    1.984163781215,2.976245671822,3.968327562429,4.960409453037,
    5.952491343644,6.944573234251,7.936655124858,8.928737015466,
    9.920818906073,10.91290079668,11.904982687288,12.897064577895,
    13.889146468502,14.881228359109,15.873310249717,16.865392140324,
    17.857474030931,18.849555921539,19.841637812146,20.833719702753,
    21.825801593361,22.817883483968,23.809965374575,24.802047265183,
    25.79412915579,26.786211046397,27.778292937005,28.770374827612,
    29.762456718219,30.754538608826,31.746620499434,32.738702390041,
    33.730784280648,34.722866171256,35.714948061863,36.70702995247,
    37.699111843078,38.691193733685,39.683275624292,40.675357514899,
    41.667439405507,42.659521296114,43.651603186721,44.643685077329,
    45.635766967936,46.627848858543,47.619930749151,48.612012639758,
    49.604094530365,50.596176420972,51.58825831158,52.580340202187,
    53.572422092794,54.564503983402,55.556585874009,56.548667764616,
    57.540749655224,58.532831545831,59.524913436438,60.516995327045,
    61.509077217653,62.005118162956,62.50115910826,63.493240998867,
    64.485322889475,64.981363834778,65.477404780082,66.469486670689,
    66.965527615993,67.461568561297,67.9576095066,68.453650451904,
    68.949691397208,69.445732342511,69.941773287815,70.437814233119,
    70.933855178422,71.429896123726,71.92593706903,72.421978014333,
    72.918018959637,73.41405990494,73.910100850244,74.406141795548,
    74.902182740851,75.398223686155),.UNSPECIFIED.);
#1395 = CARTESIAN_POINT('',(0.57475417888,0.343626540721,
    1.000000011686E-07));
#1396 = CARTESIAN_POINT('',(0.470071586055,0.539107076062,
    1.000000016127E-07));
#1397 = CARTESIAN_POINT('',(4.739672065109E-02,0.824001562787,
    1.000000007245E-07));
#1398 = CARTESIAN_POINT('',(-0.689097664958,0.512442823841,
    1.000000011686E-07));
#1399 = CARTESIAN_POINT('',(-0.832778104691,-0.30387588495,
    1.000000007245E-07));
#1400 = CARTESIAN_POINT('',(-0.206195733201,-0.890510292135,
    1.000000016127E-07));
#1401 = CARTESIAN_POINT('',(0.657148490889,-0.6782347345,
    1.000000011686E-07));
#1402 = CARTESIAN_POINT('',(0.960088394831,0.18940552637,
    1.000000011686E-07));
#1403 = CARTESIAN_POINT('',(0.38022719406,0.940714667236,
    1.000000016127E-07));
#1404 = CARTESIAN_POINT('',(-0.595916386944,0.862613686935,
    1.000000011686E-07));
#1405 = CARTESIAN_POINT('',(-1.077771158289,-2.429745297501E-02,
    1.000000011686E-07));
#1406 = CARTESIAN_POINT('',(-0.583561541112,-0.938767692177,
    1.000000016127E-07));
#1407 = CARTESIAN_POINT('',(0.48243321498,-1.026604092219,
    1.000000011686E-07));
#1408 = CARTESIAN_POINT('',(1.156651290523,-0.15779418436,
    1.000000011686E-07));
#1409 = CARTESIAN_POINT('',(0.787271869153,0.909973583257,
    1.000000016127E-07));
#1410 = CARTESIAN_POINT('',(-0.338129590643,1.191098844084,
    1.000000011686E-07));
#1411 = CARTESIAN_POINT('',(-1.210442501811,0.381511267646,
    1.000000011686E-07));
#1412 = CARTESIAN_POINT('',(-1.003765707079,-0.821097564589,
    1.000000016127E-07));
#1413 = CARTESIAN_POINT('',(0.144082532498,-1.316947325951,
    1.000000011686E-07));
#1414 = CARTESIAN_POINT('',(1.211630875438,-0.609827279388,
    1.000000007245E-07));
#1415 = CARTESIAN_POINT('',(1.202463207941,0.700770885866,
    1.000000011686E-07));
#1416 = CARTESIAN_POINT('',(7.444792285901E-02,1.425494168948,
    1.000000011686E-07));
#1417 = CARTESIAN_POINT('',(-1.176383651426,0.864449967721,
    1.000000011686E-07));
#1418 = CARTESIAN_POINT('',(-1.39472525281,-0.519458431591,
    1.000000011686E-07));
#1419 = CARTESIAN_POINT('',(-0.332687509511,-1.478777954886,
    1.000000016127E-07));
#1420 = CARTESIAN_POINT('',(1.080238733479,-1.105927517064,
    1.000000007245E-07));
#1421 = CARTESIAN_POINT('',(1.54965424297,0.309701080438,
    1.000000016127E-07));
#1422 = CARTESIAN_POINT('',(0.601925017765,1.50006199292,
    1.000000016127E-07));
#1423 = CARTESIAN_POINT('',(-0.942896026376,1.354152464485,
    1.000000002804E-07));
#1424 = CARTESIAN_POINT('',(-1.679066658838,-4.593454241496E-02,
    1.000000011686E-07));
#1425 = CARTESIAN_POINT('',(-0.894316795068,-1.453984592205,
    1.000000020568E-07));
#1426 = CARTESIAN_POINT('',(0.74378410387,-1.568555918785,
    1.000000007245E-07));
#1427 = CARTESIAN_POINT('',(1.753302901129,-0.235418991026,
    1.000000007245E-07));
#1428 = CARTESIAN_POINT('',(1.17859305045,1.367013260833,
    1.000000011686E-07));
#1429 = CARTESIAN_POINT('',(-0.506714894815,1.768677024037,
    1.000000011686E-07));
#1430 = CARTESIAN_POINT('',(-1.786179247478,0.556282457154,
    1.000000007245E-07));
#1431 = CARTESIAN_POINT('',(-1.464976470094,-1.207494079265,
    1.000000007245E-07));
#1432 = CARTESIAN_POINT('',(0.21530266845,-1.914396717074,
    1.000000011686E-07));
#1433 = CARTESIAN_POINT('',(1.750748493876,-0.876977401532,
    1.000000016127E-07));
#1434 = CARTESIAN_POINT('',(1.720983129543,1.005983675205,
    1.000000016127E-07));
#1435 = CARTESIAN_POINT('',(0.102534825166,2.026519390169,
    1.000000016127E-07));
#1436 = CARTESIAN_POINT('',(-1.664174615269,1.216688951481,
    1.000000002804E-07));
#1437 = CARTESIAN_POINT('',(-1.956413998987,-0.735156517721,
    1.000000007245E-07));
#1438 = CARTESIAN_POINT('',(-0.459308552143,-2.06699517303,
    1.000000002804E-07));
#1439 = CARTESIAN_POINT('',(1.503384545333,-1.53362718777,
    1.000000016127E-07));
#1440 = CARTESIAN_POINT('',(2.139214741619,0.429962909645,
    1.000000016127E-07));
#1441 = CARTESIAN_POINT('',(0.823579978448,2.05949777979,
    1.000000011686E-07));
#1442 = CARTESIAN_POINT('',(-1.289764411095,1.845511342243,
    1.000000007245E-07));
#1443 = CARTESIAN_POINT('',(-2.280606234228,-6.722896822191E-02,
    1.000000016127E-07));
#1444 = CARTESIAN_POINT('',(-1.20446512708,-1.969807710602,
    1.000000011686E-07));
#1445 = CARTESIAN_POINT('',(1.004821184619,-2.110491008339,
    1.000000011686E-07));
#1446 = CARTESIAN_POINT('',(2.35035723397,-0.313182123976,
    1.000000011686E-07));
#1447 = CARTESIAN_POINT('',(1.569946558597,1.824251002412,
    1.000000016127E-07));
#1448 = CARTESIAN_POINT('',(-0.675291685259,2.34642886061,
    1.000000011686E-07));
#1449 = CARTESIAN_POINT('',(-2.362133667499,0.731136761992,
    1.000000011686E-07));
#1450 = CARTESIAN_POINT('',(-1.926356048933,-1.594017284485,
    1.000000007245E-07));
#1451 = CARTESIAN_POINT('',(0.286558596578,-2.512067972738,
    1.000000016127E-07));
#1452 = CARTESIAN_POINT('',(2.289999592832,-1.144211179403,
    1.000000011686E-07));
#1453 = CARTESIAN_POINT('',(2.239805320555,1.311250966207,
    1.000000011686E-07));
#1454 = CARTESIAN_POINT('',(0.130437882459,2.627852119116,
    1.000000011686E-07));
#1455 = CARTESIAN_POINT('',(-2.151750970914,1.568903576161,
    1.000000007245E-07));
#1456 = CARTESIAN_POINT('',(-2.519052661028,-0.950613277127,
    1.000000007245E-07));
#1457 = CARTESIAN_POINT('',(-0.584571013029,-2.656031010447,
    1.000000007245E-07));
#1458 = CARTESIAN_POINT('',(1.505633779674,-2.076224742843,
    1.000000007245E-07));
#1459 = CARTESIAN_POINT('',(2.331008386662,-0.706570491529,
    1.000000016127E-07));
#1460 = CARTESIAN_POINT('',(2.446498026981,0.895016188087,
    1.000000011686E-07));
#1461 = CARTESIAN_POINT('',(1.045490530545,2.620263007938,
    1.000000016127E-07));
#1462 = CARTESIAN_POINT('',(-1.188082607187,2.382014865074,
    1.000000011686E-07));
#1463 = CARTESIAN_POINT('',(-2.26295592693,1.127227633021,
    1.000000007245E-07));
#1464 = CARTESIAN_POINT('',(-2.650383375676,-0.49345582997,
    1.000000007245E-07));
#1465 = CARTESIAN_POINT('',(-1.746996235125,-2.078382257262,
    1.000000016127E-07));
#1466 = CARTESIAN_POINT('',(-0.121593388588,-2.576243335568,
    1.000000016127E-07));
#1467 = CARTESIAN_POINT('',(1.122058050658,-2.341034036554,
    1.000000020568E-07));
#1468 = CARTESIAN_POINT('',(2.11636200683,-1.527463129094,
    1.000000016127E-07));
#1469 = CARTESIAN_POINT('',(2.602294026794,-0.338143110299,
    1.000000011686E-07));
#1470 = CARTESIAN_POINT('',(2.464784726767,0.948975025264,
    1.000000020568E-07));
#1471 = CARTESIAN_POINT('',(1.726266783998,2.019536302717,
    1.000000007245E-07));
#1472 = CARTESIAN_POINT('',(0.561622922574,2.613360304425,
    1.000000007245E-07));
#1473 = CARTESIAN_POINT('',(-0.752479465396,2.580740786298,
    1.000000016127E-07));
#1474 = CARTESIAN_POINT('',(-1.898323339635,1.92323330203,
    1.000000020568E-07));
#1475 = CARTESIAN_POINT('',(-2.596918107981,0.793683026388,
    1.000000011686E-07));
#1476 = CARTESIAN_POINT('',(-2.673792979918,-0.539011209792,
    1.000000007245E-07));
#1477 = CARTESIAN_POINT('',(-2.104330270266,-1.753982309211,
    1.000000016127E-07));
#1478 = CARTESIAN_POINT('',(-1.019529488539,-2.555307604263,
    1.000000011686E-07));
#1479 = CARTESIAN_POINT('',(0.322648051658,-2.744880974294,
    1.000000011686E-07));
#1480 = CARTESIAN_POINT('',(1.599702144176,-2.270045975999,
    1.000000011686E-07));
#1481 = CARTESIAN_POINT('',(2.501321376673,-1.239758406037,
    1.000000011686E-07));
#1482 = CARTESIAN_POINT('',(2.805398409893,0.102650346715,
    1.000000011686E-07));
#1483 = CARTESIAN_POINT('',(2.556247227719,0.990030141487,
    1.000000007245E-07));
#1484 = CARTESIAN_POINT('',(2.332799684883,1.378457927385,
    1.000000002804E-07));
#1485 = PCURVE('',#707,#1486);
#1486 = DEFINITIONAL_REPRESENTATION('',(#1487),#1491);
#1487 = LINE('',#1488,#1489);
#1488 = CARTESIAN_POINT('',(1.6E-02,-1.298354909517E-17));
#1489 = VECTOR('',#1490,1.);
#1490 = DIRECTION('',(0.,1.));
#1491 = ( GEOMETRIC_REPRESENTATION_CONTEXT(2) 
PARAMETRIC_REPRESENTATION_CONTEXT() REPRESENTATION_CONTEXT('2D SPACE',''
  ) );
#1492 = PCURVE('',#45,#1493);
#1493 = DEFINITIONAL_REPRESENTATION('',(#1494),#1585);
#1494 = B_SPLINE_CURVE_WITH_KNOTS('',3,(#1495,#1496,#1497,#1498,#1499,
    #1500,#1501,#1502,#1503,#1504,#1505,#1506,#1507,#1508,#1509,#1510,
    #1511,#1512,#1513,#1514,#1515,#1516,#1517,#1518,#1519,#1520,#1521,
    #1522,#1523,#1524,#1525,#1526,#1527,#1528,#1529,#1530,#1531,#1532,
    #1533,#1534,#1535,#1536,#1537,#1538,#1539,#1540,#1541,#1542,#1543,
    #1544,#1545,#1546,#1547,#1548,#1549,#1550,#1551,#1552,#1553,#1554,
    #1555,#1556,#1557,#1558,#1559,#1560,#1561,#1562,#1563,#1564,#1565,
    #1566,#1567,#1568,#1569,#1570,#1571,#1572,#1573,#1574,#1575,#1576,
    #1577,#1578,#1579,#1580,#1581,#1582,#1583,#1584),.UNSPECIFIED.,.F.,
  .F.,(4,1,1,1,1,1,1,1,1,1,1,1,1,1,1,1,1,1,1,1,1,1,1,1,1,1,1,1,1,1,1,1,1
    ,1,1,1,1,1,1,1,1,1,1,1,1,1,1,1,1,1,1,1,1,1,1,1,1,1,1,1,1,1,1,1,1,1,1
    ,1,1,1,1,1,1,1,1,1,1,1,1,1,1,1,1,1,1,1,1,4),(0.,0.992081890607,
    1.984163781215,2.976245671822,3.968327562429,4.960409453037,
    5.952491343644,6.944573234251,7.936655124858,8.928737015466,
    9.920818906073,10.91290079668,11.904982687288,12.897064577895,
    13.889146468502,14.881228359109,15.873310249717,16.865392140324,
    17.857474030931,18.849555921539,19.841637812146,20.833719702753,
    21.825801593361,22.817883483968,23.809965374575,24.802047265183,
    25.79412915579,26.786211046397,27.778292937005,28.770374827612,
    29.762456718219,30.754538608826,31.746620499434,32.738702390041,
    33.730784280648,34.722866171256,35.714948061863,36.70702995247,
    37.699111843078,38.691193733685,39.683275624292,40.675357514899,
    41.667439405507,42.659521296114,43.651603186721,44.643685077329,
    45.635766967936,46.627848858543,47.619930749151,48.612012639758,
    49.604094530365,50.596176420972,51.58825831158,52.580340202187,
    53.572422092794,54.564503983402,55.556585874009,56.548667764616,
    57.540749655224,58.532831545831,59.524913436438,60.516995327045,
    61.509077217653,62.005118162956,62.50115910826,63.493240998867,
    64.485322889475,64.981363834778,65.477404780082,66.469486670689,
    66.965527615993,67.461568561297,67.9576095066,68.453650451904,
    68.949691397208,69.445732342511,69.941773287815,70.437814233119,
    70.933855178422,71.429896123726,71.92593706903,72.421978014333,
    72.918018959637,73.41405990494,73.910100850244,74.406141795548,
    74.902182740851,75.398223686155),.UNSPECIFIED.);
#1495 = CARTESIAN_POINT('',(0.,2.E-02));
#1496 = CARTESIAN_POINT('',(0.221564955569,2.894736842105E-02));
#1497 = CARTESIAN_POINT('',(0.681493724757,-0.190789832987));
#1498 = CARTESIAN_POINT('',(0.786598168616,-0.983535620569));
#1499 = CARTESIAN_POINT('',(0.1559901251,-1.521451783682));
#1500 = CARTESIAN_POINT('',(-0.66741040802,-1.279053437953));
#1501 = CARTESIAN_POINT('',(-0.922422962162,-0.427353514936));
#1502 = CARTESIAN_POINT('',(-0.3283742658,0.273844284572));
#1503 = CARTESIAN_POINT('',(0.613240552427,0.155244236501));
#1504 = CARTESIAN_POINT('',(1.041102776977,-0.725601930922));
#1505 = CARTESIAN_POINT('',(0.521204883574,-1.590761783896));
#1506 = CARTESIAN_POINT('',(-0.517571546743,-1.628741935463));
#1507 = CARTESIAN_POINT('',(-1.134015282028,-0.754638294917));
#1508 = CARTESIAN_POINT('',(-0.727296983962,0.267115538158));
#1509 = CARTESIAN_POINT('',(0.380266616104,0.490436012593));
#1510 = CARTESIAN_POINT('',(1.193419436994,-0.336813857679));
#1511 = CARTESIAN_POINT('',(0.938225799247,-1.499241518295));
#1512 = CARTESIAN_POINT('',(-0.203007870887,-1.931177868934));
#1513 = CARTESIAN_POINT('',(-1.212594062091,-1.193507014505));
#1514 = CARTESIAN_POINT('',(-1.14474274444,8.519327229276E-02));
#1515 = CARTESIAN_POINT('',(-1.063578136666E-02,0.742120203697));
#1516 = CARTESIAN_POINT('',(1.186129969886,0.13764186906));
#1517 = CARTESIAN_POINT('',(1.337139056094,-1.224909590093));
#1518 = CARTESIAN_POINT('',(0.255262977662,-2.115089158213));
#1519 = CARTESIAN_POINT('',(-1.110206320052,-1.686473114454));
#1520 = CARTESIAN_POINT('',(-1.505624156652,-0.279695679459));
#1521 = CARTESIAN_POINT('',(-0.523774356946,0.842946835964));
#1522 = CARTESIAN_POINT('',(0.982818094529,0.630040820482));
#1523 = CARTESIAN_POINT('',(1.640716973209,-0.775281460826));
#1524 = CARTESIAN_POINT('',(0.807577662386,-2.119926289676));
#1525 = CARTESIAN_POINT('',(-0.803941872893,-2.157901002509));
#1526 = CARTESIAN_POINT('',(-1.733637868263,-0.804325552018));
#1527 = CARTESIAN_POINT('',(-1.096856668311,0.741925389312));
#1528 = CARTESIAN_POINT('',(0.575631866376,1.059514173127));
#1529 = CARTESIAN_POINT('',(1.776687127052,-0.189110233909));
#1530 = CARTESIAN_POINT('',(1.380895485113,-1.90674773691));
#1531 = CARTESIAN_POINT('',(-0.302040852615,-2.524650785759));
#1532 = CARTESIAN_POINT('',(-1.76359604698,-1.435198750746));
#1533 = CARTESIAN_POINT('',(-1.648447599501,0.414280514918));
#1534 = CARTESIAN_POINT('',(-1.063711313794E-02,1.343799317406));
#1535 = CARTESIAN_POINT('',(1.689838048857,0.466729033508));
#1536 = CARTESIAN_POINT('',(1.888135900189,-1.46660113708));
#1537 = CARTESIAN_POINT('',(0.354305180164,-2.708562455055));
#1538 = CARTESIAN_POINT('',(-1.552893186612,-2.093978601943));
#1539 = CARTESIAN_POINT('',(-2.08885947589,-0.131993449263));
#1540 = CARTESIAN_POINT('',(-0.719200798102,1.412027669614));
#1541 = CARTESIAN_POINT('',(1.352493614469,1.104845339397));
#1542 = CARTESIAN_POINT('',(2.240119697928,-0.824956370684));
#1543 = CARTESIAN_POINT('',(1.094369556181,-2.649127312902));
#1544 = CARTESIAN_POINT('',(-1.09114250363,-2.686844548671));
#1545 = CARTESIAN_POINT('',(-2.333086845213,-0.854274754712));
#1546 = CARTESIAN_POINT('',(-1.466739849479,1.217012132443));
#1547 = CARTESIAN_POINT('',(0.771151407182,1.628720664505));
#1548 = CARTESIAN_POINT('',(2.360100153368,-4.131118227583E-02));
#1549 = CARTESIAN_POINT('',(1.823747218422,-2.314399382518));
#1550 = CARTESIAN_POINT('',(-0.401097379357,-3.118333452217));
#1551 = CARTESIAN_POINT('',(-2.314807388156,-1.676972187044));
#1552 = CARTESIAN_POINT('',(-2.152292258684,0.743440353256));
#1553 = CARTESIAN_POINT('',(-1.07448083737E-02,1.94576657004));
#1554 = CARTESIAN_POINT('',(2.193904393105,0.795813752243));
#1555 = CARTESIAN_POINT('',(2.439002887584,-1.708120094145));
#1556 = CARTESIAN_POINT('',(0.454037218998,-3.302731959176));
#1557 = CARTESIAN_POINT('',(-1.996974696784,-2.500728542561));
#1558 = CARTESIAN_POINT('',(-2.557603971751,-0.405298706121));
#1559 = CARTESIAN_POINT('',(-1.795941740264,1.000783316782));
#1560 = CARTESIAN_POINT('',(-0.47429960304,1.912748124469));
#1561 = CARTESIAN_POINT('',(1.723185175708,1.580544509733));
#1562 = CARTESIAN_POINT('',(2.650891308286,-0.465176016329));
#1563 = CARTESIAN_POINT('',(2.114783265962,-2.028004163687));
#1564 = CARTESIAN_POINT('',(0.914629739125,-3.184008673746));
#1565 = CARTESIAN_POINT('',(-0.909500726656,-3.209467453103));
#1566 = CARTESIAN_POINT('',(-2.163069507489,-2.061266521845));
#1567 = CARTESIAN_POINT('',(-2.591236611559,-0.870189174366));
#1568 = CARTESIAN_POINT('',(-2.394492623351,0.399389409979));
#1569 = CARTESIAN_POINT('',(-1.616050952666,1.421466021821));
#1570 = CARTESIAN_POINT('',(-0.437074877398,1.955879079703));
#1571 = CARTESIAN_POINT('',(0.860149137072,1.86249783503));
#1572 = CARTESIAN_POINT('',(1.962688176114,1.1600521529));
#1573 = CARTESIAN_POINT('',(2.601182195286,1.102886918634E-02));
#1574 = CARTESIAN_POINT('',(2.615803336168,-1.309978510898));
#1575 = CARTESIAN_POINT('',(1.996747947416,-2.485005702592));
#1576 = CARTESIAN_POINT('',(0.88724570111,-3.227291657278));
#1577 = CARTESIAN_POINT('',(-0.448672125723,-3.352854828861));
#1578 = CARTESIAN_POINT('',(-1.689531062497,-2.824476116618));
#1579 = CARTESIAN_POINT('',(-2.533749717553,-1.76396988161));
#1580 = CARTESIAN_POINT('',(-2.772354679592,-0.422551563965));
#1581 = CARTESIAN_POINT('',(-2.341830879762,0.877086452948));
#1582 = CARTESIAN_POINT('',(-1.339209694931,1.820100165111));
#1583 = CARTESIAN_POINT('',(-0.448090320591,2.055526315789));
#1584 = CARTESIAN_POINT('',(3.01980662698E-14,2.06));
#1585 = ( GEOMETRIC_REPRESENTATION_CONTEXT(2) 
PARAMETRIC_REPRESENTATION_CONTEXT() REPRESENTATION_CONTEXT('2D SPACE',''
  ) );
#1586 = ADVANCED_FACE('',(#1587),#106,.T.);
#1587 = FACE_BOUND('',#1588,.T.);
#1588 = EDGE_LOOP('',(#1589,#1786,#1807,#1808,#1809,#1810,#1811,#1812));
#1589 = ORIENTED_EDGE('',*,*,#1590,.F.);
#1590 = EDGE_CURVE('',#1591,#259,#1593,.T.);
#1591 = VERTEX_POINT('',#1592);
#1592 = CARTESIAN_POINT('',(0.557518438625,0.33348113497,0.1600001));
#1593 = SURFACE_CURVE('',#1594,(#1685,#1779),.PCURVE_S1.);
#1594 = B_SPLINE_CURVE_WITH_KNOTS('',3,(#1595,#1596,#1597,#1598,#1599,
    #1600,#1601,#1602,#1603,#1604,#1605,#1606,#1607,#1608,#1609,#1610,
    #1611,#1612,#1613,#1614,#1615,#1616,#1617,#1618,#1619,#1620,#1621,
    #1622,#1623,#1624,#1625,#1626,#1627,#1628,#1629,#1630,#1631,#1632,
    #1633,#1634,#1635,#1636,#1637,#1638,#1639,#1640,#1641,#1642,#1643,
    #1644,#1645,#1646,#1647,#1648,#1649,#1650,#1651,#1652,#1653,#1654,
    #1655,#1656,#1657,#1658,#1659,#1660,#1661,#1662,#1663,#1664,#1665,
    #1666,#1667,#1668,#1669,#1670,#1671,#1672,#1673,#1674,#1675,#1676,
    #1677,#1678,#1679,#1680,#1681,#1682,#1683,#1684),.UNSPECIFIED.,.F.,
  .F.,(4,1,1,1,1,1,1,1,1,1,1,1,1,1,1,1,1,1,1,1,1,1,1,1,1,1,1,1,1,1,1,1,1
    ,1,1,1,1,1,1,1,1,1,1,1,1,1,1,1,1,1,1,1,1,1,1,1,1,1,1,1,1,1,1,1,1,1,1
    ,1,1,1,1,1,1,1,1,1,1,1,1,1,1,1,1,1,1,1,1,4),(0.,0.992081890607,
    1.984163781215,2.976245671822,3.968327562429,4.960409453037,
    5.952491343644,6.944573234251,7.936655124858,8.928737015466,
    9.920818906073,10.91290079668,11.904982687288,12.897064577895,
    13.889146468502,14.881228359109,15.873310249717,16.865392140324,
    17.857474030931,18.849555921539,19.841637812146,20.833719702753,
    21.825801593361,22.817883483968,23.809965374575,24.802047265183,
    25.79412915579,26.786211046397,27.778292937005,28.770374827612,
    29.762456718219,30.754538608826,31.746620499434,32.738702390041,
    33.730784280648,34.722866171256,35.714948061863,36.70702995247,
    37.699111843078,38.691193733685,39.683275624292,40.675357514899,
    41.667439405507,42.659521296114,43.651603186721,44.643685077329,
    45.635766967936,46.627848858543,47.61993074915,48.612012639758,
    49.604094530365,50.596176420972,51.58825831158,52.580340202187,
    53.572422092794,54.564503983402,55.556585874009,56.548667764616,
    57.540749655224,58.532831545831,59.524913436438,60.516995327045,
    61.509077217653,62.005118162956,62.50115910826,63.493240998867,
    64.485322889475,64.981363834778,65.477404780082,66.469486670689,
    66.965527615993,67.461568561297,67.9576095066,68.453650451904,
    68.949691397208,69.445732342511,69.941773287815,70.437814233119,
    70.933855178422,71.429896123726,71.92593706903,72.421978014333,
    72.918018959637,73.41405990494,73.910100850244,74.406141795548,
    74.902182740851,75.398223686155),.UNSPECIFIED.);
#1595 = CARTESIAN_POINT('',(0.557518438625,0.33348113497,0.1600001));
#1596 = CARTESIAN_POINT('',(0.456190870239,0.523261915051,0.1600001));
#1597 = CARTESIAN_POINT('',(4.626223342588E-02,0.800439739013,0.1600001)
  );
#1598 = CARTESIAN_POINT('',(-0.669952318441,0.498625432434,0.1600001));
#1599 = CARTESIAN_POINT('',(-0.810759692324,-0.295414769674,0.1600001));
#1600 = CARTESIAN_POINT('',(-0.201225414913,-0.867444609374,0.1600001));
#1601 = CARTESIAN_POINT('',(0.64055151303,-0.661460548379,0.1600001));
#1602 = CARTESIAN_POINT('',(0.936970915974,0.184687038666,0.1600001));
#1603 = CARTESIAN_POINT('',(0.371531709201,0.918780015108,0.1600001));
#1604 = CARTESIAN_POINT('',(-0.582308574764,0.843337373832,0.1600001));
#1605 = CARTESIAN_POINT('',(-1.054191349268,-2.344878978702E-02,
    0.1600001));
#1606 = CARTESIAN_POINT('',(-0.571374846828,-0.918563187612,0.1600001));
#1607 = CARTESIAN_POINT('',(0.472184047614,-1.00535103879,0.1600001));
#1608 = CARTESIAN_POINT('',(1.133253248685,-0.154750096197,0.1600001));
#1609 = CARTESIAN_POINT('',(0.771925910238,0.892050470035,0.1600001));
#1610 = CARTESIAN_POINT('',(-0.331518386816,1.16844871609,0.1600001));
#1611 = CARTESIAN_POINT('',(-1.187864597826,0.374657495797,0.1600001));
#1612 = CARTESIAN_POINT('',(-0.985679010972,-0.805944755861,0.1600001));
#1613 = CARTESIAN_POINT('',(0.141289591418,-1.293517950671,0.1600001));
#1614 = CARTESIAN_POINT('',(1.190488995307,-0.599350781757,0.1600001));
#1615 = CARTESIAN_POINT('',(1.182129122203,0.688801713291,0.1600001));
#1616 = CARTESIAN_POINT('',(7.334642254428E-02,1.401924637321,0.1600001)
  );
#1617 = CARTESIAN_POINT('',(-1.157254493393,0.850636516577,0.1600001));
#1618 = CARTESIAN_POINT('',(-1.372698436813,-0.51099938332,0.1600001));
#1619 = CARTESIAN_POINT('',(-0.327721614622,-1.45571118215,0.1600001));
#1620 = CARTESIAN_POINT('',(1.063644091383,-1.089153907363,0.1600001));
#1621 = CARTESIAN_POINT('',(1.526535530881,0.304982897079,0.1600001));
#1622 = CARTESIAN_POINT('',(0.593230184619,1.478127180863,0.1600001));
#1623 = CARTESIAN_POINT('',(-0.929288557896,1.334876235865,0.1600001));
#1624 = CARTESIAN_POINT('',(-1.655486670613,-4.508592228343E-02,
    0.1600001));
#1625 = CARTESIAN_POINT('',(-0.882130192715,-1.433780067971,0.1600001));
#1626 = CARTESIAN_POINT('',(0.733534978876,-1.547302871485,0.1600001));
#1627 = CARTESIAN_POINT('',(1.729904849457,-0.232374909357,0.1600001));
#1628 = CARTESIAN_POINT('',(1.163247074793,1.349090169226,0.1600001));
#1629 = CARTESIAN_POINT('',(-0.500103639426,1.746026851613,0.1600001));
#1630 = CARTESIAN_POINT('',(-1.76360145209,0.549428773015,0.1600001));
#1631 = CARTESIAN_POINT('',(-1.446889564425,-1.192341437896,0.1600001));
#1632 = CARTESIAN_POINT('',(0.212509327253,-1.890967025548,0.1600001));
#1633 = CARTESIAN_POINT('',(1.729607372993,-0.866501503929,0.1600001));
#1634 = CARTESIAN_POINT('',(1.700647607609,0.994015638095,0.1600001));
#1635 = CARTESIAN_POINT('',(0.101436043894,2.002947710807,0.1600001));
#1636 = CARTESIAN_POINT('',(-1.645050603136,1.202879565876,0.1600001));
#1637 = CARTESIAN_POINT('',(-1.934377446431,-0.726705162343,0.1600001));
#1638 = CARTESIAN_POINT('',(-0.454361083515,-2.04391384395,0.1600001));
#1639 = CARTESIAN_POINT('',(1.486824775949,-1.516881123153,0.1600001));
#1640 = CARTESIAN_POINT('',(2.116030005761,0.425296837686,0.1600001));
#1641 = CARTESIAN_POINT('',(0.815010372437,2.037464456433,0.1600001));
#1642 = CARTESIAN_POINT('',(-1.276396299283,1.826420706276,0.1600001));
#1643 = CARTESIAN_POINT('',(-2.256553690563,-6.672465349125E-02,
    0.1600001));
#1644 = CARTESIAN_POINT('',(-1.193316427687,-1.949015889258,0.1600001));
#1645 = CARTESIAN_POINT('',(0.99573400732,-2.089076435827,0.1600001));
#1646 = CARTESIAN_POINT('',(2.326365693365,-0.310254590083,0.1600001));
#1647 = CARTESIAN_POINT('',(1.554910543518,1.806392313045,0.1600001));
#1648 = CARTESIAN_POINT('',(-0.668845430317,2.323741203083,0.1600001));
#1649 = CARTESIAN_POINT('',(-2.339465673693,0.724301495834,0.1600001));
#1650 = CARTESIAN_POINT('',(-1.908314776176,-1.578873429604,0.1600001));
#1651 = CARTESIAN_POINT('',(0.283790271891,-2.488631093822,0.1600001));
#1652 = CARTESIAN_POINT('',(2.26884304382,-1.133736892192,0.1600001));
#1653 = CARTESIAN_POINT('',(2.219475710163,1.299282697963,0.1600001));
#1654 = CARTESIAN_POINT('',(0.129334286289,2.604279095855,0.1600001));
#1655 = CARTESIAN_POINT('',(-2.132621570937,1.555090686153,0.1600001));
#1656 = CARTESIAN_POINT('',(-2.497018658937,-0.942156168342,0.1600001));
#1657 = CARTESIAN_POINT('',(-0.579616507607,-2.632957542569,0.1600001));
#1658 = CARTESIAN_POINT('',(1.492651111651,-2.05840796738,0.1600001));
#1659 = CARTESIAN_POINT('',(2.311122668334,-0.70053540989,0.1600001));
#1660 = CARTESIAN_POINT('',(2.425797458804,0.887429511727,0.1600001));
#1661 = CARTESIAN_POINT('',(1.03679477281,2.598315814106,0.1600001));
#1662 = CARTESIAN_POINT('',(-1.17820724615,2.362312041725,0.1600001));
#1663 = CARTESIAN_POINT('',(-2.244330628246,1.117989326017,0.1600001));
#1664 = CARTESIAN_POINT('',(-2.628734026801,-0.489342193185,0.1600001));
#1665 = CARTESIAN_POINT('',(-1.732879152682,-2.061457054395,0.1600001));
#1666 = CARTESIAN_POINT('',(-0.120652700047,-2.555453263623,0.1600001));
#1667 = CARTESIAN_POINT('',(1.113026247912,-2.322246967905,0.1600001));
#1668 = CARTESIAN_POINT('',(2.099457893007,-1.515271424792,0.1600001));
#1669 = CARTESIAN_POINT('',(2.581634824981,-0.335449738896,0.1600001));
#1670 = CARTESIAN_POINT('',(2.445328396265,0.941501903889,0.1600001));
#1671 = CARTESIAN_POINT('',(1.712715004813,2.003708041925,0.1600001));
#1672 = CARTESIAN_POINT('',(0.557236343538,2.592987694998,0.1600001));
#1673 = CARTESIAN_POINT('',(-0.746639952942,2.560736642119,0.1600001));
#1674 = CARTESIAN_POINT('',(-1.883667668025,1.908419112477,0.1600001));
#1675 = CARTESIAN_POINT('',(-2.576977168841,0.787629921327,0.1600001));
#1676 = CARTESIAN_POINT('',(-2.653375271058,-0.53484432891,0.1600001));
#1677 = CARTESIAN_POINT('',(-2.088356043384,-1.740599276067,0.1600001));
#1678 = CARTESIAN_POINT('',(-1.011850541797,-2.535935501498,0.1600001));
#1679 = CARTESIAN_POINT('',(0.320181479836,-2.724187979715,0.1600001));
#1680 = CARTESIAN_POINT('',(1.587684177207,-2.253022073097,0.1600001));
#1681 = CARTESIAN_POINT('',(2.482649377553,-1.230504906329,0.1600001));
#1682 = CARTESIAN_POINT('',(2.784572358289,0.101899650498,0.1600001));
#1683 = CARTESIAN_POINT('',(2.537333975244,0.982734613365,0.1600001));
#1684 = CARTESIAN_POINT('',(2.315563944628,1.368312521634,0.1600001));
#1685 = PCURVE('',#106,#1686);
#1686 = DEFINITIONAL_REPRESENTATION('',(#1687),#1778);
#1687 = B_SPLINE_CURVE_WITH_KNOTS('',3,(#1688,#1689,#1690,#1691,#1692,
    #1693,#1694,#1695,#1696,#1697,#1698,#1699,#1700,#1701,#1702,#1703,
    #1704,#1705,#1706,#1707,#1708,#1709,#1710,#1711,#1712,#1713,#1714,
    #1715,#1716,#1717,#1718,#1719,#1720,#1721,#1722,#1723,#1724,#1725,
    #1726,#1727,#1728,#1729,#1730,#1731,#1732,#1733,#1734,#1735,#1736,
    #1737,#1738,#1739,#1740,#1741,#1742,#1743,#1744,#1745,#1746,#1747,
    #1748,#1749,#1750,#1751,#1752,#1753,#1754,#1755,#1756,#1757,#1758,
    #1759,#1760,#1761,#1762,#1763,#1764,#1765,#1766,#1767,#1768,#1769,
    #1770,#1771,#1772,#1773,#1774,#1775,#1776,#1777),.UNSPECIFIED.,.F.,
  .F.,(4,1,1,1,1,1,1,1,1,1,1,1,1,1,1,1,1,1,1,1,1,1,1,1,1,1,1,1,1,1,1,1,1
    ,1,1,1,1,1,1,1,1,1,1,1,1,1,1,1,1,1,1,1,1,1,1,1,1,1,1,1,1,1,1,1,1,1,1
    ,1,1,1,1,1,1,1,1,1,1,1,1,1,1,1,1,1,1,1,1,4),(0.,0.992081890607,
    1.984163781215,2.976245671822,3.968327562429,4.960409453037,
    5.952491343644,6.944573234251,7.936655124858,8.928737015466,
    9.920818906073,10.91290079668,11.904982687288,12.897064577895,
    13.889146468502,14.881228359109,15.873310249717,16.865392140324,
    17.857474030931,18.849555921539,19.841637812146,20.833719702753,
    21.825801593361,22.817883483968,23.809965374575,24.802047265183,
    25.79412915579,26.786211046397,27.778292937005,28.770374827612,
    29.762456718219,30.754538608826,31.746620499434,32.738702390041,
    33.730784280648,34.722866171256,35.714948061863,36.70702995247,
    37.699111843078,38.691193733685,39.683275624292,40.675357514899,
    41.667439405507,42.659521296114,43.651603186721,44.643685077329,
    45.635766967936,46.627848858543,47.61993074915,48.612012639758,
    49.604094530365,50.596176420972,51.58825831158,52.580340202187,
    53.572422092794,54.564503983402,55.556585874009,56.548667764616,
    57.540749655224,58.532831545831,59.524913436438,60.516995327045,
    61.509077217653,62.005118162956,62.50115910826,63.493240998867,
    64.485322889475,64.981363834778,65.477404780082,66.469486670689,
    66.965527615993,67.461568561297,67.9576095066,68.453650451904,
    68.949691397208,69.445732342511,69.941773287815,70.437814233119,
    70.933855178422,71.429896123726,71.92593706903,72.421978014333,
    72.918018959637,73.41405990494,73.910100850244,74.406141795548,
    74.902182740851,75.398223686155),.UNSPECIFIED.);
#1688 = CARTESIAN_POINT('',(-4.440892098501E-16,-2.E-02));
#1689 = CARTESIAN_POINT('',(-0.214951076298,-1.105263157895E-02));
#1690 = CARTESIAN_POINT('',(-0.661763942693,-0.223719732466));
#1691 = CARTESIAN_POINT('',(-0.764978654718,-0.994045561698));
#1692 = CARTESIAN_POINT('',(-0.152112517986,-1.518184529484));
#1693 = CARTESIAN_POINT('',(0.650053996963,-1.283069546676));
#1694 = CARTESIAN_POINT('',(0.899548032682,-0.453147528688));
#1695 = CARTESIAN_POINT('',(0.320713787075,0.231528392911));
#1696 = CARTESIAN_POINT('',(-0.598748515199,0.116623783287));
#1697 = CARTESIAN_POINT('',(-1.017587861893,-0.743653196004));
#1698 = CARTESIAN_POINT('',(-0.509974913985,-1.5900105091));
#1699 = CARTESIAN_POINT('',(0.506341515024,-1.62799045576));
#1700 = CARTESIAN_POINT('',(1.110500578524,-0.772689851719));
#1701 = CARTESIAN_POINT('',(0.712804496906,0.228495585055));
#1702 = CARTESIAN_POINT('',(-0.372605258893,0.448119201704));
#1703 = CARTESIAN_POINT('',(-1.170546183585,-0.362606145024));
#1704 = CARTESIAN_POINT('',(-0.920866207832,-1.503260888683));
#1705 = CARTESIAN_POINT('',(0.199124220654,-1.927904419484));
#1706 = CARTESIAN_POINT('',(1.190986154733,-1.20402890892));
#1707 = CARTESIAN_POINT('',(1.124989587228,5.228789053728E-02));
#1708 = CARTESIAN_POINT('',(1.063578132545E-02,0.698524947078));
#1709 = CARTESIAN_POINT('',(-1.166376812015,0.104736487307));
#1710 = CARTESIAN_POINT('',(-1.315531149801,-1.235431483471));
#1711 = CARTESIAN_POINT('',(-0.251379326317,-2.111815710405));
#1712 = CARTESIAN_POINT('',(1.09284672581,-1.690492482293));
#1713 = CARTESIAN_POINT('',(1.482750908787,-0.305487972681));
#1714 = CARTESIAN_POINT('',(0.516112990359,0.800630035905));
#1715 = CARTESIAN_POINT('',(-0.968325588882,0.591420847778));
#1716 = CARTESIAN_POINT('',(-1.617202305281,-0.79333297925));
#1717 = CARTESIAN_POINT('',(-0.796347564786,-2.119174882284));
#1718 = CARTESIAN_POINT('',(0.79271177759,-2.157149592052));
#1719 = CARTESIAN_POINT('',(1.710123191535,-0.822377075415));
#1720 = CARTESIAN_POINT('',(1.082364181863,0.70330542444));
#1721 = CARTESIAN_POINT('',(-0.567970536285,1.017197358774));
#1722 = CARTESIAN_POINT('',(-1.753813809198,-0.214902499356));
#1723 = CARTESIAN_POINT('',(-1.363536024373,-1.910767156392));
#1724 = CARTESIAN_POINT('',(0.298157452915,-2.521377240608));
#1725 = CARTESIAN_POINT('',(1.741987664118,-1.445720829554));
#1726 = CARTESIAN_POINT('',(1.62869534453,0.381375483096));
#1727 = CARTESIAN_POINT('',(1.063540602741E-02,1.300203399079));
#1728 = CARTESIAN_POINT('',(-1.670081660806,0.433824905509));
#1729 = CARTESIAN_POINT('',(-1.866534107887,-1.477125402799));
#1730 = CARTESIAN_POINT('',(-0.350409960117,-2.705284518784));
#1731 = CARTESIAN_POINT('',(1.535511700808,-2.098006465294));
#1732 = CARTESIAN_POINT('',(2.06602765591,-0.157769662438));
#1733 = CARTESIAN_POINT('',(0.711461030691,1.369680405694));
#1734 = CARTESIAN_POINT('',(-1.337852689059,1.066283313956));
#1735 = CARTESIAN_POINT('',(-2.216886389863,-0.843120017936));
#1736 = CARTESIAN_POINT('',(-1.082603027324,-2.64814331927));
#1737 = CARTESIAN_POINT('',(1.078879785972,-2.686689671133));
#1738 = CARTESIAN_POINT('',(2.310022389697,-0.871242989734));
#1739 = CARTESIAN_POINT('',(1.452046743089,1.177821585294));
#1740 = CARTESIAN_POINT('',(-0.763388344315,1.586703639495));
#1741 = CARTESIAN_POINT('',(-2.337278231164,-6.726465804361E-02));
#1742 = CARTESIAN_POINT('',(-1.806357875081,-2.318331727281));
#1743 = CARTESIAN_POINT('',(0.397198403518,-3.115103690041));
#1744 = CARTESIAN_POINT('',(2.293205501427,-1.687469060997));
#1745 = CARTESIAN_POINT('',(2.132533565296,0.710521208769));
#1746 = CARTESIAN_POINT('',(1.074629920177E-02,1.902175628956));
#1747 = CARTESIAN_POINT('',(-2.174149289355,0.762904793108));
#1748 = CARTESIAN_POINT('',(-2.417395342139,-1.71864149437));
#1749 = CARTESIAN_POINT('',(-0.450148250936,-3.29945330233));
#1750 = CARTESIAN_POINT('',(1.979603555218,-2.504754329447));
#1751 = CARTESIAN_POINT('',(2.535663984306,-0.427449080001));
#1752 = CARTESIAN_POINT('',(1.780653351232,0.966707480585));
#1753 = CARTESIAN_POINT('',(0.470336919025,1.871060148158));
#1754 = CARTESIAN_POINT('',(-1.708682468625,1.541917459325));
#1755 = CARTESIAN_POINT('',(-2.628902193777,-0.486660215307));
#1756 = CARTESIAN_POINT('',(-2.097373752346,-2.036639441823));
#1757 = CARTESIAN_POINT('',(-0.907192746452,-3.183264820336));
#1758 = CARTESIAN_POINT('',(0.902075983109,-3.20871588227));
#1759 = CARTESIAN_POINT('',(2.14563007684,-2.069909662903));
#1760 = CARTESIAN_POINT('',(2.570464594612,-0.888442542959));
#1761 = CARTESIAN_POINT('',(2.37541101624,0.371006153572));
#1762 = CARTESIAN_POINT('',(1.603250040926,1.385028457291));
#1763 = CARTESIAN_POINT('',(0.433645497974,1.915320974332));
#1764 = CARTESIAN_POINT('',(-0.853382962412,1.822789881325));
#1765 = CARTESIAN_POINT('',(-1.947356507103,1.125937436612));
#1766 = CARTESIAN_POINT('',(-2.58098067247,-1.408622279023E-02));
#1767 = CARTESIAN_POINT('',(-2.595602273254,-1.324863241637));
#1768 = CARTESIAN_POINT('',(-1.981416014156,-2.490891420565));
#1769 = CARTESIAN_POINT('',(-0.880479367892,-3.22758220609));
#1770 = CARTESIAN_POINT('',(0.445242052233,-3.352299632524));
#1771 = CARTESIAN_POINT('',(1.676731737447,-2.828031607903));
#1772 = CARTESIAN_POINT('',(2.514665544972,-1.775598599861));
#1773 = CARTESIAN_POINT('',(2.751587343605,-0.444272771698));
#1774 = CARTESIAN_POINT('',(2.324384583527,0.845689192062));
#1775 = CARTESIAN_POINT('',(1.329292197995,1.781771738426));
#1776 = CARTESIAN_POINT('',(0.444783380956,2.015526315789));
#1777 = CARTESIAN_POINT('',(7.549516567451E-15,2.02));
#1778 = ( GEOMETRIC_REPRESENTATION_CONTEXT(2) 
PARAMETRIC_REPRESENTATION_CONTEXT() REPRESENTATION_CONTEXT('2D SPACE',''
  ) );
#1779 = PCURVE('',#276,#1780);
#1780 = DEFINITIONAL_REPRESENTATION('',(#1781),#1785);
#1781 = LINE('',#1782,#1783);
#1782 = CARTESIAN_POINT('',(1.6E-02,1.869040436995E-18));
#1783 = VECTOR('',#1784,1.);
#1784 = DIRECTION('',(-4.601496934988E-20,1.));
#1785 = ( GEOMETRIC_REPRESENTATION_CONTEXT(2) 
PARAMETRIC_REPRESENTATION_CONTEXT() REPRESENTATION_CONTEXT('2D SPACE',''
  ) );
#1786 = ORIENTED_EDGE('',*,*,#1787,.F.);
#1787 = EDGE_CURVE('',#1169,#1591,#1788,.T.);
#1788 = SURFACE_CURVE('',#1789,(#1793,#1800),.PCURVE_S1.);
#1789 = LINE('',#1790,#1791);
#1790 = CARTESIAN_POINT('',(0.57475417888,0.343626540721,0.1600001));
#1791 = VECTOR('',#1792,1.);
#1792 = DIRECTION('',(-0.861787012746,-0.50727028758,0.));
#1793 = PCURVE('',#106,#1794);
#1794 = DEFINITIONAL_REPRESENTATION('',(#1795),#1799);
#1795 = LINE('',#1796,#1797);
#1796 = CARTESIAN_POINT('',(0.,0.));
#1797 = VECTOR('',#1798,1.);
#1798 = DIRECTION('',(-4.163336342344E-17,-1.));
#1799 = ( GEOMETRIC_REPRESENTATION_CONTEXT(2) 
PARAMETRIC_REPRESENTATION_CONTEXT() REPRESENTATION_CONTEXT('2D SPACE',''
  ) );
#1800 = PCURVE('',#1380,#1801);
#1801 = DEFINITIONAL_REPRESENTATION('',(#1802),#1806);
#1802 = LINE('',#1803,#1804);
#1803 = CARTESIAN_POINT('',(1.E-02,8.E-02));
#1804 = VECTOR('',#1805,1.);
#1805 = DIRECTION('',(-1.,0.));
#1806 = ( GEOMETRIC_REPRESENTATION_CONTEXT(2) 
PARAMETRIC_REPRESENTATION_CONTEXT() REPRESENTATION_CONTEXT('2D SPACE',''
  ) );
#1807 = ORIENTED_EDGE('',*,*,#1168,.T.);
#1808 = ORIENTED_EDGE('',*,*,#1096,.T.);
#1809 = ORIENTED_EDGE('',*,*,#233,.T.);
#1810 = ORIENTED_EDGE('',*,*,#1143,.F.);
#1811 = ORIENTED_EDGE('',*,*,#89,.F.);
#1812 = ORIENTED_EDGE('',*,*,#643,.F.);
#1813 = ADVANCED_FACE('',(#1814),#276,.T.);
#1814 = FACE_BOUND('',#1815,.T.);
#1815 = EDGE_LOOP('',(#1816,#1817,#2014,#2034));
#1816 = ORIENTED_EDGE('',*,*,#258,.T.);
#1817 = ORIENTED_EDGE('',*,*,#1818,.F.);
#1818 = EDGE_CURVE('',#1819,#261,#1821,.T.);
#1819 = VERTEX_POINT('',#1820);
#1820 = CARTESIAN_POINT('',(0.557518438625,0.33348113497,
    1.000000010576E-07));
#1821 = SURFACE_CURVE('',#1822,(#1913,#1920),.PCURVE_S1.);
#1822 = B_SPLINE_CURVE_WITH_KNOTS('',3,(#1823,#1824,#1825,#1826,#1827,
    #1828,#1829,#1830,#1831,#1832,#1833,#1834,#1835,#1836,#1837,#1838,
    #1839,#1840,#1841,#1842,#1843,#1844,#1845,#1846,#1847,#1848,#1849,
    #1850,#1851,#1852,#1853,#1854,#1855,#1856,#1857,#1858,#1859,#1860,
    #1861,#1862,#1863,#1864,#1865,#1866,#1867,#1868,#1869,#1870,#1871,
    #1872,#1873,#1874,#1875,#1876,#1877,#1878,#1879,#1880,#1881,#1882,
    #1883,#1884,#1885,#1886,#1887,#1888,#1889,#1890,#1891,#1892,#1893,
    #1894,#1895,#1896,#1897,#1898,#1899,#1900,#1901,#1902,#1903,#1904,
    #1905,#1906,#1907,#1908,#1909,#1910,#1911,#1912),.UNSPECIFIED.,.F.,
  .F.,(4,1,1,1,1,1,1,1,1,1,1,1,1,1,1,1,1,1,1,1,1,1,1,1,1,1,1,1,1,1,1,1,1
    ,1,1,1,1,1,1,1,1,1,1,1,1,1,1,1,1,1,1,1,1,1,1,1,1,1,1,1,1,1,1,1,1,1,1
    ,1,1,1,1,1,1,1,1,1,1,1,1,1,1,1,1,1,1,1,1,4),(0.,0.992081890607,
    1.984163781215,2.976245671822,3.968327562429,4.960409453037,
    5.952491343644,6.944573234251,7.936655124858,8.928737015466,
    9.920818906073,10.91290079668,11.904982687288,12.897064577895,
    13.889146468502,14.881228359109,15.873310249717,16.865392140324,
    17.857474030931,18.849555921539,19.841637812146,20.833719702753,
    21.825801593361,22.817883483968,23.809965374575,24.802047265183,
    25.79412915579,26.786211046397,27.778292937005,28.770374827612,
    29.762456718219,30.754538608826,31.746620499434,32.738702390041,
    33.730784280648,34.722866171256,35.714948061863,36.70702995247,
    37.699111843078,38.691193733685,39.683275624292,40.675357514899,
    41.667439405507,42.659521296114,43.651603186721,44.643685077329,
    45.635766967936,46.627848858543,47.61993074915,48.612012639758,
    49.604094530365,50.596176420972,51.58825831158,52.580340202187,
    53.572422092794,54.564503983402,55.556585874009,56.548667764616,
    57.540749655224,58.532831545831,59.524913436438,60.516995327045,
    61.509077217653,62.005118162956,62.50115910826,63.493240998867,
    64.485322889475,64.981363834778,65.477404780082,66.469486670689,
    66.965527615993,67.461568561297,67.9576095066,68.453650451904,
    68.949691397208,69.445732342511,69.941773287815,70.437814233119,
    70.933855178422,71.429896123726,71.92593706903,72.421978014333,
    72.918018959637,73.41405990494,73.910100850244,74.406141795548,
    74.902182740851,75.398223686155),.UNSPECIFIED.);
#1823 = CARTESIAN_POINT('',(0.557518438625,0.33348113497,
    1.000000007245E-07));
#1824 = CARTESIAN_POINT('',(0.456190870239,0.523261915051,
    1.000000011686E-07));
#1825 = CARTESIAN_POINT('',(4.626223342587E-02,0.800439739013,
    1.000000007245E-07));
#1826 = CARTESIAN_POINT('',(-0.669952318441,0.498625432434,
    1.000000007245E-07));
#1827 = CARTESIAN_POINT('',(-0.810759692324,-0.295414769674,
    1.000000016127E-07));
#1828 = CARTESIAN_POINT('',(-0.201225414913,-0.867444609374,
    1.000000011686E-07));
#1829 = CARTESIAN_POINT('',(0.64055151303,-0.661460548379,
    1.000000020568E-07));
#1830 = CARTESIAN_POINT('',(0.936970915974,0.184687038666,
    1.000000011686E-07));
#1831 = CARTESIAN_POINT('',(0.371531709201,0.918780015108,
    1.000000016127E-07));
#1832 = CARTESIAN_POINT('',(-0.582308574764,0.843337373832,
    1.000000016127E-07));
#1833 = CARTESIAN_POINT('',(-1.054191349268,-2.344878978702E-02,
    1.000000007245E-07));
#1834 = CARTESIAN_POINT('',(-0.571374846828,-0.918563187612,
    1.000000011686E-07));
#1835 = CARTESIAN_POINT('',(0.472184047614,-1.00535103879,
    1.000000011686E-07));
#1836 = CARTESIAN_POINT('',(1.133253248685,-0.154750096197,
    1.000000011686E-07));
#1837 = CARTESIAN_POINT('',(0.771925910238,0.892050470035,
    1.000000011686E-07));
#1838 = CARTESIAN_POINT('',(-0.331518386816,1.16844871609,
    1.000000002804E-07));
#1839 = CARTESIAN_POINT('',(-1.187864597826,0.374657495797,
    1.000000011686E-07));
#1840 = CARTESIAN_POINT('',(-0.985679010972,-0.805944755861,
    1.000000011686E-07));
#1841 = CARTESIAN_POINT('',(0.141289591418,-1.293517950671,
    1.000000011686E-07));
#1842 = CARTESIAN_POINT('',(1.190488995307,-0.599350781757,
    1.000000011686E-07));
#1843 = CARTESIAN_POINT('',(1.182129122203,0.688801713291,
    1.000000011686E-07));
#1844 = CARTESIAN_POINT('',(7.334642254428E-02,1.401924637321,
    1.000000007245E-07));
#1845 = CARTESIAN_POINT('',(-1.157254493393,0.850636516577,
    1.000000016127E-07));
#1846 = CARTESIAN_POINT('',(-1.372698436813,-0.51099938332,
    1.000000016127E-07));
#1847 = CARTESIAN_POINT('',(-0.327721614622,-1.45571118215,
    1.000000011686E-07));
#1848 = CARTESIAN_POINT('',(1.063644091383,-1.089153907363,
    1.000000011686E-07));
#1849 = CARTESIAN_POINT('',(1.526535530881,0.304982897079,
    1.000000016127E-07));
#1850 = CARTESIAN_POINT('',(0.593230184619,1.478127180863,
    1.000000011686E-07));
#1851 = CARTESIAN_POINT('',(-0.929288557896,1.334876235865,
    1.000000011686E-07));
#1852 = CARTESIAN_POINT('',(-1.655486670613,-4.508592228343E-02,
    1.000000016127E-07));
#1853 = CARTESIAN_POINT('',(-0.882130192715,-1.433780067971,
    1.000000007245E-07));
#1854 = CARTESIAN_POINT('',(0.733534978876,-1.547302871485,
    1.000000011686E-07));
#1855 = CARTESIAN_POINT('',(1.729904849457,-0.232374909357,
    1.000000016127E-07));
#1856 = CARTESIAN_POINT('',(1.163247074793,1.349090169226,
    1.000000011686E-07));
#1857 = CARTESIAN_POINT('',(-0.500103639426,1.746026851613,
    1.000000002804E-07));
#1858 = CARTESIAN_POINT('',(-1.76360145209,0.549428773015,
    1.000000011686E-07));
#1859 = CARTESIAN_POINT('',(-1.446889564425,-1.192341437896,
    1.000000016127E-07));
#1860 = CARTESIAN_POINT('',(0.212509327253,-1.890967025548,
    1.000000020568E-07));
#1861 = CARTESIAN_POINT('',(1.729607372993,-0.866501503929,
    1.000000007245E-07));
#1862 = CARTESIAN_POINT('',(1.700647607609,0.994015638095,
    1.000000016127E-07));
#1863 = CARTESIAN_POINT('',(0.101436043894,2.002947710807,
    1.000000011686E-07));
#1864 = CARTESIAN_POINT('',(-1.645050603136,1.202879565876,
    1.000000007245E-07));
#1865 = CARTESIAN_POINT('',(-1.934377446431,-0.726705162343,
    1.000000007245E-07));
#1866 = CARTESIAN_POINT('',(-0.454361083515,-2.04391384395,
    1.000000016127E-07));
#1867 = CARTESIAN_POINT('',(1.486824775949,-1.516881123153,
    1.000000007245E-07));
#1868 = CARTESIAN_POINT('',(2.116030005761,0.425296837686,
    1.000000016127E-07));
#1869 = CARTESIAN_POINT('',(0.815010372437,2.037464456433,
    1.000000016127E-07));
#1870 = CARTESIAN_POINT('',(-1.276396299283,1.826420706276,
    1.000000007245E-07));
#1871 = CARTESIAN_POINT('',(-2.256553690563,-6.672465349125E-02,
    1.000000011686E-07));
#1872 = CARTESIAN_POINT('',(-1.193316427687,-1.949015889258,
    1.000000016127E-07));
#1873 = CARTESIAN_POINT('',(0.99573400732,-2.089076435827,
    1.000000011686E-07));
#1874 = CARTESIAN_POINT('',(2.326365693365,-0.310254590083,
    1.000000025009E-07));
#1875 = CARTESIAN_POINT('',(1.554910543518,1.806392313045,
    1.000000011686E-07));
#1876 = CARTESIAN_POINT('',(-0.668845430317,2.323741203083,
    1.000000011686E-07));
#1877 = CARTESIAN_POINT('',(-2.339465673693,0.724301495834,
    1.000000011686E-07));
#1878 = CARTESIAN_POINT('',(-1.908314776176,-1.578873429604,
    1.000000016127E-07));
#1879 = CARTESIAN_POINT('',(0.283790271891,-2.488631093822,
    1.000000011686E-07));
#1880 = CARTESIAN_POINT('',(2.26884304382,-1.133736892192,
    1.000000016127E-07));
#1881 = CARTESIAN_POINT('',(2.219475710163,1.299282697963,
    1.000000016127E-07));
#1882 = CARTESIAN_POINT('',(0.129334286289,2.604279095855,
    1.000000011686E-07));
#1883 = CARTESIAN_POINT('',(-2.132621570937,1.555090686153,
    1.000000007245E-07));
#1884 = CARTESIAN_POINT('',(-2.497018658937,-0.942156168342,
    1.000000016127E-07));
#1885 = CARTESIAN_POINT('',(-0.579616507607,-2.632957542569,
    1.000000007245E-07));
#1886 = CARTESIAN_POINT('',(1.492651111651,-2.05840796738,
    1.000000011686E-07));
#1887 = CARTESIAN_POINT('',(2.311122668334,-0.70053540989,
    1.000000011686E-07));
#1888 = CARTESIAN_POINT('',(2.425797458804,0.887429511727,
    1.000000020568E-07));
#1889 = CARTESIAN_POINT('',(1.03679477281,2.598315814106,
    1.000000016127E-07));
#1890 = CARTESIAN_POINT('',(-1.17820724615,2.362312041725,
    1.000000007245E-07));
#1891 = CARTESIAN_POINT('',(-2.244330628246,1.117989326017,
    1.000000007245E-07));
#1892 = CARTESIAN_POINT('',(-2.628734026801,-0.489342193185,
    1.000000007245E-07));
#1893 = CARTESIAN_POINT('',(-1.732879152682,-2.061457054395,
    1.000000007245E-07));
#1894 = CARTESIAN_POINT('',(-0.120652700047,-2.555453263623,
    1.000000011686E-07));
#1895 = CARTESIAN_POINT('',(1.113026247912,-2.322246967905,
    1.000000011686E-07));
#1896 = CARTESIAN_POINT('',(2.099457893007,-1.515271424792,
    1.000000025009E-07));
#1897 = CARTESIAN_POINT('',(2.581634824981,-0.335449738896,
    1.000000016127E-07));
#1898 = CARTESIAN_POINT('',(2.445328396265,0.941501903889,
    1.000000011686E-07));
#1899 = CARTESIAN_POINT('',(1.712715004813,2.003708041925,
    1.000000016127E-07));
#1900 = CARTESIAN_POINT('',(0.557236343538,2.592987694998,
    1.000000011686E-07));
#1901 = CARTESIAN_POINT('',(-0.746639952942,2.560736642119,
    1.000000011686E-07));
#1902 = CARTESIAN_POINT('',(-1.883667668025,1.908419112477,
    1.000000007245E-07));
#1903 = CARTESIAN_POINT('',(-2.576977168841,0.787629921327,
    1.000000016127E-07));
#1904 = CARTESIAN_POINT('',(-2.653375271058,-0.53484432891,
    1.000000011686E-07));
#1905 = CARTESIAN_POINT('',(-2.088356043384,-1.740599276067,
    1.000000011686E-07));
#1906 = CARTESIAN_POINT('',(-1.011850541797,-2.535935501498,
    1.000000011686E-07));
#1907 = CARTESIAN_POINT('',(0.320181479836,-2.724187979715,
    1.000000002804E-07));
#1908 = CARTESIAN_POINT('',(1.587684177207,-2.253022073097,
    1.000000011686E-07));
#1909 = CARTESIAN_POINT('',(2.482649377553,-1.230504906329,
    1.000000011686E-07));
#1910 = CARTESIAN_POINT('',(2.784572358289,0.101899650498,
    1.000000025009E-07));
#1911 = CARTESIAN_POINT('',(2.537333975244,0.982734613365,
    1.000000020568E-07));
#1912 = CARTESIAN_POINT('',(2.315563944628,1.368312521634,
    1.000000016127E-07));
#1913 = PCURVE('',#276,#1914);
#1914 = DEFINITIONAL_REPRESENTATION('',(#1915),#1919);
#1915 = LINE('',#1916,#1917);
#1916 = CARTESIAN_POINT('',(-1.273937554293E-18,1.47247846454E-16));
#1917 = VECTOR('',#1918,1.);
#1918 = DIRECTION('',(1.689612157968E-20,1.));
#1919 = ( GEOMETRIC_REPRESENTATION_CONTEXT(2) 
PARAMETRIC_REPRESENTATION_CONTEXT() REPRESENTATION_CONTEXT('2D SPACE',''
  ) );
#1920 = PCURVE('',#45,#1921);
#1921 = DEFINITIONAL_REPRESENTATION('',(#1922),#2013);
#1922 = B_SPLINE_CURVE_WITH_KNOTS('',3,(#1923,#1924,#1925,#1926,#1927,
    #1928,#1929,#1930,#1931,#1932,#1933,#1934,#1935,#1936,#1937,#1938,
    #1939,#1940,#1941,#1942,#1943,#1944,#1945,#1946,#1947,#1948,#1949,
    #1950,#1951,#1952,#1953,#1954,#1955,#1956,#1957,#1958,#1959,#1960,
    #1961,#1962,#1963,#1964,#1965,#1966,#1967,#1968,#1969,#1970,#1971,
    #1972,#1973,#1974,#1975,#1976,#1977,#1978,#1979,#1980,#1981,#1982,
    #1983,#1984,#1985,#1986,#1987,#1988,#1989,#1990,#1991,#1992,#1993,
    #1994,#1995,#1996,#1997,#1998,#1999,#2000,#2001,#2002,#2003,#2004,
    #2005,#2006,#2007,#2008,#2009,#2010,#2011,#2012),.UNSPECIFIED.,.F.,
  .F.,(4,1,1,1,1,1,1,1,1,1,1,1,1,1,1,1,1,1,1,1,1,1,1,1,1,1,1,1,1,1,1,1,1
    ,1,1,1,1,1,1,1,1,1,1,1,1,1,1,1,1,1,1,1,1,1,1,1,1,1,1,1,1,1,1,1,1,1,1
    ,1,1,1,1,1,1,1,1,1,1,1,1,1,1,1,1,1,1,1,1,4),(0.,0.992081890607,
    1.984163781215,2.976245671822,3.968327562429,4.960409453037,
    5.952491343644,6.944573234251,7.936655124858,8.928737015466,
    9.920818906073,10.91290079668,11.904982687288,12.897064577895,
    13.889146468502,14.881228359109,15.873310249717,16.865392140324,
    17.857474030931,18.849555921539,19.841637812146,20.833719702753,
    21.825801593361,22.817883483968,23.809965374575,24.802047265183,
    25.79412915579,26.786211046397,27.778292937005,28.770374827612,
    29.762456718219,30.754538608826,31.746620499434,32.738702390041,
    33.730784280648,34.722866171256,35.714948061863,36.70702995247,
    37.699111843078,38.691193733685,39.683275624292,40.675357514899,
    41.667439405507,42.659521296114,43.651603186721,44.643685077329,
    45.635766967936,46.627848858543,47.61993074915,48.612012639758,
    49.604094530365,50.596176420972,51.58825831158,52.580340202187,
    53.572422092794,54.564503983402,55.556585874009,56.548667764616,
    57.540749655224,58.532831545831,59.524913436438,60.516995327045,
    61.509077217653,62.005118162956,62.50115910826,63.493240998867,
    64.485322889475,64.981363834778,65.477404780082,66.469486670689,
    66.965527615993,67.461568561297,67.9576095066,68.453650451904,
    68.949691397208,69.445732342511,69.941773287815,70.437814233119,
    70.933855178422,71.429896123726,71.92593706903,72.421978014333,
    72.918018959637,73.41405990494,73.910100850244,74.406141795548,
    74.902182740851,75.398223686155),.UNSPECIFIED.);
#1923 = CARTESIAN_POINT('',(0.,0.));
#1924 = CARTESIAN_POINT('',(0.214951076298,8.947368421053E-03));
#1925 = CARTESIAN_POINT('',(0.661763942693,-0.203719732466));
#1926 = CARTESIAN_POINT('',(0.764978654718,-0.974045561698));
#1927 = CARTESIAN_POINT('',(0.152112517986,-1.498184529484));
#1928 = CARTESIAN_POINT('',(-0.650053996963,-1.263069546676));
#1929 = CARTESIAN_POINT('',(-0.899548032682,-0.433147528688));
#1930 = CARTESIAN_POINT('',(-0.320713787075,0.251528392911));
#1931 = CARTESIAN_POINT('',(0.598748515199,0.136623783287));
#1932 = CARTESIAN_POINT('',(1.017587861893,-0.723653196004));
#1933 = CARTESIAN_POINT('',(0.509974913985,-1.5700105091));
#1934 = CARTESIAN_POINT('',(-0.506341515024,-1.60799045576));
#1935 = CARTESIAN_POINT('',(-1.110500578524,-0.752689851719));
#1936 = CARTESIAN_POINT('',(-0.712804496906,0.248495585055));
#1937 = CARTESIAN_POINT('',(0.372605258893,0.468119201704));
#1938 = CARTESIAN_POINT('',(1.170546183585,-0.342606145024));
#1939 = CARTESIAN_POINT('',(0.920866207832,-1.483260888683));
#1940 = CARTESIAN_POINT('',(-0.199124220654,-1.907904419484));
#1941 = CARTESIAN_POINT('',(-1.190986154733,-1.18402890892));
#1942 = CARTESIAN_POINT('',(-1.124989587228,7.228789053728E-02));
#1943 = CARTESIAN_POINT('',(-1.063578132545E-02,0.718524947078));
#1944 = CARTESIAN_POINT('',(1.166376812015,0.124736487307));
#1945 = CARTESIAN_POINT('',(1.315531149801,-1.215431483471));
#1946 = CARTESIAN_POINT('',(0.251379326317,-2.091815710405));
#1947 = CARTESIAN_POINT('',(-1.09284672581,-1.670492482293));
#1948 = CARTESIAN_POINT('',(-1.482750908787,-0.285487972681));
#1949 = CARTESIAN_POINT('',(-0.516112990359,0.820630035905));
#1950 = CARTESIAN_POINT('',(0.968325588882,0.611420847778));
#1951 = CARTESIAN_POINT('',(1.617202305281,-0.77333297925));
#1952 = CARTESIAN_POINT('',(0.796347564786,-2.099174882284));
#1953 = CARTESIAN_POINT('',(-0.79271177759,-2.137149592052));
#1954 = CARTESIAN_POINT('',(-1.710123191535,-0.802377075415));
#1955 = CARTESIAN_POINT('',(-1.082364181863,0.72330542444));
#1956 = CARTESIAN_POINT('',(0.567970536285,1.037197358774));
#1957 = CARTESIAN_POINT('',(1.753813809198,-0.194902499356));
#1958 = CARTESIAN_POINT('',(1.363536024373,-1.890767156392));
#1959 = CARTESIAN_POINT('',(-0.298157452915,-2.501377240608));
#1960 = CARTESIAN_POINT('',(-1.741987664118,-1.425720829554));
#1961 = CARTESIAN_POINT('',(-1.62869534453,0.401375483096));
#1962 = CARTESIAN_POINT('',(-1.063540602742E-02,1.320203399079));
#1963 = CARTESIAN_POINT('',(1.670081660806,0.453824905509));
#1964 = CARTESIAN_POINT('',(1.866534107887,-1.457125402799));
#1965 = CARTESIAN_POINT('',(0.350409960117,-2.685284518784));
#1966 = CARTESIAN_POINT('',(-1.535511700808,-2.078006465294));
#1967 = CARTESIAN_POINT('',(-2.06602765591,-0.137769662438));
#1968 = CARTESIAN_POINT('',(-0.711461030691,1.389680405694));
#1969 = CARTESIAN_POINT('',(1.337852689059,1.086283313956));
#1970 = CARTESIAN_POINT('',(2.216886389863,-0.823120017936));
#1971 = CARTESIAN_POINT('',(1.082603027324,-2.62814331927));
#1972 = CARTESIAN_POINT('',(-1.078879785972,-2.666689671133));
#1973 = CARTESIAN_POINT('',(-2.310022389697,-0.851242989734));
#1974 = CARTESIAN_POINT('',(-1.452046743089,1.197821585294));
#1975 = CARTESIAN_POINT('',(0.763388344315,1.606703639495));
#1976 = CARTESIAN_POINT('',(2.337278231164,-4.726465804361E-02));
#1977 = CARTESIAN_POINT('',(1.806357875081,-2.298331727281));
#1978 = CARTESIAN_POINT('',(-0.397198403518,-3.095103690041));
#1979 = CARTESIAN_POINT('',(-2.293205501427,-1.667469060998));
#1980 = CARTESIAN_POINT('',(-2.132533565296,0.730521208769));
#1981 = CARTESIAN_POINT('',(-1.074629920177E-02,1.922175628956));
#1982 = CARTESIAN_POINT('',(2.174149289355,0.782904793108));
#1983 = CARTESIAN_POINT('',(2.417395342139,-1.69864149437));
#1984 = CARTESIAN_POINT('',(0.450148250936,-3.27945330233));
#1985 = CARTESIAN_POINT('',(-1.979603555218,-2.484754329447));
#1986 = CARTESIAN_POINT('',(-2.535663984306,-0.407449080001));
#1987 = CARTESIAN_POINT('',(-1.780653351232,0.986707480585));
#1988 = CARTESIAN_POINT('',(-0.470336919025,1.891060148158));
#1989 = CARTESIAN_POINT('',(1.708682468625,1.561917459325));
#1990 = CARTESIAN_POINT('',(2.628902193777,-0.466660215307));
#1991 = CARTESIAN_POINT('',(2.097373752346,-2.016639441823));
#1992 = CARTESIAN_POINT('',(0.907192746452,-3.163264820336));
#1993 = CARTESIAN_POINT('',(-0.902075983109,-3.18871588227));
#1994 = CARTESIAN_POINT('',(-2.14563007684,-2.049909662903));
#1995 = CARTESIAN_POINT('',(-2.570464594612,-0.868442542959));
#1996 = CARTESIAN_POINT('',(-2.37541101624,0.391006153572));
#1997 = CARTESIAN_POINT('',(-1.603250040926,1.405028457291));
#1998 = CARTESIAN_POINT('',(-0.433645497974,1.935320974332));
#1999 = CARTESIAN_POINT('',(0.853382962412,1.842789881325));
#2000 = CARTESIAN_POINT('',(1.947356507103,1.145937436612));
#2001 = CARTESIAN_POINT('',(2.58098067247,5.913777209766E-03));
#2002 = CARTESIAN_POINT('',(2.595602273254,-1.304863241637));
#2003 = CARTESIAN_POINT('',(1.981416014156,-2.470891420565));
#2004 = CARTESIAN_POINT('',(0.880479367892,-3.20758220609));
#2005 = CARTESIAN_POINT('',(-0.445242052233,-3.332299632524));
#2006 = CARTESIAN_POINT('',(-1.676731737447,-2.808031607903));
#2007 = CARTESIAN_POINT('',(-2.514665544972,-1.755598599861));
#2008 = CARTESIAN_POINT('',(-2.751587343605,-0.424272771698));
#2009 = CARTESIAN_POINT('',(-2.324384583527,0.865689192062));
#2010 = CARTESIAN_POINT('',(-1.329292197995,1.801771738426));
#2011 = CARTESIAN_POINT('',(-0.444783380956,2.035526315789));
#2012 = CARTESIAN_POINT('',(-7.993605777301E-15,2.04));
#2013 = ( GEOMETRIC_REPRESENTATION_CONTEXT(2) 
PARAMETRIC_REPRESENTATION_CONTEXT() REPRESENTATION_CONTEXT('2D SPACE',''
  ) );
#2014 = ORIENTED_EDGE('',*,*,#2015,.F.);
#2015 = EDGE_CURVE('',#1591,#1819,#2016,.T.);
#2016 = SURFACE_CURVE('',#2017,(#2021,#2027),.PCURVE_S1.);
#2017 = LINE('',#2018,#2019);
#2018 = CARTESIAN_POINT('',(0.557518438625,0.33348113497,0.1600001));
#2019 = VECTOR('',#2020,1.);
#2020 = DIRECTION('',(0.,4.300966773254E-17,-1.));
#2021 = PCURVE('',#276,#2022);
#2022 = DEFINITIONAL_REPRESENTATION('',(#2023),#2026);
#2023 = B_SPLINE_CURVE_WITH_KNOTS('',1,(#2024,#2025),.UNSPECIFIED.,.F.,
  .F.,(2,2),(0.,0.16),.PIECEWISE_BEZIER_KNOTS.);
#2024 = CARTESIAN_POINT('',(1.6E-02,1.869040436995E-18));
#2025 = CARTESIAN_POINT('',(-1.273937554293E-18,-2.326026454343E-17));
#2026 = ( GEOMETRIC_REPRESENTATION_CONTEXT(2) 
PARAMETRIC_REPRESENTATION_CONTEXT() REPRESENTATION_CONTEXT('2D SPACE',''
  ) );
#2027 = PCURVE('',#1380,#2028);
#2028 = DEFINITIONAL_REPRESENTATION('',(#2029),#2033);
#2029 = LINE('',#2030,#2031);
#2030 = CARTESIAN_POINT('',(-1.E-02,8.E-02));
#2031 = VECTOR('',#2032,1.);
#2032 = DIRECTION('',(0.,-1.));
#2033 = ( GEOMETRIC_REPRESENTATION_CONTEXT(2) 
PARAMETRIC_REPRESENTATION_CONTEXT() REPRESENTATION_CONTEXT('2D SPACE',''
  ) );
#2034 = ORIENTED_EDGE('',*,*,#1590,.T.);
#2035 = ADVANCED_FACE('',(#2036),#45,.T.);
#2036 = FACE_BOUND('',#2037,.T.);
#2037 = EDGE_LOOP('',(#2038,#2039,#2060,#2061,#2062,#2063,#2064,#2065));
#2038 = ORIENTED_EDGE('',*,*,#1392,.F.);
#2039 = ORIENTED_EDGE('',*,*,#2040,.F.);
#2040 = EDGE_CURVE('',#1819,#1366,#2041,.T.);
#2041 = SURFACE_CURVE('',#2042,(#2046,#2053),.PCURVE_S1.);
#2042 = LINE('',#2043,#2044);
#2043 = CARTESIAN_POINT('',(0.557518438625,0.33348113497,
    1.000000007245E-07));
#2044 = VECTOR('',#2045,1.);
#2045 = DIRECTION('',(0.861787012746,0.50727028758,0.));
#2046 = PCURVE('',#45,#2047);
#2047 = DEFINITIONAL_REPRESENTATION('',(#2048),#2052);
#2048 = LINE('',#2049,#2050);
#2049 = CARTESIAN_POINT('',(-0.,0.));
#2050 = VECTOR('',#2051,1.);
#2051 = DIRECTION('',(-4.163336342344E-17,1.));
#2052 = ( GEOMETRIC_REPRESENTATION_CONTEXT(2) 
PARAMETRIC_REPRESENTATION_CONTEXT() REPRESENTATION_CONTEXT('2D SPACE',''
  ) );
#2053 = PCURVE('',#1380,#2054);
#2054 = DEFINITIONAL_REPRESENTATION('',(#2055),#2059);
#2055 = LINE('',#2056,#2057);
#2056 = CARTESIAN_POINT('',(-1.E-02,-8.E-02));
#2057 = VECTOR('',#2058,1.);
#2058 = DIRECTION('',(1.,0.));
#2059 = ( GEOMETRIC_REPRESENTATION_CONTEXT(2) 
PARAMETRIC_REPRESENTATION_CONTEXT() REPRESENTATION_CONTEXT('2D SPACE',''
  ) );
#2060 = ORIENTED_EDGE('',*,*,#1818,.T.);
#2061 = ORIENTED_EDGE('',*,*,#665,.T.);
#2062 = ORIENTED_EDGE('',*,*,#21,.T.);
#2063 = ORIENTED_EDGE('',*,*,#1121,.F.);
#2064 = ORIENTED_EDGE('',*,*,#182,.F.);
#2065 = ORIENTED_EDGE('',*,*,#1074,.F.);
#2066 = ADVANCED_FACE('',(#2067),#1380,.T.);
#2067 = FACE_BOUND('',#2068,.T.);
#2068 = EDGE_LOOP('',(#2069,#2070,#2071,#2072));
#2069 = ORIENTED_EDGE('',*,*,#2040,.T.);
#2070 = ORIENTED_EDGE('',*,*,#1365,.T.);
#2071 = ORIENTED_EDGE('',*,*,#1787,.T.);
#2072 = ORIENTED_EDGE('',*,*,#2015,.T.);
#2073 = ( GEOMETRIC_REPRESENTATION_CONTEXT(3) 
GLOBAL_UNCERTAINTY_ASSIGNED_CONTEXT((#2077)) 
GLOBAL_UNIT_ASSIGNED_CONTEXT((#2074,#2075,#2076)) REPRESENTATION_CONTEXT
('Context #1','3D Context with UNIT and UNCERTAINTY') );
#2074 = ( LENGTH_UNIT() NAMED_UNIT(*) SI_UNIT(.MILLI.,.METRE.) );
#2075 = ( NAMED_UNIT(*) PLANE_ANGLE_UNIT() SI_UNIT($,.RADIAN.) );
#2076 = ( NAMED_UNIT(*) SI_UNIT($,.STERADIAN.) SOLID_ANGLE_UNIT() );
#2077 = UNCERTAINTY_MEASURE_WITH_UNIT(LENGTH_MEASURE(1.E-07),#2074,
  'distance_accuracy_value','confusion accuracy');
#2078 = PRODUCT_RELATED_PRODUCT_CATEGORY('part',$,(#7));
ENDSEC;
END-ISO-10303-21;
