ISO-10303-21;
HEADER;
FILE_DESCRIPTION(('Open CASCADE Model'),'2;1');
FILE_NAME('Open CASCADE Shape Model','2026-09-01T11:17:23',('Author'),(
    'Open CASCADE'),'Open CASCADE STEP processor 7.9','Open CASCADE 7.9'
  ,'Unknown');
FILE_SCHEMA(('AUTOMOTIVE_DESIGN { 1 0 10303 214 1 1 1 1 }'));
ENDSEC;
DATA;
#1 = APPLICATION_PROTOCOL_DEFINITION('international standard',
  'automotive_design',2000,#2);
#2 = APPLICATION_CONTEXT(
  'core data for automotive mechanical design processes');
#3 = SHAPE_DEFINITION_REPRESENTATION(#4,#10);
#4 = PRODUCT_DEFINITION_SHAPE('','',#5);
#5 = PRODUCT_DEFINITION('design','',#6,#9);
#6 = PRODUCT_DEFINITION_FORMATION('','',#7);
#7 = PRODUCT('Open CASCADE STEP translator 7.9 16',
  'Open CASCADE STEP translator 7.9 16','',(#8));
#8 = PRODUCT_CONTEXT('',#2,'mechanical');
#9 = PRODUCT_DEFINITION_CONTEXT('part definition',#2,'design');
#10 = ADVANCED_BREP_SHAPE_REPRESENTATION('',(#11,#15),#11180);
#11 = AXIS2_PLACEMENT_3D('',#12,#13,#14);
#12 = CARTESIAN_POINT('',(0.,0.,0.));
#13 = DIRECTION('',(0.,0.,1.));
#14 = DIRECTION('',(1.,0.,-0.));
#15 = MANIFOLD_SOLID_BREP('',#16);
#16 = CLOSED_SHELL('',(#17,#133,#189,#193,#309,#313,#373,#489,#528,#584,
    #690,#697,#725,#836,#892,#899,#1014,#1100,#1176,#1254,#1332,#1437,
    #1523,#1599,#1677,#1726,#1831,#1917,#1993,#2071,#2120,#2225,#2311,
    #2387,#2465,#2514,#2619,#2705,#2781,#2859,#2908,#3013,#3099,#3175,
    #3253,#3302,#3407,#3493,#3569,#3647,#3696,#3801,#3887,#3963,#4041,
    #4090,#4195,#4281,#4357,#4435,#4484,#4589,#4675,#4751,#4829,#4878,
    #4983,#5069,#5145,#5223,#5272,#5377,#5463,#5539,#5617,#5666,#5771,
    #5857,#5933,#6011,#6060,#6165,#6251,#6327,#6405,#6454,#6559,#6645,
    #6721,#6799,#6848,#6953,#7039,#7115,#7193,#7242,#7347,#7433,#7509,
    #7587,#7636,#7741,#7827,#7903,#7981,#8030,#8135,#8221,#8297,#8375,
    #8424,#8529,#8615,#8691,#8769,#8818,#8923,#9009,#9085,#9163,#9212,
    #9317,#9403,#9479,#9557,#9606,#9711,#9797,#9873,#9951,#10000,#10105,
    #10191,#10267,#10345,#10394,#10655,#10726,#10780,#10829,#10857,
    #10885,#10940,#10995,#11049));
#17 = ADVANCED_FACE('',(#18),#31,.T.);
#18 = FACE_BOUND('',#19,.T.);
#19 = EDGE_LOOP('',(#20,#58,#81,#110,#132));
#20 = ORIENTED_EDGE('',*,*,#21,.T.);
#21 = EDGE_CURVE('',#22,#22,#24,.T.);
#22 = VERTEX_POINT('',#23);
#23 = CARTESIAN_POINT('',(2.337246826977E-02,-6.358547057225E-02,
    4.2100001));
#24 = SURFACE_CURVE('',#25,(#30,#42),.PCURVE_S1.);
#25 = CIRCLE('',#26,6.5E-02);
#26 = AXIS2_PLACEMENT_3D('',#27,#28,#29);
#27 = CARTESIAN_POINT('',(4.274670849122E-03,-1.45436617453E-03,
    4.2100001));
#28 = DIRECTION('',(6.121599219673E-17,-9.236020009621E-18,-1.));
#29 = DIRECTION('',(-0.29381226801,0.95586314458,-2.68143806356E-17));
#30 = PCURVE('',#31,#36);
#31 = CONICAL_SURFACE('',#32,8.E-02,0.785398163397);
#32 = AXIS2_PLACEMENT_3D('',#33,#34,#35);
#33 = CARTESIAN_POINT('',(4.274670849122E-03,-1.45436617453E-03,
    4.1950001));
#34 = DIRECTION('',(5.551115123126E-17,-7.318533788671E-33,-1.));
#35 = DIRECTION('',(-0.29381226801,0.95586314458,-2.68143806356E-17));
#36 = DEFINITIONAL_REPRESENTATION('',(#37),#41);
#37 = LINE('',#38,#39);
#38 = CARTESIAN_POINT('',(-6.28318530718,-1.5E-02));
#39 = VECTOR('',#40,1.);
#40 = DIRECTION('',(1.,0.));
#41 = ( GEOMETRIC_REPRESENTATION_CONTEXT(2) 
PARAMETRIC_REPRESENTATION_CONTEXT() REPRESENTATION_CONTEXT('2D SPACE',''
  ) );
#42 = PCURVE('',#43,#48);
#43 = PLANE('',#44);
#44 = AXIS2_PLACEMENT_3D('',#45,#46,#47);
#45 = CARTESIAN_POINT('',(4.274670849122E-03,-1.45436617453E-03,
    4.2100001));
#46 = DIRECTION('',(-5.551115123126E-17,7.318533788671E-33,1.));
#47 = DIRECTION('',(-0.95586314458,-0.29381226801,-5.580045481335E-17));
#48 = DEFINITIONAL_REPRESENTATION('',(#49),#57);
#49 = ( BOUNDED_CURVE() B_SPLINE_CURVE(2,(#50,#51,#52,#53,#54,#55,#56),
.UNSPECIFIED.,.T.,.F.) B_SPLINE_CURVE_WITH_KNOTS((1,2,2,2,2,1),(
    -2.094395102393,0.,2.094395102393,4.188790204786,6.28318530718,
8.377580409573),.UNSPECIFIED.) CURVE() GEOMETRIC_REPRESENTATION_ITEM() 
RATIONAL_B_SPLINE_CURVE((1.,0.5,1.,0.5,1.,0.5,1.)) REPRESENTATION_ITEM(
  '') );
#50 = CARTESIAN_POINT('',(-7.216449660064E-18,-6.5E-02));
#51 = CARTESIAN_POINT('',(-0.112583302492,-6.5E-02));
#52 = CARTESIAN_POINT('',(-5.629165124599E-02,3.25E-02));
#53 = CARTESIAN_POINT('',(-1.487509068789E-18,0.13));
#54 = CARTESIAN_POINT('',(5.629165124599E-02,3.25E-02));
#55 = CARTESIAN_POINT('',(0.112583302492,-6.5E-02));
#56 = CARTESIAN_POINT('',(-7.216449660064E-18,-6.5E-02));
#57 = ( GEOMETRIC_REPRESENTATION_CONTEXT(2) 
PARAMETRIC_REPRESENTATION_CONTEXT() REPRESENTATION_CONTEXT('2D SPACE',''
  ) );
#58 = ORIENTED_EDGE('',*,*,#59,.T.);
#59 = EDGE_CURVE('',#22,#60,#62,.T.);
#60 = VERTEX_POINT('',#61);
#61 = CARTESIAN_POINT('',(3.218683631006E-02,-9.226136490966E-02,
    4.1800001));
#62 = SEAM_CURVE('',#63,(#67,#74),.PCURVE_S1.);
#63 = LINE('',#64,#65);
#64 = CARTESIAN_POINT('',(2.777965228992E-02,-7.792341774095E-02,
    4.1950001));
#65 = VECTOR('',#66,1.);
#66 = DIRECTION('',(0.207756647106,-0.675897311419,-0.707106781187));
#67 = PCURVE('',#31,#68);
#68 = DEFINITIONAL_REPRESENTATION('',(#69),#73);
#69 = LINE('',#70,#71);
#70 = CARTESIAN_POINT('',(3.14159265359,2.453269466693E-18));
#71 = VECTOR('',#72,1.);
#72 = DIRECTION('',(0.,1.));
#73 = ( GEOMETRIC_REPRESENTATION_CONTEXT(2) 
PARAMETRIC_REPRESENTATION_CONTEXT() REPRESENTATION_CONTEXT('2D SPACE',''
  ) );
#74 = PCURVE('',#31,#75);
#75 = DEFINITIONAL_REPRESENTATION('',(#76),#80);
#76 = LINE('',#77,#78);
#77 = CARTESIAN_POINT('',(-3.14159265359,2.453269466693E-18));
#78 = VECTOR('',#79,1.);
#79 = DIRECTION('',(0.,1.));
#80 = ( GEOMETRIC_REPRESENTATION_CONTEXT(2) 
PARAMETRIC_REPRESENTATION_CONTEXT() REPRESENTATION_CONTEXT('2D SPACE',''
  ) );
#81 = ORIENTED_EDGE('',*,*,#82,.T.);
#82 = EDGE_CURVE('',#60,#83,#85,.T.);
#83 = VERTEX_POINT('',#84);
#84 = CARTESIAN_POINT('',(-2.363749461182E-02,8.93526325606E-02,
    4.1800001));
#85 = SURFACE_CURVE('',#86,(#91,#98),.PCURVE_S1.);
#86 = CIRCLE('',#87,9.5E-02);
#87 = AXIS2_PLACEMENT_3D('',#88,#89,#90);
#88 = CARTESIAN_POINT('',(4.274670849122E-03,-1.45436617453E-03,
    4.1800001));
#89 = DIRECTION('',(-6.121599219673E-17,9.236020009621E-18,1.));
#90 = DIRECTION('',(-0.29381226801,0.95586314458,-2.68143806356E-17));
#91 = PCURVE('',#31,#92);
#92 = DEFINITIONAL_REPRESENTATION('',(#93),#97);
#93 = LINE('',#94,#95);
#94 = CARTESIAN_POINT('',(6.28318530718,1.5E-02));
#95 = VECTOR('',#96,1.);
#96 = DIRECTION('',(-1.,0.));
#97 = ( GEOMETRIC_REPRESENTATION_CONTEXT(2) 
PARAMETRIC_REPRESENTATION_CONTEXT() REPRESENTATION_CONTEXT('2D SPACE',''
  ) );
#98 = PCURVE('',#99,#104);
#99 = CYLINDRICAL_SURFACE('',#100,9.5E-02);
#100 = AXIS2_PLACEMENT_3D('',#101,#102,#103);
#101 = CARTESIAN_POINT('',(4.274670849122E-03,-1.45436617453E-03,
    4.0600001));
#102 = DIRECTION('',(-5.551115123126E-17,7.318533788671E-33,1.));
#103 = DIRECTION('',(0.29381226801,-0.95586314458,2.68143806356E-17));
#104 = DEFINITIONAL_REPRESENTATION('',(#105),#109);
#105 = LINE('',#106,#107);
#106 = CARTESIAN_POINT('',(3.14159265359,0.12));
#107 = VECTOR('',#108,1.);
#108 = DIRECTION('',(1.,0.));
#109 = ( GEOMETRIC_REPRESENTATION_CONTEXT(2) 
PARAMETRIC_REPRESENTATION_CONTEXT() REPRESENTATION_CONTEXT('2D SPACE',''
  ) );
#110 = ORIENTED_EDGE('',*,*,#111,.T.);
#111 = EDGE_CURVE('',#83,#60,#112,.T.);
#112 = SURFACE_CURVE('',#113,(#118,#125),.PCURVE_S1.);
#113 = CIRCLE('',#114,9.5E-02);
#114 = AXIS2_PLACEMENT_3D('',#115,#116,#117);
#115 = CARTESIAN_POINT('',(4.274670849122E-03,-1.45436617453E-03,
    4.1800001));
#116 = DIRECTION('',(-6.121599219673E-17,9.236020009621E-18,1.));
#117 = DIRECTION('',(-0.29381226801,0.95586314458,-2.68143806356E-17));
#118 = PCURVE('',#31,#119);
#119 = DEFINITIONAL_REPRESENTATION('',(#120),#124);
#120 = LINE('',#121,#122);
#121 = CARTESIAN_POINT('',(0.,1.5E-02));
#122 = VECTOR('',#123,1.);
#123 = DIRECTION('',(-1.,0.));
#124 = ( GEOMETRIC_REPRESENTATION_CONTEXT(2) 
PARAMETRIC_REPRESENTATION_CONTEXT() REPRESENTATION_CONTEXT('2D SPACE',''
  ) );
#125 = PCURVE('',#99,#126);
#126 = DEFINITIONAL_REPRESENTATION('',(#127),#131);
#127 = LINE('',#128,#129);
#128 = CARTESIAN_POINT('',(3.14159265359,0.12));
#129 = VECTOR('',#130,1.);
#130 = DIRECTION('',(1.,0.));
#131 = ( GEOMETRIC_REPRESENTATION_CONTEXT(2) 
PARAMETRIC_REPRESENTATION_CONTEXT() REPRESENTATION_CONTEXT('2D SPACE',''
  ) );
#132 = ORIENTED_EDGE('',*,*,#59,.F.);
#133 = ADVANCED_FACE('',(#134),#99,.T.);
#134 = FACE_BOUND('',#135,.T.);
#135 = EDGE_LOOP('',(#136,#137,#138,#161,#188));
#136 = ORIENTED_EDGE('',*,*,#82,.F.);
#137 = ORIENTED_EDGE('',*,*,#111,.F.);
#138 = ORIENTED_EDGE('',*,*,#139,.T.);
#139 = EDGE_CURVE('',#83,#140,#142,.T.);
#140 = VERTEX_POINT('',#141);
#141 = CARTESIAN_POINT('',(-2.363749461182E-02,8.93526325606E-02,
    3.9100001));
#142 = SEAM_CURVE('',#143,(#147,#154),.PCURVE_S1.);
#143 = LINE('',#144,#145);
#144 = CARTESIAN_POINT('',(-2.363749461182E-02,8.93526325606E-02,
    4.0600001));
#145 = VECTOR('',#146,1.);
#146 = DIRECTION('',(5.551115123126E-17,-7.318533788671E-33,-1.));
#147 = PCURVE('',#99,#148);
#148 = DEFINITIONAL_REPRESENTATION('',(#149),#153);
#149 = LINE('',#150,#151);
#150 = CARTESIAN_POINT('',(3.14159265359,0.));
#151 = VECTOR('',#152,1.);
#152 = DIRECTION('',(0.,-1.));
#153 = ( GEOMETRIC_REPRESENTATION_CONTEXT(2) 
PARAMETRIC_REPRESENTATION_CONTEXT() REPRESENTATION_CONTEXT('2D SPACE',''
  ) );
#154 = PCURVE('',#99,#155);
#155 = DEFINITIONAL_REPRESENTATION('',(#156),#160);
#156 = LINE('',#157,#158);
#157 = CARTESIAN_POINT('',(9.424777960769,0.));
#158 = VECTOR('',#159,1.);
#159 = DIRECTION('',(0.,-1.));
#160 = ( GEOMETRIC_REPRESENTATION_CONTEXT(2) 
PARAMETRIC_REPRESENTATION_CONTEXT() REPRESENTATION_CONTEXT('2D SPACE',''
  ) );
#161 = ORIENTED_EDGE('',*,*,#162,.T.);
#162 = EDGE_CURVE('',#140,#140,#163,.T.);
#163 = SURFACE_CURVE('',#164,(#169,#176),.PCURVE_S1.);
#164 = CIRCLE('',#165,9.5E-02);
#165 = AXIS2_PLACEMENT_3D('',#166,#167,#168);
#166 = CARTESIAN_POINT('',(4.274670849122E-03,-1.45436617453E-03,
    3.9100001));
#167 = DIRECTION('',(-6.121599219673E-17,9.236020009621E-18,1.));
#168 = DIRECTION('',(0.95586314458,0.29381226801,5.580045481335E-17));
#169 = PCURVE('',#99,#170);
#170 = DEFINITIONAL_REPRESENTATION('',(#171),#175);
#171 = LINE('',#172,#173);
#172 = CARTESIAN_POINT('',(1.570796326795,-0.15));
#173 = VECTOR('',#174,1.);
#174 = DIRECTION('',(1.,0.));
#175 = ( GEOMETRIC_REPRESENTATION_CONTEXT(2) 
PARAMETRIC_REPRESENTATION_CONTEXT() REPRESENTATION_CONTEXT('2D SPACE',''
  ) );
#176 = PCURVE('',#177,#182);
#177 = PLANE('',#178);
#178 = AXIS2_PLACEMENT_3D('',#179,#180,#181);
#179 = CARTESIAN_POINT('',(3.218683631006E-02,-9.226136490965E-02,
    3.9100001));
#180 = DIRECTION('',(-5.551115123126E-17,7.318533788671E-33,1.));
#181 = DIRECTION('',(-0.95586314458,-0.29381226801,-5.580045481335E-17)
  );
#182 = DEFINITIONAL_REPRESENTATION('',(#183),#187);
#183 = CIRCLE('',#184,9.5E-02);
#184 = AXIS2_PLACEMENT_2D('',#185,#186);
#185 = CARTESIAN_POINT('',(5.20417042793E-17,-9.5E-02));
#186 = DIRECTION('',(-1.,5.551115123126E-17));
#187 = ( GEOMETRIC_REPRESENTATION_CONTEXT(2) 
PARAMETRIC_REPRESENTATION_CONTEXT() REPRESENTATION_CONTEXT('2D SPACE',''
  ) );
#188 = ORIENTED_EDGE('',*,*,#139,.F.);
#189 = ADVANCED_FACE('',(#190),#43,.T.);
#190 = FACE_BOUND('',#191,.T.);
#191 = EDGE_LOOP('',(#192));
#192 = ORIENTED_EDGE('',*,*,#21,.F.);
#193 = ADVANCED_FACE('',(#194),#209,.T.);
#194 = FACE_BOUND('',#195,.T.);
#195 = EDGE_LOOP('',(#196,#232,#254,#277,#308));
#196 = ORIENTED_EDGE('',*,*,#197,.T.);
#197 = EDGE_CURVE('',#198,#200,#202,.T.);
#198 = VERTEX_POINT('',#199);
#199 = CARTESIAN_POINT('',(3.218683631006E-02,-9.226136490965E-02,
    3.00001E-02));
#200 = VERTEX_POINT('',#201);
#201 = CARTESIAN_POINT('',(-2.363749461182E-02,8.935263256059E-02,
    3.00001E-02));
#202 = SURFACE_CURVE('',#203,(#208,#220),.PCURVE_S1.);
#203 = CIRCLE('',#204,9.5E-02);
#204 = AXIS2_PLACEMENT_3D('',#205,#206,#207);
#205 = CARTESIAN_POINT('',(4.274670849122E-03,-1.45436617453E-03,
    3.00001E-02));
#206 = DIRECTION('',(6.121599219673E-17,-9.236020009621E-18,-1.));
#207 = DIRECTION('',(-0.29381226801,0.95586314458,-2.68143806356E-17));
#208 = PCURVE('',#209,#214);
#209 = CONICAL_SURFACE('',#210,8.E-02,0.785398163397);
#210 = AXIS2_PLACEMENT_3D('',#211,#212,#213);
#211 = CARTESIAN_POINT('',(4.274670849122E-03,-1.45436617453E-03,
    1.50001E-02));
#212 = DIRECTION('',(-5.551115123126E-17,7.318533788671E-33,1.));
#213 = DIRECTION('',(-0.29381226801,0.95586314458,-2.68143806356E-17));
#214 = DEFINITIONAL_REPRESENTATION('',(#215),#219);
#215 = LINE('',#216,#217);
#216 = CARTESIAN_POINT('',(12.566370614359,1.5E-02));
#217 = VECTOR('',#218,1.);
#218 = DIRECTION('',(-1.,0.));
#219 = ( GEOMETRIC_REPRESENTATION_CONTEXT(2) 
PARAMETRIC_REPRESENTATION_CONTEXT() REPRESENTATION_CONTEXT('2D SPACE',''
  ) );
#220 = PCURVE('',#221,#226);
#221 = CYLINDRICAL_SURFACE('',#222,9.5E-02);
#222 = AXIS2_PLACEMENT_3D('',#223,#224,#225);
#223 = CARTESIAN_POINT('',(4.274670849122E-03,-1.45436617453E-03,
    0.1500001));
#224 = DIRECTION('',(-5.551115123126E-17,7.318533788671E-33,1.));
#225 = DIRECTION('',(0.29381226801,-0.95586314458,2.68143806356E-17));
#226 = DEFINITIONAL_REPRESENTATION('',(#227),#231);
#227 = LINE('',#228,#229);
#228 = CARTESIAN_POINT('',(3.14159265359,-0.12));
#229 = VECTOR('',#230,1.);
#230 = DIRECTION('',(-1.,0.));
#231 = ( GEOMETRIC_REPRESENTATION_CONTEXT(2) 
PARAMETRIC_REPRESENTATION_CONTEXT() REPRESENTATION_CONTEXT('2D SPACE',''
  ) );
#232 = ORIENTED_EDGE('',*,*,#233,.T.);
#233 = EDGE_CURVE('',#200,#198,#234,.T.);
#234 = SURFACE_CURVE('',#235,(#240,#247),.PCURVE_S1.);
#235 = CIRCLE('',#236,9.5E-02);
#236 = AXIS2_PLACEMENT_3D('',#237,#238,#239);
#237 = CARTESIAN_POINT('',(4.274670849122E-03,-1.45436617453E-03,
    3.00001E-02));
#238 = DIRECTION('',(6.121599219673E-17,-9.236020009621E-18,-1.));
#239 = DIRECTION('',(-0.29381226801,0.95586314458,-2.68143806356E-17));
#240 = PCURVE('',#209,#241);
#241 = DEFINITIONAL_REPRESENTATION('',(#242),#246);
#242 = LINE('',#243,#244);
#243 = CARTESIAN_POINT('',(6.28318530718,1.5E-02));
#244 = VECTOR('',#245,1.);
#245 = DIRECTION('',(-1.,0.));
#246 = ( GEOMETRIC_REPRESENTATION_CONTEXT(2) 
PARAMETRIC_REPRESENTATION_CONTEXT() REPRESENTATION_CONTEXT('2D SPACE',''
  ) );
#247 = PCURVE('',#221,#248);
#248 = DEFINITIONAL_REPRESENTATION('',(#249),#253);
#249 = LINE('',#250,#251);
#250 = CARTESIAN_POINT('',(3.14159265359,-0.12));
#251 = VECTOR('',#252,1.);
#252 = DIRECTION('',(-1.,0.));
#253 = ( GEOMETRIC_REPRESENTATION_CONTEXT(2) 
PARAMETRIC_REPRESENTATION_CONTEXT() REPRESENTATION_CONTEXT('2D SPACE',''
  ) );
#254 = ORIENTED_EDGE('',*,*,#255,.T.);
#255 = EDGE_CURVE('',#198,#256,#258,.T.);
#256 = VERTEX_POINT('',#257);
#257 = CARTESIAN_POINT('',(2.337246826977E-02,-6.358547057225E-02,
    9.999999805999E-08));
#258 = SEAM_CURVE('',#259,(#263,#270),.PCURVE_S1.);
#259 = LINE('',#260,#261);
#260 = CARTESIAN_POINT('',(2.777965228992E-02,-7.792341774095E-02,
    1.50001E-02));
#261 = VECTOR('',#262,1.);
#262 = DIRECTION('',(-0.207756647106,0.675897311419,-0.707106781187));
#263 = PCURVE('',#209,#264);
#264 = DEFINITIONAL_REPRESENTATION('',(#265),#269);
#265 = LINE('',#266,#267);
#266 = CARTESIAN_POINT('',(3.14159265359,1.324765512014E-16));
#267 = VECTOR('',#268,1.);
#268 = DIRECTION('',(0.,-1.));
#269 = ( GEOMETRIC_REPRESENTATION_CONTEXT(2) 
PARAMETRIC_REPRESENTATION_CONTEXT() REPRESENTATION_CONTEXT('2D SPACE',''
  ) );
#270 = PCURVE('',#209,#271);
#271 = DEFINITIONAL_REPRESENTATION('',(#272),#276);
#272 = LINE('',#273,#274);
#273 = CARTESIAN_POINT('',(9.424777960769,1.324765512014E-16));
#274 = VECTOR('',#275,1.);
#275 = DIRECTION('',(0.,-1.));
#276 = ( GEOMETRIC_REPRESENTATION_CONTEXT(2) 
PARAMETRIC_REPRESENTATION_CONTEXT() REPRESENTATION_CONTEXT('2D SPACE',''
  ) );
#277 = ORIENTED_EDGE('',*,*,#278,.T.);
#278 = EDGE_CURVE('',#256,#256,#279,.T.);
#279 = SURFACE_CURVE('',#280,(#285,#292),.PCURVE_S1.);
#280 = CIRCLE('',#281,6.5E-02);
#281 = AXIS2_PLACEMENT_3D('',#282,#283,#284);
#282 = CARTESIAN_POINT('',(4.274670849122E-03,-1.45436617453E-03,
    9.999999939225E-08));
#283 = DIRECTION('',(-6.121599219673E-17,9.236020009621E-18,1.));
#284 = DIRECTION('',(-0.29381226801,0.95586314458,-2.68143806356E-17));
#285 = PCURVE('',#209,#286);
#286 = DEFINITIONAL_REPRESENTATION('',(#287),#291);
#287 = LINE('',#288,#289);
#288 = CARTESIAN_POINT('',(0.,-1.5E-02));
#289 = VECTOR('',#290,1.);
#290 = DIRECTION('',(1.,0.));
#291 = ( GEOMETRIC_REPRESENTATION_CONTEXT(2) 
PARAMETRIC_REPRESENTATION_CONTEXT() REPRESENTATION_CONTEXT('2D SPACE',''
  ) );
#292 = PCURVE('',#293,#298);
#293 = PLANE('',#294);
#294 = AXIS2_PLACEMENT_3D('',#295,#296,#297);
#295 = CARTESIAN_POINT('',(3.218683631006E-02,-9.226136490965E-02,
    9.999999939225E-08));
#296 = DIRECTION('',(5.551115123126E-17,-7.318533788671E-33,-1.));
#297 = DIRECTION('',(0.95586314458,0.29381226801,5.580045481335E-17));
#298 = DEFINITIONAL_REPRESENTATION('',(#299),#307);
#299 = ( BOUNDED_CURVE() B_SPLINE_CURVE(2,(#300,#301,#302,#303,#304,#305
,#306),.UNSPECIFIED.,.T.,.F.) B_SPLINE_CURVE_WITH_KNOTS((1,2,2,2,2,1),(
    -2.094395102393,0.,2.094395102393,4.188790204786,6.28318530718,
8.377580409573),.UNSPECIFIED.) CURVE() GEOMETRIC_REPRESENTATION_ITEM() 
RATIONAL_B_SPLINE_CURVE((1.,0.5,1.,0.5,1.,0.5,1.)) REPRESENTATION_ITEM(
  '') );
#300 = CARTESIAN_POINT('',(4.547751064621E-16,-0.16));
#301 = CARTESIAN_POINT('',(-0.112583302492,-0.16));
#302 = CARTESIAN_POINT('',(-5.629165124599E-02,-6.25E-02));
#303 = CARTESIAN_POINT('',(4.17205349093E-16,3.5E-02));
#304 = CARTESIAN_POINT('',(5.629165124599E-02,-6.25E-02));
#305 = CARTESIAN_POINT('',(0.112583302492,-0.16));
#306 = CARTESIAN_POINT('',(4.547751064621E-16,-0.16));
#307 = ( GEOMETRIC_REPRESENTATION_CONTEXT(2) 
PARAMETRIC_REPRESENTATION_CONTEXT() REPRESENTATION_CONTEXT('2D SPACE',''
  ) );
#308 = ORIENTED_EDGE('',*,*,#255,.F.);
#309 = ADVANCED_FACE('',(#310),#293,.T.);
#310 = FACE_BOUND('',#311,.T.);
#311 = EDGE_LOOP('',(#312));
#312 = ORIENTED_EDGE('',*,*,#278,.F.);
#313 = ADVANCED_FACE('',(#314),#221,.T.);
#314 = FACE_BOUND('',#315,.T.);
#315 = EDGE_LOOP('',(#316,#349,#370,#371,#372));
#316 = ORIENTED_EDGE('',*,*,#317,.F.);
#317 = EDGE_CURVE('',#318,#318,#320,.T.);
#318 = VERTEX_POINT('',#319);
#319 = CARTESIAN_POINT('',(-2.363749461182E-02,8.935263256059E-02,
    0.3000001));
#320 = SURFACE_CURVE('',#321,(#326,#333),.PCURVE_S1.);
#321 = CIRCLE('',#322,9.5E-02);
#322 = AXIS2_PLACEMENT_3D('',#323,#324,#325);
#323 = CARTESIAN_POINT('',(4.274670849122E-03,-1.45436617453E-03,
    0.3000001));
#324 = DIRECTION('',(-6.121599219673E-17,9.236020009621E-18,1.));
#325 = DIRECTION('',(0.95586314458,0.29381226801,5.580045481335E-17));
#326 = PCURVE('',#221,#327);
#327 = DEFINITIONAL_REPRESENTATION('',(#328),#332);
#328 = LINE('',#329,#330);
#329 = CARTESIAN_POINT('',(-4.712388980385,0.15));
#330 = VECTOR('',#331,1.);
#331 = DIRECTION('',(1.,0.));
#332 = ( GEOMETRIC_REPRESENTATION_CONTEXT(2) 
PARAMETRIC_REPRESENTATION_CONTEXT() REPRESENTATION_CONTEXT('2D SPACE',''
  ) );
#333 = PCURVE('',#334,#339);
#334 = PLANE('',#335);
#335 = AXIS2_PLACEMENT_3D('',#336,#337,#338);
#336 = CARTESIAN_POINT('',(7.963751759367E-02,-0.246633262759,0.3000001)
  );
#337 = DIRECTION('',(5.551115123126E-17,-7.318533788671E-33,-1.));
#338 = DIRECTION('',(0.95586314458,0.29381226801,5.580045481335E-17));
#339 = DEFINITIONAL_REPRESENTATION('',(#340),#348);
#340 = ( BOUNDED_CURVE() B_SPLINE_CURVE(2,(#341,#342,#343,#344,#345,#346
,#347),.UNSPECIFIED.,.T.,.F.) B_SPLINE_CURVE_WITH_KNOTS((1,2,2,2,2,1),(
    -2.094395102393,0.,2.094395102393,4.188790204786,6.28318530718,
8.377580409573),.UNSPECIFIED.) CURVE() GEOMETRIC_REPRESENTATION_ITEM() 
RATIONAL_B_SPLINE_CURVE((1.,0.5,1.,0.5,1.,0.5,1.)) REPRESENTATION_ITEM(
  '') );
#341 = CARTESIAN_POINT('',(9.5E-02,-0.2565));
#342 = CARTESIAN_POINT('',(9.5E-02,-0.421044826719));
#343 = CARTESIAN_POINT('',(-4.75E-02,-0.33877241336));
#344 = CARTESIAN_POINT('',(-0.19,-0.2565));
#345 = CARTESIAN_POINT('',(-4.75E-02,-0.17422758664));
#346 = CARTESIAN_POINT('',(9.5E-02,-9.195517328096E-02));
#347 = CARTESIAN_POINT('',(9.5E-02,-0.2565));
#348 = ( GEOMETRIC_REPRESENTATION_CONTEXT(2) 
PARAMETRIC_REPRESENTATION_CONTEXT() REPRESENTATION_CONTEXT('2D SPACE',''
  ) );
#349 = ORIENTED_EDGE('',*,*,#350,.T.);
#350 = EDGE_CURVE('',#318,#200,#351,.T.);
#351 = SEAM_CURVE('',#352,(#356,#363),.PCURVE_S1.);
#352 = LINE('',#353,#354);
#353 = CARTESIAN_POINT('',(-2.363749461182E-02,8.93526325606E-02,
    0.1500001));
#354 = VECTOR('',#355,1.);
#355 = DIRECTION('',(5.551115123126E-17,-7.318533788671E-33,-1.));
#356 = PCURVE('',#221,#357);
#357 = DEFINITIONAL_REPRESENTATION('',(#358),#362);
#358 = LINE('',#359,#360);
#359 = CARTESIAN_POINT('',(-3.14159265359,0.));
#360 = VECTOR('',#361,1.);
#361 = DIRECTION('',(0.,-1.));
#362 = ( GEOMETRIC_REPRESENTATION_CONTEXT(2) 
PARAMETRIC_REPRESENTATION_CONTEXT() REPRESENTATION_CONTEXT('2D SPACE',''
  ) );
#363 = PCURVE('',#221,#364);
#364 = DEFINITIONAL_REPRESENTATION('',(#365),#369);
#365 = LINE('',#366,#367);
#366 = CARTESIAN_POINT('',(3.14159265359,0.));
#367 = VECTOR('',#368,1.);
#368 = DIRECTION('',(0.,-1.));
#369 = ( GEOMETRIC_REPRESENTATION_CONTEXT(2) 
PARAMETRIC_REPRESENTATION_CONTEXT() REPRESENTATION_CONTEXT('2D SPACE',''
  ) );
#370 = ORIENTED_EDGE('',*,*,#197,.F.);
#371 = ORIENTED_EDGE('',*,*,#233,.F.);
#372 = ORIENTED_EDGE('',*,*,#350,.F.);
#373 = ADVANCED_FACE('',(#374),#389,.T.);
#374 = FACE_BOUND('',#375,.T.);
#375 = EDGE_LOOP('',(#376,#412,#434,#457,#488));
#376 = ORIENTED_EDGE('',*,*,#377,.T.);
#377 = EDGE_CURVE('',#378,#380,#382,.T.);
#378 = VERTEX_POINT('',#379);
#379 = CARTESIAN_POINT('',(0.121358859651,-0.38236582929,1.0000001));
#380 = VERTEX_POINT('',#381);
#381 = CARTESIAN_POINT('',(-0.112809517953,0.379457096941,1.0000001));
#382 = SURFACE_CURVE('',#383,(#388,#400),.PCURVE_S1.);
#383 = CIRCLE('',#384,0.3985);
#384 = AXIS2_PLACEMENT_3D('',#385,#386,#387);
#385 = CARTESIAN_POINT('',(4.274670849122E-03,-1.45436617453E-03,
    1.0000001));
#386 = DIRECTION('',(6.121599219673E-17,-9.236020009621E-18,-1.));
#387 = DIRECTION('',(-0.29381226801,0.95586314458,-2.68143806356E-17));
#388 = PCURVE('',#389,#394);
#389 = CONICAL_SURFACE('',#390,0.380301488287,0.349065850399);
#390 = AXIS2_PLACEMENT_3D('',#391,#392,#393);
#391 = CARTESIAN_POINT('',(4.274670849122E-03,-1.45436617453E-03,
    0.9500001));
#392 = DIRECTION('',(-5.551115123126E-17,7.318533788671E-33,1.));
#393 = DIRECTION('',(-0.29381226801,0.95586314458,-2.68143806356E-17));
#394 = DEFINITIONAL_REPRESENTATION('',(#395),#399);
#395 = LINE('',#396,#397);
#396 = CARTESIAN_POINT('',(12.566370614359,5.E-02));
#397 = VECTOR('',#398,1.);
#398 = DIRECTION('',(-1.,0.));
#399 = ( GEOMETRIC_REPRESENTATION_CONTEXT(2) 
PARAMETRIC_REPRESENTATION_CONTEXT() REPRESENTATION_CONTEXT('2D SPACE',''
  ) );
#400 = PCURVE('',#401,#406);
#401 = CYLINDRICAL_SURFACE('',#402,0.3985);
#402 = AXIS2_PLACEMENT_3D('',#403,#404,#405);
#403 = CARTESIAN_POINT('',(4.274670849122E-03,-1.45436617453E-03,
    1.3500001));
#404 = DIRECTION('',(-5.551115123126E-17,7.318533788671E-33,1.));
#405 = DIRECTION('',(0.29381226801,-0.95586314458,2.68143806356E-17));
#406 = DEFINITIONAL_REPRESENTATION('',(#407),#411);
#407 = LINE('',#408,#409);
#408 = CARTESIAN_POINT('',(3.14159265359,-0.35));
#409 = VECTOR('',#410,1.);
#410 = DIRECTION('',(-1.,0.));
#411 = ( GEOMETRIC_REPRESENTATION_CONTEXT(2) 
PARAMETRIC_REPRESENTATION_CONTEXT() REPRESENTATION_CONTEXT('2D SPACE',''
  ) );
#412 = ORIENTED_EDGE('',*,*,#413,.T.);
#413 = EDGE_CURVE('',#380,#378,#414,.T.);
#414 = SURFACE_CURVE('',#415,(#420,#427),.PCURVE_S1.);
#415 = CIRCLE('',#416,0.3985);
#416 = AXIS2_PLACEMENT_3D('',#417,#418,#419);
#417 = CARTESIAN_POINT('',(4.274670849122E-03,-1.45436617453E-03,
    1.0000001));
#418 = DIRECTION('',(6.121599219673E-17,-9.236020009621E-18,-1.));
#419 = DIRECTION('',(-0.29381226801,0.95586314458,-2.68143806356E-17));
#420 = PCURVE('',#389,#421);
#421 = DEFINITIONAL_REPRESENTATION('',(#422),#426);
#422 = LINE('',#423,#424);
#423 = CARTESIAN_POINT('',(6.28318530718,5.E-02));
#424 = VECTOR('',#425,1.);
#425 = DIRECTION('',(-1.,0.));
#426 = ( GEOMETRIC_REPRESENTATION_CONTEXT(2) 
PARAMETRIC_REPRESENTATION_CONTEXT() REPRESENTATION_CONTEXT('2D SPACE',''
  ) );
#427 = PCURVE('',#401,#428);
#428 = DEFINITIONAL_REPRESENTATION('',(#429),#433);
#429 = LINE('',#430,#431);
#430 = CARTESIAN_POINT('',(3.14159265359,-0.35));
#431 = VECTOR('',#432,1.);
#432 = DIRECTION('',(-1.,0.));
#433 = ( GEOMETRIC_REPRESENTATION_CONTEXT(2) 
PARAMETRIC_REPRESENTATION_CONTEXT() REPRESENTATION_CONTEXT('2D SPACE',''
  ) );
#434 = ORIENTED_EDGE('',*,*,#435,.T.);
#435 = EDGE_CURVE('',#378,#436,#438,.T.);
#436 = VERTEX_POINT('',#437);
#437 = CARTESIAN_POINT('',(0.110664967649,-0.347575256024,0.9000001));
#438 = SEAM_CURVE('',#439,(#443,#450),.PCURVE_S1.);
#439 = LINE('',#440,#441);
#440 = CARTESIAN_POINT('',(0.11601191365,-0.364970542657,0.9500001));
#441 = VECTOR('',#442,1.);
#442 = DIRECTION('',(-0.100489714016,0.326924449709,-0.939692620786));
#443 = PCURVE('',#389,#444);
#444 = DEFINITIONAL_REPRESENTATION('',(#445),#449);
#445 = LINE('',#446,#447);
#446 = CARTESIAN_POINT('',(3.14159265359,0.));
#447 = VECTOR('',#448,1.);
#448 = DIRECTION('',(0.,-1.));
#449 = ( GEOMETRIC_REPRESENTATION_CONTEXT(2) 
PARAMETRIC_REPRESENTATION_CONTEXT() REPRESENTATION_CONTEXT('2D SPACE',''
  ) );
#450 = PCURVE('',#389,#451);
#451 = DEFINITIONAL_REPRESENTATION('',(#452),#456);
#452 = LINE('',#453,#454);
#453 = CARTESIAN_POINT('',(9.424777960769,0.));
#454 = VECTOR('',#455,1.);
#455 = DIRECTION('',(0.,-1.));
#456 = ( GEOMETRIC_REPRESENTATION_CONTEXT(2) 
PARAMETRIC_REPRESENTATION_CONTEXT() REPRESENTATION_CONTEXT('2D SPACE',''
  ) );
#457 = ORIENTED_EDGE('',*,*,#458,.T.);
#458 = EDGE_CURVE('',#436,#436,#459,.T.);
#459 = SURFACE_CURVE('',#460,(#465,#472),.PCURVE_S1.);
#460 = CIRCLE('',#461,0.362102976573);
#461 = AXIS2_PLACEMENT_3D('',#462,#463,#464);
#462 = CARTESIAN_POINT('',(4.274670849122E-03,-1.45436617453E-03,
    0.9000001));
#463 = DIRECTION('',(-6.121599219673E-17,9.236020009621E-18,1.));
#464 = DIRECTION('',(-0.29381226801,0.95586314458,-2.68143806356E-17));
#465 = PCURVE('',#389,#466);
#466 = DEFINITIONAL_REPRESENTATION('',(#467),#471);
#467 = LINE('',#468,#469);
#468 = CARTESIAN_POINT('',(0.,-5.E-02));
#469 = VECTOR('',#470,1.);
#470 = DIRECTION('',(1.,0.));
#471 = ( GEOMETRIC_REPRESENTATION_CONTEXT(2) 
PARAMETRIC_REPRESENTATION_CONTEXT() REPRESENTATION_CONTEXT('2D SPACE',''
  ) );
#472 = PCURVE('',#473,#478);
#473 = PLANE('',#474);
#474 = AXIS2_PLACEMENT_3D('',#475,#476,#477);
#475 = CARTESIAN_POINT('',(0.121358859651,-0.38236582929,0.9000001));
#476 = DIRECTION('',(5.551115123126E-17,-7.318533788671E-33,-1.));
#477 = DIRECTION('',(0.95586314458,0.29381226801,5.580045481335E-17));
#478 = DEFINITIONAL_REPRESENTATION('',(#479),#487);
#479 = ( BOUNDED_CURVE() B_SPLINE_CURVE(2,(#480,#481,#482,#483,#484,#485
,#486),.UNSPECIFIED.,.T.,.F.) B_SPLINE_CURVE_WITH_KNOTS((1,2,2,2,2,1),(
    -2.094395102393,0.,2.094395102393,4.188790204786,6.28318530718,
8.377580409573),.UNSPECIFIED.) CURVE() GEOMETRIC_REPRESENTATION_ITEM() 
RATIONAL_B_SPLINE_CURVE((1.,0.5,1.,0.5,1.,0.5,1.)) REPRESENTATION_ITEM(
  '') );
#480 = CARTESIAN_POINT('',(1.095904452268E-16,-0.760602976573));
#481 = CARTESIAN_POINT('',(-0.627180752997,-0.760602976573));
#482 = CARTESIAN_POINT('',(-0.313590376499,-0.217448511713));
#483 = CARTESIAN_POINT('',(-9.970372358081E-17,0.325705953147));
#484 = CARTESIAN_POINT('',(0.313590376499,-0.217448511713));
#485 = CARTESIAN_POINT('',(0.627180752997,-0.760602976573));
#486 = CARTESIAN_POINT('',(1.095904452268E-16,-0.760602976573));
#487 = ( GEOMETRIC_REPRESENTATION_CONTEXT(2) 
PARAMETRIC_REPRESENTATION_CONTEXT() REPRESENTATION_CONTEXT('2D SPACE',''
  ) );
#488 = ORIENTED_EDGE('',*,*,#435,.F.);
#489 = ADVANCED_FACE('',(#490,#493),#473,.T.);
#490 = FACE_BOUND('',#491,.T.);
#491 = EDGE_LOOP('',(#492));
#492 = ORIENTED_EDGE('',*,*,#458,.F.);
#493 = FACE_BOUND('',#494,.T.);
#494 = EDGE_LOOP('',(#495));
#495 = ORIENTED_EDGE('',*,*,#496,.T.);
#496 = EDGE_CURVE('',#497,#497,#499,.T.);
#497 = VERTEX_POINT('',#498);
#498 = CARTESIAN_POINT('',(-7.108817589542E-02,0.24372453041,0.9000001)
  );
#499 = SURFACE_CURVE('',#500,(#505,#516),.PCURVE_S1.);
#500 = CIRCLE('',#501,0.2565);
#501 = AXIS2_PLACEMENT_3D('',#502,#503,#504);
#502 = CARTESIAN_POINT('',(4.274670849122E-03,-1.45436617453E-03,
    0.9000001));
#503 = DIRECTION('',(-6.121599219673E-17,9.236020009621E-18,1.));
#504 = DIRECTION('',(0.95586314458,0.29381226801,5.580045481335E-17));
#505 = PCURVE('',#473,#506);
#506 = DEFINITIONAL_REPRESENTATION('',(#507),#515);
#507 = ( BOUNDED_CURVE() B_SPLINE_CURVE(2,(#508,#509,#510,#511,#512,#513
,#514),.UNSPECIFIED.,.T.,.F.) B_SPLINE_CURVE_WITH_KNOTS((1,2,2,2,2,1),(
    -2.094395102393,0.,2.094395102393,4.188790204786,6.28318530718,
8.377580409573),.UNSPECIFIED.) CURVE() GEOMETRIC_REPRESENTATION_ITEM() 
RATIONAL_B_SPLINE_CURVE((1.,0.5,1.,0.5,1.,0.5,1.)) REPRESENTATION_ITEM(
  '') );
#508 = CARTESIAN_POINT('',(0.2565,-0.3985));
#509 = CARTESIAN_POINT('',(0.2565,-0.842771032141));
#510 = CARTESIAN_POINT('',(-0.12825,-0.620635516071));
#511 = CARTESIAN_POINT('',(-0.513,-0.3985));
#512 = CARTESIAN_POINT('',(-0.12825,-0.176364483929));
#513 = CARTESIAN_POINT('',(0.2565,4.577103214142E-02));
#514 = CARTESIAN_POINT('',(0.2565,-0.3985));
#515 = ( GEOMETRIC_REPRESENTATION_CONTEXT(2) 
PARAMETRIC_REPRESENTATION_CONTEXT() REPRESENTATION_CONTEXT('2D SPACE',''
  ) );
#516 = PCURVE('',#517,#522);
#517 = CYLINDRICAL_SURFACE('',#518,0.2565);
#518 = AXIS2_PLACEMENT_3D('',#519,#520,#521);
#519 = CARTESIAN_POINT('',(4.274670849122E-03,-1.45436617453E-03,
    0.6000001));
#520 = DIRECTION('',(-5.551115123126E-17,7.318533788671E-33,1.));
#521 = DIRECTION('',(0.29381226801,-0.95586314458,2.68143806356E-17));
#522 = DEFINITIONAL_REPRESENTATION('',(#523),#527);
#523 = LINE('',#524,#525);
#524 = CARTESIAN_POINT('',(-4.712388980385,0.3));
#525 = VECTOR('',#526,1.);
#526 = DIRECTION('',(1.,0.));
#527 = ( GEOMETRIC_REPRESENTATION_CONTEXT(2) 
PARAMETRIC_REPRESENTATION_CONTEXT() REPRESENTATION_CONTEXT('2D SPACE',''
  ) );
#528 = ADVANCED_FACE('',(#529),#401,.T.);
#529 = FACE_BOUND('',#530,.T.);
#530 = EDGE_LOOP('',(#531,#560,#581,#582,#583));
#531 = ORIENTED_EDGE('',*,*,#532,.F.);
#532 = EDGE_CURVE('',#533,#533,#535,.T.);
#533 = VERTEX_POINT('',#534);
#534 = CARTESIAN_POINT('',(-0.112809517953,0.379457096941,1.8000001));
#535 = SURFACE_CURVE('',#536,(#541,#548),.PCURVE_S1.);
#536 = CIRCLE('',#537,0.3985);
#537 = AXIS2_PLACEMENT_3D('',#538,#539,#540);
#538 = CARTESIAN_POINT('',(4.274670849122E-03,-1.45436617453E-03,
    1.8000001));
#539 = DIRECTION('',(-6.121599219673E-17,9.236020009621E-18,1.));
#540 = DIRECTION('',(0.95586314458,0.29381226801,5.580045481335E-17));
#541 = PCURVE('',#401,#542);
#542 = DEFINITIONAL_REPRESENTATION('',(#543),#547);
#543 = LINE('',#544,#545);
#544 = CARTESIAN_POINT('',(-4.712388980385,0.45));
#545 = VECTOR('',#546,1.);
#546 = DIRECTION('',(1.,0.));
#547 = ( GEOMETRIC_REPRESENTATION_CONTEXT(2) 
PARAMETRIC_REPRESENTATION_CONTEXT() REPRESENTATION_CONTEXT('2D SPACE',''
  ) );
#548 = PCURVE('',#549,#554);
#549 = CONICAL_SURFACE('',#550,0.3735,9.966865249116E-02);
#550 = AXIS2_PLACEMENT_3D('',#551,#552,#553);
#551 = CARTESIAN_POINT('',(4.274670849122E-03,-1.45436617453E-03,
    2.0500001));
#552 = DIRECTION('',(5.551115123126E-17,-7.318533788671E-33,-1.));
#553 = DIRECTION('',(0.29381226801,-0.95586314458,2.68143806356E-17));
#554 = DEFINITIONAL_REPRESENTATION('',(#555),#559);
#555 = LINE('',#556,#557);
#556 = CARTESIAN_POINT('',(10.995574287564,0.25));
#557 = VECTOR('',#558,1.);
#558 = DIRECTION('',(-1.,0.));
#559 = ( GEOMETRIC_REPRESENTATION_CONTEXT(2) 
PARAMETRIC_REPRESENTATION_CONTEXT() REPRESENTATION_CONTEXT('2D SPACE',''
  ) );
#560 = ORIENTED_EDGE('',*,*,#561,.T.);
#561 = EDGE_CURVE('',#533,#380,#562,.T.);
#562 = SEAM_CURVE('',#563,(#567,#574),.PCURVE_S1.);
#563 = LINE('',#564,#565);
#564 = CARTESIAN_POINT('',(-0.112809517953,0.379457096941,1.3500001));
#565 = VECTOR('',#566,1.);
#566 = DIRECTION('',(5.551115123126E-17,-7.318533788671E-33,-1.));
#567 = PCURVE('',#401,#568);
#568 = DEFINITIONAL_REPRESENTATION('',(#569),#573);
#569 = LINE('',#570,#571);
#570 = CARTESIAN_POINT('',(-3.14159265359,0.));
#571 = VECTOR('',#572,1.);
#572 = DIRECTION('',(0.,-1.));
#573 = ( GEOMETRIC_REPRESENTATION_CONTEXT(2) 
PARAMETRIC_REPRESENTATION_CONTEXT() REPRESENTATION_CONTEXT('2D SPACE',''
  ) );
#574 = PCURVE('',#401,#575);
#575 = DEFINITIONAL_REPRESENTATION('',(#576),#580);
#576 = LINE('',#577,#578);
#577 = CARTESIAN_POINT('',(3.14159265359,0.));
#578 = VECTOR('',#579,1.);
#579 = DIRECTION('',(0.,-1.));
#580 = ( GEOMETRIC_REPRESENTATION_CONTEXT(2) 
PARAMETRIC_REPRESENTATION_CONTEXT() REPRESENTATION_CONTEXT('2D SPACE',''
  ) );
#581 = ORIENTED_EDGE('',*,*,#377,.F.);
#582 = ORIENTED_EDGE('',*,*,#413,.F.);
#583 = ORIENTED_EDGE('',*,*,#561,.F.);
#584 = ADVANCED_FACE('',(#585),#600,.T.);
#585 = FACE_BOUND('',#586,.T.);
#586 = EDGE_LOOP('',(#587,#618,#640,#663,#689));
#587 = ORIENTED_EDGE('',*,*,#588,.T.);
#588 = EDGE_CURVE('',#589,#591,#593,.T.);
#589 = VERTEX_POINT('',#590);
#590 = CARTESIAN_POINT('',(7.963751759367E-02,-0.246633262759,0.3500001)
  );
#591 = VERTEX_POINT('',#592);
#592 = CARTESIAN_POINT('',(-7.108817589542E-02,0.24372453041,0.3500001)
  );
#593 = SURFACE_CURVE('',#594,(#599,#611),.PCURVE_S1.);
#594 = CIRCLE('',#595,0.2565);
#595 = AXIS2_PLACEMENT_3D('',#596,#597,#598);
#596 = CARTESIAN_POINT('',(4.274670849122E-03,-1.45436617453E-03,
    0.3500001));
#597 = DIRECTION('',(6.121599219673E-17,-9.236020009621E-18,-1.));
#598 = DIRECTION('',(-0.29381226801,0.95586314458,-2.68143806356E-17));
#599 = PCURVE('',#600,#605);
#600 = CONICAL_SURFACE('',#601,0.247400744143,0.349065850399);
#601 = AXIS2_PLACEMENT_3D('',#602,#603,#604);
#602 = CARTESIAN_POINT('',(4.274670849122E-03,-1.45436617453E-03,
    0.3250001));
#603 = DIRECTION('',(-5.551115123126E-17,7.318533788671E-33,1.));
#604 = DIRECTION('',(-0.29381226801,0.95586314458,-2.68143806356E-17));
#605 = DEFINITIONAL_REPRESENTATION('',(#606),#610);
#606 = LINE('',#607,#608);
#607 = CARTESIAN_POINT('',(12.566370614359,2.5E-02));
#608 = VECTOR('',#609,1.);
#609 = DIRECTION('',(-1.,0.));
#610 = ( GEOMETRIC_REPRESENTATION_CONTEXT(2) 
PARAMETRIC_REPRESENTATION_CONTEXT() REPRESENTATION_CONTEXT('2D SPACE',''
  ) );
#611 = PCURVE('',#517,#612);
#612 = DEFINITIONAL_REPRESENTATION('',(#613),#617);
#613 = LINE('',#614,#615);
#614 = CARTESIAN_POINT('',(3.14159265359,-0.25));
#615 = VECTOR('',#616,1.);
#616 = DIRECTION('',(-1.,0.));
#617 = ( GEOMETRIC_REPRESENTATION_CONTEXT(2) 
PARAMETRIC_REPRESENTATION_CONTEXT() REPRESENTATION_CONTEXT('2D SPACE',''
  ) );
#618 = ORIENTED_EDGE('',*,*,#619,.T.);
#619 = EDGE_CURVE('',#591,#589,#620,.T.);
#620 = SURFACE_CURVE('',#621,(#626,#633),.PCURVE_S1.);
#621 = CIRCLE('',#622,0.2565);
#622 = AXIS2_PLACEMENT_3D('',#623,#624,#625);
#623 = CARTESIAN_POINT('',(4.274670849122E-03,-1.45436617453E-03,
    0.3500001));
#624 = DIRECTION('',(6.121599219673E-17,-9.236020009621E-18,-1.));
#625 = DIRECTION('',(-0.29381226801,0.95586314458,-2.68143806356E-17));
#626 = PCURVE('',#600,#627);
#627 = DEFINITIONAL_REPRESENTATION('',(#628),#632);
#628 = LINE('',#629,#630);
#629 = CARTESIAN_POINT('',(6.28318530718,2.5E-02));
#630 = VECTOR('',#631,1.);
#631 = DIRECTION('',(-1.,0.));
#632 = ( GEOMETRIC_REPRESENTATION_CONTEXT(2) 
PARAMETRIC_REPRESENTATION_CONTEXT() REPRESENTATION_CONTEXT('2D SPACE',''
  ) );
#633 = PCURVE('',#517,#634);
#634 = DEFINITIONAL_REPRESENTATION('',(#635),#639);
#635 = LINE('',#636,#637);
#636 = CARTESIAN_POINT('',(3.14159265359,-0.25));
#637 = VECTOR('',#638,1.);
#638 = DIRECTION('',(-1.,0.));
#639 = ( GEOMETRIC_REPRESENTATION_CONTEXT(2) 
PARAMETRIC_REPRESENTATION_CONTEXT() REPRESENTATION_CONTEXT('2D SPACE',''
  ) );
#640 = ORIENTED_EDGE('',*,*,#641,.T.);
#641 = EDGE_CURVE('',#589,#642,#644,.T.);
#642 = VERTEX_POINT('',#643);
#643 = CARTESIAN_POINT('',(7.429057159277E-02,-0.229237976126,0.3000001)
  );
#644 = SEAM_CURVE('',#645,(#649,#656),.PCURVE_S1.);
#645 = LINE('',#646,#647);
#646 = CARTESIAN_POINT('',(7.696404459322E-02,-0.237935619443,0.3250001)
  );
#647 = VECTOR('',#648,1.);
#648 = DIRECTION('',(-0.100489714016,0.326924449709,-0.939692620786));
#649 = PCURVE('',#600,#650);
#650 = DEFINITIONAL_REPRESENTATION('',(#651),#655);
#651 = LINE('',#652,#653);
#652 = CARTESIAN_POINT('',(3.14159265359,0.));
#653 = VECTOR('',#654,1.);
#654 = DIRECTION('',(0.,-1.));
#655 = ( GEOMETRIC_REPRESENTATION_CONTEXT(2) 
PARAMETRIC_REPRESENTATION_CONTEXT() REPRESENTATION_CONTEXT('2D SPACE',''
  ) );
#656 = PCURVE('',#600,#657);
#657 = DEFINITIONAL_REPRESENTATION('',(#658),#662);
#658 = LINE('',#659,#660);
#659 = CARTESIAN_POINT('',(9.424777960769,0.));
#660 = VECTOR('',#661,1.);
#661 = DIRECTION('',(0.,-1.));
#662 = ( GEOMETRIC_REPRESENTATION_CONTEXT(2) 
PARAMETRIC_REPRESENTATION_CONTEXT() REPRESENTATION_CONTEXT('2D SPACE',''
  ) );
#663 = ORIENTED_EDGE('',*,*,#664,.T.);
#664 = EDGE_CURVE('',#642,#642,#665,.T.);
#665 = SURFACE_CURVE('',#666,(#671,#678),.PCURVE_S1.);
#666 = CIRCLE('',#667,0.238301488287);
#667 = AXIS2_PLACEMENT_3D('',#668,#669,#670);
#668 = CARTESIAN_POINT('',(4.274670849122E-03,-1.45436617453E-03,
    0.3000001));
#669 = DIRECTION('',(-6.121599219673E-17,9.236020009621E-18,1.));
#670 = DIRECTION('',(-0.29381226801,0.95586314458,-2.68143806356E-17));
#671 = PCURVE('',#600,#672);
#672 = DEFINITIONAL_REPRESENTATION('',(#673),#677);
#673 = LINE('',#674,#675);
#674 = CARTESIAN_POINT('',(0.,-2.5E-02));
#675 = VECTOR('',#676,1.);
#676 = DIRECTION('',(1.,0.));
#677 = ( GEOMETRIC_REPRESENTATION_CONTEXT(2) 
PARAMETRIC_REPRESENTATION_CONTEXT() REPRESENTATION_CONTEXT('2D SPACE',''
  ) );
#678 = PCURVE('',#334,#679);
#679 = DEFINITIONAL_REPRESENTATION('',(#680),#688);
#680 = ( BOUNDED_CURVE() B_SPLINE_CURVE(2,(#681,#682,#683,#684,#685,#686
,#687),.UNSPECIFIED.,.T.,.F.) B_SPLINE_CURVE_WITH_KNOTS((1,2,2,2,2,1),(
    -2.094395102393,0.,2.094395102393,4.188790204786,6.28318530718,
8.377580409573),.UNSPECIFIED.) CURVE() GEOMETRIC_REPRESENTATION_ITEM() 
RATIONAL_B_SPLINE_CURVE((1.,0.5,1.,0.5,1.,0.5,1.)) REPRESENTATION_ITEM(
  '') );
#681 = CARTESIAN_POINT('',(6.809014333328E-17,-0.494801488287));
#682 = CARTESIAN_POINT('',(-0.412750285232,-0.494801488287));
#683 = CARTESIAN_POINT('',(-0.206375142616,-0.137349255857));
#684 = CARTESIAN_POINT('',(-6.964722736869E-17,0.220102976573));
#685 = CARTESIAN_POINT('',(0.206375142616,-0.137349255857));
#686 = CARTESIAN_POINT('',(0.412750285232,-0.494801488287));
#687 = CARTESIAN_POINT('',(6.809014333328E-17,-0.494801488287));
#688 = ( GEOMETRIC_REPRESENTATION_CONTEXT(2) 
PARAMETRIC_REPRESENTATION_CONTEXT() REPRESENTATION_CONTEXT('2D SPACE',''
  ) );
#689 = ORIENTED_EDGE('',*,*,#641,.F.);
#690 = ADVANCED_FACE('',(#691,#694),#334,.T.);
#691 = FACE_BOUND('',#692,.T.);
#692 = EDGE_LOOP('',(#693));
#693 = ORIENTED_EDGE('',*,*,#664,.F.);
#694 = FACE_BOUND('',#695,.T.);
#695 = EDGE_LOOP('',(#696));
#696 = ORIENTED_EDGE('',*,*,#317,.T.);
#697 = ADVANCED_FACE('',(#698),#517,.T.);
#698 = FACE_BOUND('',#699,.T.);
#699 = EDGE_LOOP('',(#700,#701,#722,#723,#724));
#700 = ORIENTED_EDGE('',*,*,#496,.F.);
#701 = ORIENTED_EDGE('',*,*,#702,.T.);
#702 = EDGE_CURVE('',#497,#591,#703,.T.);
#703 = SEAM_CURVE('',#704,(#708,#715),.PCURVE_S1.);
#704 = LINE('',#705,#706);
#705 = CARTESIAN_POINT('',(-7.108817589542E-02,0.24372453041,0.6000001)
  );
#706 = VECTOR('',#707,1.);
#707 = DIRECTION('',(5.551115123126E-17,-7.318533788671E-33,-1.));
#708 = PCURVE('',#517,#709);
#709 = DEFINITIONAL_REPRESENTATION('',(#710),#714);
#710 = LINE('',#711,#712);
#711 = CARTESIAN_POINT('',(-3.14159265359,0.));
#712 = VECTOR('',#713,1.);
#713 = DIRECTION('',(0.,-1.));
#714 = ( GEOMETRIC_REPRESENTATION_CONTEXT(2) 
PARAMETRIC_REPRESENTATION_CONTEXT() REPRESENTATION_CONTEXT('2D SPACE',''
  ) );
#715 = PCURVE('',#517,#716);
#716 = DEFINITIONAL_REPRESENTATION('',(#717),#721);
#717 = LINE('',#718,#719);
#718 = CARTESIAN_POINT('',(3.14159265359,0.));
#719 = VECTOR('',#720,1.);
#720 = DIRECTION('',(0.,-1.));
#721 = ( GEOMETRIC_REPRESENTATION_CONTEXT(2) 
PARAMETRIC_REPRESENTATION_CONTEXT() REPRESENTATION_CONTEXT('2D SPACE',''
  ) );
#722 = ORIENTED_EDGE('',*,*,#588,.F.);
#723 = ORIENTED_EDGE('',*,*,#619,.F.);
#724 = ORIENTED_EDGE('',*,*,#702,.F.);
#725 = ADVANCED_FACE('',(#726),#739,.T.);
#726 = FACE_BOUND('',#727,.T.);
#727 = EDGE_LOOP('',(#728,#761,#784,#813,#835));
#728 = ORIENTED_EDGE('',*,*,#729,.T.);
#729 = EDGE_CURVE('',#730,#730,#732,.T.);
#730 = VERTEX_POINT('',#731);
#731 = CARTESIAN_POINT('',(6.303712445111E-02,-0.192626995091,3.9100001)
  );
#732 = SURFACE_CURVE('',#733,(#738,#750),.PCURVE_S1.);
#733 = CIRCLE('',#734,0.2);
#734 = AXIS2_PLACEMENT_3D('',#735,#736,#737);
#735 = CARTESIAN_POINT('',(4.274670849122E-03,-1.45436617453E-03,
    3.9100001));
#736 = DIRECTION('',(6.121599219673E-17,-9.236020009621E-18,-1.));
#737 = DIRECTION('',(-0.29381226801,0.95586314458,-2.68143806356E-17));
#738 = PCURVE('',#739,#744);
#739 = CONICAL_SURFACE('',#740,0.225,0.785398163397);
#740 = AXIS2_PLACEMENT_3D('',#741,#742,#743);
#741 = CARTESIAN_POINT('',(4.274670849122E-03,-1.45436617453E-03,
    3.8850001));
#742 = DIRECTION('',(5.551115123126E-17,-7.318533788671E-33,-1.));
#743 = DIRECTION('',(-0.29381226801,0.95586314458,-2.68143806356E-17));
#744 = DEFINITIONAL_REPRESENTATION('',(#745),#749);
#745 = LINE('',#746,#747);
#746 = CARTESIAN_POINT('',(-6.28318530718,-2.5E-02));
#747 = VECTOR('',#748,1.);
#748 = DIRECTION('',(1.,0.));
#749 = ( GEOMETRIC_REPRESENTATION_CONTEXT(2) 
PARAMETRIC_REPRESENTATION_CONTEXT() REPRESENTATION_CONTEXT('2D SPACE',''
  ) );
#750 = PCURVE('',#177,#751);
#751 = DEFINITIONAL_REPRESENTATION('',(#752),#760);
#752 = ( BOUNDED_CURVE() B_SPLINE_CURVE(2,(#753,#754,#755,#756,#757,#758
,#759),.UNSPECIFIED.,.T.,.F.) B_SPLINE_CURVE_WITH_KNOTS((1,2,2,2,2,1),(
    -2.094395102393,0.,2.094395102393,4.188790204786,6.28318530718,
8.377580409573),.UNSPECIFIED.) CURVE() GEOMETRIC_REPRESENTATION_ITEM() 
RATIONAL_B_SPLINE_CURVE((1.,0.5,1.,0.5,1.,0.5,1.)) REPRESENTATION_ITEM(
  '') );
#753 = CARTESIAN_POINT('',(2.98372437868E-17,-0.295));
#754 = CARTESIAN_POINT('',(-0.346410161514,-0.295));
#755 = CARTESIAN_POINT('',(-0.173205080757,5.E-03));
#756 = CARTESIAN_POINT('',(4.746475329842E-17,0.305));
#757 = CARTESIAN_POINT('',(0.173205080757,5.E-03));
#758 = CARTESIAN_POINT('',(0.346410161514,-0.295));
#759 = CARTESIAN_POINT('',(2.98372437868E-17,-0.295));
#760 = ( GEOMETRIC_REPRESENTATION_CONTEXT(2) 
PARAMETRIC_REPRESENTATION_CONTEXT() REPRESENTATION_CONTEXT('2D SPACE',''
  ) );
#761 = ORIENTED_EDGE('',*,*,#762,.T.);
#762 = EDGE_CURVE('',#730,#763,#765,.T.);
#763 = VERTEX_POINT('',#764);
#764 = CARTESIAN_POINT('',(7.77277378516E-02,-0.24042015232,3.8600001));
#765 = SEAM_CURVE('',#766,(#770,#777),.PCURVE_S1.);
#766 = LINE('',#767,#768);
#767 = CARTESIAN_POINT('',(7.038243115135E-02,-0.216523573705,3.8850001)
  );
#768 = VECTOR('',#769,1.);
#769 = DIRECTION('',(0.207756647106,-0.675897311419,-0.707106781187));
#770 = PCURVE('',#739,#771);
#771 = DEFINITIONAL_REPRESENTATION('',(#772),#776);
#772 = LINE('',#773,#774);
#773 = CARTESIAN_POINT('',(3.14159265359,1.471961680016E-17));
#774 = VECTOR('',#775,1.);
#775 = DIRECTION('',(0.,1.));
#776 = ( GEOMETRIC_REPRESENTATION_CONTEXT(2) 
PARAMETRIC_REPRESENTATION_CONTEXT() REPRESENTATION_CONTEXT('2D SPACE',''
  ) );
#777 = PCURVE('',#739,#778);
#778 = DEFINITIONAL_REPRESENTATION('',(#779),#783);
#779 = LINE('',#780,#781);
#780 = CARTESIAN_POINT('',(-3.14159265359,1.471961680016E-17));
#781 = VECTOR('',#782,1.);
#782 = DIRECTION('',(0.,1.));
#783 = ( GEOMETRIC_REPRESENTATION_CONTEXT(2) 
PARAMETRIC_REPRESENTATION_CONTEXT() REPRESENTATION_CONTEXT('2D SPACE',''
  ) );
#784 = ORIENTED_EDGE('',*,*,#785,.T.);
#785 = EDGE_CURVE('',#763,#786,#788,.T.);
#786 = VERTEX_POINT('',#787);
#787 = CARTESIAN_POINT('',(-6.917839615336E-02,0.237511419971,3.8600001)
  );
#788 = SURFACE_CURVE('',#789,(#794,#801),.PCURVE_S1.);
#789 = CIRCLE('',#790,0.25);
#790 = AXIS2_PLACEMENT_3D('',#791,#792,#793);
#791 = CARTESIAN_POINT('',(4.274670849122E-03,-1.45436617453E-03,
    3.8600001));
#792 = DIRECTION('',(-6.121599219673E-17,9.236020009621E-18,1.));
#793 = DIRECTION('',(-0.29381226801,0.95586314458,-2.68143806356E-17));
#794 = PCURVE('',#739,#795);
#795 = DEFINITIONAL_REPRESENTATION('',(#796),#800);
#796 = LINE('',#797,#798);
#797 = CARTESIAN_POINT('',(6.28318530718,2.5E-02));
#798 = VECTOR('',#799,1.);
#799 = DIRECTION('',(-1.,0.));
#800 = ( GEOMETRIC_REPRESENTATION_CONTEXT(2) 
PARAMETRIC_REPRESENTATION_CONTEXT() REPRESENTATION_CONTEXT('2D SPACE',''
  ) );
#801 = PCURVE('',#802,#807);
#802 = CYLINDRICAL_SURFACE('',#803,0.25);
#803 = AXIS2_PLACEMENT_3D('',#804,#805,#806);
#804 = CARTESIAN_POINT('',(4.274670849122E-03,-1.45436617453E-03,
    3.8550001));
#805 = DIRECTION('',(-5.551115123126E-17,7.318533788671E-33,1.));
#806 = DIRECTION('',(0.29381226801,-0.95586314458,2.68143806356E-17));
#807 = DEFINITIONAL_REPRESENTATION('',(#808),#812);
#808 = LINE('',#809,#810);
#809 = CARTESIAN_POINT('',(3.14159265359,5.E-03));
#810 = VECTOR('',#811,1.);
#811 = DIRECTION('',(1.,0.));
#812 = ( GEOMETRIC_REPRESENTATION_CONTEXT(2) 
PARAMETRIC_REPRESENTATION_CONTEXT() REPRESENTATION_CONTEXT('2D SPACE',''
  ) );
#813 = ORIENTED_EDGE('',*,*,#814,.T.);
#814 = EDGE_CURVE('',#786,#763,#815,.T.);
#815 = SURFACE_CURVE('',#816,(#821,#828),.PCURVE_S1.);
#816 = CIRCLE('',#817,0.25);
#817 = AXIS2_PLACEMENT_3D('',#818,#819,#820);
#818 = CARTESIAN_POINT('',(4.274670849122E-03,-1.45436617453E-03,
    3.8600001));
#819 = DIRECTION('',(-6.121599219673E-17,9.236020009621E-18,1.));
#820 = DIRECTION('',(-0.29381226801,0.95586314458,-2.68143806356E-17));
#821 = PCURVE('',#739,#822);
#822 = DEFINITIONAL_REPRESENTATION('',(#823),#827);
#823 = LINE('',#824,#825);
#824 = CARTESIAN_POINT('',(0.,2.5E-02));
#825 = VECTOR('',#826,1.);
#826 = DIRECTION('',(-1.,0.));
#827 = ( GEOMETRIC_REPRESENTATION_CONTEXT(2) 
PARAMETRIC_REPRESENTATION_CONTEXT() REPRESENTATION_CONTEXT('2D SPACE',''
  ) );
#828 = PCURVE('',#802,#829);
#829 = DEFINITIONAL_REPRESENTATION('',(#830),#834);
#830 = LINE('',#831,#832);
#831 = CARTESIAN_POINT('',(3.14159265359,5.E-03));
#832 = VECTOR('',#833,1.);
#833 = DIRECTION('',(1.,0.));
#834 = ( GEOMETRIC_REPRESENTATION_CONTEXT(2) 
PARAMETRIC_REPRESENTATION_CONTEXT() REPRESENTATION_CONTEXT('2D SPACE',''
  ) );
#835 = ORIENTED_EDGE('',*,*,#762,.F.);
#836 = ADVANCED_FACE('',(#837),#802,.T.);
#837 = FACE_BOUND('',#838,.T.);
#838 = EDGE_LOOP('',(#839,#840,#841,#864,#891));
#839 = ORIENTED_EDGE('',*,*,#785,.F.);
#840 = ORIENTED_EDGE('',*,*,#814,.F.);
#841 = ORIENTED_EDGE('',*,*,#842,.T.);
#842 = EDGE_CURVE('',#786,#843,#845,.T.);
#843 = VERTEX_POINT('',#844);
#844 = CARTESIAN_POINT('',(-6.917839615336E-02,0.237511419971,3.8000001)
  );
#845 = SEAM_CURVE('',#846,(#850,#857),.PCURVE_S1.);
#846 = LINE('',#847,#848);
#847 = CARTESIAN_POINT('',(-6.917839615336E-02,0.237511419971,3.8550001)
  );
#848 = VECTOR('',#849,1.);
#849 = DIRECTION('',(5.551115123126E-17,-7.318533788671E-33,-1.));
#850 = PCURVE('',#802,#851);
#851 = DEFINITIONAL_REPRESENTATION('',(#852),#856);
#852 = LINE('',#853,#854);
#853 = CARTESIAN_POINT('',(3.14159265359,0.));
#854 = VECTOR('',#855,1.);
#855 = DIRECTION('',(0.,-1.));
#856 = ( GEOMETRIC_REPRESENTATION_CONTEXT(2) 
PARAMETRIC_REPRESENTATION_CONTEXT() REPRESENTATION_CONTEXT('2D SPACE',''
  ) );
#857 = PCURVE('',#802,#858);
#858 = DEFINITIONAL_REPRESENTATION('',(#859),#863);
#859 = LINE('',#860,#861);
#860 = CARTESIAN_POINT('',(9.424777960769,0.));
#861 = VECTOR('',#862,1.);
#862 = DIRECTION('',(0.,-1.));
#863 = ( GEOMETRIC_REPRESENTATION_CONTEXT(2) 
PARAMETRIC_REPRESENTATION_CONTEXT() REPRESENTATION_CONTEXT('2D SPACE',''
  ) );
#864 = ORIENTED_EDGE('',*,*,#865,.T.);
#865 = EDGE_CURVE('',#843,#843,#866,.T.);
#866 = SURFACE_CURVE('',#867,(#872,#879),.PCURVE_S1.);
#867 = CIRCLE('',#868,0.25);
#868 = AXIS2_PLACEMENT_3D('',#869,#870,#871);
#869 = CARTESIAN_POINT('',(4.274670849122E-03,-1.45436617453E-03,
    3.8000001));
#870 = DIRECTION('',(-6.121599219673E-17,9.236020009621E-18,1.));
#871 = DIRECTION('',(0.95586314458,0.29381226801,5.580045481335E-17));
#872 = PCURVE('',#802,#873);
#873 = DEFINITIONAL_REPRESENTATION('',(#874),#878);
#874 = LINE('',#875,#876);
#875 = CARTESIAN_POINT('',(1.570796326795,-5.5E-02));
#876 = VECTOR('',#877,1.);
#877 = DIRECTION('',(1.,0.));
#878 = ( GEOMETRIC_REPRESENTATION_CONTEXT(2) 
PARAMETRIC_REPRESENTATION_CONTEXT() REPRESENTATION_CONTEXT('2D SPACE',''
  ) );
#879 = PCURVE('',#880,#885);
#880 = PLANE('',#881);
#881 = AXIS2_PLACEMENT_3D('',#882,#883,#884);
#882 = CARTESIAN_POINT('',(7.77277378516E-02,-0.24042015232,3.8000001));
#883 = DIRECTION('',(-5.551115123126E-17,7.318533788671E-33,1.));
#884 = DIRECTION('',(-0.95586314458,-0.29381226801,-5.580045481335E-17)
  );
#885 = DEFINITIONAL_REPRESENTATION('',(#886),#890);
#886 = CIRCLE('',#887,0.25);
#887 = AXIS2_PLACEMENT_2D('',#888,#889);
#888 = CARTESIAN_POINT('',(-3.469446951954E-16,-0.25));
#889 = DIRECTION('',(-1.,5.551115123126E-17));
#890 = ( GEOMETRIC_REPRESENTATION_CONTEXT(2) 
PARAMETRIC_REPRESENTATION_CONTEXT() REPRESENTATION_CONTEXT('2D SPACE',''
  ) );
#891 = ORIENTED_EDGE('',*,*,#842,.F.);
#892 = ADVANCED_FACE('',(#893,#896),#177,.T.);
#893 = FACE_BOUND('',#894,.T.);
#894 = EDGE_LOOP('',(#895));
#895 = ORIENTED_EDGE('',*,*,#729,.F.);
#896 = FACE_BOUND('',#897,.T.);
#897 = EDGE_LOOP('',(#898));
#898 = ORIENTED_EDGE('',*,*,#162,.F.);
#899 = ADVANCED_FACE('',(#900),#914,.F.);
#900 = FACE_BOUND('',#901,.T.);
#901 = EDGE_LOOP('',(#902,#932,#960,#988));
#902 = ORIENTED_EDGE('',*,*,#903,.F.);
#903 = EDGE_CURVE('',#904,#906,#908,.T.);
#904 = VERTEX_POINT('',#905);
#905 = CARTESIAN_POINT('',(0.619079241541,-1.217090166466,3.8000001));
#906 = VERTEX_POINT('',#907);
#907 = CARTESIAN_POINT('',(0.580513604924,-1.14083541696,3.8000001));
#908 = SURFACE_CURVE('',#909,(#913,#925),.PCURVE_S1.);
#909 = LINE('',#910,#911);
#910 = CARTESIAN_POINT('',(0.367277507984,-0.719209674875,3.8000001));
#911 = VECTOR('',#912,1.);
#912 = DIRECTION('',(-0.451311875055,0.892366287706,-2.687690310367E-17)
  );
#913 = PCURVE('',#914,#919);
#914 = PLANE('',#915);
#915 = AXIS2_PLACEMENT_3D('',#916,#917,#918);
#916 = CARTESIAN_POINT('',(0.619079241541,-1.217090166466,4.2100001));
#917 = DIRECTION('',(-0.892366287706,-0.451311875055,-1.114666887469E-16
    ));
#918 = DIRECTION('',(-0.451311875055,0.892366287706,-2.687690310367E-17)
  );
#919 = DEFINITIONAL_REPRESENTATION('',(#920),#924);
#920 = LINE('',#921,#922);
#921 = CARTESIAN_POINT('',(0.557932878516,0.41));
#922 = VECTOR('',#923,1.);
#923 = DIRECTION('',(1.,2.546680416791E-33));
#924 = ( GEOMETRIC_REPRESENTATION_CONTEXT(2) 
PARAMETRIC_REPRESENTATION_CONTEXT() REPRESENTATION_CONTEXT('2D SPACE',''
  ) );
#925 = PCURVE('',#880,#926);
#926 = DEFINITIONAL_REPRESENTATION('',(#927),#931);
#927 = LINE('',#928,#929);
#928 = CARTESIAN_POINT('',(-0.136095718269,0.542730533287));
#929 = VECTOR('',#930,1.);
#930 = DIRECTION('',(0.16920422519,-0.985581011474));
#931 = ( GEOMETRIC_REPRESENTATION_CONTEXT(2) 
PARAMETRIC_REPRESENTATION_CONTEXT() REPRESENTATION_CONTEXT('2D SPACE',''
  ) );
#932 = ORIENTED_EDGE('',*,*,#933,.T.);
#933 = EDGE_CURVE('',#904,#934,#936,.T.);
#934 = VERTEX_POINT('',#935);
#935 = CARTESIAN_POINT('',(0.619079241541,-1.217090166466,3.3000001));
#936 = SURFACE_CURVE('',#937,(#941,#948),.PCURVE_S1.);
#937 = LINE('',#938,#939);
#938 = CARTESIAN_POINT('',(0.619079241541,-1.217090166466,4.2100001));
#939 = VECTOR('',#940,1.);
#940 = DIRECTION('',(5.551115123126E-17,9.84654534872E-19,-1.));
#941 = PCURVE('',#914,#942);
#942 = DEFINITIONAL_REPRESENTATION('',(#943),#947);
#943 = LINE('',#944,#945);
#944 = CARTESIAN_POINT('',(0.,0.));
#945 = VECTOR('',#946,1.);
#946 = DIRECTION('',(-5.399264227907E-18,1.));
#947 = ( GEOMETRIC_REPRESENTATION_CONTEXT(2) 
PARAMETRIC_REPRESENTATION_CONTEXT() REPRESENTATION_CONTEXT('2D SPACE',''
  ) );
#948 = PCURVE('',#949,#954);
#949 = CYLINDRICAL_SURFACE('',#950,9.35E-02);
#950 = AXIS2_PLACEMENT_3D('',#951,#952,#953);
#951 = CARTESIAN_POINT('',(0.535642993641,-1.259287826783,4.2100001));
#952 = DIRECTION('',(5.551115123126E-17,9.84654534872E-19,-1.));
#953 = DIRECTION('',(0.892366287706,0.451311875055,1.114666887469E-16));
#954 = DEFINITIONAL_REPRESENTATION('',(#955),#959);
#955 = LINE('',#956,#957);
#956 = CARTESIAN_POINT('',(0.,0.));
#957 = VECTOR('',#958,1.);
#958 = DIRECTION('',(0.,1.));
#959 = ( GEOMETRIC_REPRESENTATION_CONTEXT(2) 
PARAMETRIC_REPRESENTATION_CONTEXT() REPRESENTATION_CONTEXT('2D SPACE',''
  ) );
#960 = ORIENTED_EDGE('',*,*,#961,.F.);
#961 = EDGE_CURVE('',#962,#934,#964,.T.);
#962 = VERTEX_POINT('',#963);
#963 = CARTESIAN_POINT('',(0.580513604924,-1.14083541696,3.3000001));
#964 = SURFACE_CURVE('',#965,(#969,#976),.PCURVE_S1.);
#965 = LINE('',#966,#967);
#966 = CARTESIAN_POINT('',(0.634727282196,-1.248030597508,3.3000001));
#967 = VECTOR('',#968,1.);
#968 = DIRECTION('',(0.451311875055,-0.892366287706,2.687690310367E-17)
  );
#969 = PCURVE('',#914,#970);
#970 = DEFINITIONAL_REPRESENTATION('',(#971),#975);
#971 = LINE('',#972,#973);
#972 = CARTESIAN_POINT('',(-3.467234415819E-02,0.91));
#973 = VECTOR('',#974,1.);
#974 = DIRECTION('',(-1.,-2.546680416791E-33));
#975 = ( GEOMETRIC_REPRESENTATION_CONTEXT(2) 
PARAMETRIC_REPRESENTATION_CONTEXT() REPRESENTATION_CONTEXT('2D SPACE',''
  ) );
#976 = PCURVE('',#977,#982);
#977 = PLANE('',#978);
#978 = AXIS2_PLACEMENT_3D('',#979,#980,#981);
#979 = CARTESIAN_POINT('',(0.431051680747,-1.389893376835,3.3000001));
#980 = DIRECTION('',(5.551115123126E-17,-7.318533788671E-33,-1.));
#981 = DIRECTION('',(0.95586314458,0.29381226801,5.580045481335E-17));
#982 = DEFINITIONAL_REPRESENTATION('',(#983),#987);
#983 = LINE('',#984,#985);
#984 = CARTESIAN_POINT('',(0.236367025815,-7.575901194573E-02));
#985 = VECTOR('',#986,1.);
#986 = DIRECTION('',(0.16920422519,0.985581011474));
#987 = ( GEOMETRIC_REPRESENTATION_CONTEXT(2) 
PARAMETRIC_REPRESENTATION_CONTEXT() REPRESENTATION_CONTEXT('2D SPACE',''
  ) );
#988 = ORIENTED_EDGE('',*,*,#989,.F.);
#989 = EDGE_CURVE('',#906,#962,#990,.T.);
#990 = SURFACE_CURVE('',#991,(#995,#1002),.PCURVE_S1.);
#991 = LINE('',#992,#993);
#992 = CARTESIAN_POINT('',(0.580513604924,-1.14083541696,4.2100001));
#993 = VECTOR('',#994,1.);
#994 = DIRECTION('',(5.551115123126E-17,9.84654534872E-19,-1.));
#995 = PCURVE('',#914,#996);
#996 = DEFINITIONAL_REPRESENTATION('',(#997),#1001);
#997 = LINE('',#998,#999);
#998 = CARTESIAN_POINT('',(8.545229751107E-02,-1.595945597899E-16));
#999 = VECTOR('',#1000,1.);
#1000 = DIRECTION('',(-5.399264227907E-18,1.));
#1001 = ( GEOMETRIC_REPRESENTATION_CONTEXT(2) 
PARAMETRIC_REPRESENTATION_CONTEXT() REPRESENTATION_CONTEXT('2D SPACE',''
  ) );
#1002 = PCURVE('',#1003,#1008);
#1003 = CYLINDRICAL_SURFACE('',#1004,0.10404056416);
#1004 = AXIS2_PLACEMENT_3D('',#1005,#1006,#1007);
#1005 = CARTESIAN_POINT('',(0.673355896934,-1.093880674867,4.2100001));
#1006 = DIRECTION('',(5.551115123126E-17,9.84654534872E-19,-1.));
#1007 = DIRECTION('',(0.892366287706,0.451311875055,5.595553751567E-17)
  );
#1008 = DEFINITIONAL_REPRESENTATION('',(#1009),#1013);
#1009 = LINE('',#1010,#1011);
#1010 = CARTESIAN_POINT('',(3.14159265359,0.));
#1011 = VECTOR('',#1012,1.);
#1012 = DIRECTION('',(0.,1.));
#1013 = ( GEOMETRIC_REPRESENTATION_CONTEXT(2) 
PARAMETRIC_REPRESENTATION_CONTEXT() REPRESENTATION_CONTEXT('2D SPACE',''
  ) );
#1014 = ADVANCED_FACE('',(#1015),#1003,.F.);
#1015 = FACE_BOUND('',#1016,.F.);
#1016 = EDGE_LOOP('',(#1017,#1047,#1073,#1074));
#1017 = ORIENTED_EDGE('',*,*,#1018,.T.);
#1018 = EDGE_CURVE('',#1019,#1021,#1023,.T.);
#1019 = VERTEX_POINT('',#1020);
#1020 = CARTESIAN_POINT('',(0.757371690014,-1.032514678551,3.8000001));
#1021 = VERTEX_POINT('',#1022);
#1022 = CARTESIAN_POINT('',(0.757371690014,-1.032514678551,3.3000001));
#1023 = SURFACE_CURVE('',#1024,(#1028,#1035),.PCURVE_S1.);
#1024 = LINE('',#1025,#1026);
#1025 = CARTESIAN_POINT('',(0.757371690014,-1.032514678551,4.2100001));
#1026 = VECTOR('',#1027,1.);
#1027 = DIRECTION('',(5.551115123126E-17,9.84654534872E-19,-1.));
#1028 = PCURVE('',#1003,#1029);
#1029 = DEFINITIONAL_REPRESENTATION('',(#1030),#1034);
#1030 = LINE('',#1031,#1032);
#1031 = CARTESIAN_POINT('',(6.120574874859,0.));
#1032 = VECTOR('',#1033,1.);
#1033 = DIRECTION('',(0.,1.));
#1034 = ( GEOMETRIC_REPRESENTATION_CONTEXT(2) 
PARAMETRIC_REPRESENTATION_CONTEXT() REPRESENTATION_CONTEXT('2D SPACE',''
  ) );
#1035 = PCURVE('',#1036,#1041);
#1036 = PLANE('',#1037);
#1037 = AXIS2_PLACEMENT_3D('',#1038,#1039,#1040);
#1038 = CARTESIAN_POINT('',(0.757371690014,-1.032514678551,4.2100001));
#1039 = DIRECTION('',(0.807529195542,0.58982760053,8.384750326854E-17));
#1040 = DIRECTION('',(0.58982760053,-0.807529195542,5.471601394683E-17)
  );
#1041 = DEFINITIONAL_REPRESENTATION('',(#1042),#1046);
#1042 = LINE('',#1043,#1044);
#1043 = CARTESIAN_POINT('',(0.,0.));
#1044 = VECTOR('',#1045,1.);
#1045 = DIRECTION('',(-5.419570391156E-17,1.));
#1046 = ( GEOMETRIC_REPRESENTATION_CONTEXT(2) 
PARAMETRIC_REPRESENTATION_CONTEXT() REPRESENTATION_CONTEXT('2D SPACE',''
  ) );
#1047 = ORIENTED_EDGE('',*,*,#1048,.T.);
#1048 = EDGE_CURVE('',#1021,#962,#1049,.T.);
#1049 = SURFACE_CURVE('',#1050,(#1055,#1062),.PCURVE_S1.);
#1050 = CIRCLE('',#1051,0.10404056416);
#1051 = AXIS2_PLACEMENT_3D('',#1052,#1053,#1054);
#1052 = CARTESIAN_POINT('',(0.673355896934,-1.093880674867,3.3000001));
#1053 = DIRECTION('',(-7.458912169917E-17,2.349878366702E-17,1.));
#1054 = DIRECTION('',(0.892366287706,0.451311875055,5.595553751567E-17)
  );
#1055 = PCURVE('',#1003,#1056);
#1056 = DEFINITIONAL_REPRESENTATION('',(#1057),#1061);
#1057 = LINE('',#1058,#1059);
#1058 = CARTESIAN_POINT('',(6.28318530718,0.91));
#1059 = VECTOR('',#1060,1.);
#1060 = DIRECTION('',(-1.,0.));
#1061 = ( GEOMETRIC_REPRESENTATION_CONTEXT(2) 
PARAMETRIC_REPRESENTATION_CONTEXT() REPRESENTATION_CONTEXT('2D SPACE',''
  ) );
#1062 = PCURVE('',#977,#1063);
#1063 = DEFINITIONAL_REPRESENTATION('',(#1064),#1072);
#1064 = ( BOUNDED_CURVE() B_SPLINE_CURVE(2,(#1065,#1066,#1067,#1068,
#1069,#1070,#1071),.UNSPECIFIED.,.T.,.F.) B_SPLINE_CURVE_WITH_KNOTS((1,2
    ,2,2,2,1),(-2.094395102393,0.,2.094395102393,4.188790204786,
6.28318530718,8.377580409573),.UNSPECIFIED.) CURVE() 
GEOMETRIC_REPRESENTATION_ITEM() RATIONAL_B_SPLINE_CURVE((1.,0.5,1.,0.5,
1.,0.5,1.)) REPRESENTATION_ITEM('') );
#1065 = CARTESIAN_POINT('',(0.421122237813,-0.229359783879));
#1066 = CARTESIAN_POINT('',(0.390631036914,-0.406964974231));
#1067 = CARTESIAN_POINT('',(0.252066030675,-0.291756224484));
#1068 = CARTESIAN_POINT('',(0.113501024437,-0.176547474738));
#1069 = CARTESIAN_POINT('',(0.282557231575,-0.114151034133));
#1070 = CARTESIAN_POINT('',(0.451613438713,-5.175459352745E-02));
#1071 = CARTESIAN_POINT('',(0.421122237813,-0.229359783879));
#1072 = ( GEOMETRIC_REPRESENTATION_CONTEXT(2) 
PARAMETRIC_REPRESENTATION_CONTEXT() REPRESENTATION_CONTEXT('2D SPACE',''
  ) );
#1073 = ORIENTED_EDGE('',*,*,#989,.F.);
#1074 = ORIENTED_EDGE('',*,*,#1075,.T.);
#1075 = EDGE_CURVE('',#906,#1019,#1076,.T.);
#1076 = SURFACE_CURVE('',#1077,(#1082,#1089),.PCURVE_S1.);
#1077 = CIRCLE('',#1078,0.10404056416);
#1078 = AXIS2_PLACEMENT_3D('',#1079,#1080,#1081);
#1079 = CARTESIAN_POINT('',(0.673355896934,-1.093880674867,3.8000001));
#1080 = DIRECTION('',(7.458912169917E-17,-2.349878366702E-17,-1.));
#1081 = DIRECTION('',(0.892366287706,0.451311875055,5.595553751567E-17)
  );
#1082 = PCURVE('',#1003,#1083);
#1083 = DEFINITIONAL_REPRESENTATION('',(#1084),#1088);
#1084 = LINE('',#1085,#1086);
#1085 = CARTESIAN_POINT('',(2.22044604925E-15,0.41));
#1086 = VECTOR('',#1087,1.);
#1087 = DIRECTION('',(1.,0.));
#1088 = ( GEOMETRIC_REPRESENTATION_CONTEXT(2) 
PARAMETRIC_REPRESENTATION_CONTEXT() REPRESENTATION_CONTEXT('2D SPACE',''
  ) );
#1089 = PCURVE('',#880,#1090);
#1090 = DEFINITIONAL_REPRESENTATION('',(#1091),#1099);
#1091 = ( BOUNDED_CURVE() B_SPLINE_CURVE(2,(#1092,#1093,#1094,#1095,
#1096,#1097,#1098),.UNSPECIFIED.,.T.,.F.) B_SPLINE_CURVE_WITH_KNOTS((1,2
    ,2,2,2,1),(-2.094395102393,0.,2.094395102393,4.188790204786,
6.28318530718,8.377580409573),.UNSPECIFIED.) CURVE() 
GEOMETRIC_REPRESENTATION_ITEM() RATIONAL_B_SPLINE_CURVE((1.,0.5,1.,0.5,
1.,0.5,1.)) REPRESENTATION_ITEM('') );
#1092 = CARTESIAN_POINT('',(-0.421122237813,0.973190216121));
#1093 = CARTESIAN_POINT('',(-0.451613438713,1.150795406473));
#1094 = CARTESIAN_POINT('',(-0.282557231575,1.088398965867));
#1095 = CARTESIAN_POINT('',(-0.113501024437,1.026002525262));
#1096 = CARTESIAN_POINT('',(-0.252066030675,0.910793775516));
#1097 = CARTESIAN_POINT('',(-0.390631036914,0.795585025769));
#1098 = CARTESIAN_POINT('',(-0.421122237813,0.973190216121));
#1099 = ( GEOMETRIC_REPRESENTATION_CONTEXT(2) 
PARAMETRIC_REPRESENTATION_CONTEXT() REPRESENTATION_CONTEXT('2D SPACE',''
  ) );
#1100 = ADVANCED_FACE('',(#1101),#1036,.F.);
#1101 = FACE_BOUND('',#1102,.T.);
#1102 = EDGE_LOOP('',(#1103,#1126,#1127,#1150));
#1103 = ORIENTED_EDGE('',*,*,#1104,.F.);
#1104 = EDGE_CURVE('',#1019,#1105,#1107,.T.);
#1105 = VERTEX_POINT('',#1106);
#1106 = CARTESIAN_POINT('',(0.807773813615,-1.101519903617,3.8000001));
#1107 = SURFACE_CURVE('',#1108,(#1112,#1119),.PCURVE_S1.);
#1108 = LINE('',#1109,#1110);
#1109 = CARTESIAN_POINT('',(0.450510277853,-0.612392681746,3.8000001));
#1110 = VECTOR('',#1111,1.);
#1111 = DIRECTION('',(0.58982760053,-0.807529195542,5.471601394683E-17)
  );
#1112 = PCURVE('',#1036,#1113);
#1113 = DEFINITIONAL_REPRESENTATION('',(#1114),#1118);
#1114 = LINE('',#1115,#1116);
#1115 = CARTESIAN_POINT('',(-0.52025610854,0.41));
#1116 = VECTOR('',#1117,1.);
#1117 = DIRECTION('',(1.,-2.775557561563E-17));
#1118 = ( GEOMETRIC_REPRESENTATION_CONTEXT(2) 
PARAMETRIC_REPRESENTATION_CONTEXT() REPRESENTATION_CONTEXT('2D SPACE',''
  ) );
#1119 = PCURVE('',#880,#1120);
#1120 = DEFINITIONAL_REPRESENTATION('',(#1121),#1125);
#1121 = LINE('',#1122,#1123);
#1122 = CARTESIAN_POINT('',(-0.247038998422,0.465082915227));
#1123 = VECTOR('',#1124,1.);
#1124 = DIRECTION('',(-0.326532480577,0.945185981238));
#1125 = ( GEOMETRIC_REPRESENTATION_CONTEXT(2) 
PARAMETRIC_REPRESENTATION_CONTEXT() REPRESENTATION_CONTEXT('2D SPACE',''
  ) );
#1126 = ORIENTED_EDGE('',*,*,#1018,.T.);
#1127 = ORIENTED_EDGE('',*,*,#1128,.F.);
#1128 = EDGE_CURVE('',#1129,#1021,#1131,.T.);
#1129 = VERTEX_POINT('',#1130);
#1130 = CARTESIAN_POINT('',(0.807773813615,-1.101519903617,3.3000001));
#1131 = SURFACE_CURVE('',#1132,(#1136,#1143),.PCURVE_S1.);
#1132 = LINE('',#1133,#1134);
#1133 = CARTESIAN_POINT('',(0.785719153867,-1.071325010012,3.3000001));
#1134 = VECTOR('',#1135,1.);
#1135 = DIRECTION('',(-0.58982760053,0.807529195542,-5.471601394683E-17)
  );
#1136 = PCURVE('',#1036,#1137);
#1137 = DEFINITIONAL_REPRESENTATION('',(#1138),#1142);
#1138 = LINE('',#1139,#1140);
#1139 = CARTESIAN_POINT('',(4.806059232898E-02,0.91));
#1140 = VECTOR('',#1141,1.);
#1141 = DIRECTION('',(-1.,2.775557561563E-17));
#1142 = ( GEOMETRIC_REPRESENTATION_CONTEXT(2) 
PARAMETRIC_REPRESENTATION_CONTEXT() REPRESENTATION_CONTEXT('2D SPACE',''
  ) );
#1143 = PCURVE('',#977,#1144);
#1144 = DEFINITIONAL_REPRESENTATION('',(#1145),#1149);
#1145 = LINE('',#1146,#1147);
#1146 = CARTESIAN_POINT('',(0.43261286051,-0.200302106208));
#1147 = VECTOR('',#1148,1.);
#1148 = DIRECTION('',(-0.326532480577,-0.945185981238));
#1149 = ( GEOMETRIC_REPRESENTATION_CONTEXT(2) 
PARAMETRIC_REPRESENTATION_CONTEXT() REPRESENTATION_CONTEXT('2D SPACE',''
  ) );
#1150 = ORIENTED_EDGE('',*,*,#1151,.F.);
#1151 = EDGE_CURVE('',#1105,#1129,#1152,.T.);
#1152 = SURFACE_CURVE('',#1153,(#1157,#1164),.PCURVE_S1.);
#1153 = LINE('',#1154,#1155);
#1154 = CARTESIAN_POINT('',(0.807773813615,-1.101519903617,4.2100001));
#1155 = VECTOR('',#1156,1.);
#1156 = DIRECTION('',(5.551115123126E-17,9.84654534872E-19,-1.));
#1157 = PCURVE('',#1036,#1158);
#1158 = DEFINITIONAL_REPRESENTATION('',(#1159),#1163);
#1159 = LINE('',#1160,#1161);
#1160 = CARTESIAN_POINT('',(8.545229751107E-02,-1.942890293094E-16));
#1161 = VECTOR('',#1162,1.);
#1162 = DIRECTION('',(-5.419570391156E-17,1.));
#1163 = ( GEOMETRIC_REPRESENTATION_CONTEXT(2) 
PARAMETRIC_REPRESENTATION_CONTEXT() REPRESENTATION_CONTEXT('2D SPACE',''
  ) );
#1164 = PCURVE('',#1165,#1170);
#1165 = CYLINDRICAL_SURFACE('',#1166,9.35E-02);
#1166 = AXIS2_PLACEMENT_3D('',#1167,#1168,#1169);
#1167 = CARTESIAN_POINT('',(0.883277793398,-1.046371022968,4.2100001));
#1168 = DIRECTION('',(5.551115123126E-17,9.84654534872E-19,-1.));
#1169 = DIRECTION('',(0.309332574345,-0.950953920255,2.68192145256E-17)
  );
#1170 = DEFINITIONAL_REPRESENTATION('',(#1171),#1175);
#1171 = LINE('',#1172,#1173);
#1172 = CARTESIAN_POINT('',(1.254442096415,0.));
#1173 = VECTOR('',#1174,1.);
#1174 = DIRECTION('',(0.,1.));
#1175 = ( GEOMETRIC_REPRESENTATION_CONTEXT(2) 
PARAMETRIC_REPRESENTATION_CONTEXT() REPRESENTATION_CONTEXT('2D SPACE',''
  ) );
#1176 = ADVANCED_FACE('',(#1177),#1165,.T.);
#1177 = FACE_BOUND('',#1178,.T.);
#1178 = EDGE_LOOP('',(#1179,#1203,#1204,#1228));
#1179 = ORIENTED_EDGE('',*,*,#1180,.F.);
#1180 = EDGE_CURVE('',#1105,#1181,#1183,.T.);
#1181 = VERTEX_POINT('',#1182);
#1182 = CARTESIAN_POINT('',(0.912200389099,-1.135285214511,3.8000001));
#1183 = SURFACE_CURVE('',#1184,(#1189,#1196),.PCURVE_S1.);
#1184 = CIRCLE('',#1185,9.35E-02);
#1185 = AXIS2_PLACEMENT_3D('',#1186,#1187,#1188);
#1186 = CARTESIAN_POINT('',(0.883277793398,-1.046371022968,3.8000001));
#1187 = DIRECTION('',(-6.137425053887E-17,8.238211590526E-18,1.));
#1188 = DIRECTION('',(0.309332574345,-0.950953920255,2.68192145256E-17)
  );
#1189 = PCURVE('',#1165,#1190);
#1190 = DEFINITIONAL_REPRESENTATION('',(#1191),#1195);
#1191 = LINE('',#1192,#1193);
#1192 = CARTESIAN_POINT('',(6.28318530718,0.41));
#1193 = VECTOR('',#1194,1.);
#1194 = DIRECTION('',(-1.,0.));
#1195 = ( GEOMETRIC_REPRESENTATION_CONTEXT(2) 
PARAMETRIC_REPRESENTATION_CONTEXT() REPRESENTATION_CONTEXT('2D SPACE',''
  ) );
#1196 = PCURVE('',#880,#1197);
#1197 = DEFINITIONAL_REPRESENTATION('',(#1198),#1202);
#1198 = CIRCLE('',#1199,9.35E-02);
#1199 = AXIS2_PLACEMENT_2D('',#1200,#1201);
#1200 = CARTESIAN_POINT('',(-0.533197356001,1.00705922241));
#1201 = DIRECTION('',(-1.627767915151E-02,0.999867509804));
#1202 = ( GEOMETRIC_REPRESENTATION_CONTEXT(2) 
PARAMETRIC_REPRESENTATION_CONTEXT() REPRESENTATION_CONTEXT('2D SPACE',''
  ) );
#1203 = ORIENTED_EDGE('',*,*,#1151,.T.);
#1204 = ORIENTED_EDGE('',*,*,#1205,.F.);
#1205 = EDGE_CURVE('',#1206,#1129,#1208,.T.);
#1206 = VERTEX_POINT('',#1207);
#1207 = CARTESIAN_POINT('',(0.912200389099,-1.135285214511,3.3000001));
#1208 = SURFACE_CURVE('',#1209,(#1214,#1221),.PCURVE_S1.);
#1209 = CIRCLE('',#1210,9.35E-02);
#1210 = AXIS2_PLACEMENT_3D('',#1211,#1212,#1213);
#1211 = CARTESIAN_POINT('',(0.883277793398,-1.046371022968,3.3000001));
#1212 = DIRECTION('',(6.137425053887E-17,-8.238211590526E-18,-1.));
#1213 = DIRECTION('',(0.309332574345,-0.950953920255,2.68192145256E-17)
  );
#1214 = PCURVE('',#1165,#1215);
#1215 = DEFINITIONAL_REPRESENTATION('',(#1216),#1220);
#1216 = LINE('',#1217,#1218);
#1217 = CARTESIAN_POINT('',(0.,0.91));
#1218 = VECTOR('',#1219,1.);
#1219 = DIRECTION('',(1.,0.));
#1220 = ( GEOMETRIC_REPRESENTATION_CONTEXT(2) 
PARAMETRIC_REPRESENTATION_CONTEXT() REPRESENTATION_CONTEXT('2D SPACE',''
  ) );
#1221 = PCURVE('',#977,#1222);
#1222 = DEFINITIONAL_REPRESENTATION('',(#1223),#1227);
#1223 = CIRCLE('',#1224,9.35E-02);
#1224 = AXIS2_PLACEMENT_2D('',#1225,#1226);
#1225 = CARTESIAN_POINT('',(0.533197356001,-0.19549077759));
#1226 = DIRECTION('',(1.627767915151E-02,0.999867509804));
#1227 = ( GEOMETRIC_REPRESENTATION_CONTEXT(2) 
PARAMETRIC_REPRESENTATION_CONTEXT() REPRESENTATION_CONTEXT('2D SPACE',''
  ) );
#1228 = ORIENTED_EDGE('',*,*,#1229,.F.);
#1229 = EDGE_CURVE('',#1181,#1206,#1230,.T.);
#1230 = SURFACE_CURVE('',#1231,(#1235,#1242),.PCURVE_S1.);
#1231 = LINE('',#1232,#1233);
#1232 = CARTESIAN_POINT('',(0.912200389099,-1.135285214511,4.2100001));
#1233 = VECTOR('',#1234,1.);
#1234 = DIRECTION('',(5.551115123126E-17,9.84654534872E-19,-1.));
#1235 = PCURVE('',#1165,#1236);
#1236 = DEFINITIONAL_REPRESENTATION('',(#1237),#1241);
#1237 = LINE('',#1238,#1239);
#1238 = CARTESIAN_POINT('',(0.,0.));
#1239 = VECTOR('',#1240,1.);
#1240 = DIRECTION('',(0.,1.));
#1241 = ( GEOMETRIC_REPRESENTATION_CONTEXT(2) 
PARAMETRIC_REPRESENTATION_CONTEXT() REPRESENTATION_CONTEXT('2D SPACE',''
  ) );
#1242 = PCURVE('',#1243,#1248);
#1243 = CYLINDRICAL_SURFACE('',#1244,9.35E-02);
#1244 = AXIS2_PLACEMENT_3D('',#1245,#1246,#1247);
#1245 = CARTESIAN_POINT('',(0.831759542053,-1.087624747386,4.2100001));
#1246 = DIRECTION('',(5.551115123126E-17,9.84654534872E-19,-1.));
#1247 = DIRECTION('',(0.752094260547,0.659055553995,8.391566888686E-17)
  );
#1248 = DEFINITIONAL_REPRESENTATION('',(#1249),#1253);
#1249 = LINE('',#1250,#1251);
#1250 = CARTESIAN_POINT('',(1.254442096415,0.));
#1251 = VECTOR('',#1252,1.);
#1252 = DIRECTION('',(0.,1.));
#1253 = ( GEOMETRIC_REPRESENTATION_CONTEXT(2) 
PARAMETRIC_REPRESENTATION_CONTEXT() REPRESENTATION_CONTEXT('2D SPACE',''
  ) );
#1254 = ADVANCED_FACE('',(#1255),#949,.T.);
#1255 = FACE_BOUND('',#1256,.T.);
#1256 = EDGE_LOOP('',(#1257,#1281,#1309,#1331));
#1257 = ORIENTED_EDGE('',*,*,#1258,.F.);
#1258 = EDGE_CURVE('',#1259,#904,#1261,.T.);
#1259 = VERTEX_POINT('',#1260);
#1260 = CARTESIAN_POINT('',(0.601703967365,-1.325455777868,3.8000001));
#1261 = SURFACE_CURVE('',#1262,(#1267,#1274),.PCURVE_S1.);
#1262 = CIRCLE('',#1263,9.35E-02);
#1263 = AXIS2_PLACEMENT_3D('',#1264,#1265,#1266);
#1264 = CARTESIAN_POINT('',(0.535642993641,-1.259287826783,3.8000001));
#1265 = DIRECTION('',(-1.115989807754E-16,-2.632219805689E-17,1.));
#1266 = DIRECTION('',(0.892366287706,0.451311875055,1.114666887469E-16)
  );
#1267 = PCURVE('',#949,#1268);
#1268 = DEFINITIONAL_REPRESENTATION('',(#1269),#1273);
#1269 = LINE('',#1270,#1271);
#1270 = CARTESIAN_POINT('',(6.28318530718,0.41));
#1271 = VECTOR('',#1272,1.);
#1272 = DIRECTION('',(-1.,0.));
#1273 = ( GEOMETRIC_REPRESENTATION_CONTEXT(2) 
PARAMETRIC_REPRESENTATION_CONTEXT() REPRESENTATION_CONTEXT('2D SPACE',''
  ) );
#1274 = PCURVE('',#880,#1275);
#1275 = DEFINITIONAL_REPRESENTATION('',(#1276),#1280);
#1276 = CIRCLE('',#1277,9.35E-02);
#1277 = AXIS2_PLACEMENT_2D('',#1278,#1279);
#1278 = CARTESIAN_POINT('',(-0.138348494114,1.108439179084));
#1279 = DIRECTION('',(-0.985581011474,-0.16920422519));
#1280 = ( GEOMETRIC_REPRESENTATION_CONTEXT(2) 
PARAMETRIC_REPRESENTATION_CONTEXT() REPRESENTATION_CONTEXT('2D SPACE',''
  ) );
#1281 = ORIENTED_EDGE('',*,*,#1282,.T.);
#1282 = EDGE_CURVE('',#1259,#1283,#1285,.T.);
#1283 = VERTEX_POINT('',#1284);
#1284 = CARTESIAN_POINT('',(0.601703967365,-1.325455777868,3.3000001));
#1285 = SURFACE_CURVE('',#1286,(#1290,#1297),.PCURVE_S1.);
#1286 = LINE('',#1287,#1288);
#1287 = CARTESIAN_POINT('',(0.601703967365,-1.325455777868,4.2100001));
#1288 = VECTOR('',#1289,1.);
#1289 = DIRECTION('',(5.551115123126E-17,9.84654534872E-19,-1.));
#1290 = PCURVE('',#949,#1291);
#1291 = DEFINITIONAL_REPRESENTATION('',(#1292),#1296);
#1292 = LINE('',#1293,#1294);
#1293 = CARTESIAN_POINT('',(1.254442096415,0.));
#1294 = VECTOR('',#1295,1.);
#1295 = DIRECTION('',(0.,1.));
#1296 = ( GEOMETRIC_REPRESENTATION_CONTEXT(2) 
PARAMETRIC_REPRESENTATION_CONTEXT() REPRESENTATION_CONTEXT('2D SPACE',''
  ) );
#1297 = PCURVE('',#1298,#1303);
#1298 = CYLINDRICAL_SURFACE('',#1299,9.35E-02);
#1299 = AXIS2_PLACEMENT_3D('',#1300,#1301,#1302);
#1300 = CARTESIAN_POINT('',(0.595802088455,-1.232142232091,4.2100001));
#1301 = DIRECTION('',(5.551115123126E-17,9.84654534872E-19,-1.));
#1302 = DIRECTION('',(6.3121699572E-02,-0.998005837179,
    2.486755978547E-18));
#1303 = DEFINITIONAL_REPRESENTATION('',(#1304),#1308);
#1304 = LINE('',#1305,#1306);
#1305 = CARTESIAN_POINT('',(0.,0.));
#1306 = VECTOR('',#1307,1.);
#1307 = DIRECTION('',(0.,1.));
#1308 = ( GEOMETRIC_REPRESENTATION_CONTEXT(2) 
PARAMETRIC_REPRESENTATION_CONTEXT() REPRESENTATION_CONTEXT('2D SPACE',''
  ) );
#1309 = ORIENTED_EDGE('',*,*,#1310,.F.);
#1310 = EDGE_CURVE('',#934,#1283,#1311,.T.);
#1311 = SURFACE_CURVE('',#1312,(#1317,#1324),.PCURVE_S1.);
#1312 = CIRCLE('',#1313,9.35E-02);
#1313 = AXIS2_PLACEMENT_3D('',#1314,#1315,#1316);
#1314 = CARTESIAN_POINT('',(0.535642993641,-1.259287826783,3.3000001));
#1315 = DIRECTION('',(1.115989807754E-16,2.632219805689E-17,-1.));
#1316 = DIRECTION('',(0.892366287706,0.451311875055,1.114666887469E-16)
  );
#1317 = PCURVE('',#949,#1318);
#1318 = DEFINITIONAL_REPRESENTATION('',(#1319),#1323);
#1319 = LINE('',#1320,#1321);
#1320 = CARTESIAN_POINT('',(0.,0.91));
#1321 = VECTOR('',#1322,1.);
#1322 = DIRECTION('',(1.,0.));
#1323 = ( GEOMETRIC_REPRESENTATION_CONTEXT(2) 
PARAMETRIC_REPRESENTATION_CONTEXT() REPRESENTATION_CONTEXT('2D SPACE',''
  ) );
#1324 = PCURVE('',#977,#1325);
#1325 = DEFINITIONAL_REPRESENTATION('',(#1326),#1330);
#1326 = CIRCLE('',#1327,9.35E-02);
#1327 = AXIS2_PLACEMENT_2D('',#1328,#1329);
#1328 = CARTESIAN_POINT('',(0.138348494114,-9.411082091607E-02));
#1329 = DIRECTION('',(0.985581011474,-0.16920422519));
#1330 = ( GEOMETRIC_REPRESENTATION_CONTEXT(2) 
PARAMETRIC_REPRESENTATION_CONTEXT() REPRESENTATION_CONTEXT('2D SPACE',''
  ) );
#1331 = ORIENTED_EDGE('',*,*,#933,.F.);
#1332 = ADVANCED_FACE('',(#1333),#1347,.F.);
#1333 = FACE_BOUND('',#1334,.T.);
#1334 = EDGE_LOOP('',(#1335,#1365,#1388,#1411));
#1335 = ORIENTED_EDGE('',*,*,#1336,.F.);
#1336 = EDGE_CURVE('',#1337,#1339,#1341,.T.);
#1337 = VERTEX_POINT('',#1338);
#1338 = CARTESIAN_POINT('',(0.902080355415,-1.026003053088,3.8000001));
#1339 = VERTEX_POINT('',#1340);
#1340 = CARTESIAN_POINT('',(0.845762544138,-0.961734870579,3.8000001));
#1341 = SURFACE_CURVE('',#1342,(#1346,#1358),.PCURVE_S1.);
#1342 = LINE('',#1343,#1344);
#1343 = CARTESIAN_POINT('',(0.528354150635,-0.599518014115,3.8000001));
#1344 = VECTOR('',#1345,1.);
#1345 = DIRECTION('',(-0.659055553995,0.752094260547,-5.477059820696E-17
    ));
#1346 = PCURVE('',#1347,#1352);
#1347 = PLANE('',#1348);
#1348 = AXIS2_PLACEMENT_3D('',#1349,#1350,#1351);
#1349 = CARTESIAN_POINT('',(0.902080355415,-1.026003053088,4.2100001));
#1350 = DIRECTION('',(-0.752094260547,-0.659055553995,
    -8.391566888686E-17));
#1351 = DIRECTION('',(-0.659055553995,0.752094260547,-2.701502259133E-17
    ));
#1352 = DEFINITIONAL_REPRESENTATION('',(#1353),#1357);
#1353 = LINE('',#1354,#1355);
#1354 = CARTESIAN_POINT('',(0.567063280954,0.41));
#1355 = VECTOR('',#1356,1.);
#1356 = DIRECTION('',(1.,2.146364952716E-33));
#1357 = ( GEOMETRIC_REPRESENTATION_CONTEXT(2) 
PARAMETRIC_REPRESENTATION_CONTEXT() REPRESENTATION_CONTEXT('2D SPACE',''
  ) );
#1358 = PCURVE('',#880,#1359);
#1359 = DEFINITIONAL_REPRESENTATION('',(#1360),#1364);
#1360 = LINE('',#1361,#1362);
#1361 = CARTESIAN_POINT('',(-0.325229822743,0.475647979753));
#1362 = VECTOR('',#1363,1.);
#1363 = DIRECTION('',(0.408992393846,-0.912537791971));
#1364 = ( GEOMETRIC_REPRESENTATION_CONTEXT(2) 
PARAMETRIC_REPRESENTATION_CONTEXT() REPRESENTATION_CONTEXT('2D SPACE',''
  ) );
#1365 = ORIENTED_EDGE('',*,*,#1366,.T.);
#1366 = EDGE_CURVE('',#1337,#1367,#1369,.T.);
#1367 = VERTEX_POINT('',#1368);
#1368 = CARTESIAN_POINT('',(0.902080355415,-1.026003053088,3.3000001));
#1369 = SURFACE_CURVE('',#1370,(#1374,#1381),.PCURVE_S1.);
#1370 = LINE('',#1371,#1372);
#1371 = CARTESIAN_POINT('',(0.902080355415,-1.026003053088,4.2100001));
#1372 = VECTOR('',#1373,1.);
#1373 = DIRECTION('',(5.551115123126E-17,9.84654534872E-19,-1.));
#1374 = PCURVE('',#1347,#1375);
#1375 = DEFINITIONAL_REPRESENTATION('',(#1376),#1380);
#1376 = LINE('',#1377,#1378);
#1377 = CARTESIAN_POINT('',(0.,0.));
#1378 = VECTOR('',#1379,1.);
#1379 = DIRECTION('',(-2.799583345472E-17,1.));
#1380 = ( GEOMETRIC_REPRESENTATION_CONTEXT(2) 
PARAMETRIC_REPRESENTATION_CONTEXT() REPRESENTATION_CONTEXT('2D SPACE',''
  ) );
#1381 = PCURVE('',#1243,#1382);
#1382 = DEFINITIONAL_REPRESENTATION('',(#1383),#1387);
#1383 = LINE('',#1384,#1385);
#1384 = CARTESIAN_POINT('',(0.,0.));
#1385 = VECTOR('',#1386,1.);
#1386 = DIRECTION('',(0.,1.));
#1387 = ( GEOMETRIC_REPRESENTATION_CONTEXT(2) 
PARAMETRIC_REPRESENTATION_CONTEXT() REPRESENTATION_CONTEXT('2D SPACE',''
  ) );
#1388 = ORIENTED_EDGE('',*,*,#1389,.F.);
#1389 = EDGE_CURVE('',#1390,#1367,#1392,.T.);
#1390 = VERTEX_POINT('',#1391);
#1391 = CARTESIAN_POINT('',(0.845762544138,-0.961734870579,3.3000001));
#1392 = SURFACE_CURVE('',#1393,(#1397,#1404),.PCURVE_S1.);
#1393 = LINE('',#1394,#1395);
#1394 = CARTESIAN_POINT('',(0.889968812355,-1.012181726546,3.3000001));
#1395 = VECTOR('',#1396,1.);
#1396 = DIRECTION('',(0.659055553995,-0.752094260547,5.477059820696E-17)
  );
#1397 = PCURVE('',#1347,#1398);
#1398 = DEFINITIONAL_REPRESENTATION('',(#1399),#1403);
#1399 = LINE('',#1400,#1401);
#1400 = CARTESIAN_POINT('',(1.837712008596E-02,0.91));
#1401 = VECTOR('',#1402,1.);
#1402 = DIRECTION('',(-1.,-2.146364952716E-33));
#1403 = ( GEOMETRIC_REPRESENTATION_CONTEXT(2) 
PARAMETRIC_REPRESENTATION_CONTEXT() REPRESENTATION_CONTEXT('2D SPACE',''
  ) );
#1404 = PCURVE('',#977,#1405);
#1405 = DEFINITIONAL_REPRESENTATION('',(#1406),#1410);
#1406 = LINE('',#1407,#1408);
#1407 = CARTESIAN_POINT('',(0.549638289146,-0.226205162523));
#1408 = VECTOR('',#1409,1.);
#1409 = DIRECTION('',(0.408992393846,0.912537791971));
#1410 = ( GEOMETRIC_REPRESENTATION_CONTEXT(2) 
PARAMETRIC_REPRESENTATION_CONTEXT() REPRESENTATION_CONTEXT('2D SPACE',''
  ) );
#1411 = ORIENTED_EDGE('',*,*,#1412,.F.);
#1412 = EDGE_CURVE('',#1339,#1390,#1413,.T.);
#1413 = SURFACE_CURVE('',#1414,(#1418,#1425),.PCURVE_S1.);
#1414 = LINE('',#1415,#1416);
#1415 = CARTESIAN_POINT('',(0.845762544138,-0.961734870579,4.2100001));
#1416 = VECTOR('',#1417,1.);
#1417 = DIRECTION('',(5.551115123126E-17,9.84654534872E-19,-1.));
#1418 = PCURVE('',#1347,#1419);
#1419 = DEFINITIONAL_REPRESENTATION('',(#1420),#1424);
#1420 = LINE('',#1421,#1422);
#1421 = CARTESIAN_POINT('',(8.545229751107E-02,5.20417042793E-17));
#1422 = VECTOR('',#1423,1.);
#1423 = DIRECTION('',(-2.799583345472E-17,1.));
#1424 = ( GEOMETRIC_REPRESENTATION_CONTEXT(2) 
PARAMETRIC_REPRESENTATION_CONTEXT() REPRESENTATION_CONTEXT('2D SPACE',''
  ) );
#1425 = PCURVE('',#1426,#1431);
#1426 = CYLINDRICAL_SURFACE('',#1427,0.10404056416);
#1427 = AXIS2_PLACEMENT_3D('',#1428,#1429,#1430);
#1428 = CARTESIAN_POINT('',(0.924010855307,-0.893166358929,4.2100001));
#1429 = DIRECTION('',(5.551115123126E-17,9.84654534872E-19,-1.));
#1430 = DIRECTION('',(0.752094260547,0.659055553995,5.616009327123E-17)
  );
#1431 = DEFINITIONAL_REPRESENTATION('',(#1432),#1436);
#1432 = LINE('',#1433,#1434);
#1433 = CARTESIAN_POINT('',(3.14159265359,0.));
#1434 = VECTOR('',#1435,1.);
#1435 = DIRECTION('',(0.,1.));
#1436 = ( GEOMETRIC_REPRESENTATION_CONTEXT(2) 
PARAMETRIC_REPRESENTATION_CONTEXT() REPRESENTATION_CONTEXT('2D SPACE',''
  ) );
#1437 = ADVANCED_FACE('',(#1438),#1426,.F.);
#1438 = FACE_BOUND('',#1439,.F.);
#1439 = EDGE_LOOP('',(#1440,#1470,#1496,#1497));
#1440 = ORIENTED_EDGE('',*,*,#1441,.T.);
#1441 = EDGE_CURVE('',#1442,#1444,#1446,.T.);
#1442 = VERTEX_POINT('',#1443);
#1443 = CARTESIAN_POINT('',(0.990126035053,-0.81283441013,3.8000001));
#1444 = VERTEX_POINT('',#1445);
#1445 = CARTESIAN_POINT('',(0.990126035053,-0.81283441013,3.3000001));
#1446 = SURFACE_CURVE('',#1447,(#1451,#1458),.PCURVE_S1.);
#1447 = LINE('',#1448,#1449);
#1448 = CARTESIAN_POINT('',(0.990126035053,-0.81283441013,4.2100001));
#1449 = VECTOR('',#1450,1.);
#1450 = DIRECTION('',(5.551115123126E-17,9.84654534872E-19,-1.));
#1451 = PCURVE('',#1426,#1452);
#1452 = DEFINITIONAL_REPRESENTATION('',(#1453),#1457);
#1453 = LINE('',#1454,#1455);
#1454 = CARTESIAN_POINT('',(6.120574874859,0.));
#1455 = VECTOR('',#1456,1.);
#1456 = DIRECTION('',(0.,1.));
#1457 = ( GEOMETRIC_REPRESENTATION_CONTEXT(2) 
PARAMETRIC_REPRESENTATION_CONTEXT() REPRESENTATION_CONTEXT('2D SPACE',''
  ) );
#1458 = PCURVE('',#1459,#1464);
#1459 = PLANE('',#1460);
#1460 = AXIS2_PLACEMENT_3D('',#1461,#1462,#1463);
#1461 = CARTESIAN_POINT('',(0.990126035053,-0.81283441013,4.2100001));
#1462 = DIRECTION('',(0.635475021499,0.772121426364,2.851584847957E-17)
  );
#1463 = DIRECTION('',(0.772121426364,-0.635475021499,2.712985225391E-17)
  );
#1464 = DEFINITIONAL_REPRESENTATION('',(#1465),#1469);
#1465 = LINE('',#1466,#1467);
#1466 = CARTESIAN_POINT('',(0.,0.));
#1467 = VECTOR('',#1468,1.);
#1468 = DIRECTION('',(-7.323635940298E-34,1.));
#1469 = ( GEOMETRIC_REPRESENTATION_CONTEXT(2) 
PARAMETRIC_REPRESENTATION_CONTEXT() REPRESENTATION_CONTEXT('2D SPACE',''
  ) );
#1470 = ORIENTED_EDGE('',*,*,#1471,.T.);
#1471 = EDGE_CURVE('',#1444,#1390,#1472,.T.);
#1472 = SURFACE_CURVE('',#1473,(#1478,#1485),.PCURVE_S1.);
#1473 = CIRCLE('',#1474,0.10404056416);
#1474 = AXIS2_PLACEMENT_3D('',#1475,#1476,#1477);
#1475 = CARTESIAN_POINT('',(0.924010855307,-0.893166358929,3.3000001));
#1476 = DIRECTION('',(-7.833455076502E-17,4.18003117492E-18,1.));
#1477 = DIRECTION('',(0.752094260547,0.659055553995,5.616009327123E-17)
  );
#1478 = PCURVE('',#1426,#1479);
#1479 = DEFINITIONAL_REPRESENTATION('',(#1480),#1484);
#1480 = LINE('',#1481,#1482);
#1481 = CARTESIAN_POINT('',(6.28318530718,0.91));
#1482 = VECTOR('',#1483,1.);
#1483 = DIRECTION('',(-1.,0.));
#1484 = ( GEOMETRIC_REPRESENTATION_CONTEXT(2) 
PARAMETRIC_REPRESENTATION_CONTEXT() REPRESENTATION_CONTEXT('2D SPACE',''
  ) );
#1485 = PCURVE('',#977,#1486);
#1486 = DEFINITIONAL_REPRESENTATION('',(#1487),#1495);
#1487 = ( BOUNDED_CURVE() B_SPLINE_CURVE(2,(#1488,#1489,#1490,#1491,
#1492,#1493,#1494),.UNSPECIFIED.,.T.,.F.) B_SPLINE_CURVE_WITH_KNOTS((1,2
    ,2,2,2,1),(-2.094395102393,0.,2.094395102393,4.188790204786,
6.28318530718,8.377580409573),.UNSPECIFIED.) CURVE() 
GEOMETRIC_REPRESENTATION_ITEM() RATIONAL_B_SPLINE_CURVE((1.,0.5,1.,0.5,
1.,0.5,1.)) REPRESENTATION_ITEM('') );
#1488 = CARTESIAN_POINT('',(0.712086945151,-0.372517395612));
#1489 = CARTESIAN_POINT('',(0.638385066649,-0.536959939005));
#1490 = CARTESIAN_POINT('',(0.532824585859,-0.390910968219));
#1491 = CARTESIAN_POINT('',(0.42726410507,-0.244861997434));
#1492 = CARTESIAN_POINT('',(0.606526464361,-0.226468424827));
#1493 = CARTESIAN_POINT('',(0.785788823653,-0.20807485222));
#1494 = CARTESIAN_POINT('',(0.712086945151,-0.372517395612));
#1495 = ( GEOMETRIC_REPRESENTATION_CONTEXT(2) 
PARAMETRIC_REPRESENTATION_CONTEXT() REPRESENTATION_CONTEXT('2D SPACE',''
  ) );
#1496 = ORIENTED_EDGE('',*,*,#1412,.F.);
#1497 = ORIENTED_EDGE('',*,*,#1498,.T.);
#1498 = EDGE_CURVE('',#1339,#1442,#1499,.T.);
#1499 = SURFACE_CURVE('',#1500,(#1505,#1512),.PCURVE_S1.);
#1500 = CIRCLE('',#1501,0.10404056416);
#1501 = AXIS2_PLACEMENT_3D('',#1502,#1503,#1504);
#1502 = CARTESIAN_POINT('',(0.924010855307,-0.893166358929,3.8000001));
#1503 = DIRECTION('',(7.833455076502E-17,-4.18003117492E-18,-1.));
#1504 = DIRECTION('',(0.752094260547,0.659055553995,5.616009327123E-17)
  );
#1505 = PCURVE('',#1426,#1506);
#1506 = DEFINITIONAL_REPRESENTATION('',(#1507),#1511);
#1507 = LINE('',#1508,#1509);
#1508 = CARTESIAN_POINT('',(0.,0.41));
#1509 = VECTOR('',#1510,1.);
#1510 = DIRECTION('',(1.,0.));
#1511 = ( GEOMETRIC_REPRESENTATION_CONTEXT(2) 
PARAMETRIC_REPRESENTATION_CONTEXT() REPRESENTATION_CONTEXT('2D SPACE',''
  ) );
#1512 = PCURVE('',#880,#1513);
#1513 = DEFINITIONAL_REPRESENTATION('',(#1514),#1522);
#1514 = ( BOUNDED_CURVE() B_SPLINE_CURVE(2,(#1515,#1516,#1517,#1518,
#1519,#1520,#1521),.UNSPECIFIED.,.T.,.F.) B_SPLINE_CURVE_WITH_KNOTS((1,2
    ,2,2,2,1),(-2.094395102393,0.,2.094395102393,4.188790204786,
6.28318530718,8.377580409573),.UNSPECIFIED.) CURVE() 
GEOMETRIC_REPRESENTATION_ITEM() RATIONAL_B_SPLINE_CURVE((1.,0.5,1.,0.5,
1.,0.5,1.)) REPRESENTATION_ITEM('') );
#1515 = CARTESIAN_POINT('',(-0.712086945151,0.830032604388));
#1516 = CARTESIAN_POINT('',(-0.785788823653,0.99447514778));
#1517 = CARTESIAN_POINT('',(-0.606526464361,0.976081575173));
#1518 = CARTESIAN_POINT('',(-0.42726410507,0.957688002566));
#1519 = CARTESIAN_POINT('',(-0.532824585859,0.811639031781));
#1520 = CARTESIAN_POINT('',(-0.638385066649,0.665590060995));
#1521 = CARTESIAN_POINT('',(-0.712086945151,0.830032604388));
#1522 = ( GEOMETRIC_REPRESENTATION_CONTEXT(2) 
PARAMETRIC_REPRESENTATION_CONTEXT() REPRESENTATION_CONTEXT('2D SPACE',''
  ) );
#1523 = ADVANCED_FACE('',(#1524),#1459,.F.);
#1524 = FACE_BOUND('',#1525,.T.);
#1525 = EDGE_LOOP('',(#1526,#1549,#1550,#1573));
#1526 = ORIENTED_EDGE('',*,*,#1527,.F.);
#1527 = EDGE_CURVE('',#1442,#1528,#1530,.T.);
#1528 = VERTEX_POINT('',#1529);
#1529 = CARTESIAN_POINT('',(1.056105584894,-0.867137210728,3.8000001));
#1530 = SURFACE_CURVE('',#1531,(#1535,#1542),.PCURVE_S1.);
#1531 = LINE('',#1532,#1533);
#1532 = CARTESIAN_POINT('',(0.577721605321,-0.473415369417,3.8000001));
#1533 = VECTOR('',#1534,1.);
#1534 = DIRECTION('',(0.772121426364,-0.635475021499,2.712985225391E-17)
  );
#1535 = PCURVE('',#1459,#1536);
#1536 = DEFINITIONAL_REPRESENTATION('',(#1537),#1541);
#1537 = LINE('',#1538,#1539);
#1538 = CARTESIAN_POINT('',(-0.534118618718,0.41));
#1539 = VECTOR('',#1540,1.);
#1540 = DIRECTION('',(1.,-1.813551021489E-33));
#1541 = ( GEOMETRIC_REPRESENTATION_CONTEXT(2) 
PARAMETRIC_REPRESENTATION_CONTEXT() REPRESENTATION_CONTEXT('2D SPACE',''
  ) );
#1542 = PCURVE('',#880,#1543);
#1543 = DEFINITIONAL_REPRESENTATION('',(#1544),#1548);
#1544 = LINE('',#1545,#1546);
#1545 = CARTESIAN_POINT('',(-0.409468857259,0.369615873079));
#1546 = VECTOR('',#1547,1.);
#1547 = DIRECTION('',(-0.551332057272,0.834285899811));
#1548 = ( GEOMETRIC_REPRESENTATION_CONTEXT(2) 
PARAMETRIC_REPRESENTATION_CONTEXT() REPRESENTATION_CONTEXT('2D SPACE',''
  ) );
#1549 = ORIENTED_EDGE('',*,*,#1441,.T.);
#1550 = ORIENTED_EDGE('',*,*,#1551,.F.);
#1551 = EDGE_CURVE('',#1552,#1444,#1554,.T.);
#1552 = VERTEX_POINT('',#1553);
#1553 = CARTESIAN_POINT('',(1.056105584894,-0.867137210728,3.3000001));
#1554 = SURFACE_CURVE('',#1555,(#1559,#1566),.PCURVE_S1.);
#1555 = LINE('',#1556,#1557);
#1556 = CARTESIAN_POINT('',(0.96504493347,-0.792192043497,3.3000001));
#1557 = VECTOR('',#1558,1.);
#1558 = DIRECTION('',(-0.772121426364,0.635475021499,-2.712985225391E-17
    ));
#1559 = PCURVE('',#1459,#1560);
#1560 = DEFINITIONAL_REPRESENTATION('',(#1561),#1565);
#1561 = LINE('',#1562,#1563);
#1562 = CARTESIAN_POINT('',(-3.248336430894E-02,0.91));
#1563 = VECTOR('',#1564,1.);
#1564 = DIRECTION('',(-1.,1.813551021489E-33));
#1565 = ( GEOMETRIC_REPRESENTATION_CONTEXT(2) 
PARAMETRIC_REPRESENTATION_CONTEXT() REPRESENTATION_CONTEXT('2D SPACE',''
  ) );
#1566 = PCURVE('',#977,#1567);
#1567 = DEFINITIONAL_REPRESENTATION('',(#1568),#1572);
#1568 = LINE('',#1569,#1570);
#1569 = CARTESIAN_POINT('',(0.686036454073,-0.414426907319));
#1570 = VECTOR('',#1571,1.);
#1571 = DIRECTION('',(-0.551332057272,-0.834285899811));
#1572 = ( GEOMETRIC_REPRESENTATION_CONTEXT(2) 
PARAMETRIC_REPRESENTATION_CONTEXT() REPRESENTATION_CONTEXT('2D SPACE',''
  ) );
#1573 = ORIENTED_EDGE('',*,*,#1574,.F.);
#1574 = EDGE_CURVE('',#1528,#1552,#1575,.T.);
#1575 = SURFACE_CURVE('',#1576,(#1580,#1587),.PCURVE_S1.);
#1576 = LINE('',#1577,#1578);
#1577 = CARTESIAN_POINT('',(1.056105584894,-0.867137210728,4.2100001));
#1578 = VECTOR('',#1579,1.);
#1579 = DIRECTION('',(5.551115123126E-17,9.84654534872E-19,-1.));
#1580 = PCURVE('',#1459,#1581);
#1581 = DEFINITIONAL_REPRESENTATION('',(#1582),#1586);
#1582 = LINE('',#1583,#1584);
#1583 = CARTESIAN_POINT('',(8.545229751107E-02,6.245004513517E-17));
#1584 = VECTOR('',#1585,1.);
#1585 = DIRECTION('',(-7.323635940298E-34,1.));
#1586 = ( GEOMETRIC_REPRESENTATION_CONTEXT(2) 
PARAMETRIC_REPRESENTATION_CONTEXT() REPRESENTATION_CONTEXT('2D SPACE',''
  ) );
#1587 = PCURVE('',#1588,#1593);
#1588 = CYLINDRICAL_SURFACE('',#1589,9.35E-02);
#1589 = AXIS2_PLACEMENT_3D('',#1590,#1591,#1592);
#1590 = CARTESIAN_POINT('',(1.115522499404,-0.794943857363,4.2100001));
#1591 = DIRECTION('',(5.551115123126E-17,9.84654534872E-19,-1.));
#1592 = DIRECTION('',(0.536106945827,-0.844150071158,5.467995503558E-17)
  );
#1593 = DEFINITIONAL_REPRESENTATION('',(#1594),#1598);
#1594 = LINE('',#1595,#1596);
#1595 = CARTESIAN_POINT('',(1.254442096415,0.));
#1596 = VECTOR('',#1597,1.);
#1597 = DIRECTION('',(0.,1.));
#1598 = ( GEOMETRIC_REPRESENTATION_CONTEXT(2) 
PARAMETRIC_REPRESENTATION_CONTEXT() REPRESENTATION_CONTEXT('2D SPACE',''
  ) );
#1599 = ADVANCED_FACE('',(#1600),#1588,.T.);
#1600 = FACE_BOUND('',#1601,.T.);
#1601 = EDGE_LOOP('',(#1602,#1626,#1627,#1651));
#1602 = ORIENTED_EDGE('',*,*,#1603,.F.);
#1603 = EDGE_CURVE('',#1528,#1604,#1606,.T.);
#1604 = VERTEX_POINT('',#1605);
#1605 = CARTESIAN_POINT('',(1.165648498839,-0.873871889016,3.8000001));
#1606 = SURFACE_CURVE('',#1607,(#1612,#1619),.PCURVE_S1.);
#1607 = CIRCLE('',#1608,9.35E-02);
#1608 = AXIS2_PLACEMENT_3D('',#1609,#1610,#1611);
#1609 = CARTESIAN_POINT('',(1.115522499404,-0.794943857363,3.8000001));
#1610 = DIRECTION('',(-1.000495271388E-16,1.235217108214E-18,1.));
#1611 = DIRECTION('',(0.536106945827,-0.844150071158,5.467995503558E-17)
  );
#1612 = PCURVE('',#1588,#1613);
#1613 = DEFINITIONAL_REPRESENTATION('',(#1614),#1618);
#1614 = LINE('',#1615,#1616);
#1615 = CARTESIAN_POINT('',(6.28318530718,0.41));
#1616 = VECTOR('',#1617,1.);
#1617 = DIRECTION('',(-1.,0.));
#1618 = ( GEOMETRIC_REPRESENTATION_CONTEXT(2) 
PARAMETRIC_REPRESENTATION_CONTEXT() REPRESENTATION_CONTEXT('2D SPACE',''
  ) );
#1619 = PCURVE('',#880,#1620);
#1620 = DEFINITIONAL_REPRESENTATION('',(#1621),#1625);
#1621 = CIRCLE('',#1622,9.35E-02);
#1622 = AXIS2_PLACEMENT_2D('',#1623,#1624);
#1623 = CARTESIAN_POINT('',(-0.829063896762,0.834965605067));
#1624 = DIRECTION('',(-0.264423224121,0.964406739164));
#1625 = ( GEOMETRIC_REPRESENTATION_CONTEXT(2) 
PARAMETRIC_REPRESENTATION_CONTEXT() REPRESENTATION_CONTEXT('2D SPACE',''
  ) );
#1626 = ORIENTED_EDGE('',*,*,#1574,.T.);
#1627 = ORIENTED_EDGE('',*,*,#1628,.F.);
#1628 = EDGE_CURVE('',#1629,#1552,#1631,.T.);
#1629 = VERTEX_POINT('',#1630);
#1630 = CARTESIAN_POINT('',(1.165648498839,-0.873871889016,3.3000001));
#1631 = SURFACE_CURVE('',#1632,(#1637,#1644),.PCURVE_S1.);
#1632 = CIRCLE('',#1633,9.35E-02);
#1633 = AXIS2_PLACEMENT_3D('',#1634,#1635,#1636);
#1634 = CARTESIAN_POINT('',(1.115522499404,-0.794943857363,3.3000001));
#1635 = DIRECTION('',(1.000495271388E-16,-1.235217108214E-18,-1.));
#1636 = DIRECTION('',(0.536106945827,-0.844150071158,5.467995503558E-17)
  );
#1637 = PCURVE('',#1588,#1638);
#1638 = DEFINITIONAL_REPRESENTATION('',(#1639),#1643);
#1639 = LINE('',#1640,#1641);
#1640 = CARTESIAN_POINT('',(0.,0.91));
#1641 = VECTOR('',#1642,1.);
#1642 = DIRECTION('',(1.,0.));
#1643 = ( GEOMETRIC_REPRESENTATION_CONTEXT(2) 
PARAMETRIC_REPRESENTATION_CONTEXT() REPRESENTATION_CONTEXT('2D SPACE',''
  ) );
#1644 = PCURVE('',#977,#1645);
#1645 = DEFINITIONAL_REPRESENTATION('',(#1646),#1650);
#1646 = CIRCLE('',#1647,9.35E-02);
#1647 = AXIS2_PLACEMENT_2D('',#1648,#1649);
#1648 = CARTESIAN_POINT('',(0.829063896762,-0.367584394933));
#1649 = DIRECTION('',(0.264423224121,0.964406739164));
#1650 = ( GEOMETRIC_REPRESENTATION_CONTEXT(2) 
PARAMETRIC_REPRESENTATION_CONTEXT() REPRESENTATION_CONTEXT('2D SPACE',''
  ) );
#1651 = ORIENTED_EDGE('',*,*,#1652,.F.);
#1652 = EDGE_CURVE('',#1604,#1629,#1653,.T.);
#1653 = SURFACE_CURVE('',#1654,(#1658,#1665),.PCURVE_S1.);
#1654 = LINE('',#1655,#1656);
#1655 = CARTESIAN_POINT('',(1.165648498839,-0.873871889016,4.2100001));
#1656 = VECTOR('',#1657,1.);
#1657 = DIRECTION('',(5.551115123126E-17,9.84654534872E-19,-1.));
#1658 = PCURVE('',#1588,#1659);
#1659 = DEFINITIONAL_REPRESENTATION('',(#1660),#1664);
#1660 = LINE('',#1661,#1662);
#1661 = CARTESIAN_POINT('',(0.,0.));
#1662 = VECTOR('',#1663,1.);
#1663 = DIRECTION('',(0.,1.));
#1664 = ( GEOMETRIC_REPRESENTATION_CONTEXT(2) 
PARAMETRIC_REPRESENTATION_CONTEXT() REPRESENTATION_CONTEXT('2D SPACE',''
  ) );
#1665 = PCURVE('',#1666,#1671);
#1666 = CYLINDRICAL_SURFACE('',#1667,9.35E-02);
#1667 = AXIS2_PLACEMENT_3D('',#1668,#1669,#1670);
#1668 = CARTESIAN_POINT('',(1.075882172732,-0.847713588283,4.2100001));
#1669 = DIRECTION('',(5.551115123126E-17,9.84654534872E-19,-1.));
#1670 = DIRECTION('',(0.564565384989,0.825388348641,5.632387361178E-17)
  );
#1671 = DEFINITIONAL_REPRESENTATION('',(#1672),#1676);
#1672 = LINE('',#1673,#1674);
#1673 = CARTESIAN_POINT('',(1.254442096415,0.));
#1674 = VECTOR('',#1675,1.);
#1675 = DIRECTION('',(0.,1.));
#1676 = ( GEOMETRIC_REPRESENTATION_CONTEXT(2) 
PARAMETRIC_REPRESENTATION_CONTEXT() REPRESENTATION_CONTEXT('2D SPACE',''
  ) );
#1677 = ADVANCED_FACE('',(#1678),#1243,.T.);
#1678 = FACE_BOUND('',#1679,.T.);
#1679 = EDGE_LOOP('',(#1680,#1702,#1703,#1725));
#1680 = ORIENTED_EDGE('',*,*,#1681,.F.);
#1681 = EDGE_CURVE('',#1181,#1337,#1682,.T.);
#1682 = SURFACE_CURVE('',#1683,(#1688,#1695),.PCURVE_S1.);
#1683 = CIRCLE('',#1684,9.35E-02);
#1684 = AXIS2_PLACEMENT_3D('',#1685,#1686,#1687);
#1685 = CARTESIAN_POINT('',(0.831759542053,-1.087624747386,3.8000001));
#1686 = DIRECTION('',(-9.920935988373E-17,-1.411243508889E-17,1.));
#1687 = DIRECTION('',(0.752094260547,0.659055553995,8.391566888686E-17)
  );
#1688 = PCURVE('',#1243,#1689);
#1689 = DEFINITIONAL_REPRESENTATION('',(#1690),#1694);
#1690 = LINE('',#1691,#1692);
#1691 = CARTESIAN_POINT('',(6.28318530718,0.41));
#1692 = VECTOR('',#1693,1.);
#1693 = DIRECTION('',(-1.,0.));
#1694 = ( GEOMETRIC_REPRESENTATION_CONTEXT(2) 
PARAMETRIC_REPRESENTATION_CONTEXT() REPRESENTATION_CONTEXT('2D SPACE',''
  ) );
#1695 = PCURVE('',#880,#1696);
#1696 = DEFINITIONAL_REPRESENTATION('',(#1697),#1701);
#1697 = CIRCLE('',#1698,9.35E-02);
#1698 = AXIS2_PLACEMENT_2D('',#1699,#1700);
#1699 = CARTESIAN_POINT('',(-0.471832107933,1.031355442888));
#1700 = DIRECTION('',(-0.912537791971,-0.408992393846));
#1701 = ( GEOMETRIC_REPRESENTATION_CONTEXT(2) 
PARAMETRIC_REPRESENTATION_CONTEXT() REPRESENTATION_CONTEXT('2D SPACE',''
  ) );
#1702 = ORIENTED_EDGE('',*,*,#1229,.T.);
#1703 = ORIENTED_EDGE('',*,*,#1704,.F.);
#1704 = EDGE_CURVE('',#1367,#1206,#1705,.T.);
#1705 = SURFACE_CURVE('',#1706,(#1711,#1718),.PCURVE_S1.);
#1706 = CIRCLE('',#1707,9.35E-02);
#1707 = AXIS2_PLACEMENT_3D('',#1708,#1709,#1710);
#1708 = CARTESIAN_POINT('',(0.831759542053,-1.087624747386,3.3000001));
#1709 = DIRECTION('',(9.920935988373E-17,1.411243508889E-17,-1.));
#1710 = DIRECTION('',(0.752094260547,0.659055553995,8.391566888686E-17)
  );
#1711 = PCURVE('',#1243,#1712);
#1712 = DEFINITIONAL_REPRESENTATION('',(#1713),#1717);
#1713 = LINE('',#1714,#1715);
#1714 = CARTESIAN_POINT('',(0.,0.91));
#1715 = VECTOR('',#1716,1.);
#1716 = DIRECTION('',(1.,0.));
#1717 = ( GEOMETRIC_REPRESENTATION_CONTEXT(2) 
PARAMETRIC_REPRESENTATION_CONTEXT() REPRESENTATION_CONTEXT('2D SPACE',''
  ) );
#1718 = PCURVE('',#977,#1719);
#1719 = DEFINITIONAL_REPRESENTATION('',(#1720),#1724);
#1720 = CIRCLE('',#1721,9.35E-02);
#1721 = AXIS2_PLACEMENT_2D('',#1722,#1723);
#1722 = CARTESIAN_POINT('',(0.471832107933,-0.171194557112));
#1723 = DIRECTION('',(0.912537791971,-0.408992393846));
#1724 = ( GEOMETRIC_REPRESENTATION_CONTEXT(2) 
PARAMETRIC_REPRESENTATION_CONTEXT() REPRESENTATION_CONTEXT('2D SPACE',''
  ) );
#1725 = ORIENTED_EDGE('',*,*,#1366,.F.);
#1726 = ADVANCED_FACE('',(#1727),#1741,.F.);
#1727 = FACE_BOUND('',#1728,.T.);
#1728 = EDGE_LOOP('',(#1729,#1759,#1782,#1805));
#1729 = ORIENTED_EDGE('',*,*,#1730,.F.);
#1730 = EDGE_CURVE('',#1731,#1733,#1735,.T.);
#1731 = VERTEX_POINT('',#1732);
#1732 = CARTESIAN_POINT('',(1.128669036228,-0.770539777685,3.8000001));
#1733 = VERTEX_POINT('',#1734);
#1734 = CARTESIAN_POINT('',(1.058137705498,-0.722296368442,3.8000001));
#1735 = SURFACE_CURVE('',#1736,(#1740,#1752),.PCURVE_S1.);
#1736 = LINE('',#1737,#1738);
#1737 = CARTESIAN_POINT('',(0.647169707865,-0.441194380288,3.8000001));
#1738 = VECTOR('',#1739,1.);
#1739 = DIRECTION('',(-0.825388348641,0.564565384989,-2.719967374907E-17
    ));
#1740 = PCURVE('',#1741,#1746);
#1741 = PLANE('',#1742);
#1742 = AXIS2_PLACEMENT_3D('',#1743,#1744,#1745);
#1743 = CARTESIAN_POINT('',(1.128669036228,-0.770539777685,4.2100001));
#1744 = DIRECTION('',(-0.564565384989,-0.825388348641,
    -2.856829799615E-17));
#1745 = DIRECTION('',(-0.825388348641,0.564565384989,-2.719967374907E-17
    ));
#1746 = DEFINITIONAL_REPRESENTATION('',(#1747),#1751);
#1747 = LINE('',#1748,#1749);
#1748 = CARTESIAN_POINT('',(0.583360946585,0.41));
#1749 = VECTOR('',#1750,1.);
#1750 = DIRECTION('',(1.,-2.775557561563E-17));
#1751 = ( GEOMETRIC_REPRESENTATION_CONTEXT(2) 
PARAMETRIC_REPRESENTATION_CONTEXT() REPRESENTATION_CONTEXT('2D SPACE',''
  ) );
#1752 = PCURVE('',#880,#1753);
#1753 = DEFINITIONAL_REPRESENTATION('',(#1754),#1758);
#1754 = LINE('',#1755,#1756);
#1755 = CARTESIAN_POINT('',(-0.485318660835,0.359221721606));
#1756 = VECTOR('',#1757,1.);
#1757 = DIRECTION('',(0.623082066228,-0.78215646692));
#1758 = ( GEOMETRIC_REPRESENTATION_CONTEXT(2) 
PARAMETRIC_REPRESENTATION_CONTEXT() REPRESENTATION_CONTEXT('2D SPACE',''
  ) );
#1759 = ORIENTED_EDGE('',*,*,#1760,.T.);
#1760 = EDGE_CURVE('',#1731,#1761,#1763,.T.);
#1761 = VERTEX_POINT('',#1762);
#1762 = CARTESIAN_POINT('',(1.128669036228,-0.770539777685,3.3000001));
#1763 = SURFACE_CURVE('',#1764,(#1768,#1775),.PCURVE_S1.);
#1764 = LINE('',#1765,#1766);
#1765 = CARTESIAN_POINT('',(1.128669036228,-0.770539777685,4.2100001));
#1766 = VECTOR('',#1767,1.);
#1767 = DIRECTION('',(5.551115123126E-17,9.84654534872E-19,-1.));
#1768 = PCURVE('',#1741,#1769);
#1769 = DEFINITIONAL_REPRESENTATION('',(#1770),#1774);
#1770 = LINE('',#1771,#1772);
#1771 = CARTESIAN_POINT('',(0.,0.));
#1772 = VECTOR('',#1773,1.);
#1773 = DIRECTION('',(-2.775557561563E-17,1.));
#1774 = ( GEOMETRIC_REPRESENTATION_CONTEXT(2) 
PARAMETRIC_REPRESENTATION_CONTEXT() REPRESENTATION_CONTEXT('2D SPACE',''
  ) );
#1775 = PCURVE('',#1666,#1776);
#1776 = DEFINITIONAL_REPRESENTATION('',(#1777),#1781);
#1777 = LINE('',#1778,#1779);
#1778 = CARTESIAN_POINT('',(0.,0.));
#1779 = VECTOR('',#1780,1.);
#1780 = DIRECTION('',(0.,1.));
#1781 = ( GEOMETRIC_REPRESENTATION_CONTEXT(2) 
PARAMETRIC_REPRESENTATION_CONTEXT() REPRESENTATION_CONTEXT('2D SPACE',''
  ) );
#1782 = ORIENTED_EDGE('',*,*,#1783,.F.);
#1783 = EDGE_CURVE('',#1784,#1761,#1786,.T.);
#1784 = VERTEX_POINT('',#1785);
#1785 = CARTESIAN_POINT('',(1.058137705498,-0.722296368442,3.3000001));
#1786 = SURFACE_CURVE('',#1787,(#1791,#1798),.PCURVE_S1.);
#1787 = LINE('',#1788,#1789);
#1788 = CARTESIAN_POINT('',(1.035342526745,-0.706704472955,3.3000001));
#1789 = VECTOR('',#1790,1.);
#1790 = DIRECTION('',(0.825388348641,-0.564565384989,2.719967374907E-17)
  );
#1791 = PCURVE('',#1741,#1792);
#1792 = DEFINITIONAL_REPRESENTATION('',(#1793),#1797);
#1793 = LINE('',#1794,#1795);
#1794 = CARTESIAN_POINT('',(0.113069816938,0.91));
#1795 = VECTOR('',#1796,1.);
#1796 = DIRECTION('',(-1.,2.775557561563E-17));
#1797 = ( GEOMETRIC_REPRESENTATION_CONTEXT(2) 
PARAMETRIC_REPRESENTATION_CONTEXT() REPRESENTATION_CONTEXT('2D SPACE',''
  ) );
#1798 = PCURVE('',#977,#1799);
#1799 = DEFINITIONAL_REPRESENTATION('',(#1800),#1804);
#1800 = LINE('',#1801,#1802);
#1801 = CARTESIAN_POINT('',(0.778348629625,-0.475487030005));
#1802 = VECTOR('',#1803,1.);
#1803 = DIRECTION('',(0.623082066228,0.78215646692));
#1804 = ( GEOMETRIC_REPRESENTATION_CONTEXT(2) 
PARAMETRIC_REPRESENTATION_CONTEXT() REPRESENTATION_CONTEXT('2D SPACE',''
  ) );
#1805 = ORIENTED_EDGE('',*,*,#1806,.F.);
#1806 = EDGE_CURVE('',#1733,#1784,#1807,.T.);
#1807 = SURFACE_CURVE('',#1808,(#1812,#1819),.PCURVE_S1.);
#1808 = LINE('',#1809,#1810);
#1809 = CARTESIAN_POINT('',(1.058137705498,-0.722296368442,4.2100001));
#1810 = VECTOR('',#1811,1.);
#1811 = DIRECTION('',(5.551115123126E-17,9.84654534872E-19,-1.));
#1812 = PCURVE('',#1741,#1813);
#1813 = DEFINITIONAL_REPRESENTATION('',(#1814),#1818);
#1814 = LINE('',#1815,#1816);
#1815 = CARTESIAN_POINT('',(8.545229751107E-02,2.081668171172E-17));
#1816 = VECTOR('',#1817,1.);
#1817 = DIRECTION('',(-2.775557561563E-17,1.));
#1818 = ( GEOMETRIC_REPRESENTATION_CONTEXT(2) 
PARAMETRIC_REPRESENTATION_CONTEXT() REPRESENTATION_CONTEXT('2D SPACE',''
  ) );
#1819 = PCURVE('',#1820,#1825);
#1820 = CYLINDRICAL_SURFACE('',#1821,0.10404056416);
#1821 = AXIS2_PLACEMENT_3D('',#1822,#1823,#1824);
#1822 = CARTESIAN_POINT('',(1.116875406657,-0.636422498999,4.2100001));
#1823 = DIRECTION('',(5.551115123126E-17,9.84654534872E-19,-1.));
#1824 = DIRECTION('',(0.564565384989,0.825388348641,2.856829799615E-17)
  );
#1825 = DEFINITIONAL_REPRESENTATION('',(#1826),#1830);
#1826 = LINE('',#1827,#1828);
#1827 = CARTESIAN_POINT('',(3.14159265359,0.));
#1828 = VECTOR('',#1829,1.);
#1829 = DIRECTION('',(0.,1.));
#1830 = ( GEOMETRIC_REPRESENTATION_CONTEXT(2) 
PARAMETRIC_REPRESENTATION_CONTEXT() REPRESENTATION_CONTEXT('2D SPACE',''
  ) );
#1831 = ADVANCED_FACE('',(#1832),#1820,.F.);
#1832 = FACE_BOUND('',#1833,.F.);
#1833 = EDGE_LOOP('',(#1834,#1864,#1890,#1891));
#1834 = ORIENTED_EDGE('',*,*,#1835,.T.);
#1835 = EDGE_CURVE('',#1836,#1838,#1840,.T.);
#1836 = VERTEX_POINT('',#1837);
#1837 = CARTESIAN_POINT('',(1.160935713172,-0.5421721495,3.8000001));
#1838 = VERTEX_POINT('',#1839);
#1839 = CARTESIAN_POINT('',(1.160935713172,-0.5421721495,3.3000001));
#1840 = SURFACE_CURVE('',#1841,(#1845,#1852),.PCURVE_S1.);
#1841 = LINE('',#1842,#1843);
#1842 = CARTESIAN_POINT('',(1.160935713172,-0.5421721495,4.2100001));
#1843 = VECTOR('',#1844,1.);
#1844 = DIRECTION('',(5.551115123126E-17,9.84654534872E-19,-1.));
#1845 = PCURVE('',#1820,#1846);
#1846 = DEFINITIONAL_REPRESENTATION('',(#1847),#1851);
#1847 = LINE('',#1848,#1849);
#1848 = CARTESIAN_POINT('',(6.120574874859,0.));
#1849 = VECTOR('',#1850,1.);
#1850 = DIRECTION('',(0.,1.));
#1851 = ( GEOMETRIC_REPRESENTATION_CONTEXT(2) 
PARAMETRIC_REPRESENTATION_CONTEXT() REPRESENTATION_CONTEXT('2D SPACE',''
  ) );
#1852 = PCURVE('',#1853,#1858);
#1853 = PLANE('',#1854);
#1854 = AXIS2_PLACEMENT_3D('',#1855,#1856,#1857);
#1855 = CARTESIAN_POINT('',(1.160935713172,-0.5421721495,4.2100001));
#1856 = DIRECTION('',(0.423491614742,0.905900023316,4.252536198954E-17)
  );
#1857 = DIRECTION('',(0.905900023316,-0.423491614742,-4.169929389357E-19
    ));
#1858 = DEFINITIONAL_REPRESENTATION('',(#1859),#1863);
#1859 = LINE('',#1860,#1861);
#1860 = CARTESIAN_POINT('',(0.,0.));
#1861 = VECTOR('',#1862,1.);
#1862 = DIRECTION('',(5.01870619553E-17,1.));
#1863 = ( GEOMETRIC_REPRESENTATION_CONTEXT(2) 
PARAMETRIC_REPRESENTATION_CONTEXT() REPRESENTATION_CONTEXT('2D SPACE',''
  ) );
#1864 = ORIENTED_EDGE('',*,*,#1865,.T.);
#1865 = EDGE_CURVE('',#1838,#1784,#1866,.T.);
#1866 = SURFACE_CURVE('',#1867,(#1872,#1879),.PCURVE_S1.);
#1867 = CIRCLE('',#1868,0.10404056416);
#1868 = AXIS2_PLACEMENT_3D('',#1869,#1870,#1871);
#1869 = CARTESIAN_POINT('',(1.116875406657,-0.636422498999,3.3000001));
#1870 = DIRECTION('',(-3.857896595599E-17,-8.223946024791E-18,1.));
#1871 = DIRECTION('',(0.564565384989,0.825388348641,2.856829799615E-17)
  );
#1872 = PCURVE('',#1820,#1873);
#1873 = DEFINITIONAL_REPRESENTATION('',(#1874),#1878);
#1874 = LINE('',#1875,#1876);
#1875 = CARTESIAN_POINT('',(6.28318530718,0.91));
#1876 = VECTOR('',#1877,1.);
#1877 = DIRECTION('',(-1.,0.));
#1878 = ( GEOMETRIC_REPRESENTATION_CONTEXT(2) 
PARAMETRIC_REPRESENTATION_CONTEXT() REPRESENTATION_CONTEXT('2D SPACE',''
  ) );
#1879 = PCURVE('',#977,#1880);
#1880 = DEFINITIONAL_REPRESENTATION('',(#1881),#1889);
#1881 = ( BOUNDED_CURVE() B_SPLINE_CURVE(2,(#1882,#1883,#1884,#1885,
#1886,#1887,#1888),.UNSPECIFIED.,.T.,.F.) B_SPLINE_CURVE_WITH_KNOTS((1,2
    ,2,2,2,1),(-2.094395102393,0.,2.094395102393,4.188790204786,
6.28318530718,8.377580409573),.UNSPECIFIED.) CURVE() 
GEOMETRIC_REPRESENTATION_ITEM() RATIONAL_B_SPLINE_CURVE((1.,0.5,1.,0.5,
1.,0.5,1.)) REPRESENTATION_ITEM('') );
#1882 = CARTESIAN_POINT('',(0.958308610853,-0.583537427961));
#1883 = CARTESIAN_POINT('',(0.846027014831,-0.724484794616));
#1884 = CARTESIAN_POINT('',(0.780103812722,-0.556772396756));
#1885 = CARTESIAN_POINT('',(0.714180610614,-0.389059998897));
#1886 = CARTESIAN_POINT('',(0.892385408744,-0.415825030102));
#1887 = CARTESIAN_POINT('',(1.070590206874,-0.442590061307));
#1888 = CARTESIAN_POINT('',(0.958308610853,-0.583537427961));
#1889 = ( GEOMETRIC_REPRESENTATION_CONTEXT(2) 
PARAMETRIC_REPRESENTATION_CONTEXT() REPRESENTATION_CONTEXT('2D SPACE',''
  ) );
#1890 = ORIENTED_EDGE('',*,*,#1806,.F.);
#1891 = ORIENTED_EDGE('',*,*,#1892,.T.);
#1892 = EDGE_CURVE('',#1733,#1836,#1893,.T.);
#1893 = SURFACE_CURVE('',#1894,(#1899,#1906),.PCURVE_S1.);
#1894 = CIRCLE('',#1895,0.10404056416);
#1895 = AXIS2_PLACEMENT_3D('',#1896,#1897,#1898);
#1896 = CARTESIAN_POINT('',(1.116875406657,-0.636422498999,3.8000001));
#1897 = DIRECTION('',(3.857896595599E-17,8.223946024791E-18,-1.));
#1898 = DIRECTION('',(0.564565384989,0.825388348641,2.856829799615E-17)
  );
#1899 = PCURVE('',#1820,#1900);
#1900 = DEFINITIONAL_REPRESENTATION('',(#1901),#1905);
#1901 = LINE('',#1902,#1903);
#1902 = CARTESIAN_POINT('',(2.22044604925E-15,0.41));
#1903 = VECTOR('',#1904,1.);
#1904 = DIRECTION('',(1.,0.));
#1905 = ( GEOMETRIC_REPRESENTATION_CONTEXT(2) 
PARAMETRIC_REPRESENTATION_CONTEXT() REPRESENTATION_CONTEXT('2D SPACE',''
  ) );
#1906 = PCURVE('',#880,#1907);
#1907 = DEFINITIONAL_REPRESENTATION('',(#1908),#1916);
#1908 = ( BOUNDED_CURVE() B_SPLINE_CURVE(2,(#1909,#1910,#1911,#1912,
#1913,#1914,#1915),.UNSPECIFIED.,.T.,.F.) B_SPLINE_CURVE_WITH_KNOTS((1,2
    ,2,2,2,1),(-2.094395102393,0.,2.094395102393,4.188790204786,
6.28318530718,8.377580409573),.UNSPECIFIED.) CURVE() 
GEOMETRIC_REPRESENTATION_ITEM() RATIONAL_B_SPLINE_CURVE((1.,0.5,1.,0.5,
1.,0.5,1.)) REPRESENTATION_ITEM('') );
#1909 = CARTESIAN_POINT('',(-0.958308610853,0.619012572039));
#1910 = CARTESIAN_POINT('',(-1.070590206874,0.759959938693));
#1911 = CARTESIAN_POINT('',(-0.892385408744,0.786724969898));
#1912 = CARTESIAN_POINT('',(-0.714180610614,0.813490001103));
#1913 = CARTESIAN_POINT('',(-0.780103812722,0.645777603244));
#1914 = CARTESIAN_POINT('',(-0.846027014831,0.478065205384));
#1915 = CARTESIAN_POINT('',(-0.958308610853,0.619012572039));
#1916 = ( GEOMETRIC_REPRESENTATION_CONTEXT(2) 
PARAMETRIC_REPRESENTATION_CONTEXT() REPRESENTATION_CONTEXT('2D SPACE',''
  ) );
#1917 = ADVANCED_FACE('',(#1918),#1853,.F.);
#1918 = FACE_BOUND('',#1919,.T.);
#1919 = EDGE_LOOP('',(#1920,#1943,#1944,#1967));
#1920 = ORIENTED_EDGE('',*,*,#1921,.F.);
#1921 = EDGE_CURVE('',#1836,#1922,#1924,.T.);
#1922 = VERTEX_POINT('',#1923);
#1923 = CARTESIAN_POINT('',(1.23834695148,-0.578360480957,3.8000001));
#1924 = SURFACE_CURVE('',#1925,(#1929,#1936),.PCURVE_S1.);
#1925 = LINE('',#1926,#1927);
#1926 = CARTESIAN_POINT('',(0.658583544123,-0.307331741327,3.8000001));
#1927 = VECTOR('',#1928,1.);
#1928 = DIRECTION('',(0.905900023316,-0.423491614742,-4.169929389357E-19
    ));
#1929 = PCURVE('',#1853,#1930);
#1930 = DEFINITIONAL_REPRESENTATION('',(#1931),#1935);
#1931 = LINE('',#1932,#1933);
#1932 = CARTESIAN_POINT('',(-0.554533785318,0.41));
#1933 = VECTOR('',#1934,1.);
#1934 = DIRECTION('',(1.,5.551115123126E-17));
#1935 = ( GEOMETRIC_REPRESENTATION_CONTEXT(2) 
PARAMETRIC_REPRESENTATION_CONTEXT() REPRESENTATION_CONTEXT('2D SPACE',''
  ) );
#1936 = PCURVE('',#880,#1937);
#1937 = DEFINITIONAL_REPRESENTATION('',(#1938),#1942);
#1938 = LINE('',#1939,#1940);
#1939 = CARTESIAN_POINT('',(-0.535559211808,0.234620883705));
#1940 = VECTOR('',#1941,1.);
#1941 = DIRECTION('',(-0.741489413151,0.670964567011));
#1942 = ( GEOMETRIC_REPRESENTATION_CONTEXT(2) 
PARAMETRIC_REPRESENTATION_CONTEXT() REPRESENTATION_CONTEXT('2D SPACE',''
  ) );
#1943 = ORIENTED_EDGE('',*,*,#1835,.T.);
#1944 = ORIENTED_EDGE('',*,*,#1945,.F.);
#1945 = EDGE_CURVE('',#1946,#1838,#1948,.T.);
#1946 = VERTEX_POINT('',#1947);
#1947 = CARTESIAN_POINT('',(1.23834695148,-0.578360480957,3.3000001));
#1948 = SURFACE_CURVE('',#1949,(#1953,#1960),.PCURVE_S1.);
#1949 = LINE('',#1950,#1951);
#1950 = CARTESIAN_POINT('',(1.024054613454,-0.47818275061,3.3000001));
#1951 = VECTOR('',#1952,1.);
#1952 = DIRECTION('',(-0.905900023316,0.423491614742,4.169929389357E-19)
  );
#1953 = PCURVE('',#1853,#1954);
#1954 = DEFINITIONAL_REPRESENTATION('',(#1955),#1959);
#1955 = LINE('',#1956,#1957);
#1956 = CARTESIAN_POINT('',(-0.151099565289,0.91));
#1957 = VECTOR('',#1958,1.);
#1958 = DIRECTION('',(-1.,-5.551115123126E-17));
#1959 = ( GEOMETRIC_REPRESENTATION_CONTEXT(2) 
PARAMETRIC_REPRESENTATION_CONTEXT() REPRESENTATION_CONTEXT('2D SPACE',''
  ) );
#1960 = PCURVE('',#977,#1961);
#1961 = DEFINITIONAL_REPRESENTATION('',(#1962),#1966);
#1962 = LINE('',#1963,#1964);
#1963 = CARTESIAN_POINT('',(0.834701414863,-0.697239049535));
#1964 = VECTOR('',#1965,1.);
#1965 = DIRECTION('',(-0.741489413151,-0.670964567011));
#1966 = ( GEOMETRIC_REPRESENTATION_CONTEXT(2) 
PARAMETRIC_REPRESENTATION_CONTEXT() REPRESENTATION_CONTEXT('2D SPACE',''
  ) );
#1967 = ORIENTED_EDGE('',*,*,#1968,.F.);
#1968 = EDGE_CURVE('',#1922,#1946,#1969,.T.);
#1969 = SURFACE_CURVE('',#1970,(#1974,#1981),.PCURVE_S1.);
#1970 = LINE('',#1971,#1972);
#1971 = CARTESIAN_POINT('',(1.23834695148,-0.578360480957,4.2100001));
#1972 = VECTOR('',#1973,1.);
#1973 = DIRECTION('',(5.551115123126E-17,9.84654534872E-19,-1.));
#1974 = PCURVE('',#1853,#1975);
#1975 = DEFINITIONAL_REPRESENTATION('',(#1976),#1980);
#1976 = LINE('',#1977,#1978);
#1977 = CARTESIAN_POINT('',(8.545229751107E-02,4.51028103754E-17));
#1978 = VECTOR('',#1979,1.);
#1979 = DIRECTION('',(5.01870619553E-17,1.));
#1980 = ( GEOMETRIC_REPRESENTATION_CONTEXT(2) 
PARAMETRIC_REPRESENTATION_CONTEXT() REPRESENTATION_CONTEXT('2D SPACE',''
  ) );
#1981 = PCURVE('',#1982,#1987);
#1982 = CYLINDRICAL_SURFACE('',#1983,9.35E-02);
#1983 = AXIS2_PLACEMENT_3D('',#1984,#1985,#1986);
#1984 = CARTESIAN_POINT('',(1.277943417458,-0.493658828777,4.2100001));
#1985 = DIRECTION('',(5.551115123126E-17,9.84654534872E-19,-1.));
#1986 = DIRECTION('',(0.729195746238,-0.684305168524,5.483734704383E-17)
  );
#1987 = DEFINITIONAL_REPRESENTATION('',(#1988),#1992);
#1988 = LINE('',#1989,#1990);
#1989 = CARTESIAN_POINT('',(1.254442096415,0.));
#1990 = VECTOR('',#1991,1.);
#1991 = DIRECTION('',(0.,1.));
#1992 = ( GEOMETRIC_REPRESENTATION_CONTEXT(2) 
PARAMETRIC_REPRESENTATION_CONTEXT() REPRESENTATION_CONTEXT('2D SPACE',''
  ) );
#1993 = ADVANCED_FACE('',(#1994),#1982,.T.);
#1994 = FACE_BOUND('',#1995,.T.);
#1995 = EDGE_LOOP('',(#1996,#2020,#2021,#2045));
#1996 = ORIENTED_EDGE('',*,*,#1997,.F.);
#1997 = EDGE_CURVE('',#1922,#1998,#2000,.T.);
#1998 = VERTEX_POINT('',#1999);
#1999 = CARTESIAN_POINT('',(1.346123219731,-0.557641362034,3.8000001));
#2000 = SURFACE_CURVE('',#2001,(#2006,#2013),.PCURVE_S1.);
#2001 = CIRCLE('',#2002,9.35E-02);
#2002 = AXIS2_PLACEMENT_3D('',#2003,#2004,#2005);
#2003 = CARTESIAN_POINT('',(1.277943417458,-0.493658828777,3.8000001));
#2004 = DIRECTION('',(-7.846506304486E-17,-3.476582183252E-18,1.));
#2005 = DIRECTION('',(0.729195746238,-0.684305168524,5.483734704383E-17)
  );
#2006 = PCURVE('',#1982,#2007);
#2007 = DEFINITIONAL_REPRESENTATION('',(#2008),#2012);
#2008 = LINE('',#2009,#2010);
#2009 = CARTESIAN_POINT('',(6.28318530718,0.41));
#2010 = VECTOR('',#2011,1.);
#2011 = DIRECTION('',(-1.,0.));
#2012 = ( GEOMETRIC_REPRESENTATION_CONTEXT(2) 
PARAMETRIC_REPRESENTATION_CONTEXT() REPRESENTATION_CONTEXT('2D SPACE',''
  ) );
#2013 = PCURVE('',#880,#2014);
#2014 = DEFINITIONAL_REPRESENTATION('',(#2015),#2019);
#2015 = CIRCLE('',#2016,9.35E-02);
#2016 = AXIS2_PLACEMENT_2D('',#2017,#2018);
#2017 = CARTESIAN_POINT('',(-1.072837303805,0.594699608534));
#2018 = DIRECTION('',(-0.495954085439,0.868348746263));
#2019 = ( GEOMETRIC_REPRESENTATION_CONTEXT(2) 
PARAMETRIC_REPRESENTATION_CONTEXT() REPRESENTATION_CONTEXT('2D SPACE',''
  ) );
#2020 = ORIENTED_EDGE('',*,*,#1968,.T.);
#2021 = ORIENTED_EDGE('',*,*,#2022,.F.);
#2022 = EDGE_CURVE('',#2023,#1946,#2025,.T.);
#2023 = VERTEX_POINT('',#2024);
#2024 = CARTESIAN_POINT('',(1.346123219731,-0.557641362034,3.3000001));
#2025 = SURFACE_CURVE('',#2026,(#2031,#2038),.PCURVE_S1.);
#2026 = CIRCLE('',#2027,9.35E-02);
#2027 = AXIS2_PLACEMENT_3D('',#2028,#2029,#2030);
#2028 = CARTESIAN_POINT('',(1.277943417458,-0.493658828777,3.3000001));
#2029 = DIRECTION('',(7.846506304486E-17,3.476582183252E-18,-1.));
#2030 = DIRECTION('',(0.729195746238,-0.684305168524,5.483734704383E-17)
  );
#2031 = PCURVE('',#1982,#2032);
#2032 = DEFINITIONAL_REPRESENTATION('',(#2033),#2037);
#2033 = LINE('',#2034,#2035);
#2034 = CARTESIAN_POINT('',(0.,0.91));
#2035 = VECTOR('',#2036,1.);
#2036 = DIRECTION('',(1.,0.));
#2037 = ( GEOMETRIC_REPRESENTATION_CONTEXT(2) 
PARAMETRIC_REPRESENTATION_CONTEXT() REPRESENTATION_CONTEXT('2D SPACE',''
  ) );
#2038 = PCURVE('',#977,#2039);
#2039 = DEFINITIONAL_REPRESENTATION('',(#2040),#2044);
#2040 = CIRCLE('',#2041,9.35E-02);
#2041 = AXIS2_PLACEMENT_2D('',#2042,#2043);
#2042 = CARTESIAN_POINT('',(1.072837303805,-0.607850391466));
#2043 = DIRECTION('',(0.495954085439,0.868348746263));
#2044 = ( GEOMETRIC_REPRESENTATION_CONTEXT(2) 
PARAMETRIC_REPRESENTATION_CONTEXT() REPRESENTATION_CONTEXT('2D SPACE',''
  ) );
#2045 = ORIENTED_EDGE('',*,*,#2046,.F.);
#2046 = EDGE_CURVE('',#1998,#2023,#2047,.T.);
#2047 = SURFACE_CURVE('',#2048,(#2052,#2059),.PCURVE_S1.);
#2048 = LINE('',#2049,#2050);
#2049 = CARTESIAN_POINT('',(1.346123219731,-0.557641362034,4.2100001));
#2050 = VECTOR('',#2051,1.);
#2051 = DIRECTION('',(5.551115123126E-17,9.84654534872E-19,-1.));
#2052 = PCURVE('',#1982,#2053);
#2053 = DEFINITIONAL_REPRESENTATION('',(#2054),#2058);
#2054 = LINE('',#2055,#2056);
#2055 = CARTESIAN_POINT('',(0.,0.));
#2056 = VECTOR('',#2057,1.);
#2057 = DIRECTION('',(0.,1.));
#2058 = ( GEOMETRIC_REPRESENTATION_CONTEXT(2) 
PARAMETRIC_REPRESENTATION_CONTEXT() REPRESENTATION_CONTEXT('2D SPACE',''
  ) );
#2059 = PCURVE('',#2060,#2065);
#2060 = CYLINDRICAL_SURFACE('',#2061,9.35E-02);
#2061 = AXIS2_PLACEMENT_3D('',#2062,#2063,#2064);
#2062 = CARTESIAN_POINT('',(1.25267176297,-0.55462884993,4.2100001));
#2063 = DIRECTION('',(5.551115123126E-17,9.84654534872E-19,-1.));
#2064 = DIRECTION('',(0.341562789966,0.939858957775,4.255879980836E-17)
  );
#2065 = DEFINITIONAL_REPRESENTATION('',(#2066),#2070);
#2066 = LINE('',#2067,#2068);
#2067 = CARTESIAN_POINT('',(1.254442096415,0.));
#2068 = VECTOR('',#2069,1.);
#2069 = DIRECTION('',(0.,1.));
#2070 = ( GEOMETRIC_REPRESENTATION_CONTEXT(2) 
PARAMETRIC_REPRESENTATION_CONTEXT() REPRESENTATION_CONTEXT('2D SPACE',''
  ) );
#2071 = ADVANCED_FACE('',(#2072),#1666,.T.);
#2072 = FACE_BOUND('',#2073,.T.);
#2073 = EDGE_LOOP('',(#2074,#2096,#2097,#2119));
#2074 = ORIENTED_EDGE('',*,*,#2075,.F.);
#2075 = EDGE_CURVE('',#1604,#1731,#2076,.T.);
#2076 = SURFACE_CURVE('',#2077,(#2082,#2089),.PCURVE_S1.);
#2077 = CIRCLE('',#2078,9.35E-02);
#2078 = AXIS2_PLACEMENT_3D('',#2079,#2080,#2081);
#2079 = CARTESIAN_POINT('',(1.075882172732,-0.847713588283,3.8000001));
#2080 = DIRECTION('',(-7.715793191199E-17,-1.546323751471E-17,1.));
#2081 = DIRECTION('',(0.564565384989,0.825388348641,5.632387361178E-17)
  );
#2082 = PCURVE('',#1666,#2083);
#2083 = DEFINITIONAL_REPRESENTATION('',(#2084),#2088);
#2084 = LINE('',#2085,#2086);
#2085 = CARTESIAN_POINT('',(6.28318530718,0.41));
#2086 = VECTOR('',#2087,1.);
#2087 = DIRECTION('',(-1.,0.));
#2088 = ( GEOMETRIC_REPRESENTATION_CONTEXT(2) 
PARAMETRIC_REPRESENTATION_CONTEXT() REPRESENTATION_CONTEXT('2D SPACE',''
  ) );
#2089 = PCURVE('',#880,#2090);
#2090 = DEFINITIONAL_REPRESENTATION('',(#2091),#2095);
#2091 = CIRCLE('',#2092,9.35E-02);
#2092 = AXIS2_PLACEMENT_2D('',#2093,#2094);
#2093 = CARTESIAN_POINT('',(-0.775668775133,0.873759431719));
#2094 = DIRECTION('',(-0.78215646692,-0.623082066228));
#2095 = ( GEOMETRIC_REPRESENTATION_CONTEXT(2) 
PARAMETRIC_REPRESENTATION_CONTEXT() REPRESENTATION_CONTEXT('2D SPACE',''
  ) );
#2096 = ORIENTED_EDGE('',*,*,#1652,.T.);
#2097 = ORIENTED_EDGE('',*,*,#2098,.F.);
#2098 = EDGE_CURVE('',#1761,#1629,#2099,.T.);
#2099 = SURFACE_CURVE('',#2100,(#2105,#2112),.PCURVE_S1.);
#2100 = CIRCLE('',#2101,9.35E-02);
#2101 = AXIS2_PLACEMENT_3D('',#2102,#2103,#2104);
#2102 = CARTESIAN_POINT('',(1.075882172732,-0.847713588283,3.3000001));
#2103 = DIRECTION('',(7.715793191199E-17,1.546323751471E-17,-1.));
#2104 = DIRECTION('',(0.564565384989,0.825388348641,5.632387361178E-17)
  );
#2105 = PCURVE('',#1666,#2106);
#2106 = DEFINITIONAL_REPRESENTATION('',(#2107),#2111);
#2107 = LINE('',#2108,#2109);
#2108 = CARTESIAN_POINT('',(0.,0.91));
#2109 = VECTOR('',#2110,1.);
#2110 = DIRECTION('',(1.,0.));
#2111 = ( GEOMETRIC_REPRESENTATION_CONTEXT(2) 
PARAMETRIC_REPRESENTATION_CONTEXT() REPRESENTATION_CONTEXT('2D SPACE',''
  ) );
#2112 = PCURVE('',#977,#2113);
#2113 = DEFINITIONAL_REPRESENTATION('',(#2114),#2118);
#2114 = CIRCLE('',#2115,9.35E-02);
#2115 = AXIS2_PLACEMENT_2D('',#2116,#2117);
#2116 = CARTESIAN_POINT('',(0.775668775133,-0.328790568281));
#2117 = DIRECTION('',(0.78215646692,-0.623082066228));
#2118 = ( GEOMETRIC_REPRESENTATION_CONTEXT(2) 
PARAMETRIC_REPRESENTATION_CONTEXT() REPRESENTATION_CONTEXT('2D SPACE',''
  ) );
#2119 = ORIENTED_EDGE('',*,*,#1760,.F.);
#2120 = ADVANCED_FACE('',(#2121),#2135,.F.);
#2121 = FACE_BOUND('',#2122,.T.);
#2122 = EDGE_LOOP('',(#2123,#2153,#2176,#2199));
#2123 = ORIENTED_EDGE('',*,*,#2124,.F.);
#2124 = EDGE_CURVE('',#2125,#2127,#2129,.T.);
#2125 = VERTEX_POINT('',#2126);
#2126 = CARTESIAN_POINT('',(1.284607883832,-0.466752037378,3.8000001));
#2127 = VERTEX_POINT('',#2128);
#2128 = CARTESIAN_POINT('',(1.204294776553,-0.437564712231,3.8000001));
#2129 = SURFACE_CURVE('',#2130,(#2134,#2146),.PCURVE_S1.);
#2130 = LINE('',#2131,#2132);
#2131 = CARTESIAN_POINT('',(0.715239604319,-0.259832673084,3.8000001));
#2132 = VECTOR('',#2133,1.);
#2133 = DIRECTION('',(-0.939858957775,0.341562789966,-5.517482988117E-17
    ));
#2134 = PCURVE('',#2135,#2140);
#2135 = PLANE('',#2136);
#2136 = AXIS2_PLACEMENT_3D('',#2137,#2138,#2139);
#2137 = CARTESIAN_POINT('',(1.284607883832,-0.466752037378,4.2100001));
#2138 = DIRECTION('',(-0.341562789966,-0.939858957775,
    -1.480322419273E-17));
#2139 = DIRECTION('',(-0.939858957775,0.341562789966,-5.517482988117E-17
    ));
#2140 = DEFINITIONAL_REPRESENTATION('',(#2141),#2145);
#2141 = LINE('',#2142,#2143);
#2142 = CARTESIAN_POINT('',(0.60580183314,0.41));
#2143 = VECTOR('',#2144,1.);
#2144 = DIRECTION('',(1.,9.747693075086E-34));
#2145 = ( GEOMETRIC_REPRESENTATION_CONTEXT(2) 
PARAMETRIC_REPRESENTATION_CONTEXT() REPRESENTATION_CONTEXT('2D SPACE',''
  ) );
#2146 = PCURVE('',#880,#2147);
#2147 = DEFINITIONAL_REPRESENTATION('',(#2148),#2152);
#2148 = LINE('',#2149,#2150);
#2149 = CARTESIAN_POINT('',(-0.603670460635,0.205864520512));
#2150 = VECTOR('',#2151,1.);
#2151 = DIRECTION('',(0.798021200853,-0.602629374482));
#2152 = ( GEOMETRIC_REPRESENTATION_CONTEXT(2) 
PARAMETRIC_REPRESENTATION_CONTEXT() REPRESENTATION_CONTEXT('2D SPACE',''
  ) );
#2153 = ORIENTED_EDGE('',*,*,#2154,.T.);
#2154 = EDGE_CURVE('',#2125,#2155,#2157,.T.);
#2155 = VERTEX_POINT('',#2156);
#2156 = CARTESIAN_POINT('',(1.284607883832,-0.466752037378,3.3000001));
#2157 = SURFACE_CURVE('',#2158,(#2162,#2169),.PCURVE_S1.);
#2158 = LINE('',#2159,#2160);
#2159 = CARTESIAN_POINT('',(1.284607883832,-0.466752037378,4.2100001));
#2160 = VECTOR('',#2161,1.);
#2161 = DIRECTION('',(5.551115123126E-17,9.84654534872E-19,-1.));
#2162 = PCURVE('',#2135,#2163);
#2163 = DEFINITIONAL_REPRESENTATION('',(#2164),#2168);
#2164 = LINE('',#2165,#2166);
#2165 = CARTESIAN_POINT('',(0.,0.));
#2166 = VECTOR('',#2167,1.);
#2167 = DIRECTION('',(-4.455059207548E-18,1.));
#2168 = ( GEOMETRIC_REPRESENTATION_CONTEXT(2) 
PARAMETRIC_REPRESENTATION_CONTEXT() REPRESENTATION_CONTEXT('2D SPACE',''
  ) );
#2169 = PCURVE('',#2060,#2170);
#2170 = DEFINITIONAL_REPRESENTATION('',(#2171),#2175);
#2171 = LINE('',#2172,#2173);
#2172 = CARTESIAN_POINT('',(0.,0.));
#2173 = VECTOR('',#2174,1.);
#2174 = DIRECTION('',(0.,1.));
#2175 = ( GEOMETRIC_REPRESENTATION_CONTEXT(2) 
PARAMETRIC_REPRESENTATION_CONTEXT() REPRESENTATION_CONTEXT('2D SPACE',''
  ) );
#2176 = ORIENTED_EDGE('',*,*,#2177,.F.);
#2177 = EDGE_CURVE('',#2178,#2155,#2180,.T.);
#2178 = VERTEX_POINT('',#2179);
#2179 = CARTESIAN_POINT('',(1.204294776553,-0.437564712231,3.3000001));
#2180 = SURFACE_CURVE('',#2181,(#2185,#2192),.PCURVE_S1.);
#2181 = LINE('',#2182,#2183);
#2182 = CARTESIAN_POINT('',(1.055793716749,-0.38359657597,3.3000001));
#2183 = VECTOR('',#2184,1.);
#2184 = DIRECTION('',(0.939858957775,-0.341562789966,5.517482988117E-17)
  );
#2185 = PCURVE('',#2135,#2186);
#2186 = DEFINITIONAL_REPRESENTATION('',(#2187),#2191);
#2187 = LINE('',#2188,#2189);
#2188 = CARTESIAN_POINT('',(0.243455855998,0.91));
#2189 = VECTOR('',#2190,1.);
#2190 = DIRECTION('',(-1.,-9.747693075086E-34));
#2191 = ( GEOMETRIC_REPRESENTATION_CONTEXT(2) 
PARAMETRIC_REPRESENTATION_CONTEXT() REPRESENTATION_CONTEXT('2D SPACE',''
  ) );
#2192 = PCURVE('',#977,#2193);
#2193 = DEFINITIONAL_REPRESENTATION('',(#2194),#2198);
#2194 = LINE('',#2195,#2196);
#2195 = CARTESIAN_POINT('',(0.892830232438,-0.778325149937));
#2196 = VECTOR('',#2197,1.);
#2197 = DIRECTION('',(0.798021200853,0.602629374482));
#2198 = ( GEOMETRIC_REPRESENTATION_CONTEXT(2) 
PARAMETRIC_REPRESENTATION_CONTEXT() REPRESENTATION_CONTEXT('2D SPACE',''
  ) );
#2199 = ORIENTED_EDGE('',*,*,#2200,.F.);
#2200 = EDGE_CURVE('',#2127,#2178,#2201,.T.);
#2201 = SURFACE_CURVE('',#2202,(#2206,#2213),.PCURVE_S1.);
#2202 = LINE('',#2203,#2204);
#2203 = CARTESIAN_POINT('',(1.204294776553,-0.437564712231,4.2100001));
#2204 = VECTOR('',#2205,1.);
#2205 = DIRECTION('',(5.551115123126E-17,9.84654534872E-19,-1.));
#2206 = PCURVE('',#2135,#2207);
#2207 = DEFINITIONAL_REPRESENTATION('',(#2208),#2212);
#2208 = LINE('',#2209,#2210);
#2209 = CARTESIAN_POINT('',(8.545229751107E-02,-7.285838599103E-17));
#2210 = VECTOR('',#2211,1.);
#2211 = DIRECTION('',(-4.455059207548E-18,1.));
#2212 = ( GEOMETRIC_REPRESENTATION_CONTEXT(2) 
PARAMETRIC_REPRESENTATION_CONTEXT() REPRESENTATION_CONTEXT('2D SPACE',''
  ) );
#2213 = PCURVE('',#2214,#2219);
#2214 = CYLINDRICAL_SURFACE('',#2215,0.10404056416);
#2215 = AXIS2_PLACEMENT_3D('',#2216,#2217,#2218);
#2216 = CARTESIAN_POINT('',(1.239831161918,-0.339781256034,4.2100001));
#2217 = DIRECTION('',(5.551115123126E-17,9.84654534872E-19,-1.));
#2218 = DIRECTION('',(0.341562789966,0.939858957775,5.643658761617E-17)
  );
#2219 = DEFINITIONAL_REPRESENTATION('',(#2220),#2224);
#2220 = LINE('',#2221,#2222);
#2221 = CARTESIAN_POINT('',(3.14159265359,0.));
#2222 = VECTOR('',#2223,1.);
#2223 = DIRECTION('',(0.,1.));
#2224 = ( GEOMETRIC_REPRESENTATION_CONTEXT(2) 
PARAMETRIC_REPRESENTATION_CONTEXT() REPRESENTATION_CONTEXT('2D SPACE',''
  ) );
#2225 = ADVANCED_FACE('',(#2226),#2214,.F.);
#2226 = FACE_BOUND('',#2227,.F.);
#2227 = EDGE_LOOP('',(#2228,#2258,#2284,#2285));
#2228 = ORIENTED_EDGE('',*,*,#2229,.T.);
#2229 = EDGE_CURVE('',#2230,#2232,#2234,.T.);
#2230 = VERTEX_POINT('',#2231);
#2231 = CARTESIAN_POINT('',(1.2590681241,-0.237534601924,3.8000001));
#2232 = VERTEX_POINT('',#2233);
#2233 = CARTESIAN_POINT('',(1.2590681241,-0.237534601924,3.3000001));
#2234 = SURFACE_CURVE('',#2235,(#2239,#2246),.PCURVE_S1.);
#2235 = LINE('',#2236,#2237);
#2236 = CARTESIAN_POINT('',(1.2590681241,-0.237534601924,4.2100001));
#2237 = VECTOR('',#2238,1.);
#2238 = DIRECTION('',(5.551115123126E-17,9.84654534872E-19,-1.));
#2239 = PCURVE('',#2214,#2240);
#2240 = DEFINITIONAL_REPRESENTATION('',(#2241),#2245);
#2241 = LINE('',#2242,#2243);
#2242 = CARTESIAN_POINT('',(6.120574874859,0.));
#2243 = VECTOR('',#2244,1.);
#2244 = DIRECTION('',(0.,1.));
#2245 = ( GEOMETRIC_REPRESENTATION_CONTEXT(2) 
PARAMETRIC_REPRESENTATION_CONTEXT() REPRESENTATION_CONTEXT('2D SPACE',''
  ) );
#2246 = PCURVE('',#2247,#2252);
#2247 = PLANE('',#2248);
#2248 = AXIS2_PLACEMENT_3D('',#2249,#2250,#2251);
#2249 = CARTESIAN_POINT('',(1.2590681241,-0.237534601924,4.2100001));
#2250 = DIRECTION('',(0.184898672337,0.982757590135,2.872325233344E-17)
  );
#2251 = DIRECTION('',(0.982757590135,-0.184898672337,5.532908991505E-17)
  );
#2252 = DEFINITIONAL_REPRESENTATION('',(#2253),#2257);
#2253 = LINE('',#2254,#2255);
#2254 = CARTESIAN_POINT('',(0.,0.));
#2255 = VECTOR('',#2256,1.);
#2256 = DIRECTION('',(-3.782611175223E-18,1.));
#2257 = ( GEOMETRIC_REPRESENTATION_CONTEXT(2) 
PARAMETRIC_REPRESENTATION_CONTEXT() REPRESENTATION_CONTEXT('2D SPACE',''
  ) );
#2258 = ORIENTED_EDGE('',*,*,#2259,.T.);
#2259 = EDGE_CURVE('',#2232,#2178,#2260,.T.);
#2260 = SURFACE_CURVE('',#2261,(#2266,#2273),.PCURVE_S1.);
#2261 = CIRCLE('',#2262,0.10404056416);
#2262 = AXIS2_PLACEMENT_3D('',#2263,#2264,#2265);
#2263 = CARTESIAN_POINT('',(1.239831161918,-0.339781256034,3.3000001));
#2264 = DIRECTION('',(-7.11331964299E-17,-3.419676358721E-17,1.));
#2265 = DIRECTION('',(0.341562789966,0.939858957775,5.643658761617E-17)
  );
#2266 = PCURVE('',#2214,#2267);
#2267 = DEFINITIONAL_REPRESENTATION('',(#2268),#2272);
#2268 = LINE('',#2269,#2270);
#2269 = CARTESIAN_POINT('',(6.28318530718,0.91));
#2270 = VECTOR('',#2271,1.);
#2271 = DIRECTION('',(-1.,0.));
#2272 = ( GEOMETRIC_REPRESENTATION_CONTEXT(2) 
PARAMETRIC_REPRESENTATION_CONTEXT() REPRESENTATION_CONTEXT('2D SPACE',''
  ) );
#2273 = PCURVE('',#977,#2274);
#2274 = DEFINITIONAL_REPRESENTATION('',(#2275),#2283);
#2275 = ( BOUNDED_CURVE() B_SPLINE_CURVE(2,(#2276,#2277,#2278,#2279,
#2280,#2281,#2282),.UNSPECIFIED.,.T.,.F.) B_SPLINE_CURVE_WITH_KNOTS((1,2
    ,2,2,2,1),(-2.094395102393,0.,2.094395102393,4.188790204786,
6.28318530718,8.377580409573),.UNSPECIFIED.) CURVE() 
GEOMETRIC_REPRESENTATION_ITEM() RATIONAL_B_SPLINE_CURVE((1.,0.5,1.,0.5,
1.,0.5,1.)) REPRESENTATION_ITEM('') );
#2276 = CARTESIAN_POINT('',(1.144316222121,-0.849160716216));
#2277 = CARTESIAN_POINT('',(1.000509974201,-0.957756664718));
#2278 = CARTESIAN_POINT('',(0.97836624801,-0.778918826545));
#2279 = CARTESIAN_POINT('',(0.95622252182,-0.600080988372));
#2280 = CARTESIAN_POINT('',(1.122172495931,-0.670322878043));
#2281 = CARTESIAN_POINT('',(1.288122470042,-0.740564767715));
#2282 = CARTESIAN_POINT('',(1.144316222121,-0.849160716216));
#2283 = ( GEOMETRIC_REPRESENTATION_CONTEXT(2) 
PARAMETRIC_REPRESENTATION_CONTEXT() REPRESENTATION_CONTEXT('2D SPACE',''
  ) );
#2284 = ORIENTED_EDGE('',*,*,#2200,.F.);
#2285 = ORIENTED_EDGE('',*,*,#2286,.T.);
#2286 = EDGE_CURVE('',#2127,#2230,#2287,.T.);
#2287 = SURFACE_CURVE('',#2288,(#2293,#2300),.PCURVE_S1.);
#2288 = CIRCLE('',#2289,0.10404056416);
#2289 = AXIS2_PLACEMENT_3D('',#2290,#2291,#2292);
#2290 = CARTESIAN_POINT('',(1.239831161918,-0.339781256034,3.8000001));
#2291 = DIRECTION('',(7.11331964299E-17,3.419676358721E-17,-1.));
#2292 = DIRECTION('',(0.341562789966,0.939858957775,5.643658761617E-17)
  );
#2293 = PCURVE('',#2214,#2294);
#2294 = DEFINITIONAL_REPRESENTATION('',(#2295),#2299);
#2295 = LINE('',#2296,#2297);
#2296 = CARTESIAN_POINT('',(0.,0.41));
#2297 = VECTOR('',#2298,1.);
#2298 = DIRECTION('',(1.,0.));
#2299 = ( GEOMETRIC_REPRESENTATION_CONTEXT(2) 
PARAMETRIC_REPRESENTATION_CONTEXT() REPRESENTATION_CONTEXT('2D SPACE',''
  ) );
#2300 = PCURVE('',#880,#2301);
#2301 = DEFINITIONAL_REPRESENTATION('',(#2302),#2310);
#2302 = ( BOUNDED_CURVE() B_SPLINE_CURVE(2,(#2303,#2304,#2305,#2306,
#2307,#2308,#2309),.UNSPECIFIED.,.T.,.F.) B_SPLINE_CURVE_WITH_KNOTS((1,2
    ,2,2,2,1),(-2.094395102393,0.,2.094395102393,4.188790204786,
6.28318530718,8.377580409573),.UNSPECIFIED.) CURVE() 
GEOMETRIC_REPRESENTATION_ITEM() RATIONAL_B_SPLINE_CURVE((1.,0.5,1.,0.5,
1.,0.5,1.)) REPRESENTATION_ITEM('') );
#2303 = CARTESIAN_POINT('',(-1.144316222121,0.353389283784));
#2304 = CARTESIAN_POINT('',(-1.288122470042,0.461985232285));
#2305 = CARTESIAN_POINT('',(-1.122172495931,0.532227121957));
#2306 = CARTESIAN_POINT('',(-0.95622252182,0.602469011628));
#2307 = CARTESIAN_POINT('',(-0.97836624801,0.423631173455));
#2308 = CARTESIAN_POINT('',(-1.000509974201,0.244793335282));
#2309 = CARTESIAN_POINT('',(-1.144316222121,0.353389283784));
#2310 = ( GEOMETRIC_REPRESENTATION_CONTEXT(2) 
PARAMETRIC_REPRESENTATION_CONTEXT() REPRESENTATION_CONTEXT('2D SPACE',''
  ) );
#2311 = ADVANCED_FACE('',(#2312),#2247,.F.);
#2312 = FACE_BOUND('',#2313,.T.);
#2313 = EDGE_LOOP('',(#2314,#2337,#2338,#2361));
#2314 = ORIENTED_EDGE('',*,*,#2315,.F.);
#2315 = EDGE_CURVE('',#2230,#2316,#2318,.T.);
#2316 = VERTEX_POINT('',#2317);
#2317 = CARTESIAN_POINT('',(1.343047018073,-0.253334618281,3.8000001));
#2318 = SURFACE_CURVE('',#2319,(#2323,#2330),.PCURVE_S1.);
#2319 = LINE('',#2320,#2321);
#2320 = CARTESIAN_POINT('',(0.688853646954,-0.1302529072,3.8000001));
#2321 = VECTOR('',#2322,1.);
#2322 = DIRECTION('',(0.982757590135,-0.184898672337,5.532908991505E-17)
  );
#2323 = PCURVE('',#2247,#2324);
#2324 = DEFINITIONAL_REPRESENTATION('',(#2325),#2329);
#2325 = LINE('',#2326,#2327);
#2326 = CARTESIAN_POINT('',(-0.580218848341,0.41));
#2327 = VECTOR('',#2328,1.);
#2328 = DIRECTION('',(1.,-5.276732597571E-34));
#2329 = ( GEOMETRIC_REPRESENTATION_CONTEXT(2) 
PARAMETRIC_REPRESENTATION_CONTEXT() REPRESENTATION_CONTEXT('2D SPACE',''
  ) );
#2330 = PCURVE('',#880,#2331);
#2331 = DEFINITIONAL_REPRESENTATION('',(#2332),#2336);
#2332 = LINE('',#2333,#2334);
#2333 = CARTESIAN_POINT('',(-0.616521221358,7.425148004356E-02));
#2334 = VECTOR('',#2335,1.);
#2335 = DIRECTION('',(-0.885056262195,0.46548406283));
#2336 = ( GEOMETRIC_REPRESENTATION_CONTEXT(2) 
PARAMETRIC_REPRESENTATION_CONTEXT() REPRESENTATION_CONTEXT('2D SPACE',''
  ) );
#2337 = ORIENTED_EDGE('',*,*,#2229,.T.);
#2338 = ORIENTED_EDGE('',*,*,#2339,.F.);
#2339 = EDGE_CURVE('',#2340,#2232,#2342,.T.);
#2340 = VERTEX_POINT('',#2341);
#2341 = CARTESIAN_POINT('',(1.343047018073,-0.253334618281,3.3000001));
#2342 = SURFACE_CURVE('',#2343,(#2347,#2354),.PCURVE_S1.);
#2343 = LINE('',#2344,#2345);
#2344 = CARTESIAN_POINT('',(0.963911703398,-0.182003074243,3.3000001));
#2345 = VECTOR('',#2346,1.);
#2346 = DIRECTION('',(-0.982757590135,0.184898672337,-5.532908991505E-17
    ));
#2347 = PCURVE('',#2247,#2348);
#2348 = DEFINITIONAL_REPRESENTATION('',(#2349),#2353);
#2349 = LINE('',#2350,#2351);
#2350 = CARTESIAN_POINT('',(-0.300334918462,0.91));
#2351 = VECTOR('',#2352,1.);
#2352 = DIRECTION('',(-1.,5.276732597571E-34));
#2353 = ( GEOMETRIC_REPRESENTATION_CONTEXT(2) 
PARAMETRIC_REPRESENTATION_CONTEXT() REPRESENTATION_CONTEXT('2D SPACE',''
  ) );
#2354 = PCURVE('',#977,#2355);
#2355 = DEFINITIONAL_REPRESENTATION('',(#2356),#2360);
#2356 = LINE('',#2357,#2358);
#2357 = CARTESIAN_POINT('',(0.864234246184,-0.998017011156));
#2358 = VECTOR('',#2359,1.);
#2359 = DIRECTION('',(-0.885056262195,-0.46548406283));
#2360 = ( GEOMETRIC_REPRESENTATION_CONTEXT(2) 
PARAMETRIC_REPRESENTATION_CONTEXT() REPRESENTATION_CONTEXT('2D SPACE',''
  ) );
#2361 = ORIENTED_EDGE('',*,*,#2362,.F.);
#2362 = EDGE_CURVE('',#2316,#2340,#2363,.T.);
#2363 = SURFACE_CURVE('',#2364,(#2368,#2375),.PCURVE_S1.);
#2364 = LINE('',#2365,#2366);
#2365 = CARTESIAN_POINT('',(1.343047018073,-0.253334618281,4.2100001));
#2366 = VECTOR('',#2367,1.);
#2367 = DIRECTION('',(5.551115123126E-17,9.84654534872E-19,-1.));
#2368 = PCURVE('',#2247,#2369);
#2369 = DEFINITIONAL_REPRESENTATION('',(#2370),#2374);
#2370 = LINE('',#2371,#2372);
#2371 = CARTESIAN_POINT('',(8.545229751107E-02,1.075528555106E-16));
#2372 = VECTOR('',#2373,1.);
#2373 = DIRECTION('',(-3.782611175223E-18,1.));
#2374 = ( GEOMETRIC_REPRESENTATION_CONTEXT(2) 
PARAMETRIC_REPRESENTATION_CONTEXT() REPRESENTATION_CONTEXT('2D SPACE',''
  ) );
#2375 = PCURVE('',#2376,#2381);
#2376 = CYLINDRICAL_SURFACE('',#2377,9.35E-02);
#2377 = AXIS2_PLACEMENT_3D('',#2378,#2379,#2380);
#2378 = CARTESIAN_POINT('',(1.360335043937,-0.161446783604,4.2100001));
#2379 = DIRECTION('',(5.551115123126E-17,9.84654534872E-19,-1.));
#2380 = DIRECTION('',(0.876466496119,-0.481462855452,5.503707664726E-17)
  );
#2381 = DEFINITIONAL_REPRESENTATION('',(#2382),#2386);
#2382 = LINE('',#2383,#2384);
#2383 = CARTESIAN_POINT('',(1.254442096415,0.));
#2384 = VECTOR('',#2385,1.);
#2385 = DIRECTION('',(0.,1.));
#2386 = ( GEOMETRIC_REPRESENTATION_CONTEXT(2) 
PARAMETRIC_REPRESENTATION_CONTEXT() REPRESENTATION_CONTEXT('2D SPACE',''
  ) );
#2387 = ADVANCED_FACE('',(#2388),#2376,.T.);
#2388 = FACE_BOUND('',#2389,.T.);
#2389 = EDGE_LOOP('',(#2390,#2414,#2415,#2439));
#2390 = ORIENTED_EDGE('',*,*,#2391,.F.);
#2391 = EDGE_CURVE('',#2316,#2392,#2394,.T.);
#2392 = VERTEX_POINT('',#2393);
#2393 = CARTESIAN_POINT('',(1.442284661324,-0.206463560589,3.8000001));
#2394 = SURFACE_CURVE('',#2395,(#2400,#2407),.PCURVE_S1.);
#2395 = CIRCLE('',#2396,9.35E-02);
#2396 = AXIS2_PLACEMENT_3D('',#2397,#2398,#2399);
#2397 = CARTESIAN_POINT('',(1.360335043937,-0.161446783604,3.8000001));
#2398 = DIRECTION('',(-6.201694290583E-17,1.415070738755E-18,1.));
#2399 = DIRECTION('',(0.876466496119,-0.481462855452,5.503707664726E-17)
  );
#2400 = PCURVE('',#2376,#2401);
#2401 = DEFINITIONAL_REPRESENTATION('',(#2402),#2406);
#2402 = LINE('',#2403,#2404);
#2403 = CARTESIAN_POINT('',(6.28318530718,0.41));
#2404 = VECTOR('',#2405,1.);
#2405 = DIRECTION('',(-1.,0.));
#2406 = ( GEOMETRIC_REPRESENTATION_CONTEXT(2) 
PARAMETRIC_REPRESENTATION_CONTEXT() REPRESENTATION_CONTEXT('2D SPACE',''
  ) );
#2407 = PCURVE('',#880,#2408);
#2408 = DEFINITIONAL_REPRESENTATION('',(#2409),#2413);
#2409 = CIRCLE('',#2410,9.35E-02);
#2410 = AXIS2_PLACEMENT_2D('',#2411,#2412);
#2411 = CARTESIAN_POINT('',(-1.249200397431,0.301358029008));
#2412 = DIRECTION('',(-0.696322327577,0.717729208071));
#2413 = ( GEOMETRIC_REPRESENTATION_CONTEXT(2) 
PARAMETRIC_REPRESENTATION_CONTEXT() REPRESENTATION_CONTEXT('2D SPACE',''
  ) );
#2414 = ORIENTED_EDGE('',*,*,#2362,.T.);
#2415 = ORIENTED_EDGE('',*,*,#2416,.F.);
#2416 = EDGE_CURVE('',#2417,#2340,#2419,.T.);
#2417 = VERTEX_POINT('',#2418);
#2418 = CARTESIAN_POINT('',(1.442284661324,-0.206463560589,3.3000001));
#2419 = SURFACE_CURVE('',#2420,(#2425,#2432),.PCURVE_S1.);
#2420 = CIRCLE('',#2421,9.35E-02);
#2421 = AXIS2_PLACEMENT_3D('',#2422,#2423,#2424);
#2422 = CARTESIAN_POINT('',(1.360335043937,-0.161446783604,3.3000001));
#2423 = DIRECTION('',(6.201694290583E-17,-1.415070738755E-18,-1.));
#2424 = DIRECTION('',(0.876466496119,-0.481462855452,5.503707664726E-17)
  );
#2425 = PCURVE('',#2376,#2426);
#2426 = DEFINITIONAL_REPRESENTATION('',(#2427),#2431);
#2427 = LINE('',#2428,#2429);
#2428 = CARTESIAN_POINT('',(0.,0.91));
#2429 = VECTOR('',#2430,1.);
#2430 = DIRECTION('',(1.,0.));
#2431 = ( GEOMETRIC_REPRESENTATION_CONTEXT(2) 
PARAMETRIC_REPRESENTATION_CONTEXT() REPRESENTATION_CONTEXT('2D SPACE',''
  ) );
#2432 = PCURVE('',#977,#2433);
#2433 = DEFINITIONAL_REPRESENTATION('',(#2434),#2438);
#2434 = CIRCLE('',#2435,9.35E-02);
#2435 = AXIS2_PLACEMENT_2D('',#2436,#2437);
#2436 = CARTESIAN_POINT('',(1.249200397431,-0.901191970992));
#2437 = DIRECTION('',(0.696322327577,0.717729208071));
#2438 = ( GEOMETRIC_REPRESENTATION_CONTEXT(2) 
PARAMETRIC_REPRESENTATION_CONTEXT() REPRESENTATION_CONTEXT('2D SPACE',''
  ) );
#2439 = ORIENTED_EDGE('',*,*,#2440,.F.);
#2440 = EDGE_CURVE('',#2392,#2417,#2441,.T.);
#2441 = SURFACE_CURVE('',#2442,(#2446,#2453),.PCURVE_S1.);
#2442 = LINE('',#2443,#2444);
#2443 = CARTESIAN_POINT('',(1.442284661324,-0.206463560589,4.2100001));
#2444 = VECTOR('',#2445,1.);
#2445 = DIRECTION('',(5.551115123126E-17,9.84654534872E-19,-1.));
#2446 = PCURVE('',#2376,#2447);
#2447 = DEFINITIONAL_REPRESENTATION('',(#2448),#2452);
#2448 = LINE('',#2449,#2450);
#2449 = CARTESIAN_POINT('',(0.,0.));
#2450 = VECTOR('',#2451,1.);
#2451 = DIRECTION('',(0.,1.));
#2452 = ( GEOMETRIC_REPRESENTATION_CONTEXT(2) 
PARAMETRIC_REPRESENTATION_CONTEXT() REPRESENTATION_CONTEXT('2D SPACE',''
  ) );
#2453 = PCURVE('',#2454,#2459);
#2454 = CYLINDRICAL_SURFACE('',#2455,9.35E-02);
#2455 = AXIS2_PLACEMENT_3D('',#2456,#2457,#2458);
#2456 = CARTESIAN_POINT('',(1.351019972627,-0.22678612433,4.2100001));
#2457 = DIRECTION('',(5.551115123126E-17,9.84654534872E-19,-1.));
#2458 = DIRECTION('',(9.709854866926E-02,0.995274772033,
    7.918895721634E-18));
#2459 = DEFINITIONAL_REPRESENTATION('',(#2460),#2464);
#2460 = LINE('',#2461,#2462);
#2461 = CARTESIAN_POINT('',(1.254442096415,0.));
#2462 = VECTOR('',#2463,1.);
#2463 = DIRECTION('',(0.,1.));
#2464 = ( GEOMETRIC_REPRESENTATION_CONTEXT(2) 
PARAMETRIC_REPRESENTATION_CONTEXT() REPRESENTATION_CONTEXT('2D SPACE',''
  ) );
#2465 = ADVANCED_FACE('',(#2466),#2060,.T.);
#2466 = FACE_BOUND('',#2467,.T.);
#2467 = EDGE_LOOP('',(#2468,#2490,#2491,#2513));
#2468 = ORIENTED_EDGE('',*,*,#2469,.F.);
#2469 = EDGE_CURVE('',#1998,#2125,#2470,.T.);
#2470 = SURFACE_CURVE('',#2471,(#2476,#2483),.PCURVE_S1.);
#2471 = CIRCLE('',#2472,9.35E-02);
#2472 = AXIS2_PLACEMENT_3D('',#2473,#2474,#2475);
#2473 = CARTESIAN_POINT('',(1.25267176297,-0.55462884993,3.8000001));
#2474 = DIRECTION('',(-6.63930605077E-17,-2.115360040193E-17,1.));
#2475 = DIRECTION('',(0.341562789966,0.939858957775,4.255879980836E-17)
  );
#2476 = PCURVE('',#2060,#2477);
#2477 = DEFINITIONAL_REPRESENTATION('',(#2478),#2482);
#2478 = LINE('',#2479,#2480);
#2479 = CARTESIAN_POINT('',(6.28318530718,0.41));
#2480 = VECTOR('',#2481,1.);
#2481 = DIRECTION('',(-1.,0.));
#2482 = ( GEOMETRIC_REPRESENTATION_CONTEXT(2) 
PARAMETRIC_REPRESENTATION_CONTEXT() REPRESENTATION_CONTEXT('2D SPACE',''
  ) );
#2483 = PCURVE('',#880,#2484);
#2484 = DEFINITIONAL_REPRESENTATION('',(#2485),#2489);
#2485 = CIRCLE('',#2486,9.35E-02);
#2486 = AXIS2_PLACEMENT_2D('',#2487,#2488);
#2487 = CARTESIAN_POINT('',(-1.030767320482,0.645553482557));
#2488 = DIRECTION('',(-0.602629374482,-0.798021200853));
#2489 = ( GEOMETRIC_REPRESENTATION_CONTEXT(2) 
PARAMETRIC_REPRESENTATION_CONTEXT() REPRESENTATION_CONTEXT('2D SPACE',''
  ) );
#2490 = ORIENTED_EDGE('',*,*,#2046,.T.);
#2491 = ORIENTED_EDGE('',*,*,#2492,.F.);
#2492 = EDGE_CURVE('',#2155,#2023,#2493,.T.);
#2493 = SURFACE_CURVE('',#2494,(#2499,#2506),.PCURVE_S1.);
#2494 = CIRCLE('',#2495,9.35E-02);
#2495 = AXIS2_PLACEMENT_3D('',#2496,#2497,#2498);
#2496 = CARTESIAN_POINT('',(1.25267176297,-0.55462884993,3.3000001));
#2497 = DIRECTION('',(6.63930605077E-17,2.115360040193E-17,-1.));
#2498 = DIRECTION('',(0.341562789966,0.939858957775,4.255879980836E-17)
  );
#2499 = PCURVE('',#2060,#2500);
#2500 = DEFINITIONAL_REPRESENTATION('',(#2501),#2505);
#2501 = LINE('',#2502,#2503);
#2502 = CARTESIAN_POINT('',(0.,0.91));
#2503 = VECTOR('',#2504,1.);
#2504 = DIRECTION('',(1.,0.));
#2505 = ( GEOMETRIC_REPRESENTATION_CONTEXT(2) 
PARAMETRIC_REPRESENTATION_CONTEXT() REPRESENTATION_CONTEXT('2D SPACE',''
  ) );
#2506 = PCURVE('',#977,#2507);
#2507 = DEFINITIONAL_REPRESENTATION('',(#2508),#2512);
#2508 = CIRCLE('',#2509,9.35E-02);
#2509 = AXIS2_PLACEMENT_2D('',#2510,#2511);
#2510 = CARTESIAN_POINT('',(1.030767320482,-0.556996517443));
#2511 = DIRECTION('',(0.602629374482,-0.798021200853));
#2512 = ( GEOMETRIC_REPRESENTATION_CONTEXT(2) 
PARAMETRIC_REPRESENTATION_CONTEXT() REPRESENTATION_CONTEXT('2D SPACE',''
  ) );
#2513 = ORIENTED_EDGE('',*,*,#2154,.F.);
#2514 = ADVANCED_FACE('',(#2515),#2529,.F.);
#2515 = FACE_BOUND('',#2516,.T.);
#2516 = EDGE_LOOP('',(#2517,#2547,#2570,#2593));
#2517 = ORIENTED_EDGE('',*,*,#2518,.F.);
#2518 = EDGE_CURVE('',#2519,#2521,#2523,.T.);
#2519 = VERTEX_POINT('',#2520);
#2520 = CARTESIAN_POINT('',(1.360098686927,-0.133727933145,3.8000001));
#2521 = VERTEX_POINT('',#2522);
#2522 = CARTESIAN_POINT('',(1.275050171002,-0.125430639076,3.8000001));
#2523 = SURFACE_CURVE('',#2524,(#2528,#2540),.PCURVE_S1.);
#2524 = LINE('',#2525,#2526);
#2525 = CARTESIAN_POINT('',(0.730113745155,-7.226689218537E-02,3.8000001
    ));
#2526 = VECTOR('',#2527,1.);
#2527 = DIRECTION('',(-0.995274772033,9.709854866926E-02,
    -5.541554270498E-17));
#2528 = PCURVE('',#2529,#2534);
#2529 = PLANE('',#2530);
#2530 = AXIS2_PLACEMENT_3D('',#2531,#2532,#2533);
#2531 = CARTESIAN_POINT('',(1.360098686927,-0.133727933145,4.2100001));
#2532 = DIRECTION('',(-9.709854866926E-02,-0.995274772033,
    -7.918895721634E-18));
#2533 = DIRECTION('',(-0.995274772033,9.709854866926E-02,
    -5.541554270498E-17));
#2534 = DEFINITIONAL_REPRESENTATION('',(#2535),#2539);
#2535 = LINE('',#2536,#2537);
#2536 = CARTESIAN_POINT('',(0.632975897184,0.41));
#2537 = VECTOR('',#2538,1.);
#2538 = DIRECTION('',(1.,2.771047895932E-34));
#2539 = ( GEOMETRIC_REPRESENTATION_CONTEXT(2) 
PARAMETRIC_REPRESENTATION_CONTEXT() REPRESENTATION_CONTEXT('2D SPACE',''
  ) );
#2540 = PCURVE('',#880,#2541);
#2541 = DEFINITIONAL_REPRESENTATION('',(#2542),#2546);
#2542 = LINE('',#2543,#2544);
#2543 = CARTESIAN_POINT('',(-0.672997231155,3.094750842046E-02));
#2544 = VECTOR('',#2545,1.);
#2545 = DIRECTION('',(0.922817728512,-0.385236862129));
#2546 = ( GEOMETRIC_REPRESENTATION_CONTEXT(2) 
PARAMETRIC_REPRESENTATION_CONTEXT() REPRESENTATION_CONTEXT('2D SPACE',''
  ) );
#2547 = ORIENTED_EDGE('',*,*,#2548,.T.);
#2548 = EDGE_CURVE('',#2519,#2549,#2551,.T.);
#2549 = VERTEX_POINT('',#2550);
#2550 = CARTESIAN_POINT('',(1.360098686927,-0.133727933145,3.3000001));
#2551 = SURFACE_CURVE('',#2552,(#2556,#2563),.PCURVE_S1.);
#2552 = LINE('',#2553,#2554);
#2553 = CARTESIAN_POINT('',(1.360098686927,-0.133727933145,4.2100001));
#2554 = VECTOR('',#2555,1.);
#2555 = DIRECTION('',(5.551115123126E-17,9.84654534872E-19,-1.));
#2556 = PCURVE('',#2529,#2557);
#2557 = DEFINITIONAL_REPRESENTATION('',(#2558),#2562);
#2558 = LINE('',#2559,#2560);
#2559 = CARTESIAN_POINT('',(0.,0.));
#2560 = VECTOR('',#2561,1.);
#2561 = DIRECTION('',(2.612579468283E-36,1.));
#2562 = ( GEOMETRIC_REPRESENTATION_CONTEXT(2) 
PARAMETRIC_REPRESENTATION_CONTEXT() REPRESENTATION_CONTEXT('2D SPACE',''
  ) );
#2563 = PCURVE('',#2454,#2564);
#2564 = DEFINITIONAL_REPRESENTATION('',(#2565),#2569);
#2565 = LINE('',#2566,#2567);
#2566 = CARTESIAN_POINT('',(0.,0.));
#2567 = VECTOR('',#2568,1.);
#2568 = DIRECTION('',(0.,1.));
#2569 = ( GEOMETRIC_REPRESENTATION_CONTEXT(2) 
PARAMETRIC_REPRESENTATION_CONTEXT() REPRESENTATION_CONTEXT('2D SPACE',''
  ) );
#2570 = ORIENTED_EDGE('',*,*,#2571,.F.);
#2571 = EDGE_CURVE('',#2572,#2549,#2574,.T.);
#2572 = VERTEX_POINT('',#2573);
#2573 = CARTESIAN_POINT('',(1.275050171002,-0.125430639076,3.3000001));
#2574 = SURFACE_CURVE('',#2575,(#2579,#2586),.PCURVE_S1.);
#2575 = LINE('',#2576,#2577);
#2576 = CARTESIAN_POINT('',(0.960652519312,-9.475814888313E-02,3.3000001
    ));
#2577 = VECTOR('',#2578,1.);
#2578 = DIRECTION('',(0.995274772033,-9.709854866926E-02,
    5.541554270498E-17));
#2579 = PCURVE('',#2529,#2580);
#2580 = DEFINITIONAL_REPRESENTATION('',(#2581),#2585);
#2581 = LINE('',#2582,#2583);
#2582 = CARTESIAN_POINT('',(0.401342602907,0.91));
#2583 = VECTOR('',#2584,1.);
#2584 = DIRECTION('',(-1.,-2.771047895932E-34));
#2585 = ( GEOMETRIC_REPRESENTATION_CONTEXT(2) 
PARAMETRIC_REPRESENTATION_CONTEXT() REPRESENTATION_CONTEXT('2D SPACE',''
  ) );
#2586 = PCURVE('',#977,#2587);
#2587 = DEFINITIONAL_REPRESENTATION('',(#2588),#2592);
#2588 = LINE('',#2589,#2590);
#2589 = CARTESIAN_POINT('',(0.886752541627,-1.082368808128));
#2590 = VECTOR('',#2591,1.);
#2591 = DIRECTION('',(0.922817728512,0.385236862129));
#2592 = ( GEOMETRIC_REPRESENTATION_CONTEXT(2) 
PARAMETRIC_REPRESENTATION_CONTEXT() REPRESENTATION_CONTEXT('2D SPACE',''
  ) );
#2593 = ORIENTED_EDGE('',*,*,#2594,.F.);
#2594 = EDGE_CURVE('',#2521,#2572,#2595,.T.);
#2595 = SURFACE_CURVE('',#2596,(#2600,#2607),.PCURVE_S1.);
#2596 = LINE('',#2597,#2598);
#2597 = CARTESIAN_POINT('',(1.275050171002,-0.125430639076,4.2100001));
#2598 = VECTOR('',#2599,1.);
#2599 = DIRECTION('',(5.551115123126E-17,9.84654534872E-19,-1.));
#2600 = PCURVE('',#2529,#2601);
#2601 = DEFINITIONAL_REPRESENTATION('',(#2602),#2606);
#2602 = LINE('',#2603,#2604);
#2603 = CARTESIAN_POINT('',(8.545229751106E-02,2.367924092206E-35));
#2604 = VECTOR('',#2605,1.);
#2605 = DIRECTION('',(2.612579468283E-36,1.));
#2606 = ( GEOMETRIC_REPRESENTATION_CONTEXT(2) 
PARAMETRIC_REPRESENTATION_CONTEXT() REPRESENTATION_CONTEXT('2D SPACE',''
  ) );
#2607 = PCURVE('',#2608,#2613);
#2608 = CYLINDRICAL_SURFACE('',#2609,0.10404056416);
#2609 = AXIS2_PLACEMENT_3D('',#2610,#2611,#2612);
#2610 = CARTESIAN_POINT('',(1.285152358785,-2.188169029935E-02,4.2100001
    ));
#2611 = DIRECTION('',(5.551115123126E-17,9.84654534872E-19,-1.));
#2612 = DIRECTION('',(9.709854866926E-02,0.995274772033,
    1.832723657749E-17));
#2613 = DEFINITIONAL_REPRESENTATION('',(#2614),#2618);
#2614 = LINE('',#2615,#2616);
#2615 = CARTESIAN_POINT('',(3.14159265359,0.));
#2616 = VECTOR('',#2617,1.);
#2617 = DIRECTION('',(0.,1.));
#2618 = ( GEOMETRIC_REPRESENTATION_CONTEXT(2) 
PARAMETRIC_REPRESENTATION_CONTEXT() REPRESENTATION_CONTEXT('2D SPACE',''
  ) );
#2619 = ADVANCED_FACE('',(#2620),#2608,.F.);
#2620 = FACE_BOUND('',#2621,.F.);
#2621 = EDGE_LOOP('',(#2622,#2652,#2678,#2679));
#2622 = ORIENTED_EDGE('',*,*,#2623,.T.);
#2623 = EDGE_CURVE('',#2624,#2626,#2628,.T.);
#2624 = VERTEX_POINT('',#2625);
#2625 = CARTESIAN_POINT('',(1.278357247553,8.193673510787E-02,3.8000001)
  );
#2626 = VERTEX_POINT('',#2627);
#2627 = CARTESIAN_POINT('',(1.278357247553,8.193673510787E-02,3.3000001)
  );
#2628 = SURFACE_CURVE('',#2629,(#2633,#2640),.PCURVE_S1.);
#2629 = LINE('',#2630,#2631);
#2630 = CARTESIAN_POINT('',(1.278357247553,8.193673510787E-02,4.2100001)
  );
#2631 = VECTOR('',#2632,1.);
#2632 = DIRECTION('',(5.551115123126E-17,9.84654534872E-19,-1.));
#2633 = PCURVE('',#2608,#2634);
#2634 = DEFINITIONAL_REPRESENTATION('',(#2635),#2639);
#2635 = LINE('',#2636,#2637);
#2636 = CARTESIAN_POINT('',(6.120574874859,0.));
#2637 = VECTOR('',#2638,1.);
#2638 = DIRECTION('',(0.,1.));
#2639 = ( GEOMETRIC_REPRESENTATION_CONTEXT(2) 
PARAMETRIC_REPRESENTATION_CONTEXT() REPRESENTATION_CONTEXT('2D SPACE',''
  ) );
#2640 = PCURVE('',#2641,#2646);
#2641 = PLANE('',#2642);
#2642 = AXIS2_PLACEMENT_3D('',#2643,#2644,#2645);
#2643 = CARTESIAN_POINT('',(1.278357247553,8.193673510787E-02,4.2100001)
  );
#2644 = DIRECTION('',(-6.531213366047E-02,0.997864883237,
    -5.956341721439E-18));
#2645 = DIRECTION('',(0.997864883237,6.531213366047E-02,
    5.557546111985E-17));
#2646 = DEFINITIONAL_REPRESENTATION('',(#2647),#2651);
#2647 = LINE('',#2648,#2649);
#2648 = CARTESIAN_POINT('',(0.,0.));
#2649 = VECTOR('',#2650,1.);
#2650 = DIRECTION('',(-2.261131720368E-19,1.));
#2651 = ( GEOMETRIC_REPRESENTATION_CONTEXT(2) 
PARAMETRIC_REPRESENTATION_CONTEXT() REPRESENTATION_CONTEXT('2D SPACE',''
  ) );
#2652 = ORIENTED_EDGE('',*,*,#2653,.T.);
#2653 = EDGE_CURVE('',#2626,#2572,#2654,.T.);
#2654 = SURFACE_CURVE('',#2655,(#2660,#2667),.PCURVE_S1.);
#2655 = CIRCLE('',#2656,0.10404056416);
#2656 = AXIS2_PLACEMENT_3D('',#2657,#2658,#2659);
#2657 = CARTESIAN_POINT('',(1.285152358785,-2.188169029935E-02,3.3000001
    ));
#2658 = DIRECTION('',(-1.121820880926E-16,-7.469815216781E-18,1.));
#2659 = DIRECTION('',(9.709854866926E-02,0.995274772033,
    1.832723657749E-17));
#2660 = PCURVE('',#2608,#2661);
#2661 = DEFINITIONAL_REPRESENTATION('',(#2662),#2666);
#2662 = LINE('',#2663,#2664);
#2663 = CARTESIAN_POINT('',(6.28318530718,0.91));
#2664 = VECTOR('',#2665,1.);
#2665 = DIRECTION('',(-1.,0.));
#2666 = ( GEOMETRIC_REPRESENTATION_CONTEXT(2) 
PARAMETRIC_REPRESENTATION_CONTEXT() REPRESENTATION_CONTEXT('2D SPACE',''
  ) );
#2667 = PCURVE('',#977,#2668);
#2668 = DEFINITIONAL_REPRESENTATION('',(#2669),#2677);
#2669 = ( BOUNDED_CURVE() B_SPLINE_CURVE(2,(#2670,#2671,#2672,#2673,
#2674,#2675,#2676),.UNSPECIFIED.,.T.,.F.) B_SPLINE_CURVE_WITH_KNOTS((1,2
    ,2,2,2,1),(-2.094395102393,0.,2.094395102393,4.188790204786,
6.28318530718,8.377580409573),.UNSPECIFIED.) CURVE() 
GEOMETRIC_REPRESENTATION_ITEM() RATIONAL_B_SPLINE_CURVE((1.,0.5,1.,0.5,
1.,0.5,1.)) REPRESENTATION_ITEM('') );
#2670 = CARTESIAN_POINT('',(1.258422236654,-1.152697172282));
#2671 = CARTESIAN_POINT('',(1.092127212273,-1.222118219799));
#2672 = CARTESIAN_POINT('',(1.115154333757,-1.043391980404));
#2673 = CARTESIAN_POINT('',(1.13818145524,-0.864665741009));
#2674 = CARTESIAN_POINT('',(1.281449358137,-0.973970932887));
#2675 = CARTESIAN_POINT('',(1.424717261034,-1.083276124766));
#2676 = CARTESIAN_POINT('',(1.258422236654,-1.152697172282));
#2677 = ( GEOMETRIC_REPRESENTATION_CONTEXT(2) 
PARAMETRIC_REPRESENTATION_CONTEXT() REPRESENTATION_CONTEXT('2D SPACE',''
  ) );
#2678 = ORIENTED_EDGE('',*,*,#2594,.F.);
#2679 = ORIENTED_EDGE('',*,*,#2680,.T.);
#2680 = EDGE_CURVE('',#2521,#2624,#2681,.T.);
#2681 = SURFACE_CURVE('',#2682,(#2687,#2694),.PCURVE_S1.);
#2682 = CIRCLE('',#2683,0.10404056416);
#2683 = AXIS2_PLACEMENT_3D('',#2684,#2685,#2686);
#2684 = CARTESIAN_POINT('',(1.285152358785,-2.188169029935E-02,3.8000001
    ));
#2685 = DIRECTION('',(1.121820880926E-16,7.469815216781E-18,-1.));
#2686 = DIRECTION('',(9.709854866926E-02,0.995274772033,
    1.832723657749E-17));
#2687 = PCURVE('',#2608,#2688);
#2688 = DEFINITIONAL_REPRESENTATION('',(#2689),#2693);
#2689 = LINE('',#2690,#2691);
#2690 = CARTESIAN_POINT('',(0.,0.41));
#2691 = VECTOR('',#2692,1.);
#2692 = DIRECTION('',(1.,0.));
#2693 = ( GEOMETRIC_REPRESENTATION_CONTEXT(2) 
PARAMETRIC_REPRESENTATION_CONTEXT() REPRESENTATION_CONTEXT('2D SPACE',''
  ) );
#2694 = PCURVE('',#880,#2695);
#2695 = DEFINITIONAL_REPRESENTATION('',(#2696),#2704);
#2696 = ( BOUNDED_CURVE() B_SPLINE_CURVE(2,(#2697,#2698,#2699,#2700,
#2701,#2702,#2703),.UNSPECIFIED.,.T.,.F.) B_SPLINE_CURVE_WITH_KNOTS((1,2
    ,2,2,2,1),(-2.094395102393,0.,2.094395102393,4.188790204786,
6.28318530718,8.377580409573),.UNSPECIFIED.) CURVE() 
GEOMETRIC_REPRESENTATION_ITEM() RATIONAL_B_SPLINE_CURVE((1.,0.5,1.,0.5,
1.,0.5,1.)) REPRESENTATION_ITEM('') );
#2697 = CARTESIAN_POINT('',(-1.258422236654,4.985282771794E-02));
#2698 = CARTESIAN_POINT('',(-1.424717261034,0.119273875234));
#2699 = CARTESIAN_POINT('',(-1.281449358137,0.228579067113));
#2700 = CARTESIAN_POINT('',(-1.13818145524,0.337884258991));
#2701 = CARTESIAN_POINT('',(-1.115154333757,0.159158019596));
#2702 = CARTESIAN_POINT('',(-1.092127212273,-1.956821979861E-02));
#2703 = CARTESIAN_POINT('',(-1.258422236654,4.985282771794E-02));
#2704 = ( GEOMETRIC_REPRESENTATION_CONTEXT(2) 
PARAMETRIC_REPRESENTATION_CONTEXT() REPRESENTATION_CONTEXT('2D SPACE',''
  ) );
#2705 = ADVANCED_FACE('',(#2706),#2641,.F.);
#2706 = FACE_BOUND('',#2707,.T.);
#2707 = EDGE_LOOP('',(#2708,#2731,#2732,#2755));
#2708 = ORIENTED_EDGE('',*,*,#2709,.F.);
#2709 = EDGE_CURVE('',#2624,#2710,#2712,.T.);
#2710 = VERTEX_POINT('',#2711);
#2711 = CARTESIAN_POINT('',(1.363627094431,8.751780698451E-02,3.8000001)
  );
#2712 = SURFACE_CURVE('',#2713,(#2717,#2724),.PCURVE_S1.);
#2713 = LINE('',#2714,#2715);
#2714 = CARTESIAN_POINT('',(0.670098808345,4.212507608566E-02,3.8000001)
  );
#2715 = VECTOR('',#2716,1.);
#2716 = DIRECTION('',(0.997864883237,6.531213366047E-02,
    5.557546111985E-17));
#2717 = PCURVE('',#2641,#2718);
#2718 = DEFINITIONAL_REPRESENTATION('',(#2719),#2723);
#2719 = LINE('',#2720,#2721);
#2720 = CARTESIAN_POINT('',(-0.609559920813,0.41));
#2721 = VECTOR('',#2722,1.);
#2722 = DIRECTION('',(1.,1.863910975386E-34));
#2723 = ( GEOMETRIC_REPRESENTATION_CONTEXT(2) 
PARAMETRIC_REPRESENTATION_CONTEXT() REPRESENTATION_CONTEXT('2D SPACE',''
  ) );
#2724 = PCURVE('',#880,#2725);
#2725 = DEFINITIONAL_REPRESENTATION('',(#2726),#2730);
#2726 = LINE('',#2727,#2728);
#2727 = CARTESIAN_POINT('',(-0.649240928573,-9.602868278455E-02));
#2728 = VECTOR('',#2729,1.);
#2729 = DIRECTION('',(-0.973011771276,0.230755483051));
#2730 = ( GEOMETRIC_REPRESENTATION_CONTEXT(2) 
PARAMETRIC_REPRESENTATION_CONTEXT() REPRESENTATION_CONTEXT('2D SPACE',''
  ) );
#2731 = ORIENTED_EDGE('',*,*,#2623,.T.);
#2732 = ORIENTED_EDGE('',*,*,#2733,.F.);
#2733 = EDGE_CURVE('',#2734,#2626,#2736,.T.);
#2734 = VERTEX_POINT('',#2735);
#2735 = CARTESIAN_POINT('',(1.363627094431,8.751780698451E-02,3.3000001)
  );
#2736 = SURFACE_CURVE('',#2737,(#2741,#2748),.PCURVE_S1.);
#2737 = LINE('',#2738,#2739);
#2738 = CARTESIAN_POINT('',(0.808550069297,5.118697155133E-02,3.3000001)
  );
#2739 = VECTOR('',#2740,1.);
#2740 = DIRECTION('',(-0.997864883237,-6.531213366047E-02,
    -5.557546111985E-17));
#2741 = PCURVE('',#2641,#2742);
#2742 = DEFINITIONAL_REPRESENTATION('',(#2743),#2747);
#2743 = LINE('',#2744,#2745);
#2744 = CARTESIAN_POINT('',(-0.470812417741,0.91));
#2745 = VECTOR('',#2746,1.);
#2746 = DIRECTION('',(-1.,-1.863910975386E-34));
#2747 = ( GEOMETRIC_REPRESENTATION_CONTEXT(2) 
PARAMETRIC_REPRESENTATION_CONTEXT() REPRESENTATION_CONTEXT('2D SPACE',''
  ) );
#2748 = PCURVE('',#977,#2749);
#2749 = DEFINITIONAL_REPRESENTATION('',(#2750),#2754);
#2750 = LINE('',#2751,#2752);
#2751 = CARTESIAN_POINT('',(0.784243882297,-1.266561935691));
#2752 = VECTOR('',#2753,1.);
#2753 = DIRECTION('',(-0.973011771276,-0.230755483051));
#2754 = ( GEOMETRIC_REPRESENTATION_CONTEXT(2) 
PARAMETRIC_REPRESENTATION_CONTEXT() REPRESENTATION_CONTEXT('2D SPACE',''
  ) );
#2755 = ORIENTED_EDGE('',*,*,#2756,.F.);
#2756 = EDGE_CURVE('',#2710,#2734,#2757,.T.);
#2757 = SURFACE_CURVE('',#2758,(#2762,#2769),.PCURVE_S1.);
#2758 = LINE('',#2759,#2760);
#2759 = CARTESIAN_POINT('',(1.363627094431,8.751780698451E-02,4.2100001)
  );
#2760 = VECTOR('',#2761,1.);
#2761 = DIRECTION('',(5.551115123126E-17,9.84654534872E-19,-1.));
#2762 = PCURVE('',#2641,#2763);
#2763 = DEFINITIONAL_REPRESENTATION('',(#2764),#2768);
#2764 = LINE('',#2765,#2766);
#2765 = CARTESIAN_POINT('',(8.545229751107E-02,1.318389841742E-16));
#2766 = VECTOR('',#2767,1.);
#2767 = DIRECTION('',(-2.261131720368E-19,1.));
#2768 = ( GEOMETRIC_REPRESENTATION_CONTEXT(2) 
PARAMETRIC_REPRESENTATION_CONTEXT() REPRESENTATION_CONTEXT('2D SPACE',''
  ) );
#2769 = PCURVE('',#2770,#2775);
#2770 = CYLINDRICAL_SURFACE('',#2771,9.35E-02);
#2771 = AXIS2_PLACEMENT_3D('',#2772,#2773,#2774);
#2772 = CARTESIAN_POINT('',(1.357520409933,0.180818173567,4.2100001));
#2773 = DIRECTION('',(5.551115123126E-17,9.84654534872E-19,-1.));
#2774 = DIRECTION('',(0.968665632631,-0.248368460476,1.107777453316E-16)
  );
#2775 = DEFINITIONAL_REPRESENTATION('',(#2776),#2780);
#2776 = LINE('',#2777,#2778);
#2777 = CARTESIAN_POINT('',(1.254442096415,0.));
#2778 = VECTOR('',#2779,1.);
#2779 = DIRECTION('',(0.,1.));
#2780 = ( GEOMETRIC_REPRESENTATION_CONTEXT(2) 
PARAMETRIC_REPRESENTATION_CONTEXT() REPRESENTATION_CONTEXT('2D SPACE',''
  ) );
#2781 = ADVANCED_FACE('',(#2782),#2770,.T.);
#2782 = FACE_BOUND('',#2783,.T.);
#2783 = EDGE_LOOP('',(#2784,#2808,#2809,#2833));
#2784 = ORIENTED_EDGE('',*,*,#2785,.F.);
#2785 = EDGE_CURVE('',#2710,#2786,#2788,.T.);
#2786 = VERTEX_POINT('',#2787);
#2787 = CARTESIAN_POINT('',(1.448090646584,0.157595722513,3.8000001));
#2788 = SURFACE_CURVE('',#2789,(#2794,#2801),.PCURVE_S1.);
#2789 = CIRCLE('',#2790,9.35E-02);
#2790 = AXIS2_PLACEMENT_3D('',#2791,#2792,#2793);
#2791 = CARTESIAN_POINT('',(1.357520409933,0.180818173567,3.8000001));
#2792 = DIRECTION('',(-1.144370984363E-16,-2.960884065003E-19,1.));
#2793 = DIRECTION('',(0.968665632631,-0.248368460476,1.107777453316E-16)
  );
#2794 = PCURVE('',#2770,#2795);
#2795 = DEFINITIONAL_REPRESENTATION('',(#2796),#2800);
#2796 = LINE('',#2797,#2798);
#2797 = CARTESIAN_POINT('',(6.28318530718,0.41));
#2798 = VECTOR('',#2799,1.);
#2799 = DIRECTION('',(-1.,0.));
#2800 = ( GEOMETRIC_REPRESENTATION_CONTEXT(2) 
PARAMETRIC_REPRESENTATION_CONTEXT() REPRESENTATION_CONTEXT('2D SPACE',''
  ) );
#2801 = PCURVE('',#880,#2802);
#2802 = DEFINITIONAL_REPRESENTATION('',(#2803),#2807);
#2803 = CIRCLE('',#2804,9.35E-02);
#2804 = AXIS2_PLACEMENT_2D('',#2805,#2806);
#2805 = CARTESIAN_POINT('',(-1.347071635848,-2.662740323297E-02));
#2806 = DIRECTION('',(-0.852938076979,0.522012104112));
#2807 = ( GEOMETRIC_REPRESENTATION_CONTEXT(2) 
PARAMETRIC_REPRESENTATION_CONTEXT() REPRESENTATION_CONTEXT('2D SPACE',''
  ) );
#2808 = ORIENTED_EDGE('',*,*,#2756,.T.);
#2809 = ORIENTED_EDGE('',*,*,#2810,.F.);
#2810 = EDGE_CURVE('',#2811,#2734,#2813,.T.);
#2811 = VERTEX_POINT('',#2812);
#2812 = CARTESIAN_POINT('',(1.448090646584,0.157595722513,3.3000001));
#2813 = SURFACE_CURVE('',#2814,(#2819,#2826),.PCURVE_S1.);
#2814 = CIRCLE('',#2815,9.35E-02);
#2815 = AXIS2_PLACEMENT_3D('',#2816,#2817,#2818);
#2816 = CARTESIAN_POINT('',(1.357520409933,0.180818173567,3.3000001));
#2817 = DIRECTION('',(1.144370984363E-16,2.960884065003E-19,-1.));
#2818 = DIRECTION('',(0.968665632631,-0.248368460476,1.107777453316E-16)
  );
#2819 = PCURVE('',#2770,#2820);
#2820 = DEFINITIONAL_REPRESENTATION('',(#2821),#2825);
#2821 = LINE('',#2822,#2823);
#2822 = CARTESIAN_POINT('',(0.,0.91));
#2823 = VECTOR('',#2824,1.);
#2824 = DIRECTION('',(1.,0.));
#2825 = ( GEOMETRIC_REPRESENTATION_CONTEXT(2) 
PARAMETRIC_REPRESENTATION_CONTEXT() REPRESENTATION_CONTEXT('2D SPACE',''
  ) );
#2826 = PCURVE('',#977,#2827);
#2827 = DEFINITIONAL_REPRESENTATION('',(#2828),#2832);
#2828 = CIRCLE('',#2829,9.35E-02);
#2829 = AXIS2_PLACEMENT_2D('',#2830,#2831);
#2830 = CARTESIAN_POINT('',(1.347071635848,-1.229177403233));
#2831 = DIRECTION('',(0.852938076979,0.522012104112));
#2832 = ( GEOMETRIC_REPRESENTATION_CONTEXT(2) 
PARAMETRIC_REPRESENTATION_CONTEXT() REPRESENTATION_CONTEXT('2D SPACE',''
  ) );
#2833 = ORIENTED_EDGE('',*,*,#2834,.F.);
#2834 = EDGE_CURVE('',#2786,#2811,#2835,.T.);
#2835 = SURFACE_CURVE('',#2836,(#2840,#2847),.PCURVE_S1.);
#2836 = LINE('',#2837,#2838);
#2837 = CARTESIAN_POINT('',(1.448090646584,0.157595722513,4.2100001));
#2838 = VECTOR('',#2839,1.);
#2839 = DIRECTION('',(5.551115123126E-17,9.84654534872E-19,-1.));
#2840 = PCURVE('',#2770,#2841);
#2841 = DEFINITIONAL_REPRESENTATION('',(#2842),#2846);
#2842 = LINE('',#2843,#2844);
#2843 = CARTESIAN_POINT('',(0.,0.));
#2844 = VECTOR('',#2845,1.);
#2845 = DIRECTION('',(0.,1.));
#2846 = ( GEOMETRIC_REPRESENTATION_CONTEXT(2) 
PARAMETRIC_REPRESENTATION_CONTEXT() REPRESENTATION_CONTEXT('2D SPACE',''
  ) );
#2847 = PCURVE('',#2848,#2853);
#2848 = CYLINDRICAL_SURFACE('',#2849,9.35E-02);
#2849 = AXIS2_PLACEMENT_3D('',#2850,#2851,#2852);
#2850 = CARTESIAN_POINT('',(1.36474722199,0.115215024348,4.2100001));
#2851 = DIRECTION('',(5.551115123126E-17,9.84654534872E-19,-1.));
#2852 = DIRECTION('',(-0.153466751544,0.988153812,-1.290479767568E-17));
#2853 = DEFINITIONAL_REPRESENTATION('',(#2854),#2858);
#2854 = LINE('',#2855,#2856);
#2855 = CARTESIAN_POINT('',(1.254442096415,0.));
#2856 = VECTOR('',#2857,1.);
#2857 = DIRECTION('',(0.,1.));
#2858 = ( GEOMETRIC_REPRESENTATION_CONTEXT(2) 
PARAMETRIC_REPRESENTATION_CONTEXT() REPRESENTATION_CONTEXT('2D SPACE',''
  ) );
#2859 = ADVANCED_FACE('',(#2860),#2454,.T.);
#2860 = FACE_BOUND('',#2861,.T.);
#2861 = EDGE_LOOP('',(#2862,#2884,#2885,#2907));
#2862 = ORIENTED_EDGE('',*,*,#2863,.F.);
#2863 = EDGE_CURVE('',#2392,#2519,#2864,.T.);
#2864 = SURFACE_CURVE('',#2865,(#2870,#2877),.PCURVE_S1.);
#2865 = CIRCLE('',#2866,9.35E-02);
#2866 = AXIS2_PLACEMENT_3D('',#2867,#2868,#2869);
#2867 = CARTESIAN_POINT('',(1.351019972627,-0.22678612433,3.8000001));
#2868 = DIRECTION('',(-5.592260491445E-17,-2.500708363733E-18,1.));
#2869 = DIRECTION('',(9.709854866926E-02,0.995274772033,
    7.918895721634E-18));
#2870 = PCURVE('',#2454,#2871);
#2871 = DEFINITIONAL_REPRESENTATION('',(#2872),#2876);
#2872 = LINE('',#2873,#2874);
#2873 = CARTESIAN_POINT('',(6.28318530718,0.41));
#2874 = VECTOR('',#2875,1.);
#2875 = DIRECTION('',(-1.,0.));
#2876 = ( GEOMETRIC_REPRESENTATION_CONTEXT(2) 
PARAMETRIC_REPRESENTATION_CONTEXT() REPRESENTATION_CONTEXT('2D SPACE',''
  ) );
#2877 = PCURVE('',#880,#2878);
#2878 = DEFINITIONAL_REPRESENTATION('',(#2879),#2883);
#2879 = CIRCLE('',#2880,9.35E-02);
#2880 = AXIS2_PLACEMENT_2D('',#2881,#2882);
#2881 = CARTESIAN_POINT('',(-1.221098964188,0.361076614471));
#2882 = DIRECTION('',(-0.385236862129,-0.922817728512));
#2883 = ( GEOMETRIC_REPRESENTATION_CONTEXT(2) 
PARAMETRIC_REPRESENTATION_CONTEXT() REPRESENTATION_CONTEXT('2D SPACE',''
  ) );
#2884 = ORIENTED_EDGE('',*,*,#2440,.T.);
#2885 = ORIENTED_EDGE('',*,*,#2886,.F.);
#2886 = EDGE_CURVE('',#2549,#2417,#2887,.T.);
#2887 = SURFACE_CURVE('',#2888,(#2893,#2900),.PCURVE_S1.);
#2888 = CIRCLE('',#2889,9.35E-02);
#2889 = AXIS2_PLACEMENT_3D('',#2890,#2891,#2892);
#2890 = CARTESIAN_POINT('',(1.351019972627,-0.22678612433,3.3000001));
#2891 = DIRECTION('',(5.592260491445E-17,2.500708363733E-18,-1.));
#2892 = DIRECTION('',(9.709854866926E-02,0.995274772033,
    7.918895721634E-18));
#2893 = PCURVE('',#2454,#2894);
#2894 = DEFINITIONAL_REPRESENTATION('',(#2895),#2899);
#2895 = LINE('',#2896,#2897);
#2896 = CARTESIAN_POINT('',(0.,0.91));
#2897 = VECTOR('',#2898,1.);
#2898 = DIRECTION('',(1.,0.));
#2899 = ( GEOMETRIC_REPRESENTATION_CONTEXT(2) 
PARAMETRIC_REPRESENTATION_CONTEXT() REPRESENTATION_CONTEXT('2D SPACE',''
  ) );
#2900 = PCURVE('',#977,#2901);
#2901 = DEFINITIONAL_REPRESENTATION('',(#2902),#2906);
#2902 = CIRCLE('',#2903,9.35E-02);
#2903 = AXIS2_PLACEMENT_2D('',#2904,#2905);
#2904 = CARTESIAN_POINT('',(1.221098964188,-0.841473385529));
#2905 = DIRECTION('',(0.385236862129,-0.922817728512));
#2906 = ( GEOMETRIC_REPRESENTATION_CONTEXT(2) 
PARAMETRIC_REPRESENTATION_CONTEXT() REPRESENTATION_CONTEXT('2D SPACE',''
  ) );
#2907 = ORIENTED_EDGE('',*,*,#2548,.F.);
#2908 = ADVANCED_FACE('',(#2909),#2923,.F.);
#2909 = FACE_BOUND('',#2910,.T.);
#2910 = EDGE_LOOP('',(#2911,#2941,#2964,#2987));
#2911 = ORIENTED_EDGE('',*,*,#2912,.F.);
#2912 = EDGE_CURVE('',#2913,#2915,#2917,.T.);
#2913 = VERTEX_POINT('',#2914);
#2914 = CARTESIAN_POINT('',(1.350398080721,0.20760740577,3.8000001));
#2915 = VERTEX_POINT('',#2916);
#2916 = CARTESIAN_POINT('',(1.265958067191,0.194493319259,3.8000001));
#2917 = SURFACE_CURVE('',#2918,(#2922,#2934),.PCURVE_S1.);
#2918 = LINE('',#2919,#2920);
#2919 = CARTESIAN_POINT('',(0.695078492315,0.105831986564,3.8000001));
#2920 = VECTOR('',#2921,1.);
#2921 = DIRECTION('',(-0.988153812,-0.153466751544,-5.566226296412E-17)
  );
#2922 = PCURVE('',#2923,#2928);
#2923 = PLANE('',#2924);
#2924 = AXIS2_PLACEMENT_3D('',#2925,#2926,#2927);
#2925 = CARTESIAN_POINT('',(1.350398080721,0.20760740577,4.2100001));
#2926 = DIRECTION('',(0.153466751544,-0.988153812,1.290479767568E-17));
#2927 = DIRECTION('',(-0.988153812,-0.153466751544,-5.566226296412E-17)
  );
#2928 = DEFINITIONAL_REPRESENTATION('',(#2929),#2933);
#2929 = LINE('',#2930,#2931);
#2930 = CARTESIAN_POINT('',(0.663175692334,0.41));
#2931 = VECTOR('',#2932,1.);
#2932 = DIRECTION('',(1.,-4.379712413725E-34));
#2933 = ( GEOMETRIC_REPRESENTATION_CONTEXT(2) 
PARAMETRIC_REPRESENTATION_CONTEXT() REPRESENTATION_CONTEXT('2D SPACE',''
  ) );
#2934 = PCURVE('',#880,#2935);
#2935 = DEFINITIONAL_REPRESENTATION('',(#2936),#2940);
#2936 = LINE('',#2937,#2938);
#2937 = CARTESIAN_POINT('',(-0.691835959699,-0.149584432965));
#2938 = VECTOR('',#2939,1.);
#2939 = DIRECTION('',(0.989630224403,-0.143638500927));
#2940 = ( GEOMETRIC_REPRESENTATION_CONTEXT(2) 
PARAMETRIC_REPRESENTATION_CONTEXT() REPRESENTATION_CONTEXT('2D SPACE',''
  ) );
#2941 = ORIENTED_EDGE('',*,*,#2942,.T.);
#2942 = EDGE_CURVE('',#2913,#2943,#2945,.T.);
#2943 = VERTEX_POINT('',#2944);
#2944 = CARTESIAN_POINT('',(1.350398080721,0.20760740577,3.3000001));
#2945 = SURFACE_CURVE('',#2946,(#2950,#2957),.PCURVE_S1.);
#2946 = LINE('',#2947,#2948);
#2947 = CARTESIAN_POINT('',(1.350398080721,0.20760740577,4.2100001));
#2948 = VECTOR('',#2949,1.);
#2949 = DIRECTION('',(5.551115123126E-17,9.84654534872E-19,-1.));
#2950 = PCURVE('',#2923,#2951);
#2951 = DEFINITIONAL_REPRESENTATION('',(#2952),#2956);
#2952 = LINE('',#2953,#2954);
#2953 = CARTESIAN_POINT('',(-0.,0.));
#2954 = VECTOR('',#2955,1.);
#2955 = DIRECTION('',(1.052274625445E-18,1.));
#2956 = ( GEOMETRIC_REPRESENTATION_CONTEXT(2) 
PARAMETRIC_REPRESENTATION_CONTEXT() REPRESENTATION_CONTEXT('2D SPACE',''
  ) );
#2957 = PCURVE('',#2848,#2958);
#2958 = DEFINITIONAL_REPRESENTATION('',(#2959),#2963);
#2959 = LINE('',#2960,#2961);
#2960 = CARTESIAN_POINT('',(0.,0.));
#2961 = VECTOR('',#2962,1.);
#2962 = DIRECTION('',(0.,1.));
#2963 = ( GEOMETRIC_REPRESENTATION_CONTEXT(2) 
PARAMETRIC_REPRESENTATION_CONTEXT() REPRESENTATION_CONTEXT('2D SPACE',''
  ) );
#2964 = ORIENTED_EDGE('',*,*,#2965,.F.);
#2965 = EDGE_CURVE('',#2966,#2943,#2968,.T.);
#2966 = VERTEX_POINT('',#2967);
#2967 = CARTESIAN_POINT('',(1.265958067191,0.194493319259,3.3000001));
#2968 = SURFACE_CURVE('',#2969,(#2973,#2980),.PCURVE_S1.);
#2969 = LINE('',#2970,#2971);
#2970 = CARTESIAN_POINT('',(0.780421621249,0.119086332806,3.3000001));
#2971 = VECTOR('',#2972,1.);
#2972 = DIRECTION('',(0.988153812,0.153466751544,5.566226296412E-17));
#2973 = PCURVE('',#2923,#2974);
#2974 = DEFINITIONAL_REPRESENTATION('',(#2975),#2979);
#2975 = LINE('',#2976,#2977);
#2976 = CARTESIAN_POINT('',(0.576809452689,0.91));
#2977 = VECTOR('',#2978,1.);
#2978 = DIRECTION('',(-1.,4.379712413725E-34));
#2979 = ( GEOMETRIC_REPRESENTATION_CONTEXT(2) 
PARAMETRIC_REPRESENTATION_CONTEXT() REPRESENTATION_CONTEXT('2D SPACE',''
  ) );
#2980 = PCURVE('',#977,#2981);
#2981 = DEFINITIONAL_REPRESENTATION('',(#2982),#2986);
#2982 = LINE('',#2983,#2984);
#2983 = CARTESIAN_POINT('',(0.77730660082,-1.339728915771));
#2984 = VECTOR('',#2985,1.);
#2985 = DIRECTION('',(0.989630224403,0.143638500927));
#2986 = ( GEOMETRIC_REPRESENTATION_CONTEXT(2) 
PARAMETRIC_REPRESENTATION_CONTEXT() REPRESENTATION_CONTEXT('2D SPACE',''
  ) );
#2987 = ORIENTED_EDGE('',*,*,#2988,.F.);
#2988 = EDGE_CURVE('',#2915,#2966,#2989,.T.);
#2989 = SURFACE_CURVE('',#2990,(#2994,#3001),.PCURVE_S1.);
#2990 = LINE('',#2991,#2992);
#2991 = CARTESIAN_POINT('',(1.265958067191,0.194493319259,4.2100001));
#2992 = VECTOR('',#2993,1.);
#2993 = DIRECTION('',(5.551115123126E-17,9.84654534872E-19,-1.));
#2994 = PCURVE('',#2923,#2995);
#2995 = DEFINITIONAL_REPRESENTATION('',(#2996),#3000);
#2996 = LINE('',#2997,#2998);
#2997 = CARTESIAN_POINT('',(8.545229751107E-02,4.51028103754E-17));
#2998 = VECTOR('',#2999,1.);
#2999 = DIRECTION('',(1.052274625445E-18,1.));
#3000 = ( GEOMETRIC_REPRESENTATION_CONTEXT(2) 
PARAMETRIC_REPRESENTATION_CONTEXT() REPRESENTATION_CONTEXT('2D SPACE',''
  ) );
#3001 = PCURVE('',#3002,#3007);
#3002 = CYLINDRICAL_SURFACE('',#3003,0.10404056416);
#3003 = AXIS2_PLACEMENT_3D('',#3004,#3005,#3006);
#3004 = CARTESIAN_POINT('',(1.249991299781,0.297301399336,4.2100001));
#3005 = DIRECTION('',(5.551115123126E-17,9.84654534872E-19,-1.));
#3006 = DIRECTION('',(-0.153466751544,0.988153812,9.72990132137E-19));
#3007 = DEFINITIONAL_REPRESENTATION('',(#3008),#3012);
#3008 = LINE('',#3009,#3010);
#3009 = CARTESIAN_POINT('',(3.14159265359,0.));
#3010 = VECTOR('',#3011,1.);
#3011 = DIRECTION('',(0.,1.));
#3012 = ( GEOMETRIC_REPRESENTATION_CONTEXT(2) 
PARAMETRIC_REPRESENTATION_CONTEXT() REPRESENTATION_CONTEXT('2D SPACE',''
  ) );
#3013 = ADVANCED_FACE('',(#3014),#3002,.F.);
#3014 = FACE_BOUND('',#3015,.F.);
#3015 = EDGE_LOOP('',(#3016,#3046,#3072,#3073));
#3016 = ORIENTED_EDGE('',*,*,#3017,.T.);
#3017 = EDGE_CURVE('',#3018,#3020,#3022,.T.);
#3018 = VERTEX_POINT('',#3019);
#3019 = CARTESIAN_POINT('',(1.217591076963,0.396168302555,3.8000001));
#3020 = VERTEX_POINT('',#3021);
#3021 = CARTESIAN_POINT('',(1.217591076963,0.396168302555,3.3000001));
#3022 = SURFACE_CURVE('',#3023,(#3027,#3034),.PCURVE_S1.);
#3023 = LINE('',#3024,#3025);
#3024 = CARTESIAN_POINT('',(1.217591076963,0.396168302555,4.2100001));
#3025 = VECTOR('',#3026,1.);
#3026 = DIRECTION('',(5.551115123126E-17,9.84654534872E-19,-1.));
#3027 = PCURVE('',#3002,#3028);
#3028 = DEFINITIONAL_REPRESENTATION('',(#3029),#3033);
#3029 = LINE('',#3030,#3031);
#3030 = CARTESIAN_POINT('',(6.120574874859,0.));
#3031 = VECTOR('',#3032,1.);
#3032 = DIRECTION('',(0.,1.));
#3033 = ( GEOMETRIC_REPRESENTATION_CONTEXT(2) 
PARAMETRIC_REPRESENTATION_CONTEXT() REPRESENTATION_CONTEXT('2D SPACE',''
  ) );
#3034 = PCURVE('',#3035,#3040);
#3035 = PLANE('',#3036);
#3036 = AXIS2_PLACEMENT_3D('',#3037,#3038,#3039);
#3037 = CARTESIAN_POINT('',(1.217591076963,0.396168302555,4.2100001));
#3038 = DIRECTION('',(-0.311419138099,0.950272655834,-1.294209752788E-17
    ));
#3039 = DIRECTION('',(0.950272655834,0.311419138099,5.581779149783E-17)
  );
#3040 = DEFINITIONAL_REPRESENTATION('',(#3041),#3045);
#3041 = LINE('',#3042,#3043);
#3042 = CARTESIAN_POINT('',(0.,0.));
#3043 = VECTOR('',#3044,1.);
#3044 = DIRECTION('',(8.619204580132E-35,1.));
#3045 = ( GEOMETRIC_REPRESENTATION_CONTEXT(2) 
PARAMETRIC_REPRESENTATION_CONTEXT() REPRESENTATION_CONTEXT('2D SPACE',''
  ) );
#3046 = ORIENTED_EDGE('',*,*,#3047,.T.);
#3047 = EDGE_CURVE('',#3020,#2966,#3048,.T.);
#3048 = SURFACE_CURVE('',#3049,(#3054,#3061),.PCURVE_S1.);
#3049 = CIRCLE('',#3050,0.10404056416);
#3050 = AXIS2_PLACEMENT_3D('',#3051,#3052,#3053);
#3051 = CARTESIAN_POINT('',(1.249991299781,0.297301399336,3.3000001));
#3052 = DIRECTION('',(-1.097071113954E-16,-1.802288664273E-17,1.));
#3053 = DIRECTION('',(-0.153466751544,0.988153812,9.72990132137E-19));
#3054 = PCURVE('',#3002,#3055);
#3055 = DEFINITIONAL_REPRESENTATION('',(#3056),#3060);
#3056 = LINE('',#3057,#3058);
#3057 = CARTESIAN_POINT('',(6.28318530718,0.91));
#3058 = VECTOR('',#3059,1.);
#3059 = DIRECTION('',(-1.,0.));
#3060 = ( GEOMETRIC_REPRESENTATION_CONTEXT(2) 
PARAMETRIC_REPRESENTATION_CONTEXT() REPRESENTATION_CONTEXT('2D SPACE',''
  ) );
#3061 = PCURVE('',#977,#3062);
#3062 = DEFINITIONAL_REPRESENTATION('',(#3063),#3071);
#3063 = ( BOUNDED_CURVE() B_SPLINE_CURVE(2,(#3064,#3065,#3066,#3067,
#3068,#3069,#3070),.UNSPECIFIED.,.T.,.F.) B_SPLINE_CURVE_WITH_KNOTS((1,2
    ,2,2,2,1),(-2.094395102393,0.,2.094395102393,4.188790204786,
6.28318530718,8.377580409573),.UNSPECIFIED.) CURVE() 
GEOMETRIC_REPRESENTATION_ITEM() RATIONAL_B_SPLINE_CURVE((1.,0.5,1.,0.5,
1.,0.5,1.)) REPRESENTATION_ITEM('') );
#3064 = CARTESIAN_POINT('',(1.293456953904,-1.475074484295));
#3065 = CARTESIAN_POINT('',(1.115122081035,-1.500958651098));
#3066 = CARTESIAN_POINT('',(1.181873171462,-1.333574037412));
#3067 = CARTESIAN_POINT('',(1.248624261889,-1.166189423725));
#3068 = CARTESIAN_POINT('',(1.360208044331,-1.307689870608));
#3069 = CARTESIAN_POINT('',(1.471791826772,-1.449190317492));
#3070 = CARTESIAN_POINT('',(1.293456953904,-1.475074484295));
#3071 = ( GEOMETRIC_REPRESENTATION_CONTEXT(2) 
PARAMETRIC_REPRESENTATION_CONTEXT() REPRESENTATION_CONTEXT('2D SPACE',''
  ) );
#3072 = ORIENTED_EDGE('',*,*,#2988,.F.);
#3073 = ORIENTED_EDGE('',*,*,#3074,.T.);
#3074 = EDGE_CURVE('',#2915,#3018,#3075,.T.);
#3075 = SURFACE_CURVE('',#3076,(#3081,#3088),.PCURVE_S1.);
#3076 = CIRCLE('',#3077,0.10404056416);
#3077 = AXIS2_PLACEMENT_3D('',#3078,#3079,#3080);
#3078 = CARTESIAN_POINT('',(1.249991299781,0.297301399336,3.8000001));
#3079 = DIRECTION('',(1.097071113954E-16,1.802288664273E-17,-1.));
#3080 = DIRECTION('',(-0.153466751544,0.988153812,9.72990132137E-19));
#3081 = PCURVE('',#3002,#3082);
#3082 = DEFINITIONAL_REPRESENTATION('',(#3083),#3087);
#3083 = LINE('',#3084,#3085);
#3084 = CARTESIAN_POINT('',(2.22044604925E-15,0.41));
#3085 = VECTOR('',#3086,1.);
#3086 = DIRECTION('',(1.,0.));
#3087 = ( GEOMETRIC_REPRESENTATION_CONTEXT(2) 
PARAMETRIC_REPRESENTATION_CONTEXT() REPRESENTATION_CONTEXT('2D SPACE',''
  ) );
#3088 = PCURVE('',#880,#3089);
#3089 = DEFINITIONAL_REPRESENTATION('',(#3090),#3098);
#3090 = ( BOUNDED_CURVE() B_SPLINE_CURVE(2,(#3091,#3092,#3093,#3094,
#3095,#3096,#3097),.UNSPECIFIED.,.T.,.F.) B_SPLINE_CURVE_WITH_KNOTS((1,2
    ,2,2,2,1),(-2.094395102393,0.,2.094395102393,4.188790204786,
6.28318530718,8.377580409573),.UNSPECIFIED.) CURVE() 
GEOMETRIC_REPRESENTATION_ITEM() RATIONAL_B_SPLINE_CURVE((1.,0.5,1.,0.5,
1.,0.5,1.)) REPRESENTATION_ITEM('') );
#3091 = CARTESIAN_POINT('',(-1.293456953904,-0.272524484295));
#3092 = CARTESIAN_POINT('',(-1.471791826772,-0.246640317492));
#3093 = CARTESIAN_POINT('',(-1.360208044331,-0.105139870608));
#3094 = CARTESIAN_POINT('',(-1.248624261889,3.636057627469E-02));
#3095 = CARTESIAN_POINT('',(-1.181873171462,-0.131024037412));
#3096 = CARTESIAN_POINT('',(-1.115122081035,-0.298408651098));
#3097 = CARTESIAN_POINT('',(-1.293456953904,-0.272524484295));
#3098 = ( GEOMETRIC_REPRESENTATION_CONTEXT(2) 
PARAMETRIC_REPRESENTATION_CONTEXT() REPRESENTATION_CONTEXT('2D SPACE',''
  ) );
#3099 = ADVANCED_FACE('',(#3100),#3035,.F.);
#3100 = FACE_BOUND('',#3101,.T.);
#3101 = EDGE_LOOP('',(#3102,#3125,#3126,#3149));
#3102 = ORIENTED_EDGE('',*,*,#3103,.F.);
#3103 = EDGE_CURVE('',#3018,#3104,#3106,.T.);
#3104 = VERTEX_POINT('',#3105);
#3105 = CARTESIAN_POINT('',(1.298794058666,0.422779783394,3.8000001));
#3106 = SURFACE_CURVE('',#3107,(#3111,#3118),.PCURVE_S1.);
#3107 = LINE('',#3108,#3109);
#3108 = CARTESIAN_POINT('',(0.608738657237,0.19663788924,3.8000001));
#3109 = VECTOR('',#3110,1.);
#3110 = DIRECTION('',(0.950272655834,0.311419138099,1.113289427291E-16)
  );
#3111 = PCURVE('',#3035,#3112);
#3112 = DEFINITIONAL_REPRESENTATION('',(#3113),#3117);
#3113 = LINE('',#3114,#3115);
#3114 = CARTESIAN_POINT('',(-0.640713395243,0.41));
#3115 = VECTOR('',#3116,1.);
#3116 = DIRECTION('',(1.,-5.551115123126E-17));
#3117 = ( GEOMETRIC_REPRESENTATION_CONTEXT(2) 
PARAMETRIC_REPRESENTATION_CONTEXT() REPRESENTATION_CONTEXT('2D SPACE',''
  ) );
#3118 = PCURVE('',#880,#3119);
#3119 = DEFINITIONAL_REPRESENTATION('',(#3120),#3124);
#3120 = LINE('',#3121,#3122);
#3121 = CARTESIAN_POINT('',(-0.635986781653,-0.261750151406));
#3122 = VECTOR('',#3123,1.);
#3123 = DIRECTION('',(-0.999829372281,-1.847231238719E-02));
#3124 = ( GEOMETRIC_REPRESENTATION_CONTEXT(2) 
PARAMETRIC_REPRESENTATION_CONTEXT() REPRESENTATION_CONTEXT('2D SPACE',''
  ) );
#3125 = ORIENTED_EDGE('',*,*,#3017,.T.);
#3126 = ORIENTED_EDGE('',*,*,#3127,.F.);
#3127 = EDGE_CURVE('',#3128,#3020,#3130,.T.);
#3128 = VERTEX_POINT('',#3129);
#3129 = CARTESIAN_POINT('',(1.298794058666,0.422779783394,3.3000001));
#3130 = SURFACE_CURVE('',#3131,(#3135,#3142),.PCURVE_S1.);
#3131 = LINE('',#3132,#3133);
#3132 = CARTESIAN_POINT('',(0.598184036216,0.193178975673,3.3000001));
#3133 = VECTOR('',#3134,1.);
#3134 = DIRECTION('',(-0.950272655834,-0.311419138099,
    -1.113289427291E-16));
#3135 = PCURVE('',#3035,#3136);
#3136 = DEFINITIONAL_REPRESENTATION('',(#3137),#3141);
#3137 = LINE('',#3138,#3139);
#3138 = CARTESIAN_POINT('',(-0.651820334873,0.91));
#3139 = VECTOR('',#3140,1.);
#3140 = DIRECTION('',(-1.,5.551115123126E-17));
#3141 = ( GEOMETRIC_REPRESENTATION_CONTEXT(2) 
PARAMETRIC_REPRESENTATION_CONTEXT() REPRESENTATION_CONTEXT('2D SPACE',''
  ) );
#3142 = PCURVE('',#977,#3143);
#3143 = DEFINITIONAL_REPRESENTATION('',(#3144),#3148);
#3144 = LINE('',#3145,#3146);
#3145 = CARTESIAN_POINT('',(0.624881737174,-1.464094980548));
#3146 = VECTOR('',#3147,1.);
#3147 = DIRECTION('',(-0.999829372281,1.847231238719E-02));
#3148 = ( GEOMETRIC_REPRESENTATION_CONTEXT(2) 
PARAMETRIC_REPRESENTATION_CONTEXT() REPRESENTATION_CONTEXT('2D SPACE',''
  ) );
#3149 = ORIENTED_EDGE('',*,*,#3150,.F.);
#3150 = EDGE_CURVE('',#3104,#3128,#3151,.T.);
#3151 = SURFACE_CURVE('',#3152,(#3156,#3163),.PCURVE_S1.);
#3152 = LINE('',#3153,#3154);
#3153 = CARTESIAN_POINT('',(1.298794058666,0.422779783394,4.2100001));
#3154 = VECTOR('',#3155,1.);
#3155 = DIRECTION('',(5.551115123126E-17,9.84654534872E-19,-1.));
#3156 = PCURVE('',#3035,#3157);
#3157 = DEFINITIONAL_REPRESENTATION('',(#3158),#3162);
#3158 = LINE('',#3159,#3160);
#3159 = CARTESIAN_POINT('',(8.545229751107E-02,-1.977584762614E-16));
#3160 = VECTOR('',#3161,1.);
#3161 = DIRECTION('',(8.619204580132E-35,1.));
#3162 = ( GEOMETRIC_REPRESENTATION_CONTEXT(2) 
PARAMETRIC_REPRESENTATION_CONTEXT() REPRESENTATION_CONTEXT('2D SPACE',''
  ) );
#3163 = PCURVE('',#3164,#3169);
#3164 = CYLINDRICAL_SURFACE('',#3165,9.35E-02);
#3165 = AXIS2_PLACEMENT_3D('',#3166,#3167,#3168);
#3166 = CARTESIAN_POINT('',(1.269676369254,0.511630276715,4.2100001));
#3167 = DIRECTION('',(5.551115123126E-17,9.84654534872E-19,-1.));
#3168 = DIRECTION('',(0.999999944942,3.318383069238E-04,
    3.267460937569E-22));
#3169 = DEFINITIONAL_REPRESENTATION('',(#3170),#3174);
#3170 = LINE('',#3171,#3172);
#3171 = CARTESIAN_POINT('',(1.254442096415,0.));
#3172 = VECTOR('',#3173,1.);
#3173 = DIRECTION('',(0.,1.));
#3174 = ( GEOMETRIC_REPRESENTATION_CONTEXT(2) 
PARAMETRIC_REPRESENTATION_CONTEXT() REPRESENTATION_CONTEXT('2D SPACE',''
  ) );
#3175 = ADVANCED_FACE('',(#3176),#3164,.T.);
#3176 = FACE_BOUND('',#3177,.T.);
#3177 = EDGE_LOOP('',(#3178,#3202,#3203,#3227));
#3178 = ORIENTED_EDGE('',*,*,#3179,.F.);
#3179 = EDGE_CURVE('',#3104,#3180,#3182,.T.);
#3180 = VERTEX_POINT('',#3181);
#3181 = CARTESIAN_POINT('',(1.363176364106,0.511661303596,3.8000001));
#3182 = SURFACE_CURVE('',#3183,(#3188,#3195),.PCURVE_S1.);
#3183 = CIRCLE('',#3184,9.35E-02);
#3184 = AXIS2_PLACEMENT_3D('',#3185,#3186,#3187);
#3185 = CARTESIAN_POINT('',(1.269676369254,0.511630276715,3.8000001));
#3186 = DIRECTION('',(-2.639884379948E-21,6.970678467733E-18,1.));
#3187 = DIRECTION('',(0.999999944942,3.318383069238E-04,
    3.267460937569E-22));
#3188 = PCURVE('',#3164,#3189);
#3189 = DEFINITIONAL_REPRESENTATION('',(#3190),#3194);
#3190 = LINE('',#3191,#3192);
#3191 = CARTESIAN_POINT('',(6.28318530718,0.41));
#3192 = VECTOR('',#3193,1.);
#3193 = DIRECTION('',(-1.,0.));
#3194 = ( GEOMETRIC_REPRESENTATION_CONTEXT(2) 
PARAMETRIC_REPRESENTATION_CONTEXT() REPRESENTATION_CONTEXT('2D SPACE',''
  ) );
#3195 = PCURVE('',#880,#3196);
#3196 = DEFINITIONAL_REPRESENTATION('',(#3197),#3201);
#3197 = CIRCLE('',#3198,9.35E-02);
#3198 = AXIS2_PLACEMENT_2D('',#3199,#3200);
#3199 = CARTESIAN_POINT('',(-1.360301409202,-0.368648157236));
#3200 = DIRECTION('',(-0.955960590118,0.293495059826));
#3201 = ( GEOMETRIC_REPRESENTATION_CONTEXT(2) 
PARAMETRIC_REPRESENTATION_CONTEXT() REPRESENTATION_CONTEXT('2D SPACE',''
  ) );
#3202 = ORIENTED_EDGE('',*,*,#3150,.T.);
#3203 = ORIENTED_EDGE('',*,*,#3204,.F.);
#3204 = EDGE_CURVE('',#3205,#3128,#3207,.T.);
#3205 = VERTEX_POINT('',#3206);
#3206 = CARTESIAN_POINT('',(1.363176364106,0.511661303596,3.3000001));
#3207 = SURFACE_CURVE('',#3208,(#3213,#3220),.PCURVE_S1.);
#3208 = CIRCLE('',#3209,9.35E-02);
#3209 = AXIS2_PLACEMENT_3D('',#3210,#3211,#3212);
#3210 = CARTESIAN_POINT('',(1.269676369254,0.511630276715,3.3000001));
#3211 = DIRECTION('',(2.639884379948E-21,-6.970678467733E-18,-1.));
#3212 = DIRECTION('',(0.999999944942,3.318383069238E-04,
    3.267460937569E-22));
#3213 = PCURVE('',#3164,#3214);
#3214 = DEFINITIONAL_REPRESENTATION('',(#3215),#3219);
#3215 = LINE('',#3216,#3217);
#3216 = CARTESIAN_POINT('',(0.,0.91));
#3217 = VECTOR('',#3218,1.);
#3218 = DIRECTION('',(1.,0.));
#3219 = ( GEOMETRIC_REPRESENTATION_CONTEXT(2) 
PARAMETRIC_REPRESENTATION_CONTEXT() REPRESENTATION_CONTEXT('2D SPACE',''
  ) );
#3220 = PCURVE('',#977,#3221);
#3221 = DEFINITIONAL_REPRESENTATION('',(#3222),#3226);
#3222 = CIRCLE('',#3223,9.35E-02);
#3223 = AXIS2_PLACEMENT_2D('',#3224,#3225);
#3224 = CARTESIAN_POINT('',(1.360301409202,-1.571198157236));
#3225 = DIRECTION('',(0.955960590118,0.293495059826));
#3226 = ( GEOMETRIC_REPRESENTATION_CONTEXT(2) 
PARAMETRIC_REPRESENTATION_CONTEXT() REPRESENTATION_CONTEXT('2D SPACE',''
  ) );
#3227 = ORIENTED_EDGE('',*,*,#3228,.F.);
#3228 = EDGE_CURVE('',#3180,#3205,#3229,.T.);
#3229 = SURFACE_CURVE('',#3230,(#3234,#3241),.PCURVE_S1.);
#3230 = LINE('',#3231,#3232);
#3231 = CARTESIAN_POINT('',(1.363176364106,0.511661303596,4.2100001));
#3232 = VECTOR('',#3233,1.);
#3233 = DIRECTION('',(5.551115123126E-17,9.84654534872E-19,-1.));
#3234 = PCURVE('',#3164,#3235);
#3235 = DEFINITIONAL_REPRESENTATION('',(#3236),#3240);
#3236 = LINE('',#3237,#3238);
#3237 = CARTESIAN_POINT('',(0.,0.));
#3238 = VECTOR('',#3239,1.);
#3239 = DIRECTION('',(0.,1.));
#3240 = ( GEOMETRIC_REPRESENTATION_CONTEXT(2) 
PARAMETRIC_REPRESENTATION_CONTEXT() REPRESENTATION_CONTEXT('2D SPACE',''
  ) );
#3241 = PCURVE('',#3242,#3247);
#3242 = CYLINDRICAL_SURFACE('',#3243,9.35E-02);
#3243 = AXIS2_PLACEMENT_3D('',#3244,#3245,#3246);
#3244 = CARTESIAN_POINT('',(1.292990977498,0.449885406139,4.2100001));
#3245 = DIRECTION('',(5.551115123126E-17,9.84654534872E-19,-1.));
#3246 = DIRECTION('',(-0.394389171346,0.918943513783,-2.685073371749E-17
    ));
#3247 = DEFINITIONAL_REPRESENTATION('',(#3248),#3252);
#3248 = LINE('',#3249,#3250);
#3249 = CARTESIAN_POINT('',(1.254442096415,0.));
#3250 = VECTOR('',#3251,1.);
#3251 = DIRECTION('',(0.,1.));
#3252 = ( GEOMETRIC_REPRESENTATION_CONTEXT(2) 
PARAMETRIC_REPRESENTATION_CONTEXT() REPRESENTATION_CONTEXT('2D SPACE',''
  ) );
#3253 = ADVANCED_FACE('',(#3254),#2848,.T.);
#3254 = FACE_BOUND('',#3255,.T.);
#3255 = EDGE_LOOP('',(#3256,#3278,#3279,#3301));
#3256 = ORIENTED_EDGE('',*,*,#3257,.F.);
#3257 = EDGE_CURVE('',#2786,#2913,#3258,.T.);
#3258 = SURFACE_CURVE('',#3259,(#3264,#3271),.PCURVE_S1.);
#3259 = CIRCLE('',#3260,9.35E-02);
#3260 = AXIS2_PLACEMENT_3D('',#3261,#3262,#3263);
#3261 = CARTESIAN_POINT('',(1.36474722199,0.115215024348,3.8000001));
#3262 = DIRECTION('',(-5.698333471117E-17,4.209618335623E-18,1.));
#3263 = DIRECTION('',(-0.153466751544,0.988153812,-1.290479767568E-17));
#3264 = PCURVE('',#2848,#3265);
#3265 = DEFINITIONAL_REPRESENTATION('',(#3266),#3270);
#3266 = LINE('',#3267,#3268);
#3267 = CARTESIAN_POINT('',(6.28318530718,0.41));
#3268 = VECTOR('',#3269,1.);
#3269 = DIRECTION('',(-1.,0.));
#3270 = ( GEOMETRIC_REPRESENTATION_CONTEXT(2) 
PARAMETRIC_REPRESENTATION_CONTEXT() REPRESENTATION_CONTEXT('2D SPACE',''
  ) );
#3271 = PCURVE('',#880,#3272);
#3272 = DEFINITIONAL_REPRESENTATION('',(#3273),#3277);
#3273 = CIRCLE('',#3274,9.35E-02);
#3274 = AXIS2_PLACEMENT_2D('',#3275,#3276);
#3275 = CARTESIAN_POINT('',(-1.334704469086,3.820355531513E-02));
#3276 = DIRECTION('',(-0.143638500927,-0.989630224403));
#3277 = ( GEOMETRIC_REPRESENTATION_CONTEXT(2) 
PARAMETRIC_REPRESENTATION_CONTEXT() REPRESENTATION_CONTEXT('2D SPACE',''
  ) );
#3278 = ORIENTED_EDGE('',*,*,#2834,.T.);
#3279 = ORIENTED_EDGE('',*,*,#3280,.F.);
#3280 = EDGE_CURVE('',#2943,#2811,#3281,.T.);
#3281 = SURFACE_CURVE('',#3282,(#3287,#3294),.PCURVE_S1.);
#3282 = CIRCLE('',#3283,9.35E-02);
#3283 = AXIS2_PLACEMENT_3D('',#3284,#3285,#3286);
#3284 = CARTESIAN_POINT('',(1.36474722199,0.115215024348,3.3000001));
#3285 = DIRECTION('',(5.698333471117E-17,-4.209618335623E-18,-1.));
#3286 = DIRECTION('',(-0.153466751544,0.988153812,-1.290479767568E-17));
#3287 = PCURVE('',#2848,#3288);
#3288 = DEFINITIONAL_REPRESENTATION('',(#3289),#3293);
#3289 = LINE('',#3290,#3291);
#3290 = CARTESIAN_POINT('',(0.,0.91));
#3291 = VECTOR('',#3292,1.);
#3292 = DIRECTION('',(1.,0.));
#3293 = ( GEOMETRIC_REPRESENTATION_CONTEXT(2) 
PARAMETRIC_REPRESENTATION_CONTEXT() REPRESENTATION_CONTEXT('2D SPACE',''
  ) );
#3294 = PCURVE('',#977,#3295);
#3295 = DEFINITIONAL_REPRESENTATION('',(#3296),#3300);
#3296 = CIRCLE('',#3297,9.35E-02);
#3297 = AXIS2_PLACEMENT_2D('',#3298,#3299);
#3298 = CARTESIAN_POINT('',(1.334704469086,-1.164346444685));
#3299 = DIRECTION('',(0.143638500927,-0.989630224403));
#3300 = ( GEOMETRIC_REPRESENTATION_CONTEXT(2) 
PARAMETRIC_REPRESENTATION_CONTEXT() REPRESENTATION_CONTEXT('2D SPACE',''
  ) );
#3301 = ORIENTED_EDGE('',*,*,#2942,.F.);
#3302 = ADVANCED_FACE('',(#3303),#3317,.F.);
#3303 = FACE_BOUND('',#3304,.T.);
#3304 = EDGE_LOOP('',(#3305,#3335,#3358,#3381));
#3305 = ORIENTED_EDGE('',*,*,#3306,.F.);
#3306 = EDGE_CURVE('',#3307,#3309,#3311,.T.);
#3307 = VERTEX_POINT('',#3308);
#3308 = CARTESIAN_POINT('',(1.256115589977,0.535806624678,3.8000001));
#3309 = VERTEX_POINT('',#3310);
#3310 = CARTESIAN_POINT('',(1.177589755441,0.502105163872,3.8000001));
#3311 = SURFACE_CURVE('',#3312,(#3316,#3328),.PCURVE_S1.);
#3312 = LINE('',#3313,#3314);
#3313 = CARTESIAN_POINT('',(0.617905961472,0.261901903924,3.8000001));
#3314 = VECTOR('',#3315,1.);
#3315 = DIRECTION('',(-0.918943513783,-0.394389171346,
    -3.883370860707E-19));
#3316 = PCURVE('',#3317,#3322);
#3317 = PLANE('',#3318);
#3318 = AXIS2_PLACEMENT_3D('',#3319,#3320,#3321);
#3319 = CARTESIAN_POINT('',(1.256115589977,0.535806624678,4.2100001));
#3320 = DIRECTION('',(0.394389171346,-0.918943513783,2.685073371749E-17)
  );
#3321 = DIRECTION('',(-0.918943513783,-0.394389171346,
    -3.883370860707E-19));
#3322 = DEFINITIONAL_REPRESENTATION('',(#3323),#3327);
#3323 = LINE('',#3324,#3325);
#3324 = CARTESIAN_POINT('',(0.694503654394,0.41));
#3325 = VECTOR('',#3326,1.);
#3326 = DIRECTION('',(1.,-1.125527928497E-33));
#3327 = ( GEOMETRIC_REPRESENTATION_CONTEXT(2) 
PARAMETRIC_REPRESENTATION_CONTEXT() REPRESENTATION_CONTEXT('2D SPACE',''
  ) );
#3328 = PCURVE('',#880,#3329);
#3329 = DEFINITIONAL_REPRESENTATION('',(#3330),#3334);
#3330 = LINE('',#3331,#3332);
#3331 = CARTESIAN_POINT('',(-0.66392483808,-0.321440151261));
#3332 = VECTOR('',#3333,1.);
#3333 = DIRECTION('',(0.994260613689,0.106985195554));
#3334 = ( GEOMETRIC_REPRESENTATION_CONTEXT(2) 
PARAMETRIC_REPRESENTATION_CONTEXT() REPRESENTATION_CONTEXT('2D SPACE',''
  ) );
#3335 = ORIENTED_EDGE('',*,*,#3336,.T.);
#3336 = EDGE_CURVE('',#3307,#3337,#3339,.T.);
#3337 = VERTEX_POINT('',#3338);
#3338 = CARTESIAN_POINT('',(1.256115589977,0.535806624678,3.3000001));
#3339 = SURFACE_CURVE('',#3340,(#3344,#3351),.PCURVE_S1.);
#3340 = LINE('',#3341,#3342);
#3341 = CARTESIAN_POINT('',(1.256115589977,0.535806624678,4.2100001));
#3342 = VECTOR('',#3343,1.);
#3343 = DIRECTION('',(5.551115123126E-17,9.84654534872E-19,-1.));
#3344 = PCURVE('',#3317,#3345);
#3345 = DEFINITIONAL_REPRESENTATION('',(#3346),#3350);
#3346 = LINE('',#3347,#3348);
#3347 = CARTESIAN_POINT('',(-0.,0.));
#3348 = VECTOR('',#3349,1.);
#3349 = DIRECTION('',(-1.750677862712E-34,1.));
#3350 = ( GEOMETRIC_REPRESENTATION_CONTEXT(2) 
PARAMETRIC_REPRESENTATION_CONTEXT() REPRESENTATION_CONTEXT('2D SPACE',''
  ) );
#3351 = PCURVE('',#3242,#3352);
#3352 = DEFINITIONAL_REPRESENTATION('',(#3353),#3357);
#3353 = LINE('',#3354,#3355);
#3354 = CARTESIAN_POINT('',(0.,0.));
#3355 = VECTOR('',#3356,1.);
#3356 = DIRECTION('',(0.,1.));
#3357 = ( GEOMETRIC_REPRESENTATION_CONTEXT(2) 
PARAMETRIC_REPRESENTATION_CONTEXT() REPRESENTATION_CONTEXT('2D SPACE',''
  ) );
#3358 = ORIENTED_EDGE('',*,*,#3359,.F.);
#3359 = EDGE_CURVE('',#3360,#3337,#3362,.T.);
#3360 = VERTEX_POINT('',#3361);
#3361 = CARTESIAN_POINT('',(1.177589755441,0.502105163872,3.3000001));
#3362 = SURFACE_CURVE('',#3363,(#3367,#3374),.PCURVE_S1.);
#3363 = LINE('',#3364,#3365);
#3364 = CARTESIAN_POINT('',(0.558792601034,0.236531825253,3.3000001));
#3365 = VECTOR('',#3366,1.);
#3366 = DIRECTION('',(0.918943513783,0.394389171346,3.883370860707E-19)
  );
#3367 = PCURVE('',#3317,#3368);
#3368 = DEFINITIONAL_REPRESENTATION('',(#3369),#3373);
#3369 = LINE('',#3370,#3371);
#3370 = CARTESIAN_POINT('',(0.758831177851,0.91));
#3371 = VECTOR('',#3372,1.);
#3372 = DIRECTION('',(-1.,1.125527928497E-33));
#3373 = ( GEOMETRIC_REPRESENTATION_CONTEXT(2) 
PARAMETRIC_REPRESENTATION_CONTEXT() REPRESENTATION_CONTEXT('2D SPACE',''
  ) );
#3374 = PCURVE('',#977,#3375);
#3375 = DEFINITIONAL_REPRESENTATION('',(#3376),#3380);
#3376 = LINE('',#3377,#3378);
#3377 = CARTESIAN_POINT('',(0.599966515131,-1.517108058585));
#3378 = VECTOR('',#3379,1.);
#3379 = DIRECTION('',(0.994260613689,-0.106985195554));
#3380 = ( GEOMETRIC_REPRESENTATION_CONTEXT(2) 
PARAMETRIC_REPRESENTATION_CONTEXT() REPRESENTATION_CONTEXT('2D SPACE',''
  ) );
#3381 = ORIENTED_EDGE('',*,*,#3382,.F.);
#3382 = EDGE_CURVE('',#3309,#3360,#3383,.T.);
#3383 = SURFACE_CURVE('',#3384,(#3388,#3395),.PCURVE_S1.);
#3384 = LINE('',#3385,#3386);
#3385 = CARTESIAN_POINT('',(1.177589755441,0.502105163872,4.2100001));
#3386 = VECTOR('',#3387,1.);
#3387 = DIRECTION('',(5.551115123126E-17,9.84654534872E-19,-1.));
#3388 = PCURVE('',#3317,#3389);
#3389 = DEFINITIONAL_REPRESENTATION('',(#3390),#3394);
#3390 = LINE('',#3391,#3392);
#3391 = CARTESIAN_POINT('',(8.545229751108E-02,-3.469446951954E-17));
#3392 = VECTOR('',#3393,1.);
#3393 = DIRECTION('',(-1.750677862712E-34,1.));
#3394 = ( GEOMETRIC_REPRESENTATION_CONTEXT(2) 
PARAMETRIC_REPRESENTATION_CONTEXT() REPRESENTATION_CONTEXT('2D SPACE',''
  ) );
#3395 = PCURVE('',#3396,#3401);
#3396 = CYLINDRICAL_SURFACE('',#3397,0.10404056416);
#3397 = AXIS2_PLACEMENT_3D('',#3398,#3399,#3400);
#3398 = CARTESIAN_POINT('',(1.136557283556,0.597712565478,4.2100001));
#3399 = DIRECTION('',(5.551115123126E-17,9.84654534872E-19,-1.));
#3400 = DIRECTION('',(-0.394389171346,0.918943513783,-2.685073371749E-17
    ));
#3401 = DEFINITIONAL_REPRESENTATION('',(#3402),#3406);
#3402 = LINE('',#3403,#3404);
#3403 = CARTESIAN_POINT('',(3.14159265359,0.));
#3404 = VECTOR('',#3405,1.);
#3405 = DIRECTION('',(0.,1.));
#3406 = ( GEOMETRIC_REPRESENTATION_CONTEXT(2) 
PARAMETRIC_REPRESENTATION_CONTEXT() REPRESENTATION_CONTEXT('2D SPACE',''
  ) );
#3407 = ADVANCED_FACE('',(#3408),#3396,.F.);
#3408 = FACE_BOUND('',#3409,.F.);
#3409 = EDGE_LOOP('',(#3410,#3440,#3466,#3467));
#3410 = ORIENTED_EDGE('',*,*,#3411,.T.);
#3411 = EDGE_CURVE('',#3412,#3414,#3416,.T.);
#3412 = VERTEX_POINT('',#3413);
#3413 = CARTESIAN_POINT('',(1.080587774312,0.685415775371,3.8000001));
#3414 = VERTEX_POINT('',#3415);
#3415 = CARTESIAN_POINT('',(1.080587774312,0.685415775371,3.3000001));
#3416 = SURFACE_CURVE('',#3417,(#3421,#3428),.PCURVE_S1.);
#3417 = LINE('',#3418,#3419);
#3418 = CARTESIAN_POINT('',(1.080587774312,0.685415775371,4.2100001));
#3419 = VECTOR('',#3420,1.);
#3420 = DIRECTION('',(5.551115123126E-17,9.84654534872E-19,-1.));
#3421 = PCURVE('',#3396,#3422);
#3422 = DEFINITIONAL_REPRESENTATION('',(#3423),#3427);
#3423 = LINE('',#3424,#3425);
#3424 = CARTESIAN_POINT('',(6.120574874859,0.));
#3425 = VECTOR('',#3426,1.);
#3426 = DIRECTION('',(0.,1.));
#3427 = ( GEOMETRIC_REPRESENTATION_CONTEXT(2) 
PARAMETRIC_REPRESENTATION_CONTEXT() REPRESENTATION_CONTEXT('2D SPACE',''
  ) );
#3428 = PCURVE('',#3429,#3434);
#3429 = PLANE('',#3430);
#3430 = AXIS2_PLACEMENT_3D('',#3431,#3432,#3433);
#3431 = CARTESIAN_POINT('',(1.080587774312,0.685415775371,4.2100001));
#3432 = DIRECTION('',(-0.537958532771,0.842971302607,-2.692554009975E-17
    ));
#3433 = DIRECTION('',(0.842971302607,0.537958532771,5.604085454012E-17)
  );
#3434 = DEFINITIONAL_REPRESENTATION('',(#3435),#3439);
#3435 = LINE('',#3436,#3437);
#3436 = CARTESIAN_POINT('',(0.,0.));
#3437 = VECTOR('',#3438,1.);
#3438 = DIRECTION('',(4.443014136641E-34,1.));
#3439 = ( GEOMETRIC_REPRESENTATION_CONTEXT(2) 
PARAMETRIC_REPRESENTATION_CONTEXT() REPRESENTATION_CONTEXT('2D SPACE',''
  ) );
#3440 = ORIENTED_EDGE('',*,*,#3441,.T.);
#3441 = EDGE_CURVE('',#3414,#3360,#3442,.T.);
#3442 = SURFACE_CURVE('',#3443,(#3448,#3455),.PCURVE_S1.);
#3443 = CIRCLE('',#3444,0.10404056416);
#3444 = AXIS2_PLACEMENT_3D('',#3445,#3446,#3447);
#3445 = CARTESIAN_POINT('',(1.136557283556,0.597712565478,3.3000001));
#3446 = DIRECTION('',(-1.129697232005E-16,-1.926484222073E-17,1.));
#3447 = DIRECTION('',(-0.394389171346,0.918943513783,-2.685073371749E-17
    ));
#3448 = PCURVE('',#3396,#3449);
#3449 = DEFINITIONAL_REPRESENTATION('',(#3450),#3454);
#3450 = LINE('',#3451,#3452);
#3451 = CARTESIAN_POINT('',(6.28318530718,0.91));
#3452 = VECTOR('',#3453,1.);
#3453 = DIRECTION('',(-1.,0.));
#3454 = ( GEOMETRIC_REPRESENTATION_CONTEXT(2) 
PARAMETRIC_REPRESENTATION_CONTEXT() REPRESENTATION_CONTEXT('2D SPACE',''
  ) );
#3455 = PCURVE('',#977,#3456);
#3456 = DEFINITIONAL_REPRESENTATION('',(#3457),#3465);
#3457 = ( BOUNDED_CURVE() B_SPLINE_CURVE(2,(#3458,#3459,#3460,#3461,
#3462,#3463,#3464),.UNSPECIFIED.,.T.,.F.) B_SPLINE_CURVE_WITH_KNOTS((1,2
    ,2,2,2,1),(-2.094395102393,0.,2.094395102393,4.188790204786,
6.28318530718,8.377580409573),.UNSPECIFIED.) CURVE() 
GEOMETRIC_REPRESENTATION_ITEM() RATIONAL_B_SPLINE_CURVE((1.,0.5,1.,0.5,
1.,0.5,1.)) REPRESENTATION_ITEM('') );
#3458 = CARTESIAN_POINT('',(1.247219013738,-1.79603650012));
#3459 = CARTESIAN_POINT('',(1.068049728314,-1.776757388814));
#3460 = CARTESIAN_POINT('',(1.17433057118,-1.631231791712));
#3461 = CARTESIAN_POINT('',(1.280611414045,-1.48570619461));
#3462 = CARTESIAN_POINT('',(1.353499856604,-1.650510903018));
#3463 = CARTESIAN_POINT('',(1.426388299162,-1.815315611426));
#3464 = CARTESIAN_POINT('',(1.247219013738,-1.79603650012));
#3465 = ( GEOMETRIC_REPRESENTATION_CONTEXT(2) 
PARAMETRIC_REPRESENTATION_CONTEXT() REPRESENTATION_CONTEXT('2D SPACE',''
  ) );
#3466 = ORIENTED_EDGE('',*,*,#3382,.F.);
#3467 = ORIENTED_EDGE('',*,*,#3468,.T.);
#3468 = EDGE_CURVE('',#3309,#3412,#3469,.T.);
#3469 = SURFACE_CURVE('',#3470,(#3475,#3482),.PCURVE_S1.);
#3470 = CIRCLE('',#3471,0.10404056416);
#3471 = AXIS2_PLACEMENT_3D('',#3472,#3473,#3474);
#3472 = CARTESIAN_POINT('',(1.136557283556,0.597712565478,3.8000001));
#3473 = DIRECTION('',(1.129697232005E-16,1.926484222073E-17,-1.));
#3474 = DIRECTION('',(-0.394389171346,0.918943513783,-2.685073371749E-17
    ));
#3475 = PCURVE('',#3396,#3476);
#3476 = DEFINITIONAL_REPRESENTATION('',(#3477),#3481);
#3477 = LINE('',#3478,#3479);
#3478 = CARTESIAN_POINT('',(-2.22044604925E-15,0.41));
#3479 = VECTOR('',#3480,1.);
#3480 = DIRECTION('',(1.,0.));
#3481 = ( GEOMETRIC_REPRESENTATION_CONTEXT(2) 
PARAMETRIC_REPRESENTATION_CONTEXT() REPRESENTATION_CONTEXT('2D SPACE',''
  ) );
#3482 = PCURVE('',#880,#3483);
#3483 = DEFINITIONAL_REPRESENTATION('',(#3484),#3492);
#3484 = ( BOUNDED_CURVE() B_SPLINE_CURVE(2,(#3485,#3486,#3487,#3488,
#3489,#3490,#3491),.UNSPECIFIED.,.T.,.F.) B_SPLINE_CURVE_WITH_KNOTS((1,2
    ,2,2,2,1),(-2.094395102393,0.,2.094395102393,4.188790204786,
6.28318530718,8.377580409573),.UNSPECIFIED.) CURVE() 
GEOMETRIC_REPRESENTATION_ITEM() RATIONAL_B_SPLINE_CURVE((1.,0.5,1.,0.5,
1.,0.5,1.)) REPRESENTATION_ITEM('') );
#3485 = CARTESIAN_POINT('',(-1.247219013738,-0.59348650012));
#3486 = CARTESIAN_POINT('',(-1.426388299162,-0.612765611426));
#3487 = CARTESIAN_POINT('',(-1.353499856604,-0.447960903018));
#3488 = CARTESIAN_POINT('',(-1.280611414045,-0.28315619461));
#3489 = CARTESIAN_POINT('',(-1.17433057118,-0.428681791712));
#3490 = CARTESIAN_POINT('',(-1.068049728314,-0.574207388814));
#3491 = CARTESIAN_POINT('',(-1.247219013738,-0.59348650012));
#3492 = ( GEOMETRIC_REPRESENTATION_CONTEXT(2) 
PARAMETRIC_REPRESENTATION_CONTEXT() REPRESENTATION_CONTEXT('2D SPACE',''
  ) );
#3493 = ADVANCED_FACE('',(#3494),#3429,.F.);
#3494 = FACE_BOUND('',#3495,.T.);
#3495 = EDGE_LOOP('',(#3496,#3519,#3520,#3543));
#3496 = ORIENTED_EDGE('',*,*,#3497,.F.);
#3497 = EDGE_CURVE('',#3412,#3498,#3500,.T.);
#3498 = VERTEX_POINT('',#3499);
#3499 = CARTESIAN_POINT('',(1.152621608855,0.731385567962,3.8000001));
#3500 = SURFACE_CURVE('',#3501,(#3505,#3512),.PCURVE_S1.);
#3501 = LINE('',#3502,#3503);
#3502 = CARTESIAN_POINT('',(0.514345586847,0.324057309882,3.8000001));
#3503 = VECTOR('',#3504,1.);
#3504 = DIRECTION('',(0.842971302607,0.537958532771,5.604085454012E-17)
  );
#3505 = PCURVE('',#3429,#3506);
#3506 = DEFINITIONAL_REPRESENTATION('',(#3507),#3511);
#3507 = LINE('',#3508,#3509);
#3508 = CARTESIAN_POINT('',(-0.671721784257,0.41));
#3509 = VECTOR('',#3510,1.);
#3510 = DIRECTION('',(1.,1.535253493243E-33));
#3511 = ( GEOMETRIC_REPRESENTATION_CONTEXT(2) 
PARAMETRIC_REPRESENTATION_CONTEXT() REPRESENTATION_CONTEXT('2D SPACE',''
  ) );
#3512 = PCURVE('',#880,#3513);
#3513 = DEFINITIONAL_REPRESENTATION('',(#3514),#3518);
#3514 = LINE('',#3515,#3516);
#3515 = CARTESIAN_POINT('',(-0.58319731353,-0.411279521598));
#3516 = VECTOR('',#3517,1.);
#3517 = DIRECTION('',(-0.96382401671,-0.266539424502));
#3518 = ( GEOMETRIC_REPRESENTATION_CONTEXT(2) 
PARAMETRIC_REPRESENTATION_CONTEXT() REPRESENTATION_CONTEXT('2D SPACE',''
  ) );
#3519 = ORIENTED_EDGE('',*,*,#3411,.T.);
#3520 = ORIENTED_EDGE('',*,*,#3521,.F.);
#3521 = EDGE_CURVE('',#3522,#3414,#3524,.T.);
#3522 = VERTEX_POINT('',#3523);
#3523 = CARTESIAN_POINT('',(1.152621608855,0.731385567962,3.3000001));
#3524 = SURFACE_CURVE('',#3525,(#3529,#3536),.PCURVE_S1.);
#3525 = LINE('',#3526,#3527);
#3526 = CARTESIAN_POINT('',(0.379248061841,0.237842196618,3.3000001));
#3527 = VECTOR('',#3528,1.);
#3528 = DIRECTION('',(-0.842971302607,-0.537958532771,
    -5.604085454012E-17));
#3529 = PCURVE('',#3429,#3530);
#3530 = DEFINITIONAL_REPRESENTATION('',(#3531),#3535);
#3531 = LINE('',#3532,#3533);
#3532 = CARTESIAN_POINT('',(-0.831985276725,0.91));
#3533 = VECTOR('',#3534,1.);
#3534 = DIRECTION('',(-1.,-1.535253493243E-33));
#3535 = ( GEOMETRIC_REPRESENTATION_CONTEXT(2) 
PARAMETRIC_REPRESENTATION_CONTEXT() REPRESENTATION_CONTEXT('2D SPACE',''
  ) );
#3536 = PCURVE('',#977,#3537);
#3537 = DEFINITIONAL_REPRESENTATION('',(#3538),#3542);
#3538 = LINE('',#3539,#3540);
#3539 = CARTESIAN_POINT('',(0.428731510489,-1.571112982547));
#3540 = VECTOR('',#3541,1.);
#3541 = DIRECTION('',(-0.96382401671,0.266539424502));
#3542 = ( GEOMETRIC_REPRESENTATION_CONTEXT(2) 
PARAMETRIC_REPRESENTATION_CONTEXT() REPRESENTATION_CONTEXT('2D SPACE',''
  ) );
#3543 = ORIENTED_EDGE('',*,*,#3544,.F.);
#3544 = EDGE_CURVE('',#3498,#3522,#3545,.T.);
#3545 = SURFACE_CURVE('',#3546,(#3550,#3557),.PCURVE_S1.);
#3546 = LINE('',#3547,#3548);
#3547 = CARTESIAN_POINT('',(1.152621608855,0.731385567962,4.2100001));
#3548 = VECTOR('',#3549,1.);
#3549 = DIRECTION('',(5.551115123126E-17,9.84654534872E-19,-1.));
#3550 = PCURVE('',#3429,#3551);
#3551 = DEFINITIONAL_REPRESENTATION('',(#3552),#3556);
#3552 = LINE('',#3553,#3554);
#3553 = CARTESIAN_POINT('',(8.545229751107E-02,-1.422473250301E-16));
#3554 = VECTOR('',#3555,1.);
#3555 = DIRECTION('',(4.443014136641E-34,1.));
#3556 = ( GEOMETRIC_REPRESENTATION_CONTEXT(2) 
PARAMETRIC_REPRESENTATION_CONTEXT() REPRESENTATION_CONTEXT('2D SPACE',''
  ) );
#3557 = PCURVE('',#3558,#3563);
#3558 = CYLINDRICAL_SURFACE('',#3559,9.35E-02);
#3559 = AXIS2_PLACEMENT_3D('',#3560,#3561,#3562);
#3560 = CARTESIAN_POINT('',(1.102322486041,0.810203384756,4.2100001));
#3561 = DIRECTION('',(5.551115123126E-17,9.84654534872E-19,-1.));
#3562 = DIRECTION('',(0.968500582969,0.249011286469,2.451900924557E-19)
  );
#3563 = DEFINITIONAL_REPRESENTATION('',(#3564),#3568);
#3564 = LINE('',#3565,#3566);
#3565 = CARTESIAN_POINT('',(1.254442096415,0.));
#3566 = VECTOR('',#3567,1.);
#3567 = DIRECTION('',(0.,1.));
#3568 = ( GEOMETRIC_REPRESENTATION_CONTEXT(2) 
PARAMETRIC_REPRESENTATION_CONTEXT() REPRESENTATION_CONTEXT('2D SPACE',''
  ) );
#3569 = ADVANCED_FACE('',(#3570),#3558,.T.);
#3570 = FACE_BOUND('',#3571,.T.);
#3571 = EDGE_LOOP('',(#3572,#3596,#3597,#3621));
#3572 = ORIENTED_EDGE('',*,*,#3573,.F.);
#3573 = EDGE_CURVE('',#3498,#3574,#3576,.T.);
#3574 = VERTEX_POINT('',#3575);
#3575 = CARTESIAN_POINT('',(1.192877290549,0.833485940041,3.8000001));
#3576 = SURFACE_CURVE('',#3577,(#3582,#3589),.PCURVE_S1.);
#3577 = CIRCLE('',#3578,9.35E-02);
#3578 = AXIS2_PLACEMENT_3D('',#3579,#3580,#3581);
#3579 = CARTESIAN_POINT('',(1.102322486041,0.810203384756,3.8000001));
#3580 = DIRECTION('',(-3.455725795364E-18,1.245599104732E-17,1.));
#3581 = DIRECTION('',(0.968500582969,0.249011286469,2.451900924557E-19)
  );
#3582 = PCURVE('',#3558,#3583);
#3583 = DEFINITIONAL_REPRESENTATION('',(#3584),#3588);
#3584 = LINE('',#3585,#3586);
#3585 = CARTESIAN_POINT('',(6.28318530718,0.41));
#3586 = VECTOR('',#3587,1.);
#3587 = DIRECTION('',(-1.,0.));
#3588 = ( GEOMETRIC_REPRESENTATION_CONTEXT(2) 
PARAMETRIC_REPRESENTATION_CONTEXT() REPRESENTATION_CONTEXT('2D SPACE',''
  ) );
#3589 = PCURVE('',#880,#3590);
#3590 = DEFINITIONAL_REPRESENTATION('',(#3591),#3595);
#3591 = CIRCLE('',#3592,9.35E-02);
#3592 = AXIS2_PLACEMENT_2D('',#3593,#3594);
#3593 = CARTESIAN_POINT('',(-1.288058442178,-0.703213811162));
#3594 = DIRECTION('',(-0.998916583602,4.653664153108E-02));
#3595 = ( GEOMETRIC_REPRESENTATION_CONTEXT(2) 
PARAMETRIC_REPRESENTATION_CONTEXT() REPRESENTATION_CONTEXT('2D SPACE',''
  ) );
#3596 = ORIENTED_EDGE('',*,*,#3544,.T.);
#3597 = ORIENTED_EDGE('',*,*,#3598,.F.);
#3598 = EDGE_CURVE('',#3599,#3522,#3601,.T.);
#3599 = VERTEX_POINT('',#3600);
#3600 = CARTESIAN_POINT('',(1.192877290549,0.833485940041,3.3000001));
#3601 = SURFACE_CURVE('',#3602,(#3607,#3614),.PCURVE_S1.);
#3602 = CIRCLE('',#3603,9.35E-02);
#3603 = AXIS2_PLACEMENT_3D('',#3604,#3605,#3606);
#3604 = CARTESIAN_POINT('',(1.102322486041,0.810203384756,3.3000001));
#3605 = DIRECTION('',(3.455725795364E-18,-1.245599104732E-17,-1.));
#3606 = DIRECTION('',(0.968500582969,0.249011286469,2.451900924557E-19)
  );
#3607 = PCURVE('',#3558,#3608);
#3608 = DEFINITIONAL_REPRESENTATION('',(#3609),#3613);
#3609 = LINE('',#3610,#3611);
#3610 = CARTESIAN_POINT('',(0.,0.91));
#3611 = VECTOR('',#3612,1.);
#3612 = DIRECTION('',(1.,0.));
#3613 = ( GEOMETRIC_REPRESENTATION_CONTEXT(2) 
PARAMETRIC_REPRESENTATION_CONTEXT() REPRESENTATION_CONTEXT('2D SPACE',''
  ) );
#3614 = PCURVE('',#977,#3615);
#3615 = DEFINITIONAL_REPRESENTATION('',(#3616),#3620);
#3616 = CIRCLE('',#3617,9.35E-02);
#3617 = AXIS2_PLACEMENT_2D('',#3618,#3619);
#3618 = CARTESIAN_POINT('',(1.288058442178,-1.905763811162));
#3619 = DIRECTION('',(0.998916583602,4.653664153108E-02));
#3620 = ( GEOMETRIC_REPRESENTATION_CONTEXT(2) 
PARAMETRIC_REPRESENTATION_CONTEXT() REPRESENTATION_CONTEXT('2D SPACE',''
  ) );
#3621 = ORIENTED_EDGE('',*,*,#3622,.F.);
#3622 = EDGE_CURVE('',#3574,#3599,#3623,.T.);
#3623 = SURFACE_CURVE('',#3624,(#3628,#3635),.PCURVE_S1.);
#3624 = LINE('',#3625,#3626);
#3625 = CARTESIAN_POINT('',(1.192877290549,0.833485940041,4.2100001));
#3626 = VECTOR('',#3627,1.);
#3627 = DIRECTION('',(5.551115123126E-17,9.84654534872E-19,-1.));
#3628 = PCURVE('',#3558,#3629);
#3629 = DEFINITIONAL_REPRESENTATION('',(#3630),#3634);
#3630 = LINE('',#3631,#3632);
#3631 = CARTESIAN_POINT('',(0.,0.));
#3632 = VECTOR('',#3633,1.);
#3633 = DIRECTION('',(0.,1.));
#3634 = ( GEOMETRIC_REPRESENTATION_CONTEXT(2) 
PARAMETRIC_REPRESENTATION_CONTEXT() REPRESENTATION_CONTEXT('2D SPACE',''
  ) );
#3635 = PCURVE('',#3636,#3641);
#3636 = CYLINDRICAL_SURFACE('',#3637,9.35E-02);
#3637 = AXIS2_PLACEMENT_3D('',#3638,#3639,#3640);
#3638 = CARTESIAN_POINT('',(1.140259947891,0.756196450124,4.2100001));
#3639 = DIRECTION('',(5.551115123126E-17,9.84654534872E-19,-1.));
#3640 = DIRECTION('',(-0.610530669051,0.791992614958,-5.473131211135E-17
    ));
#3641 = DEFINITIONAL_REPRESENTATION('',(#3642),#3646);
#3642 = LINE('',#3643,#3644);
#3643 = CARTESIAN_POINT('',(1.254442096415,0.));
#3644 = VECTOR('',#3645,1.);
#3645 = DIRECTION('',(0.,1.));
#3646 = ( GEOMETRIC_REPRESENTATION_CONTEXT(2) 
PARAMETRIC_REPRESENTATION_CONTEXT() REPRESENTATION_CONTEXT('2D SPACE',''
  ) );
#3647 = ADVANCED_FACE('',(#3648),#3242,.T.);
#3648 = FACE_BOUND('',#3649,.T.);
#3649 = EDGE_LOOP('',(#3650,#3672,#3673,#3695));
#3650 = ORIENTED_EDGE('',*,*,#3651,.F.);
#3651 = EDGE_CURVE('',#3180,#3307,#3652,.T.);
#3652 = SURFACE_CURVE('',#3653,(#3658,#3665),.PCURVE_S1.);
#3653 = CIRCLE('',#3654,9.35E-02);
#3654 = AXIS2_PLACEMENT_3D('',#3655,#3656,#3657);
#3655 = CARTESIAN_POINT('',(1.292990977498,0.449885406139,3.8000001));
#3656 = DIRECTION('',(-1.094649846729E-17,2.452115164844E-17,1.));
#3657 = DIRECTION('',(-0.394389171346,0.918943513783,-2.685073371749E-17
    ));
#3658 = PCURVE('',#3242,#3659);
#3659 = DEFINITIONAL_REPRESENTATION('',(#3660),#3664);
#3660 = LINE('',#3661,#3662);
#3661 = CARTESIAN_POINT('',(6.28318530718,0.41));
#3662 = VECTOR('',#3663,1.);
#3663 = DIRECTION('',(-1.,0.));
#3664 = ( GEOMETRIC_REPRESENTATION_CONTEXT(2) 
PARAMETRIC_REPRESENTATION_CONTEXT() REPRESENTATION_CONTEXT('2D SPACE',''
  ) );
#3665 = PCURVE('',#880,#3666);
#3666 = DEFINITIONAL_REPRESENTATION('',(#3667),#3671);
#3667 = CIRCLE('',#3668,9.35E-02);
#3668 = AXIS2_PLACEMENT_2D('',#3669,#3670);
#3669 = CARTESIAN_POINT('',(-1.364445583491,-0.30277839316));
#3670 = DIRECTION('',(0.106985195554,-0.994260613689));
#3671 = ( GEOMETRIC_REPRESENTATION_CONTEXT(2) 
PARAMETRIC_REPRESENTATION_CONTEXT() REPRESENTATION_CONTEXT('2D SPACE',''
  ) );
#3672 = ORIENTED_EDGE('',*,*,#3228,.T.);
#3673 = ORIENTED_EDGE('',*,*,#3674,.F.);
#3674 = EDGE_CURVE('',#3337,#3205,#3675,.T.);
#3675 = SURFACE_CURVE('',#3676,(#3681,#3688),.PCURVE_S1.);
#3676 = CIRCLE('',#3677,9.35E-02);
#3677 = AXIS2_PLACEMENT_3D('',#3678,#3679,#3680);
#3678 = CARTESIAN_POINT('',(1.292990977498,0.449885406139,3.3000001));
#3679 = DIRECTION('',(1.094649846729E-17,-2.452115164844E-17,-1.));
#3680 = DIRECTION('',(-0.394389171346,0.918943513783,-2.685073371749E-17
    ));
#3681 = PCURVE('',#3242,#3682);
#3682 = DEFINITIONAL_REPRESENTATION('',(#3683),#3687);
#3683 = LINE('',#3684,#3685);
#3684 = CARTESIAN_POINT('',(0.,0.91));
#3685 = VECTOR('',#3686,1.);
#3686 = DIRECTION('',(1.,0.));
#3687 = ( GEOMETRIC_REPRESENTATION_CONTEXT(2) 
PARAMETRIC_REPRESENTATION_CONTEXT() REPRESENTATION_CONTEXT('2D SPACE',''
  ) );
#3688 = PCURVE('',#977,#3689);
#3689 = DEFINITIONAL_REPRESENTATION('',(#3690),#3694);
#3690 = CIRCLE('',#3691,9.35E-02);
#3691 = AXIS2_PLACEMENT_2D('',#3692,#3693);
#3692 = CARTESIAN_POINT('',(1.364445583491,-1.50532839316));
#3693 = DIRECTION('',(-0.106985195554,-0.994260613689));
#3694 = ( GEOMETRIC_REPRESENTATION_CONTEXT(2) 
PARAMETRIC_REPRESENTATION_CONTEXT() REPRESENTATION_CONTEXT('2D SPACE',''
  ) );
#3695 = ORIENTED_EDGE('',*,*,#3336,.F.);
#3696 = ADVANCED_FACE('',(#3697),#3711,.F.);
#3697 = FACE_BOUND('',#3698,.T.);
#3698 = EDGE_LOOP('',(#3699,#3729,#3752,#3775));
#3699 = ORIENTED_EDGE('',*,*,#3700,.F.);
#3700 = EDGE_CURVE('',#3701,#3703,#3705,.T.);
#3701 = VERTEX_POINT('',#3702);
#3702 = CARTESIAN_POINT('',(1.083175330335,0.830247759622,3.8000001));
#3703 = VERTEX_POINT('',#3704);
#3704 = CARTESIAN_POINT('',(1.015497741775,0.778076511251,3.8000001));
#3705 = SURFACE_CURVE('',#3706,(#3710,#3722),.PCURVE_S1.);
#3706 = LINE('',#3707,#3708);
#3707 = CARTESIAN_POINT('',(0.508987549251,0.387618316462,3.8000001));
#3708 = VECTOR('',#3709,1.);
#3709 = DIRECTION('',(-0.791992614958,-0.610530669051,
    -8.386788863885E-17));
#3710 = PCURVE('',#3711,#3716);
#3711 = PLANE('',#3712);
#3712 = AXIS2_PLACEMENT_3D('',#3713,#3714,#3715);
#3713 = CARTESIAN_POINT('',(1.083175330335,0.830247759622,4.2100001));
#3714 = DIRECTION('',(0.610530669051,-0.791992614958,5.473131211135E-17)
  );
#3715 = DIRECTION('',(-0.791992614958,-0.610530669051,
    -8.386788863885E-17));
#3716 = DEFINITIONAL_REPRESENTATION('',(#3717),#3721);
#3717 = LINE('',#3718,#3719);
#3718 = CARTESIAN_POINT('',(0.724991332292,0.41));
#3719 = VECTOR('',#3720,1.);
#3720 = DIRECTION('',(1.,2.775557561563E-17));
#3721 = ( GEOMETRIC_REPRESENTATION_CONTEXT(2) 
PARAMETRIC_REPRESENTATION_CONTEXT() REPRESENTATION_CONTEXT('2D SPACE',''
  ) );
#3722 = PCURVE('',#880,#3723);
#3723 = DEFINITIONAL_REPRESENTATION('',(#3724),#3728);
#3724 = LINE('',#3725,#3726);
#3725 = CARTESIAN_POINT('',(-0.596750766366,-0.473609402398));
#3726 = VECTOR('',#3727,1.);
#3727 = DIRECTION('',(0.936417951982,0.350886618734));
#3728 = ( GEOMETRIC_REPRESENTATION_CONTEXT(2) 
PARAMETRIC_REPRESENTATION_CONTEXT() REPRESENTATION_CONTEXT('2D SPACE',''
  ) );
#3729 = ORIENTED_EDGE('',*,*,#3730,.T.);
#3730 = EDGE_CURVE('',#3701,#3731,#3733,.T.);
#3731 = VERTEX_POINT('',#3732);
#3732 = CARTESIAN_POINT('',(1.083175330335,0.830247759622,3.3000001));
#3733 = SURFACE_CURVE('',#3734,(#3738,#3745),.PCURVE_S1.);
#3734 = LINE('',#3735,#3736);
#3735 = CARTESIAN_POINT('',(1.083175330335,0.830247759622,4.2100001));
#3736 = VECTOR('',#3737,1.);
#3737 = DIRECTION('',(5.551115123126E-17,9.84654534872E-19,-1.));
#3738 = PCURVE('',#3711,#3739);
#3739 = DEFINITIONAL_REPRESENTATION('',(#3740),#3744);
#3740 = LINE('',#3741,#3742);
#3741 = CARTESIAN_POINT('',(-0.,0.));
#3742 = VECTOR('',#3743,1.);
#3743 = DIRECTION('',(4.117638955064E-17,1.));
#3744 = ( GEOMETRIC_REPRESENTATION_CONTEXT(2) 
PARAMETRIC_REPRESENTATION_CONTEXT() REPRESENTATION_CONTEXT('2D SPACE',''
  ) );
#3745 = PCURVE('',#3636,#3746);
#3746 = DEFINITIONAL_REPRESENTATION('',(#3747),#3751);
#3747 = LINE('',#3748,#3749);
#3748 = CARTESIAN_POINT('',(0.,0.));
#3749 = VECTOR('',#3750,1.);
#3750 = DIRECTION('',(0.,1.));
#3751 = ( GEOMETRIC_REPRESENTATION_CONTEXT(2) 
PARAMETRIC_REPRESENTATION_CONTEXT() REPRESENTATION_CONTEXT('2D SPACE',''
  ) );
#3752 = ORIENTED_EDGE('',*,*,#3753,.F.);
#3753 = EDGE_CURVE('',#3754,#3731,#3756,.T.);
#3754 = VERTEX_POINT('',#3755);
#3755 = CARTESIAN_POINT('',(1.015497741775,0.778076511251,3.3000001));
#3756 = SURFACE_CURVE('',#3757,(#3761,#3768),.PCURVE_S1.);
#3757 = LINE('',#3758,#3759);
#3758 = CARTESIAN_POINT('',(0.341893460813,0.258808951725,3.3000001));
#3759 = VECTOR('',#3760,1.);
#3760 = DIRECTION('',(0.791992614958,0.610530669051,8.386788863885E-17)
  );
#3761 = PCURVE('',#3711,#3762);
#3762 = DEFINITIONAL_REPRESENTATION('',(#3763),#3767);
#3763 = LINE('',#3764,#3765);
#3764 = CARTESIAN_POINT('',(0.935970683971,0.91));
#3765 = VECTOR('',#3766,1.);
#3766 = DIRECTION('',(-1.,-2.775557561563E-17));
#3767 = ( GEOMETRIC_REPRESENTATION_CONTEXT(2) 
PARAMETRIC_REPRESENTATION_CONTEXT() REPRESENTATION_CONTEXT('2D SPACE',''
  ) );
#3768 = PCURVE('',#977,#3769);
#3769 = DEFINITIONAL_REPRESENTATION('',(#3770),#3774);
#3770 = LINE('',#3771,#3772);
#3771 = CARTESIAN_POINT('',(0.399185913956,-1.602129571064));
#3772 = VECTOR('',#3773,1.);
#3773 = DIRECTION('',(0.936417951982,-0.350886618734));
#3774 = ( GEOMETRIC_REPRESENTATION_CONTEXT(2) 
PARAMETRIC_REPRESENTATION_CONTEXT() REPRESENTATION_CONTEXT('2D SPACE',''
  ) );
#3775 = ORIENTED_EDGE('',*,*,#3776,.F.);
#3776 = EDGE_CURVE('',#3703,#3754,#3777,.T.);
#3777 = SURFACE_CURVE('',#3778,(#3782,#3789),.PCURVE_S1.);
#3778 = LINE('',#3779,#3780);
#3779 = CARTESIAN_POINT('',(1.015497741775,0.778076511251,4.2100001));
#3780 = VECTOR('',#3781,1.);
#3781 = DIRECTION('',(5.551115123126E-17,9.84654534872E-19,-1.));
#3782 = PCURVE('',#3711,#3783);
#3783 = DEFINITIONAL_REPRESENTATION('',(#3784),#3788);
#3784 = LINE('',#3785,#3786);
#3785 = CARTESIAN_POINT('',(8.545229751107E-02,-3.469446951954E-17));
#3786 = VECTOR('',#3787,1.);
#3787 = DIRECTION('',(4.117638955064E-17,1.));
#3788 = ( GEOMETRIC_REPRESENTATION_CONTEXT(2) 
PARAMETRIC_REPRESENTATION_CONTEXT() REPRESENTATION_CONTEXT('2D SPACE',''
  ) );
#3789 = PCURVE('',#3790,#3795);
#3790 = CYLINDRICAL_SURFACE('',#3791,0.10404056416);
#3791 = AXIS2_PLACEMENT_3D('',#3792,#3793,#3794);
#3792 = CARTESIAN_POINT('',(0.95197778653,0.860475869721,4.2100001));
#3793 = DIRECTION('',(5.551115123126E-17,9.84654534872E-19,-1.));
#3794 = DIRECTION('',(-0.610530669051,0.791992614958,-2.697573649573E-17
    ));
#3795 = DEFINITIONAL_REPRESENTATION('',(#3796),#3800);
#3796 = LINE('',#3797,#3798);
#3797 = CARTESIAN_POINT('',(3.14159265359,0.));
#3798 = VECTOR('',#3799,1.);
#3799 = DIRECTION('',(0.,1.));
#3800 = ( GEOMETRIC_REPRESENTATION_CONTEXT(2) 
PARAMETRIC_REPRESENTATION_CONTEXT() REPRESENTATION_CONTEXT('2D SPACE',''
  ) );
#3801 = ADVANCED_FACE('',(#3802),#3790,.F.);
#3802 = FACE_BOUND('',#3803,.F.);
#3803 = EDGE_LOOP('',(#3804,#3834,#3860,#3861));
#3804 = ORIENTED_EDGE('',*,*,#3805,.T.);
#3805 = EDGE_CURVE('',#3806,#3808,#3810,.T.);
#3806 = VERTEX_POINT('',#3807);
#3807 = CARTESIAN_POINT('',(0.875955760967,0.931504671063,3.8000001));
#3808 = VERTEX_POINT('',#3809);
#3809 = CARTESIAN_POINT('',(0.875955760967,0.931504671063,3.3000001));
#3810 = SURFACE_CURVE('',#3811,(#3815,#3822),.PCURVE_S1.);
#3811 = LINE('',#3812,#3813);
#3812 = CARTESIAN_POINT('',(0.875955760967,0.931504671063,4.2100001));
#3813 = VECTOR('',#3814,1.);
#3814 = DIRECTION('',(5.551115123126E-17,9.84654534872E-19,-1.));
#3815 = PCURVE('',#3790,#3816);
#3816 = DEFINITIONAL_REPRESENTATION('',(#3817),#3821);
#3817 = LINE('',#3818,#3819);
#3818 = CARTESIAN_POINT('',(6.120574874859,0.));
#3819 = VECTOR('',#3820,1.);
#3820 = DIRECTION('',(0.,1.));
#3821 = ( GEOMETRIC_REPRESENTATION_CONTEXT(2) 
PARAMETRIC_REPRESENTATION_CONTEXT() REPRESENTATION_CONTEXT('2D SPACE',''
  ) );
#3822 = PCURVE('',#3823,#3828);
#3823 = PLANE('',#3824);
#3824 = AXIS2_PLACEMENT_3D('',#3825,#3826,#3827);
#3825 = CARTESIAN_POINT('',(0.875955760967,0.931504671063,4.2100001));
#3826 = DIRECTION('',(-0.730696014356,0.682702962206,-5.483892466355E-17
    ));
#3827 = DIRECTION('',(0.682702962206,0.730696014356,8.398620999104E-17)
  );
#3828 = DEFINITIONAL_REPRESENTATION('',(#3829),#3833);
#3829 = LINE('',#3830,#3831);
#3830 = CARTESIAN_POINT('',(0.,0.));
#3831 = VECTOR('',#3832,1.);
#3832 = DIRECTION('',(-6.935697387169E-17,1.));
#3833 = ( GEOMETRIC_REPRESENTATION_CONTEXT(2) 
PARAMETRIC_REPRESENTATION_CONTEXT() REPRESENTATION_CONTEXT('2D SPACE',''
  ) );
#3834 = ORIENTED_EDGE('',*,*,#3835,.T.);
#3835 = EDGE_CURVE('',#3808,#3754,#3836,.T.);
#3836 = SURFACE_CURVE('',#3837,(#3842,#3849),.PCURVE_S1.);
#3837 = CIRCLE('',#3838,0.10404056416);
#3838 = AXIS2_PLACEMENT_3D('',#3839,#3840,#3841);
#3839 = CARTESIAN_POINT('',(0.95197778653,0.860475869721,3.3000001));
#3840 = DIRECTION('',(-6.091005197348E-17,-1.289370392442E-17,1.));
#3841 = DIRECTION('',(-0.610530669051,0.791992614958,-2.697573649573E-17
    ));
#3842 = PCURVE('',#3790,#3843);
#3843 = DEFINITIONAL_REPRESENTATION('',(#3844),#3848);
#3844 = LINE('',#3845,#3846);
#3845 = CARTESIAN_POINT('',(6.28318530718,0.91));
#3846 = VECTOR('',#3847,1.);
#3847 = DIRECTION('',(-1.,0.));
#3848 = ( GEOMETRIC_REPRESENTATION_CONTEXT(2) 
PARAMETRIC_REPRESENTATION_CONTEXT() REPRESENTATION_CONTEXT('2D SPACE',''
  ) );
#3849 = PCURVE('',#977,#3850);
#3850 = DEFINITIONAL_REPRESENTATION('',(#3851),#3859);
#3851 = ( BOUNDED_CURVE() B_SPLINE_CURVE(2,(#3852,#3853,#3854,#3855,
#3856,#3857,#3858),.UNSPECIFIED.,.T.,.F.) B_SPLINE_CURVE_WITH_KNOTS((1,2
    ,2,2,2,1),(-2.094395102393,0.,2.094395102393,4.188790204786,
6.28318530718,8.377580409573),.UNSPECIFIED.) CURVE() 
GEOMETRIC_REPRESENTATION_ITEM() RATIONAL_B_SPLINE_CURVE((1.,0.5,1.,0.5,
1.,0.5,1.)) REPRESENTATION_ITEM('') );
#3852 = CARTESIAN_POINT('',(1.122613715989,-2.095415995888));
#3853 = CARTESIAN_POINT('',(0.953867883151,-2.03218498394));
#3854 = CARTESIAN_POINT('',(1.093000462224,-1.917662311893));
#3855 = CARTESIAN_POINT('',(1.232133041297,-1.803139639847));
#3856 = CARTESIAN_POINT('',(1.261746295062,-1.980893323841));
#3857 = CARTESIAN_POINT('',(1.291359548827,-2.158647007836));
#3858 = CARTESIAN_POINT('',(1.122613715989,-2.095415995888));
#3859 = ( GEOMETRIC_REPRESENTATION_CONTEXT(2) 
PARAMETRIC_REPRESENTATION_CONTEXT() REPRESENTATION_CONTEXT('2D SPACE',''
  ) );
#3860 = ORIENTED_EDGE('',*,*,#3776,.F.);
#3861 = ORIENTED_EDGE('',*,*,#3862,.T.);
#3862 = EDGE_CURVE('',#3703,#3806,#3863,.T.);
#3863 = SURFACE_CURVE('',#3864,(#3869,#3876),.PCURVE_S1.);
#3864 = CIRCLE('',#3865,0.10404056416);
#3865 = AXIS2_PLACEMENT_3D('',#3866,#3867,#3868);
#3866 = CARTESIAN_POINT('',(0.95197778653,0.860475869721,3.8000001));
#3867 = DIRECTION('',(6.091005197348E-17,1.289370392442E-17,-1.));
#3868 = DIRECTION('',(-0.610530669051,0.791992614958,-2.697573649573E-17
    ));
#3869 = PCURVE('',#3790,#3870);
#3870 = DEFINITIONAL_REPRESENTATION('',(#3871),#3875);
#3871 = LINE('',#3872,#3873);
#3872 = CARTESIAN_POINT('',(-2.22044604925E-15,0.41));
#3873 = VECTOR('',#3874,1.);
#3874 = DIRECTION('',(1.,0.));
#3875 = ( GEOMETRIC_REPRESENTATION_CONTEXT(2) 
PARAMETRIC_REPRESENTATION_CONTEXT() REPRESENTATION_CONTEXT('2D SPACE',''
  ) );
#3876 = PCURVE('',#880,#3877);
#3877 = DEFINITIONAL_REPRESENTATION('',(#3878),#3886);
#3878 = ( BOUNDED_CURVE() B_SPLINE_CURVE(2,(#3879,#3880,#3881,#3882,
#3883,#3884,#3885),.UNSPECIFIED.,.T.,.F.) B_SPLINE_CURVE_WITH_KNOTS((1,2
    ,2,2,2,1),(-2.094395102393,0.,2.094395102393,4.188790204786,
6.28318530718,8.377580409573),.UNSPECIFIED.) CURVE() 
GEOMETRIC_REPRESENTATION_ITEM() RATIONAL_B_SPLINE_CURVE((1.,0.5,1.,0.5,
1.,0.5,1.)) REPRESENTATION_ITEM('') );
#3879 = CARTESIAN_POINT('',(-1.122613715989,-0.892865995888));
#3880 = CARTESIAN_POINT('',(-1.291359548827,-0.956097007836));
#3881 = CARTESIAN_POINT('',(-1.261746295062,-0.778343323841));
#3882 = CARTESIAN_POINT('',(-1.232133041297,-0.600589639847));
#3883 = CARTESIAN_POINT('',(-1.093000462224,-0.715112311893));
#3884 = CARTESIAN_POINT('',(-0.953867883151,-0.82963498394));
#3885 = CARTESIAN_POINT('',(-1.122613715989,-0.892865995888));
#3886 = ( GEOMETRIC_REPRESENTATION_CONTEXT(2) 
PARAMETRIC_REPRESENTATION_CONTEXT() REPRESENTATION_CONTEXT('2D SPACE',''
  ) );
#3887 = ADVANCED_FACE('',(#3888),#3823,.F.);
#3888 = FACE_BOUND('',#3889,.T.);
#3889 = EDGE_LOOP('',(#3890,#3913,#3914,#3937));
#3890 = ORIENTED_EDGE('',*,*,#3891,.F.);
#3891 = EDGE_CURVE('',#3806,#3892,#3894,.T.);
#3892 = VERTEX_POINT('',#3893);
#3893 = CARTESIAN_POINT('',(0.934294297605,0.993944324272,3.8000001));
#3894 = SURFACE_CURVE('',#3895,(#3899,#3906),.PCURVE_S1.);
#3895 = LINE('',#3896,#3897);
#3896 = CARTESIAN_POINT('',(0.397628999023,0.419552214634,3.8000001));
#3897 = VECTOR('',#3898,1.);
#3898 = DIRECTION('',(0.682702962206,0.730696014356,8.398620999104E-17)
  );
#3899 = PCURVE('',#3823,#3900);
#3900 = DEFINITIONAL_REPRESENTATION('',(#3901),#3905);
#3901 = LINE('',#3902,#3903);
#3902 = CARTESIAN_POINT('',(-0.700636716733,0.41));
#3903 = VECTOR('',#3904,1.);
#3904 = DIRECTION('',(1.,-5.551115123126E-17));
#3905 = ( GEOMETRIC_REPRESENTATION_CONTEXT(2) 
PARAMETRIC_REPRESENTATION_CONTEXT() REPRESENTATION_CONTEXT('2D SPACE',''
  ) );
#3906 = PCURVE('',#880,#3907);
#3907 = DEFINITIONAL_REPRESENTATION('',(#3908),#3912);
#3908 = LINE('',#3909,#3910);
#3909 = CARTESIAN_POINT('',(-0.499689803417,-0.536852346929));
#3910 = VECTOR('',#3911,1.);
#3911 = DIRECTION('',(-0.867258053472,-0.497858884312));
#3912 = ( GEOMETRIC_REPRESENTATION_CONTEXT(2) 
PARAMETRIC_REPRESENTATION_CONTEXT() REPRESENTATION_CONTEXT('2D SPACE',''
  ) );
#3913 = ORIENTED_EDGE('',*,*,#3805,.T.);
#3914 = ORIENTED_EDGE('',*,*,#3915,.F.);
#3915 = EDGE_CURVE('',#3916,#3808,#3918,.T.);
#3916 = VERTEX_POINT('',#3917);
#3917 = CARTESIAN_POINT('',(0.934294297605,0.993944324272,3.3000001));
#3918 = SURFACE_CURVE('',#3919,(#3923,#3930),.PCURVE_S1.);
#3919 = LINE('',#3920,#3921);
#3920 = CARTESIAN_POINT('',(0.193261798563,0.200818289182,3.3000001));
#3921 = VECTOR('',#3922,1.);
#3922 = DIRECTION('',(-0.682702962206,-0.730696014356,
    -8.398620999104E-17));
#3923 = PCURVE('',#3823,#3924);
#3924 = DEFINITIONAL_REPRESENTATION('',(#3925),#3929);
#3925 = LINE('',#3926,#3927);
#3926 = CARTESIAN_POINT('',(-0.999986817398,0.91));
#3927 = VECTOR('',#3928,1.);
#3928 = DIRECTION('',(-1.,5.551115123126E-17));
#3929 = ( GEOMETRIC_REPRESENTATION_CONTEXT(2) 
PARAMETRIC_REPRESENTATION_CONTEXT() REPRESENTATION_CONTEXT('2D SPACE',''
  ) );
#3930 = PCURVE('',#977,#3931);
#3931 = DEFINITIONAL_REPRESENTATION('',(#3932),#3936);
#3932 = LINE('',#3933,#3934);
#3933 = CARTESIAN_POINT('',(0.240076017808,-1.590368239793));
#3934 = VECTOR('',#3935,1.);
#3935 = DIRECTION('',(-0.867258053472,0.497858884312));
#3936 = ( GEOMETRIC_REPRESENTATION_CONTEXT(2) 
PARAMETRIC_REPRESENTATION_CONTEXT() REPRESENTATION_CONTEXT('2D SPACE',''
  ) );
#3937 = ORIENTED_EDGE('',*,*,#3938,.F.);
#3938 = EDGE_CURVE('',#3892,#3916,#3939,.T.);
#3939 = SURFACE_CURVE('',#3940,(#3944,#3951),.PCURVE_S1.);
#3940 = LINE('',#3941,#3942);
#3941 = CARTESIAN_POINT('',(0.934294297605,0.993944324272,4.2100001));
#3942 = VECTOR('',#3943,1.);
#3943 = DIRECTION('',(5.551115123126E-17,9.84654534872E-19,-1.));
#3944 = PCURVE('',#3823,#3945);
#3945 = DEFINITIONAL_REPRESENTATION('',(#3946),#3950);
#3946 = LINE('',#3947,#3948);
#3947 = CARTESIAN_POINT('',(8.545229751107E-02,-2.498001805407E-16));
#3948 = VECTOR('',#3949,1.);
#3949 = DIRECTION('',(-6.935697387169E-17,1.));
#3950 = ( GEOMETRIC_REPRESENTATION_CONTEXT(2) 
PARAMETRIC_REPRESENTATION_CONTEXT() REPRESENTATION_CONTEXT('2D SPACE',''
  ) );
#3951 = PCURVE('',#3952,#3957);
#3952 = CYLINDRICAL_SURFACE('',#3953,9.35E-02);
#3953 = AXIS2_PLACEMENT_3D('',#3954,#3955,#3956);
#3954 = CARTESIAN_POINT('',(0.865974220263,1.057777051238,4.2100001));
#3955 = DIRECTION('',(5.551115123126E-17,9.84654534872E-19,-1.));
#3956 = DIRECTION('',(0.876146767472,0.482044439702,8.374137409045E-17)
  );
#3957 = DEFINITIONAL_REPRESENTATION('',(#3958),#3962);
#3958 = LINE('',#3959,#3960);
#3959 = CARTESIAN_POINT('',(1.254442096415,0.));
#3960 = VECTOR('',#3961,1.);
#3961 = DIRECTION('',(0.,1.));
#3962 = ( GEOMETRIC_REPRESENTATION_CONTEXT(2) 
PARAMETRIC_REPRESENTATION_CONTEXT() REPRESENTATION_CONTEXT('2D SPACE',''
  ) );
#3963 = ADVANCED_FACE('',(#3964),#3952,.T.);
#3964 = FACE_BOUND('',#3965,.T.);
#3965 = EDGE_LOOP('',(#3966,#3990,#3991,#4015));
#3966 = ORIENTED_EDGE('',*,*,#3967,.F.);
#3967 = EDGE_CURVE('',#3892,#3968,#3970,.T.);
#3968 = VERTEX_POINT('',#3969);
#3969 = CARTESIAN_POINT('',(0.947893943022,1.10284820635,3.8000001));
#3970 = SURFACE_CURVE('',#3971,(#3976,#3983),.PCURVE_S1.);
#3971 = CIRCLE('',#3972,9.35E-02);
#3972 = AXIS2_PLACEMENT_3D('',#3973,#3974,#3975);
#3973 = CARTESIAN_POINT('',(0.865974220263,1.057777051238,3.8000001));
#3974 = DIRECTION('',(-8.633329446115E-17,-1.680495936865E-17,1.));
#3975 = DIRECTION('',(0.876146767472,0.482044439702,8.374137409045E-17)
  );
#3976 = PCURVE('',#3952,#3977);
#3977 = DEFINITIONAL_REPRESENTATION('',(#3978),#3982);
#3978 = LINE('',#3979,#3980);
#3979 = CARTESIAN_POINT('',(6.28318530718,0.41));
#3980 = VECTOR('',#3981,1.);
#3981 = DIRECTION('',(-1.,0.));
#3982 = ( GEOMETRIC_REPRESENTATION_CONTEXT(2) 
PARAMETRIC_REPRESENTATION_CONTEXT() REPRESENTATION_CONTEXT('2D SPACE',''
  ) );
#3983 = PCURVE('',#880,#3984);
#3984 = DEFINITIONAL_REPRESENTATION('',(#3985),#3989);
#3985 = CIRCLE('',#3986,9.35E-02);
#3986 = AXIS2_PLACEMENT_2D('',#3987,#3988);
#3987 = CARTESIAN_POINT('',(-1.134882026083,-1.00930237453));
#3988 = DIRECTION('',(-0.97910697438,-0.203345845101));
#3989 = ( GEOMETRIC_REPRESENTATION_CONTEXT(2) 
PARAMETRIC_REPRESENTATION_CONTEXT() REPRESENTATION_CONTEXT('2D SPACE',''
  ) );
#3990 = ORIENTED_EDGE('',*,*,#3938,.T.);
#3991 = ORIENTED_EDGE('',*,*,#3992,.F.);
#3992 = EDGE_CURVE('',#3993,#3916,#3995,.T.);
#3993 = VERTEX_POINT('',#3994);
#3994 = CARTESIAN_POINT('',(0.947893943022,1.10284820635,3.3000001));
#3995 = SURFACE_CURVE('',#3996,(#4001,#4008),.PCURVE_S1.);
#3996 = CIRCLE('',#3997,9.35E-02);
#3997 = AXIS2_PLACEMENT_3D('',#3998,#3999,#4000);
#3998 = CARTESIAN_POINT('',(0.865974220263,1.057777051238,3.3000001));
#3999 = DIRECTION('',(8.633329446115E-17,1.680495936865E-17,-1.));
#4000 = DIRECTION('',(0.876146767472,0.482044439702,8.374137409045E-17)
  );
#4001 = PCURVE('',#3952,#4002);
#4002 = DEFINITIONAL_REPRESENTATION('',(#4003),#4007);
#4003 = LINE('',#4004,#4005);
#4004 = CARTESIAN_POINT('',(0.,0.91));
#4005 = VECTOR('',#4006,1.);
#4006 = DIRECTION('',(1.,0.));
#4007 = ( GEOMETRIC_REPRESENTATION_CONTEXT(2) 
PARAMETRIC_REPRESENTATION_CONTEXT() REPRESENTATION_CONTEXT('2D SPACE',''
  ) );
#4008 = PCURVE('',#977,#4009);
#4009 = DEFINITIONAL_REPRESENTATION('',(#4010),#4014);
#4010 = CIRCLE('',#4011,9.35E-02);
#4011 = AXIS2_PLACEMENT_2D('',#4012,#4013);
#4012 = CARTESIAN_POINT('',(1.134882026083,-2.21185237453));
#4013 = DIRECTION('',(0.97910697438,-0.203345845101));
#4014 = ( GEOMETRIC_REPRESENTATION_CONTEXT(2) 
PARAMETRIC_REPRESENTATION_CONTEXT() REPRESENTATION_CONTEXT('2D SPACE',''
  ) );
#4015 = ORIENTED_EDGE('',*,*,#4016,.F.);
#4016 = EDGE_CURVE('',#3968,#3993,#4017,.T.);
#4017 = SURFACE_CURVE('',#4018,(#4022,#4029),.PCURVE_S1.);
#4018 = LINE('',#4019,#4020);
#4019 = CARTESIAN_POINT('',(0.947893943022,1.10284820635,4.2100001));
#4020 = VECTOR('',#4021,1.);
#4021 = DIRECTION('',(5.551115123126E-17,9.84654534872E-19,-1.));
#4022 = PCURVE('',#3952,#4023);
#4023 = DEFINITIONAL_REPRESENTATION('',(#4024),#4028);
#4024 = LINE('',#4025,#4026);
#4025 = CARTESIAN_POINT('',(0.,0.));
#4026 = VECTOR('',#4027,1.);
#4027 = DIRECTION('',(0.,1.));
#4028 = ( GEOMETRIC_REPRESENTATION_CONTEXT(2) 
PARAMETRIC_REPRESENTATION_CONTEXT() REPRESENTATION_CONTEXT('2D SPACE',''
  ) );
#4029 = PCURVE('',#4030,#4035);
#4030 = CYLINDRICAL_SURFACE('',#4031,9.35E-02);
#4031 = AXIS2_PLACEMENT_3D('',#4032,#4033,#4034);
#4032 = CARTESIAN_POINT('',(0.916150785467,1.014901506876,4.2100001));
#4033 = DIRECTION('',(5.551115123126E-17,9.84654534872E-19,-1.));
#4034 = DIRECTION('',(-0.788310279445,0.615277907389,-8.266089066517E-17
    ));
#4035 = DEFINITIONAL_REPRESENTATION('',(#4036),#4040);
#4036 = LINE('',#4037,#4038);
#4037 = CARTESIAN_POINT('',(1.254442096415,0.));
#4038 = VECTOR('',#4039,1.);
#4039 = DIRECTION('',(0.,1.));
#4040 = ( GEOMETRIC_REPRESENTATION_CONTEXT(2) 
PARAMETRIC_REPRESENTATION_CONTEXT() REPRESENTATION_CONTEXT('2D SPACE',''
  ) );
#4041 = ADVANCED_FACE('',(#4042),#3636,.T.);
#4042 = FACE_BOUND('',#4043,.T.);
#4043 = EDGE_LOOP('',(#4044,#4066,#4067,#4089));
#4044 = ORIENTED_EDGE('',*,*,#4045,.F.);
#4045 = EDGE_CURVE('',#3574,#3701,#4046,.T.);
#4046 = SURFACE_CURVE('',#4047,(#4052,#4059),.PCURVE_S1.);
#4047 = CIRCLE('',#4048,9.35E-02);
#4048 = AXIS2_PLACEMENT_3D('',#4049,#4050,#4051);
#4049 = CARTESIAN_POINT('',(1.140259947891,0.756196450124,3.8000001));
#4050 = DIRECTION('',(-9.983789303547E-17,-7.857123163451E-18,1.));
#4051 = DIRECTION('',(-0.610530669051,0.791992614958,-5.473131211135E-17
    ));
#4052 = PCURVE('',#3636,#4053);
#4053 = DEFINITIONAL_REPRESENTATION('',(#4054),#4058);
#4054 = LINE('',#4055,#4056);
#4055 = CARTESIAN_POINT('',(6.28318530718,0.41));
#4056 = VECTOR('',#4057,1.);
#4057 = DIRECTION('',(-1.,0.));
#4058 = ( GEOMETRIC_REPRESENTATION_CONTEXT(2) 
PARAMETRIC_REPRESENTATION_CONTEXT() REPRESENTATION_CONTEXT('2D SPACE',''
  ) );
#4059 = PCURVE('',#880,#4060);
#4060 = DEFINITIONAL_REPRESENTATION('',(#4061),#4065);
#4061 = CIRCLE('',#4062,9.35E-02);
#4062 = AXIS2_PLACEMENT_2D('',#4063,#4064);
#4063 = CARTESIAN_POINT('',(-1.308453563806,-0.640444081087));
#4064 = DIRECTION('',(0.350886618734,-0.936417951982));
#4065 = ( GEOMETRIC_REPRESENTATION_CONTEXT(2) 
PARAMETRIC_REPRESENTATION_CONTEXT() REPRESENTATION_CONTEXT('2D SPACE',''
  ) );
#4066 = ORIENTED_EDGE('',*,*,#3622,.T.);
#4067 = ORIENTED_EDGE('',*,*,#4068,.F.);
#4068 = EDGE_CURVE('',#3731,#3599,#4069,.T.);
#4069 = SURFACE_CURVE('',#4070,(#4075,#4082),.PCURVE_S1.);
#4070 = CIRCLE('',#4071,9.35E-02);
#4071 = AXIS2_PLACEMENT_3D('',#4072,#4073,#4074);
#4072 = CARTESIAN_POINT('',(1.140259947891,0.756196450124,3.3000001));
#4073 = DIRECTION('',(9.983789303547E-17,7.857123163451E-18,-1.));
#4074 = DIRECTION('',(-0.610530669051,0.791992614958,-5.473131211135E-17
    ));
#4075 = PCURVE('',#3636,#4076);
#4076 = DEFINITIONAL_REPRESENTATION('',(#4077),#4081);
#4077 = LINE('',#4078,#4079);
#4078 = CARTESIAN_POINT('',(0.,0.91));
#4079 = VECTOR('',#4080,1.);
#4080 = DIRECTION('',(1.,0.));
#4081 = ( GEOMETRIC_REPRESENTATION_CONTEXT(2) 
PARAMETRIC_REPRESENTATION_CONTEXT() REPRESENTATION_CONTEXT('2D SPACE',''
  ) );
#4082 = PCURVE('',#977,#4083);
#4083 = DEFINITIONAL_REPRESENTATION('',(#4084),#4088);
#4084 = CIRCLE('',#4085,9.35E-02);
#4085 = AXIS2_PLACEMENT_2D('',#4086,#4087);
#4086 = CARTESIAN_POINT('',(1.308453563806,-1.842994081087));
#4087 = DIRECTION('',(-0.350886618734,-0.936417951982));
#4088 = ( GEOMETRIC_REPRESENTATION_CONTEXT(2) 
PARAMETRIC_REPRESENTATION_CONTEXT() REPRESENTATION_CONTEXT('2D SPACE',''
  ) );
#4089 = ORIENTED_EDGE('',*,*,#3730,.F.);
#4090 = ADVANCED_FACE('',(#4091),#4105,.F.);
#4091 = FACE_BOUND('',#4092,.T.);
#4092 = EDGE_LOOP('',(#4093,#4123,#4146,#4169));
#4093 = ORIENTED_EDGE('',*,*,#4094,.F.);
#4094 = EDGE_CURVE('',#4095,#4097,#4099,.T.);
#4095 = VERTEX_POINT('',#4096);
#4096 = CARTESIAN_POINT('',(0.842443774338,1.072429991217,3.8000001));
#4097 = VERTEX_POINT('',#4098);
#4098 = CARTESIAN_POINT('',(0.789866863544,1.005067066687,3.8000001));
#4099 = SURFACE_CURVE('',#4100,(#4104,#4116),.PCURVE_S1.);
#4100 = LINE('',#4101,#4102);
#4101 = CARTESIAN_POINT('',(0.379309897079,0.479050655118,3.8000001));
#4102 = VECTOR('',#4103,1.);
#4103 = DIRECTION('',(-0.615277907389,-0.788310279445,
    -2.853178890717E-17));
#4104 = PCURVE('',#4105,#4110);
#4105 = PLANE('',#4106);
#4106 = AXIS2_PLACEMENT_3D('',#4107,#4108,#4109);
#4107 = CARTESIAN_POINT('',(0.842443774338,1.072429991217,4.2100001));
#4108 = DIRECTION('',(0.788310279445,-0.615277907389,5.490531504954E-17)
  );
#4109 = DIRECTION('',(-0.615277907389,-0.788310279445,-5.62873645228E-17
    ));
#4110 = DEFINITIONAL_REPRESENTATION('',(#4111),#4115);
#4111 = LINE('',#4112,#4113);
#4112 = CARTESIAN_POINT('',(0.752723073099,0.41));
#4113 = VECTOR('',#4114,1.);
#4114 = DIRECTION('',(1.,-2.775557561563E-17));
#4115 = ( GEOMETRIC_REPRESENTATION_CONTEXT(2) 
PARAMETRIC_REPRESENTATION_CONTEXT() REPRESENTATION_CONTEXT('2D SPACE',''
  ) );
#4116 = PCURVE('',#880,#4117);
#4117 = DEFINITIONAL_REPRESENTATION('',(#4118),#4122);
#4118 = LINE('',#4119,#4120);
#4119 = CARTESIAN_POINT('',(-0.499660620768,-0.599107090237));
#4120 = VECTOR('',#4121,1.);
#4121 = DIRECTION('',(0.819736706447,0.572740545189));
#4122 = ( GEOMETRIC_REPRESENTATION_CONTEXT(2) 
PARAMETRIC_REPRESENTATION_CONTEXT() REPRESENTATION_CONTEXT('2D SPACE',''
  ) );
#4123 = ORIENTED_EDGE('',*,*,#4124,.T.);
#4124 = EDGE_CURVE('',#4095,#4125,#4127,.T.);
#4125 = VERTEX_POINT('',#4126);
#4126 = CARTESIAN_POINT('',(0.842443774338,1.072429991217,3.3000001));
#4127 = SURFACE_CURVE('',#4128,(#4132,#4139),.PCURVE_S1.);
#4128 = LINE('',#4129,#4130);
#4129 = CARTESIAN_POINT('',(0.842443774338,1.072429991217,4.2100001));
#4130 = VECTOR('',#4131,1.);
#4131 = DIRECTION('',(5.551115123126E-17,9.84654534872E-19,-1.));
#4132 = PCURVE('',#4105,#4133);
#4133 = DEFINITIONAL_REPRESENTATION('',(#4134),#4138);
#4134 = LINE('',#4135,#4136);
#4135 = CARTESIAN_POINT('',(-0.,0.));
#4136 = VECTOR('',#4137,1.);
#4137 = DIRECTION('',(4.121785965623E-17,1.));
#4138 = ( GEOMETRIC_REPRESENTATION_CONTEXT(2) 
PARAMETRIC_REPRESENTATION_CONTEXT() REPRESENTATION_CONTEXT('2D SPACE',''
  ) );
#4139 = PCURVE('',#4030,#4140);
#4140 = DEFINITIONAL_REPRESENTATION('',(#4141),#4145);
#4141 = LINE('',#4142,#4143);
#4142 = CARTESIAN_POINT('',(0.,0.));
#4143 = VECTOR('',#4144,1.);
#4144 = DIRECTION('',(0.,1.));
#4145 = ( GEOMETRIC_REPRESENTATION_CONTEXT(2) 
PARAMETRIC_REPRESENTATION_CONTEXT() REPRESENTATION_CONTEXT('2D SPACE',''
  ) );
#4146 = ORIENTED_EDGE('',*,*,#4147,.F.);
#4147 = EDGE_CURVE('',#4148,#4125,#4150,.T.);
#4148 = VERTEX_POINT('',#4149);
#4149 = CARTESIAN_POINT('',(0.789866863544,1.005067066687,3.3000001));
#4150 = SURFACE_CURVE('',#4151,(#4155,#4162),.PCURVE_S1.);
#4151 = LINE('',#4152,#4153);
#4152 = CARTESIAN_POINT('',(0.167423831486,0.207576640576,3.3000001));
#4153 = VECTOR('',#4154,1.);
#4154 = DIRECTION('',(0.615277907389,0.788310279445,2.853178890717E-17)
  );
#4155 = PCURVE('',#4105,#4156);
#4156 = DEFINITIONAL_REPRESENTATION('',(#4157),#4161);
#4157 = LINE('',#4158,#4159);
#4158 = CARTESIAN_POINT('',(1.097097644407,0.91));
#4159 = VECTOR('',#4160,1.);
#4160 = DIRECTION('',(-1.,2.775557561563E-17));
#4161 = ( GEOMETRIC_REPRESENTATION_CONTEXT(2) 
PARAMETRIC_REPRESENTATION_CONTEXT() REPRESENTATION_CONTEXT('2D SPACE',''
  ) );
#4162 = PCURVE('',#977,#4163);
#4163 = DEFINITIONAL_REPRESENTATION('',(#4164),#4168);
#4164 = LINE('',#4165,#4166);
#4165 = CARTESIAN_POINT('',(0.2173641439,-1.604419810517));
#4166 = VECTOR('',#4167,1.);
#4167 = DIRECTION('',(0.819736706447,-0.572740545189));
#4168 = ( GEOMETRIC_REPRESENTATION_CONTEXT(2) 
PARAMETRIC_REPRESENTATION_CONTEXT() REPRESENTATION_CONTEXT('2D SPACE',''
  ) );
#4169 = ORIENTED_EDGE('',*,*,#4170,.F.);
#4170 = EDGE_CURVE('',#4097,#4148,#4171,.T.);
#4171 = SURFACE_CURVE('',#4172,(#4176,#4183),.PCURVE_S1.);
#4172 = LINE('',#4173,#4174);
#4173 = CARTESIAN_POINT('',(0.789866863544,1.005067066687,4.2100001));
#4174 = VECTOR('',#4175,1.);
#4175 = DIRECTION('',(5.551115123126E-17,9.84654534872E-19,-1.));
#4176 = PCURVE('',#4105,#4177);
#4177 = DEFINITIONAL_REPRESENTATION('',(#4178),#4182);
#4178 = LINE('',#4179,#4180);
#4179 = CARTESIAN_POINT('',(8.545229751107E-02,2.602085213965E-16));
#4180 = VECTOR('',#4181,1.);
#4181 = DIRECTION('',(4.121785965623E-17,1.));
#4182 = ( GEOMETRIC_REPRESENTATION_CONTEXT(2) 
PARAMETRIC_REPRESENTATION_CONTEXT() REPRESENTATION_CONTEXT('2D SPACE',''
  ) );
#4183 = PCURVE('',#4184,#4189);
#4184 = CYLINDRICAL_SURFACE('',#4185,0.10404056416);
#4185 = AXIS2_PLACEMENT_3D('',#4186,#4187,#4188);
#4186 = CARTESIAN_POINT('',(0.707850617338,1.069080927286,4.2100001));
#4187 = DIRECTION('',(5.551115123126E-17,9.84654534872E-19,-1.));
#4188 = DIRECTION('',(-0.788310279445,0.615277907389,-8.266089066517E-17
    ));
#4189 = DEFINITIONAL_REPRESENTATION('',(#4190),#4194);
#4190 = LINE('',#4191,#4192);
#4191 = CARTESIAN_POINT('',(3.14159265359,0.));
#4192 = VECTOR('',#4193,1.);
#4193 = DIRECTION('',(0.,1.));
#4194 = ( GEOMETRIC_REPRESENTATION_CONTEXT(2) 
PARAMETRIC_REPRESENTATION_CONTEXT() REPRESENTATION_CONTEXT('2D SPACE',''
  ) );
#4195 = ADVANCED_FACE('',(#4196),#4184,.F.);
#4196 = FACE_BOUND('',#4197,.F.);
#4197 = EDGE_LOOP('',(#4198,#4228,#4254,#4255));
#4198 = ORIENTED_EDGE('',*,*,#4199,.T.);
#4199 = EDGE_CURVE('',#4200,#4202,#4204,.T.);
#4200 = VERTEX_POINT('',#4201);
#4201 = CARTESIAN_POINT('',(0.616552818912,1.118972319262,3.8000001));
#4202 = VERTEX_POINT('',#4203);
#4203 = CARTESIAN_POINT('',(0.616552818912,1.118972319262,3.3000001));
#4204 = SURFACE_CURVE('',#4205,(#4209,#4216),.PCURVE_S1.);
#4205 = LINE('',#4206,#4207);
#4206 = CARTESIAN_POINT('',(0.616552818912,1.118972319262,4.2100001));
#4207 = VECTOR('',#4208,1.);
#4208 = DIRECTION('',(5.551115123126E-17,9.84654534872E-19,-1.));
#4209 = PCURVE('',#4184,#4210);
#4210 = DEFINITIONAL_REPRESENTATION('',(#4211),#4215);
#4211 = LINE('',#4212,#4213);
#4212 = CARTESIAN_POINT('',(6.120574874859,0.));
#4213 = VECTOR('',#4214,1.);
#4214 = DIRECTION('',(0.,1.));
#4215 = ( GEOMETRIC_REPRESENTATION_CONTEXT(2) 
PARAMETRIC_REPRESENTATION_CONTEXT() REPRESENTATION_CONTEXT('2D SPACE',''
  ) );
#4216 = PCURVE('',#4217,#4222);
#4217 = PLANE('',#4218);
#4218 = AXIS2_PLACEMENT_3D('',#4219,#4220,#4221);
#4219 = CARTESIAN_POINT('',(0.616552818912,1.118972319262,4.2100001));
#4220 = DIRECTION('',(-0.877521178047,0.479537883883,-8.279454769488E-17
    ));
#4221 = DIRECTION('',(0.479537883883,0.877521178047,2.861963082304E-17)
  );
#4222 = DEFINITIONAL_REPRESENTATION('',(#4223),#4227);
#4223 = LINE('',#4224,#4225);
#4224 = CARTESIAN_POINT('',(0.,0.));
#4225 = VECTOR('',#4226,1.);
#4226 = DIRECTION('',(-1.167967524871E-17,1.));
#4227 = ( GEOMETRIC_REPRESENTATION_CONTEXT(2) 
PARAMETRIC_REPRESENTATION_CONTEXT() REPRESENTATION_CONTEXT('2D SPACE',''
  ) );
#4228 = ORIENTED_EDGE('',*,*,#4229,.T.);
#4229 = EDGE_CURVE('',#4202,#4148,#4230,.T.);
#4230 = SURFACE_CURVE('',#4231,(#4236,#4243),.PCURVE_S1.);
#4231 = CIRCLE('',#4232,0.10404056416);
#4232 = AXIS2_PLACEMENT_3D('',#4233,#4234,#4235);
#4233 = CARTESIAN_POINT('',(0.707850617338,1.069080927286,3.3000001));
#4234 = DIRECTION('',(-9.979480167548E-17,6.487511775215E-18,1.));
#4235 = DIRECTION('',(-0.788310279445,0.615277907389,-8.266089066517E-17
    ));
#4236 = PCURVE('',#4184,#4237);
#4237 = DEFINITIONAL_REPRESENTATION('',(#4238),#4242);
#4238 = LINE('',#4239,#4240);
#4239 = CARTESIAN_POINT('',(6.28318530718,0.91));
#4240 = VECTOR('',#4241,1.);
#4241 = DIRECTION('',(-1.,0.));
#4242 = ( GEOMETRIC_REPRESENTATION_CONTEXT(2) 
PARAMETRIC_REPRESENTATION_CONTEXT() REPRESENTATION_CONTEXT('2D SPACE',''
  ) );
#4243 = PCURVE('',#977,#4244);
#4244 = DEFINITIONAL_REPRESENTATION('',(#4245),#4253);
#4245 = ( BOUNDED_CURVE() B_SPLINE_CURVE(2,(#4246,#4247,#4248,#4249,
#4250,#4251,#4252),.UNSPECIFIED.,.T.,.F.) B_SPLINE_CURVE_WITH_KNOTS((1,2
    ,2,2,2,1),(-2.094395102393,0.,2.094395102393,4.188790204786,
6.28318530718,8.377580409573),.UNSPECIFIED.) CURVE() 
GEOMETRIC_REPRESENTATION_ITEM() RATIONAL_B_SPLINE_CURVE((1.,0.5,1.,0.5,
1.,0.5,1.)) REPRESENTATION_ITEM('') );
#4246 = CARTESIAN_POINT('',(0.927470469779,-2.354401856838));
#4247 = CARTESIAN_POINT('',(0.779751010809,-2.251191981276));
#4248 = CARTESIAN_POINT('',(0.942993114452,-2.174868114955));
#4249 = CARTESIAN_POINT('',(1.106235218095,-2.098544248634));
#4250 = CARTESIAN_POINT('',(1.090712573423,-2.278077990517));
#4251 = CARTESIAN_POINT('',(1.07518992875,-2.4576117324));
#4252 = CARTESIAN_POINT('',(0.927470469779,-2.354401856838));
#4253 = ( GEOMETRIC_REPRESENTATION_CONTEXT(2) 
PARAMETRIC_REPRESENTATION_CONTEXT() REPRESENTATION_CONTEXT('2D SPACE',''
  ) );
#4254 = ORIENTED_EDGE('',*,*,#4170,.F.);
#4255 = ORIENTED_EDGE('',*,*,#4256,.T.);
#4256 = EDGE_CURVE('',#4097,#4200,#4257,.T.);
#4257 = SURFACE_CURVE('',#4258,(#4263,#4270),.PCURVE_S1.);
#4258 = CIRCLE('',#4259,0.10404056416);
#4259 = AXIS2_PLACEMENT_3D('',#4260,#4261,#4262);
#4260 = CARTESIAN_POINT('',(0.707850617338,1.069080927286,3.8000001));
#4261 = DIRECTION('',(9.979480167548E-17,-6.487511775215E-18,-1.));
#4262 = DIRECTION('',(-0.788310279445,0.615277907389,-8.266089066517E-17
    ));
#4263 = PCURVE('',#4184,#4264);
#4264 = DEFINITIONAL_REPRESENTATION('',(#4265),#4269);
#4265 = LINE('',#4266,#4267);
#4266 = CARTESIAN_POINT('',(2.22044604925E-15,0.41));
#4267 = VECTOR('',#4268,1.);
#4268 = DIRECTION('',(1.,0.));
#4269 = ( GEOMETRIC_REPRESENTATION_CONTEXT(2) 
PARAMETRIC_REPRESENTATION_CONTEXT() REPRESENTATION_CONTEXT('2D SPACE',''
  ) );
#4270 = PCURVE('',#880,#4271);
#4271 = DEFINITIONAL_REPRESENTATION('',(#4272),#4280);
#4272 = ( BOUNDED_CURVE() B_SPLINE_CURVE(2,(#4273,#4274,#4275,#4276,
#4277,#4278,#4279),.UNSPECIFIED.,.T.,.F.) B_SPLINE_CURVE_WITH_KNOTS((1,2
    ,2,2,2,1),(-2.094395102393,0.,2.094395102393,4.188790204786,
6.28318530718,8.377580409573),.UNSPECIFIED.) CURVE() 
GEOMETRIC_REPRESENTATION_ITEM() RATIONAL_B_SPLINE_CURVE((1.,0.5,1.,0.5,
1.,0.5,1.)) REPRESENTATION_ITEM('') );
#4273 = CARTESIAN_POINT('',(-0.927470469779,-1.151851856838));
#4274 = CARTESIAN_POINT('',(-1.07518992875,-1.2550617324));
#4275 = CARTESIAN_POINT('',(-1.090712573423,-1.075527990517));
#4276 = CARTESIAN_POINT('',(-1.106235218095,-0.895994248634));
#4277 = CARTESIAN_POINT('',(-0.942993114452,-0.972318114955));
#4278 = CARTESIAN_POINT('',(-0.779751010809,-1.048641981276));
#4279 = CARTESIAN_POINT('',(-0.927470469779,-1.151851856838));
#4280 = ( GEOMETRIC_REPRESENTATION_CONTEXT(2) 
PARAMETRIC_REPRESENTATION_CONTEXT() REPRESENTATION_CONTEXT('2D SPACE',''
  ) );
#4281 = ADVANCED_FACE('',(#4282),#4217,.F.);
#4282 = FACE_BOUND('',#4283,.T.);
#4283 = EDGE_LOOP('',(#4284,#4307,#4308,#4331));
#4284 = ORIENTED_EDGE('',*,*,#4285,.F.);
#4285 = EDGE_CURVE('',#4200,#4286,#4288,.T.);
#4286 = VERTEX_POINT('',#4287);
#4287 = CARTESIAN_POINT('',(0.657530432833,1.19395852004,3.8000001));
#4288 = SURFACE_CURVE('',#4289,(#4293,#4300),.PCURVE_S1.);
#4289 = LINE('',#4290,#4291);
#4290 = CARTESIAN_POINT('',(0.268580296141,0.48220665721,3.8000001));
#4291 = VECTOR('',#4292,1.);
#4292 = DIRECTION('',(0.479537883883,0.877521178047,2.861963082304E-17)
  );
#4293 = PCURVE('',#4217,#4294);
#4294 = DEFINITIONAL_REPRESENTATION('',(#4295),#4299);
#4295 = LINE('',#4296,#4297);
#4296 = CARTESIAN_POINT('',(-0.725641361122,0.41));
#4297 = VECTOR('',#4298,1.);
#4298 = DIRECTION('',(1.,2.504314685841E-33));
#4299 = ( GEOMETRIC_REPRESENTATION_CONTEXT(2) 
PARAMETRIC_REPRESENTATION_CONTEXT() REPRESENTATION_CONTEXT('2D SPACE',''
  ) );
#4300 = PCURVE('',#880,#4301);
#4301 = DEFINITIONAL_REPRESENTATION('',(#4302),#4306);
#4302 = LINE('',#4303,#4304);
#4303 = CARTESIAN_POINT('',(-0.39474554835,-0.634657511508));
#4304 = VECTOR('',#4305,1.);
#4305 = DIRECTION('',(-0.716199077183,-0.697896039423));
#4306 = ( GEOMETRIC_REPRESENTATION_CONTEXT(2) 
PARAMETRIC_REPRESENTATION_CONTEXT() REPRESENTATION_CONTEXT('2D SPACE',''
  ) );
#4307 = ORIENTED_EDGE('',*,*,#4199,.T.);
#4308 = ORIENTED_EDGE('',*,*,#4309,.F.);
#4309 = EDGE_CURVE('',#4310,#4202,#4312,.T.);
#4310 = VERTEX_POINT('',#4311);
#4311 = CARTESIAN_POINT('',(0.657530432833,1.19395852004,3.3000001));
#4312 = SURFACE_CURVE('',#4313,(#4317,#4324),.PCURVE_S1.);
#4313 = LINE('',#4314,#4315);
#4314 = CARTESIAN_POINT('',(6.73530410145E-02,0.113974690751,3.3000001)
  );
#4315 = VECTOR('',#4316,1.);
#4316 = DIRECTION('',(-0.479537883883,-0.877521178047,
    -2.861963082304E-17));
#4317 = PCURVE('',#4217,#4318);
#4318 = DEFINITIONAL_REPRESENTATION('',(#4319),#4323);
#4319 = LINE('',#4320,#4321);
#4320 = CARTESIAN_POINT('',(-1.145268802227,0.91));
#4321 = VECTOR('',#4322,1.);
#4322 = DIRECTION('',(-1.,-2.504314685841E-33));
#4323 = ( GEOMETRIC_REPRESENTATION_CONTEXT(2) 
PARAMETRIC_REPRESENTATION_CONTEXT() REPRESENTATION_CONTEXT('2D SPACE',''
  ) );
#4324 = PCURVE('',#977,#4325);
#4325 = DEFINITIONAL_REPRESENTATION('',(#4326),#4330);
#4326 = LINE('',#4327,#4328);
#4327 = CARTESIAN_POINT('',(9.420876227088E-02,-1.544351182328));
#4328 = VECTOR('',#4329,1.);
#4329 = DIRECTION('',(-0.716199077183,0.697896039423));
#4330 = ( GEOMETRIC_REPRESENTATION_CONTEXT(2) 
PARAMETRIC_REPRESENTATION_CONTEXT() REPRESENTATION_CONTEXT('2D SPACE',''
  ) );
#4331 = ORIENTED_EDGE('',*,*,#4332,.F.);
#4332 = EDGE_CURVE('',#4286,#4310,#4333,.T.);
#4333 = SURFACE_CURVE('',#4334,(#4338,#4345),.PCURVE_S1.);
#4334 = LINE('',#4335,#4336);
#4335 = CARTESIAN_POINT('',(0.657530432833,1.19395852004,4.2100001));
#4336 = VECTOR('',#4337,1.);
#4337 = DIRECTION('',(5.551115123126E-17,9.84654534872E-19,-1.));
#4338 = PCURVE('',#4217,#4339);
#4339 = DEFINITIONAL_REPRESENTATION('',(#4340),#4344);
#4340 = LINE('',#4341,#4342);
#4341 = CARTESIAN_POINT('',(8.545229751107E-02,6.418476861114E-17));
#4342 = VECTOR('',#4343,1.);
#4343 = DIRECTION('',(-1.167967524871E-17,1.));
#4344 = ( GEOMETRIC_REPRESENTATION_CONTEXT(2) 
PARAMETRIC_REPRESENTATION_CONTEXT() REPRESENTATION_CONTEXT('2D SPACE',''
  ) );
#4345 = PCURVE('',#4346,#4351);
#4346 = CYLINDRICAL_SURFACE('',#4347,9.35E-02);
#4347 = AXIS2_PLACEMENT_3D('',#4348,#4349,#4350);
#4348 = CARTESIAN_POINT('',(0.575482202686,1.238795312183,4.2100001));
#4349 = DIRECTION('',(5.551115123126E-17,9.84654534872E-19,-1.));
#4350 = DIRECTION('',(0.728741428333,0.684788967954,5.618543179398E-17)
  );
#4351 = DEFINITIONAL_REPRESENTATION('',(#4352),#4356);
#4352 = LINE('',#4353,#4354);
#4353 = CARTESIAN_POINT('',(1.254442096415,0.));
#4354 = VECTOR('',#4355,1.);
#4355 = DIRECTION('',(0.,1.));
#4356 = ( GEOMETRIC_REPRESENTATION_CONTEXT(2) 
PARAMETRIC_REPRESENTATION_CONTEXT() REPRESENTATION_CONTEXT('2D SPACE',''
  ) );
#4357 = ADVANCED_FACE('',(#4358),#4346,.T.);
#4358 = FACE_BOUND('',#4359,.T.);
#4359 = EDGE_LOOP('',(#4360,#4384,#4385,#4409));
#4360 = ORIENTED_EDGE('',*,*,#4361,.F.);
#4361 = EDGE_CURVE('',#4286,#4362,#4364,.T.);
#4362 = VERTEX_POINT('',#4363);
#4363 = CARTESIAN_POINT('',(0.643619526235,1.302823080687,3.8000001));
#4364 = SURFACE_CURVE('',#4365,(#4370,#4377),.PCURVE_S1.);
#4365 = CIRCLE('',#4366,9.35E-02);
#4366 = AXIS2_PLACEMENT_3D('',#4367,#4368,#4369);
#4367 = CARTESIAN_POINT('',(0.575482202686,1.238795312183,3.8000001));
#4368 = DIRECTION('',(-5.945998761746E-17,-1.877144067811E-17,1.));
#4369 = DIRECTION('',(0.728741428333,0.684788967954,5.618543179398E-17)
  );
#4370 = PCURVE('',#4346,#4371);
#4371 = DEFINITIONAL_REPRESENTATION('',(#4372),#4376);
#4372 = LINE('',#4373,#4374);
#4373 = CARTESIAN_POINT('',(6.28318530718,0.41));
#4374 = VECTOR('',#4375,1.);
#4375 = DIRECTION('',(-1.,0.));
#4376 = ( GEOMETRIC_REPRESENTATION_CONTEXT(2) 
PARAMETRIC_REPRESENTATION_CONTEXT() REPRESENTATION_CONTEXT('2D SPACE',''
  ) );
#4377 = PCURVE('',#880,#4378);
#4378 = DEFINITIONAL_REPRESENTATION('',(#4379),#4383);
#4379 = CIRCLE('',#4380,9.35E-02);
#4380 = AXIS2_PLACEMENT_2D('',#4381,#4382);
#4381 = CARTESIAN_POINT('',(-0.910396798486,-1.267681177187));
#4382 = DIRECTION('',(-0.897776473055,-0.440451364431));
#4383 = ( GEOMETRIC_REPRESENTATION_CONTEXT(2) 
PARAMETRIC_REPRESENTATION_CONTEXT() REPRESENTATION_CONTEXT('2D SPACE',''
  ) );
#4384 = ORIENTED_EDGE('',*,*,#4332,.T.);
#4385 = ORIENTED_EDGE('',*,*,#4386,.F.);
#4386 = EDGE_CURVE('',#4387,#4310,#4389,.T.);
#4387 = VERTEX_POINT('',#4388);
#4388 = CARTESIAN_POINT('',(0.643619526235,1.302823080687,3.3000001));
#4389 = SURFACE_CURVE('',#4390,(#4395,#4402),.PCURVE_S1.);
#4390 = CIRCLE('',#4391,9.35E-02);
#4391 = AXIS2_PLACEMENT_3D('',#4392,#4393,#4394);
#4392 = CARTESIAN_POINT('',(0.575482202686,1.238795312183,3.3000001));
#4393 = DIRECTION('',(5.945998761746E-17,1.877144067811E-17,-1.));
#4394 = DIRECTION('',(0.728741428333,0.684788967954,5.618543179398E-17)
  );
#4395 = PCURVE('',#4346,#4396);
#4396 = DEFINITIONAL_REPRESENTATION('',(#4397),#4401);
#4397 = LINE('',#4398,#4399);
#4398 = CARTESIAN_POINT('',(0.,0.91));
#4399 = VECTOR('',#4400,1.);
#4400 = DIRECTION('',(1.,0.));
#4401 = ( GEOMETRIC_REPRESENTATION_CONTEXT(2) 
PARAMETRIC_REPRESENTATION_CONTEXT() REPRESENTATION_CONTEXT('2D SPACE',''
  ) );
#4402 = PCURVE('',#977,#4403);
#4403 = DEFINITIONAL_REPRESENTATION('',(#4404),#4408);
#4404 = CIRCLE('',#4405,9.35E-02);
#4405 = AXIS2_PLACEMENT_2D('',#4406,#4407);
#4406 = CARTESIAN_POINT('',(0.910396798486,-2.470231177187));
#4407 = DIRECTION('',(0.897776473055,-0.440451364431));
#4408 = ( GEOMETRIC_REPRESENTATION_CONTEXT(2) 
PARAMETRIC_REPRESENTATION_CONTEXT() REPRESENTATION_CONTEXT('2D SPACE',''
  ) );
#4409 = ORIENTED_EDGE('',*,*,#4410,.F.);
#4410 = EDGE_CURVE('',#4362,#4387,#4411,.T.);
#4411 = SURFACE_CURVE('',#4412,(#4416,#4423),.PCURVE_S1.);
#4412 = LINE('',#4413,#4414);
#4413 = CARTESIAN_POINT('',(0.643619526235,1.302823080687,4.2100001));
#4414 = VECTOR('',#4415,1.);
#4415 = DIRECTION('',(5.551115123126E-17,9.84654534872E-19,-1.));
#4416 = PCURVE('',#4346,#4417);
#4417 = DEFINITIONAL_REPRESENTATION('',(#4418),#4422);
#4418 = LINE('',#4419,#4420);
#4419 = CARTESIAN_POINT('',(0.,0.));
#4420 = VECTOR('',#4421,1.);
#4421 = DIRECTION('',(0.,1.));
#4422 = ( GEOMETRIC_REPRESENTATION_CONTEXT(2) 
PARAMETRIC_REPRESENTATION_CONTEXT() REPRESENTATION_CONTEXT('2D SPACE',''
  ) );
#4423 = PCURVE('',#4424,#4429);
#4424 = CYLINDRICAL_SURFACE('',#4425,9.35E-02);
#4425 = AXIS2_PLACEMENT_3D('',#4426,#4427,#4428);
#4426 = CARTESIAN_POINT('',(0.634745093115,1.209745186229,4.2100001));
#4427 = DIRECTION('',(5.551115123126E-17,9.84654534872E-19,-1.));
#4428 = DIRECTION('',(-0.916557455779,0.399903026066,-5.511738490313E-17
    ));
#4429 = DEFINITIONAL_REPRESENTATION('',(#4430),#4434);
#4430 = LINE('',#4431,#4432);
#4431 = CARTESIAN_POINT('',(1.254442096415,0.));
#4432 = VECTOR('',#4433,1.);
#4433 = DIRECTION('',(0.,1.));
#4434 = ( GEOMETRIC_REPRESENTATION_CONTEXT(2) 
PARAMETRIC_REPRESENTATION_CONTEXT() REPRESENTATION_CONTEXT('2D SPACE',''
  ) );
#4435 = ADVANCED_FACE('',(#4436),#4030,.T.);
#4436 = FACE_BOUND('',#4437,.T.);
#4437 = EDGE_LOOP('',(#4438,#4460,#4461,#4483));
#4438 = ORIENTED_EDGE('',*,*,#4439,.F.);
#4439 = EDGE_CURVE('',#3968,#4095,#4440,.T.);
#4440 = SURFACE_CURVE('',#4441,(#4446,#4453),.PCURVE_S1.);
#4441 = CIRCLE('',#4442,9.35E-02);
#4442 = AXIS2_PLACEMENT_3D('',#4443,#4444,#4445);
#4443 = CARTESIAN_POINT('',(0.916150785467,1.014901506876,3.8000001));
#4444 = DIRECTION('',(-1.168721941586E-16,-1.53924937945E-17,1.));
#4445 = DIRECTION('',(-0.788310279445,0.615277907389,-8.266089066517E-17
    ));
#4446 = PCURVE('',#4030,#4447);
#4447 = DEFINITIONAL_REPRESENTATION('',(#4448),#4452);
#4448 = LINE('',#4449,#4450);
#4449 = CARTESIAN_POINT('',(6.28318530718,0.41));
#4450 = VECTOR('',#4451,1.);
#4451 = DIRECTION('',(-1.,0.));
#4452 = ( GEOMETRIC_REPRESENTATION_CONTEXT(2) 
PARAMETRIC_REPRESENTATION_CONTEXT() REPRESENTATION_CONTEXT('2D SPACE',''
  ) );
#4453 = PCURVE('',#880,#4454);
#4454 = DEFINITIONAL_REPRESENTATION('',(#4455),#4459);
#4455 = CIRCLE('',#4456,9.35E-02);
#4456 = AXIS2_PLACEMENT_2D('',#4457,#4458);
#4457 = CARTESIAN_POINT('',(-1.170246594552,-0.953576731447));
#4458 = DIRECTION('',(0.572740545189,-0.819736706447));
#4459 = ( GEOMETRIC_REPRESENTATION_CONTEXT(2) 
PARAMETRIC_REPRESENTATION_CONTEXT() REPRESENTATION_CONTEXT('2D SPACE',''
  ) );
#4460 = ORIENTED_EDGE('',*,*,#4016,.T.);
#4461 = ORIENTED_EDGE('',*,*,#4462,.F.);
#4462 = EDGE_CURVE('',#4125,#3993,#4463,.T.);
#4463 = SURFACE_CURVE('',#4464,(#4469,#4476),.PCURVE_S1.);
#4464 = CIRCLE('',#4465,9.35E-02);
#4465 = AXIS2_PLACEMENT_3D('',#4466,#4467,#4468);
#4466 = CARTESIAN_POINT('',(0.916150785467,1.014901506876,3.3000001));
#4467 = DIRECTION('',(1.168721941586E-16,1.53924937945E-17,-1.));
#4468 = DIRECTION('',(-0.788310279445,0.615277907389,-8.266089066517E-17
    ));
#4469 = PCURVE('',#4030,#4470);
#4470 = DEFINITIONAL_REPRESENTATION('',(#4471),#4475);
#4471 = LINE('',#4472,#4473);
#4472 = CARTESIAN_POINT('',(0.,0.91));
#4473 = VECTOR('',#4474,1.);
#4474 = DIRECTION('',(1.,0.));
#4475 = ( GEOMETRIC_REPRESENTATION_CONTEXT(2) 
PARAMETRIC_REPRESENTATION_CONTEXT() REPRESENTATION_CONTEXT('2D SPACE',''
  ) );
#4476 = PCURVE('',#977,#4477);
#4477 = DEFINITIONAL_REPRESENTATION('',(#4478),#4482);
#4478 = CIRCLE('',#4479,9.35E-02);
#4479 = AXIS2_PLACEMENT_2D('',#4480,#4481);
#4480 = CARTESIAN_POINT('',(1.170246594552,-2.156126731447));
#4481 = DIRECTION('',(-0.572740545189,-0.819736706447));
#4482 = ( GEOMETRIC_REPRESENTATION_CONTEXT(2) 
PARAMETRIC_REPRESENTATION_CONTEXT() REPRESENTATION_CONTEXT('2D SPACE',''
  ) );
#4483 = ORIENTED_EDGE('',*,*,#4124,.F.);
#4484 = ADVANCED_FACE('',(#4485),#4499,.F.);
#4485 = FACE_BOUND('',#4486,.T.);
#4486 = EDGE_LOOP('',(#4487,#4517,#4540,#4563));
#4487 = ORIENTED_EDGE('',*,*,#4488,.F.);
#4488 = EDGE_CURVE('',#4489,#4491,#4493,.T.);
#4489 = VERTEX_POINT('',#4490);
#4490 = CARTESIAN_POINT('',(0.549046970999,1.247136119166,3.8000001));
#4491 = VERTEX_POINT('',#4492);
#4492 = CARTESIAN_POINT('',(0.514874338641,1.168814178769,3.8000001));
#4493 = SURFACE_CURVE('',#4494,(#4498,#4510),.PCURVE_S1.);
#4494 = LINE('',#4495,#4496);
#4495 = CARTESIAN_POINT('',(0.238739662724,0.535927504965,3.8000001));
#4496 = VECTOR('',#4497,1.);
#4497 = DIRECTION('',(-0.399903026066,-0.916557455779,
    -1.478028026312E-17));
#4498 = PCURVE('',#4499,#4504);
#4499 = PLANE('',#4500);
#4500 = AXIS2_PLACEMENT_3D('',#4501,#4502,#4503);
#4501 = CARTESIAN_POINT('',(0.549046970999,1.247136119166,4.2100001));
#4502 = DIRECTION('',(0.916557455779,-0.399903026066,5.511738490313E-17)
  );
#4503 = DIRECTION('',(-0.399903026066,-0.916557455779,
    -1.478028026312E-17));
#4504 = DEFINITIONAL_REPRESENTATION('',(#4505),#4509);
#4505 = LINE('',#4506,#4507);
#4506 = CARTESIAN_POINT('',(0.77595638955,0.41));
#4507 = VECTOR('',#4508,1.);
#4508 = DIRECTION('',(1.,-2.615718405831E-33));
#4509 = ( GEOMETRIC_REPRESENTATION_CONTEXT(2) 
PARAMETRIC_REPRESENTATION_CONTEXT() REPRESENTATION_CONTEXT('2D SPACE',''
  ) );
#4510 = PCURVE('',#880,#4511);
#4511 = DEFINITIONAL_REPRESENTATION('',(#4512),#4516);
#4512 = LINE('',#4513,#4514);
#4513 = CARTESIAN_POINT('',(-0.382005830774,-0.694774834156));
#4514 = VECTOR('',#4515,1.);
#4515 = DIRECTION('',(0.651548388866,0.758607076797));
#4516 = ( GEOMETRIC_REPRESENTATION_CONTEXT(2) 
PARAMETRIC_REPRESENTATION_CONTEXT() REPRESENTATION_CONTEXT('2D SPACE',''
  ) );
#4517 = ORIENTED_EDGE('',*,*,#4518,.T.);
#4518 = EDGE_CURVE('',#4489,#4519,#4521,.T.);
#4519 = VERTEX_POINT('',#4520);
#4520 = CARTESIAN_POINT('',(0.549046970999,1.247136119166,3.3000001));
#4521 = SURFACE_CURVE('',#4522,(#4526,#4533),.PCURVE_S1.);
#4522 = LINE('',#4523,#4524);
#4523 = CARTESIAN_POINT('',(0.549046970999,1.247136119166,4.2100001));
#4524 = VECTOR('',#4525,1.);
#4525 = DIRECTION('',(5.551115123126E-17,9.84654534872E-19,-1.));
#4526 = PCURVE('',#4499,#4527);
#4527 = DEFINITIONAL_REPRESENTATION('',(#4528),#4532);
#4528 = LINE('',#4529,#4530);
#4529 = CARTESIAN_POINT('',(-0.,0.));
#4530 = VECTOR('',#4531,1.);
#4531 = DIRECTION('',(-2.197406361504E-33,1.));
#4532 = ( GEOMETRIC_REPRESENTATION_CONTEXT(2) 
PARAMETRIC_REPRESENTATION_CONTEXT() REPRESENTATION_CONTEXT('2D SPACE',''
  ) );
#4533 = PCURVE('',#4424,#4534);
#4534 = DEFINITIONAL_REPRESENTATION('',(#4535),#4539);
#4535 = LINE('',#4536,#4537);
#4536 = CARTESIAN_POINT('',(0.,0.));
#4537 = VECTOR('',#4538,1.);
#4538 = DIRECTION('',(0.,1.));
#4539 = ( GEOMETRIC_REPRESENTATION_CONTEXT(2) 
PARAMETRIC_REPRESENTATION_CONTEXT() REPRESENTATION_CONTEXT('2D SPACE',''
  ) );
#4540 = ORIENTED_EDGE('',*,*,#4541,.F.);
#4541 = EDGE_CURVE('',#4542,#4519,#4544,.T.);
#4542 = VERTEX_POINT('',#4543);
#4543 = CARTESIAN_POINT('',(0.514874338641,1.168814178769,3.3000001));
#4544 = SURFACE_CURVE('',#4545,(#4549,#4556),.PCURVE_S1.);
#4545 = LINE('',#4546,#4547);
#4546 = CARTESIAN_POINT('',(5.633130754639E-02,0.117856805229,3.3000001)
  );
#4547 = VECTOR('',#4548,1.);
#4548 = DIRECTION('',(0.399903026066,0.916557455779,1.478028026312E-17)
  );
#4549 = PCURVE('',#4499,#4550);
#4550 = DEFINITIONAL_REPRESENTATION('',(#4551),#4555);
#4551 = LINE('',#4552,#4553);
#4552 = CARTESIAN_POINT('',(1.232087859651,0.91));
#4553 = VECTOR('',#4554,1.);
#4554 = DIRECTION('',(-1.,2.615718405831E-33));
#4555 = ( GEOMETRIC_REPRESENTATION_CONTEXT(2) 
PARAMETRIC_REPRESENTATION_CONTEXT() REPRESENTATION_CONTEXT('2D SPACE',''
  ) );
#4556 = PCURVE('',#977,#4557);
#4557 = DEFINITIONAL_REPRESENTATION('',(#4558),#4562);
#4558 = LINE('',#4559,#4560);
#4559 = CARTESIAN_POINT('',(8.481410631867E-02,-1.551300272988));
#4560 = VECTOR('',#4561,1.);
#4561 = DIRECTION('',(0.651548388866,-0.758607076797));
#4562 = ( GEOMETRIC_REPRESENTATION_CONTEXT(2) 
PARAMETRIC_REPRESENTATION_CONTEXT() REPRESENTATION_CONTEXT('2D SPACE',''
  ) );
#4563 = ORIENTED_EDGE('',*,*,#4564,.F.);
#4564 = EDGE_CURVE('',#4491,#4542,#4565,.T.);
#4565 = SURFACE_CURVE('',#4566,(#4570,#4577),.PCURVE_S1.);
#4566 = LINE('',#4567,#4568);
#4567 = CARTESIAN_POINT('',(0.514874338641,1.168814178769,4.2100001));
#4568 = VECTOR('',#4569,1.);
#4569 = DIRECTION('',(5.551115123126E-17,9.84654534872E-19,-1.));
#4570 = PCURVE('',#4499,#4571);
#4571 = DEFINITIONAL_REPRESENTATION('',(#4572),#4576);
#4572 = LINE('',#4573,#4574);
#4573 = CARTESIAN_POINT('',(8.545229751107E-02,-9.194034422677E-17));
#4574 = VECTOR('',#4575,1.);
#4575 = DIRECTION('',(-2.197406361504E-33,1.));
#4576 = ( GEOMETRIC_REPRESENTATION_CONTEXT(2) 
PARAMETRIC_REPRESENTATION_CONTEXT() REPRESENTATION_CONTEXT('2D SPACE',''
  ) );
#4577 = PCURVE('',#4578,#4583);
#4578 = CYLINDRICAL_SURFACE('',#4579,0.10404056416);
#4579 = AXIS2_PLACEMENT_3D('',#4580,#4581,#4582);
#4580 = CARTESIAN_POINT('',(0.419515183856,1.21042031521,4.2100001));
#4581 = DIRECTION('',(5.551115123126E-17,9.84654534872E-19,-1.));
#4582 = DIRECTION('',(-0.916557455779,0.399903026066,-5.511738490313E-17
    ));
#4583 = DEFINITIONAL_REPRESENTATION('',(#4584),#4588);
#4584 = LINE('',#4585,#4586);
#4585 = CARTESIAN_POINT('',(3.14159265359,0.));
#4586 = VECTOR('',#4587,1.);
#4587 = DIRECTION('',(0.,1.));
#4588 = ( GEOMETRIC_REPRESENTATION_CONTEXT(2) 
PARAMETRIC_REPRESENTATION_CONTEXT() REPRESENTATION_CONTEXT('2D SPACE',''
  ) );
#4589 = ADVANCED_FACE('',(#4590),#4578,.F.);
#4590 = FACE_BOUND('',#4591,.F.);
#4591 = EDGE_LOOP('',(#4592,#4622,#4648,#4649));
#4592 = ORIENTED_EDGE('',*,*,#4593,.T.);
#4593 = EDGE_CURVE('',#4594,#4596,#4598,.T.);
#4594 = VERTEX_POINT('',#4595);
#4595 = CARTESIAN_POINT('',(0.318678189012,1.236039438173,3.8000001));
#4596 = VERTEX_POINT('',#4597);
#4597 = CARTESIAN_POINT('',(0.318678189012,1.236039438173,3.3000001));
#4598 = SURFACE_CURVE('',#4599,(#4603,#4610),.PCURVE_S1.);
#4599 = LINE('',#4600,#4601);
#4600 = CARTESIAN_POINT('',(0.318678189012,1.236039438173,4.2100001));
#4601 = VECTOR('',#4602,1.);
#4602 = DIRECTION('',(5.551115123126E-17,9.84654534872E-19,-1.));
#4603 = PCURVE('',#4578,#4604);
#4604 = DEFINITIONAL_REPRESENTATION('',(#4605),#4609);
#4605 = LINE('',#4606,#4607);
#4606 = CARTESIAN_POINT('',(6.120574874859,0.));
#4607 = VECTOR('',#4608,1.);
#4608 = DIRECTION('',(0.,1.));
#4609 = ( GEOMETRIC_REPRESENTATION_CONTEXT(2) 
PARAMETRIC_REPRESENTATION_CONTEXT() REPRESENTATION_CONTEXT('2D SPACE',''
  ) );
#4610 = PCURVE('',#4611,#4616);
#4611 = PLANE('',#4612);
#4612 = AXIS2_PLACEMENT_3D('',#4613,#4614,#4615);
#4613 = CARTESIAN_POINT('',(0.318678189012,1.236039438173,4.2100001));
#4614 = DIRECTION('',(-0.969208458824,0.246241676699,-1.107798394789E-16
    ));
#4615 = DIRECTION('',(0.246241676699,0.969208458824,1.483212331203E-17)
  );
#4616 = DEFINITIONAL_REPRESENTATION('',(#4617),#4621);
#4617 = LINE('',#4618,#4619);
#4618 = CARTESIAN_POINT('',(0.,0.));
#4619 = VECTOR('',#4620,1.);
#4620 = DIRECTION('',(-1.324826448389E-17,1.));
#4621 = ( GEOMETRIC_REPRESENTATION_CONTEXT(2) 
PARAMETRIC_REPRESENTATION_CONTEXT() REPRESENTATION_CONTEXT('2D SPACE',''
  ) );
#4622 = ORIENTED_EDGE('',*,*,#4623,.T.);
#4623 = EDGE_CURVE('',#4596,#4542,#4624,.T.);
#4624 = SURFACE_CURVE('',#4625,(#4630,#4637),.PCURVE_S1.);
#4625 = CIRCLE('',#4626,0.10404056416);
#4626 = AXIS2_PLACEMENT_3D('',#4627,#4628,#4629);
#4627 = CARTESIAN_POINT('',(0.419515183856,1.21042031521,3.3000001));
#4628 = DIRECTION('',(-5.642892887931E-17,8.494632937932E-18,1.));
#4629 = DIRECTION('',(-0.916557455779,0.399903026066,-5.511738490313E-17
    ));
#4630 = PCURVE('',#4578,#4631);
#4631 = DEFINITIONAL_REPRESENTATION('',(#4632),#4636);
#4632 = LINE('',#4633,#4634);
#4633 = CARTESIAN_POINT('',(6.28318530718,0.91));
#4634 = VECTOR('',#4635,1.);
#4635 = DIRECTION('',(-1.,0.));
#4636 = ( GEOMETRIC_REPRESENTATION_CONTEXT(2) 
PARAMETRIC_REPRESENTATION_CONTEXT() REPRESENTATION_CONTEXT('2D SPACE',''
  ) );
#4637 = PCURVE('',#977,#4638);
#4638 = DEFINITIONAL_REPRESENTATION('',(#4639),#4647);
#4639 = ( BOUNDED_CURVE() B_SPLINE_CURVE(2,(#4640,#4641,#4642,#4643,
#4644,#4645,#4646),.UNSPECIFIED.,.T.,.F.) B_SPLINE_CURVE_WITH_KNOTS((1,2
    ,2,2,2,1),(-2.094395102393,0.,2.094395102393,4.188790204786,
6.28318530718,8.377580409573),.UNSPECIFIED.) CURVE() 
GEOMETRIC_REPRESENTATION_ITEM() RATIONAL_B_SPLINE_CURVE((1.,0.5,1.,0.5,
1.,0.5,1.)) REPRESENTATION_ITEM('') );
#4640 = CARTESIAN_POINT('',(0.674050842956,-2.556721048844));
#4641 = CARTESIAN_POINT('',(0.556639514734,-2.420017365729));
#4642 = CARTESIAN_POINT('',(0.733734041213,-2.386688014354));
#4643 = CARTESIAN_POINT('',(0.910828567693,-2.353358662979));
#4644 = CARTESIAN_POINT('',(0.851145369436,-2.523391697469));
#4645 = CARTESIAN_POINT('',(0.791462171178,-2.693424731959));
#4646 = CARTESIAN_POINT('',(0.674050842956,-2.556721048844));
#4647 = ( GEOMETRIC_REPRESENTATION_CONTEXT(2) 
PARAMETRIC_REPRESENTATION_CONTEXT() REPRESENTATION_CONTEXT('2D SPACE',''
  ) );
#4648 = ORIENTED_EDGE('',*,*,#4564,.F.);
#4649 = ORIENTED_EDGE('',*,*,#4650,.T.);
#4650 = EDGE_CURVE('',#4491,#4594,#4651,.T.);
#4651 = SURFACE_CURVE('',#4652,(#4657,#4664),.PCURVE_S1.);
#4652 = CIRCLE('',#4653,0.10404056416);
#4653 = AXIS2_PLACEMENT_3D('',#4654,#4655,#4656);
#4654 = CARTESIAN_POINT('',(0.419515183856,1.21042031521,3.8000001));
#4655 = DIRECTION('',(5.642892887931E-17,-8.494632937932E-18,-1.));
#4656 = DIRECTION('',(-0.916557455779,0.399903026066,-5.511738490313E-17
    ));
#4657 = PCURVE('',#4578,#4658);
#4658 = DEFINITIONAL_REPRESENTATION('',(#4659),#4663);
#4659 = LINE('',#4660,#4661);
#4660 = CARTESIAN_POINT('',(-2.22044604925E-15,0.41));
#4661 = VECTOR('',#4662,1.);
#4662 = DIRECTION('',(1.,0.));
#4663 = ( GEOMETRIC_REPRESENTATION_CONTEXT(2) 
PARAMETRIC_REPRESENTATION_CONTEXT() REPRESENTATION_CONTEXT('2D SPACE',''
  ) );
#4664 = PCURVE('',#880,#4665);
#4665 = DEFINITIONAL_REPRESENTATION('',(#4666),#4674);
#4666 = ( BOUNDED_CURVE() B_SPLINE_CURVE(2,(#4667,#4668,#4669,#4670,
#4671,#4672,#4673),.UNSPECIFIED.,.T.,.F.) B_SPLINE_CURVE_WITH_KNOTS((1,2
    ,2,2,2,1),(-2.094395102393,0.,2.094395102393,4.188790204786,
6.28318530718,8.377580409573),.UNSPECIFIED.) CURVE() 
GEOMETRIC_REPRESENTATION_ITEM() RATIONAL_B_SPLINE_CURVE((1.,0.5,1.,0.5,
1.,0.5,1.)) REPRESENTATION_ITEM('') );
#4667 = CARTESIAN_POINT('',(-0.674050842956,-1.354171048844));
#4668 = CARTESIAN_POINT('',(-0.791462171178,-1.490874731959));
#4669 = CARTESIAN_POINT('',(-0.851145369436,-1.320841697469));
#4670 = CARTESIAN_POINT('',(-0.910828567693,-1.150808662979));
#4671 = CARTESIAN_POINT('',(-0.733734041213,-1.184138014354));
#4672 = CARTESIAN_POINT('',(-0.556639514734,-1.217467365729));
#4673 = CARTESIAN_POINT('',(-0.674050842956,-1.354171048844));
#4674 = ( GEOMETRIC_REPRESENTATION_CONTEXT(2) 
PARAMETRIC_REPRESENTATION_CONTEXT() REPRESENTATION_CONTEXT('2D SPACE',''
  ) );
#4675 = ADVANCED_FACE('',(#4676),#4611,.F.);
#4676 = FACE_BOUND('',#4677,.T.);
#4677 = EDGE_LOOP('',(#4678,#4701,#4702,#4725));
#4678 = ORIENTED_EDGE('',*,*,#4679,.F.);
#4679 = EDGE_CURVE('',#4594,#4680,#4682,.T.);
#4680 = VERTEX_POINT('',#4681);
#4681 = CARTESIAN_POINT('',(0.339720106029,1.318860527747,3.8000001));
#4682 = SURFACE_CURVE('',#4683,(#4687,#4694),.PCURVE_S1.);
#4683 = LINE('',#4684,#4685);
#4684 = CARTESIAN_POINT('',(0.135187612515,0.513819620477,3.8000001));
#4685 = VECTOR('',#4686,1.);
#4686 = DIRECTION('',(0.246241676699,0.969208458824,1.483212331203E-17)
  );
#4687 = PCURVE('',#4611,#4688);
#4688 = DEFINITIONAL_REPRESENTATION('',(#4689),#4693);
#4689 = LINE('',#4690,#4691);
#4690 = CARTESIAN_POINT('',(-0.745164583656,0.41));
#4691 = VECTOR('',#4692,1.);
#4692 = DIRECTION('',(1.,1.387778780781E-17));
#4693 = ( GEOMETRIC_REPRESENTATION_CONTEXT(2) 
PARAMETRIC_REPRESENTATION_CONTEXT() REPRESENTATION_CONTEXT('2D SPACE',''
  ) );
#4694 = PCURVE('',#880,#4695);
#4695 = DEFINITIONAL_REPRESENTATION('',(#4696),#4700);
#4696 = LINE('',#4697,#4698);
#4697 = CARTESIAN_POINT('',(-0.276528674752,-0.704067584899));
#4698 = VECTOR('',#4699,1.);
#4699 = DIRECTION('',(-0.520138678878,-0.854081819696));
#4700 = ( GEOMETRIC_REPRESENTATION_CONTEXT(2) 
PARAMETRIC_REPRESENTATION_CONTEXT() REPRESENTATION_CONTEXT('2D SPACE',''
  ) );
#4701 = ORIENTED_EDGE('',*,*,#4593,.T.);
#4702 = ORIENTED_EDGE('',*,*,#4703,.F.);
#4703 = EDGE_CURVE('',#4704,#4596,#4706,.T.);
#4704 = VERTEX_POINT('',#4705);
#4705 = CARTESIAN_POINT('',(0.339720106029,1.318860527747,3.3000001));
#4706 = SURFACE_CURVE('',#4707,(#4711,#4718),.PCURVE_S1.);
#4707 = LINE('',#4708,#4709);
#4708 = CARTESIAN_POINT('',(8.733142985716E-03,1.60942022325E-02,
    3.3000001));
#4709 = VECTOR('',#4710,1.);
#4710 = DIRECTION('',(-0.246241676699,-0.969208458824,
    -1.483212331203E-17));
#4711 = PCURVE('',#4611,#4712);
#4712 = DEFINITIONAL_REPRESENTATION('',(#4713),#4717);
#4713 = LINE('',#4714,#4715);
#4714 = CARTESIAN_POINT('',(-1.258702629794,0.91));
#4715 = VECTOR('',#4716,1.);
#4716 = DIRECTION('',(-1.,-1.387778780781E-17));
#4717 = ( GEOMETRIC_REPRESENTATION_CONTEXT(2) 
PARAMETRIC_REPRESENTATION_CONTEXT() REPRESENTATION_CONTEXT('2D SPACE',''
  ) );
#4718 = PCURVE('',#977,#4719);
#4719 = DEFINITIONAL_REPRESENTATION('',(#4720),#4724);
#4720 = LINE('',#4721,#4722);
#4721 = CARTESIAN_POINT('',(9.417673880506E-03,-1.46801407597));
#4722 = VECTOR('',#4723,1.);
#4723 = DIRECTION('',(-0.520138678878,0.854081819696));
#4724 = ( GEOMETRIC_REPRESENTATION_CONTEXT(2) 
PARAMETRIC_REPRESENTATION_CONTEXT() REPRESENTATION_CONTEXT('2D SPACE',''
  ) );
#4725 = ORIENTED_EDGE('',*,*,#4726,.F.);
#4726 = EDGE_CURVE('',#4680,#4704,#4727,.T.);
#4727 = SURFACE_CURVE('',#4728,(#4732,#4739),.PCURVE_S1.);
#4728 = LINE('',#4729,#4730);
#4729 = CARTESIAN_POINT('',(0.339720106029,1.318860527747,4.2100001));
#4730 = VECTOR('',#4731,1.);
#4731 = DIRECTION('',(5.551115123126E-17,9.84654534872E-19,-1.));
#4732 = PCURVE('',#4611,#4733);
#4733 = DEFINITIONAL_REPRESENTATION('',(#4734),#4738);
#4734 = LINE('',#4735,#4736);
#4735 = CARTESIAN_POINT('',(8.545229751107E-02,-9.540979117872E-18));
#4736 = VECTOR('',#4737,1.);
#4737 = DIRECTION('',(-1.324826448389E-17,1.));
#4738 = ( GEOMETRIC_REPRESENTATION_CONTEXT(2) 
PARAMETRIC_REPRESENTATION_CONTEXT() REPRESENTATION_CONTEXT('2D SPACE',''
  ) );
#4739 = PCURVE('',#4740,#4745);
#4740 = CYLINDRICAL_SURFACE('',#4741,9.35E-02);
#4741 = AXIS2_PLACEMENT_3D('',#4742,#4743,#4744);
#4742 = CARTESIAN_POINT('',(0.249099115129,1.341884124518,4.2100001));
#4743 = DIRECTION('',(5.551115123126E-17,9.84654534872E-19,-1.));
#4744 = DIRECTION('',(0.535546585128,0.844505686871,2.858712196993E-17)
  );
#4745 = DEFINITIONAL_REPRESENTATION('',(#4746),#4750);
#4746 = LINE('',#4747,#4748);
#4747 = CARTESIAN_POINT('',(1.254442096415,0.));
#4748 = VECTOR('',#4749,1.);
#4749 = DIRECTION('',(0.,1.));
#4750 = ( GEOMETRIC_REPRESENTATION_CONTEXT(2) 
PARAMETRIC_REPRESENTATION_CONTEXT() REPRESENTATION_CONTEXT('2D SPACE',''
  ) );
#4751 = ADVANCED_FACE('',(#4752),#4740,.T.);
#4752 = FACE_BOUND('',#4753,.T.);
#4753 = EDGE_LOOP('',(#4754,#4778,#4779,#4803));
#4754 = ORIENTED_EDGE('',*,*,#4755,.F.);
#4755 = EDGE_CURVE('',#4680,#4756,#4758,.T.);
#4756 = VERTEX_POINT('',#4757);
#4757 = CARTESIAN_POINT('',(0.299172720838,1.420845406241,3.8000001));
#4758 = SURFACE_CURVE('',#4759,(#4764,#4771),.PCURVE_S1.);
#4759 = CIRCLE('',#4760,9.35E-02);
#4760 = AXIS2_PLACEMENT_3D('',#4761,#4762,#4763);
#4761 = CARTESIAN_POINT('',(0.249099115129,1.341884124518,3.8000001));
#4762 = DIRECTION('',(-8.518362808856E-17,2.016881523298E-17,1.));
#4763 = DIRECTION('',(0.535546585128,0.844505686871,2.858712196993E-17)
  );
#4764 = PCURVE('',#4740,#4765);
#4765 = DEFINITIONAL_REPRESENTATION('',(#4766),#4770);
#4766 = LINE('',#4767,#4768);
#4767 = CARTESIAN_POINT('',(6.28318530718,0.41));
#4768 = VECTOR('',#4769,1.);
#4769 = DIRECTION('',(-1.,0.));
#4770 = ( GEOMETRIC_REPRESENTATION_CONTEXT(2) 
PARAMETRIC_REPRESENTATION_CONTEXT() REPRESENTATION_CONTEXT('2D SPACE',''
  ) );
#4771 = PCURVE('',#880,#4772);
#4772 = DEFINITIONAL_REPRESENTATION('',(#4773),#4777);
#4773 = CIRCLE('',#4774,9.35E-02);
#4774 = AXIS2_PLACEMENT_2D('',#4775,#4776);
#4775 = CARTESIAN_POINT('',(-0.628707991835,-1.462115328711));
#4776 = DIRECTION('',(-0.760035374137,-0.649881704667));
#4777 = ( GEOMETRIC_REPRESENTATION_CONTEXT(2) 
PARAMETRIC_REPRESENTATION_CONTEXT() REPRESENTATION_CONTEXT('2D SPACE',''
  ) );
#4778 = ORIENTED_EDGE('',*,*,#4726,.T.);
#4779 = ORIENTED_EDGE('',*,*,#4780,.F.);
#4780 = EDGE_CURVE('',#4781,#4704,#4783,.T.);
#4781 = VERTEX_POINT('',#4782);
#4782 = CARTESIAN_POINT('',(0.299172720838,1.420845406241,3.3000001));
#4783 = SURFACE_CURVE('',#4784,(#4789,#4796),.PCURVE_S1.);
#4784 = CIRCLE('',#4785,9.35E-02);
#4785 = AXIS2_PLACEMENT_3D('',#4786,#4787,#4788);
#4786 = CARTESIAN_POINT('',(0.249099115129,1.341884124518,3.3000001));
#4787 = DIRECTION('',(8.518362808856E-17,-2.016881523298E-17,-1.));
#4788 = DIRECTION('',(0.535546585128,0.844505686871,2.858712196993E-17)
  );
#4789 = PCURVE('',#4740,#4790);
#4790 = DEFINITIONAL_REPRESENTATION('',(#4791),#4795);
#4791 = LINE('',#4792,#4793);
#4792 = CARTESIAN_POINT('',(0.,0.91));
#4793 = VECTOR('',#4794,1.);
#4794 = DIRECTION('',(1.,0.));
#4795 = ( GEOMETRIC_REPRESENTATION_CONTEXT(2) 
PARAMETRIC_REPRESENTATION_CONTEXT() REPRESENTATION_CONTEXT('2D SPACE',''
  ) );
#4796 = PCURVE('',#977,#4797);
#4797 = DEFINITIONAL_REPRESENTATION('',(#4798),#4802);
#4798 = CIRCLE('',#4799,9.35E-02);
#4799 = AXIS2_PLACEMENT_2D('',#4800,#4801);
#4800 = CARTESIAN_POINT('',(0.628707991835,-2.664665328711));
#4801 = DIRECTION('',(0.760035374137,-0.649881704667));
#4802 = ( GEOMETRIC_REPRESENTATION_CONTEXT(2) 
PARAMETRIC_REPRESENTATION_CONTEXT() REPRESENTATION_CONTEXT('2D SPACE',''
  ) );
#4803 = ORIENTED_EDGE('',*,*,#4804,.F.);
#4804 = EDGE_CURVE('',#4756,#4781,#4805,.T.);
#4805 = SURFACE_CURVE('',#4806,(#4810,#4817),.PCURVE_S1.);
#4806 = LINE('',#4807,#4808);
#4807 = CARTESIAN_POINT('',(0.299172720838,1.420845406241,4.2100001));
#4808 = VECTOR('',#4809,1.);
#4809 = DIRECTION('',(5.551115123126E-17,9.84654534872E-19,-1.));
#4810 = PCURVE('',#4740,#4811);
#4811 = DEFINITIONAL_REPRESENTATION('',(#4812),#4816);
#4812 = LINE('',#4813,#4814);
#4813 = CARTESIAN_POINT('',(0.,0.));
#4814 = VECTOR('',#4815,1.);
#4815 = DIRECTION('',(0.,1.));
#4816 = ( GEOMETRIC_REPRESENTATION_CONTEXT(2) 
PARAMETRIC_REPRESENTATION_CONTEXT() REPRESENTATION_CONTEXT('2D SPACE',''
  ) );
#4817 = PCURVE('',#4818,#4823);
#4818 = CYLINDRICAL_SURFACE('',#4819,9.35E-02);
#4819 = AXIS2_PLACEMENT_3D('',#4820,#4821,#4822);
#4820 = CARTESIAN_POINT('',(0.313724625424,1.328484743224,4.2100001));
#4821 = DIRECTION('',(5.551115123126E-17,9.84654534872E-19,-1.));
#4822 = DIRECTION('',(-0.987213956303,0.159400766874,-5.535419654329E-17
    ));
#4823 = DEFINITIONAL_REPRESENTATION('',(#4824),#4828);
#4824 = LINE('',#4825,#4826);
#4825 = CARTESIAN_POINT('',(1.254442096415,0.));
#4826 = VECTOR('',#4827,1.);
#4827 = DIRECTION('',(0.,1.));
#4828 = ( GEOMETRIC_REPRESENTATION_CONTEXT(2) 
PARAMETRIC_REPRESENTATION_CONTEXT() REPRESENTATION_CONTEXT('2D SPACE',''
  ) );
#4829 = ADVANCED_FACE('',(#4830),#4424,.T.);
#4830 = FACE_BOUND('',#4831,.T.);
#4831 = EDGE_LOOP('',(#4832,#4854,#4855,#4877));
#4832 = ORIENTED_EDGE('',*,*,#4833,.F.);
#4833 = EDGE_CURVE('',#4362,#4489,#4834,.T.);
#4834 = SURFACE_CURVE('',#4835,(#4840,#4847),.PCURVE_S1.);
#4835 = CIRCLE('',#4836,9.35E-02);
#4836 = AXIS2_PLACEMENT_3D('',#4837,#4838,#4839);
#4837 = CARTESIAN_POINT('',(0.634745093115,1.209745186229,3.8000001));
#4838 = DIRECTION('',(-6.75284675582E-17,-1.6944946832E-17,1.));
#4839 = DIRECTION('',(-0.916557455779,0.399903026066,-5.511738490313E-17
    ));
#4840 = PCURVE('',#4424,#4841);
#4841 = DEFINITIONAL_REPRESENTATION('',(#4842),#4846);
#4842 = LINE('',#4843,#4844);
#4843 = CARTESIAN_POINT('',(6.28318530718,0.41));
#4844 = VECTOR('',#4845,1.);
#4845 = DIRECTION('',(-1.,0.));
#4846 = ( GEOMETRIC_REPRESENTATION_CONTEXT(2) 
PARAMETRIC_REPRESENTATION_CONTEXT() REPRESENTATION_CONTEXT('2D SPACE',''
  ) );
#4847 = PCURVE('',#880,#4848);
#4848 = DEFINITIONAL_REPRESENTATION('',(#4849),#4853);
#4849 = CIRCLE('',#4850,9.35E-02);
#4850 = AXIS2_PLACEMENT_2D('',#4851,#4852);
#4851 = CARTESIAN_POINT('',(-0.958508727896,-1.222501068195));
#4852 = DIRECTION('',(0.758607076797,-0.651548388866));
#4853 = ( GEOMETRIC_REPRESENTATION_CONTEXT(2) 
PARAMETRIC_REPRESENTATION_CONTEXT() REPRESENTATION_CONTEXT('2D SPACE',''
  ) );
#4854 = ORIENTED_EDGE('',*,*,#4410,.T.);
#4855 = ORIENTED_EDGE('',*,*,#4856,.F.);
#4856 = EDGE_CURVE('',#4519,#4387,#4857,.T.);
#4857 = SURFACE_CURVE('',#4858,(#4863,#4870),.PCURVE_S1.);
#4858 = CIRCLE('',#4859,9.35E-02);
#4859 = AXIS2_PLACEMENT_3D('',#4860,#4861,#4862);
#4860 = CARTESIAN_POINT('',(0.634745093115,1.209745186229,3.3000001));
#4861 = DIRECTION('',(6.75284675582E-17,1.6944946832E-17,-1.));
#4862 = DIRECTION('',(-0.916557455779,0.399903026066,-5.511738490313E-17
    ));
#4863 = PCURVE('',#4424,#4864);
#4864 = DEFINITIONAL_REPRESENTATION('',(#4865),#4869);
#4865 = LINE('',#4866,#4867);
#4866 = CARTESIAN_POINT('',(0.,0.91));
#4867 = VECTOR('',#4868,1.);
#4868 = DIRECTION('',(1.,0.));
#4869 = ( GEOMETRIC_REPRESENTATION_CONTEXT(2) 
PARAMETRIC_REPRESENTATION_CONTEXT() REPRESENTATION_CONTEXT('2D SPACE',''
  ) );
#4870 = PCURVE('',#977,#4871);
#4871 = DEFINITIONAL_REPRESENTATION('',(#4872),#4876);
#4872 = CIRCLE('',#4873,9.35E-02);
#4873 = AXIS2_PLACEMENT_2D('',#4874,#4875);
#4874 = CARTESIAN_POINT('',(0.958508727896,-2.425051068195));
#4875 = DIRECTION('',(-0.758607076797,-0.651548388866));
#4876 = ( GEOMETRIC_REPRESENTATION_CONTEXT(2) 
PARAMETRIC_REPRESENTATION_CONTEXT() REPRESENTATION_CONTEXT('2D SPACE',''
  ) );
#4877 = ORIENTED_EDGE('',*,*,#4518,.F.);
#4878 = ADVANCED_FACE('',(#4879),#4893,.F.);
#4879 = FACE_BOUND('',#4880,.T.);
#4880 = EDGE_LOOP('',(#4881,#4911,#4934,#4957));
#4881 = ORIENTED_EDGE('',*,*,#4882,.F.);
#4882 = EDGE_CURVE('',#4883,#4885,#4887,.T.);
#4883 = VERTEX_POINT('',#4884);
#4884 = CARTESIAN_POINT('',(0.22142012051,1.343388714927,3.8000001));
#4885 = VERTEX_POINT('',#4886);
#4886 = CARTESIAN_POINT('',(0.207798958755,1.259029014225,3.8000001));
#4887 = SURFACE_CURVE('',#4888,(#4892,#4904),.PCURVE_S1.);
#4888 = LINE('',#4889,#4890);
#4889 = CARTESIAN_POINT('',(9.497841956111E-02,0.560299559943,3.8000001)
  );
#4890 = VECTOR('',#4891,1.);
#4891 = DIRECTION('',(-0.159400766874,-0.987213956303,
    -2.178874641068E-17));
#4892 = PCURVE('',#4893,#4898);
#4893 = PLANE('',#4894);
#4894 = AXIS2_PLACEMENT_3D('',#4895,#4896,#4897);
#4895 = CARTESIAN_POINT('',(0.22142012051,1.343388714927,4.2100001));
#4896 = DIRECTION('',(0.987213956303,-0.159400766874,5.535419654329E-17)
  );
#4897 = DIRECTION('',(-0.159400766874,-0.987213956303,
    -2.178874641068E-17));
#4898 = DEFINITIONAL_REPRESENTATION('',(#4899),#4903);
#4899 = LINE('',#4900,#4901);
#4900 = CARTESIAN_POINT('',(0.793231446926,0.41));
#4901 = VECTOR('',#4902,1.);
#4902 = DIRECTION('',(1.,1.387778780781E-17));
#4903 = ( GEOMETRIC_REPRESENTATION_CONTEXT(2) 
PARAMETRIC_REPRESENTATION_CONTEXT() REPRESENTATION_CONTEXT('2D SPACE',''
  ) );
#4904 = PCURVE('',#880,#4905);
#4905 = DEFINITIONAL_REPRESENTATION('',(#4906),#4910);
#4906 = LINE('',#4907,#4908);
#4907 = CARTESIAN_POINT('',(-0.251750565565,-0.760310000173));
#4908 = VECTOR('',#4909,1.);
#4909 = DIRECTION('',(0.442420889785,0.896807535808));
#4910 = ( GEOMETRIC_REPRESENTATION_CONTEXT(2) 
PARAMETRIC_REPRESENTATION_CONTEXT() REPRESENTATION_CONTEXT('2D SPACE',''
  ) );
#4911 = ORIENTED_EDGE('',*,*,#4912,.T.);
#4912 = EDGE_CURVE('',#4883,#4913,#4915,.T.);
#4913 = VERTEX_POINT('',#4914);
#4914 = CARTESIAN_POINT('',(0.22142012051,1.343388714927,3.3000001));
#4915 = SURFACE_CURVE('',#4916,(#4920,#4927),.PCURVE_S1.);
#4916 = LINE('',#4917,#4918);
#4917 = CARTESIAN_POINT('',(0.22142012051,1.343388714927,4.2100001));
#4918 = VECTOR('',#4919,1.);
#4919 = DIRECTION('',(5.551115123126E-17,9.84654534872E-19,-1.));
#4920 = PCURVE('',#4893,#4921);
#4921 = DEFINITIONAL_REPRESENTATION('',(#4922),#4926);
#4922 = LINE('',#4923,#4924);
#4923 = CARTESIAN_POINT('',(-0.,0.));
#4924 = VECTOR('',#4925,1.);
#4925 = DIRECTION('',(1.387778780781E-17,1.));
#4926 = ( GEOMETRIC_REPRESENTATION_CONTEXT(2) 
PARAMETRIC_REPRESENTATION_CONTEXT() REPRESENTATION_CONTEXT('2D SPACE',''
  ) );
#4927 = PCURVE('',#4818,#4928);
#4928 = DEFINITIONAL_REPRESENTATION('',(#4929),#4933);
#4929 = LINE('',#4930,#4931);
#4930 = CARTESIAN_POINT('',(0.,0.));
#4931 = VECTOR('',#4932,1.);
#4932 = DIRECTION('',(0.,1.));
#4933 = ( GEOMETRIC_REPRESENTATION_CONTEXT(2) 
PARAMETRIC_REPRESENTATION_CONTEXT() REPRESENTATION_CONTEXT('2D SPACE',''
  ) );
#4934 = ORIENTED_EDGE('',*,*,#4935,.F.);
#4935 = EDGE_CURVE('',#4936,#4913,#4938,.T.);
#4936 = VERTEX_POINT('',#4937);
#4937 = CARTESIAN_POINT('',(0.207798958755,1.259029014225,3.3000001));
#4938 = SURFACE_CURVE('',#4939,(#4943,#4950),.PCURVE_S1.);
#4939 = LINE('',#4940,#4941);
#4940 = CARTESIAN_POINT('',(9.025070637057E-03,2.796620099489E-02,
    3.3000001));
#4941 = VECTOR('',#4942,1.);
#4942 = DIRECTION('',(0.159400766874,0.987213956303,2.178874641068E-17)
  );
#4943 = PCURVE('',#4893,#4944);
#4944 = DEFINITIONAL_REPRESENTATION('',(#4945),#4949);
#4945 = LINE('',#4946,#4947);
#4946 = CARTESIAN_POINT('',(1.332459398019,0.91));
#4947 = VECTOR('',#4948,1.);
#4948 = DIRECTION('',(-1.,-1.387778780781E-17));
#4949 = ( GEOMETRIC_REPRESENTATION_CONTEXT(2) 
PARAMETRIC_REPRESENTATION_CONTEXT() REPRESENTATION_CONTEXT('2D SPACE',''
  ) );
#4950 = PCURVE('',#977,#4951);
#4951 = DEFINITIONAL_REPRESENTATION('',(#4952),#4956);
#4952 = LINE('',#4953,#4954);
#4953 = CARTESIAN_POINT('',(1.318485564549E-02,-1.479276310114));
#4954 = VECTOR('',#4955,1.);
#4955 = DIRECTION('',(0.442420889785,-0.896807535808));
#4956 = ( GEOMETRIC_REPRESENTATION_CONTEXT(2) 
PARAMETRIC_REPRESENTATION_CONTEXT() REPRESENTATION_CONTEXT('2D SPACE',''
  ) );
#4957 = ORIENTED_EDGE('',*,*,#4958,.F.);
#4958 = EDGE_CURVE('',#4885,#4936,#4959,.T.);
#4959 = SURFACE_CURVE('',#4960,(#4964,#4971),.PCURVE_S1.);
#4960 = LINE('',#4961,#4962);
#4961 = CARTESIAN_POINT('',(0.207798958755,1.259029014225,4.2100001));
#4962 = VECTOR('',#4963,1.);
#4963 = DIRECTION('',(5.551115123126E-17,9.84654534872E-19,-1.));
#4964 = PCURVE('',#4893,#4965);
#4965 = DEFINITIONAL_REPRESENTATION('',(#4966),#4970);
#4966 = LINE('',#4967,#4968);
#4967 = CARTESIAN_POINT('',(8.545229751107E-02,-7.112366251505E-17));
#4968 = VECTOR('',#4969,1.);
#4969 = DIRECTION('',(1.387778780781E-17,1.));
#4970 = ( GEOMETRIC_REPRESENTATION_CONTEXT(2) 
PARAMETRIC_REPRESENTATION_CONTEXT() REPRESENTATION_CONTEXT('2D SPACE',''
  ) );
#4971 = PCURVE('',#4972,#4977);
#4972 = CYLINDRICAL_SURFACE('',#4973,0.10404056416);
#4973 = AXIS2_PLACEMENT_3D('',#4974,#4975,#4976);
#4974 = CARTESIAN_POINT('',(0.105088661795,1.275613159939,4.2100001));
#4975 = DIRECTION('',(5.551115123126E-17,9.84654534872E-19,-1.));
#4976 = DIRECTION('',(-0.987213956303,0.159400766874,1.569546879645E-19)
  );
#4977 = DEFINITIONAL_REPRESENTATION('',(#4978),#4982);
#4978 = LINE('',#4979,#4980);
#4979 = CARTESIAN_POINT('',(3.14159265359,0.));
#4980 = VECTOR('',#4981,1.);
#4981 = DIRECTION('',(0.,1.));
#4982 = ( GEOMETRIC_REPRESENTATION_CONTEXT(2) 
PARAMETRIC_REPRESENTATION_CONTEXT() REPRESENTATION_CONTEXT('2D SPACE',''
  ) );
#4983 = ADVANCED_FACE('',(#4984),#4972,.F.);
#4984 = FACE_BOUND('',#4985,.F.);
#4985 = EDGE_LOOP('',(#4986,#5016,#5042,#5043));
#4986 = ORIENTED_EDGE('',*,*,#4987,.T.);
#4987 = EDGE_CURVE('',#4988,#4990,#4992,.T.);
#4988 = VERTEX_POINT('',#4989);
#4989 = CARTESIAN_POINT('',(1.048429770675E-03,1.275350270174,3.8000001)
  );
#4990 = VERTEX_POINT('',#4991);
#4991 = CARTESIAN_POINT('',(1.048429770675E-03,1.275350270174,3.3000001)
  );
#4992 = SURFACE_CURVE('',#4993,(#4997,#5004),.PCURVE_S1.);
#4993 = LINE('',#4994,#4995);
#4994 = CARTESIAN_POINT('',(1.048429770675E-03,1.275350270174,4.2100001)
  );
#4995 = VECTOR('',#4996,1.);
#4996 = DIRECTION('',(5.551115123126E-17,9.84654534872E-19,-1.));
#4997 = PCURVE('',#4972,#4998);
#4998 = DEFINITIONAL_REPRESENTATION('',(#4999),#5003);
#4999 = LINE('',#5000,#5001);
#5000 = CARTESIAN_POINT('',(6.120574874859,0.));
#5001 = VECTOR('',#5002,1.);
#5002 = DIRECTION('',(0.,1.));
#5003 = ( GEOMETRIC_REPRESENTATION_CONTEXT(2) 
PARAMETRIC_REPRESENTATION_CONTEXT() REPRESENTATION_CONTEXT('2D SPACE',''
  ) );
#5004 = PCURVE('',#5005,#5010);
#5005 = PLANE('',#5006);
#5006 = AXIS2_PLACEMENT_3D('',#5007,#5008,#5009);
#5007 = CARTESIAN_POINT('',(1.048429770675E-03,1.275350270174,4.2100001)
  );
#5008 = DIRECTION('',(-0.999996807634,-2.526800645348E-03,
    -5.551363925697E-17));
#5009 = DIRECTION('',(-2.526800645348E-03,0.999996807634,
    4.562518560697E-18));
#5010 = DEFINITIONAL_REPRESENTATION('',(#5011),#5015);
#5011 = LINE('',#5012,#5013);
#5012 = CARTESIAN_POINT('',(0.,0.));
#5013 = VECTOR('',#5014,1.);
#5014 = DIRECTION('',(-3.686287386451E-18,1.));
#5015 = ( GEOMETRIC_REPRESENTATION_CONTEXT(2) 
PARAMETRIC_REPRESENTATION_CONTEXT() REPRESENTATION_CONTEXT('2D SPACE',''
  ) );
#5016 = ORIENTED_EDGE('',*,*,#5017,.T.);
#5017 = EDGE_CURVE('',#4990,#4936,#5018,.T.);
#5018 = SURFACE_CURVE('',#5019,(#5024,#5031),.PCURVE_S1.);
#5019 = CIRCLE('',#5020,0.10404056416);
#5020 = AXIS2_PLACEMENT_3D('',#5021,#5022,#5023);
#5021 = CARTESIAN_POINT('',(0.105088661795,1.275613159939,3.3000001));
#5022 = DIRECTION('',(-7.222237291452E-35,-9.84654534872E-19,1.));
#5023 = DIRECTION('',(-0.987213956303,0.159400766874,1.569546879645E-19)
  );
#5024 = PCURVE('',#4972,#5025);
#5025 = DEFINITIONAL_REPRESENTATION('',(#5026),#5030);
#5026 = LINE('',#5027,#5028);
#5027 = CARTESIAN_POINT('',(6.28318530718,0.91));
#5028 = VECTOR('',#5029,1.);
#5029 = DIRECTION('',(-1.,0.));
#5030 = ( GEOMETRIC_REPRESENTATION_CONTEXT(2) 
PARAMETRIC_REPRESENTATION_CONTEXT() REPRESENTATION_CONTEXT('2D SPACE',''
  ) );
#5031 = PCURVE('',#977,#5032);
#5032 = DEFINITIONAL_REPRESENTATION('',(#5033),#5041);
#5033 = ( BOUNDED_CURVE() B_SPLINE_CURVE(2,(#5034,#5035,#5036,#5037,
#5038,#5039,#5040),.UNSPECIFIED.,.T.,.F.) B_SPLINE_CURVE_WITH_KNOTS((1,2
    ,2,2,2,1),(-2.094395102393,0.,2.094395102393,4.188790204786,
6.28318530718,8.377580409573),.UNSPECIFIED.) CURVE() 
GEOMETRIC_REPRESENTATION_ITEM() RATIONAL_B_SPLINE_CURVE((1.,0.5,1.,0.5,
1.,0.5,1.)) REPRESENTATION_ITEM('') );
#5034 = CARTESIAN_POINT('',(0.378278122684,-2.689661112994));
#5035 = CARTESIAN_POINT('',(0.298552310771,-2.528053217497));
#5036 = CARTESIAN_POINT('',(0.47837175968,-2.539812586792));
#5037 = CARTESIAN_POINT('',(0.658191208589,-2.551571956086));
#5038 = CARTESIAN_POINT('',(0.558097571593,-2.701420482289));
#5039 = CARTESIAN_POINT('',(0.458003934597,-2.851269008491));
#5040 = CARTESIAN_POINT('',(0.378278122684,-2.689661112994));
#5041 = ( GEOMETRIC_REPRESENTATION_CONTEXT(2) 
PARAMETRIC_REPRESENTATION_CONTEXT() REPRESENTATION_CONTEXT('2D SPACE',''
  ) );
#5042 = ORIENTED_EDGE('',*,*,#4958,.F.);
#5043 = ORIENTED_EDGE('',*,*,#5044,.T.);
#5044 = EDGE_CURVE('',#4885,#4988,#5045,.T.);
#5045 = SURFACE_CURVE('',#5046,(#5051,#5058),.PCURVE_S1.);
#5046 = CIRCLE('',#5047,0.10404056416);
#5047 = AXIS2_PLACEMENT_3D('',#5048,#5049,#5050);
#5048 = CARTESIAN_POINT('',(0.105088661795,1.275613159939,3.8000001));
#5049 = DIRECTION('',(7.222237291452E-35,9.84654534872E-19,-1.));
#5050 = DIRECTION('',(-0.987213956303,0.159400766874,1.569546879645E-19)
  );
#5051 = PCURVE('',#4972,#5052);
#5052 = DEFINITIONAL_REPRESENTATION('',(#5053),#5057);
#5053 = LINE('',#5054,#5055);
#5054 = CARTESIAN_POINT('',(0.,0.41));
#5055 = VECTOR('',#5056,1.);
#5056 = DIRECTION('',(1.,0.));
#5057 = ( GEOMETRIC_REPRESENTATION_CONTEXT(2) 
PARAMETRIC_REPRESENTATION_CONTEXT() REPRESENTATION_CONTEXT('2D SPACE',''
  ) );
#5058 = PCURVE('',#880,#5059);
#5059 = DEFINITIONAL_REPRESENTATION('',(#5060),#5068);
#5060 = ( BOUNDED_CURVE() B_SPLINE_CURVE(2,(#5061,#5062,#5063,#5064,
#5065,#5066,#5067),.UNSPECIFIED.,.T.,.F.) B_SPLINE_CURVE_WITH_KNOTS((1,2
    ,2,2,2,1),(-2.094395102393,0.,2.094395102393,4.188790204786,
6.28318530718,8.377580409573),.UNSPECIFIED.) CURVE() 
GEOMETRIC_REPRESENTATION_ITEM() RATIONAL_B_SPLINE_CURVE((1.,0.5,1.,0.5,
1.,0.5,1.)) REPRESENTATION_ITEM('') );
#5061 = CARTESIAN_POINT('',(-0.378278122684,-1.487111112994));
#5062 = CARTESIAN_POINT('',(-0.458003934597,-1.648719008491));
#5063 = CARTESIAN_POINT('',(-0.558097571593,-1.498870482289));
#5064 = CARTESIAN_POINT('',(-0.658191208589,-1.349021956086));
#5065 = CARTESIAN_POINT('',(-0.47837175968,-1.337262586792));
#5066 = CARTESIAN_POINT('',(-0.298552310771,-1.325503217497));
#5067 = CARTESIAN_POINT('',(-0.378278122684,-1.487111112994));
#5068 = ( GEOMETRIC_REPRESENTATION_CONTEXT(2) 
PARAMETRIC_REPRESENTATION_CONTEXT() REPRESENTATION_CONTEXT('2D SPACE',''
  ) );
#5069 = ADVANCED_FACE('',(#5070),#5005,.F.);
#5070 = FACE_BOUND('',#5071,.T.);
#5071 = EDGE_LOOP('',(#5072,#5095,#5096,#5119));
#5072 = ORIENTED_EDGE('',*,*,#5073,.F.);
#5073 = EDGE_CURVE('',#4988,#5074,#5076,.T.);
#5074 = VERTEX_POINT('',#5075);
#5075 = CARTESIAN_POINT('',(8.325088501766E-04,1.36080229489,3.8000001)
  );
#5076 = SURFACE_CURVE('',#5077,(#5081,#5088),.PCURVE_S1.);
#5077 = LINE('',#5078,#5079);
#5078 = CARTESIAN_POINT('',(2.963693286105E-03,0.51737302146,3.8000001)
  );
#5079 = VECTOR('',#5080,1.);
#5080 = DIRECTION('',(-2.526800645348E-03,0.999996807634,
    3.478316388211E-18));
#5081 = PCURVE('',#5005,#5082);
#5082 = DEFINITIONAL_REPRESENTATION('',(#5083),#5087);
#5083 = LINE('',#5084,#5085);
#5084 = CARTESIAN_POINT('',(-0.757979668462,0.41));
#5085 = VECTOR('',#5086,1.);
#5086 = DIRECTION('',(1.,-2.710505431214E-18));
#5087 = ( GEOMETRIC_REPRESENTATION_CONTEXT(2) 
PARAMETRIC_REPRESENTATION_CONTEXT() REPRESENTATION_CONTEXT('2D SPACE',''
  ) );
#5088 = PCURVE('',#880,#5089);
#5089 = DEFINITIONAL_REPRESENTATION('',(#5090),#5094);
#5090 = LINE('',#5091,#5092);
#5091 = CARTESIAN_POINT('',(-0.151184736331,-0.74631315953));
#5092 = VECTOR('',#5093,1.);
#5093 = DIRECTION('',(-0.291396054443,-0.956602498144));
#5094 = ( GEOMETRIC_REPRESENTATION_CONTEXT(2) 
PARAMETRIC_REPRESENTATION_CONTEXT() REPRESENTATION_CONTEXT('2D SPACE',''
  ) );
#5095 = ORIENTED_EDGE('',*,*,#4987,.T.);
#5096 = ORIENTED_EDGE('',*,*,#5097,.F.);
#5097 = EDGE_CURVE('',#5098,#4990,#5100,.T.);
#5098 = VERTEX_POINT('',#5099);
#5099 = CARTESIAN_POINT('',(8.325088501766E-04,1.36080229489,3.3000001)
  );
#5100 = SURFACE_CURVE('',#5101,(#5105,#5112),.PCURVE_S1.);
#5101 = LINE('',#5102,#5103);
#5102 = CARTESIAN_POINT('',(4.417061430253E-03,-5.780630942288E-02,
    3.3000001));
#5103 = VECTOR('',#5104,1.);
#5104 = DIRECTION('',(2.526800645348E-03,-0.999996807634,
    -3.478316388211E-18));
#5105 = PCURVE('',#5005,#5106);
#5106 = DEFINITIONAL_REPRESENTATION('',(#5107),#5111);
#5107 = LINE('',#5108,#5109);
#5108 = CARTESIAN_POINT('',(-1.333160835534,0.91));
#5109 = VECTOR('',#5110,1.);
#5110 = DIRECTION('',(-1.,2.710505431214E-18));
#5111 = ( GEOMETRIC_REPRESENTATION_CONTEXT(2) 
PARAMETRIC_REPRESENTATION_CONTEXT() REPRESENTATION_CONTEXT('2D SPACE',''
  ) );
#5112 = PCURVE('',#977,#5113);
#5113 = DEFINITIONAL_REPRESENTATION('',(#5114),#5118);
#5114 = LINE('',#5115,#5116);
#5115 = CARTESIAN_POINT('',(-1.642078634392E-02,-1.398643418224));
#5116 = VECTOR('',#5117,1.);
#5117 = DIRECTION('',(-0.291396054443,0.956602498144));
#5118 = ( GEOMETRIC_REPRESENTATION_CONTEXT(2) 
PARAMETRIC_REPRESENTATION_CONTEXT() REPRESENTATION_CONTEXT('2D SPACE',''
  ) );
#5119 = ORIENTED_EDGE('',*,*,#5120,.F.);
#5120 = EDGE_CURVE('',#5074,#5098,#5121,.T.);
#5121 = SURFACE_CURVE('',#5122,(#5126,#5133),.PCURVE_S1.);
#5122 = LINE('',#5123,#5124);
#5123 = CARTESIAN_POINT('',(8.325088501759E-04,1.36080229489,4.2100001)
  );
#5124 = VECTOR('',#5125,1.);
#5125 = DIRECTION('',(5.551115123126E-17,9.84654534872E-19,-1.));
#5126 = PCURVE('',#5005,#5127);
#5127 = DEFINITIONAL_REPRESENTATION('',(#5128),#5132);
#5128 = LINE('',#5129,#5130);
#5129 = CARTESIAN_POINT('',(8.545229751107E-02,-4.86806775446E-17));
#5130 = VECTOR('',#5131,1.);
#5131 = DIRECTION('',(-3.686287386451E-18,1.));
#5132 = ( GEOMETRIC_REPRESENTATION_CONTEXT(2) 
PARAMETRIC_REPRESENTATION_CONTEXT() REPRESENTATION_CONTEXT('2D SPACE',''
  ) );
#5133 = PCURVE('',#5134,#5139);
#5134 = CYLINDRICAL_SURFACE('',#5135,9.35E-02);
#5135 = AXIS2_PLACEMENT_3D('',#5136,#5137,#5138);
#5136 = CARTESIAN_POINT('',(-9.266719266362E-02,1.36056603903,4.2100001)
  );
#5137 = DIRECTION('',(5.551115123126E-17,9.84654534872E-19,-1.));
#5138 = DIRECTION('',(0.308701380377,0.951159007608,1.481435083804E-17)
  );
#5139 = DEFINITIONAL_REPRESENTATION('',(#5140),#5144);
#5140 = LINE('',#5141,#5142);
#5141 = CARTESIAN_POINT('',(1.254442096415,0.));
#5142 = VECTOR('',#5143,1.);
#5143 = DIRECTION('',(0.,1.));
#5144 = ( GEOMETRIC_REPRESENTATION_CONTEXT(2) 
PARAMETRIC_REPRESENTATION_CONTEXT() REPRESENTATION_CONTEXT('2D SPACE',''
  ) );
#5145 = ADVANCED_FACE('',(#5146),#5134,.T.);
#5146 = FACE_BOUND('',#5147,.T.);
#5147 = EDGE_LOOP('',(#5148,#5172,#5173,#5197));
#5148 = ORIENTED_EDGE('',*,*,#5149,.F.);
#5149 = EDGE_CURVE('',#5074,#5150,#5152,.T.);
#5150 = VERTEX_POINT('',#5151);
#5151 = CARTESIAN_POINT('',(-6.380361359839E-02,1.449499406241,3.8000001
    ));
#5152 = SURFACE_CURVE('',#5153,(#5158,#5165),.PCURVE_S1.);
#5153 = CIRCLE('',#5154,9.35E-02);
#5154 = AXIS2_PLACEMENT_3D('',#5155,#5156,#5157);
#5155 = CARTESIAN_POINT('',(-9.266719266362E-02,1.36056603903,3.8000001)
  );
#5156 = DIRECTION('',(-5.708402376914E-17,2.951731597452E-18,1.));
#5157 = DIRECTION('',(0.308701380377,0.951159007608,1.481435083804E-17)
  );
#5158 = PCURVE('',#5134,#5159);
#5159 = DEFINITIONAL_REPRESENTATION('',(#5160),#5164);
#5160 = LINE('',#5161,#5162);
#5161 = CARTESIAN_POINT('',(6.28318530718,0.41));
#5162 = VECTOR('',#5163,1.);
#5163 = DIRECTION('',(-1.,0.));
#5164 = ( GEOMETRIC_REPRESENTATION_CONTEXT(2) 
PARAMETRIC_REPRESENTATION_CONTEXT() REPRESENTATION_CONTEXT('2D SPACE',''
  ) );
#5165 = PCURVE('',#880,#5166);
#5166 = DEFINITIONAL_REPRESENTATION('',(#5167),#5171);
#5167 = CIRCLE('',#5168,9.35E-02);
#5168 = AXIS2_PLACEMENT_2D('',#5169,#5170);
#5169 = CARTESIAN_POINT('',(-0.30751514983,-1.580387816285));
#5170 = DIRECTION('',(-0.574538457447,-0.818477587302));
#5171 = ( GEOMETRIC_REPRESENTATION_CONTEXT(2) 
PARAMETRIC_REPRESENTATION_CONTEXT() REPRESENTATION_CONTEXT('2D SPACE',''
  ) );
#5172 = ORIENTED_EDGE('',*,*,#5120,.T.);
#5173 = ORIENTED_EDGE('',*,*,#5174,.F.);
#5174 = EDGE_CURVE('',#5175,#5098,#5177,.T.);
#5175 = VERTEX_POINT('',#5176);
#5176 = CARTESIAN_POINT('',(-6.380361359838E-02,1.449499406241,3.3000001
    ));
#5177 = SURFACE_CURVE('',#5178,(#5183,#5190),.PCURVE_S1.);
#5178 = CIRCLE('',#5179,9.35E-02);
#5179 = AXIS2_PLACEMENT_3D('',#5180,#5181,#5182);
#5180 = CARTESIAN_POINT('',(-9.266719266362E-02,1.36056603903,3.3000001)
  );
#5181 = DIRECTION('',(5.708402376914E-17,-2.951731597452E-18,-1.));
#5182 = DIRECTION('',(0.308701380377,0.951159007608,1.481435083804E-17)
  );
#5183 = PCURVE('',#5134,#5184);
#5184 = DEFINITIONAL_REPRESENTATION('',(#5185),#5189);
#5185 = LINE('',#5186,#5187);
#5186 = CARTESIAN_POINT('',(0.,0.91));
#5187 = VECTOR('',#5188,1.);
#5188 = DIRECTION('',(1.,0.));
#5189 = ( GEOMETRIC_REPRESENTATION_CONTEXT(2) 
PARAMETRIC_REPRESENTATION_CONTEXT() REPRESENTATION_CONTEXT('2D SPACE',''
  ) );
#5190 = PCURVE('',#977,#5191);
#5191 = DEFINITIONAL_REPRESENTATION('',(#5192),#5196);
#5192 = CIRCLE('',#5193,9.35E-02);
#5193 = AXIS2_PLACEMENT_2D('',#5194,#5195);
#5194 = CARTESIAN_POINT('',(0.30751514983,-2.782937816285));
#5195 = DIRECTION('',(0.574538457447,-0.818477587302));
#5196 = ( GEOMETRIC_REPRESENTATION_CONTEXT(2) 
PARAMETRIC_REPRESENTATION_CONTEXT() REPRESENTATION_CONTEXT('2D SPACE',''
  ) );
#5197 = ORIENTED_EDGE('',*,*,#5198,.F.);
#5198 = EDGE_CURVE('',#5150,#5175,#5199,.T.);
#5199 = SURFACE_CURVE('',#5200,(#5204,#5211),.PCURVE_S1.);
#5200 = LINE('',#5201,#5202);
#5201 = CARTESIAN_POINT('',(-6.380361359838E-02,1.449499406241,4.2100001
    ));
#5202 = VECTOR('',#5203,1.);
#5203 = DIRECTION('',(5.551115123126E-17,9.84654534872E-19,-1.));
#5204 = PCURVE('',#5134,#5205);
#5205 = DEFINITIONAL_REPRESENTATION('',(#5206),#5210);
#5206 = LINE('',#5207,#5208);
#5207 = CARTESIAN_POINT('',(0.,0.));
#5208 = VECTOR('',#5209,1.);
#5209 = DIRECTION('',(0.,1.));
#5210 = ( GEOMETRIC_REPRESENTATION_CONTEXT(2) 
PARAMETRIC_REPRESENTATION_CONTEXT() REPRESENTATION_CONTEXT('2D SPACE',''
  ) );
#5211 = PCURVE('',#5212,#5217);
#5212 = CYLINDRICAL_SURFACE('',#5213,9.35E-02);
#5213 = AXIS2_PLACEMENT_3D('',#5214,#5215,#5216);
#5214 = CARTESIAN_POINT('',(-2.673972099006E-02,1.363659334802,4.2100001
    ));
#5215 = DIRECTION('',(5.551115123126E-17,9.84654534872E-19,-1.));
#5216 = DIRECTION('',(-0.995840173234,-9.111722873557E-02,
    -1.11112021455E-16));
#5217 = DEFINITIONAL_REPRESENTATION('',(#5218),#5222);
#5218 = LINE('',#5219,#5220);
#5219 = CARTESIAN_POINT('',(1.254442096415,0.));
#5220 = VECTOR('',#5221,1.);
#5221 = DIRECTION('',(0.,1.));
#5222 = ( GEOMETRIC_REPRESENTATION_CONTEXT(2) 
PARAMETRIC_REPRESENTATION_CONTEXT() REPRESENTATION_CONTEXT('2D SPACE',''
  ) );
#5223 = ADVANCED_FACE('',(#5224),#4818,.T.);
#5224 = FACE_BOUND('',#5225,.T.);
#5225 = EDGE_LOOP('',(#5226,#5248,#5249,#5271));
#5226 = ORIENTED_EDGE('',*,*,#5227,.F.);
#5227 = EDGE_CURVE('',#4756,#4883,#5228,.T.);
#5228 = SURFACE_CURVE('',#5229,(#5234,#5241),.PCURVE_S1.);
#5229 = CIRCLE('',#5230,9.35E-02);
#5230 = AXIS2_PLACEMENT_3D('',#5231,#5232,#5233);
#5231 = CARTESIAN_POINT('',(0.313724625424,1.328484743224,3.8000001));
#5232 = DIRECTION('',(-5.811957825458E-17,-1.268665316829E-17,1.));
#5233 = DIRECTION('',(-0.987213956303,0.159400766874,-5.535419654329E-17
    ));
#5234 = PCURVE('',#4818,#5235);
#5235 = DEFINITIONAL_REPRESENTATION('',(#5236),#5240);
#5236 = LINE('',#5237,#5238);
#5237 = CARTESIAN_POINT('',(6.28318530718,0.41));
#5238 = VECTOR('',#5239,1.);
#5239 = DIRECTION('',(-1.,0.));
#5240 = ( GEOMETRIC_REPRESENTATION_CONTEXT(2) 
PARAMETRIC_REPRESENTATION_CONTEXT() REPRESENTATION_CONTEXT('2D SPACE',''
  ) );
#5241 = PCURVE('',#880,#5242);
#5242 = DEFINITIONAL_REPRESENTATION('',(#5243),#5247);
#5243 = CIRCLE('',#5244,9.35E-02);
#5244 = AXIS2_PLACEMENT_2D('',#5245,#5246);
#5245 = CARTESIAN_POINT('',(-0.686544232718,-1.430319586221));
#5246 = DIRECTION('',(0.896807535808,-0.442420889785));
#5247 = ( GEOMETRIC_REPRESENTATION_CONTEXT(2) 
PARAMETRIC_REPRESENTATION_CONTEXT() REPRESENTATION_CONTEXT('2D SPACE',''
  ) );
#5248 = ORIENTED_EDGE('',*,*,#4804,.T.);
#5249 = ORIENTED_EDGE('',*,*,#5250,.F.);
#5250 = EDGE_CURVE('',#4913,#4781,#5251,.T.);
#5251 = SURFACE_CURVE('',#5252,(#5257,#5264),.PCURVE_S1.);
#5252 = CIRCLE('',#5253,9.35E-02);
#5253 = AXIS2_PLACEMENT_3D('',#5254,#5255,#5256);
#5254 = CARTESIAN_POINT('',(0.313724625424,1.328484743224,3.3000001));
#5255 = DIRECTION('',(5.811957825458E-17,1.268665316829E-17,-1.));
#5256 = DIRECTION('',(-0.987213956303,0.159400766874,-5.535419654329E-17
    ));
#5257 = PCURVE('',#4818,#5258);
#5258 = DEFINITIONAL_REPRESENTATION('',(#5259),#5263);
#5259 = LINE('',#5260,#5261);
#5260 = CARTESIAN_POINT('',(0.,0.91));
#5261 = VECTOR('',#5262,1.);
#5262 = DIRECTION('',(1.,0.));
#5263 = ( GEOMETRIC_REPRESENTATION_CONTEXT(2) 
PARAMETRIC_REPRESENTATION_CONTEXT() REPRESENTATION_CONTEXT('2D SPACE',''
  ) );
#5264 = PCURVE('',#977,#5265);
#5265 = DEFINITIONAL_REPRESENTATION('',(#5266),#5270);
#5266 = CIRCLE('',#5267,9.35E-02);
#5267 = AXIS2_PLACEMENT_2D('',#5268,#5269);
#5268 = CARTESIAN_POINT('',(0.686544232718,-2.632869586221));
#5269 = DIRECTION('',(-0.896807535808,-0.442420889785));
#5270 = ( GEOMETRIC_REPRESENTATION_CONTEXT(2) 
PARAMETRIC_REPRESENTATION_CONTEXT() REPRESENTATION_CONTEXT('2D SPACE',''
  ) );
#5271 = ORIENTED_EDGE('',*,*,#4912,.F.);
#5272 = ADVANCED_FACE('',(#5273),#5287,.F.);
#5273 = FACE_BOUND('',#5274,.T.);
#5274 = EDGE_LOOP('',(#5275,#5305,#5328,#5351));
#5275 = ORIENTED_EDGE('',*,*,#5276,.F.);
#5276 = EDGE_CURVE('',#5277,#5279,#5281,.T.);
#5277 = VERTEX_POINT('',#5278);
#5278 = CARTESIAN_POINT('',(-0.119850777187,1.355139873915,3.8000001));
#5279 = VERTEX_POINT('',#5280);
#5280 = CARTESIAN_POINT('',(-0.112064600649,1.270043043158,3.8000001));
#5281 = SURFACE_CURVE('',#5282,(#5286,#5298),.PCURVE_S1.);
#5282 = LINE('',#5283,#5284);
#5283 = CARTESIAN_POINT('',(-4.664147438515E-02,0.555019350094,3.8000001
    ));
#5284 = VECTOR('',#5285,1.);
#5285 = DIRECTION('',(9.111722873557E-02,-0.995840173234,
    5.958335361324E-18));
#5286 = PCURVE('',#5287,#5292);
#5287 = PLANE('',#5288);
#5288 = AXIS2_PLACEMENT_3D('',#5289,#5290,#5291);
#5289 = CARTESIAN_POINT('',(-0.119850777187,1.355139873915,4.2100001));
#5290 = DIRECTION('',(0.995840173234,9.111722873557E-02,
    5.560087022374E-17));
#5291 = DIRECTION('',(9.111722873557E-02,-0.995840173234,
    1.289722926523E-17));
#5292 = DEFINITIONAL_REPRESENTATION('',(#5293),#5297);
#5293 = LINE('',#5294,#5295);
#5294 = CARTESIAN_POINT('',(0.80346278984,0.41));
#5295 = VECTOR('',#5296,1.);
#5296 = DIRECTION('',(1.,-3.469446951954E-18));
#5297 = ( GEOMETRIC_REPRESENTATION_CONTEXT(2) 
PARAMETRIC_REPRESENTATION_CONTEXT() REPRESENTATION_CONTEXT('2D SPACE',''
  ) );
#5298 = PCURVE('',#880,#5299);
#5299 = DEFINITIONAL_REPRESENTATION('',(#5300),#5304);
#5300 = LINE('',#5301,#5302);
#5301 = CARTESIAN_POINT('',(-0.114829937971,-0.796872504418));
#5302 = VECTOR('',#5303,1.);
#5303 = DIRECTION('',(0.205494459089,0.978658279117));
#5304 = ( GEOMETRIC_REPRESENTATION_CONTEXT(2) 
PARAMETRIC_REPRESENTATION_CONTEXT() REPRESENTATION_CONTEXT('2D SPACE',''
  ) );
#5305 = ORIENTED_EDGE('',*,*,#5306,.T.);
#5306 = EDGE_CURVE('',#5277,#5307,#5309,.T.);
#5307 = VERTEX_POINT('',#5308);
#5308 = CARTESIAN_POINT('',(-0.119850777187,1.355139873915,3.3000001));
#5309 = SURFACE_CURVE('',#5310,(#5314,#5321),.PCURVE_S1.);
#5310 = LINE('',#5311,#5312);
#5311 = CARTESIAN_POINT('',(-0.119850777187,1.355139873915,4.2100001));
#5312 = VECTOR('',#5313,1.);
#5313 = DIRECTION('',(5.551115123126E-17,9.84654534872E-19,-1.));
#5314 = PCURVE('',#5287,#5315);
#5315 = DEFINITIONAL_REPRESENTATION('',(#5316),#5320);
#5316 = LINE('',#5317,#5318);
#5317 = CARTESIAN_POINT('',(0.,0.));
#5318 = VECTOR('',#5319,1.);
#5319 = DIRECTION('',(-1.040834085586E-17,1.));
#5320 = ( GEOMETRIC_REPRESENTATION_CONTEXT(2) 
PARAMETRIC_REPRESENTATION_CONTEXT() REPRESENTATION_CONTEXT('2D SPACE',''
  ) );
#5321 = PCURVE('',#5212,#5322);
#5322 = DEFINITIONAL_REPRESENTATION('',(#5323),#5327);
#5323 = LINE('',#5324,#5325);
#5324 = CARTESIAN_POINT('',(0.,0.));
#5325 = VECTOR('',#5326,1.);
#5326 = DIRECTION('',(0.,1.));
#5327 = ( GEOMETRIC_REPRESENTATION_CONTEXT(2) 
PARAMETRIC_REPRESENTATION_CONTEXT() REPRESENTATION_CONTEXT('2D SPACE',''
  ) );
#5328 = ORIENTED_EDGE('',*,*,#5329,.F.);
#5329 = EDGE_CURVE('',#5330,#5307,#5332,.T.);
#5330 = VERTEX_POINT('',#5331);
#5331 = CARTESIAN_POINT('',(-0.112064600649,1.270043043158,3.3000001));
#5332 = SURFACE_CURVE('',#5333,(#5337,#5344),.PCURVE_S1.);
#5333 = LINE('',#5334,#5335);
#5334 = CARTESIAN_POINT('',(6.97579888179E-03,-3.097558675278E-02,
    3.3000001));
#5335 = VECTOR('',#5336,1.);
#5336 = DIRECTION('',(-9.111722873557E-02,0.995840173234,
    -5.958335361324E-18));
#5337 = PCURVE('',#5287,#5338);
#5338 = DEFINITIONAL_REPRESENTATION('',(#5339),#5343);
#5339 = LINE('',#5340,#5341);
#5340 = CARTESIAN_POINT('',(1.391905546616,0.91));
#5341 = VECTOR('',#5342,1.);
#5342 = DIRECTION('',(-1.,3.469446951954E-18));
#5343 = ( GEOMETRIC_REPRESENTATION_CONTEXT(2) 
PARAMETRIC_REPRESENTATION_CONTEXT() REPRESENTATION_CONTEXT('2D SPACE',''
  ) );
#5344 = PCURVE('',#977,#5345);
#5345 = DEFINITIONAL_REPRESENTATION('',(#5346),#5350);
#5346 = LINE('',#5347,#5348);
#5347 = CARTESIAN_POINT('',(-6.091788037297E-03,-1.423538128713));
#5348 = VECTOR('',#5349,1.);
#5349 = DIRECTION('',(0.205494459089,-0.978658279117));
#5350 = ( GEOMETRIC_REPRESENTATION_CONTEXT(2) 
PARAMETRIC_REPRESENTATION_CONTEXT() REPRESENTATION_CONTEXT('2D SPACE',''
  ) );
#5351 = ORIENTED_EDGE('',*,*,#5352,.F.);
#5352 = EDGE_CURVE('',#5279,#5330,#5353,.T.);
#5353 = SURFACE_CURVE('',#5354,(#5358,#5365),.PCURVE_S1.);
#5354 = LINE('',#5355,#5356);
#5355 = CARTESIAN_POINT('',(-0.112064600649,1.270043043158,4.2100001));
#5356 = VECTOR('',#5357,1.);
#5357 = DIRECTION('',(5.551115123126E-17,9.84654534872E-19,-1.));
#5358 = PCURVE('',#5287,#5359);
#5359 = DEFINITIONAL_REPRESENTATION('',(#5360),#5364);
#5360 = LINE('',#5361,#5362);
#5361 = CARTESIAN_POINT('',(8.545229751107E-02,4.987329993433E-17));
#5362 = VECTOR('',#5363,1.);
#5363 = DIRECTION('',(-1.040834085586E-17,1.));
#5364 = ( GEOMETRIC_REPRESENTATION_CONTEXT(2) 
PARAMETRIC_REPRESENTATION_CONTEXT() REPRESENTATION_CONTEXT('2D SPACE',''
  ) );
#5365 = PCURVE('',#5366,#5371);
#5366 = CYLINDRICAL_SURFACE('',#5367,0.10404056416);
#5367 = AXIS2_PLACEMENT_3D('',#5368,#5369,#5370);
#5368 = CARTESIAN_POINT('',(-0.215672374086,1.260563155276,4.2100001));
#5369 = DIRECTION('',(5.551115123126E-17,9.84654534872E-19,-1.));
#5370 = DIRECTION('',(-0.995840173234,-9.111722873557E-02,
    -5.560087022374E-17));
#5371 = DEFINITIONAL_REPRESENTATION('',(#5372),#5376);
#5372 = LINE('',#5373,#5374);
#5373 = CARTESIAN_POINT('',(3.14159265359,0.));
#5374 = VECTOR('',#5375,1.);
#5375 = DIRECTION('',(0.,1.));
#5376 = ( GEOMETRIC_REPRESENTATION_CONTEXT(2) 
PARAMETRIC_REPRESENTATION_CONTEXT() REPRESENTATION_CONTEXT('2D SPACE',''
  ) );
#5377 = ADVANCED_FACE('',(#5378),#5366,.F.);
#5378 = FACE_BOUND('',#5379,.F.);
#5379 = EDGE_LOOP('',(#5380,#5410,#5436,#5437));
#5380 = ORIENTED_EDGE('',*,*,#5381,.T.);
#5381 = EDGE_CURVE('',#5382,#5384,#5386,.T.);
#5382 = VERTEX_POINT('',#5383);
#5383 = CARTESIAN_POINT('',(-0.316378612878,1.234434771114,3.8000001));
#5384 = VERTEX_POINT('',#5385);
#5385 = CARTESIAN_POINT('',(-0.316378612878,1.234434771114,3.3000001));
#5386 = SURFACE_CURVE('',#5387,(#5391,#5398),.PCURVE_S1.);
#5387 = LINE('',#5388,#5389);
#5388 = CARTESIAN_POINT('',(-0.316378612878,1.234434771114,4.2100001));
#5389 = VECTOR('',#5390,1.);
#5390 = DIRECTION('',(5.551115123126E-17,9.84654534872E-19,-1.));
#5391 = PCURVE('',#5366,#5392);
#5392 = DEFINITIONAL_REPRESENTATION('',(#5393),#5397);
#5393 = LINE('',#5394,#5395);
#5394 = CARTESIAN_POINT('',(6.120574874859,0.));
#5395 = VECTOR('',#5396,1.);
#5396 = DIRECTION('',(0.,1.));
#5397 = ( GEOMETRIC_REPRESENTATION_CONTEXT(2) 
PARAMETRIC_REPRESENTATION_CONTEXT() REPRESENTATION_CONTEXT('2D SPACE',''
  ) );
#5398 = PCURVE('',#5399,#5404);
#5399 = PLANE('',#5400);
#5400 = AXIS2_PLACEMENT_3D('',#5401,#5402,#5403);
#5401 = CARTESIAN_POINT('',(-0.316378612878,1.234434771114,4.2100001));
#5402 = DIRECTION('',(-0.967951679289,-0.251136509812,
    -1.112695851658E-16));
#5403 = DIRECTION('',(-0.251136509812,0.967951679289,-1.292468979727E-17
    ));
#5404 = DEFINITIONAL_REPRESENTATION('',(#5405),#5409);
#5405 = LINE('',#5406,#5407);
#5406 = CARTESIAN_POINT('',(0.,0.));
#5407 = VECTOR('',#5408,1.);
#5408 = DIRECTION('',(-3.836927218298E-19,1.));
#5409 = ( GEOMETRIC_REPRESENTATION_CONTEXT(2) 
PARAMETRIC_REPRESENTATION_CONTEXT() REPRESENTATION_CONTEXT('2D SPACE',''
  ) );
#5410 = ORIENTED_EDGE('',*,*,#5411,.T.);
#5411 = EDGE_CURVE('',#5384,#5330,#5412,.T.);
#5412 = SURFACE_CURVE('',#5413,(#5418,#5425),.PCURVE_S1.);
#5413 = CIRCLE('',#5414,0.10404056416);
#5414 = AXIS2_PLACEMENT_3D('',#5415,#5416,#5417);
#5415 = CARTESIAN_POINT('',(-0.215672374086,1.260563155276,3.3000001));
#5416 = DIRECTION('',(-5.591248724159E-17,8.67352508337E-19,1.));
#5417 = DIRECTION('',(-0.995840173234,-9.111722873557E-02,
    -5.560087022374E-17));
#5418 = PCURVE('',#5366,#5419);
#5419 = DEFINITIONAL_REPRESENTATION('',(#5420),#5424);
#5420 = LINE('',#5421,#5422);
#5421 = CARTESIAN_POINT('',(6.28318530718,0.91));
#5422 = VECTOR('',#5423,1.);
#5423 = DIRECTION('',(-1.,0.));
#5424 = ( GEOMETRIC_REPRESENTATION_CONTEXT(2) 
PARAMETRIC_REPRESENTATION_CONTEXT() REPRESENTATION_CONTEXT('2D SPACE',''
  ) );
#5425 = PCURVE('',#977,#5426);
#5426 = DEFINITIONAL_REPRESENTATION('',(#5427),#5435);
#5427 = ( BOUNDED_CURVE() B_SPLINE_CURVE(2,(#5428,#5429,#5430,#5431,
#5432,#5433,#5434),.UNSPECIFIED.,.T.,.F.) B_SPLINE_CURVE_WITH_KNOTS((1,2
    ,2,2,2,1),(-2.094395102393,0.,2.094395102393,4.188790204786,
6.28318530718,8.377580409573),.UNSPECIFIED.) CURVE() 
GEOMETRIC_REPRESENTATION_ITEM() RATIONAL_B_SPLINE_CURVE((1.,0.5,1.,0.5,
1.,0.5,1.)) REPRESENTATION_ITEM('') );
#5428 = CARTESIAN_POINT('',(5.873679675419E-02,-2.744868936138));
#5429 = CARTESIAN_POINT('',(2.170596712398E-02,-2.568511246686));
#5430 = CARTESIAN_POINT('',(0.192951621158,-2.624620452229));
#5431 = CARTESIAN_POINT('',(0.364197275191,-2.680729657773));
#5432 = CARTESIAN_POINT('',(0.229982450788,-2.800978141682));
#5433 = CARTESIAN_POINT('',(9.57676263844E-02,-2.921226625591));
#5434 = CARTESIAN_POINT('',(5.873679675419E-02,-2.744868936138));
#5435 = ( GEOMETRIC_REPRESENTATION_CONTEXT(2) 
PARAMETRIC_REPRESENTATION_CONTEXT() REPRESENTATION_CONTEXT('2D SPACE',''
  ) );
#5436 = ORIENTED_EDGE('',*,*,#5352,.F.);
#5437 = ORIENTED_EDGE('',*,*,#5438,.T.);
#5438 = EDGE_CURVE('',#5279,#5382,#5439,.T.);
#5439 = SURFACE_CURVE('',#5440,(#5445,#5452),.PCURVE_S1.);
#5440 = CIRCLE('',#5441,0.10404056416);
#5441 = AXIS2_PLACEMENT_3D('',#5442,#5443,#5444);
#5442 = CARTESIAN_POINT('',(-0.215672374086,1.260563155276,3.8000001));
#5443 = DIRECTION('',(5.591248724159E-17,-8.67352508337E-19,-1.));
#5444 = DIRECTION('',(-0.995840173234,-9.111722873557E-02,
    -5.560087022374E-17));
#5445 = PCURVE('',#5366,#5446);
#5446 = DEFINITIONAL_REPRESENTATION('',(#5447),#5451);
#5447 = LINE('',#5448,#5449);
#5448 = CARTESIAN_POINT('',(0.,0.41));
#5449 = VECTOR('',#5450,1.);
#5450 = DIRECTION('',(1.,0.));
#5451 = ( GEOMETRIC_REPRESENTATION_CONTEXT(2) 
PARAMETRIC_REPRESENTATION_CONTEXT() REPRESENTATION_CONTEXT('2D SPACE',''
  ) );
#5452 = PCURVE('',#880,#5453);
#5453 = DEFINITIONAL_REPRESENTATION('',(#5454),#5462);
#5454 = ( BOUNDED_CURVE() B_SPLINE_CURVE(2,(#5455,#5456,#5457,#5458,
#5459,#5460,#5461),.UNSPECIFIED.,.T.,.F.) B_SPLINE_CURVE_WITH_KNOTS((1,2
    ,2,2,2,1),(-2.094395102393,0.,2.094395102393,4.188790204786,
6.28318530718,8.377580409573),.UNSPECIFIED.) CURVE() 
GEOMETRIC_REPRESENTATION_ITEM() RATIONAL_B_SPLINE_CURVE((1.,0.5,1.,0.5,
1.,0.5,1.)) REPRESENTATION_ITEM('') );
#5455 = CARTESIAN_POINT('',(-5.873679675419E-02,-1.542318936138));
#5456 = CARTESIAN_POINT('',(-9.57676263844E-02,-1.718676625591));
#5457 = CARTESIAN_POINT('',(-0.229982450788,-1.598428141682));
#5458 = CARTESIAN_POINT('',(-0.364197275191,-1.478179657773));
#5459 = CARTESIAN_POINT('',(-0.192951621158,-1.422070452229));
#5460 = CARTESIAN_POINT('',(-2.170596712398E-02,-1.365961246686));
#5461 = CARTESIAN_POINT('',(-5.873679675419E-02,-1.542318936138));
#5462 = ( GEOMETRIC_REPRESENTATION_CONTEXT(2) 
PARAMETRIC_REPRESENTATION_CONTEXT() REPRESENTATION_CONTEXT('2D SPACE',''
  ) );
#5463 = ADVANCED_FACE('',(#5464),#5399,.F.);
#5464 = FACE_BOUND('',#5465,.T.);
#5465 = EDGE_LOOP('',(#5466,#5489,#5490,#5513));
#5466 = ORIENTED_EDGE('',*,*,#5467,.F.);
#5467 = EDGE_CURVE('',#5382,#5468,#5470,.T.);
#5468 = VERTEX_POINT('',#5469);
#5469 = CARTESIAN_POINT('',(-0.337838804631,1.317148465989,3.8000001));
#5470 = SURFACE_CURVE('',#5471,(#5475,#5482),.PCURVE_S1.);
#5471 = LINE('',#5472,#5473);
#5472 = CARTESIAN_POINT('',(-0.124690786924,0.495615261474,3.8000001));
#5473 = VECTOR('',#5474,1.);
#5474 = DIRECTION('',(-0.251136509812,0.967951679289,-1.292468979727E-17
    ));
#5475 = PCURVE('',#5399,#5476);
#5476 = DEFINITIONAL_REPRESENTATION('',(#5477),#5481);
#5477 = LINE('',#5478,#5479);
#5478 = CARTESIAN_POINT('',(-0.763281396631,0.41));
#5479 = VECTOR('',#5480,1.);
#5480 = DIRECTION('',(1.,2.76238986166E-33));
#5481 = ( GEOMETRIC_REPRESENTATION_CONTEXT(2) 
PARAMETRIC_REPRESENTATION_CONTEXT() REPRESENTATION_CONTEXT('2D SPACE',''
  ) );
#5482 = PCURVE('',#880,#5483);
#5483 = DEFINITIONAL_REPRESENTATION('',(#5484),#5488);
#5484 = LINE('',#5485,#5486);
#5485 = CARTESIAN_POINT('',(-2.277182664945E-02,-0.763022171003));
#5486 = VECTOR('',#5487,1.);
#5487 = DIRECTION('',(-4.434394422788E-02,-0.999016323495));
#5488 = ( GEOMETRIC_REPRESENTATION_CONTEXT(2) 
PARAMETRIC_REPRESENTATION_CONTEXT() REPRESENTATION_CONTEXT('2D SPACE',''
  ) );
#5489 = ORIENTED_EDGE('',*,*,#5381,.T.);
#5490 = ORIENTED_EDGE('',*,*,#5491,.F.);
#5491 = EDGE_CURVE('',#5492,#5384,#5494,.T.);
#5492 = VERTEX_POINT('',#5493);
#5493 = CARTESIAN_POINT('',(-0.337838804631,1.317148465989,3.3000001));
#5494 = SURFACE_CURVE('',#5495,(#5499,#5506),.PCURVE_S1.);
#5495 = LINE('',#5496,#5497);
#5496 = CARTESIAN_POINT('',(2.616278079112E-02,-8.581737970315E-02,
    3.3000001));
#5497 = VECTOR('',#5498,1.);
#5498 = DIRECTION('',(0.251136509812,-0.967951679289,1.292468979727E-17)
  );
#5499 = PCURVE('',#5399,#5500);
#5500 = DEFINITIONAL_REPRESENTATION('',(#5501),#5505);
#5501 = LINE('',#5502,#5503);
#5502 = CARTESIAN_POINT('',(-1.363964936541,0.91));
#5503 = VECTOR('',#5504,1.);
#5504 = DIRECTION('',(-1.,-2.76238986166E-33));
#5505 = ( GEOMETRIC_REPRESENTATION_CONTEXT(2) 
PARAMETRIC_REPRESENTATION_CONTEXT() REPRESENTATION_CONTEXT('2D SPACE',''
  ) );
#5506 = PCURVE('',#977,#5507);
#5507 = DEFINITIONAL_REPRESENTATION('',(#5508),#5512);
#5508 = LINE('',#5509,#5510);
#5509 = CARTESIAN_POINT('',(-3.864850742915E-03,-1.365479509378));
#5510 = VECTOR('',#5511,1.);
#5511 = DIRECTION('',(-4.434394422788E-02,0.999016323495));
#5512 = ( GEOMETRIC_REPRESENTATION_CONTEXT(2) 
PARAMETRIC_REPRESENTATION_CONTEXT() REPRESENTATION_CONTEXT('2D SPACE',''
  ) );
#5513 = ORIENTED_EDGE('',*,*,#5514,.F.);
#5514 = EDGE_CURVE('',#5468,#5492,#5515,.T.);
#5515 = SURFACE_CURVE('',#5516,(#5520,#5527),.PCURVE_S1.);
#5516 = LINE('',#5517,#5518);
#5517 = CARTESIAN_POINT('',(-0.337838804631,1.317148465989,4.2100001));
#5518 = VECTOR('',#5519,1.);
#5519 = DIRECTION('',(5.551115123126E-17,9.84654534872E-19,-1.));
#5520 = PCURVE('',#5399,#5521);
#5521 = DEFINITIONAL_REPRESENTATION('',(#5522),#5526);
#5522 = LINE('',#5523,#5524);
#5523 = CARTESIAN_POINT('',(8.545229751107E-02,-8.500145032286E-17));
#5524 = VECTOR('',#5525,1.);
#5525 = DIRECTION('',(-3.836927218298E-19,1.));
#5526 = ( GEOMETRIC_REPRESENTATION_CONTEXT(2) 
PARAMETRIC_REPRESENTATION_CONTEXT() REPRESENTATION_CONTEXT('2D SPACE',''
  ) );
#5527 = PCURVE('',#5528,#5533);
#5528 = CYLINDRICAL_SURFACE('',#5529,9.35E-02);
#5529 = AXIS2_PLACEMENT_3D('',#5530,#5531,#5532);
#5530 = CARTESIAN_POINT('',(-0.428342286644,1.293667202321,4.2100001));
#5531 = DIRECTION('',(5.551115123126E-17,9.84654534872E-19,-1.));
#5532 = DIRECTION('',(6.245933257235E-02,0.998047509778,
    -5.956161897386E-18));
#5533 = DEFINITIONAL_REPRESENTATION('',(#5534),#5538);
#5534 = LINE('',#5535,#5536);
#5535 = CARTESIAN_POINT('',(1.254442096415,0.));
#5536 = VECTOR('',#5537,1.);
#5537 = DIRECTION('',(0.,1.));
#5538 = ( GEOMETRIC_REPRESENTATION_CONTEXT(2) 
PARAMETRIC_REPRESENTATION_CONTEXT() REPRESENTATION_CONTEXT('2D SPACE',''
  ) );
#5539 = ADVANCED_FACE('',(#5540),#5528,.T.);
#5540 = FACE_BOUND('',#5541,.T.);
#5541 = EDGE_LOOP('',(#5542,#5566,#5567,#5591));
#5542 = ORIENTED_EDGE('',*,*,#5543,.F.);
#5543 = EDGE_CURVE('',#5468,#5544,#5546,.T.);
#5544 = VERTEX_POINT('',#5545);
#5545 = CARTESIAN_POINT('',(-0.422502339049,1.386984644486,3.8000001));
#5546 = SURFACE_CURVE('',#5547,(#5552,#5559),.PCURVE_S1.);
#5547 = CIRCLE('',#5548,9.35E-02);
#5548 = AXIS2_PLACEMENT_3D('',#5549,#5550,#5551);
#5549 = CARTESIAN_POINT('',(-0.428342286644,1.293667202321,3.8000001));
#5550 = DIRECTION('',(-5.496936756925E-17,9.407880702765E-18,1.));
#5551 = DIRECTION('',(6.245933257235E-02,0.998047509778,
    -5.956161897386E-18));
#5552 = PCURVE('',#5528,#5553);
#5553 = DEFINITIONAL_REPRESENTATION('',(#5554),#5558);
#5554 = LINE('',#5555,#5556);
#5555 = CARTESIAN_POINT('',(6.28318530718,0.41));
#5556 = VECTOR('',#5557,1.);
#5557 = DIRECTION('',(-1.,0.));
#5558 = ( GEOMETRIC_REPRESENTATION_CONTEXT(2) 
PARAMETRIC_REPRESENTATION_CONTEXT() REPRESENTATION_CONTEXT('2D SPACE',''
  ) );
#5559 = PCURVE('',#880,#5560);
#5560 = DEFINITIONAL_REPRESENTATION('',(#5561),#5565);
#5561 = CIRCLE('',#5562,9.35E-02);
#5562 = AXIS2_PLACEMENT_2D('',#5563,#5564);
#5563 = CARTESIAN_POINT('',(3.3E-02,-1.615067144537));
#5564 = DIRECTION('',(-0.352941176471,-0.935645512976));
#5565 = ( GEOMETRIC_REPRESENTATION_CONTEXT(2) 
PARAMETRIC_REPRESENTATION_CONTEXT() REPRESENTATION_CONTEXT('2D SPACE',''
  ) );
#5566 = ORIENTED_EDGE('',*,*,#5514,.T.);
#5567 = ORIENTED_EDGE('',*,*,#5568,.F.);
#5568 = EDGE_CURVE('',#5569,#5492,#5571,.T.);
#5569 = VERTEX_POINT('',#5570);
#5570 = CARTESIAN_POINT('',(-0.422502339049,1.386984644486,3.3000001));
#5571 = SURFACE_CURVE('',#5572,(#5577,#5584),.PCURVE_S1.);
#5572 = CIRCLE('',#5573,9.35E-02);
#5573 = AXIS2_PLACEMENT_3D('',#5574,#5575,#5576);
#5574 = CARTESIAN_POINT('',(-0.428342286644,1.293667202321,3.3000001));
#5575 = DIRECTION('',(5.496936756925E-17,-9.407880702765E-18,-1.));
#5576 = DIRECTION('',(6.245933257235E-02,0.998047509778,
    -5.956161897386E-18));
#5577 = PCURVE('',#5528,#5578);
#5578 = DEFINITIONAL_REPRESENTATION('',(#5579),#5583);
#5579 = LINE('',#5580,#5581);
#5580 = CARTESIAN_POINT('',(0.,0.91));
#5581 = VECTOR('',#5582,1.);
#5582 = DIRECTION('',(1.,0.));
#5583 = ( GEOMETRIC_REPRESENTATION_CONTEXT(2) 
PARAMETRIC_REPRESENTATION_CONTEXT() REPRESENTATION_CONTEXT('2D SPACE',''
  ) );
#5584 = PCURVE('',#977,#5585);
#5585 = DEFINITIONAL_REPRESENTATION('',(#5586),#5590);
#5586 = CIRCLE('',#5587,9.35E-02);
#5587 = AXIS2_PLACEMENT_2D('',#5588,#5589);
#5588 = CARTESIAN_POINT('',(-3.3E-02,-2.817617144537));
#5589 = DIRECTION('',(0.352941176471,-0.935645512976));
#5590 = ( GEOMETRIC_REPRESENTATION_CONTEXT(2) 
PARAMETRIC_REPRESENTATION_CONTEXT() REPRESENTATION_CONTEXT('2D SPACE',''
  ) );
#5591 = ORIENTED_EDGE('',*,*,#5592,.F.);
#5592 = EDGE_CURVE('',#5544,#5569,#5593,.T.);
#5593 = SURFACE_CURVE('',#5594,(#5598,#5605),.PCURVE_S1.);
#5594 = LINE('',#5595,#5596);
#5595 = CARTESIAN_POINT('',(-0.422502339049,1.386984644486,4.2100001));
#5596 = VECTOR('',#5597,1.);
#5597 = DIRECTION('',(5.551115123126E-17,9.84654534872E-19,-1.));
#5598 = PCURVE('',#5528,#5599);
#5599 = DEFINITIONAL_REPRESENTATION('',(#5600),#5604);
#5600 = LINE('',#5601,#5602);
#5601 = CARTESIAN_POINT('',(0.,0.));
#5602 = VECTOR('',#5603,1.);
#5603 = DIRECTION('',(0.,1.));
#5604 = ( GEOMETRIC_REPRESENTATION_CONTEXT(2) 
PARAMETRIC_REPRESENTATION_CONTEXT() REPRESENTATION_CONTEXT('2D SPACE',''
  ) );
#5605 = PCURVE('',#5606,#5611);
#5606 = CYLINDRICAL_SURFACE('',#5607,9.35E-02);
#5607 = AXIS2_PLACEMENT_3D('',#5608,#5609,#5610);
#5608 = CARTESIAN_POINT('',(-0.365255319102,1.31305881201,4.2100001));
#5609 = DIRECTION('',(5.551115123126E-17,9.84654534872E-19,-1.));
#5610 = DIRECTION('',(-0.941894089637,-0.335909993758,
    -1.113530577612E-16));
#5611 = DEFINITIONAL_REPRESENTATION('',(#5612),#5616);
#5612 = LINE('',#5613,#5614);
#5613 = CARTESIAN_POINT('',(1.254442096415,0.));
#5614 = VECTOR('',#5615,1.);
#5615 = DIRECTION('',(0.,1.));
#5616 = ( GEOMETRIC_REPRESENTATION_CONTEXT(2) 
PARAMETRIC_REPRESENTATION_CONTEXT() REPRESENTATION_CONTEXT('2D SPACE',''
  ) );
#5617 = ADVANCED_FACE('',(#5618),#5212,.T.);
#5618 = FACE_BOUND('',#5619,.T.);
#5619 = EDGE_LOOP('',(#5620,#5642,#5643,#5665));
#5620 = ORIENTED_EDGE('',*,*,#5621,.F.);
#5621 = EDGE_CURVE('',#5150,#5277,#5622,.T.);
#5622 = SURFACE_CURVE('',#5623,(#5628,#5635),.PCURVE_S1.);
#5623 = CIRCLE('',#5624,9.35E-02);
#5624 = AXIS2_PLACEMENT_3D('',#5625,#5626,#5627);
#5625 = CARTESIAN_POINT('',(-2.673972099006E-02,1.363659334802,3.8000001
    ));
#5626 = DIRECTION('',(-1.105604689172E-16,-1.11006990631E-17,1.));
#5627 = DIRECTION('',(-0.995840173234,-9.111722873557E-02,
    -1.11112021455E-16));
#5628 = PCURVE('',#5212,#5629);
#5629 = DEFINITIONAL_REPRESENTATION('',(#5630),#5634);
#5630 = LINE('',#5631,#5632);
#5631 = CARTESIAN_POINT('',(6.28318530718,0.41));
#5632 = VECTOR('',#5633,1.);
#5633 = DIRECTION('',(-1.,0.));
#5634 = ( GEOMETRIC_REPRESENTATION_CONTEXT(2) 
PARAMETRIC_REPRESENTATION_CONTEXT() REPRESENTATION_CONTEXT('2D SPACE',''
  ) );
#5635 = PCURVE('',#880,#5636);
#5636 = DEFINITIONAL_REPRESENTATION('',(#5637),#5641);
#5637 = CIRCLE('',#5638,9.35E-02);
#5638 = AXIS2_PLACEMENT_2D('',#5639,#5640);
#5639 = CARTESIAN_POINT('',(-0.371441638465,-1.563974283732));
#5640 = DIRECTION('',(0.978658279117,-0.205494459089));
#5641 = ( GEOMETRIC_REPRESENTATION_CONTEXT(2) 
PARAMETRIC_REPRESENTATION_CONTEXT() REPRESENTATION_CONTEXT('2D SPACE',''
  ) );
#5642 = ORIENTED_EDGE('',*,*,#5198,.T.);
#5643 = ORIENTED_EDGE('',*,*,#5644,.F.);
#5644 = EDGE_CURVE('',#5307,#5175,#5645,.T.);
#5645 = SURFACE_CURVE('',#5646,(#5651,#5658),.PCURVE_S1.);
#5646 = CIRCLE('',#5647,9.35E-02);
#5647 = AXIS2_PLACEMENT_3D('',#5648,#5649,#5650);
#5648 = CARTESIAN_POINT('',(-2.673972099006E-02,1.363659334802,3.3000001
    ));
#5649 = DIRECTION('',(1.105604689172E-16,1.11006990631E-17,-1.));
#5650 = DIRECTION('',(-0.995840173234,-9.111722873557E-02,
    -1.11112021455E-16));
#5651 = PCURVE('',#5212,#5652);
#5652 = DEFINITIONAL_REPRESENTATION('',(#5653),#5657);
#5653 = LINE('',#5654,#5655);
#5654 = CARTESIAN_POINT('',(0.,0.91));
#5655 = VECTOR('',#5656,1.);
#5656 = DIRECTION('',(1.,0.));
#5657 = ( GEOMETRIC_REPRESENTATION_CONTEXT(2) 
PARAMETRIC_REPRESENTATION_CONTEXT() REPRESENTATION_CONTEXT('2D SPACE',''
  ) );
#5658 = PCURVE('',#977,#5659);
#5659 = DEFINITIONAL_REPRESENTATION('',(#5660),#5664);
#5660 = CIRCLE('',#5661,9.35E-02);
#5661 = AXIS2_PLACEMENT_2D('',#5662,#5663);
#5662 = CARTESIAN_POINT('',(0.371441638465,-2.766524283732));
#5663 = DIRECTION('',(-0.978658279117,-0.205494459089));
#5664 = ( GEOMETRIC_REPRESENTATION_CONTEXT(2) 
PARAMETRIC_REPRESENTATION_CONTEXT() REPRESENTATION_CONTEXT('2D SPACE',''
  ) );
#5665 = ORIENTED_EDGE('',*,*,#5306,.F.);
#5666 = ADVANCED_FACE('',(#5667),#5681,.F.);
#5667 = FACE_BOUND('',#5668,.T.);
#5668 = EDGE_LOOP('',(#5669,#5699,#5722,#5745));
#5669 = ORIENTED_EDGE('',*,*,#5670,.F.);
#5670 = EDGE_CURVE('',#5671,#5673,#5675,.T.);
#5671 = VERTEX_POINT('',#5672);
#5672 = CARTESIAN_POINT('',(-0.453322416483,1.281651227594,3.8000001));
#5673 = VERTEX_POINT('',#5674);
#5674 = CARTESIAN_POINT('',(-0.424618135759,1.201164213622,3.8000001));
#5675 = SURFACE_CURVE('',#5676,(#5680,#5692),.PCURVE_S1.);
#5676 = LINE('',#5677,#5678);
#5677 = CARTESIAN_POINT('',(-0.182576426943,0.522477484391,3.8000001));
#5678 = VECTOR('',#5679,1.);
#5679 = DIRECTION('',(0.335909993758,-0.941894089637,1.295034752108E-17)
  );
#5680 = PCURVE('',#5681,#5686);
#5681 = PLANE('',#5682);
#5682 = AXIS2_PLACEMENT_3D('',#5683,#5684,#5685);
#5683 = CARTESIAN_POINT('',(-0.453322416483,1.281651227594,4.2100001));
#5684 = DIRECTION('',(0.941894089637,0.335909993758,1.113530577612E-16)
  );
#5685 = DIRECTION('',(0.335909993758,-0.941894089637,1.295034752108E-17)
  );
#5686 = DEFINITIONAL_REPRESENTATION('',(#5687),#5691);
#5687 = LINE('',#5688,#5689);
#5688 = CARTESIAN_POINT('',(0.806007545387,0.41));
#5689 = VECTOR('',#5690,1.);
#5690 = DIRECTION('',(1.,-2.688025383542E-33));
#5691 = ( GEOMETRIC_REPRESENTATION_CONTEXT(2) 
PARAMETRIC_REPRESENTATION_CONTEXT() REPRESENTATION_CONTEXT('2D SPACE',''
  ) );
#5692 = PCURVE('',#880,#5693);
#5693 = DEFINITIONAL_REPRESENTATION('',(#5694),#5698);
#5694 = LINE('',#5695,#5696);
#5695 = CARTESIAN_POINT('',(2.466647260693E-02,-0.805706291049));
#5696 = VECTOR('',#5697,1.);
#5697 = DIRECTION('',(-4.434394422788E-02,0.999016323495));
#5698 = ( GEOMETRIC_REPRESENTATION_CONTEXT(2) 
PARAMETRIC_REPRESENTATION_CONTEXT() REPRESENTATION_CONTEXT('2D SPACE',''
  ) );
#5699 = ORIENTED_EDGE('',*,*,#5700,.T.);
#5700 = EDGE_CURVE('',#5671,#5701,#5703,.T.);
#5701 = VERTEX_POINT('',#5702);
#5702 = CARTESIAN_POINT('',(-0.453322416483,1.281651227594,3.3000001));
#5703 = SURFACE_CURVE('',#5704,(#5708,#5715),.PCURVE_S1.);
#5704 = LINE('',#5705,#5706);
#5705 = CARTESIAN_POINT('',(-0.453322416483,1.281651227594,4.2100001));
#5706 = VECTOR('',#5707,1.);
#5707 = DIRECTION('',(5.551115123126E-17,9.84654534872E-19,-1.));
#5708 = PCURVE('',#5681,#5709);
#5709 = DEFINITIONAL_REPRESENTATION('',(#5710),#5714);
#5710 = LINE('',#5711,#5712);
#5711 = CARTESIAN_POINT('',(0.,0.));
#5712 = VECTOR('',#5713,1.);
#5713 = DIRECTION('',(-1.756326405259E-17,1.));
#5714 = ( GEOMETRIC_REPRESENTATION_CONTEXT(2) 
PARAMETRIC_REPRESENTATION_CONTEXT() REPRESENTATION_CONTEXT('2D SPACE',''
  ) );
#5715 = PCURVE('',#5606,#5716);
#5716 = DEFINITIONAL_REPRESENTATION('',(#5717),#5721);
#5717 = LINE('',#5718,#5719);
#5718 = CARTESIAN_POINT('',(0.,0.));
#5719 = VECTOR('',#5720,1.);
#5720 = DIRECTION('',(0.,1.));
#5721 = ( GEOMETRIC_REPRESENTATION_CONTEXT(2) 
PARAMETRIC_REPRESENTATION_CONTEXT() REPRESENTATION_CONTEXT('2D SPACE',''
  ) );
#5722 = ORIENTED_EDGE('',*,*,#5723,.F.);
#5723 = EDGE_CURVE('',#5724,#5701,#5726,.T.);
#5724 = VERTEX_POINT('',#5725);
#5725 = CARTESIAN_POINT('',(-0.424618135759,1.201164213622,3.3000001));
#5726 = SURFACE_CURVE('',#5727,(#5731,#5738),.PCURVE_S1.);
#5727 = LINE('',#5728,#5729);
#5728 = CARTESIAN_POINT('',(1.919917719827E-02,-4.330279159276E-02,
    3.3000001));
#5729 = VECTOR('',#5730,1.);
#5730 = DIRECTION('',(-0.335909993758,0.941894089637,-1.295034752108E-17
    ));
#5731 = PCURVE('',#5681,#5732);
#5732 = DEFINITIONAL_REPRESENTATION('',(#5733),#5737);
#5733 = LINE('',#5734,#5735);
#5734 = CARTESIAN_POINT('',(1.406691085297,0.91));
#5735 = VECTOR('',#5736,1.);
#5736 = DIRECTION('',(-1.,2.688025383542E-33));
#5737 = ( GEOMETRIC_REPRESENTATION_CONTEXT(2) 
PARAMETRIC_REPRESENTATION_CONTEXT() REPRESENTATION_CONTEXT('2D SPACE',''
  ) );
#5738 = PCURVE('',#977,#5739);
#5739 = DEFINITIONAL_REPRESENTATION('',(#5740),#5744);
#5740 = LINE('',#5741,#5742);
#5741 = CARTESIAN_POINT('',(1.970204785428E-03,-1.408163629425));
#5742 = VECTOR('',#5743,1.);
#5743 = DIRECTION('',(-4.434394422788E-02,-0.999016323495));
#5744 = ( GEOMETRIC_REPRESENTATION_CONTEXT(2) 
PARAMETRIC_REPRESENTATION_CONTEXT() REPRESENTATION_CONTEXT('2D SPACE',''
  ) );
#5745 = ORIENTED_EDGE('',*,*,#5746,.F.);
#5746 = EDGE_CURVE('',#5673,#5724,#5747,.T.);
#5747 = SURFACE_CURVE('',#5748,(#5752,#5759),.PCURVE_S1.);
#5748 = LINE('',#5749,#5750);
#5749 = CARTESIAN_POINT('',(-0.424618135759,1.201164213622,4.2100001));
#5750 = VECTOR('',#5751,1.);
#5751 = DIRECTION('',(5.551115123126E-17,9.84654534872E-19,-1.));
#5752 = PCURVE('',#5681,#5753);
#5753 = DEFINITIONAL_REPRESENTATION('',(#5754),#5758);
#5754 = LINE('',#5755,#5756);
#5755 = CARTESIAN_POINT('',(8.545229751107E-02,-1.405126015541E-16));
#5756 = VECTOR('',#5757,1.);
#5757 = DIRECTION('',(-1.756326405259E-17,1.));
#5758 = ( GEOMETRIC_REPRESENTATION_CONTEXT(2) 
PARAMETRIC_REPRESENTATION_CONTEXT() REPRESENTATION_CONTEXT('2D SPACE',''
  ) );
#5759 = PCURVE('',#5760,#5765);
#5760 = CYLINDRICAL_SURFACE('',#5761,0.10404056416);
#5761 = AXIS2_PLACEMENT_3D('',#5762,#5763,#5764);
#5762 = CARTESIAN_POINT('',(-0.522613328224,1.166215948364,4.2100001));
#5763 = DIRECTION('',(5.551115123126E-17,9.84654534872E-19,-1.));
#5764 = DIRECTION('',(-0.941894089637,-0.335909993758,
    -5.584190652992E-17));
#5765 = DEFINITIONAL_REPRESENTATION('',(#5766),#5770);
#5766 = LINE('',#5767,#5768);
#5767 = CARTESIAN_POINT('',(3.14159265359,0.));
#5768 = VECTOR('',#5769,1.);
#5769 = DIRECTION('',(0.,1.));
#5770 = ( GEOMETRIC_REPRESENTATION_CONTEXT(2) 
PARAMETRIC_REPRESENTATION_CONTEXT() REPRESENTATION_CONTEXT('2D SPACE',''
  ) );
#5771 = ADVANCED_FACE('',(#5772),#5760,.F.);
#5772 = FACE_BOUND('',#5773,.F.);
#5773 = EDGE_LOOP('',(#5774,#5804,#5830,#5831));
#5774 = ORIENTED_EDGE('',*,*,#5775,.T.);
#5775 = EDGE_CURVE('',#5776,#5778,#5780,.T.);
#5776 = VERTEX_POINT('',#5777);
#5777 = CARTESIAN_POINT('',(-0.61365783043,1.115863812275,3.8000001));
#5778 = VERTEX_POINT('',#5779);
#5779 = CARTESIAN_POINT('',(-0.61365783043,1.115863812275,3.3000001));
#5780 = SURFACE_CURVE('',#5781,(#5785,#5792),.PCURVE_S1.);
#5781 = LINE('',#5782,#5783);
#5782 = CARTESIAN_POINT('',(-0.61365783043,1.115863812275,4.2100001));
#5783 = VECTOR('',#5784,1.);
#5784 = DIRECTION('',(5.551115123126E-17,9.84654534872E-19,-1.));
#5785 = PCURVE('',#5760,#5786);
#5786 = DEFINITIONAL_REPRESENTATION('',(#5787),#5791);
#5787 = LINE('',#5788,#5789);
#5788 = CARTESIAN_POINT('',(6.120574874859,0.));
#5789 = VECTOR('',#5790,1.);
#5790 = DIRECTION('',(0.,1.));
#5791 = ( GEOMETRIC_REPRESENTATION_CONTEXT(2) 
PARAMETRIC_REPRESENTATION_CONTEXT() REPRESENTATION_CONTEXT('2D SPACE',''
  ) );
#5792 = PCURVE('',#5793,#5798);
#5793 = PLANE('',#5794);
#5794 = AXIS2_PLACEMENT_3D('',#5795,#5796,#5797);
#5795 = CARTESIAN_POINT('',(-0.61365783043,1.115863812275,4.2100001));
#5796 = DIRECTION('',(-0.875086587058,-0.483966388452,-8.3743266546E-17)
  );
#5797 = DIRECTION('',(-0.483966388452,0.875086587058,-2.689391763928E-17
    ));
#5798 = DEFINITIONAL_REPRESENTATION('',(#5799),#5803);
#5799 = LINE('',#5800,#5801);
#5800 = CARTESIAN_POINT('',(0.,0.));
#5801 = VECTOR('',#5802,1.);
#5802 = DIRECTION('',(1.175483308251E-17,1.));
#5803 = ( GEOMETRIC_REPRESENTATION_CONTEXT(2) 
PARAMETRIC_REPRESENTATION_CONTEXT() REPRESENTATION_CONTEXT('2D SPACE',''
  ) );
#5804 = ORIENTED_EDGE('',*,*,#5805,.T.);
#5805 = EDGE_CURVE('',#5778,#5724,#5806,.T.);
#5806 = SURFACE_CURVE('',#5807,(#5812,#5819),.PCURVE_S1.);
#5807 = CIRCLE('',#5808,0.10404056416);
#5808 = AXIS2_PLACEMENT_3D('',#5809,#5810,#5811);
#5809 = CARTESIAN_POINT('',(-0.522613328224,1.166215948364,3.3000001));
#5810 = DIRECTION('',(-6.160900048547E-17,6.511407628385E-18,1.));
#5811 = DIRECTION('',(-0.941894089637,-0.335909993758,
    -5.584190652992E-17));
#5812 = PCURVE('',#5760,#5813);
#5813 = DEFINITIONAL_REPRESENTATION('',(#5814),#5818);
#5814 = LINE('',#5815,#5816);
#5815 = CARTESIAN_POINT('',(6.28318530718,0.91));
#5816 = VECTOR('',#5817,1.);
#5817 = DIRECTION('',(-1.,0.));
#5818 = ( GEOMETRIC_REPRESENTATION_CONTEXT(2) 
PARAMETRIC_REPRESENTATION_CONTEXT() REPRESENTATION_CONTEXT('2D SPACE',''
  ) );
#5819 = PCURVE('',#977,#5820);
#5820 = DEFINITIONAL_REPRESENTATION('',(#5821),#5829);
#5821 = ( BOUNDED_CURVE() B_SPLINE_CURVE(2,(#5822,#5823,#5824,#5825,
#5826,#5827,#5828),.UNSPECIFIED.,.T.,.F.) B_SPLINE_CURVE_WITH_KNOTS((1,2
    ,2,2,2,1),(-2.094395102393,0.,2.094395102393,4.188790204786,
6.28318530718,8.377580409573),.UNSPECIFIED.) CURVE() 
GEOMETRIC_REPRESENTATION_ITEM() RATIONAL_B_SPLINE_CURVE((1.,0.5,1.,0.5,
1.,0.5,1.)) REPRESENTATION_ITEM('') );
#5822 = CARTESIAN_POINT('',(-0.264495178135,-2.718875607709));
#5823 = CARTESIAN_POINT('',(-0.256504242266,-2.538849326527));
#5824 = CARTESIAN_POINT('',(-0.104592377348,-2.63578282058));
#5825 = CARTESIAN_POINT('',(4.73194875695E-02,-2.732716314632));
#5826 = CARTESIAN_POINT('',(-0.112583313217,-2.815809101761));
#5827 = CARTESIAN_POINT('',(-0.272486114003,-2.89890188889));
#5828 = CARTESIAN_POINT('',(-0.264495178135,-2.718875607709));
#5829 = ( GEOMETRIC_REPRESENTATION_CONTEXT(2) 
PARAMETRIC_REPRESENTATION_CONTEXT() REPRESENTATION_CONTEXT('2D SPACE',''
  ) );
#5830 = ORIENTED_EDGE('',*,*,#5746,.F.);
#5831 = ORIENTED_EDGE('',*,*,#5832,.T.);
#5832 = EDGE_CURVE('',#5673,#5776,#5833,.T.);
#5833 = SURFACE_CURVE('',#5834,(#5839,#5846),.PCURVE_S1.);
#5834 = CIRCLE('',#5835,0.10404056416);
#5835 = AXIS2_PLACEMENT_3D('',#5836,#5837,#5838);
#5836 = CARTESIAN_POINT('',(-0.522613328224,1.166215948364,3.8000001));
#5837 = DIRECTION('',(6.160900048547E-17,-6.511407628385E-18,-1.));
#5838 = DIRECTION('',(-0.941894089637,-0.335909993758,
    -5.584190652992E-17));
#5839 = PCURVE('',#5760,#5840);
#5840 = DEFINITIONAL_REPRESENTATION('',(#5841),#5845);
#5841 = LINE('',#5842,#5843);
#5842 = CARTESIAN_POINT('',(0.,0.41));
#5843 = VECTOR('',#5844,1.);
#5844 = DIRECTION('',(1.,0.));
#5845 = ( GEOMETRIC_REPRESENTATION_CONTEXT(2) 
PARAMETRIC_REPRESENTATION_CONTEXT() REPRESENTATION_CONTEXT('2D SPACE',''
  ) );
#5846 = PCURVE('',#880,#5847);
#5847 = DEFINITIONAL_REPRESENTATION('',(#5848),#5856);
#5848 = ( BOUNDED_CURVE() B_SPLINE_CURVE(2,(#5849,#5850,#5851,#5852,
#5853,#5854,#5855),.UNSPECIFIED.,.T.,.F.) B_SPLINE_CURVE_WITH_KNOTS((1,2
    ,2,2,2,1),(-2.094395102393,0.,2.094395102393,4.188790204786,
6.28318530718,8.377580409573),.UNSPECIFIED.) CURVE() 
GEOMETRIC_REPRESENTATION_ITEM() RATIONAL_B_SPLINE_CURVE((1.,0.5,1.,0.5,
1.,0.5,1.)) REPRESENTATION_ITEM('') );
#5849 = CARTESIAN_POINT('',(0.264495178135,-1.516325607709));
#5850 = CARTESIAN_POINT('',(0.272486114003,-1.69635188889));
#5851 = CARTESIAN_POINT('',(0.112583313217,-1.613259101761));
#5852 = CARTESIAN_POINT('',(-4.73194875695E-02,-1.530166314632));
#5853 = CARTESIAN_POINT('',(0.104592377348,-1.43323282058));
#5854 = CARTESIAN_POINT('',(0.256504242266,-1.336299326527));
#5855 = CARTESIAN_POINT('',(0.264495178135,-1.516325607709));
#5856 = ( GEOMETRIC_REPRESENTATION_CONTEXT(2) 
PARAMETRIC_REPRESENTATION_CONTEXT() REPRESENTATION_CONTEXT('2D SPACE',''
  ) );
#5857 = ADVANCED_FACE('',(#5858),#5793,.F.);
#5858 = FACE_BOUND('',#5859,.T.);
#5859 = EDGE_LOOP('',(#5860,#5883,#5884,#5907));
#5860 = ORIENTED_EDGE('',*,*,#5861,.F.);
#5861 = EDGE_CURVE('',#5776,#5862,#5864,.T.);
#5862 = VERTEX_POINT('',#5863);
#5863 = CARTESIAN_POINT('',(-0.655013870242,1.190641971661,3.8000001));
#5864 = SURFACE_CURVE('',#5865,(#5869,#5876),.PCURVE_S1.);
#5865 = LINE('',#5866,#5867);
#5866 = CARTESIAN_POINT('',(-0.245486865681,0.450153381379,3.8000001));
#5867 = VECTOR('',#5868,1.);
#5868 = DIRECTION('',(-0.483966388452,0.875086587058,-2.689391763928E-17
    ));
#5869 = PCURVE('',#5793,#5870);
#5870 = DEFINITIONAL_REPRESENTATION('',(#5871),#5875);
#5871 = LINE('',#5872,#5873);
#5872 = CARTESIAN_POINT('',(-0.760736641084,0.41));
#5873 = VECTOR('',#5874,1.);
#5874 = DIRECTION('',(1.,2.497366725928E-33));
#5875 = ( GEOMETRIC_REPRESENTATION_CONTEXT(2) 
PARAMETRIC_REPRESENTATION_CONTEXT() REPRESENTATION_CONTEXT('2D SPACE',''
  ) );
#5876 = PCURVE('',#880,#5877);
#5877 = DEFINITIONAL_REPRESENTATION('',(#5878),#5882);
#5878 = LINE('',#5879,#5880);
#5879 = CARTESIAN_POINT('',(0.106049951144,-0.755058205203));
#5880 = VECTOR('',#5881,1.);
#5881 = DIRECTION('',(0.205494459089,-0.978658279117));
#5882 = ( GEOMETRIC_REPRESENTATION_CONTEXT(2) 
PARAMETRIC_REPRESENTATION_CONTEXT() REPRESENTATION_CONTEXT('2D SPACE',''
  ) );
#5883 = ORIENTED_EDGE('',*,*,#5775,.T.);
#5884 = ORIENTED_EDGE('',*,*,#5885,.F.);
#5885 = EDGE_CURVE('',#5886,#5778,#5888,.T.);
#5886 = VERTEX_POINT('',#5887);
#5887 = CARTESIAN_POINT('',(-0.655013870242,1.190641971661,3.3000001));
#5888 = SURFACE_CURVE('',#5889,(#5893,#5900),.PCURVE_S1.);
#5889 = LINE('',#5890,#5891);
#5890 = CARTESIAN_POINT('',(3.929965012638E-02,-6.478498232644E-02,
    3.3000001));
#5891 = VECTOR('',#5892,1.);
#5892 = DIRECTION('',(0.483966388452,-0.875086587058,2.689391763928E-17)
  );
#5893 = PCURVE('',#5793,#5894);
#5894 = DEFINITIONAL_REPRESENTATION('',(#5895),#5899);
#5895 = LINE('',#5896,#5897);
#5896 = CARTESIAN_POINT('',(-1.34917939786,0.91));
#5897 = VECTOR('',#5898,1.);
#5898 = DIRECTION('',(-1.,-2.497366725928E-33));
#5899 = ( GEOMETRIC_REPRESENTATION_CONTEXT(2) 
PARAMETRIC_REPRESENTATION_CONTEXT() REPRESENTATION_CONTEXT('2D SPACE',''
  ) );
#5900 = PCURVE('',#977,#5901);
#5901 = DEFINITIONAL_REPRESENTATION('',(#5902),#5906);
#5902 = LINE('',#5903,#5904);
#5903 = CARTESIAN_POINT('',(1.487177486476E-02,-1.381723829498));
#5904 = VECTOR('',#5905,1.);
#5905 = DIRECTION('',(0.205494459089,0.978658279117));
#5906 = ( GEOMETRIC_REPRESENTATION_CONTEXT(2) 
PARAMETRIC_REPRESENTATION_CONTEXT() REPRESENTATION_CONTEXT('2D SPACE',''
  ) );
#5907 = ORIENTED_EDGE('',*,*,#5908,.F.);
#5908 = EDGE_CURVE('',#5862,#5886,#5909,.T.);
#5909 = SURFACE_CURVE('',#5910,(#5914,#5921),.PCURVE_S1.);
#5910 = LINE('',#5911,#5912);
#5911 = CARTESIAN_POINT('',(-0.655013870242,1.190641971661,4.2100001));
#5912 = VECTOR('',#5913,1.);
#5913 = DIRECTION('',(5.551115123126E-17,9.84654534872E-19,-1.));
#5914 = PCURVE('',#5793,#5915);
#5915 = DEFINITIONAL_REPRESENTATION('',(#5916),#5920);
#5916 = LINE('',#5917,#5918);
#5917 = CARTESIAN_POINT('',(8.545229751107E-02,2.515349040166E-16));
#5918 = VECTOR('',#5919,1.);
#5919 = DIRECTION('',(1.175483308251E-17,1.));
#5920 = ( GEOMETRIC_REPRESENTATION_CONTEXT(2) 
PARAMETRIC_REPRESENTATION_CONTEXT() REPRESENTATION_CONTEXT('2D SPACE',''
  ) );
#5921 = PCURVE('',#5922,#5927);
#5922 = CYLINDRICAL_SURFACE('',#5923,9.35E-02);
#5923 = AXIS2_PLACEMENT_3D('',#5924,#5925,#5926);
#5924 = CARTESIAN_POINT('',(-0.736834466132,1.14539111434,4.2100001));
#5925 = DIRECTION('',(5.551115123126E-17,9.84654534872E-19,-1.));
#5926 = DIRECTION('',(-0.187707264807,0.982225016347,-5.971741587296E-18
    ));
#5927 = DEFINITIONAL_REPRESENTATION('',(#5928),#5932);
#5928 = LINE('',#5929,#5930);
#5929 = CARTESIAN_POINT('',(1.254442096415,0.));
#5930 = VECTOR('',#5931,1.);
#5931 = DIRECTION('',(0.,1.));
#5932 = ( GEOMETRIC_REPRESENTATION_CONTEXT(2) 
PARAMETRIC_REPRESENTATION_CONTEXT() REPRESENTATION_CONTEXT('2D SPACE',''
  ) );
#5933 = ADVANCED_FACE('',(#5934),#5922,.T.);
#5934 = FACE_BOUND('',#5935,.T.);
#5935 = EDGE_LOOP('',(#5936,#5960,#5961,#5985));
#5936 = ORIENTED_EDGE('',*,*,#5937,.F.);
#5937 = EDGE_CURVE('',#5862,#5938,#5940,.T.);
#5938 = VERTEX_POINT('',#5939);
#5939 = CARTESIAN_POINT('',(-0.754385095391,1.237229153369,3.8000001));
#5940 = SURFACE_CURVE('',#5941,(#5946,#5953),.PCURVE_S1.);
#5941 = CIRCLE('',#5942,9.35E-02);
#5942 = AXIS2_PLACEMENT_3D('',#5943,#5944,#5945);
#5943 = CARTESIAN_POINT('',(-0.736834466132,1.14539111434,3.8000001));
#5944 = DIRECTION('',(-5.582692222107E-17,-4.588945720582E-18,1.));
#5945 = DIRECTION('',(-0.187707264807,0.982225016347,-5.971741587296E-18
    ));
#5946 = PCURVE('',#5922,#5947);
#5947 = DEFINITIONAL_REPRESENTATION('',(#5948),#5952);
#5948 = LINE('',#5949,#5950);
#5949 = CARTESIAN_POINT('',(6.28318530718,0.41));
#5950 = VECTOR('',#5951,1.);
#5951 = DIRECTION('',(-1.,0.));
#5952 = ( GEOMETRIC_REPRESENTATION_CONTEXT(2) 
PARAMETRIC_REPRESENTATION_CONTEXT() REPRESENTATION_CONTEXT('2D SPACE',''
  ) );
#5953 = PCURVE('',#880,#5954);
#5954 = DEFINITIONAL_REPRESENTATION('',(#5955),#5959);
#5955 = CIRCLE('',#5956,9.35E-02);
#5956 = AXIS2_PLACEMENT_2D('',#5957,#5958);
#5957 = CARTESIAN_POINT('',(0.371441638465,-1.563974283732));
#5958 = DIRECTION('',(-0.10916730335,-0.994023390006));
#5959 = ( GEOMETRIC_REPRESENTATION_CONTEXT(2) 
PARAMETRIC_REPRESENTATION_CONTEXT() REPRESENTATION_CONTEXT('2D SPACE',''
  ) );
#5960 = ORIENTED_EDGE('',*,*,#5908,.T.);
#5961 = ORIENTED_EDGE('',*,*,#5962,.F.);
#5962 = EDGE_CURVE('',#5963,#5886,#5965,.T.);
#5963 = VERTEX_POINT('',#5964);
#5964 = CARTESIAN_POINT('',(-0.754385095391,1.237229153369,3.3000001));
#5965 = SURFACE_CURVE('',#5966,(#5971,#5978),.PCURVE_S1.);
#5966 = CIRCLE('',#5967,9.35E-02);
#5967 = AXIS2_PLACEMENT_3D('',#5968,#5969,#5970);
#5968 = CARTESIAN_POINT('',(-0.736834466132,1.14539111434,3.3000001));
#5969 = DIRECTION('',(5.582692222107E-17,4.588945720582E-18,-1.));
#5970 = DIRECTION('',(-0.187707264807,0.982225016347,-5.971741587296E-18
    ));
#5971 = PCURVE('',#5922,#5972);
#5972 = DEFINITIONAL_REPRESENTATION('',(#5973),#5977);
#5973 = LINE('',#5974,#5975);
#5974 = CARTESIAN_POINT('',(0.,0.91));
#5975 = VECTOR('',#5976,1.);
#5976 = DIRECTION('',(1.,0.));
#5977 = ( GEOMETRIC_REPRESENTATION_CONTEXT(2) 
PARAMETRIC_REPRESENTATION_CONTEXT() REPRESENTATION_CONTEXT('2D SPACE',''
  ) );
#5978 = PCURVE('',#977,#5979);
#5979 = DEFINITIONAL_REPRESENTATION('',(#5980),#5984);
#5980 = CIRCLE('',#5981,9.35E-02);
#5981 = AXIS2_PLACEMENT_2D('',#5982,#5983);
#5982 = CARTESIAN_POINT('',(-0.371441638465,-2.766524283732));
#5983 = DIRECTION('',(0.10916730335,-0.994023390006));
#5984 = ( GEOMETRIC_REPRESENTATION_CONTEXT(2) 
PARAMETRIC_REPRESENTATION_CONTEXT() REPRESENTATION_CONTEXT('2D SPACE',''
  ) );
#5985 = ORIENTED_EDGE('',*,*,#5986,.F.);
#5986 = EDGE_CURVE('',#5938,#5963,#5987,.T.);
#5987 = SURFACE_CURVE('',#5988,(#5992,#5999),.PCURVE_S1.);
#5988 = LINE('',#5989,#5990);
#5989 = CARTESIAN_POINT('',(-0.754385095391,1.237229153369,4.2100001));
#5990 = VECTOR('',#5991,1.);
#5991 = DIRECTION('',(5.551115123126E-17,9.84654534872E-19,-1.));
#5992 = PCURVE('',#5922,#5993);
#5993 = DEFINITIONAL_REPRESENTATION('',(#5994),#5998);
#5994 = LINE('',#5995,#5996);
#5995 = CARTESIAN_POINT('',(0.,0.));
#5996 = VECTOR('',#5997,1.);
#5997 = DIRECTION('',(0.,1.));
#5998 = ( GEOMETRIC_REPRESENTATION_CONTEXT(2) 
PARAMETRIC_REPRESENTATION_CONTEXT() REPRESENTATION_CONTEXT('2D SPACE',''
  ) );
#5999 = PCURVE('',#6000,#6005);
#6000 = CYLINDRICAL_SURFACE('',#6001,9.35E-02);
#6001 = AXIS2_PLACEMENT_3D('',#6002,#6003,#6004);
#6002 = CARTESIAN_POINT('',(-0.680551988909,1.179862591792,4.2100001));
#6003 = DIRECTION('',(5.551115123126E-17,9.84654534872E-19,-1.));
#6004 = DIRECTION('',(-0.828765336344,-0.559596298482,
    -8.381773587988E-17));
#6005 = DEFINITIONAL_REPRESENTATION('',(#6006),#6010);
#6006 = LINE('',#6007,#6008);
#6007 = CARTESIAN_POINT('',(1.254442096415,0.));
#6008 = VECTOR('',#6009,1.);
#6009 = DIRECTION('',(0.,1.));
#6010 = ( GEOMETRIC_REPRESENTATION_CONTEXT(2) 
PARAMETRIC_REPRESENTATION_CONTEXT() REPRESENTATION_CONTEXT('2D SPACE',''
  ) );
#6011 = ADVANCED_FACE('',(#6012),#5606,.T.);
#6012 = FACE_BOUND('',#6013,.T.);
#6013 = EDGE_LOOP('',(#6014,#6036,#6037,#6059));
#6014 = ORIENTED_EDGE('',*,*,#6015,.F.);
#6015 = EDGE_CURVE('',#5544,#5671,#6016,.T.);
#6016 = SURFACE_CURVE('',#6017,(#6022,#6029),.PCURVE_S1.);
#6017 = CIRCLE('',#6018,9.35E-02);
#6018 = AXIS2_PLACEMENT_3D('',#6019,#6020,#6021);
#6019 = CARTESIAN_POINT('',(-0.365255319102,1.31305881201,3.8000001));
#6020 = DIRECTION('',(-1.092329381233E-16,-2.520674914862E-17,1.));
#6021 = DIRECTION('',(-0.941894089637,-0.335909993758,
    -1.113530577612E-16));
#6022 = PCURVE('',#5606,#6023);
#6023 = DEFINITIONAL_REPRESENTATION('',(#6024),#6028);
#6024 = LINE('',#6025,#6026);
#6025 = CARTESIAN_POINT('',(6.28318530718,0.41));
#6026 = VECTOR('',#6027,1.);
#6027 = DIRECTION('',(-1.,0.));
#6028 = ( GEOMETRIC_REPRESENTATION_CONTEXT(2) 
PARAMETRIC_REPRESENTATION_CONTEXT() REPRESENTATION_CONTEXT('2D SPACE',''
  ) );
#6029 = PCURVE('',#880,#6030);
#6030 = DEFINITIONAL_REPRESENTATION('',(#6031),#6035);
#6031 = CIRCLE('',#6032,9.35E-02);
#6032 = AXIS2_PLACEMENT_2D('',#6033,#6034);
#6033 = CARTESIAN_POINT('',(-3.3E-02,-1.615067144537));
#6034 = DIRECTION('',(0.999016323495,4.434394422788E-02));
#6035 = ( GEOMETRIC_REPRESENTATION_CONTEXT(2) 
PARAMETRIC_REPRESENTATION_CONTEXT() REPRESENTATION_CONTEXT('2D SPACE',''
  ) );
#6036 = ORIENTED_EDGE('',*,*,#5592,.T.);
#6037 = ORIENTED_EDGE('',*,*,#6038,.F.);
#6038 = EDGE_CURVE('',#5701,#5569,#6039,.T.);
#6039 = SURFACE_CURVE('',#6040,(#6045,#6052),.PCURVE_S1.);
#6040 = CIRCLE('',#6041,9.35E-02);
#6041 = AXIS2_PLACEMENT_3D('',#6042,#6043,#6044);
#6042 = CARTESIAN_POINT('',(-0.365255319102,1.31305881201,3.3000001));
#6043 = DIRECTION('',(1.092329381233E-16,2.520674914862E-17,-1.));
#6044 = DIRECTION('',(-0.941894089637,-0.335909993758,
    -1.113530577612E-16));
#6045 = PCURVE('',#5606,#6046);
#6046 = DEFINITIONAL_REPRESENTATION('',(#6047),#6051);
#6047 = LINE('',#6048,#6049);
#6048 = CARTESIAN_POINT('',(0.,0.91));
#6049 = VECTOR('',#6050,1.);
#6050 = DIRECTION('',(1.,0.));
#6051 = ( GEOMETRIC_REPRESENTATION_CONTEXT(2) 
PARAMETRIC_REPRESENTATION_CONTEXT() REPRESENTATION_CONTEXT('2D SPACE',''
  ) );
#6052 = PCURVE('',#977,#6053);
#6053 = DEFINITIONAL_REPRESENTATION('',(#6054),#6058);
#6054 = CIRCLE('',#6055,9.35E-02);
#6055 = AXIS2_PLACEMENT_2D('',#6056,#6057);
#6056 = CARTESIAN_POINT('',(3.3E-02,-2.817617144537));
#6057 = DIRECTION('',(-0.999016323495,4.434394422788E-02));
#6058 = ( GEOMETRIC_REPRESENTATION_CONTEXT(2) 
PARAMETRIC_REPRESENTATION_CONTEXT() REPRESENTATION_CONTEXT('2D SPACE',''
  ) );
#6059 = ORIENTED_EDGE('',*,*,#5700,.F.);
#6060 = ADVANCED_FACE('',(#6061),#6075,.F.);
#6061 = FACE_BOUND('',#6062,.T.);
#6062 = EDGE_LOOP('',(#6063,#6093,#6116,#6139));
#6063 = ORIENTED_EDGE('',*,*,#6064,.F.);
#6064 = EDGE_CURVE('',#6065,#6067,#6069,.T.);
#6065 = VERTEX_POINT('',#6066);
#6066 = CARTESIAN_POINT('',(-0.758041547857,1.127540337884,3.8000001));
#6067 = VERTEX_POINT('',#6068);
#6068 = CARTESIAN_POINT('',(-0.710222758473,1.056720435795,3.8000001));
#6069 = SURFACE_CURVE('',#6070,(#6074,#6086),.PCURVE_S1.);
#6070 = LINE('',#6071,#6072);
#6071 = CARTESIAN_POINT('',(-0.309969536369,0.463943111964,3.8000001));
#6072 = VECTOR('',#6073,1.);
#6073 = DIRECTION('',(0.559596298482,-0.828765336344,5.469510368448E-17)
  );
#6074 = PCURVE('',#6075,#6080);
#6075 = PLANE('',#6076);
#6076 = AXIS2_PLACEMENT_3D('',#6077,#6078,#6079);
#6077 = CARTESIAN_POINT('',(-0.758041547857,1.127540337884,4.2100001));
#6078 = DIRECTION('',(0.828765336344,0.559596298482,5.606216026426E-17)
  );
#6079 = DIRECTION('',(0.559596298482,-0.828765336344,5.469510368448E-17)
  );
#6080 = DEFINITIONAL_REPRESENTATION('',(#6081),#6085);
#6081 = LINE('',#6082,#6083);
#6082 = CARTESIAN_POINT('',(0.800705817218,0.41));
#6083 = VECTOR('',#6084,1.);
#6084 = DIRECTION('',(1.,-2.775557561563E-17));
#6085 = ( GEOMETRIC_REPRESENTATION_CONTEXT(2) 
PARAMETRIC_REPRESENTATION_CONTEXT() REPRESENTATION_CONTEXT('2D SPACE',''
  ) );
#6086 = PCURVE('',#880,#6087);
#6087 = DEFINITIONAL_REPRESENTATION('',(#6088),#6092);
#6088 = LINE('',#6089,#6090);
#6089 = CARTESIAN_POINT('',(0.1636349675,-0.787185100165));
#6090 = VECTOR('',#6091,1.);
#6091 = DIRECTION('',(-0.291396054443,0.956602498144));
#6092 = ( GEOMETRIC_REPRESENTATION_CONTEXT(2) 
PARAMETRIC_REPRESENTATION_CONTEXT() REPRESENTATION_CONTEXT('2D SPACE',''
  ) );
#6093 = ORIENTED_EDGE('',*,*,#6094,.T.);
#6094 = EDGE_CURVE('',#6065,#6095,#6097,.T.);
#6095 = VERTEX_POINT('',#6096);
#6096 = CARTESIAN_POINT('',(-0.758041547857,1.127540337884,3.3000001));
#6097 = SURFACE_CURVE('',#6098,(#6102,#6109),.PCURVE_S1.);
#6098 = LINE('',#6099,#6100);
#6099 = CARTESIAN_POINT('',(-0.758041547857,1.127540337884,4.2100001));
#6100 = VECTOR('',#6101,1.);
#6101 = DIRECTION('',(5.551115123126E-17,9.84654534872E-19,-1.));
#6102 = PCURVE('',#6075,#6103);
#6103 = DEFINITIONAL_REPRESENTATION('',(#6104),#6108);
#6104 = LINE('',#6105,#6106);
#6105 = CARTESIAN_POINT('',(0.,0.));
#6106 = VECTOR('',#6107,1.);
#6107 = DIRECTION('',(-2.775557561563E-17,1.));
#6108 = ( GEOMETRIC_REPRESENTATION_CONTEXT(2) 
PARAMETRIC_REPRESENTATION_CONTEXT() REPRESENTATION_CONTEXT('2D SPACE',''
  ) );
#6109 = PCURVE('',#6000,#6110);
#6110 = DEFINITIONAL_REPRESENTATION('',(#6111),#6115);
#6111 = LINE('',#6112,#6113);
#6112 = CARTESIAN_POINT('',(0.,0.));
#6113 = VECTOR('',#6114,1.);
#6114 = DIRECTION('',(0.,1.));
#6115 = ( GEOMETRIC_REPRESENTATION_CONTEXT(2) 
PARAMETRIC_REPRESENTATION_CONTEXT() REPRESENTATION_CONTEXT('2D SPACE',''
  ) );
#6116 = ORIENTED_EDGE('',*,*,#6117,.F.);
#6117 = EDGE_CURVE('',#6118,#6095,#6120,.T.);
#6118 = VERTEX_POINT('',#6119);
#6119 = CARTESIAN_POINT('',(-0.710222758473,1.056720435795,3.3000001));
#6120 = SURFACE_CURVE('',#6121,(#6125,#6132),.PCURVE_S1.);
#6121 = LINE('',#6122,#6123);
#6122 = CARTESIAN_POINT('',(1.189971568064E-02,-1.274710142238E-02,
    3.3000001));
#6123 = VECTOR('',#6124,1.);
#6124 = DIRECTION('',(-0.559596298482,0.828765336344,-5.469510368448E-17
    ));
#6125 = PCURVE('',#6075,#6126);
#6126 = DEFINITIONAL_REPRESENTATION('',(#6127),#6131);
#6127 = LINE('',#6128,#6129);
#6128 = CARTESIAN_POINT('',(1.375886984289,0.91));
#6129 = VECTOR('',#6130,1.);
#6130 = DIRECTION('',(-1.,2.775557561563E-17));
#6131 = ( GEOMETRIC_REPRESENTATION_CONTEXT(2) 
PARAMETRIC_REPRESENTATION_CONTEXT() REPRESENTATION_CONTEXT('2D SPACE',''
  ) );
#6132 = PCURVE('',#977,#6133);
#6133 = DEFINITIONAL_REPRESENTATION('',(#6134),#6138);
#6134 = LINE('',#6135,#6136);
#6135 = CARTESIAN_POINT('',(3.970555175014E-03,-1.439515358859));
#6136 = VECTOR('',#6137,1.);
#6137 = DIRECTION('',(-0.291396054443,-0.956602498144));
#6138 = ( GEOMETRIC_REPRESENTATION_CONTEXT(2) 
PARAMETRIC_REPRESENTATION_CONTEXT() REPRESENTATION_CONTEXT('2D SPACE',''
  ) );
#6139 = ORIENTED_EDGE('',*,*,#6140,.F.);
#6140 = EDGE_CURVE('',#6067,#6118,#6141,.T.);
#6141 = SURFACE_CURVE('',#6142,(#6146,#6153),.PCURVE_S1.);
#6142 = LINE('',#6143,#6144);
#6143 = CARTESIAN_POINT('',(-0.710222758473,1.056720435795,4.2100001));
#6144 = VECTOR('',#6145,1.);
#6145 = DIRECTION('',(5.551115123126E-17,9.84654534872E-19,-1.));
#6146 = PCURVE('',#6075,#6147);
#6147 = DEFINITIONAL_REPRESENTATION('',(#6148),#6152);
#6148 = LINE('',#6149,#6150);
#6149 = CARTESIAN_POINT('',(8.545229751106E-02,9.71445146547E-17));
#6150 = VECTOR('',#6151,1.);
#6151 = DIRECTION('',(-2.775557561563E-17,1.));
#6152 = ( GEOMETRIC_REPRESENTATION_CONTEXT(2) 
PARAMETRIC_REPRESENTATION_CONTEXT() REPRESENTATION_CONTEXT('2D SPACE',''
  ) );
#6153 = PCURVE('',#6154,#6159);
#6154 = CYLINDRICAL_SURFACE('',#6155,0.10404056416);
#6155 = AXIS2_PLACEMENT_3D('',#6156,#6157,#6158);
#6156 = CARTESIAN_POINT('',(-0.796447971622,0.9984997212,4.2100001));
#6157 = DIRECTION('',(5.551115123126E-17,9.84654534872E-19,-1.));
#6158 = DIRECTION('',(-0.828765336344,-0.559596298482,
    -8.381773587988E-17));
#6159 = DEFINITIONAL_REPRESENTATION('',(#6160),#6164);
#6160 = LINE('',#6161,#6162);
#6161 = CARTESIAN_POINT('',(3.14159265359,0.));
#6162 = VECTOR('',#6163,1.);
#6163 = DIRECTION('',(0.,1.));
#6164 = ( GEOMETRIC_REPRESENTATION_CONTEXT(2) 
PARAMETRIC_REPRESENTATION_CONTEXT() REPRESENTATION_CONTEXT('2D SPACE',''
  ) );
#6165 = ADVANCED_FACE('',(#6166),#6154,.F.);
#6166 = FACE_BOUND('',#6167,.F.);
#6167 = EDGE_LOOP('',(#6168,#6198,#6224,#6225));
#6168 = ORIENTED_EDGE('',*,*,#6169,.T.);
#6169 = EDGE_CURVE('',#6170,#6172,#6174,.T.);
#6170 = VERTEX_POINT('',#6171);
#6171 = CARTESIAN_POINT('',(-0.87211007633,0.927087643076,3.8000001));
#6172 = VERTEX_POINT('',#6173);
#6173 = CARTESIAN_POINT('',(-0.87211007633,0.927087643076,3.3000001));
#6174 = SURFACE_CURVE('',#6175,(#6179,#6186),.PCURVE_S1.);
#6175 = LINE('',#6176,#6177);
#6176 = CARTESIAN_POINT('',(-0.87211007633,0.927087643076,4.2100001));
#6177 = VECTOR('',#6178,1.);
#6178 = DIRECTION('',(5.551115123126E-17,9.84654534872E-19,-1.));
#6179 = PCURVE('',#6154,#6180);
#6180 = DEFINITIONAL_REPRESENTATION('',(#6181),#6185);
#6181 = LINE('',#6182,#6183);
#6182 = CARTESIAN_POINT('',(6.120574874859,0.));
#6183 = VECTOR('',#6184,1.);
#6184 = DIRECTION('',(0.,1.));
#6185 = ( GEOMETRIC_REPRESENTATION_CONTEXT(2) 
PARAMETRIC_REPRESENTATION_CONTEXT() REPRESENTATION_CONTEXT('2D SPACE',''
  ) );
#6186 = PCURVE('',#6187,#6192);
#6187 = PLANE('',#6188);
#6188 = AXIS2_PLACEMENT_3D('',#6189,#6190,#6191);
#6189 = CARTESIAN_POINT('',(-0.87211007633,0.927087643076,4.2100001));
#6190 = DIRECTION('',(-0.727236586218,-0.686386879002,
    -5.618700518434E-17));
#6191 = DIRECTION('',(-0.686386879002,0.727236586218,-5.479507442871E-17
    ));
#6192 = DEFINITIONAL_REPRESENTATION('',(#6193),#6197);
#6193 = LINE('',#6194,#6195);
#6194 = CARTESIAN_POINT('',(0.,0.));
#6195 = VECTOR('',#6196,1.);
#6196 = DIRECTION('',(4.161020557864E-17,1.));
#6197 = ( GEOMETRIC_REPRESENTATION_CONTEXT(2) 
PARAMETRIC_REPRESENTATION_CONTEXT() REPRESENTATION_CONTEXT('2D SPACE',''
  ) );
#6198 = ORIENTED_EDGE('',*,*,#6199,.T.);
#6199 = EDGE_CURVE('',#6172,#6118,#6200,.T.);
#6200 = SURFACE_CURVE('',#6201,(#6206,#6213),.PCURVE_S1.);
#6201 = CIRCLE('',#6202,0.10404056416);
#6202 = AXIS2_PLACEMENT_3D('',#6203,#6204,#6205);
#6203 = CARTESIAN_POINT('',(-0.796447971622,0.9984997212,3.3000001));
#6204 = DIRECTION('',(-8.454049425827E-17,-2.457754770458E-17,1.));
#6205 = DIRECTION('',(-0.828765336344,-0.559596298482,
    -8.381773587988E-17));
#6206 = PCURVE('',#6154,#6207);
#6207 = DEFINITIONAL_REPRESENTATION('',(#6208),#6212);
#6208 = LINE('',#6209,#6210);
#6209 = CARTESIAN_POINT('',(6.28318530718,0.91));
#6210 = VECTOR('',#6211,1.);
#6211 = DIRECTION('',(-1.,0.));
#6212 = ( GEOMETRIC_REPRESENTATION_CONTEXT(2) 
PARAMETRIC_REPRESENTATION_CONTEXT() REPRESENTATION_CONTEXT('2D SPACE',''
  ) );
#6213 = PCURVE('',#977,#6214);
#6214 = DEFINITIONAL_REPRESENTATION('',(#6215),#6223);
#6215 = ( BOUNDED_CURVE() B_SPLINE_CURVE(2,(#6216,#6217,#6218,#6219,
#6220,#6221,#6222),.UNSPECIFIED.,.T.,.F.) B_SPLINE_CURVE_WITH_KNOTS((1,2
    ,2,2,2,1),(-2.094395102393,0.,2.094395102393,4.188790204786,
6.28318530718,8.377580409573),.UNSPECIFIED.) CURVE() 
GEOMETRIC_REPRESENTATION_ITEM() RATIONAL_B_SPLINE_CURVE((1.,0.5,1.,0.5,
1.,0.5,1.)) REPRESENTATION_ITEM('') );
#6216 = CARTESIAN_POINT('',(-0.571107948236,-2.613314384127));
#6217 = CARTESIAN_POINT('',(-0.518597346759,-2.440931224553));
#6218 = CARTESIAN_POINT('',(-0.395564452122,-2.572598319187));
#6219 = CARTESIAN_POINT('',(-0.272531557485,-2.704265413821));
#6220 = CARTESIAN_POINT('',(-0.448075053599,-2.744981478761));
#6221 = CARTESIAN_POINT('',(-0.623618549713,-2.7856975437));
#6222 = CARTESIAN_POINT('',(-0.571107948236,-2.613314384127));
#6223 = ( GEOMETRIC_REPRESENTATION_CONTEXT(2) 
PARAMETRIC_REPRESENTATION_CONTEXT() REPRESENTATION_CONTEXT('2D SPACE',''
  ) );
#6224 = ORIENTED_EDGE('',*,*,#6140,.F.);
#6225 = ORIENTED_EDGE('',*,*,#6226,.T.);
#6226 = EDGE_CURVE('',#6067,#6170,#6227,.T.);
#6227 = SURFACE_CURVE('',#6228,(#6233,#6240),.PCURVE_S1.);
#6228 = CIRCLE('',#6229,0.10404056416);
#6229 = AXIS2_PLACEMENT_3D('',#6230,#6231,#6232);
#6230 = CARTESIAN_POINT('',(-0.796447971622,0.9984997212,3.8000001));
#6231 = DIRECTION('',(8.454049425827E-17,2.457754770458E-17,-1.));
#6232 = DIRECTION('',(-0.828765336344,-0.559596298482,
    -8.381773587988E-17));
#6233 = PCURVE('',#6154,#6234);
#6234 = DEFINITIONAL_REPRESENTATION('',(#6235),#6239);
#6235 = LINE('',#6236,#6237);
#6236 = CARTESIAN_POINT('',(2.22044604925E-15,0.41));
#6237 = VECTOR('',#6238,1.);
#6238 = DIRECTION('',(1.,0.));
#6239 = ( GEOMETRIC_REPRESENTATION_CONTEXT(2) 
PARAMETRIC_REPRESENTATION_CONTEXT() REPRESENTATION_CONTEXT('2D SPACE',''
  ) );
#6240 = PCURVE('',#880,#6241);
#6241 = DEFINITIONAL_REPRESENTATION('',(#6242),#6250);
#6242 = ( BOUNDED_CURVE() B_SPLINE_CURVE(2,(#6243,#6244,#6245,#6246,
#6247,#6248,#6249),.UNSPECIFIED.,.T.,.F.) B_SPLINE_CURVE_WITH_KNOTS((1,2
    ,2,2,2,1),(-2.094395102393,0.,2.094395102393,4.188790204786,
6.28318530718,8.377580409573),.UNSPECIFIED.) CURVE() 
GEOMETRIC_REPRESENTATION_ITEM() RATIONAL_B_SPLINE_CURVE((1.,0.5,1.,0.5,
1.,0.5,1.)) REPRESENTATION_ITEM('') );
#6243 = CARTESIAN_POINT('',(0.571107948236,-1.410764384127));
#6244 = CARTESIAN_POINT('',(0.623618549713,-1.5831475437));
#6245 = CARTESIAN_POINT('',(0.448075053599,-1.542431478761));
#6246 = CARTESIAN_POINT('',(0.272531557485,-1.501715413821));
#6247 = CARTESIAN_POINT('',(0.395564452122,-1.370048319187));
#6248 = CARTESIAN_POINT('',(0.518597346759,-1.238381224553));
#6249 = CARTESIAN_POINT('',(0.571107948236,-1.410764384127));
#6250 = ( GEOMETRIC_REPRESENTATION_CONTEXT(2) 
PARAMETRIC_REPRESENTATION_CONTEXT() REPRESENTATION_CONTEXT('2D SPACE',''
  ) );
#6251 = ADVANCED_FACE('',(#6252),#6187,.F.);
#6252 = FACE_BOUND('',#6253,.T.);
#6253 = EDGE_LOOP('',(#6254,#6277,#6278,#6301));
#6254 = ORIENTED_EDGE('',*,*,#6255,.F.);
#6255 = EDGE_CURVE('',#6170,#6256,#6258,.T.);
#6256 = VERTEX_POINT('',#6257);
#6257 = CARTESIAN_POINT('',(-0.930763412122,0.989231680203,3.8000001));
#6258 = SURFACE_CURVE('',#6259,(#6263,#6270),.PCURVE_S1.);
#6259 = LINE('',#6260,#6261);
#6260 = CARTESIAN_POINT('',(-0.356973087044,0.381292732097,3.8000001));
#6261 = VECTOR('',#6262,1.);
#6262 = DIRECTION('',(-0.686386879002,0.727236586218,-5.479507442871E-17
    ));
#6263 = PCURVE('',#6187,#6264);
#6264 = DEFINITIONAL_REPRESENTATION('',(#6265),#6269);
#6265 = LINE('',#6266,#6267);
#6266 = CARTESIAN_POINT('',(-0.75050529817,0.41));
#6267 = VECTOR('',#6268,1.);
#6268 = DIRECTION('',(1.,2.775557561563E-17));
#6269 = ( GEOMETRIC_REPRESENTATION_CONTEXT(2) 
PARAMETRIC_REPRESENTATION_CONTEXT() REPRESENTATION_CONTEXT('2D SPACE',''
  ) );
#6270 = PCURVE('',#880,#6271);
#6271 = DEFINITIONAL_REPRESENTATION('',(#6272),#6276);
#6272 = LINE('',#6273,#6274);
#6273 = CARTESIAN_POINT('',(0.232847624815,-0.721992867993));
#6274 = VECTOR('',#6275,1.);
#6275 = DIRECTION('',(0.442420889785,-0.896807535808));
#6276 = ( GEOMETRIC_REPRESENTATION_CONTEXT(2) 
PARAMETRIC_REPRESENTATION_CONTEXT() REPRESENTATION_CONTEXT('2D SPACE',''
  ) );
#6277 = ORIENTED_EDGE('',*,*,#6169,.T.);
#6278 = ORIENTED_EDGE('',*,*,#6279,.F.);
#6279 = EDGE_CURVE('',#6280,#6172,#6282,.T.);
#6280 = VERTEX_POINT('',#6281);
#6281 = CARTESIAN_POINT('',(-0.930763412122,0.989231680203,3.3000001));
#6282 = SURFACE_CURVE('',#6283,(#6287,#6294),.PCURVE_S1.);
#6283 = LINE('',#6284,#6285);
#6284 = CARTESIAN_POINT('',(1.314590337687E-02,-1.08535622495E-02,
    3.3000001));
#6285 = VECTOR('',#6286,1.);
#6286 = DIRECTION('',(0.686386879002,-0.727236586218,5.479507442871E-17)
  );
#6287 = PCURVE('',#6187,#6288);
#6288 = DEFINITIONAL_REPRESENTATION('',(#6289),#6293);
#6289 = LINE('',#6290,#6291);
#6290 = CARTESIAN_POINT('',(-1.289733249263,0.91));
#6291 = VECTOR('',#6292,1.);
#6292 = DIRECTION('',(-1.,-2.775557561563E-17));
#6293 = ( GEOMETRIC_REPRESENTATION_CONTEXT(2) 
PARAMETRIC_REPRESENTATION_CONTEXT() REPRESENTATION_CONTEXT('2D SPACE',''
  ) );
#6294 = PCURVE('',#977,#6295);
#6295 = DEFINITIONAL_REPRESENTATION('',(#6296),#6300);
#6296 = LINE('',#6297,#6298);
#6297 = CARTESIAN_POINT('',(5.718085104023E-03,-1.440959177934));
#6298 = VECTOR('',#6299,1.);
#6299 = DIRECTION('',(0.442420889785,0.896807535808));
#6300 = ( GEOMETRIC_REPRESENTATION_CONTEXT(2) 
PARAMETRIC_REPRESENTATION_CONTEXT() REPRESENTATION_CONTEXT('2D SPACE',''
  ) );
#6301 = ORIENTED_EDGE('',*,*,#6302,.F.);
#6302 = EDGE_CURVE('',#6256,#6280,#6303,.T.);
#6303 = SURFACE_CURVE('',#6304,(#6308,#6315),.PCURVE_S1.);
#6304 = LINE('',#6305,#6306);
#6305 = CARTESIAN_POINT('',(-0.930763412122,0.989231680203,4.2100001));
#6306 = VECTOR('',#6307,1.);
#6307 = DIRECTION('',(5.551115123126E-17,9.84654534872E-19,-1.));
#6308 = PCURVE('',#6187,#6309);
#6309 = DEFINITIONAL_REPRESENTATION('',(#6310),#6314);
#6310 = LINE('',#6311,#6312);
#6311 = CARTESIAN_POINT('',(8.545229751107E-02,1.387778780781E-17));
#6312 = VECTOR('',#6313,1.);
#6313 = DIRECTION('',(4.161020557864E-17,1.));
#6314 = ( GEOMETRIC_REPRESENTATION_CONTEXT(2) 
PARAMETRIC_REPRESENTATION_CONTEXT() REPRESENTATION_CONTEXT('2D SPACE',''
  ) );
#6315 = PCURVE('',#6316,#6321);
#6316 = CYLINDRICAL_SURFACE('',#6317,9.35E-02);
#6317 = AXIS2_PLACEMENT_3D('',#6318,#6319,#6320);
#6318 = CARTESIAN_POINT('',(-0.998760032934,0.925054507016,4.2100001));
#6319 = DIRECTION('',(5.551115123126E-17,9.84654534872E-19,-1.));
#6320 = DIRECTION('',(-0.4260795244,0.904685712769,-2.686477272592E-17)
  );
#6321 = DEFINITIONAL_REPRESENTATION('',(#6322),#6326);
#6322 = LINE('',#6323,#6324);
#6323 = CARTESIAN_POINT('',(1.254442096415,0.));
#6324 = VECTOR('',#6325,1.);
#6325 = DIRECTION('',(0.,1.));
#6326 = ( GEOMETRIC_REPRESENTATION_CONTEXT(2) 
PARAMETRIC_REPRESENTATION_CONTEXT() REPRESENTATION_CONTEXT('2D SPACE',''
  ) );
#6327 = ADVANCED_FACE('',(#6328),#6316,.T.);
#6328 = FACE_BOUND('',#6329,.T.);
#6329 = EDGE_LOOP('',(#6330,#6354,#6355,#6379));
#6330 = ORIENTED_EDGE('',*,*,#6331,.F.);
#6331 = EDGE_CURVE('',#6256,#6332,#6334,.T.);
#6332 = VERTEX_POINT('',#6333);
#6333 = CARTESIAN_POINT('',(-1.038598468465,1.00964262116,3.8000001));
#6334 = SURFACE_CURVE('',#6335,(#6340,#6347),.PCURVE_S1.);
#6335 = CIRCLE('',#6336,9.35E-02);
#6336 = AXIS2_PLACEMENT_3D('',#6337,#6338,#6339);
#6337 = CARTESIAN_POINT('',(-0.998760032934,0.925054507016,3.8000001));
#6338 = DIRECTION('',(-6.204622787599E-17,4.732532587693E-19,1.));
#6339 = DIRECTION('',(-0.4260795244,0.904685712769,-2.686477272592E-17)
  );
#6340 = PCURVE('',#6316,#6341);
#6341 = DEFINITIONAL_REPRESENTATION('',(#6342),#6346);
#6342 = LINE('',#6343,#6344);
#6343 = CARTESIAN_POINT('',(6.28318530718,0.41));
#6344 = VECTOR('',#6345,1.);
#6345 = DIRECTION('',(-1.,0.));
#6346 = ( GEOMETRIC_REPRESENTATION_CONTEXT(2) 
PARAMETRIC_REPRESENTATION_CONTEXT() REPRESENTATION_CONTEXT('2D SPACE',''
  ) );
#6347 = PCURVE('',#880,#6348);
#6348 = DEFINITIONAL_REPRESENTATION('',(#6349),#6353);
#6349 = CIRCLE('',#6350,9.35E-02);
#6350 = AXIS2_PLACEMENT_2D('',#6351,#6352);
#6351 = CARTESIAN_POINT('',(0.686544232718,-1.430319586221));
#6352 = DIRECTION('',(0.141465952929,-0.98994312168));
#6353 = ( GEOMETRIC_REPRESENTATION_CONTEXT(2) 
PARAMETRIC_REPRESENTATION_CONTEXT() REPRESENTATION_CONTEXT('2D SPACE',''
  ) );
#6354 = ORIENTED_EDGE('',*,*,#6302,.T.);
#6355 = ORIENTED_EDGE('',*,*,#6356,.F.);
#6356 = EDGE_CURVE('',#6357,#6280,#6359,.T.);
#6357 = VERTEX_POINT('',#6358);
#6358 = CARTESIAN_POINT('',(-1.038598468465,1.00964262116,3.3000001));
#6359 = SURFACE_CURVE('',#6360,(#6365,#6372),.PCURVE_S1.);
#6360 = CIRCLE('',#6361,9.35E-02);
#6361 = AXIS2_PLACEMENT_3D('',#6362,#6363,#6364);
#6362 = CARTESIAN_POINT('',(-0.998760032934,0.925054507016,3.3000001));
#6363 = DIRECTION('',(6.204622787599E-17,-4.732532587693E-19,-1.));
#6364 = DIRECTION('',(-0.4260795244,0.904685712769,-2.686477272592E-17)
  );
#6365 = PCURVE('',#6316,#6366);
#6366 = DEFINITIONAL_REPRESENTATION('',(#6367),#6371);
#6367 = LINE('',#6368,#6369);
#6368 = CARTESIAN_POINT('',(0.,0.91));
#6369 = VECTOR('',#6370,1.);
#6370 = DIRECTION('',(1.,0.));
#6371 = ( GEOMETRIC_REPRESENTATION_CONTEXT(2) 
PARAMETRIC_REPRESENTATION_CONTEXT() REPRESENTATION_CONTEXT('2D SPACE',''
  ) );
#6372 = PCURVE('',#977,#6373);
#6373 = DEFINITIONAL_REPRESENTATION('',(#6374),#6378);
#6374 = CIRCLE('',#6375,9.35E-02);
#6375 = AXIS2_PLACEMENT_2D('',#6376,#6377);
#6376 = CARTESIAN_POINT('',(-0.686544232718,-2.632869586221));
#6377 = DIRECTION('',(-0.141465952929,-0.98994312168));
#6378 = ( GEOMETRIC_REPRESENTATION_CONTEXT(2) 
PARAMETRIC_REPRESENTATION_CONTEXT() REPRESENTATION_CONTEXT('2D SPACE',''
  ) );
#6379 = ORIENTED_EDGE('',*,*,#6380,.F.);
#6380 = EDGE_CURVE('',#6332,#6357,#6381,.T.);
#6381 = SURFACE_CURVE('',#6382,(#6386,#6393),.PCURVE_S1.);
#6382 = LINE('',#6383,#6384);
#6383 = CARTESIAN_POINT('',(-1.038598468465,1.00964262116,4.2100001));
#6384 = VECTOR('',#6385,1.);
#6385 = DIRECTION('',(5.551115123126E-17,9.84654534872E-19,-1.));
#6386 = PCURVE('',#6316,#6387);
#6387 = DEFINITIONAL_REPRESENTATION('',(#6388),#6392);
#6388 = LINE('',#6389,#6390);
#6389 = CARTESIAN_POINT('',(0.,0.));
#6390 = VECTOR('',#6391,1.);
#6391 = DIRECTION('',(0.,1.));
#6392 = ( GEOMETRIC_REPRESENTATION_CONTEXT(2) 
PARAMETRIC_REPRESENTATION_CONTEXT() REPRESENTATION_CONTEXT('2D SPACE',''
  ) );
#6393 = PCURVE('',#6394,#6399);
#6394 = CYLINDRICAL_SURFACE('',#6395,9.35E-02);
#6395 = AXIS2_PLACEMENT_3D('',#6396,#6397,#6398);
#6396 = CARTESIAN_POINT('',(-0.952818481067,0.972439882525,4.2100001));
#6397 = DIRECTION('',(5.551115123126E-17,9.84654534872E-19,-1.));
#6398 = DIRECTION('',(-0.663562208983,-0.748121109721,
    -5.624779207458E-17));
#6399 = DEFINITIONAL_REPRESENTATION('',(#6400),#6404);
#6400 = LINE('',#6401,#6402);
#6401 = CARTESIAN_POINT('',(1.254442096415,0.));
#6402 = VECTOR('',#6403,1.);
#6403 = DIRECTION('',(0.,1.));
#6404 = ( GEOMETRIC_REPRESENTATION_CONTEXT(2) 
PARAMETRIC_REPRESENTATION_CONTEXT() REPRESENTATION_CONTEXT('2D SPACE',''
  ) );
#6405 = ADVANCED_FACE('',(#6406),#6000,.T.);
#6406 = FACE_BOUND('',#6407,.T.);
#6407 = EDGE_LOOP('',(#6408,#6430,#6431,#6453));
#6408 = ORIENTED_EDGE('',*,*,#6409,.F.);
#6409 = EDGE_CURVE('',#5938,#6065,#6410,.T.);
#6410 = SURFACE_CURVE('',#6411,(#6416,#6423),.PCURVE_S1.);
#6411 = CIRCLE('',#6412,9.35E-02);
#6412 = AXIS2_PLACEMENT_3D('',#6413,#6414,#6415);
#6413 = CARTESIAN_POINT('',(-0.680551988909,1.179862591792,3.8000001));
#6414 = DIRECTION('',(-1.00072411635E-16,-1.57468874407E-18,1.));
#6415 = DIRECTION('',(-0.828765336344,-0.559596298482,
    -8.381773587988E-17));
#6416 = PCURVE('',#6000,#6417);
#6417 = DEFINITIONAL_REPRESENTATION('',(#6418),#6422);
#6418 = LINE('',#6419,#6420);
#6419 = CARTESIAN_POINT('',(6.28318530718,0.41));
#6420 = VECTOR('',#6421,1.);
#6421 = DIRECTION('',(-1.,0.));
#6422 = ( GEOMETRIC_REPRESENTATION_CONTEXT(2) 
PARAMETRIC_REPRESENTATION_CONTEXT() REPRESENTATION_CONTEXT('2D SPACE',''
  ) );
#6423 = PCURVE('',#880,#6424);
#6424 = DEFINITIONAL_REPRESENTATION('',(#6425),#6429);
#6425 = CIRCLE('',#6426,9.35E-02);
#6426 = AXIS2_PLACEMENT_2D('',#6427,#6428);
#6427 = CARTESIAN_POINT('',(0.30751514983,-1.580387816285));
#6428 = DIRECTION('',(0.956602498144,0.291396054443));
#6429 = ( GEOMETRIC_REPRESENTATION_CONTEXT(2) 
PARAMETRIC_REPRESENTATION_CONTEXT() REPRESENTATION_CONTEXT('2D SPACE',''
  ) );
#6430 = ORIENTED_EDGE('',*,*,#5986,.T.);
#6431 = ORIENTED_EDGE('',*,*,#6432,.F.);
#6432 = EDGE_CURVE('',#6095,#5963,#6433,.T.);
#6433 = SURFACE_CURVE('',#6434,(#6439,#6446),.PCURVE_S1.);
#6434 = CIRCLE('',#6435,9.35E-02);
#6435 = AXIS2_PLACEMENT_3D('',#6436,#6437,#6438);
#6436 = CARTESIAN_POINT('',(-0.680551988909,1.179862591792,3.3000001));
#6437 = DIRECTION('',(1.00072411635E-16,1.57468874407E-18,-1.));
#6438 = DIRECTION('',(-0.828765336344,-0.559596298482,
    -8.381773587988E-17));
#6439 = PCURVE('',#6000,#6440);
#6440 = DEFINITIONAL_REPRESENTATION('',(#6441),#6445);
#6441 = LINE('',#6442,#6443);
#6442 = CARTESIAN_POINT('',(0.,0.91));
#6443 = VECTOR('',#6444,1.);
#6444 = DIRECTION('',(1.,0.));
#6445 = ( GEOMETRIC_REPRESENTATION_CONTEXT(2) 
PARAMETRIC_REPRESENTATION_CONTEXT() REPRESENTATION_CONTEXT('2D SPACE',''
  ) );
#6446 = PCURVE('',#977,#6447);
#6447 = DEFINITIONAL_REPRESENTATION('',(#6448),#6452);
#6448 = CIRCLE('',#6449,9.35E-02);
#6449 = AXIS2_PLACEMENT_2D('',#6450,#6451);
#6450 = CARTESIAN_POINT('',(-0.30751514983,-2.782937816285));
#6451 = DIRECTION('',(-0.956602498144,0.291396054443));
#6452 = ( GEOMETRIC_REPRESENTATION_CONTEXT(2) 
PARAMETRIC_REPRESENTATION_CONTEXT() REPRESENTATION_CONTEXT('2D SPACE',''
  ) );
#6453 = ORIENTED_EDGE('',*,*,#6094,.F.);
#6454 = ADVANCED_FACE('',(#6455),#6469,.F.);
#6455 = FACE_BOUND('',#6456,.T.);
#6456 = EDGE_LOOP('',(#6457,#6487,#6510,#6533));
#6457 = ORIENTED_EDGE('',*,*,#6458,.F.);
#6458 = EDGE_CURVE('',#6459,#6461,#6463,.T.);
#6459 = VERTEX_POINT('',#6460);
#6460 = CARTESIAN_POINT('',(-1.014861547607,0.902490558766,3.8000001));
#6461 = VERTEX_POINT('',#6462);
#6462 = CARTESIAN_POINT('',(-0.950932879965,0.845787643467,3.8000001));
#6463 = SURFACE_CURVE('',#6464,(#6468,#6480),.PCURVE_S1.);
#6464 = LINE('',#6465,#6466);
#6465 = CARTESIAN_POINT('',(-0.425423858536,0.379676043929,3.8000001));
#6466 = VECTOR('',#6467,1.);
#6467 = DIRECTION('',(0.748121109721,-0.663562208983,2.710219607738E-17)
  );
#6468 = PCURVE('',#6469,#6474);
#6469 = PLANE('',#6470);
#6470 = AXIS2_PLACEMENT_3D('',#6471,#6472,#6473);
#6471 = CARTESIAN_POINT('',(-1.014861547607,0.902490558766,4.2100001));
#6472 = DIRECTION('',(0.663562208983,0.748121109721,5.624779207458E-17)
  );
#6473 = DIRECTION('',(0.748121109721,-0.663562208983,5.485777169301E-17)
  );
#6474 = DEFINITIONAL_REPRESENTATION('',(#6475),#6479);
#6475 = LINE('',#6476,#6477);
#6476 = CARTESIAN_POINT('',(0.787890732412,0.41));
#6477 = VECTOR('',#6478,1.);
#6478 = DIRECTION('',(1.,-1.893707669395E-33));
#6479 = ( GEOMETRIC_REPRESENTATION_CONTEXT(2) 
PARAMETRIC_REPRESENTATION_CONTEXT() REPRESENTATION_CONTEXT('2D SPACE',''
  ) );
#6480 = PCURVE('',#880,#6481);
#6481 = DEFINITIONAL_REPRESENTATION('',(#6482),#6486);
#6482 = LINE('',#6483,#6484);
#6483 = CARTESIAN_POINT('',(0.298752197319,-0.740559211776));
#6484 = VECTOR('',#6485,1.);
#6485 = DIRECTION('',(-0.520138678878,0.854081819696));
#6486 = ( GEOMETRIC_REPRESENTATION_CONTEXT(2) 
PARAMETRIC_REPRESENTATION_CONTEXT() REPRESENTATION_CONTEXT('2D SPACE',''
  ) );
#6487 = ORIENTED_EDGE('',*,*,#6488,.T.);
#6488 = EDGE_CURVE('',#6459,#6489,#6491,.T.);
#6489 = VERTEX_POINT('',#6490);
#6490 = CARTESIAN_POINT('',(-1.014861547607,0.902490558766,3.3000001));
#6491 = SURFACE_CURVE('',#6492,(#6496,#6503),.PCURVE_S1.);
#6492 = LINE('',#6493,#6494);
#6493 = CARTESIAN_POINT('',(-1.014861547607,0.902490558766,4.2100001));
#6494 = VECTOR('',#6495,1.);
#6495 = DIRECTION('',(5.551115123126E-17,9.84654534872E-19,-1.));
#6496 = PCURVE('',#6469,#6497);
#6497 = DEFINITIONAL_REPRESENTATION('',(#6498),#6502);
#6498 = LINE('',#6499,#6500);
#6499 = CARTESIAN_POINT('',(0.,0.));
#6500 = VECTOR('',#6501,1.);
#6501 = DIRECTION('',(-4.153413435828E-17,1.));
#6502 = ( GEOMETRIC_REPRESENTATION_CONTEXT(2) 
PARAMETRIC_REPRESENTATION_CONTEXT() REPRESENTATION_CONTEXT('2D SPACE',''
  ) );
#6503 = PCURVE('',#6394,#6504);
#6504 = DEFINITIONAL_REPRESENTATION('',(#6505),#6509);
#6505 = LINE('',#6506,#6507);
#6506 = CARTESIAN_POINT('',(0.,0.));
#6507 = VECTOR('',#6508,1.);
#6508 = DIRECTION('',(0.,1.));
#6509 = ( GEOMETRIC_REPRESENTATION_CONTEXT(2) 
PARAMETRIC_REPRESENTATION_CONTEXT() REPRESENTATION_CONTEXT('2D SPACE',''
  ) );
#6510 = ORIENTED_EDGE('',*,*,#6511,.F.);
#6511 = EDGE_CURVE('',#6512,#6489,#6514,.T.);
#6512 = VERTEX_POINT('',#6513);
#6513 = CARTESIAN_POINT('',(-0.950932879965,0.845787643467,3.3000001));
#6514 = SURFACE_CURVE('',#6515,(#6519,#6526),.PCURVE_S1.);
#6515 = LINE('',#6516,#6517);
#6516 = CARTESIAN_POINT('',(-4.123520557548E-02,3.891160363763E-02,
    3.3000001));
#6517 = VECTOR('',#6518,1.);
#6518 = DIRECTION('',(-0.748121109721,0.663562208983,-2.710219607738E-17
    ));
#6519 = PCURVE('',#6469,#6520);
#6520 = DEFINITIONAL_REPRESENTATION('',(#6521),#6525);
#6521 = LINE('',#6522,#6523);
#6522 = CARTESIAN_POINT('',(1.30142877855,0.91));
#6523 = VECTOR('',#6524,1.);
#6524 = DIRECTION('',(-1.,1.893707669395E-33));
#6525 = ( GEOMETRIC_REPRESENTATION_CONTEXT(2) 
PARAMETRIC_REPRESENTATION_CONTEXT() REPRESENTATION_CONTEXT('2D SPACE',''
  ) );
#6526 = PCURVE('',#977,#6527);
#6527 = DEFINITIONAL_REPRESENTATION('',(#6528),#6532);
#6528 = LINE('',#6529,#6530);
#6529 = CARTESIAN_POINT('',(-3.164119644775E-02,-1.504505702848));
#6530 = VECTOR('',#6531,1.);
#6531 = DIRECTION('',(-0.520138678878,-0.854081819696));
#6532 = ( GEOMETRIC_REPRESENTATION_CONTEXT(2) 
PARAMETRIC_REPRESENTATION_CONTEXT() REPRESENTATION_CONTEXT('2D SPACE',''
  ) );
#6533 = ORIENTED_EDGE('',*,*,#6534,.F.);
#6534 = EDGE_CURVE('',#6461,#6512,#6535,.T.);
#6535 = SURFACE_CURVE('',#6536,(#6540,#6547),.PCURVE_S1.);
#6536 = LINE('',#6537,#6538);
#6537 = CARTESIAN_POINT('',(-0.950932879965,0.845787643467,4.2100001));
#6538 = VECTOR('',#6539,1.);
#6539 = DIRECTION('',(5.551115123126E-17,9.84654534872E-19,-1.));
#6540 = PCURVE('',#6469,#6541);
#6541 = DEFINITIONAL_REPRESENTATION('',(#6542),#6546);
#6542 = LINE('',#6543,#6544);
#6543 = CARTESIAN_POINT('',(8.545229751107E-02,-1.214306433184E-16));
#6544 = VECTOR('',#6545,1.);
#6545 = DIRECTION('',(-4.153413435828E-17,1.));
#6546 = ( GEOMETRIC_REPRESENTATION_CONTEXT(2) 
PARAMETRIC_REPRESENTATION_CONTEXT() REPRESENTATION_CONTEXT('2D SPACE',''
  ) );
#6547 = PCURVE('',#6548,#6553);
#6548 = CYLINDRICAL_SURFACE('',#6549,0.10404056416);
#6549 = AXIS2_PLACEMENT_3D('',#6550,#6551,#6552);
#6550 = CARTESIAN_POINT('',(-1.019970266542,0.767952701151,4.2100001));
#6551 = DIRECTION('',(5.551115123126E-17,9.84654534872E-19,-1.));
#6552 = DIRECTION('',(-0.663562208983,-0.748121109721,
    -5.624779207458E-17));
#6553 = DEFINITIONAL_REPRESENTATION('',(#6554),#6558);
#6554 = LINE('',#6555,#6556);
#6555 = CARTESIAN_POINT('',(3.14159265359,0.));
#6556 = VECTOR('',#6557,1.);
#6557 = DIRECTION('',(0.,1.));
#6558 = ( GEOMETRIC_REPRESENTATION_CONTEXT(2) 
PARAMETRIC_REPRESENTATION_CONTEXT() REPRESENTATION_CONTEXT('2D SPACE',''
  ) );
#6559 = ADVANCED_FACE('',(#6560),#6548,.F.);
#6560 = FACE_BOUND('',#6561,.F.);
#6561 = EDGE_LOOP('',(#6562,#6592,#6618,#6619));
#6562 = ORIENTED_EDGE('',*,*,#6563,.T.);
#6563 = EDGE_CURVE('',#6564,#6566,#6568,.T.);
#6564 = VERTEX_POINT('',#6565);
#6565 = CARTESIAN_POINT('',(-1.075495845447,0.679967764497,3.8000001));
#6566 = VERTEX_POINT('',#6567);
#6567 = CARTESIAN_POINT('',(-1.075495845447,0.679967764497,3.3000001));
#6568 = SURFACE_CURVE('',#6569,(#6573,#6580),.PCURVE_S1.);
#6569 = LINE('',#6570,#6571);
#6570 = CARTESIAN_POINT('',(-1.075495845447,0.679967764497,4.2100001));
#6571 = VECTOR('',#6572,1.);
#6572 = DIRECTION('',(5.551115123126E-17,9.84654534872E-19,-1.));
#6573 = PCURVE('',#6548,#6574);
#6574 = DEFINITIONAL_REPRESENTATION('',(#6575),#6579);
#6575 = LINE('',#6576,#6577);
#6576 = CARTESIAN_POINT('',(6.120574874859,0.));
#6577 = VECTOR('',#6578,1.);
#6578 = DIRECTION('',(0.,1.));
#6579 = ( GEOMETRIC_REPRESENTATION_CONTEXT(2) 
PARAMETRIC_REPRESENTATION_CONTEXT() REPRESENTATION_CONTEXT('2D SPACE',''
  ) );
#6580 = PCURVE('',#6581,#6586);
#6581 = PLANE('',#6582);
#6582 = AXIS2_PLACEMENT_3D('',#6583,#6584,#6585);
#6583 = CARTESIAN_POINT('',(-1.075495845447,0.679967764497,4.2100001));
#6584 = DIRECTION('',(-0.533691636077,-0.84567915759,-5.634385304883E-17
    ));
#6585 = DIRECTION('',(-0.84567915759,0.533691636077,-2.723007372594E-17)
  );
#6586 = DEFINITIONAL_REPRESENTATION('',(#6587),#6591);
#6587 = LINE('',#6588,#6589);
#6588 = CARTESIAN_POINT('',(0.,0.));
#6589 = VECTOR('',#6590,1.);
#6590 = DIRECTION('',(1.252697648974E-17,1.));
#6591 = ( GEOMETRIC_REPRESENTATION_CONTEXT(2) 
PARAMETRIC_REPRESENTATION_CONTEXT() REPRESENTATION_CONTEXT('2D SPACE',''
  ) );
#6592 = ORIENTED_EDGE('',*,*,#6593,.T.);
#6593 = EDGE_CURVE('',#6566,#6512,#6594,.T.);
#6594 = SURFACE_CURVE('',#6595,(#6600,#6607),.PCURVE_S1.);
#6595 = CIRCLE('',#6596,0.10404056416);
#6596 = AXIS2_PLACEMENT_3D('',#6597,#6598,#6599);
#6597 = CARTESIAN_POINT('',(-1.019970266542,0.767952701151,3.3000001));
#6598 = DIRECTION('',(-7.83641661952E-17,-5.678616461707E-18,1.));
#6599 = DIRECTION('',(-0.663562208983,-0.748121109721,
    -5.624779207458E-17));
#6600 = PCURVE('',#6548,#6601);
#6601 = DEFINITIONAL_REPRESENTATION('',(#6602),#6606);
#6602 = LINE('',#6603,#6604);
#6603 = CARTESIAN_POINT('',(6.28318530718,0.91));
#6604 = VECTOR('',#6605,1.);
#6605 = DIRECTION('',(-1.,0.));
#6606 = ( GEOMETRIC_REPRESENTATION_CONTEXT(2) 
PARAMETRIC_REPRESENTATION_CONTEXT() REPRESENTATION_CONTEXT('2D SPACE',''
  ) );
#6607 = PCURVE('',#977,#6608);
#6608 = DEFINITIONAL_REPRESENTATION('',(#6609),#6617);
#6609 = ( BOUNDED_CURVE() B_SPLINE_CURVE(2,(#6610,#6611,#6612,#6613,
#6614,#6615,#6616),.UNSPECIFIED.,.T.,.F.) B_SPLINE_CURVE_WITH_KNOTS((1,2
    ,2,2,2,1),(-2.094395102393,0.,2.094395102393,4.188790204786,
6.28318530718,8.377580409573),.UNSPECIFIED.) CURVE() 
GEOMETRIC_REPRESENTATION_ITEM() RATIONAL_B_SPLINE_CURVE((1.,0.5,1.,0.5,
1.,0.5,1.)) REPRESENTATION_ITEM('') );
#6610 = CARTESIAN_POINT('',(-0.841835905561,-2.434818065297));
#6611 = CARTESIAN_POINT('',(-0.748105072686,-2.280909495228));
#6612 = CARTESIAN_POINT('',(-0.661681757584,-2.43903706265));
#6613 = CARTESIAN_POINT('',(-0.575258442482,-2.597164630073));
#6614 = CARTESIAN_POINT('',(-0.755412590459,-2.592945632719));
#6615 = CARTESIAN_POINT('',(-0.935566738437,-2.588726635366));
#6616 = CARTESIAN_POINT('',(-0.841835905561,-2.434818065297));
#6617 = ( GEOMETRIC_REPRESENTATION_CONTEXT(2) 
PARAMETRIC_REPRESENTATION_CONTEXT() REPRESENTATION_CONTEXT('2D SPACE',''
  ) );
#6618 = ORIENTED_EDGE('',*,*,#6534,.F.);
#6619 = ORIENTED_EDGE('',*,*,#6620,.T.);
#6620 = EDGE_CURVE('',#6461,#6564,#6621,.T.);
#6621 = SURFACE_CURVE('',#6622,(#6627,#6634),.PCURVE_S1.);
#6622 = CIRCLE('',#6623,0.10404056416);
#6623 = AXIS2_PLACEMENT_3D('',#6624,#6625,#6626);
#6624 = CARTESIAN_POINT('',(-1.019970266542,0.767952701151,3.8000001));
#6625 = DIRECTION('',(7.83641661952E-17,5.678616461707E-18,-1.));
#6626 = DIRECTION('',(-0.663562208983,-0.748121109721,
    -5.624779207458E-17));
#6627 = PCURVE('',#6548,#6628);
#6628 = DEFINITIONAL_REPRESENTATION('',(#6629),#6633);
#6629 = LINE('',#6630,#6631);
#6630 = CARTESIAN_POINT('',(0.,0.41));
#6631 = VECTOR('',#6632,1.);
#6632 = DIRECTION('',(1.,0.));
#6633 = ( GEOMETRIC_REPRESENTATION_CONTEXT(2) 
PARAMETRIC_REPRESENTATION_CONTEXT() REPRESENTATION_CONTEXT('2D SPACE',''
  ) );
#6634 = PCURVE('',#880,#6635);
#6635 = DEFINITIONAL_REPRESENTATION('',(#6636),#6644);
#6636 = ( BOUNDED_CURVE() B_SPLINE_CURVE(2,(#6637,#6638,#6639,#6640,
#6641,#6642,#6643),.UNSPECIFIED.,.T.,.F.) B_SPLINE_CURVE_WITH_KNOTS((1,2
    ,2,2,2,1),(-2.094395102393,0.,2.094395102393,4.188790204786,
6.28318530718,8.377580409573),.UNSPECIFIED.) CURVE() 
GEOMETRIC_REPRESENTATION_ITEM() RATIONAL_B_SPLINE_CURVE((1.,0.5,1.,0.5,
1.,0.5,1.)) REPRESENTATION_ITEM('') );
#6637 = CARTESIAN_POINT('',(0.841835905561,-1.232268065297));
#6638 = CARTESIAN_POINT('',(0.935566738437,-1.386176635366));
#6639 = CARTESIAN_POINT('',(0.755412590459,-1.390395632719));
#6640 = CARTESIAN_POINT('',(0.575258442482,-1.394614630073));
#6641 = CARTESIAN_POINT('',(0.661681757584,-1.23648706265));
#6642 = CARTESIAN_POINT('',(0.748105072686,-1.078359495228));
#6643 = CARTESIAN_POINT('',(0.841835905561,-1.232268065297));
#6644 = ( GEOMETRIC_REPRESENTATION_CONTEXT(2) 
PARAMETRIC_REPRESENTATION_CONTEXT() REPRESENTATION_CONTEXT('2D SPACE',''
  ) );
#6645 = ADVANCED_FACE('',(#6646),#6581,.F.);
#6646 = FACE_BOUND('',#6647,.T.);
#6647 = EDGE_LOOP('',(#6648,#6671,#6672,#6695));
#6648 = ORIENTED_EDGE('',*,*,#6649,.F.);
#6649 = EDGE_CURVE('',#6564,#6650,#6652,.T.);
#6650 = VERTEX_POINT('',#6651);
#6651 = CARTESIAN_POINT('',(-1.14776107242,0.725572940963,3.8000001));
#6652 = SURFACE_CURVE('',#6653,(#6657,#6664),.PCURVE_S1.);
#6653 = LINE('',#6654,#6655);
#6654 = CARTESIAN_POINT('',(-0.455418313093,0.288648917667,3.8000001));
#6655 = VECTOR('',#6656,1.);
#6656 = DIRECTION('',(-0.84567915759,0.533691636077,-2.723007372594E-17)
  );
#6657 = PCURVE('',#6581,#6658);
#6658 = DEFINITIONAL_REPRESENTATION('',(#6659),#6663);
#6659 = LINE('',#6660,#6661);
#6660 = CARTESIAN_POINT('',(-0.733230240794,0.41));
#6661 = VECTOR('',#6662,1.);
#6662 = DIRECTION('',(1.,1.523076405874E-33));
#6663 = ( GEOMETRIC_REPRESENTATION_CONTEXT(2) 
PARAMETRIC_REPRESENTATION_CONTEXT() REPRESENTATION_CONTEXT('2D SPACE',''
  ) );
#6664 = PCURVE('',#880,#6665);
#6665 = DEFINITIONAL_REPRESENTATION('',(#6666),#6670);
#6666 = LINE('',#6667,#6668);
#6667 = CARTESIAN_POINT('',(0.35416767739,-0.662362475346));
#6668 = VECTOR('',#6669,1.);
#6669 = DIRECTION('',(0.651548388866,-0.758607076797));
#6670 = ( GEOMETRIC_REPRESENTATION_CONTEXT(2) 
PARAMETRIC_REPRESENTATION_CONTEXT() REPRESENTATION_CONTEXT('2D SPACE',''
  ) );
#6671 = ORIENTED_EDGE('',*,*,#6563,.T.);
#6672 = ORIENTED_EDGE('',*,*,#6673,.F.);
#6673 = EDGE_CURVE('',#6674,#6566,#6676,.T.);
#6674 = VERTEX_POINT('',#6675);
#6675 = CARTESIAN_POINT('',(-1.14776107242,0.725572940963,3.3000001));
#6676 = SURFACE_CURVE('',#6677,(#6681,#6688),.PCURVE_S1.);
#6677 = LINE('',#6678,#6679);
#6678 = CARTESIAN_POINT('',(-6.967743570802E-02,4.521536712278E-02,
    3.3000001));
#6679 = VECTOR('',#6680,1.);
#6680 = DIRECTION('',(0.84567915759,-0.533691636077,2.723007372594E-17)
  );
#6681 = PCURVE('',#6581,#6682);
#6682 = DEFINITIONAL_REPRESENTATION('',(#6683),#6687);
#6683 = LINE('',#6684,#6685);
#6684 = CARTESIAN_POINT('',(-1.189361710895,0.91));
#6685 = VECTOR('',#6686,1.);
#6686 = DIRECTION('',(-1.,-1.523076405874E-33));
#6687 = ( GEOMETRIC_REPRESENTATION_CONTEXT(2) 
PARAMETRIC_REPRESENTATION_CONTEXT() REPRESENTATION_CONTEXT('2D SPACE',''
  ) );
#6688 = PCURVE('',#977,#6689);
#6689 = DEFINITIONAL_REPRESENTATION('',(#6690),#6694);
#6690 = LINE('',#6691,#6692);
#6691 = CARTESIAN_POINT('',(-5.697595293454E-02,-1.518887914178));
#6692 = VECTOR('',#6693,1.);
#6693 = DIRECTION('',(0.651548388866,0.758607076797));
#6694 = ( GEOMETRIC_REPRESENTATION_CONTEXT(2) 
PARAMETRIC_REPRESENTATION_CONTEXT() REPRESENTATION_CONTEXT('2D SPACE',''
  ) );
#6695 = ORIENTED_EDGE('',*,*,#6696,.F.);
#6696 = EDGE_CURVE('',#6650,#6674,#6697,.T.);
#6697 = SURFACE_CURVE('',#6698,(#6702,#6709),.PCURVE_S1.);
#6698 = LINE('',#6699,#6700);
#6699 = CARTESIAN_POINT('',(-1.14776107242,0.725572940963,4.2100001));
#6700 = VECTOR('',#6701,1.);
#6701 = DIRECTION('',(5.551115123126E-17,9.84654534872E-19,-1.));
#6702 = PCURVE('',#6581,#6703);
#6703 = DEFINITIONAL_REPRESENTATION('',(#6704),#6708);
#6704 = LINE('',#6705,#6706);
#6705 = CARTESIAN_POINT('',(8.545229751107E-02,5.20417042793E-17));
#6706 = VECTOR('',#6707,1.);
#6707 = DIRECTION('',(1.252697648974E-17,1.));
#6708 = ( GEOMETRIC_REPRESENTATION_CONTEXT(2) 
PARAMETRIC_REPRESENTATION_CONTEXT() REPRESENTATION_CONTEXT('2D SPACE',''
  ) );
#6709 = PCURVE('',#6710,#6715);
#6710 = CYLINDRICAL_SURFACE('',#6711,9.35E-02);
#6711 = AXIS2_PLACEMENT_3D('',#6712,#6713,#6714);
#6712 = CARTESIAN_POINT('',(-1.197661240394,0.646501939728,4.2100001));
#6713 = DIRECTION('',(5.551115123126E-17,9.84654534872E-19,-1.));
#6714 = DIRECTION('',(-0.637679640463,0.770301678655,7.584810411072E-19)
  );
#6715 = DEFINITIONAL_REPRESENTATION('',(#6716),#6720);
#6716 = LINE('',#6717,#6718);
#6717 = CARTESIAN_POINT('',(1.254442096415,0.));
#6718 = VECTOR('',#6719,1.);
#6719 = DIRECTION('',(0.,1.));
#6720 = ( GEOMETRIC_REPRESENTATION_CONTEXT(2) 
PARAMETRIC_REPRESENTATION_CONTEXT() REPRESENTATION_CONTEXT('2D SPACE',''
  ) );
#6721 = ADVANCED_FACE('',(#6722),#6710,.T.);
#6722 = FACE_BOUND('',#6723,.T.);
#6723 = EDGE_LOOP('',(#6724,#6748,#6749,#6773));
#6724 = ORIENTED_EDGE('',*,*,#6725,.F.);
#6725 = EDGE_CURVE('',#6650,#6726,#6728,.T.);
#6726 = VERTEX_POINT('',#6727);
#6727 = CARTESIAN_POINT('',(-1.257284286777,0.718525146682,3.8000001));
#6728 = SURFACE_CURVE('',#6729,(#6734,#6741),.PCURVE_S1.);
#6729 = CIRCLE('',#6730,9.35E-02);
#6730 = AXIS2_PLACEMENT_3D('',#6731,#6732,#6733);
#6731 = CARTESIAN_POINT('',(-1.197661240394,0.646501939728,3.8000001));
#6732 = DIRECTION('',(-4.276033297751E-17,-3.638298549372E-17,1.));
#6733 = DIRECTION('',(-0.637679640463,0.770301678655,7.584810411072E-19)
  );
#6734 = PCURVE('',#6710,#6735);
#6735 = DEFINITIONAL_REPRESENTATION('',(#6736),#6740);
#6736 = LINE('',#6737,#6738);
#6737 = CARTESIAN_POINT('',(6.28318530718,0.41));
#6738 = VECTOR('',#6739,1.);
#6739 = DIRECTION('',(-1.,0.));
#6740 = ( GEOMETRIC_REPRESENTATION_CONTEXT(2) 
PARAMETRIC_REPRESENTATION_CONTEXT() REPRESENTATION_CONTEXT('2D SPACE',''
  ) );
#6741 = PCURVE('',#880,#6742);
#6742 = DEFINITIONAL_REPRESENTATION('',(#6743),#6747);
#6743 = CIRCLE('',#6744,9.35E-02);
#6744 = AXIS2_PLACEMENT_2D('',#6745,#6746);
#6745 = CARTESIAN_POINT('',(0.958508727896,-1.222501068195));
#6746 = DIRECTION('',(0.38321038311,-0.923661086263));
#6747 = ( GEOMETRIC_REPRESENTATION_CONTEXT(2) 
PARAMETRIC_REPRESENTATION_CONTEXT() REPRESENTATION_CONTEXT('2D SPACE',''
  ) );
#6748 = ORIENTED_EDGE('',*,*,#6696,.T.);
#6749 = ORIENTED_EDGE('',*,*,#6750,.F.);
#6750 = EDGE_CURVE('',#6751,#6674,#6753,.T.);
#6751 = VERTEX_POINT('',#6752);
#6752 = CARTESIAN_POINT('',(-1.257284286777,0.718525146682,3.3000001));
#6753 = SURFACE_CURVE('',#6754,(#6759,#6766),.PCURVE_S1.);
#6754 = CIRCLE('',#6755,9.35E-02);
#6755 = AXIS2_PLACEMENT_3D('',#6756,#6757,#6758);
#6756 = CARTESIAN_POINT('',(-1.197661240394,0.646501939728,3.3000001));
#6757 = DIRECTION('',(4.276033297751E-17,3.638298549372E-17,-1.));
#6758 = DIRECTION('',(-0.637679640463,0.770301678655,7.584810411072E-19)
  );
#6759 = PCURVE('',#6710,#6760);
#6760 = DEFINITIONAL_REPRESENTATION('',(#6761),#6765);
#6761 = LINE('',#6762,#6763);
#6762 = CARTESIAN_POINT('',(0.,0.91));
#6763 = VECTOR('',#6764,1.);
#6764 = DIRECTION('',(1.,0.));
#6765 = ( GEOMETRIC_REPRESENTATION_CONTEXT(2) 
PARAMETRIC_REPRESENTATION_CONTEXT() REPRESENTATION_CONTEXT('2D SPACE',''
  ) );
#6766 = PCURVE('',#977,#6767);
#6767 = DEFINITIONAL_REPRESENTATION('',(#6768),#6772);
#6768 = CIRCLE('',#6769,9.35E-02);
#6769 = AXIS2_PLACEMENT_2D('',#6770,#6771);
#6770 = CARTESIAN_POINT('',(-0.958508727896,-2.425051068195));
#6771 = DIRECTION('',(-0.38321038311,-0.923661086263));
#6772 = ( GEOMETRIC_REPRESENTATION_CONTEXT(2) 
PARAMETRIC_REPRESENTATION_CONTEXT() REPRESENTATION_CONTEXT('2D SPACE',''
  ) );
#6773 = ORIENTED_EDGE('',*,*,#6774,.F.);
#6774 = EDGE_CURVE('',#6726,#6751,#6775,.T.);
#6775 = SURFACE_CURVE('',#6776,(#6780,#6787),.PCURVE_S1.);
#6776 = LINE('',#6777,#6778);
#6777 = CARTESIAN_POINT('',(-1.257284286777,0.718525146682,4.2100001));
#6778 = VECTOR('',#6779,1.);
#6779 = DIRECTION('',(5.551115123126E-17,9.84654534872E-19,-1.));
#6780 = PCURVE('',#6710,#6781);
#6781 = DEFINITIONAL_REPRESENTATION('',(#6782),#6786);
#6782 = LINE('',#6783,#6784);
#6783 = CARTESIAN_POINT('',(0.,0.));
#6784 = VECTOR('',#6785,1.);
#6785 = DIRECTION('',(0.,1.));
#6786 = ( GEOMETRIC_REPRESENTATION_CONTEXT(2) 
PARAMETRIC_REPRESENTATION_CONTEXT() REPRESENTATION_CONTEXT('2D SPACE',''
  ) );
#6787 = PCURVE('',#6788,#6793);
#6788 = CYLINDRICAL_SURFACE('',#6789,9.35E-02);
#6789 = AXIS2_PLACEMENT_3D('',#6790,#6791,#6792);
#6790 = CARTESIAN_POINT('',(-1.164947290548,0.703823815879,4.2100001));
#6791 = DIRECTION('',(5.551115123126E-17,9.84654534872E-19,-1.));
#6792 = DIRECTION('',(-0.45666502762,-0.889638720239,-5.638713803154E-17
    ));
#6793 = DEFINITIONAL_REPRESENTATION('',(#6794),#6798);
#6794 = LINE('',#6795,#6796);
#6795 = CARTESIAN_POINT('',(1.254442096415,0.));
#6796 = VECTOR('',#6797,1.);
#6797 = DIRECTION('',(0.,1.));
#6798 = ( GEOMETRIC_REPRESENTATION_CONTEXT(2) 
PARAMETRIC_REPRESENTATION_CONTEXT() REPRESENTATION_CONTEXT('2D SPACE',''
  ) );
#6799 = ADVANCED_FACE('',(#6800),#6394,.T.);
#6800 = FACE_BOUND('',#6801,.T.);
#6801 = EDGE_LOOP('',(#6802,#6824,#6825,#6847));
#6802 = ORIENTED_EDGE('',*,*,#6803,.F.);
#6803 = EDGE_CURVE('',#6332,#6459,#6804,.T.);
#6804 = SURFACE_CURVE('',#6805,(#6810,#6817),.PCURVE_S1.);
#6805 = CIRCLE('',#6806,9.35E-02);
#6806 = AXIS2_PLACEMENT_3D('',#6807,#6808,#6809);
#6807 = CARTESIAN_POINT('',(-0.952818481067,0.972439882525,3.8000001));
#6808 = DIRECTION('',(-5.759963416469E-17,-2.40961675288E-17,1.));
#6809 = DIRECTION('',(-0.663562208983,-0.748121109721,
    -5.624779207458E-17));
#6810 = PCURVE('',#6394,#6811);
#6811 = DEFINITIONAL_REPRESENTATION('',(#6812),#6816);
#6812 = LINE('',#6813,#6814);
#6813 = CARTESIAN_POINT('',(6.28318530718,0.41));
#6814 = VECTOR('',#6815,1.);
#6815 = DIRECTION('',(-1.,0.));
#6816 = ( GEOMETRIC_REPRESENTATION_CONTEXT(2) 
PARAMETRIC_REPRESENTATION_CONTEXT() REPRESENTATION_CONTEXT('2D SPACE',''
  ) );
#6817 = PCURVE('',#880,#6818);
#6818 = DEFINITIONAL_REPRESENTATION('',(#6819),#6823);
#6819 = CIRCLE('',#6820,9.35E-02);
#6820 = AXIS2_PLACEMENT_2D('',#6821,#6822);
#6821 = CARTESIAN_POINT('',(0.628707991835,-1.462115328711));
#6822 = DIRECTION('',(0.854081819696,0.520138678878));
#6823 = ( GEOMETRIC_REPRESENTATION_CONTEXT(2) 
PARAMETRIC_REPRESENTATION_CONTEXT() REPRESENTATION_CONTEXT('2D SPACE',''
  ) );
#6824 = ORIENTED_EDGE('',*,*,#6380,.T.);
#6825 = ORIENTED_EDGE('',*,*,#6826,.F.);
#6826 = EDGE_CURVE('',#6489,#6357,#6827,.T.);
#6827 = SURFACE_CURVE('',#6828,(#6833,#6840),.PCURVE_S1.);
#6828 = CIRCLE('',#6829,9.35E-02);
#6829 = AXIS2_PLACEMENT_3D('',#6830,#6831,#6832);
#6830 = CARTESIAN_POINT('',(-0.952818481067,0.972439882525,3.3000001));
#6831 = DIRECTION('',(5.759963416469E-17,2.40961675288E-17,-1.));
#6832 = DIRECTION('',(-0.663562208983,-0.748121109721,
    -5.624779207458E-17));
#6833 = PCURVE('',#6394,#6834);
#6834 = DEFINITIONAL_REPRESENTATION('',(#6835),#6839);
#6835 = LINE('',#6836,#6837);
#6836 = CARTESIAN_POINT('',(0.,0.91));
#6837 = VECTOR('',#6838,1.);
#6838 = DIRECTION('',(1.,0.));
#6839 = ( GEOMETRIC_REPRESENTATION_CONTEXT(2) 
PARAMETRIC_REPRESENTATION_CONTEXT() REPRESENTATION_CONTEXT('2D SPACE',''
  ) );
#6840 = PCURVE('',#977,#6841);
#6841 = DEFINITIONAL_REPRESENTATION('',(#6842),#6846);
#6842 = CIRCLE('',#6843,9.35E-02);
#6843 = AXIS2_PLACEMENT_2D('',#6844,#6845);
#6844 = CARTESIAN_POINT('',(-0.628707991835,-2.664665328711));
#6845 = DIRECTION('',(-0.854081819696,0.520138678878));
#6846 = ( GEOMETRIC_REPRESENTATION_CONTEXT(2) 
PARAMETRIC_REPRESENTATION_CONTEXT() REPRESENTATION_CONTEXT('2D SPACE',''
  ) );
#6847 = ORIENTED_EDGE('',*,*,#6488,.F.);
#6848 = ADVANCED_FACE('',(#6849),#6863,.F.);
#6849 = FACE_BOUND('',#6850,.T.);
#6850 = EDGE_LOOP('',(#6851,#6881,#6904,#6927));
#6851 = ORIENTED_EDGE('',*,*,#6852,.F.);
#6852 = EDGE_CURVE('',#6853,#6855,#6857,.T.);
#6853 = VERTEX_POINT('',#6854);
#6854 = CARTESIAN_POINT('',(-1.20764547063,0.620642595537,3.8000001));
#6855 = VERTEX_POINT('',#6856);
#6856 = CARTESIAN_POINT('',(-1.131623798031,0.581619519734,3.8000001));
#6857 = SURFACE_CURVE('',#6858,(#6862,#6874),.PCURVE_S1.);
#6858 = LINE('',#6859,#6860);
#6859 = CARTESIAN_POINT('',(-0.524075982469,0.269756025416,3.8000001));
#6860 = VECTOR('',#6861,1.);
#6861 = DIRECTION('',(0.889638720239,-0.45666502762,8.281706955652E-17)
  );
#6862 = PCURVE('',#6863,#6868);
#6863 = PLANE('',#6864);
#6864 = AXIS2_PLACEMENT_3D('',#6865,#6866,#6867);
#6865 = CARTESIAN_POINT('',(-1.20764547063,0.620642595537,4.2100001));
#6866 = DIRECTION('',(0.45666502762,0.889638720239,5.638713803154E-17));
#6867 = DIRECTION('',(0.889638720239,-0.45666502762,8.281706955652E-17)
  );
#6868 = DEFINITIONAL_REPRESENTATION('',(#6869),#6873);
#6869 = LINE('',#6870,#6871);
#6870 = CARTESIAN_POINT('',(0.768367509878,0.41));
#6871 = VECTOR('',#6872,1.);
#6872 = DIRECTION('',(1.,-2.775557561563E-17));
#6873 = ( GEOMETRIC_REPRESENTATION_CONTEXT(2) 
PARAMETRIC_REPRESENTATION_CONTEXT() REPRESENTATION_CONTEXT('2D SPACE',''
  ) );
#6874 = PCURVE('',#880,#6875);
#6875 = DEFINITIONAL_REPRESENTATION('',(#6876),#6880);
#6876 = LINE('',#6877,#6878);
#6877 = CARTESIAN_POINT('',(0.425345976661,-0.664475921505));
#6878 = VECTOR('',#6879,1.);
#6879 = DIRECTION('',(-0.716199077183,0.697896039423));
#6880 = ( GEOMETRIC_REPRESENTATION_CONTEXT(2) 
PARAMETRIC_REPRESENTATION_CONTEXT() REPRESENTATION_CONTEXT('2D SPACE',''
  ) );
#6881 = ORIENTED_EDGE('',*,*,#6882,.T.);
#6882 = EDGE_CURVE('',#6853,#6883,#6885,.T.);
#6883 = VERTEX_POINT('',#6884);
#6884 = CARTESIAN_POINT('',(-1.20764547063,0.620642595537,3.3000001));
#6885 = SURFACE_CURVE('',#6886,(#6890,#6897),.PCURVE_S1.);
#6886 = LINE('',#6887,#6888);
#6887 = CARTESIAN_POINT('',(-1.20764547063,0.620642595537,4.2100001));
#6888 = VECTOR('',#6889,1.);
#6889 = DIRECTION('',(5.551115123126E-17,9.84654534872E-19,-1.));
#6890 = PCURVE('',#6863,#6891);
#6891 = DEFINITIONAL_REPRESENTATION('',(#6892),#6896);
#6892 = LINE('',#6893,#6894);
#6893 = CARTESIAN_POINT('',(0.,0.));
#6894 = VECTOR('',#6895,1.);
#6895 = DIRECTION('',(-6.678732263759E-17,1.));
#6896 = ( GEOMETRIC_REPRESENTATION_CONTEXT(2) 
PARAMETRIC_REPRESENTATION_CONTEXT() REPRESENTATION_CONTEXT('2D SPACE',''
  ) );
#6897 = PCURVE('',#6788,#6898);
#6898 = DEFINITIONAL_REPRESENTATION('',(#6899),#6903);
#6899 = LINE('',#6900,#6901);
#6900 = CARTESIAN_POINT('',(0.,0.));
#6901 = VECTOR('',#6902,1.);
#6902 = DIRECTION('',(0.,1.));
#6903 = ( GEOMETRIC_REPRESENTATION_CONTEXT(2) 
PARAMETRIC_REPRESENTATION_CONTEXT() REPRESENTATION_CONTEXT('2D SPACE',''
  ) );
#6904 = ORIENTED_EDGE('',*,*,#6905,.F.);
#6905 = EDGE_CURVE('',#6906,#6883,#6908,.T.);
#6906 = VERTEX_POINT('',#6907);
#6907 = CARTESIAN_POINT('',(-1.131623798031,0.581619519734,3.3000001));
#6908 = SURFACE_CURVE('',#6909,(#6913,#6920),.PCURVE_S1.);
#6909 = LINE('',#6910,#6911);
#6910 = CARTESIAN_POINT('',(-0.150759162788,7.812684843434E-02,3.3000001
    ));
#6911 = VECTOR('',#6912,1.);
#6912 = DIRECTION('',(-0.889638720239,0.45666502762,-8.281706955652E-17)
  );
#6913 = PCURVE('',#6863,#6914);
#6914 = DEFINITIONAL_REPRESENTATION('',(#6915),#6919);
#6915 = LINE('',#6916,#6917);
#6916 = CARTESIAN_POINT('',(1.187994950982,0.91));
#6917 = VECTOR('',#6918,1.);
#6918 = DIRECTION('',(-1.,2.775557561563E-17));
#6919 = ( GEOMETRIC_REPRESENTATION_CONTEXT(2) 
PARAMETRIC_REPRESENTATION_CONTEXT() REPRESENTATION_CONTEXT('2D SPACE',''
  ) );
#6920 = PCURVE('',#977,#6921);
#6921 = DEFINITIONAL_REPRESENTATION('',(#6922),#6926);
#6922 = LINE('',#6923,#6924);
#6923 = CARTESIAN_POINT('',(-0.124809190581,-1.574169592325));
#6924 = VECTOR('',#6925,1.);
#6925 = DIRECTION('',(-0.716199077183,-0.697896039423));
#6926 = ( GEOMETRIC_REPRESENTATION_CONTEXT(2) 
PARAMETRIC_REPRESENTATION_CONTEXT() REPRESENTATION_CONTEXT('2D SPACE',''
  ) );
#6927 = ORIENTED_EDGE('',*,*,#6928,.F.);
#6928 = EDGE_CURVE('',#6855,#6906,#6929,.T.);
#6929 = SURFACE_CURVE('',#6930,(#6934,#6941),.PCURVE_S1.);
#6930 = LINE('',#6931,#6932);
#6931 = CARTESIAN_POINT('',(-1.131623798031,0.581619519734,4.2100001));
#6932 = VECTOR('',#6933,1.);
#6933 = DIRECTION('',(5.551115123126E-17,9.84654534872E-19,-1.));
#6934 = PCURVE('',#6863,#6935);
#6935 = DEFINITIONAL_REPRESENTATION('',(#6936),#6940);
#6936 = LINE('',#6937,#6938);
#6937 = CARTESIAN_POINT('',(8.545229751107E-02,1.353084311262E-16));
#6938 = VECTOR('',#6939,1.);
#6939 = DIRECTION('',(-6.678732263759E-17,1.));
#6940 = ( GEOMETRIC_REPRESENTATION_CONTEXT(2) 
PARAMETRIC_REPRESENTATION_CONTEXT() REPRESENTATION_CONTEXT('2D SPACE',''
  ) );
#6941 = PCURVE('',#6942,#6947);
#6942 = CYLINDRICAL_SURFACE('',#6943,0.10404056416);
#6943 = AXIS2_PLACEMENT_3D('',#6944,#6945,#6946);
#6944 = CARTESIAN_POINT('',(-1.179135485137,0.489061005382,4.2100001));
#6945 = DIRECTION('',(5.551115123126E-17,9.84654534872E-19,-1.));
#6946 = DIRECTION('',(-0.45666502762,-0.889638720239,-8.759868002813E-19
    ));
#6947 = DEFINITIONAL_REPRESENTATION('',(#6948),#6952);
#6948 = LINE('',#6949,#6950);
#6949 = CARTESIAN_POINT('',(3.14159265359,0.));
#6950 = VECTOR('',#6951,1.);
#6951 = DIRECTION('',(0.,1.));
#6952 = ( GEOMETRIC_REPRESENTATION_CONTEXT(2) 
PARAMETRIC_REPRESENTATION_CONTEXT() REPRESENTATION_CONTEXT('2D SPACE',''
  ) );
#6953 = ADVANCED_FACE('',(#6954),#6942,.F.);
#6954 = FACE_BOUND('',#6955,.F.);
#6955 = EDGE_LOOP('',(#6956,#6986,#7012,#7013));
#6956 = ORIENTED_EDGE('',*,*,#6957,.T.);
#6957 = EDGE_CURVE('',#6958,#6960,#6962,.T.);
#6958 = VERTEX_POINT('',#6959);
#6959 = CARTESIAN_POINT('',(-1.211035661907,0.390031627353,3.8000001));
#6960 = VERTEX_POINT('',#6961);
#6961 = CARTESIAN_POINT('',(-1.211035661907,0.390031627353,3.3000001));
#6962 = SURFACE_CURVE('',#6963,(#6967,#6974),.PCURVE_S1.);
#6963 = LINE('',#6964,#6965);
#6964 = CARTESIAN_POINT('',(-1.211035661907,0.390031627353,4.2100001));
#6965 = VECTOR('',#6966,1.);
#6966 = DIRECTION('',(5.551115123126E-17,9.84654534872E-19,-1.));
#6967 = PCURVE('',#6942,#6968);
#6968 = DEFINITIONAL_REPRESENTATION('',(#6969),#6973);
#6969 = LINE('',#6970,#6971);
#6970 = CARTESIAN_POINT('',(6.120574874859,0.));
#6971 = VECTOR('',#6972,1.);
#6972 = DIRECTION('',(0.,1.));
#6973 = ( GEOMETRIC_REPRESENTATION_CONTEXT(2) 
PARAMETRIC_REPRESENTATION_CONTEXT() REPRESENTATION_CONTEXT('2D SPACE',''
  ) );
#6974 = PCURVE('',#6975,#6980);
#6975 = PLANE('',#6976);
#6976 = AXIS2_PLACEMENT_3D('',#6977,#6978,#6979);
#6977 = CARTESIAN_POINT('',(-1.211035661907,0.390031627353,4.2100001));
#6978 = DIRECTION('',(-0.306612877661,-0.951834304516,
    -2.869280358002E-17));
#6979 = DIRECTION('',(-0.951834304516,0.306612877661,-5.520924347082E-17
    ));
#6980 = DEFINITIONAL_REPRESENTATION('',(#6981),#6985);
#6981 = LINE('',#6982,#6983);
#6982 = CARTESIAN_POINT('',(0.,0.));
#6983 = VECTOR('',#6984,1.);
#6984 = DIRECTION('',(8.226260673025E-35,1.));
#6985 = ( GEOMETRIC_REPRESENTATION_CONTEXT(2) 
PARAMETRIC_REPRESENTATION_CONTEXT() REPRESENTATION_CONTEXT('2D SPACE',''
  ) );
#6986 = ORIENTED_EDGE('',*,*,#6987,.T.);
#6987 = EDGE_CURVE('',#6960,#6906,#6988,.T.);
#6988 = SURFACE_CURVE('',#6989,(#6994,#7001),.PCURVE_S1.);
#6989 = CIRCLE('',#6990,0.10404056416);
#6990 = AXIS2_PLACEMENT_3D('',#6991,#6992,#6993);
#6991 = CARTESIAN_POINT('',(-1.179135485137,0.489061005382,3.3000001));
#6992 = DIRECTION('',(-4.938486954039E-17,2.436534687535E-17,1.));
#6993 = DIRECTION('',(-0.45666502762,-0.889638720239,-8.759868002813E-19
    ));
#6994 = PCURVE('',#6942,#6995);
#6995 = DEFINITIONAL_REPRESENTATION('',(#6996),#7000);
#6996 = LINE('',#6997,#6998);
#6997 = CARTESIAN_POINT('',(6.28318530718,0.91));
#6998 = VECTOR('',#6999,1.);
#6999 = DIRECTION('',(-1.,0.));
#7000 = ( GEOMETRIC_REPRESENTATION_CONTEXT(2) 
PARAMETRIC_REPRESENTATION_CONTEXT() REPRESENTATION_CONTEXT('2D SPACE',''
  ) );
#7001 = PCURVE('',#977,#7002);
#7002 = DEFINITIONAL_REPRESENTATION('',(#7003),#7011);
#7003 = ( BOUNDED_CURVE() B_SPLINE_CURVE(2,(#7004,#7005,#7006,#7007,
#7008,#7009,#7010),.UNSPECIFIED.,.T.,.F.) B_SPLINE_CURVE_WITH_KNOTS((1,2
    ,2,2,2,1),(-2.094395102393,0.,2.094395102393,4.188790204786,
6.28318530718,8.377580409573),.UNSPECIFIED.) CURVE() 
GEOMETRIC_REPRESENTATION_ITEM() RATIONAL_B_SPLINE_CURVE((1.,0.5,1.,0.5,
1.,0.5,1.)) REPRESENTATION_ITEM('') );
#7004 = CARTESIAN_POINT('',(-1.059668216885,-2.194602231396));
#7005 = CARTESIAN_POINT('',(-0.930606605559,-2.068838892325));
#7006 = CARTESIAN_POINT('',(-0.886223164722,-2.243491195922));
#7007 = CARTESIAN_POINT('',(-0.841839723885,-2.418143499518));
#7008 = CARTESIAN_POINT('',(-1.015284776048,-2.369254534992));
#7009 = CARTESIAN_POINT('',(-1.18872982821,-2.320365570466));
#7010 = CARTESIAN_POINT('',(-1.059668216885,-2.194602231396));
#7011 = ( GEOMETRIC_REPRESENTATION_CONTEXT(2) 
PARAMETRIC_REPRESENTATION_CONTEXT() REPRESENTATION_CONTEXT('2D SPACE',''
  ) );
#7012 = ORIENTED_EDGE('',*,*,#6928,.F.);
#7013 = ORIENTED_EDGE('',*,*,#7014,.T.);
#7014 = EDGE_CURVE('',#6855,#6958,#7015,.T.);
#7015 = SURFACE_CURVE('',#7016,(#7021,#7028),.PCURVE_S1.);
#7016 = CIRCLE('',#7017,0.10404056416);
#7017 = AXIS2_PLACEMENT_3D('',#7018,#7019,#7020);
#7018 = CARTESIAN_POINT('',(-1.179135485137,0.489061005382,3.8000001));
#7019 = DIRECTION('',(4.938486954039E-17,-2.436534687535E-17,-1.));
#7020 = DIRECTION('',(-0.45666502762,-0.889638720239,-8.759868002813E-19
    ));
#7021 = PCURVE('',#6942,#7022);
#7022 = DEFINITIONAL_REPRESENTATION('',(#7023),#7027);
#7023 = LINE('',#7024,#7025);
#7024 = CARTESIAN_POINT('',(0.,0.41));
#7025 = VECTOR('',#7026,1.);
#7026 = DIRECTION('',(1.,0.));
#7027 = ( GEOMETRIC_REPRESENTATION_CONTEXT(2) 
PARAMETRIC_REPRESENTATION_CONTEXT() REPRESENTATION_CONTEXT('2D SPACE',''
  ) );
#7028 = PCURVE('',#880,#7029);
#7029 = DEFINITIONAL_REPRESENTATION('',(#7030),#7038);
#7030 = ( BOUNDED_CURVE() B_SPLINE_CURVE(2,(#7031,#7032,#7033,#7034,
#7035,#7036,#7037),.UNSPECIFIED.,.T.,.F.) B_SPLINE_CURVE_WITH_KNOTS((1,2
    ,2,2,2,1),(-2.094395102393,0.,2.094395102393,4.188790204786,
6.28318530718,8.377580409573),.UNSPECIFIED.) CURVE() 
GEOMETRIC_REPRESENTATION_ITEM() RATIONAL_B_SPLINE_CURVE((1.,0.5,1.,0.5,
1.,0.5,1.)) REPRESENTATION_ITEM('') );
#7031 = CARTESIAN_POINT('',(1.059668216885,-0.992052231396));
#7032 = CARTESIAN_POINT('',(1.18872982821,-1.117815570466));
#7033 = CARTESIAN_POINT('',(1.015284776048,-1.166704534992));
#7034 = CARTESIAN_POINT('',(0.841839723885,-1.215593499518));
#7035 = CARTESIAN_POINT('',(0.886223164722,-1.040941195922));
#7036 = CARTESIAN_POINT('',(0.930606605559,-0.866288892325));
#7037 = CARTESIAN_POINT('',(1.059668216885,-0.992052231396));
#7038 = ( GEOMETRIC_REPRESENTATION_CONTEXT(2) 
PARAMETRIC_REPRESENTATION_CONTEXT() REPRESENTATION_CONTEXT('2D SPACE',''
  ) );
#7039 = ADVANCED_FACE('',(#7040),#6975,.F.);
#7040 = FACE_BOUND('',#7041,.T.);
#7041 = EDGE_LOOP('',(#7042,#7065,#7066,#7089));
#7042 = ORIENTED_EDGE('',*,*,#7043,.F.);
#7043 = EDGE_CURVE('',#6958,#7044,#7046,.T.);
#7044 = VERTEX_POINT('',#7045);
#7045 = CARTESIAN_POINT('',(-1.292372090078,0.416232402196,3.8000001));
#7046 = SURFACE_CURVE('',#7047,(#7051,#7058),.PCURVE_S1.);
#7047 = LINE('',#7048,#7049);
#7048 = CARTESIAN_POINT('',(-0.535236233217,0.17233742725,3.8000001));
#7049 = VECTOR('',#7050,1.);
#7050 = DIRECTION('',(-0.951834304516,0.306612877661,-5.520924347082E-17
    ));
#7051 = PCURVE('',#6975,#7052);
#7052 = DEFINITIONAL_REPRESENTATION('',(#7053),#7057);
#7053 = LINE('',#7054,#7055);
#7054 = CARTESIAN_POINT('',(-0.709996924343,0.41));
#7055 = VECTOR('',#7056,1.);
#7056 = DIRECTION('',(1.,8.750274655504E-34));
#7057 = ( GEOMETRIC_REPRESENTATION_CONTEXT(2) 
PARAMETRIC_REPRESENTATION_CONTEXT() REPRESENTATION_CONTEXT('2D SPACE',''
  ) );
#7058 = PCURVE('',#880,#7059);
#7059 = DEFINITIONAL_REPRESENTATION('',(#7060),#7064);
#7060 = LINE('',#7061,#7062);
#7061 = CARTESIAN_POINT('',(0.464636428308,-0.574636092505));
#7062 = VECTOR('',#7063,1.);
#7063 = DIRECTION('',(0.819736706447,-0.572740545189));
#7064 = ( GEOMETRIC_REPRESENTATION_CONTEXT(2) 
PARAMETRIC_REPRESENTATION_CONTEXT() REPRESENTATION_CONTEXT('2D SPACE',''
  ) );
#7065 = ORIENTED_EDGE('',*,*,#6957,.T.);
#7066 = ORIENTED_EDGE('',*,*,#7067,.F.);
#7067 = EDGE_CURVE('',#7068,#6960,#7070,.T.);
#7068 = VERTEX_POINT('',#7069);
#7069 = CARTESIAN_POINT('',(-1.292372090078,0.416232402196,3.3000001));
#7070 = SURFACE_CURVE('',#7071,(#7075,#7082),.PCURVE_S1.);
#7071 = LINE('',#7072,#7073);
#7072 = CARTESIAN_POINT('',(-0.207448702643,6.674774894815E-02,3.3000001
    ));
#7073 = VECTOR('',#7074,1.);
#7074 = DIRECTION('',(0.951834304516,-0.306612877661,5.520924347082E-17)
  );
#7075 = PCURVE('',#6975,#7076);
#7076 = DEFINITIONAL_REPRESENTATION('',(#7077),#7081);
#7077 = LINE('',#7078,#7079);
#7078 = CARTESIAN_POINT('',(-1.054371495651,0.91));
#7079 = VECTOR('',#7080,1.);
#7080 = DIRECTION('',(-1.,-8.750274655504E-34));
#7081 = ( GEOMETRIC_REPRESENTATION_CONTEXT(2) 
PARAMETRIC_REPRESENTATION_CONTEXT() REPRESENTATION_CONTEXT('2D SPACE',''
  ) );
#7082 = PCURVE('',#977,#7083);
#7083 = DEFINITIONAL_REPRESENTATION('',(#7084),#7088);
#7084 = LINE('',#7085,#7086);
#7085 = CARTESIAN_POINT('',(-0.18233995144,-1.579948812785));
#7086 = VECTOR('',#7087,1.);
#7087 = DIRECTION('',(0.819736706447,0.572740545189));
#7088 = ( GEOMETRIC_REPRESENTATION_CONTEXT(2) 
PARAMETRIC_REPRESENTATION_CONTEXT() REPRESENTATION_CONTEXT('2D SPACE',''
  ) );
#7089 = ORIENTED_EDGE('',*,*,#7090,.F.);
#7090 = EDGE_CURVE('',#7044,#7068,#7091,.T.);
#7091 = SURFACE_CURVE('',#7092,(#7096,#7103),.PCURVE_S1.);
#7092 = LINE('',#7093,#7094);
#7093 = CARTESIAN_POINT('',(-1.292372090078,0.416232402196,4.2100001));
#7094 = VECTOR('',#7095,1.);
#7095 = DIRECTION('',(5.551115123126E-17,9.84654534872E-19,-1.));
#7096 = PCURVE('',#6975,#7097);
#7097 = DEFINITIONAL_REPRESENTATION('',(#7098),#7102);
#7098 = LINE('',#7099,#7100);
#7099 = CARTESIAN_POINT('',(8.545229751107E-02,1.595945597899E-16));
#7100 = VECTOR('',#7101,1.);
#7101 = DIRECTION('',(8.226260673025E-35,1.));
#7102 = ( GEOMETRIC_REPRESENTATION_CONTEXT(2) 
PARAMETRIC_REPRESENTATION_CONTEXT() REPRESENTATION_CONTEXT('2D SPACE',''
  ) );
#7103 = PCURVE('',#7104,#7109);
#7104 = CYLINDRICAL_SURFACE('',#7105,9.35E-02);
#7105 = AXIS2_PLACEMENT_3D('',#7106,#7107,#7108);
#7106 = CARTESIAN_POINT('',(-1.321040394139,0.327235894723,4.2100001));
#7107 = DIRECTION('',(5.551115123126E-17,9.84654534872E-19,-1.));
#7108 = DIRECTION('',(-0.809211999495,0.5875167571,-5.493265019207E-17)
  );
#7109 = DEFINITIONAL_REPRESENTATION('',(#7110),#7114);
#7110 = LINE('',#7111,#7112);
#7111 = CARTESIAN_POINT('',(1.254442096415,0.));
#7112 = VECTOR('',#7113,1.);
#7113 = DIRECTION('',(0.,1.));
#7114 = ( GEOMETRIC_REPRESENTATION_CONTEXT(2) 
PARAMETRIC_REPRESENTATION_CONTEXT() REPRESENTATION_CONTEXT('2D SPACE',''
  ) );
#7115 = ADVANCED_FACE('',(#7116),#7104,.T.);
#7116 = FACE_BOUND('',#7117,.T.);
#7117 = EDGE_LOOP('',(#7118,#7142,#7143,#7167));
#7118 = ORIENTED_EDGE('',*,*,#7119,.F.);
#7119 = EDGE_CURVE('',#7044,#7120,#7122,.T.);
#7120 = VERTEX_POINT('',#7121);
#7121 = CARTESIAN_POINT('',(-1.396701716092,0.382168711512,3.8000001));
#7122 = SURFACE_CURVE('',#7123,(#7128,#7135),.PCURVE_S1.);
#7123 = CIRCLE('',#7124,9.35E-02);
#7124 = AXIS2_PLACEMENT_3D('',#7125,#7126,#7127);
#7125 = CARTESIAN_POINT('',(-1.321040394139,0.327235894723,3.8000001));
#7126 = DIRECTION('',(-7.75340212364E-17,-1.329121266268E-17,1.));
#7127 = DIRECTION('',(-0.809211999495,0.5875167571,-5.493265019207E-17)
  );
#7128 = PCURVE('',#7104,#7129);
#7129 = DEFINITIONAL_REPRESENTATION('',(#7130),#7134);
#7130 = LINE('',#7131,#7132);
#7131 = CARTESIAN_POINT('',(6.28318530718,0.41));
#7132 = VECTOR('',#7133,1.);
#7133 = DIRECTION('',(-1.,0.));
#7134 = ( GEOMETRIC_REPRESENTATION_CONTEXT(2) 
PARAMETRIC_REPRESENTATION_CONTEXT() REPRESENTATION_CONTEXT('2D SPACE',''
  ) );
#7135 = PCURVE('',#880,#7136);
#7136 = DEFINITIONAL_REPRESENTATION('',(#7137),#7141);
#7137 = CIRCLE('',#7138,9.35E-02);
#7138 = AXIS2_PLACEMENT_2D('',#7139,#7140);
#7139 = CARTESIAN_POINT('',(1.170246594552,-0.953576731447));
#7140 = DIRECTION('',(0.600876295572,-0.799342027808));
#7141 = ( GEOMETRIC_REPRESENTATION_CONTEXT(2) 
PARAMETRIC_REPRESENTATION_CONTEXT() REPRESENTATION_CONTEXT('2D SPACE',''
  ) );
#7142 = ORIENTED_EDGE('',*,*,#7090,.T.);
#7143 = ORIENTED_EDGE('',*,*,#7144,.F.);
#7144 = EDGE_CURVE('',#7145,#7068,#7147,.T.);
#7145 = VERTEX_POINT('',#7146);
#7146 = CARTESIAN_POINT('',(-1.396701716092,0.382168711512,3.3000001));
#7147 = SURFACE_CURVE('',#7148,(#7153,#7160),.PCURVE_S1.);
#7148 = CIRCLE('',#7149,9.35E-02);
#7149 = AXIS2_PLACEMENT_3D('',#7150,#7151,#7152);
#7150 = CARTESIAN_POINT('',(-1.321040394139,0.327235894723,3.3000001));
#7151 = DIRECTION('',(7.75340212364E-17,1.329121266268E-17,-1.));
#7152 = DIRECTION('',(-0.809211999495,0.5875167571,-5.493265019207E-17)
  );
#7153 = PCURVE('',#7104,#7154);
#7154 = DEFINITIONAL_REPRESENTATION('',(#7155),#7159);
#7155 = LINE('',#7156,#7157);
#7156 = CARTESIAN_POINT('',(0.,0.91));
#7157 = VECTOR('',#7158,1.);
#7158 = DIRECTION('',(1.,0.));
#7159 = ( GEOMETRIC_REPRESENTATION_CONTEXT(2) 
PARAMETRIC_REPRESENTATION_CONTEXT() REPRESENTATION_CONTEXT('2D SPACE',''
  ) );
#7160 = PCURVE('',#977,#7161);
#7161 = DEFINITIONAL_REPRESENTATION('',(#7162),#7166);
#7162 = CIRCLE('',#7163,9.35E-02);
#7163 = AXIS2_PLACEMENT_2D('',#7164,#7165);
#7164 = CARTESIAN_POINT('',(-1.170246594552,-2.156126731447));
#7165 = DIRECTION('',(-0.600876295572,-0.799342027808));
#7166 = ( GEOMETRIC_REPRESENTATION_CONTEXT(2) 
PARAMETRIC_REPRESENTATION_CONTEXT() REPRESENTATION_CONTEXT('2D SPACE',''
  ) );
#7167 = ORIENTED_EDGE('',*,*,#7168,.F.);
#7168 = EDGE_CURVE('',#7120,#7145,#7169,.T.);
#7169 = SURFACE_CURVE('',#7170,(#7174,#7181),.PCURVE_S1.);
#7170 = LINE('',#7171,#7172);
#7171 = CARTESIAN_POINT('',(-1.396701716092,0.382168711512,4.2100001));
#7172 = VECTOR('',#7173,1.);
#7173 = DIRECTION('',(5.551115123126E-17,9.84654534872E-19,-1.));
#7174 = PCURVE('',#7104,#7175);
#7175 = DEFINITIONAL_REPRESENTATION('',(#7176),#7180);
#7176 = LINE('',#7177,#7178);
#7177 = CARTESIAN_POINT('',(0.,0.));
#7178 = VECTOR('',#7179,1.);
#7179 = DIRECTION('',(0.,1.));
#7180 = ( GEOMETRIC_REPRESENTATION_CONTEXT(2) 
PARAMETRIC_REPRESENTATION_CONTEXT() REPRESENTATION_CONTEXT('2D SPACE',''
  ) );
#7181 = PCURVE('',#7182,#7187);
#7182 = CYLINDRICAL_SURFACE('',#7183,9.35E-02);
#7183 = AXIS2_PLACEMENT_3D('',#7184,#7185,#7186);
#7184 = CARTESIAN_POINT('',(-1.303609584096,0.390892527224,4.2100001));
#7185 = DIRECTION('',(5.551115123126E-17,9.84654534872E-19,-1.));
#7186 = DIRECTION('',(-0.221073903075,-0.975257058103,
    -9.602912849267E-19));
#7187 = DEFINITIONAL_REPRESENTATION('',(#7188),#7192);
#7188 = LINE('',#7189,#7190);
#7189 = CARTESIAN_POINT('',(1.254442096415,0.));
#7190 = VECTOR('',#7191,1.);
#7191 = DIRECTION('',(0.,1.));
#7192 = ( GEOMETRIC_REPRESENTATION_CONTEXT(2) 
PARAMETRIC_REPRESENTATION_CONTEXT() REPRESENTATION_CONTEXT('2D SPACE',''
  ) );
#7193 = ADVANCED_FACE('',(#7194),#6788,.T.);
#7194 = FACE_BOUND('',#7195,.T.);
#7195 = EDGE_LOOP('',(#7196,#7218,#7219,#7241));
#7196 = ORIENTED_EDGE('',*,*,#7197,.F.);
#7197 = EDGE_CURVE('',#6726,#6853,#7198,.T.);
#7198 = SURFACE_CURVE('',#7199,(#7204,#7211),.PCURVE_S1.);
#7199 = CIRCLE('',#7200,9.35E-02);
#7200 = AXIS2_PLACEMENT_3D('',#7201,#7202,#7203);
#7201 = CARTESIAN_POINT('',(-1.164947290548,0.703823815879,3.8000001));
#7202 = DIRECTION('',(-9.942730572081E-17,-1.234452195992E-17,1.));
#7203 = DIRECTION('',(-0.45666502762,-0.889638720239,-5.638713803154E-17
    ));
#7204 = PCURVE('',#6788,#7205);
#7205 = DEFINITIONAL_REPRESENTATION('',(#7206),#7210);
#7206 = LINE('',#7207,#7208);
#7207 = CARTESIAN_POINT('',(6.28318530718,0.41));
#7208 = VECTOR('',#7209,1.);
#7209 = DIRECTION('',(-1.,0.));
#7210 = ( GEOMETRIC_REPRESENTATION_CONTEXT(2) 
PARAMETRIC_REPRESENTATION_CONTEXT() REPRESENTATION_CONTEXT('2D SPACE',''
  ) );
#7211 = PCURVE('',#880,#7212);
#7212 = DEFINITIONAL_REPRESENTATION('',(#7213),#7217);
#7213 = CIRCLE('',#7214,9.35E-02);
#7214 = AXIS2_PLACEMENT_2D('',#7215,#7216);
#7215 = CARTESIAN_POINT('',(0.910396798486,-1.267681177187));
#7216 = DIRECTION('',(0.697896039423,0.716199077183));
#7217 = ( GEOMETRIC_REPRESENTATION_CONTEXT(2) 
PARAMETRIC_REPRESENTATION_CONTEXT() REPRESENTATION_CONTEXT('2D SPACE',''
  ) );
#7218 = ORIENTED_EDGE('',*,*,#6774,.T.);
#7219 = ORIENTED_EDGE('',*,*,#7220,.F.);
#7220 = EDGE_CURVE('',#6883,#6751,#7221,.T.);
#7221 = SURFACE_CURVE('',#7222,(#7227,#7234),.PCURVE_S1.);
#7222 = CIRCLE('',#7223,9.35E-02);
#7223 = AXIS2_PLACEMENT_3D('',#7224,#7225,#7226);
#7224 = CARTESIAN_POINT('',(-1.164947290548,0.703823815879,3.3000001));
#7225 = DIRECTION('',(9.942730572081E-17,1.234452195992E-17,-1.));
#7226 = DIRECTION('',(-0.45666502762,-0.889638720239,-5.638713803154E-17
    ));
#7227 = PCURVE('',#6788,#7228);
#7228 = DEFINITIONAL_REPRESENTATION('',(#7229),#7233);
#7229 = LINE('',#7230,#7231);
#7230 = CARTESIAN_POINT('',(0.,0.91));
#7231 = VECTOR('',#7232,1.);
#7232 = DIRECTION('',(1.,0.));
#7233 = ( GEOMETRIC_REPRESENTATION_CONTEXT(2) 
PARAMETRIC_REPRESENTATION_CONTEXT() REPRESENTATION_CONTEXT('2D SPACE',''
  ) );
#7234 = PCURVE('',#977,#7235);
#7235 = DEFINITIONAL_REPRESENTATION('',(#7236),#7240);
#7236 = CIRCLE('',#7237,9.35E-02);
#7237 = AXIS2_PLACEMENT_2D('',#7238,#7239);
#7238 = CARTESIAN_POINT('',(-0.910396798486,-2.470231177187));
#7239 = DIRECTION('',(-0.697896039423,0.716199077183));
#7240 = ( GEOMETRIC_REPRESENTATION_CONTEXT(2) 
PARAMETRIC_REPRESENTATION_CONTEXT() REPRESENTATION_CONTEXT('2D SPACE',''
  ) );
#7241 = ORIENTED_EDGE('',*,*,#6882,.F.);
#7242 = ADVANCED_FACE('',(#7243),#7257,.F.);
#7243 = FACE_BOUND('',#7244,.T.);
#7244 = EDGE_LOOP('',(#7245,#7275,#7298,#7321));
#7245 = ORIENTED_EDGE('',*,*,#7246,.F.);
#7246 = EDGE_CURVE('',#7247,#7249,#7251,.T.);
#7247 = VERTEX_POINT('',#7248);
#7248 = CARTESIAN_POINT('',(-1.324279994034,0.299705992291,3.8000001));
#7249 = VERTEX_POINT('',#7250);
#7250 = CARTESIAN_POINT('',(-1.240942037755,0.280814719353,3.8000001));
#7251 = SURFACE_CURVE('',#7252,(#7256,#7268),.PCURVE_S1.);
#7252 = LINE('',#7253,#7254);
#7253 = CARTESIAN_POINT('',(-0.599310112734,0.135367862216,3.8000001));
#7254 = VECTOR('',#7255,1.);
#7255 = DIRECTION('',(0.975257058103,-0.221073903075,5.529346981005E-17)
  );
#7256 = PCURVE('',#7257,#7262);
#7257 = PLANE('',#7258);
#7258 = AXIS2_PLACEMENT_3D('',#7259,#7260,#7261);
#7259 = CARTESIAN_POINT('',(-1.324279994034,0.299705992291,4.2100001));
#7260 = DIRECTION('',(0.221073903075,0.975257058103,9.602912849267E-19)
  );
#7261 = DIRECTION('',(0.975257058103,-0.221073903075,5.529346981005E-17)
  );
#7262 = DEFINITIONAL_REPRESENTATION('',(#7263),#7267);
#7263 = LINE('',#7264,#7265);
#7264 = CARTESIAN_POINT('',(0.743362865489,0.41));
#7265 = VECTOR('',#7266,1.);
#7266 = DIRECTION('',(1.,-6.309119779413E-34));
#7267 = ( GEOMETRIC_REPRESENTATION_CONTEXT(2) 
PARAMETRIC_REPRESENTATION_CONTEXT() REPRESENTATION_CONTEXT('2D SPACE',''
  ) );
#7268 = PCURVE('',#880,#7269);
#7269 = DEFINITIONAL_REPRESENTATION('',(#7270),#7274);
#7270 = LINE('',#7271,#7272);
#7271 = CARTESIAN_POINT('',(0.536744400019,-0.558123939679));
#7272 = VECTOR('',#7273,1.);
#7273 = DIRECTION('',(-0.867258053472,0.497858884312));
#7274 = ( GEOMETRIC_REPRESENTATION_CONTEXT(2) 
PARAMETRIC_REPRESENTATION_CONTEXT() REPRESENTATION_CONTEXT('2D SPACE',''
  ) );
#7275 = ORIENTED_EDGE('',*,*,#7276,.T.);
#7276 = EDGE_CURVE('',#7247,#7277,#7279,.T.);
#7277 = VERTEX_POINT('',#7278);
#7278 = CARTESIAN_POINT('',(-1.324279994034,0.299705992291,3.3000001));
#7279 = SURFACE_CURVE('',#7280,(#7284,#7291),.PCURVE_S1.);
#7280 = LINE('',#7281,#7282);
#7281 = CARTESIAN_POINT('',(-1.324279994034,0.299705992291,4.2100001));
#7282 = VECTOR('',#7283,1.);
#7283 = DIRECTION('',(5.551115123126E-17,9.84654534872E-19,-1.));
#7284 = PCURVE('',#7257,#7285);
#7285 = DEFINITIONAL_REPRESENTATION('',(#7286),#7290);
#7286 = LINE('',#7287,#7288);
#7287 = CARTESIAN_POINT('',(0.,0.));
#7288 = VECTOR('',#7289,1.);
#7289 = DIRECTION('',(1.496052478679E-18,1.));
#7290 = ( GEOMETRIC_REPRESENTATION_CONTEXT(2) 
PARAMETRIC_REPRESENTATION_CONTEXT() REPRESENTATION_CONTEXT('2D SPACE',''
  ) );
#7291 = PCURVE('',#7182,#7292);
#7292 = DEFINITIONAL_REPRESENTATION('',(#7293),#7297);
#7293 = LINE('',#7294,#7295);
#7294 = CARTESIAN_POINT('',(0.,0.));
#7295 = VECTOR('',#7296,1.);
#7296 = DIRECTION('',(0.,1.));
#7297 = ( GEOMETRIC_REPRESENTATION_CONTEXT(2) 
PARAMETRIC_REPRESENTATION_CONTEXT() REPRESENTATION_CONTEXT('2D SPACE',''
  ) );
#7298 = ORIENTED_EDGE('',*,*,#7299,.F.);
#7299 = EDGE_CURVE('',#7300,#7277,#7302,.T.);
#7300 = VERTEX_POINT('',#7301);
#7301 = CARTESIAN_POINT('',(-1.240942037755,0.280814719353,3.3000001));
#7302 = SURFACE_CURVE('',#7303,(#7307,#7314),.PCURVE_S1.);
#7303 = LINE('',#7304,#7305);
#7304 = CARTESIAN_POINT('',(-0.307366814218,6.918936707649E-02,3.3000001
    ));
#7305 = VECTOR('',#7306,1.);
#7306 = DIRECTION('',(-0.975257058103,0.221073903075,-5.529346981005E-17
    ));
#7307 = PCURVE('',#7257,#7308);
#7308 = DEFINITIONAL_REPRESENTATION('',(#7309),#7313);
#7309 = LINE('',#7310,#7311);
#7310 = CARTESIAN_POINT('',(1.042712966154,0.91));
#7311 = VECTOR('',#7312,1.);
#7312 = DIRECTION('',(-1.,6.309119779413E-34));
#7313 = ( GEOMETRIC_REPRESENTATION_CONTEXT(2) 
PARAMETRIC_REPRESENTATION_CONTEXT() REPRESENTATION_CONTEXT('2D SPACE',''
  ) );
#7314 = PCURVE('',#977,#7315);
#7315 = DEFINITIONAL_REPRESENTATION('',(#7316),#7320);
#7316 = LINE('',#7317,#7318);
#7317 = CARTESIAN_POINT('',(-0.27713061441,-1.611639832544));
#7318 = VECTOR('',#7319,1.);
#7319 = DIRECTION('',(-0.867258053472,-0.497858884312));
#7320 = ( GEOMETRIC_REPRESENTATION_CONTEXT(2) 
PARAMETRIC_REPRESENTATION_CONTEXT() REPRESENTATION_CONTEXT('2D SPACE',''
  ) );
#7321 = ORIENTED_EDGE('',*,*,#7322,.F.);
#7322 = EDGE_CURVE('',#7249,#7300,#7323,.T.);
#7323 = SURFACE_CURVE('',#7324,(#7328,#7335),.PCURVE_S1.);
#7324 = LINE('',#7325,#7326);
#7325 = CARTESIAN_POINT('',(-1.240942037755,0.280814719353,4.2100001));
#7326 = VECTOR('',#7327,1.);
#7327 = DIRECTION('',(5.551115123126E-17,9.84654534872E-19,-1.));
#7328 = PCURVE('',#7257,#7329);
#7329 = DEFINITIONAL_REPRESENTATION('',(#7330),#7334);
#7330 = LINE('',#7331,#7332);
#7331 = CARTESIAN_POINT('',(8.545229751107E-02,2.081668171172E-17));
#7332 = VECTOR('',#7333,1.);
#7333 = DIRECTION('',(1.496052478679E-18,1.));
#7334 = ( GEOMETRIC_REPRESENTATION_CONTEXT(2) 
PARAMETRIC_REPRESENTATION_CONTEXT() REPRESENTATION_CONTEXT('2D SPACE',''
  ) );
#7335 = PCURVE('',#7336,#7341);
#7336 = CYLINDRICAL_SURFACE('',#7337,0.10404056416);
#7337 = AXIS2_PLACEMENT_3D('',#7338,#7339,#7340);
#7338 = CARTESIAN_POINT('',(-1.263942691352,0.179348424828,4.2100001));
#7339 = DIRECTION('',(5.551115123126E-17,9.84654534872E-19,-1.));
#7340 = DIRECTION('',(-0.221073903075,-0.975257058103,
    -9.602912849267E-19));
#7341 = DEFINITIONAL_REPRESENTATION('',(#7342),#7346);
#7342 = LINE('',#7343,#7344);
#7343 = CARTESIAN_POINT('',(3.14159265359,0.));
#7344 = VECTOR('',#7345,1.);
#7345 = DIRECTION('',(0.,1.));
#7346 = ( GEOMETRIC_REPRESENTATION_CONTEXT(2) 
PARAMETRIC_REPRESENTATION_CONTEXT() REPRESENTATION_CONTEXT('2D SPACE',''
  ) );
#7347 = ADVANCED_FACE('',(#7348),#7336,.F.);
#7348 = FACE_BOUND('',#7349,.F.);
#7349 = EDGE_LOOP('',(#7350,#7380,#7406,#7407));
#7350 = ORIENTED_EDGE('',*,*,#7351,.T.);
#7351 = EDGE_CURVE('',#7352,#7354,#7356,.T.);
#7352 = VERTEX_POINT('',#7353);
#7353 = CARTESIAN_POINT('',(-1.270213060561,7.549698545058E-02,3.8000001
    ));
#7354 = VERTEX_POINT('',#7355);
#7355 = CARTESIAN_POINT('',(-1.270213060561,7.549698545058E-02,3.3000001
    ));
#7356 = SURFACE_CURVE('',#7357,(#7361,#7368),.PCURVE_S1.);
#7357 = LINE('',#7358,#7359);
#7358 = CARTESIAN_POINT('',(-1.270213060561,7.549698545058E-02,4.2100001
    ));
#7359 = VECTOR('',#7360,1.);
#7360 = DIRECTION('',(5.551115123126E-17,9.84654534872E-19,-1.));
#7361 = PCURVE('',#7336,#7362);
#7362 = DEFINITIONAL_REPRESENTATION('',(#7363),#7367);
#7363 = LINE('',#7364,#7365);
#7364 = CARTESIAN_POINT('',(6.120574874859,0.));
#7365 = VECTOR('',#7366,1.);
#7366 = DIRECTION('',(0.,1.));
#7367 = ( GEOMETRIC_REPRESENTATION_CONTEXT(2) 
PARAMETRIC_REPRESENTATION_CONTEXT() REPRESENTATION_CONTEXT('2D SPACE',''
  ) );
#7368 = PCURVE('',#7369,#7374);
#7369 = PLANE('',#7370);
#7370 = AXIS2_PLACEMENT_3D('',#7371,#7372,#7373);
#7371 = CARTESIAN_POINT('',(-1.270213060561,7.549698545058E-02,4.2100001
    ));
#7372 = DIRECTION('',(-6.026850449754E-02,-0.998182201487,
    -4.452311583276E-18));
#7373 = DIRECTION('',(-0.998182201487,6.026850449754E-02,
    -5.545180757499E-17));
#7374 = DEFINITIONAL_REPRESENTATION('',(#7375),#7379);
#7375 = LINE('',#7376,#7377);
#7376 = CARTESIAN_POINT('',(0.,0.));
#7377 = VECTOR('',#7378,1.);
#7378 = DIRECTION('',(5.551115123126E-17,1.));
#7379 = ( GEOMETRIC_REPRESENTATION_CONTEXT(2) 
PARAMETRIC_REPRESENTATION_CONTEXT() REPRESENTATION_CONTEXT('2D SPACE',''
  ) );
#7380 = ORIENTED_EDGE('',*,*,#7381,.T.);
#7381 = EDGE_CURVE('',#7354,#7300,#7382,.T.);
#7382 = SURFACE_CURVE('',#7383,(#7388,#7395),.PCURVE_S1.);
#7383 = CIRCLE('',#7384,0.10404056416);
#7384 = AXIS2_PLACEMENT_3D('',#7385,#7386,#7387);
#7385 = CARTESIAN_POINT('',(-1.263942691352,0.179348424828,3.3000001));
#7386 = DIRECTION('',(-7.222237291452E-35,-9.84654534872E-19,1.));
#7387 = DIRECTION('',(-0.221073903075,-0.975257058103,
    -9.602912849267E-19));
#7388 = PCURVE('',#7336,#7389);
#7389 = DEFINITIONAL_REPRESENTATION('',(#7390),#7394);
#7390 = LINE('',#7391,#7392);
#7391 = CARTESIAN_POINT('',(6.28318530718,0.91));
#7392 = VECTOR('',#7393,1.);
#7393 = DIRECTION('',(-1.,0.));
#7394 = ( GEOMETRIC_REPRESENTATION_CONTEXT(2) 
PARAMETRIC_REPRESENTATION_CONTEXT() REPRESENTATION_CONTEXT('2D SPACE',''
  ) );
#7395 = PCURVE('',#977,#7396);
#7396 = DEFINITIONAL_REPRESENTATION('',(#7397),#7405);
#7397 = ( BOUNDED_CURVE() B_SPLINE_CURVE(2,(#7398,#7399,#7400,#7401,
#7402,#7403,#7404),.UNSPECIFIED.,.T.,.F.) B_SPLINE_CURVE_WITH_KNOTS((1,2
    ,2,2,2,1),(-2.094395102393,0.,2.094395102393,4.188790204786,
6.28318530718,8.377580409573),.UNSPECIFIED.) CURVE() 
GEOMETRIC_REPRESENTATION_ITEM() RATIONAL_B_SPLINE_CURVE((1.,0.5,1.,0.5,
1.,0.5,1.)) REPRESENTATION_ITEM('') );
#7398 = CARTESIAN_POINT('',(-1.210917676954,-1.907760526719));
#7399 = CARTESIAN_POINT('',(-1.054634702873,-1.818044591766));
#7400 = CARTESIAN_POINT('',(-1.05507991112,-1.998247584975));
#7401 = CARTESIAN_POINT('',(-1.055525119367,-2.178450578185));
#7402 = CARTESIAN_POINT('',(-1.211362885201,-2.087963519928));
#7403 = CARTESIAN_POINT('',(-1.367200651035,-1.997476461672));
#7404 = CARTESIAN_POINT('',(-1.210917676954,-1.907760526719));
#7405 = ( GEOMETRIC_REPRESENTATION_CONTEXT(2) 
PARAMETRIC_REPRESENTATION_CONTEXT() REPRESENTATION_CONTEXT('2D SPACE',''
  ) );
#7406 = ORIENTED_EDGE('',*,*,#7322,.F.);
#7407 = ORIENTED_EDGE('',*,*,#7408,.T.);
#7408 = EDGE_CURVE('',#7249,#7352,#7409,.T.);
#7409 = SURFACE_CURVE('',#7410,(#7415,#7422),.PCURVE_S1.);
#7410 = CIRCLE('',#7411,0.10404056416);
#7411 = AXIS2_PLACEMENT_3D('',#7412,#7413,#7414);
#7412 = CARTESIAN_POINT('',(-1.263942691352,0.179348424828,3.8000001));
#7413 = DIRECTION('',(7.222237291452E-35,9.84654534872E-19,-1.));
#7414 = DIRECTION('',(-0.221073903075,-0.975257058103,
    -9.602912849267E-19));
#7415 = PCURVE('',#7336,#7416);
#7416 = DEFINITIONAL_REPRESENTATION('',(#7417),#7421);
#7417 = LINE('',#7418,#7419);
#7418 = CARTESIAN_POINT('',(0.,0.41));
#7419 = VECTOR('',#7420,1.);
#7420 = DIRECTION('',(1.,0.));
#7421 = ( GEOMETRIC_REPRESENTATION_CONTEXT(2) 
PARAMETRIC_REPRESENTATION_CONTEXT() REPRESENTATION_CONTEXT('2D SPACE',''
  ) );
#7422 = PCURVE('',#880,#7423);
#7423 = DEFINITIONAL_REPRESENTATION('',(#7424),#7432);
#7424 = ( BOUNDED_CURVE() B_SPLINE_CURVE(2,(#7425,#7426,#7427,#7428,
#7429,#7430,#7431),.UNSPECIFIED.,.T.,.F.) B_SPLINE_CURVE_WITH_KNOTS((1,2
    ,2,2,2,1),(-2.094395102393,0.,2.094395102393,4.188790204786,
6.28318530718,8.377580409573),.UNSPECIFIED.) CURVE() 
GEOMETRIC_REPRESENTATION_ITEM() RATIONAL_B_SPLINE_CURVE((1.,0.5,1.,0.5,
1.,0.5,1.)) REPRESENTATION_ITEM('') );
#7425 = CARTESIAN_POINT('',(1.210917676954,-0.705210526719));
#7426 = CARTESIAN_POINT('',(1.367200651035,-0.794926461672));
#7427 = CARTESIAN_POINT('',(1.211362885201,-0.885413519928));
#7428 = CARTESIAN_POINT('',(1.055525119367,-0.975900578185));
#7429 = CARTESIAN_POINT('',(1.05507991112,-0.795697584975));
#7430 = CARTESIAN_POINT('',(1.054634702873,-0.615494591766));
#7431 = CARTESIAN_POINT('',(1.210917676954,-0.705210526719));
#7432 = ( GEOMETRIC_REPRESENTATION_CONTEXT(2) 
PARAMETRIC_REPRESENTATION_CONTEXT() REPRESENTATION_CONTEXT('2D SPACE',''
  ) );
#7433 = ADVANCED_FACE('',(#7434),#7369,.F.);
#7434 = FACE_BOUND('',#7435,.T.);
#7435 = EDGE_LOOP('',(#7436,#7459,#7460,#7483));
#7436 = ORIENTED_EDGE('',*,*,#7437,.F.);
#7437 = EDGE_CURVE('',#7352,#7438,#7440,.T.);
#7438 = VERTEX_POINT('',#7439);
#7439 = CARTESIAN_POINT('',(-1.355510023013,8.064706762745E-02,3.8000001
    ));
#7440 = SURFACE_CURVE('',#7441,(#7445,#7452),.PCURVE_S1.);
#7441 = LINE('',#7442,#7443);
#7442 = CARTESIAN_POINT('',(-0.589188097661,3.437788316811E-02,3.8000001
    ));
#7443 = VECTOR('',#7444,1.);
#7444 = DIRECTION('',(-0.998182201487,6.026850449754E-02,
    -5.545180757499E-17));
#7445 = PCURVE('',#7369,#7446);
#7446 = DEFINITIONAL_REPRESENTATION('',(#7447),#7451);
#7447 = LINE('',#7448,#7449);
#7448 = CARTESIAN_POINT('',(-0.682265183536,0.41));
#7449 = VECTOR('',#7450,1.);
#7450 = DIRECTION('',(1.,5.551115123126E-17));
#7451 = ( GEOMETRIC_REPRESENTATION_CONTEXT(2) 
PARAMETRIC_REPRESENTATION_CONTEXT() REPRESENTATION_CONTEXT('2D SPACE',''
  ) );
#7452 = PCURVE('',#880,#7453);
#7453 = DEFINITIONAL_REPRESENTATION('',(#7454),#7458);
#7454 = LINE('',#7455,#7456);
#7455 = CARTESIAN_POINT('',(0.556741233652,-0.458617368529));
#7456 = VECTOR('',#7457,1.);
#7457 = DIRECTION('',(0.936417951982,-0.350886618734));
#7458 = ( GEOMETRIC_REPRESENTATION_CONTEXT(2) 
PARAMETRIC_REPRESENTATION_CONTEXT() REPRESENTATION_CONTEXT('2D SPACE',''
  ) );
#7459 = ORIENTED_EDGE('',*,*,#7351,.T.);
#7460 = ORIENTED_EDGE('',*,*,#7461,.F.);
#7461 = EDGE_CURVE('',#7462,#7354,#7464,.T.);
#7462 = VERTEX_POINT('',#7463);
#7463 = CARTESIAN_POINT('',(-1.355510023013,8.064706762745E-02,3.3000001
    ));
#7464 = SURFACE_CURVE('',#7465,(#7469,#7476),.PCURVE_S1.);
#7465 = LINE('',#7466,#7467);
#7466 = CARTESIAN_POINT('',(-0.378592263933,2.166247316253E-02,3.3000001
    ));
#7467 = VECTOR('',#7468,1.);
#7468 = DIRECTION('',(0.998182201487,-6.026850449754E-02,
    5.545180757499E-17));
#7469 = PCURVE('',#7369,#7470);
#7470 = DEFINITIONAL_REPRESENTATION('',(#7471),#7475);
#7471 = LINE('',#7472,#7473);
#7472 = CARTESIAN_POINT('',(-0.893244535216,0.91));
#7473 = VECTOR('',#7474,1.);
#7474 = DIRECTION('',(-1.,-5.551115123126E-17));
#7475 = ( GEOMETRIC_REPRESENTATION_CONTEXT(2) 
PARAMETRIC_REPRESENTATION_CONTEXT() REPRESENTATION_CONTEXT('2D SPACE',''
  ) );
#7476 = PCURVE('',#977,#7477);
#7477 = DEFINITIONAL_REPRESENTATION('',(#7478),#7482);
#7478 = LINE('',#7479,#7480);
#7479 = CARTESIAN_POINT('',(-0.359176381242,-1.587137537196));
#7480 = VECTOR('',#7481,1.);
#7481 = DIRECTION('',(0.936417951982,0.350886618734));
#7482 = ( GEOMETRIC_REPRESENTATION_CONTEXT(2) 
PARAMETRIC_REPRESENTATION_CONTEXT() REPRESENTATION_CONTEXT('2D SPACE',''
  ) );
#7483 = ORIENTED_EDGE('',*,*,#7484,.F.);
#7484 = EDGE_CURVE('',#7438,#7462,#7485,.T.);
#7485 = SURFACE_CURVE('',#7486,(#7490,#7497),.PCURVE_S1.);
#7486 = LINE('',#7487,#7488);
#7487 = CARTESIAN_POINT('',(-1.355510023013,8.064706762745E-02,4.2100001
    ));
#7488 = VECTOR('',#7489,1.);
#7489 = DIRECTION('',(5.551115123126E-17,9.84654534872E-19,-1.));
#7490 = PCURVE('',#7369,#7491);
#7491 = DEFINITIONAL_REPRESENTATION('',(#7492),#7496);
#7492 = LINE('',#7493,#7494);
#7493 = CARTESIAN_POINT('',(8.545229751107E-02,1.318389841742E-16));
#7494 = VECTOR('',#7495,1.);
#7495 = DIRECTION('',(5.551115123126E-17,1.));
#7496 = ( GEOMETRIC_REPRESENTATION_CONTEXT(2) 
PARAMETRIC_REPRESENTATION_CONTEXT() REPRESENTATION_CONTEXT('2D SPACE',''
  ) );
#7497 = PCURVE('',#7498,#7503);
#7498 = CYLINDRICAL_SURFACE('',#7499,9.35E-02);
#7499 = AXIS2_PLACEMENT_3D('',#7500,#7501,#7502);
#7500 = CARTESIAN_POINT('',(-1.361145128183,-1.26829682116E-02,4.2100001
    ));
#7501 = DIRECTION('',(5.551115123126E-17,9.84654534872E-19,-1.));
#7502 = DIRECTION('',(-0.929898592525,0.367815996961,-5.514897954185E-17
    ));
#7503 = DEFINITIONAL_REPRESENTATION('',(#7504),#7508);
#7504 = LINE('',#7505,#7506);
#7505 = CARTESIAN_POINT('',(1.254442096415,0.));
#7506 = VECTOR('',#7507,1.);
#7507 = DIRECTION('',(0.,1.));
#7508 = ( GEOMETRIC_REPRESENTATION_CONTEXT(2) 
PARAMETRIC_REPRESENTATION_CONTEXT() REPRESENTATION_CONTEXT('2D SPACE',''
  ) );
#7509 = ADVANCED_FACE('',(#7510),#7498,.T.);
#7510 = FACE_BOUND('',#7511,.T.);
#7511 = EDGE_LOOP('',(#7512,#7536,#7537,#7561));
#7512 = ORIENTED_EDGE('',*,*,#7513,.F.);
#7513 = EDGE_CURVE('',#7438,#7514,#7516,.T.);
#7514 = VERTEX_POINT('',#7515);
#7515 = CARTESIAN_POINT('',(-1.448090646584,2.17078275043E-02,3.8000001)
  );
#7516 = SURFACE_CURVE('',#7517,(#7522,#7529),.PCURVE_S1.);
#7517 = CIRCLE('',#7518,9.35E-02);
#7518 = AXIS2_PLACEMENT_3D('',#7519,#7520,#7521);
#7519 = CARTESIAN_POINT('',(-1.361145128183,-1.26829682116E-02,3.8000001
    ));
#7520 = DIRECTION('',(-5.672421375752E-17,6.52829954789E-18,1.));
#7521 = DIRECTION('',(-0.929898592525,0.367815996961,-5.514897954185E-17
    ));
#7522 = PCURVE('',#7498,#7523);
#7523 = DEFINITIONAL_REPRESENTATION('',(#7524),#7528);
#7524 = LINE('',#7525,#7526);
#7525 = CARTESIAN_POINT('',(6.28318530718,0.41));
#7526 = VECTOR('',#7527,1.);
#7527 = DIRECTION('',(-1.,0.));
#7528 = ( GEOMETRIC_REPRESENTATION_CONTEXT(2) 
PARAMETRIC_REPRESENTATION_CONTEXT() REPRESENTATION_CONTEXT('2D SPACE',''
  ) );
#7529 = PCURVE('',#880,#7530);
#7530 = DEFINITIONAL_REPRESENTATION('',(#7531),#7535);
#7531 = CIRCLE('',#7532,9.35E-02);
#7532 = AXIS2_PLACEMENT_2D('',#7533,#7534);
#7533 = CARTESIAN_POINT('',(1.308453563806,-0.640444081087));
#7534 = DIRECTION('',(0.780786940514,-0.624797369971));
#7535 = ( GEOMETRIC_REPRESENTATION_CONTEXT(2) 
PARAMETRIC_REPRESENTATION_CONTEXT() REPRESENTATION_CONTEXT('2D SPACE',''
  ) );
#7536 = ORIENTED_EDGE('',*,*,#7484,.T.);
#7537 = ORIENTED_EDGE('',*,*,#7538,.F.);
#7538 = EDGE_CURVE('',#7539,#7462,#7541,.T.);
#7539 = VERTEX_POINT('',#7540);
#7540 = CARTESIAN_POINT('',(-1.448090646584,2.17078275043E-02,3.3000001)
  );
#7541 = SURFACE_CURVE('',#7542,(#7547,#7554),.PCURVE_S1.);
#7542 = CIRCLE('',#7543,9.35E-02);
#7543 = AXIS2_PLACEMENT_3D('',#7544,#7545,#7546);
#7544 = CARTESIAN_POINT('',(-1.361145128183,-1.26829682116E-02,3.3000001
    ));
#7545 = DIRECTION('',(5.672421375752E-17,-6.52829954789E-18,-1.));
#7546 = DIRECTION('',(-0.929898592525,0.367815996961,-5.514897954185E-17
    ));
#7547 = PCURVE('',#7498,#7548);
#7548 = DEFINITIONAL_REPRESENTATION('',(#7549),#7553);
#7549 = LINE('',#7550,#7551);
#7550 = CARTESIAN_POINT('',(0.,0.91));
#7551 = VECTOR('',#7552,1.);
#7552 = DIRECTION('',(1.,0.));
#7553 = ( GEOMETRIC_REPRESENTATION_CONTEXT(2) 
PARAMETRIC_REPRESENTATION_CONTEXT() REPRESENTATION_CONTEXT('2D SPACE',''
  ) );
#7554 = PCURVE('',#977,#7555);
#7555 = DEFINITIONAL_REPRESENTATION('',(#7556),#7560);
#7556 = CIRCLE('',#7557,9.35E-02);
#7557 = AXIS2_PLACEMENT_2D('',#7558,#7559);
#7558 = CARTESIAN_POINT('',(-1.308453563806,-1.842994081087));
#7559 = DIRECTION('',(-0.780786940514,-0.624797369971));
#7560 = ( GEOMETRIC_REPRESENTATION_CONTEXT(2) 
PARAMETRIC_REPRESENTATION_CONTEXT() REPRESENTATION_CONTEXT('2D SPACE',''
  ) );
#7561 = ORIENTED_EDGE('',*,*,#7562,.F.);
#7562 = EDGE_CURVE('',#7514,#7539,#7563,.T.);
#7563 = SURFACE_CURVE('',#7564,(#7568,#7575),.PCURVE_S1.);
#7564 = LINE('',#7565,#7566);
#7565 = CARTESIAN_POINT('',(-1.448090646584,2.17078275043E-02,4.2100001)
  );
#7566 = VECTOR('',#7567,1.);
#7567 = DIRECTION('',(5.551115123126E-17,9.84654534872E-19,-1.));
#7568 = PCURVE('',#7498,#7569);
#7569 = DEFINITIONAL_REPRESENTATION('',(#7570),#7574);
#7570 = LINE('',#7571,#7572);
#7571 = CARTESIAN_POINT('',(0.,0.));
#7572 = VECTOR('',#7573,1.);
#7573 = DIRECTION('',(0.,1.));
#7574 = ( GEOMETRIC_REPRESENTATION_CONTEXT(2) 
PARAMETRIC_REPRESENTATION_CONTEXT() REPRESENTATION_CONTEXT('2D SPACE',''
  ) );
#7575 = PCURVE('',#7576,#7581);
#7576 = CYLINDRICAL_SURFACE('',#7577,9.35E-02);
#7577 = AXIS2_PLACEMENT_3D('',#7578,#7579,#7580);
#7578 = CARTESIAN_POINT('',(-1.360092699845,5.330864030489E-02,4.2100001
    ));
#7579 = DIRECTION('',(5.551115123126E-17,9.84654534872E-19,-1.));
#7580 = DIRECTION('',(2.840810785286E-02,-0.999596408261,
    7.504663395409E-19));
#7581 = DEFINITIONAL_REPRESENTATION('',(#7582),#7586);
#7582 = LINE('',#7583,#7584);
#7583 = CARTESIAN_POINT('',(1.254442096415,0.));
#7584 = VECTOR('',#7585,1.);
#7585 = DIRECTION('',(0.,1.));
#7586 = ( GEOMETRIC_REPRESENTATION_CONTEXT(2) 
PARAMETRIC_REPRESENTATION_CONTEXT() REPRESENTATION_CONTEXT('2D SPACE',''
  ) );
#7587 = ADVANCED_FACE('',(#7588),#7182,.T.);
#7588 = FACE_BOUND('',#7589,.T.);
#7589 = EDGE_LOOP('',(#7590,#7612,#7613,#7635));
#7590 = ORIENTED_EDGE('',*,*,#7591,.F.);
#7591 = EDGE_CURVE('',#7120,#7247,#7592,.T.);
#7592 = SURFACE_CURVE('',#7593,(#7598,#7605),.PCURVE_S1.);
#7593 = CIRCLE('',#7594,9.35E-02);
#7594 = AXIS2_PLACEMENT_3D('',#7595,#7596,#7597);
#7595 = CARTESIAN_POINT('',(-1.303609584096,0.390892527224,3.8000001));
#7596 = DIRECTION('',(-5.413764204169E-17,1.128741233201E-17,1.));
#7597 = DIRECTION('',(-0.221073903075,-0.975257058103,
    -9.602912849267E-19));
#7598 = PCURVE('',#7182,#7599);
#7599 = DEFINITIONAL_REPRESENTATION('',(#7600),#7604);
#7600 = LINE('',#7601,#7602);
#7601 = CARTESIAN_POINT('',(6.28318530718,0.41));
#7602 = VECTOR('',#7603,1.);
#7603 = DIRECTION('',(-1.,0.));
#7604 = ( GEOMETRIC_REPRESENTATION_CONTEXT(2) 
PARAMETRIC_REPRESENTATION_CONTEXT() REPRESENTATION_CONTEXT('2D SPACE',''
  ) );
#7605 = PCURVE('',#880,#7606);
#7606 = DEFINITIONAL_REPRESENTATION('',(#7607),#7611);
#7607 = CIRCLE('',#7608,9.35E-02);
#7608 = AXIS2_PLACEMENT_2D('',#7609,#7610);
#7609 = CARTESIAN_POINT('',(1.134882026083,-1.00930237453));
#7610 = DIRECTION('',(0.497858884312,0.867258053472));
#7611 = ( GEOMETRIC_REPRESENTATION_CONTEXT(2) 
PARAMETRIC_REPRESENTATION_CONTEXT() REPRESENTATION_CONTEXT('2D SPACE',''
  ) );
#7612 = ORIENTED_EDGE('',*,*,#7168,.T.);
#7613 = ORIENTED_EDGE('',*,*,#7614,.F.);
#7614 = EDGE_CURVE('',#7277,#7145,#7615,.T.);
#7615 = SURFACE_CURVE('',#7616,(#7621,#7628),.PCURVE_S1.);
#7616 = CIRCLE('',#7617,9.35E-02);
#7617 = AXIS2_PLACEMENT_3D('',#7618,#7619,#7620);
#7618 = CARTESIAN_POINT('',(-1.303609584096,0.390892527224,3.3000001));
#7619 = DIRECTION('',(5.413764204169E-17,-1.128741233201E-17,-1.));
#7620 = DIRECTION('',(-0.221073903075,-0.975257058103,
    -9.602912849267E-19));
#7621 = PCURVE('',#7182,#7622);
#7622 = DEFINITIONAL_REPRESENTATION('',(#7623),#7627);
#7623 = LINE('',#7624,#7625);
#7624 = CARTESIAN_POINT('',(0.,0.91));
#7625 = VECTOR('',#7626,1.);
#7626 = DIRECTION('',(1.,0.));
#7627 = ( GEOMETRIC_REPRESENTATION_CONTEXT(2) 
PARAMETRIC_REPRESENTATION_CONTEXT() REPRESENTATION_CONTEXT('2D SPACE',''
  ) );
#7628 = PCURVE('',#977,#7629);
#7629 = DEFINITIONAL_REPRESENTATION('',(#7630),#7634);
#7630 = CIRCLE('',#7631,9.35E-02);
#7631 = AXIS2_PLACEMENT_2D('',#7632,#7633);
#7632 = CARTESIAN_POINT('',(-1.134882026083,-2.21185237453));
#7633 = DIRECTION('',(-0.497858884312,0.867258053472));
#7634 = ( GEOMETRIC_REPRESENTATION_CONTEXT(2) 
PARAMETRIC_REPRESENTATION_CONTEXT() REPRESENTATION_CONTEXT('2D SPACE',''
  ) );
#7635 = ORIENTED_EDGE('',*,*,#7276,.F.);
#7636 = ADVANCED_FACE('',(#7637),#7651,.F.);
#7637 = FACE_BOUND('',#7638,.T.);
#7638 = EDGE_LOOP('',(#7639,#7669,#7692,#7715));
#7639 = ORIENTED_EDGE('',*,*,#7640,.F.);
#7640 = EDGE_CURVE('',#7641,#7643,#7645,.T.);
#7641 = VERTEX_POINT('',#7642);
#7642 = CARTESIAN_POINT('',(-1.357436541761,-4.015362386751E-02,
    3.8000001));
#7643 = VERTEX_POINT('',#7644);
#7644 = CARTESIAN_POINT('',(-1.272018732091,-3.772608578354E-02,
    3.8000001));
#7645 = SURFACE_CURVE('',#7646,(#7650,#7662),.PCURVE_S1.);
#7646 = LINE('',#7647,#7648);
#7647 = CARTESIAN_POINT('',(-0.643276954032,-1.985750993123E-02,
    3.8000001));
#7648 = VECTOR('',#7649,1.);
#7649 = DIRECTION('',(0.999596408261,2.840810785286E-02,
    5.553912340348E-17));
#7650 = PCURVE('',#7651,#7656);
#7651 = PLANE('',#7652);
#7652 = AXIS2_PLACEMENT_3D('',#7653,#7654,#7655);
#7653 = CARTESIAN_POINT('',(-1.357436541761,-4.015362386751E-02,
    4.2100001));
#7654 = DIRECTION('',(-2.840810785286E-02,0.999596408261,
    2.718980612413E-18));
#7655 = DIRECTION('',(0.999596408261,2.840810785286E-02,
    5.553912340348E-17));
#7656 = DEFINITIONAL_REPRESENTATION('',(#7657),#7661);
#7657 = LINE('',#7658,#7659);
#7658 = CARTESIAN_POINT('',(0.714447933013,0.41));
#7659 = VECTOR('',#7660,1.);
#7660 = DIRECTION('',(1.,8.107250682109E-35));
#7661 = ( GEOMETRIC_REPRESENTATION_CONTEXT(2) 
PARAMETRIC_REPRESENTATION_CONTEXT() REPRESENTATION_CONTEXT('2D SPACE',''
  ) );
#7662 = PCURVE('',#880,#7663);
#7663 = DEFINITIONAL_REPRESENTATION('',(#7664),#7668);
#7664 = LINE('',#7665,#7666);
#7665 = CARTESIAN_POINT('',(0.624377801842,-0.422667724698));
#7666 = VECTOR('',#7667,1.);
#7667 = DIRECTION('',(-0.96382401671,0.266539424502));
#7668 = ( GEOMETRIC_REPRESENTATION_CONTEXT(2) 
PARAMETRIC_REPRESENTATION_CONTEXT() REPRESENTATION_CONTEXT('2D SPACE',''
  ) );
#7669 = ORIENTED_EDGE('',*,*,#7670,.T.);
#7670 = EDGE_CURVE('',#7641,#7671,#7673,.T.);
#7671 = VERTEX_POINT('',#7672);
#7672 = CARTESIAN_POINT('',(-1.357436541761,-4.015362386751E-02,
    3.3000001));
#7673 = SURFACE_CURVE('',#7674,(#7678,#7685),.PCURVE_S1.);
#7674 = LINE('',#7675,#7676);
#7675 = CARTESIAN_POINT('',(-1.357436541761,-4.015362386751E-02,
    4.2100001));
#7676 = VECTOR('',#7677,1.);
#7677 = DIRECTION('',(5.551115123126E-17,9.84654534872E-19,-1.));
#7678 = PCURVE('',#7651,#7679);
#7679 = DEFINITIONAL_REPRESENTATION('',(#7680),#7684);
#7680 = LINE('',#7681,#7682);
#7681 = CARTESIAN_POINT('',(0.,0.));
#7682 = VECTOR('',#7683,1.);
#7683 = DIRECTION('',(9.852064502826E-20,1.));
#7684 = ( GEOMETRIC_REPRESENTATION_CONTEXT(2) 
PARAMETRIC_REPRESENTATION_CONTEXT() REPRESENTATION_CONTEXT('2D SPACE',''
  ) );
#7685 = PCURVE('',#7576,#7686);
#7686 = DEFINITIONAL_REPRESENTATION('',(#7687),#7691);
#7687 = LINE('',#7688,#7689);
#7688 = CARTESIAN_POINT('',(0.,0.));
#7689 = VECTOR('',#7690,1.);
#7690 = DIRECTION('',(0.,1.));
#7691 = ( GEOMETRIC_REPRESENTATION_CONTEXT(2) 
PARAMETRIC_REPRESENTATION_CONTEXT() REPRESENTATION_CONTEXT('2D SPACE',''
  ) );
#7692 = ORIENTED_EDGE('',*,*,#7693,.F.);
#7693 = EDGE_CURVE('',#7694,#7671,#7696,.T.);
#7694 = VERTEX_POINT('',#7695);
#7695 = CARTESIAN_POINT('',(-1.272018732091,-3.772608578354E-02,
    3.3000001));
#7696 = SURFACE_CURVE('',#7697,(#7701,#7708),.PCURVE_S1.);
#7697 = LINE('',#7698,#7699);
#7698 = CARTESIAN_POINT('',(-0.483078142586,-1.530472735235E-02,
    3.3000001));
#7699 = VECTOR('',#7700,1.);
#7700 = DIRECTION('',(-0.999596408261,-2.840810785286E-02,
    -5.553912340348E-17));
#7701 = PCURVE('',#7651,#7702);
#7702 = DEFINITIONAL_REPRESENTATION('',(#7703),#7707);
#7703 = LINE('',#7704,#7705);
#7704 = CARTESIAN_POINT('',(0.87471142548,0.91));
#7705 = VECTOR('',#7706,1.);
#7706 = DIRECTION('',(-1.,-8.107250682109E-35));
#7707 = ( GEOMETRIC_REPRESENTATION_CONTEXT(2) 
PARAMETRIC_REPRESENTATION_CONTEXT() REPRESENTATION_CONTEXT('2D SPACE',''
  ) );
#7708 = PCURVE('',#977,#7709);
#7709 = DEFINITIONAL_REPRESENTATION('',(#7710),#7714);
#7710 = LINE('',#7711,#7712);
#7711 = CARTESIAN_POINT('',(-0.469911998801,-1.582501185647));
#7712 = VECTOR('',#7713,1.);
#7713 = DIRECTION('',(-0.96382401671,-0.266539424502));
#7714 = ( GEOMETRIC_REPRESENTATION_CONTEXT(2) 
PARAMETRIC_REPRESENTATION_CONTEXT() REPRESENTATION_CONTEXT('2D SPACE',''
  ) );
#7715 = ORIENTED_EDGE('',*,*,#7716,.F.);
#7716 = EDGE_CURVE('',#7643,#7694,#7717,.T.);
#7717 = SURFACE_CURVE('',#7718,(#7722,#7729),.PCURVE_S1.);
#7718 = LINE('',#7719,#7720);
#7719 = CARTESIAN_POINT('',(-1.272018732091,-3.772608578354E-02,
    4.2100001));
#7720 = VECTOR('',#7721,1.);
#7721 = DIRECTION('',(5.551115123126E-17,9.84654534872E-19,-1.));
#7722 = PCURVE('',#7651,#7723);
#7723 = DEFINITIONAL_REPRESENTATION('',(#7724),#7728);
#7724 = LINE('',#7725,#7726);
#7725 = CARTESIAN_POINT('',(8.545229751107E-02,3.191891195797E-16));
#7726 = VECTOR('',#7727,1.);
#7727 = DIRECTION('',(9.852064502826E-20,1.));
#7728 = ( GEOMETRIC_REPRESENTATION_CONTEXT(2) 
PARAMETRIC_REPRESENTATION_CONTEXT() REPRESENTATION_CONTEXT('2D SPACE',''
  ) );
#7729 = PCURVE('',#7730,#7735);
#7730 = CYLINDRICAL_SURFACE('',#7731,0.10404056416);
#7731 = AXIS2_PLACEMENT_3D('',#7732,#7733,#7734);
#7732 = CARTESIAN_POINT('',(-1.269063136523,-0.141724660031,4.2100001));
#7733 = DIRECTION('',(5.551115123126E-17,9.84654534872E-19,-1.));
#7734 = DIRECTION('',(2.840810785286E-02,-0.999596408261,
    1.289353067138E-17));
#7735 = DEFINITIONAL_REPRESENTATION('',(#7736),#7740);
#7736 = LINE('',#7737,#7738);
#7737 = CARTESIAN_POINT('',(3.14159265359,0.));
#7738 = VECTOR('',#7739,1.);
#7739 = DIRECTION('',(0.,1.));
#7740 = ( GEOMETRIC_REPRESENTATION_CONTEXT(2) 
PARAMETRIC_REPRESENTATION_CONTEXT() REPRESENTATION_CONTEXT('2D SPACE',''
  ) );
#7741 = ADVANCED_FACE('',(#7742),#7730,.F.);
#7742 = FACE_BOUND('',#7743,.F.);
#7743 = EDGE_LOOP('',(#7744,#7774,#7800,#7801));
#7744 = ORIENTED_EDGE('',*,*,#7745,.T.);
#7745 = EDGE_CURVE('',#7746,#7748,#7750,.T.);
#7746 = VERTEX_POINT('',#7747);
#7747 = CARTESIAN_POINT('',(-1.249309707813,-0.243872792882,3.8000001));
#7748 = VERTEX_POINT('',#7749);
#7749 = CARTESIAN_POINT('',(-1.249309707813,-0.243872792882,3.3000001));
#7750 = SURFACE_CURVE('',#7751,(#7755,#7762),.PCURVE_S1.);
#7751 = LINE('',#7752,#7753);
#7752 = CARTESIAN_POINT('',(-1.249309707813,-0.243872792882,4.2100001));
#7753 = VECTOR('',#7754,1.);
#7754 = DIRECTION('',(5.551115123126E-17,9.84654534872E-19,-1.));
#7755 = PCURVE('',#7730,#7756);
#7756 = DEFINITIONAL_REPRESENTATION('',(#7757),#7761);
#7757 = LINE('',#7758,#7759);
#7758 = CARTESIAN_POINT('',(6.120574874859,0.));
#7759 = VECTOR('',#7760,1.);
#7760 = DIRECTION('',(0.,1.));
#7761 = ( GEOMETRIC_REPRESENTATION_CONTEXT(2) 
PARAMETRIC_REPRESENTATION_CONTEXT() REPRESENTATION_CONTEXT('2D SPACE',''
  ) );
#7762 = PCURVE('',#7763,#7768);
#7763 = PLANE('',#7764);
#7764 = AXIS2_PLACEMENT_3D('',#7765,#7766,#7767);
#7765 = CARTESIAN_POINT('',(-1.249309707813,-0.243872792882,4.2100001));
#7766 = DIRECTION('',(0.189862760455,-0.981810639682,1.291104350907E-17)
  );
#7767 = DIRECTION('',(-0.981810639682,-0.189862760455,
    -5.569810045934E-17));
#7768 = DEFINITIONAL_REPRESENTATION('',(#7769),#7773);
#7769 = LINE('',#7770,#7771);
#7770 = CARTESIAN_POINT('',(-0.,0.));
#7771 = VECTOR('',#7772,1.);
#7772 = DIRECTION('',(1.293474204787E-18,1.));
#7773 = ( GEOMETRIC_REPRESENTATION_CONTEXT(2) 
PARAMETRIC_REPRESENTATION_CONTEXT() REPRESENTATION_CONTEXT('2D SPACE',''
  ) );
#7774 = ORIENTED_EDGE('',*,*,#7775,.T.);
#7775 = EDGE_CURVE('',#7748,#7694,#7776,.T.);
#7776 = SURFACE_CURVE('',#7777,(#7782,#7789),.PCURVE_S1.);
#7777 = CIRCLE('',#7778,0.10404056416);
#7778 = AXIS2_PLACEMENT_3D('',#7779,#7780,#7781);
#7779 = CARTESIAN_POINT('',(-1.269063136523,-0.141724660031,3.3000001));
#7780 = DIRECTION('',(-5.59322692936E-17,1.304458889713E-17,1.));
#7781 = DIRECTION('',(2.840810785286E-02,-0.999596408261,
    1.462825414736E-17));
#7782 = PCURVE('',#7730,#7783);
#7783 = DEFINITIONAL_REPRESENTATION('',(#7784),#7788);
#7784 = LINE('',#7785,#7786);
#7785 = CARTESIAN_POINT('',(6.28318530718,0.91));
#7786 = VECTOR('',#7787,1.);
#7787 = DIRECTION('',(-1.,0.));
#7788 = ( GEOMETRIC_REPRESENTATION_CONTEXT(2) 
PARAMETRIC_REPRESENTATION_CONTEXT() REPRESENTATION_CONTEXT('2D SPACE',''
  ) );
#7789 = PCURVE('',#977,#7790);
#7790 = DEFINITIONAL_REPRESENTATION('',(#7791),#7799);
#7791 = ( BOUNDED_CURVE() B_SPLINE_CURVE(2,(#7792,#7793,#7794,#7795,
#7796,#7797,#7798),.UNSPECIFIED.,.T.,.F.) B_SPLINE_CURVE_WITH_KNOTS((1,2
    ,2,2,2,1),(-2.094395102393,0.,2.094395102393,4.188790204786,
6.28318530718,8.377580409573),.UNSPECIFIED.) CURVE() 
GEOMETRIC_REPRESENTATION_ITEM() RATIONAL_B_SPLINE_CURVE((1.,0.5,1.,0.5,
1.,0.5,1.)) REPRESENTATION_ITEM('') );
#7792 = CARTESIAN_POINT('',(-1.286080725937,-1.592316270501));
#7793 = CARTESIAN_POINT('',(-1.11239622313,-1.54428492181));
#7794 = CARTESIAN_POINT('',(-1.157642106389,-1.718715787829));
#7795 = CARTESIAN_POINT('',(-1.202887989648,-1.893146653848));
#7796 = CARTESIAN_POINT('',(-1.331326609196,-1.76674713652));
#7797 = CARTESIAN_POINT('',(-1.459765228743,-1.640347619191));
#7798 = CARTESIAN_POINT('',(-1.286080725937,-1.592316270501));
#7799 = ( GEOMETRIC_REPRESENTATION_CONTEXT(2) 
PARAMETRIC_REPRESENTATION_CONTEXT() REPRESENTATION_CONTEXT('2D SPACE',''
  ) );
#7800 = ORIENTED_EDGE('',*,*,#7716,.F.);
#7801 = ORIENTED_EDGE('',*,*,#7802,.T.);
#7802 = EDGE_CURVE('',#7643,#7746,#7803,.T.);
#7803 = SURFACE_CURVE('',#7804,(#7809,#7816),.PCURVE_S1.);
#7804 = CIRCLE('',#7805,0.10404056416);
#7805 = AXIS2_PLACEMENT_3D('',#7806,#7807,#7808);
#7806 = CARTESIAN_POINT('',(-1.269063136523,-0.141724660031,3.8000001));
#7807 = DIRECTION('',(5.59322692936E-17,-1.304458889713E-17,-1.));
#7808 = DIRECTION('',(2.840810785286E-02,-0.999596408261,
    1.462825414736E-17));
#7809 = PCURVE('',#7730,#7810);
#7810 = DEFINITIONAL_REPRESENTATION('',(#7811),#7815);
#7811 = LINE('',#7812,#7813);
#7812 = CARTESIAN_POINT('',(0.,0.41));
#7813 = VECTOR('',#7814,1.);
#7814 = DIRECTION('',(1.,0.));
#7815 = ( GEOMETRIC_REPRESENTATION_CONTEXT(2) 
PARAMETRIC_REPRESENTATION_CONTEXT() REPRESENTATION_CONTEXT('2D SPACE',''
  ) );
#7816 = PCURVE('',#880,#7817);
#7817 = DEFINITIONAL_REPRESENTATION('',(#7818),#7826);
#7818 = ( BOUNDED_CURVE() B_SPLINE_CURVE(2,(#7819,#7820,#7821,#7822,
#7823,#7824,#7825),.UNSPECIFIED.,.T.,.F.) B_SPLINE_CURVE_WITH_KNOTS((1,2
    ,2,2,2,1),(-2.094395102393,0.,2.094395102393,4.188790204786,
6.28318530718,8.377580409573),.UNSPECIFIED.) CURVE() 
GEOMETRIC_REPRESENTATION_ITEM() RATIONAL_B_SPLINE_CURVE((1.,0.5,1.,0.5,
1.,0.5,1.)) REPRESENTATION_ITEM('') );
#7819 = CARTESIAN_POINT('',(1.286080725937,-0.389766270501));
#7820 = CARTESIAN_POINT('',(1.459765228743,-0.437797619191));
#7821 = CARTESIAN_POINT('',(1.331326609196,-0.56419713652));
#7822 = CARTESIAN_POINT('',(1.202887989648,-0.690596653848));
#7823 = CARTESIAN_POINT('',(1.157642106389,-0.516165787829));
#7824 = CARTESIAN_POINT('',(1.11239622313,-0.34173492181));
#7825 = CARTESIAN_POINT('',(1.286080725937,-0.389766270501));
#7826 = ( GEOMETRIC_REPRESENTATION_CONTEXT(2) 
PARAMETRIC_REPRESENTATION_CONTEXT() REPRESENTATION_CONTEXT('2D SPACE',''
  ) );
#7827 = ADVANCED_FACE('',(#7828),#7763,.F.);
#7828 = FACE_BOUND('',#7829,.T.);
#7829 = EDGE_LOOP('',(#7830,#7853,#7854,#7877));
#7830 = ORIENTED_EDGE('',*,*,#7831,.F.);
#7831 = EDGE_CURVE('',#7746,#7832,#7834,.T.);
#7832 = VERTEX_POINT('',#7833);
#7833 = CARTESIAN_POINT('',(-1.333207682694,-0.260097001974,3.8000001));
#7834 = SURFACE_CURVE('',#7835,(#7839,#7846),.PCURVE_S1.);
#7835 = LINE('',#7836,#7837);
#7836 = CARTESIAN_POINT('',(-0.609387618071,-0.120124516459,3.8000001));
#7837 = VECTOR('',#7838,1.);
#7838 = DIRECTION('',(-0.981810639682,-0.189862760455,
    -5.569810045934E-17));
#7839 = PCURVE('',#7763,#7840);
#7840 = DEFINITIONAL_REPRESENTATION('',(#7841),#7845);
#7841 = LINE('',#7842,#7843);
#7842 = CARTESIAN_POINT('',(-0.651777505639,0.41));
#7843 = VECTOR('',#7844,1.);
#7844 = DIRECTION('',(1.,-5.418400275652E-34));
#7845 = ( GEOMETRIC_REPRESENTATION_CONTEXT(2) 
PARAMETRIC_REPRESENTATION_CONTEXT() REPRESENTATION_CONTEXT('2D SPACE',''
  ) );
#7846 = PCURVE('',#880,#7847);
#7847 = DEFINITIONAL_REPRESENTATION('',(#7848),#7852);
#7848 = LINE('',#7849,#7850);
#7849 = CARTESIAN_POINT('',(0.621443911198,-0.316869085881));
#7850 = VECTOR('',#7851,1.);
#7851 = DIRECTION('',(0.994260613689,-0.106985195554));
#7852 = ( GEOMETRIC_REPRESENTATION_CONTEXT(2) 
PARAMETRIC_REPRESENTATION_CONTEXT() REPRESENTATION_CONTEXT('2D SPACE',''
  ) );
#7853 = ORIENTED_EDGE('',*,*,#7745,.T.);
#7854 = ORIENTED_EDGE('',*,*,#7855,.F.);
#7855 = EDGE_CURVE('',#7856,#7748,#7858,.T.);
#7856 = VERTEX_POINT('',#7857);
#7857 = CARTESIAN_POINT('',(-1.333207682694,-0.260097001974,3.3000001));
#7858 = SURFACE_CURVE('',#7859,(#7863,#7870),.PCURVE_S1.);
#7859 = LINE('',#7860,#7861);
#7860 = CARTESIAN_POINT('',(-0.546230171117,-0.107911115282,3.3000001));
#7861 = VECTOR('',#7862,1.);
#7862 = DIRECTION('',(0.981810639682,0.189862760455,5.569810045934E-17)
  );
#7863 = PCURVE('',#7763,#7864);
#7864 = DEFINITIONAL_REPRESENTATION('',(#7865),#7869);
#7865 = LINE('',#7866,#7867);
#7866 = CARTESIAN_POINT('',(-0.716105029095,0.91));
#7867 = VECTOR('',#7868,1.);
#7868 = DIRECTION('',(-1.,5.418400275652E-34));
#7869 = ( GEOMETRIC_REPRESENTATION_CONTEXT(2) 
PARAMETRIC_REPRESENTATION_CONTEXT() REPRESENTATION_CONTEXT('2D SPACE',''
  ) );
#7870 = PCURVE('',#977,#7871);
#7871 = DEFINITIONAL_REPRESENTATION('',(#7872),#7876);
#7872 = LINE('',#7873,#7874);
#7873 = CARTESIAN_POINT('',(-0.557485588249,-1.512536993205));
#7874 = VECTOR('',#7875,1.);
#7875 = DIRECTION('',(0.994260613689,0.106985195554));
#7876 = ( GEOMETRIC_REPRESENTATION_CONTEXT(2) 
PARAMETRIC_REPRESENTATION_CONTEXT() REPRESENTATION_CONTEXT('2D SPACE',''
  ) );
#7877 = ORIENTED_EDGE('',*,*,#7878,.F.);
#7878 = EDGE_CURVE('',#7832,#7856,#7879,.T.);
#7879 = SURFACE_CURVE('',#7880,(#7884,#7891),.PCURVE_S1.);
#7880 = LINE('',#7881,#7882);
#7881 = CARTESIAN_POINT('',(-1.333207682694,-0.260097001974,4.2100001));
#7882 = VECTOR('',#7883,1.);
#7883 = DIRECTION('',(5.551115123126E-17,9.84654534872E-19,-1.));
#7884 = PCURVE('',#7763,#7885);
#7885 = DEFINITIONAL_REPRESENTATION('',(#7886),#7890);
#7886 = LINE('',#7887,#7888);
#7887 = CARTESIAN_POINT('',(8.545229751108E-02,1.734723475977E-17));
#7888 = VECTOR('',#7889,1.);
#7889 = DIRECTION('',(1.293474204787E-18,1.));
#7890 = ( GEOMETRIC_REPRESENTATION_CONTEXT(2) 
PARAMETRIC_REPRESENTATION_CONTEXT() REPRESENTATION_CONTEXT('2D SPACE',''
  ) );
#7891 = PCURVE('',#7892,#7897);
#7892 = CYLINDRICAL_SURFACE('',#7893,9.35E-02);
#7893 = AXIS2_PLACEMENT_3D('',#7894,#7895,#7896);
#7894 = CARTESIAN_POINT('',(-1.315455514592,-0.351896296785,4.2100001));
#7895 = DIRECTION('',(5.551115123126E-17,9.84654534872E-19,-1.));
#7896 = DIRECTION('',(-0.992156237058,0.125004005001,-5.538806547086E-17
    ));
#7897 = DEFINITIONAL_REPRESENTATION('',(#7898),#7902);
#7898 = LINE('',#7899,#7900);
#7899 = CARTESIAN_POINT('',(1.254442096415,0.));
#7900 = VECTOR('',#7901,1.);
#7901 = DIRECTION('',(0.,1.));
#7902 = ( GEOMETRIC_REPRESENTATION_CONTEXT(2) 
PARAMETRIC_REPRESENTATION_CONTEXT() REPRESENTATION_CONTEXT('2D SPACE',''
  ) );
#7903 = ADVANCED_FACE('',(#7904),#7892,.T.);
#7904 = FACE_BOUND('',#7905,.T.);
#7905 = EDGE_LOOP('',(#7906,#7930,#7931,#7955));
#7906 = ORIENTED_EDGE('',*,*,#7907,.F.);
#7907 = EDGE_CURVE('',#7832,#7908,#7910,.T.);
#7908 = VERTEX_POINT('',#7909);
#7909 = CARTESIAN_POINT('',(-1.408222122757,-0.340208422317,3.8000001));
#7910 = SURFACE_CURVE('',#7911,(#7916,#7923),.PCURVE_S1.);
#7911 = CIRCLE('',#7912,9.35E-02);
#7912 = AXIS2_PLACEMENT_3D('',#7913,#7914,#7915);
#7913 = CARTESIAN_POINT('',(-1.315455514592,-0.351896296785,3.8000001));
#7914 = DIRECTION('',(-5.681051397691E-17,-7.814472038849E-18,1.));
#7915 = DIRECTION('',(-0.992156237058,0.125004005001,-5.538806547086E-17
    ));
#7916 = PCURVE('',#7892,#7917);
#7917 = DEFINITIONAL_REPRESENTATION('',(#7918),#7922);
#7918 = LINE('',#7919,#7920);
#7919 = CARTESIAN_POINT('',(6.28318530718,0.41));
#7920 = VECTOR('',#7921,1.);
#7921 = DIRECTION('',(-1.,0.));
#7922 = ( GEOMETRIC_REPRESENTATION_CONTEXT(2) 
PARAMETRIC_REPRESENTATION_CONTEXT() REPRESENTATION_CONTEXT('2D SPACE',''
  ) );
#7923 = PCURVE('',#880,#7924);
#7924 = DEFINITIONAL_REPRESENTATION('',(#7925),#7929);
#7925 = CIRCLE('',#7926,9.35E-02);
#7926 = AXIS2_PLACEMENT_2D('',#7927,#7928);
#7927 = CARTESIAN_POINT('',(1.364445583491,-0.30277839316));
#7928 = DIRECTION('',(0.91163787045,-0.410994395536));
#7929 = ( GEOMETRIC_REPRESENTATION_CONTEXT(2) 
PARAMETRIC_REPRESENTATION_CONTEXT() REPRESENTATION_CONTEXT('2D SPACE',''
  ) );
#7930 = ORIENTED_EDGE('',*,*,#7878,.T.);
#7931 = ORIENTED_EDGE('',*,*,#7932,.F.);
#7932 = EDGE_CURVE('',#7933,#7856,#7935,.T.);
#7933 = VERTEX_POINT('',#7934);
#7934 = CARTESIAN_POINT('',(-1.408222122757,-0.340208422317,3.3000001));
#7935 = SURFACE_CURVE('',#7936,(#7941,#7948),.PCURVE_S1.);
#7936 = CIRCLE('',#7937,9.35E-02);
#7937 = AXIS2_PLACEMENT_3D('',#7938,#7939,#7940);
#7938 = CARTESIAN_POINT('',(-1.315455514592,-0.351896296785,3.3000001));
#7939 = DIRECTION('',(5.681051397691E-17,7.814472038849E-18,-1.));
#7940 = DIRECTION('',(-0.992156237058,0.125004005001,-5.538806547086E-17
    ));
#7941 = PCURVE('',#7892,#7942);
#7942 = DEFINITIONAL_REPRESENTATION('',(#7943),#7947);
#7943 = LINE('',#7944,#7945);
#7944 = CARTESIAN_POINT('',(0.,0.91));
#7945 = VECTOR('',#7946,1.);
#7946 = DIRECTION('',(1.,0.));
#7947 = ( GEOMETRIC_REPRESENTATION_CONTEXT(2) 
PARAMETRIC_REPRESENTATION_CONTEXT() REPRESENTATION_CONTEXT('2D SPACE',''
  ) );
#7948 = PCURVE('',#977,#7949);
#7949 = DEFINITIONAL_REPRESENTATION('',(#7950),#7954);
#7950 = CIRCLE('',#7951,9.35E-02);
#7951 = AXIS2_PLACEMENT_2D('',#7952,#7953);
#7952 = CARTESIAN_POINT('',(-1.364445583491,-1.50532839316));
#7953 = DIRECTION('',(-0.91163787045,-0.410994395536));
#7954 = ( GEOMETRIC_REPRESENTATION_CONTEXT(2) 
PARAMETRIC_REPRESENTATION_CONTEXT() REPRESENTATION_CONTEXT('2D SPACE',''
  ) );
#7955 = ORIENTED_EDGE('',*,*,#7956,.F.);
#7956 = EDGE_CURVE('',#7908,#7933,#7957,.T.);
#7957 = SURFACE_CURVE('',#7958,(#7962,#7969),.PCURVE_S1.);
#7958 = LINE('',#7959,#7960);
#7959 = CARTESIAN_POINT('',(-1.408222122757,-0.340208422317,4.2100001));
#7960 = VECTOR('',#7961,1.);
#7961 = DIRECTION('',(5.551115123126E-17,9.84654534872E-19,-1.));
#7962 = PCURVE('',#7892,#7963);
#7963 = DEFINITIONAL_REPRESENTATION('',(#7964),#7968);
#7964 = LINE('',#7965,#7966);
#7965 = CARTESIAN_POINT('',(0.,0.));
#7966 = VECTOR('',#7967,1.);
#7967 = DIRECTION('',(0.,1.));
#7968 = ( GEOMETRIC_REPRESENTATION_CONTEXT(2) 
PARAMETRIC_REPRESENTATION_CONTEXT() REPRESENTATION_CONTEXT('2D SPACE',''
  ) );
#7969 = PCURVE('',#7970,#7975);
#7970 = CYLINDRICAL_SURFACE('',#7971,9.35E-02);
#7971 = AXIS2_PLACEMENT_3D('',#7972,#7973,#7974);
#7972 = CARTESIAN_POINT('',(-1.330847595901,-0.287716207715,4.2100001));
#7973 = DIRECTION('',(5.551115123126E-17,9.84654534872E-19,-1.));
#7974 = DIRECTION('',(0.276105132887,-0.96112743983,-9.463784922182E-19)
  );
#7975 = DEFINITIONAL_REPRESENTATION('',(#7976),#7980);
#7976 = LINE('',#7977,#7978);
#7977 = CARTESIAN_POINT('',(1.254442096415,0.));
#7978 = VECTOR('',#7979,1.);
#7979 = DIRECTION('',(0.,1.));
#7980 = ( GEOMETRIC_REPRESENTATION_CONTEXT(2) 
PARAMETRIC_REPRESENTATION_CONTEXT() REPRESENTATION_CONTEXT('2D SPACE',''
  ) );
#7981 = ADVANCED_FACE('',(#7982),#7576,.T.);
#7982 = FACE_BOUND('',#7983,.T.);
#7983 = EDGE_LOOP('',(#7984,#8006,#8007,#8029));
#7984 = ORIENTED_EDGE('',*,*,#7985,.F.);
#7985 = EDGE_CURVE('',#7514,#7641,#7986,.T.);
#7986 = SURFACE_CURVE('',#7987,(#7992,#7999),.PCURVE_S1.);
#7987 = CIRCLE('',#7988,9.35E-02);
#7988 = AXIS2_PLACEMENT_3D('',#7989,#7990,#7991);
#7989 = CARTESIAN_POINT('',(-1.360092699845,5.330864030489E-02,3.8000001
    ));
#7990 = DIRECTION('',(-5.55873078124E-17,9.06425405739E-19,1.));
#7991 = DIRECTION('',(2.840810785286E-02,-0.999596408261,
    2.485189815518E-18));
#7992 = PCURVE('',#7576,#7993);
#7993 = DEFINITIONAL_REPRESENTATION('',(#7994),#7998);
#7994 = LINE('',#7995,#7996);
#7995 = CARTESIAN_POINT('',(6.28318530718,0.41));
#7996 = VECTOR('',#7997,1.);
#7997 = DIRECTION('',(-1.,0.));
#7998 = ( GEOMETRIC_REPRESENTATION_CONTEXT(2) 
PARAMETRIC_REPRESENTATION_CONTEXT() REPRESENTATION_CONTEXT('2D SPACE',''
  ) );
#7999 = PCURVE('',#880,#8000);
#8000 = DEFINITIONAL_REPRESENTATION('',(#8001),#8005);
#8001 = CIRCLE('',#8002,9.35E-02);
#8002 = AXIS2_PLACEMENT_2D('',#8003,#8004);
#8003 = CARTESIAN_POINT('',(1.288058442178,-0.703213811162));
#8004 = DIRECTION('',(0.266539424502,0.96382401671));
#8005 = ( GEOMETRIC_REPRESENTATION_CONTEXT(2) 
PARAMETRIC_REPRESENTATION_CONTEXT() REPRESENTATION_CONTEXT('2D SPACE',''
  ) );
#8006 = ORIENTED_EDGE('',*,*,#7562,.T.);
#8007 = ORIENTED_EDGE('',*,*,#8008,.F.);
#8008 = EDGE_CURVE('',#7671,#7539,#8009,.T.);
#8009 = SURFACE_CURVE('',#8010,(#8015,#8022),.PCURVE_S1.);
#8010 = CIRCLE('',#8011,9.35E-02);
#8011 = AXIS2_PLACEMENT_3D('',#8012,#8013,#8014);
#8012 = CARTESIAN_POINT('',(-1.360092699845,5.330864030489E-02,3.3000001
    ));
#8013 = DIRECTION('',(5.55873078124E-17,-9.06425405739E-19,-1.));
#8014 = DIRECTION('',(2.840810785286E-02,-0.999596408261,
    2.485189815518E-18));
#8015 = PCURVE('',#7576,#8016);
#8016 = DEFINITIONAL_REPRESENTATION('',(#8017),#8021);
#8017 = LINE('',#8018,#8019);
#8018 = CARTESIAN_POINT('',(0.,0.91));
#8019 = VECTOR('',#8020,1.);
#8020 = DIRECTION('',(1.,0.));
#8021 = ( GEOMETRIC_REPRESENTATION_CONTEXT(2) 
PARAMETRIC_REPRESENTATION_CONTEXT() REPRESENTATION_CONTEXT('2D SPACE',''
  ) );
#8022 = PCURVE('',#977,#8023);
#8023 = DEFINITIONAL_REPRESENTATION('',(#8024),#8028);
#8024 = CIRCLE('',#8025,9.35E-02);
#8025 = AXIS2_PLACEMENT_2D('',#8026,#8027);
#8026 = CARTESIAN_POINT('',(-1.288058442178,-1.905763811162));
#8027 = DIRECTION('',(-0.266539424502,0.96382401671));
#8028 = ( GEOMETRIC_REPRESENTATION_CONTEXT(2) 
PARAMETRIC_REPRESENTATION_CONTEXT() REPRESENTATION_CONTEXT('2D SPACE',''
  ) );
#8029 = ORIENTED_EDGE('',*,*,#7670,.F.);
#8030 = ADVANCED_FACE('',(#8031),#8045,.F.);
#8031 = FACE_BOUND('',#8032,.T.);
#8032 = EDGE_LOOP('',(#8033,#8063,#8086,#8109));
#8033 = ORIENTED_EDGE('',*,*,#8034,.F.);
#8034 = EDGE_CURVE('',#8035,#8037,#8039,.T.);
#8035 = VERTEX_POINT('',#8036);
#8036 = CARTESIAN_POINT('',(-1.305031765976,-0.377581623339,3.8000001));
#8037 = VERTEX_POINT('',#8038);
#8038 = CARTESIAN_POINT('',(-1.222901218042,-0.353987805379,3.8000001));
#8039 = SURFACE_CURVE('',#8040,(#8044,#8056),.PCURVE_S1.);
#8040 = LINE('',#8041,#8042);
#8041 = CARTESIAN_POINT('',(-0.648159266774,-0.188880457224,3.8000001));
#8042 = VECTOR('',#8043,1.);
#8043 = DIRECTION('',(0.96112743983,0.276105132887,1.112941706337E-16));
#8044 = PCURVE('',#8045,#8050);
#8045 = PLANE('',#8046);
#8046 = AXIS2_PLACEMENT_3D('',#8047,#8048,#8049);
#8047 = CARTESIAN_POINT('',(-1.305031765976,-0.377581623339,4.2100001));
#8048 = DIRECTION('',(-0.276105132887,0.96112743983,-1.29314093156E-17)
  );
#8049 = DIRECTION('',(0.96112743983,0.276105132887,1.112941706337E-16));
#8050 = DEFINITIONAL_REPRESENTATION('',(#8051),#8055);
#8051 = LINE('',#8052,#8053);
#8052 = CARTESIAN_POINT('',(0.683439543998,0.41));
#8053 = VECTOR('',#8054,1.);
#8054 = DIRECTION('',(1.,-5.551115123126E-17));
#8055 = ( GEOMETRIC_REPRESENTATION_CONTEXT(2) 
PARAMETRIC_REPRESENTATION_CONTEXT() REPRESENTATION_CONTEXT('2D SPACE',''
  ) );
#8056 = PCURVE('',#880,#8057);
#8057 = DEFINITIONAL_REPRESENTATION('',(#8058),#8062);
#8058 = LINE('',#8059,#8060);
#8059 = CARTESIAN_POINT('',(0.678705640143,-0.262539402173));
#8060 = VECTOR('',#8061,1.);
#8061 = DIRECTION('',(-0.999829372281,1.847231238719E-02));
#8062 = ( GEOMETRIC_REPRESENTATION_CONTEXT(2) 
PARAMETRIC_REPRESENTATION_CONTEXT() REPRESENTATION_CONTEXT('2D SPACE',''
  ) );
#8063 = ORIENTED_EDGE('',*,*,#8064,.T.);
#8064 = EDGE_CURVE('',#8035,#8065,#8067,.T.);
#8065 = VERTEX_POINT('',#8066);
#8066 = CARTESIAN_POINT('',(-1.305031765976,-0.377581623339,3.3000001));
#8067 = SURFACE_CURVE('',#8068,(#8072,#8079),.PCURVE_S1.);
#8068 = LINE('',#8069,#8070);
#8069 = CARTESIAN_POINT('',(-1.305031765976,-0.377581623339,4.2100001));
#8070 = VECTOR('',#8071,1.);
#8071 = DIRECTION('',(5.551115123126E-17,9.84654534872E-19,-1.));
#8072 = PCURVE('',#8045,#8073);
#8073 = DEFINITIONAL_REPRESENTATION('',(#8074),#8078);
#8074 = LINE('',#8075,#8076);
#8075 = CARTESIAN_POINT('',(0.,0.));
#8076 = VECTOR('',#8077,1.);
#8077 = DIRECTION('',(-5.551115123126E-17,1.));
#8078 = ( GEOMETRIC_REPRESENTATION_CONTEXT(2) 
PARAMETRIC_REPRESENTATION_CONTEXT() REPRESENTATION_CONTEXT('2D SPACE',''
  ) );
#8079 = PCURVE('',#7970,#8080);
#8080 = DEFINITIONAL_REPRESENTATION('',(#8081),#8085);
#8081 = LINE('',#8082,#8083);
#8082 = CARTESIAN_POINT('',(0.,0.));
#8083 = VECTOR('',#8084,1.);
#8084 = DIRECTION('',(0.,1.));
#8085 = ( GEOMETRIC_REPRESENTATION_CONTEXT(2) 
PARAMETRIC_REPRESENTATION_CONTEXT() REPRESENTATION_CONTEXT('2D SPACE',''
  ) );
#8086 = ORIENTED_EDGE('',*,*,#8087,.F.);
#8087 = EDGE_CURVE('',#8088,#8065,#8090,.T.);
#8088 = VERTEX_POINT('',#8089);
#8089 = CARTESIAN_POINT('',(-1.222901218042,-0.353987805379,3.3000001));
#8090 = SURFACE_CURVE('',#8091,(#8095,#8102),.PCURVE_S1.);
#8091 = LINE('',#8092,#8093);
#8092 = CARTESIAN_POINT('',(-0.637484082323,-0.185813774181,3.3000001));
#8093 = VECTOR('',#8094,1.);
#8094 = DIRECTION('',(-0.96112743983,-0.276105132887,-1.112941706337E-16
    ));
#8095 = PCURVE('',#8045,#8096);
#8096 = DEFINITIONAL_REPRESENTATION('',(#8097),#8101);
#8097 = LINE('',#8098,#8099);
#8098 = CARTESIAN_POINT('',(0.694546483629,0.91));
#8099 = VECTOR('',#8100,1.);
#8100 = DIRECTION('',(-1.,5.551115123126E-17));
#8101 = ( GEOMETRIC_REPRESENTATION_CONTEXT(2) 
PARAMETRIC_REPRESENTATION_CONTEXT() REPRESENTATION_CONTEXT('2D SPACE',''
  ) );
#8102 = PCURVE('',#977,#8103);
#8103 = DEFINITIONAL_REPRESENTATION('',(#8104),#8108);
#8104 = LINE('',#8105,#8106);
#8105 = CARTESIAN_POINT('',(-0.667600595664,-1.464884231315));
#8106 = VECTOR('',#8107,1.);
#8107 = DIRECTION('',(-0.999829372281,-1.847231238719E-02));
#8108 = ( GEOMETRIC_REPRESENTATION_CONTEXT(2) 
PARAMETRIC_REPRESENTATION_CONTEXT() REPRESENTATION_CONTEXT('2D SPACE',''
  ) );
#8109 = ORIENTED_EDGE('',*,*,#8110,.F.);
#8110 = EDGE_CURVE('',#8037,#8088,#8111,.T.);
#8111 = SURFACE_CURVE('',#8112,(#8116,#8123),.PCURVE_S1.);
#8112 = LINE('',#8113,#8114);
#8113 = CARTESIAN_POINT('',(-1.222901218042,-0.353987805379,4.2100001));
#8114 = VECTOR('',#8115,1.);
#8115 = DIRECTION('',(5.551115123126E-17,9.84654534872E-19,-1.));
#8116 = PCURVE('',#8045,#8117);
#8117 = DEFINITIONAL_REPRESENTATION('',(#8118),#8122);
#8118 = LINE('',#8119,#8120);
#8119 = CARTESIAN_POINT('',(8.545229751107E-02,-1.040834085586E-17));
#8120 = VECTOR('',#8121,1.);
#8121 = DIRECTION('',(-5.551115123126E-17,1.));
#8122 = ( GEOMETRIC_REPRESENTATION_CONTEXT(2) 
PARAMETRIC_REPRESENTATION_CONTEXT() REPRESENTATION_CONTEXT('2D SPACE',''
  ) );
#8123 = PCURVE('',#8124,#8129);
#8124 = CYLINDRICAL_SURFACE('',#8125,0.10404056416);
#8125 = AXIS2_PLACEMENT_3D('',#8126,#8127,#8128);
#8126 = CARTESIAN_POINT('',(-1.194175084249,-0.453984046449,4.2100001));
#8127 = DIRECTION('',(5.551115123126E-17,9.84654534872E-19,-1.));
#8128 = DIRECTION('',(0.276105132887,-0.96112743983,1.29314093156E-17));
#8129 = DEFINITIONAL_REPRESENTATION('',(#8130),#8134);
#8130 = LINE('',#8131,#8132);
#8131 = CARTESIAN_POINT('',(3.14159265359,0.));
#8132 = VECTOR('',#8133,1.);
#8133 = DIRECTION('',(0.,1.));
#8134 = ( GEOMETRIC_REPRESENTATION_CONTEXT(2) 
PARAMETRIC_REPRESENTATION_CONTEXT() REPRESENTATION_CONTEXT('2D SPACE',''
  ) );
#8135 = ADVANCED_FACE('',(#8136),#8124,.F.);
#8136 = FACE_BOUND('',#8137,.F.);
#8137 = EDGE_LOOP('',(#8138,#8168,#8194,#8195));
#8138 = ORIENTED_EDGE('',*,*,#8139,.T.);
#8139 = EDGE_CURVE('',#8140,#8142,#8144,.T.);
#8140 = VERTEX_POINT('',#8141);
#8141 = CARTESIAN_POINT('',(-1.149639038192,-0.548010529912,3.8000001));
#8142 = VERTEX_POINT('',#8143);
#8143 = CARTESIAN_POINT('',(-1.149639038192,-0.548010529912,3.3000001));
#8144 = SURFACE_CURVE('',#8145,(#8149,#8156),.PCURVE_S1.);
#8145 = LINE('',#8146,#8147);
#8146 = CARTESIAN_POINT('',(-1.149639038192,-0.548010529912,4.2100001));
#8147 = VECTOR('',#8148,1.);
#8148 = DIRECTION('',(5.551115123126E-17,9.84654534872E-19,-1.));
#8149 = PCURVE('',#8124,#8150);
#8150 = DEFINITIONAL_REPRESENTATION('',(#8151),#8155);
#8151 = LINE('',#8152,#8153);
#8152 = CARTESIAN_POINT('',(6.120574874859,0.));
#8153 = VECTOR('',#8154,1.);
#8154 = DIRECTION('',(0.,1.));
#8155 = ( GEOMETRIC_REPRESENTATION_CONTEXT(2) 
PARAMETRIC_REPRESENTATION_CONTEXT() REPRESENTATION_CONTEXT('2D SPACE',''
  ) );
#8156 = PCURVE('',#8157,#8162);
#8157 = PLANE('',#8158);
#8158 = AXIS2_PLACEMENT_3D('',#8159,#8160,#8161);
#8159 = CARTESIAN_POINT('',(-1.149639038192,-0.548010529912,4.2100001));
#8160 = DIRECTION('',(0.428064249902,-0.903748304538,4.0743483557E-17));
#8161 = DIRECTION('',(-0.903748304538,-0.428064249902,
    -5.593264663614E-17));
#8162 = DEFINITIONAL_REPRESENTATION('',(#8163),#8167);
#8163 = LINE('',#8164,#8165);
#8164 = CARTESIAN_POINT('',(-0.,0.));
#8165 = VECTOR('',#8166,1.);
#8166 = DIRECTION('',(5.368793466497E-18,1.));
#8167 = ( GEOMETRIC_REPRESENTATION_CONTEXT(2) 
PARAMETRIC_REPRESENTATION_CONTEXT() REPRESENTATION_CONTEXT('2D SPACE',''
  ) );
#8168 = ORIENTED_EDGE('',*,*,#8169,.T.);
#8169 = EDGE_CURVE('',#8142,#8088,#8170,.T.);
#8170 = SURFACE_CURVE('',#8171,(#8176,#8183),.PCURVE_S1.);
#8171 = CIRCLE('',#8172,0.10404056416);
#8172 = AXIS2_PLACEMENT_3D('',#8173,#8174,#8175);
#8173 = CARTESIAN_POINT('',(-1.194175084249,-0.453984046449,3.3000001));
#8174 = DIRECTION('',(-5.718501911175E-17,-2.973245656043E-18,1.));
#8175 = DIRECTION('',(0.276105132887,-0.96112743983,1.29314093156E-17));
#8176 = PCURVE('',#8124,#8177);
#8177 = DEFINITIONAL_REPRESENTATION('',(#8178),#8182);
#8178 = LINE('',#8179,#8180);
#8179 = CARTESIAN_POINT('',(6.28318530718,0.91));
#8180 = VECTOR('',#8181,1.);
#8181 = DIRECTION('',(-1.,0.));
#8182 = ( GEOMETRIC_REPRESENTATION_CONTEXT(2) 
PARAMETRIC_REPRESENTATION_CONTEXT() REPRESENTATION_CONTEXT('2D SPACE',''
  ) );
#8183 = PCURVE('',#977,#8184);
#8184 = DEFINITIONAL_REPRESENTATION('',(#8185),#8193);
#8185 = ( BOUNDED_CURVE() B_SPLINE_CURVE(2,(#8186,#8187,#8188,#8189,
#8190,#8191,#8192),.UNSPECIFIED.,.T.,.F.) B_SPLINE_CURVE_WITH_KNOTS((1,2
    ,2,2,2,1),(-2.094395102393,0.,2.094395102393,4.188790204786,
6.28318530718,8.377580409573),.UNSPECIFIED.) CURVE() 
GEOMETRIC_REPRESENTATION_ITEM() RATIONAL_B_SPLINE_CURVE((1.,0.5,1.,0.5,
1.,0.5,1.)) REPRESENTATION_ITEM('') );
#8186 = CARTESIAN_POINT('',(-1.280434593034,-1.268089985483));
#8187 = CARTESIAN_POINT('',(-1.100261797581,-1.26476120934));
#8188 = CARTESIAN_POINT('',(-1.187465390605,-1.422459815345));
#8189 = CARTESIAN_POINT('',(-1.274668983628,-1.58015842135));
#8190 = CARTESIAN_POINT('',(-1.367638186058,-1.425788591487));
#8191 = CARTESIAN_POINT('',(-1.460607388488,-1.271418761625));
#8192 = CARTESIAN_POINT('',(-1.280434593034,-1.268089985483));
#8193 = ( GEOMETRIC_REPRESENTATION_CONTEXT(2) 
PARAMETRIC_REPRESENTATION_CONTEXT() REPRESENTATION_CONTEXT('2D SPACE',''
  ) );
#8194 = ORIENTED_EDGE('',*,*,#8110,.F.);
#8195 = ORIENTED_EDGE('',*,*,#8196,.T.);
#8196 = EDGE_CURVE('',#8037,#8140,#8197,.T.);
#8197 = SURFACE_CURVE('',#8198,(#8203,#8210),.PCURVE_S1.);
#8198 = CIRCLE('',#8199,0.10404056416);
#8199 = AXIS2_PLACEMENT_3D('',#8200,#8201,#8202);
#8200 = CARTESIAN_POINT('',(-1.194175084249,-0.453984046449,3.8000001));
#8201 = DIRECTION('',(5.718501911175E-17,2.973245656043E-18,-1.));
#8202 = DIRECTION('',(0.276105132887,-0.96112743983,1.29314093156E-17));
#8203 = PCURVE('',#8124,#8204);
#8204 = DEFINITIONAL_REPRESENTATION('',(#8205),#8209);
#8205 = LINE('',#8206,#8207);
#8206 = CARTESIAN_POINT('',(0.,0.41));
#8207 = VECTOR('',#8208,1.);
#8208 = DIRECTION('',(1.,0.));
#8209 = ( GEOMETRIC_REPRESENTATION_CONTEXT(2) 
PARAMETRIC_REPRESENTATION_CONTEXT() REPRESENTATION_CONTEXT('2D SPACE',''
  ) );
#8210 = PCURVE('',#880,#8211);
#8211 = DEFINITIONAL_REPRESENTATION('',(#8212),#8220);
#8212 = ( BOUNDED_CURVE() B_SPLINE_CURVE(2,(#8213,#8214,#8215,#8216,
#8217,#8218,#8219),.UNSPECIFIED.,.T.,.F.) B_SPLINE_CURVE_WITH_KNOTS((1,2
    ,2,2,2,1),(-2.094395102393,0.,2.094395102393,4.188790204786,
6.28318530718,8.377580409573),.UNSPECIFIED.) CURVE() 
GEOMETRIC_REPRESENTATION_ITEM() RATIONAL_B_SPLINE_CURVE((1.,0.5,1.,0.5,
1.,0.5,1.)) REPRESENTATION_ITEM('') );
#8213 = CARTESIAN_POINT('',(1.280434593034,-6.553998548263E-02));
#8214 = CARTESIAN_POINT('',(1.460607388488,-6.88687616254E-02));
#8215 = CARTESIAN_POINT('',(1.367638186058,-0.223238591487));
#8216 = CARTESIAN_POINT('',(1.274668983628,-0.37760842135));
#8217 = CARTESIAN_POINT('',(1.187465390605,-0.219909815345));
#8218 = CARTESIAN_POINT('',(1.100261797581,-6.221120933986E-02));
#8219 = CARTESIAN_POINT('',(1.280434593034,-6.553998548263E-02));
#8220 = ( GEOMETRIC_REPRESENTATION_CONTEXT(2) 
PARAMETRIC_REPRESENTATION_CONTEXT() REPRESENTATION_CONTEXT('2D SPACE',''
  ) );
#8221 = ADVANCED_FACE('',(#8222),#8157,.F.);
#8222 = FACE_BOUND('',#8223,.T.);
#8223 = EDGE_LOOP('',(#8224,#8247,#8248,#8271));
#8224 = ORIENTED_EDGE('',*,*,#8225,.F.);
#8225 = EDGE_CURVE('',#8140,#8226,#8228,.T.);
#8226 = VERTEX_POINT('',#8227);
#8227 = CARTESIAN_POINT('',(-1.226866407187,-0.584589603548,3.8000001));
#8228 = SURFACE_CURVE('',#8229,(#8233,#8240),.PCURVE_S1.);
#8229 = LINE('',#8230,#8231);
#8230 = CARTESIAN_POINT('',(-0.588908815131,-0.282418261438,3.8000001));
#8231 = VECTOR('',#8232,1.);
#8232 = DIRECTION('',(-0.903748304538,-0.428064249902,
    -5.593264663614E-17));
#8233 = PCURVE('',#8157,#8234);
#8234 = DEFINITIONAL_REPRESENTATION('',(#8235),#8239);
#8235 = LINE('',#8236,#8237);
#8236 = CARTESIAN_POINT('',(-0.620449543579,0.41));
#8237 = VECTOR('',#8238,1.);
#8238 = DIRECTION('',(1.,-1.221631584891E-33));
#8239 = ( GEOMETRIC_REPRESENTATION_CONTEXT(2) 
PARAMETRIC_REPRESENTATION_CONTEXT() REPRESENTATION_CONTEXT('2D SPACE',''
  ) );
#8240 = PCURVE('',#880,#8241);
#8241 = DEFINITIONAL_REPRESENTATION('',(#8242),#8246);
#8242 = LINE('',#8243,#8244);
#8243 = CARTESIAN_POINT('',(0.649552871519,-0.155721552922));
#8244 = VECTOR('',#8245,1.);
#8245 = DIRECTION('',(0.989630224403,0.143638500927));
#8246 = ( GEOMETRIC_REPRESENTATION_CONTEXT(2) 
PARAMETRIC_REPRESENTATION_CONTEXT() REPRESENTATION_CONTEXT('2D SPACE',''
  ) );
#8247 = ORIENTED_EDGE('',*,*,#8139,.T.);
#8248 = ORIENTED_EDGE('',*,*,#8249,.F.);
#8249 = EDGE_CURVE('',#8250,#8142,#8252,.T.);
#8250 = VERTEX_POINT('',#8251);
#8251 = CARTESIAN_POINT('',(-1.226866407187,-0.584589603548,3.3000001));
#8252 = SURFACE_CURVE('',#8253,(#8257,#8264),.PCURVE_S1.);
#8253 = LINE('',#8254,#8255);
#8254 = CARTESIAN_POINT('',(-0.66696215778,-0.319388561028,3.3000001));
#8255 = VECTOR('',#8256,1.);
#8256 = DIRECTION('',(0.903748304538,0.428064249902,5.593264663614E-17)
  );
#8257 = PCURVE('',#8157,#8258);
#8258 = DEFINITIONAL_REPRESENTATION('',(#8259),#8263);
#8259 = LINE('',#8260,#8261);
#8260 = CARTESIAN_POINT('',(-0.534083303934,0.91));
#8261 = VECTOR('',#8262,1.);
#8262 = DIRECTION('',(-1.,1.221631584891E-33));
#8263 = ( GEOMETRIC_REPRESENTATION_CONTEXT(2) 
PARAMETRIC_REPRESENTATION_CONTEXT() REPRESENTATION_CONTEXT('2D SPACE',''
  ) );
#8264 = PCURVE('',#977,#8265);
#8265 = DEFINITIONAL_REPRESENTATION('',(#8266),#8270);
#8266 = LINE('',#8267,#8268);
#8267 = CARTESIAN_POINT('',(-0.735023512639,-1.345866035729));
#8268 = VECTOR('',#8269,1.);
#8269 = DIRECTION('',(0.989630224403,-0.143638500927));
#8270 = ( GEOMETRIC_REPRESENTATION_CONTEXT(2) 
PARAMETRIC_REPRESENTATION_CONTEXT() REPRESENTATION_CONTEXT('2D SPACE',''
  ) );
#8271 = ORIENTED_EDGE('',*,*,#8272,.F.);
#8272 = EDGE_CURVE('',#8226,#8250,#8273,.T.);
#8273 = SURFACE_CURVE('',#8274,(#8278,#8285),.PCURVE_S1.);
#8274 = LINE('',#8275,#8276);
#8275 = CARTESIAN_POINT('',(-1.226866407187,-0.584589603548,4.2100001));
#8276 = VECTOR('',#8277,1.);
#8277 = DIRECTION('',(5.551115123126E-17,9.84654534872E-19,-1.));
#8278 = PCURVE('',#8157,#8279);
#8279 = DEFINITIONAL_REPRESENTATION('',(#8280),#8284);
#8280 = LINE('',#8281,#8282);
#8281 = CARTESIAN_POINT('',(8.545229751107E-02,-2.428612866368E-17));
#8282 = VECTOR('',#8283,1.);
#8283 = DIRECTION('',(5.368793466497E-18,1.));
#8284 = ( GEOMETRIC_REPRESENTATION_CONTEXT(2) 
PARAMETRIC_REPRESENTATION_CONTEXT() REPRESENTATION_CONTEXT('2D SPACE',''
  ) );
#8285 = PCURVE('',#8286,#8291);
#8286 = CYLINDRICAL_SURFACE('',#8287,9.35E-02);
#8287 = AXIS2_PLACEMENT_3D('',#8288,#8289,#8290);
#8288 = CARTESIAN_POINT('',(-1.186842399821,-0.669090070022,4.2100001));
#8289 = DIRECTION('',(5.551115123126E-17,9.84654534872E-19,-1.));
#8290 = DIRECTION('',(-0.992073056322,-0.125662448326,
    -5.563488533087E-17));
#8291 = DEFINITIONAL_REPRESENTATION('',(#8292),#8296);
#8292 = LINE('',#8293,#8294);
#8293 = CARTESIAN_POINT('',(1.254442096415,0.));
#8294 = VECTOR('',#8295,1.);
#8295 = DIRECTION('',(0.,1.));
#8296 = ( GEOMETRIC_REPRESENTATION_CONTEXT(2) 
PARAMETRIC_REPRESENTATION_CONTEXT() REPRESENTATION_CONTEXT('2D SPACE',''
  ) );
#8297 = ADVANCED_FACE('',(#8298),#8286,.T.);
#8298 = FACE_BOUND('',#8299,.T.);
#8299 = EDGE_LOOP('',(#8300,#8324,#8325,#8349));
#8300 = ORIENTED_EDGE('',*,*,#8301,.F.);
#8301 = EDGE_CURVE('',#8226,#8302,#8304,.T.);
#8302 = VERTEX_POINT('',#8303);
#8303 = CARTESIAN_POINT('',(-1.279601230587,-0.680839508941,3.8000001));
#8304 = SURFACE_CURVE('',#8305,(#8310,#8317),.PCURVE_S1.);
#8305 = CIRCLE('',#8306,9.35E-02);
#8306 = AXIS2_PLACEMENT_3D('',#8307,#8308,#8309);
#8307 = CARTESIAN_POINT('',(-1.186842399821,-0.669090070022,3.8000001));
#8308 = DIRECTION('',(-5.768699265189E-17,1.269134734023E-17,1.));
#8309 = DIRECTION('',(-0.992073056322,-0.125662448326,
    -5.563488533087E-17));
#8310 = PCURVE('',#8286,#8311);
#8311 = DEFINITIONAL_REPRESENTATION('',(#8312),#8316);
#8312 = LINE('',#8313,#8314);
#8313 = CARTESIAN_POINT('',(6.28318530718,0.41));
#8314 = VECTOR('',#8315,1.);
#8315 = DIRECTION('',(-1.,0.));
#8316 = ( GEOMETRIC_REPRESENTATION_CONTEXT(2) 
PARAMETRIC_REPRESENTATION_CONTEXT() REPRESENTATION_CONTEXT('2D SPACE',''
  ) );
#8317 = PCURVE('',#880,#8318);
#8318 = DEFINITIONAL_REPRESENTATION('',(#8319),#8323);
#8319 = CIRCLE('',#8320,9.35E-02);
#8320 = AXIS2_PLACEMENT_2D('',#8321,#8322);
#8321 = CARTESIAN_POINT('',(1.334704469086,3.820355531513E-02));
#8322 = DIRECTION('',(0.985207240216,-0.171367131697));
#8323 = ( GEOMETRIC_REPRESENTATION_CONTEXT(2) 
PARAMETRIC_REPRESENTATION_CONTEXT() REPRESENTATION_CONTEXT('2D SPACE',''
  ) );
#8324 = ORIENTED_EDGE('',*,*,#8272,.T.);
#8325 = ORIENTED_EDGE('',*,*,#8326,.F.);
#8326 = EDGE_CURVE('',#8327,#8250,#8329,.T.);
#8327 = VERTEX_POINT('',#8328);
#8328 = CARTESIAN_POINT('',(-1.279601230587,-0.680839508941,3.3000001));
#8329 = SURFACE_CURVE('',#8330,(#8335,#8342),.PCURVE_S1.);
#8330 = CIRCLE('',#8331,9.35E-02);
#8331 = AXIS2_PLACEMENT_3D('',#8332,#8333,#8334);
#8332 = CARTESIAN_POINT('',(-1.186842399821,-0.669090070022,3.3000001));
#8333 = DIRECTION('',(5.768699265189E-17,-1.269134734023E-17,-1.));
#8334 = DIRECTION('',(-0.992073056322,-0.125662448326,
    -5.563488533087E-17));
#8335 = PCURVE('',#8286,#8336);
#8336 = DEFINITIONAL_REPRESENTATION('',(#8337),#8341);
#8337 = LINE('',#8338,#8339);
#8338 = CARTESIAN_POINT('',(0.,0.91));
#8339 = VECTOR('',#8340,1.);
#8340 = DIRECTION('',(1.,0.));
#8341 = ( GEOMETRIC_REPRESENTATION_CONTEXT(2) 
PARAMETRIC_REPRESENTATION_CONTEXT() REPRESENTATION_CONTEXT('2D SPACE',''
  ) );
#8342 = PCURVE('',#977,#8343);
#8343 = DEFINITIONAL_REPRESENTATION('',(#8344),#8348);
#8344 = CIRCLE('',#8345,9.35E-02);
#8345 = AXIS2_PLACEMENT_2D('',#8346,#8347);
#8346 = CARTESIAN_POINT('',(-1.334704469086,-1.164346444685));
#8347 = DIRECTION('',(-0.985207240216,-0.171367131697));
#8348 = ( GEOMETRIC_REPRESENTATION_CONTEXT(2) 
PARAMETRIC_REPRESENTATION_CONTEXT() REPRESENTATION_CONTEXT('2D SPACE',''
  ) );
#8349 = ORIENTED_EDGE('',*,*,#8350,.F.);
#8350 = EDGE_CURVE('',#8302,#8327,#8351,.T.);
#8351 = SURFACE_CURVE('',#8352,(#8356,#8363),.PCURVE_S1.);
#8352 = LINE('',#8353,#8354);
#8353 = CARTESIAN_POINT('',(-1.279601230587,-0.680839508941,4.2100001));
#8354 = VECTOR('',#8355,1.);
#8355 = DIRECTION('',(5.551115123126E-17,9.84654534872E-19,-1.));
#8356 = PCURVE('',#8286,#8357);
#8357 = DEFINITIONAL_REPRESENTATION('',(#8358),#8362);
#8358 = LINE('',#8359,#8360);
#8359 = CARTESIAN_POINT('',(0.,0.));
#8360 = VECTOR('',#8361,1.);
#8361 = DIRECTION('',(0.,1.));
#8362 = ( GEOMETRIC_REPRESENTATION_CONTEXT(2) 
PARAMETRIC_REPRESENTATION_CONTEXT() REPRESENTATION_CONTEXT('2D SPACE',''
  ) );
#8363 = PCURVE('',#8364,#8369);
#8364 = CYLINDRICAL_SURFACE('',#8365,9.35E-02);
#8365 = AXIS2_PLACEMENT_3D('',#8366,#8367,#8368);
#8366 = CARTESIAN_POINT('',(-1.2177118497,-0.610754171434,4.2100001));
#8367 = DIRECTION('',(5.551115123126E-17,9.84654534872E-19,-1.));
#8368 = DIRECTION('',(0.506453456977,-0.862267299575,2.690654020883E-17)
  );
#8369 = DEFINITIONAL_REPRESENTATION('',(#8370),#8374);
#8370 = LINE('',#8371,#8372);
#8371 = CARTESIAN_POINT('',(1.254442096415,0.));
#8372 = VECTOR('',#8373,1.);
#8373 = DIRECTION('',(0.,1.));
#8374 = ( GEOMETRIC_REPRESENTATION_CONTEXT(2) 
PARAMETRIC_REPRESENTATION_CONTEXT() REPRESENTATION_CONTEXT('2D SPACE',''
  ) );
#8375 = ADVANCED_FACE('',(#8376),#7970,.T.);
#8376 = FACE_BOUND('',#8377,.T.);
#8377 = EDGE_LOOP('',(#8378,#8400,#8401,#8423));
#8378 = ORIENTED_EDGE('',*,*,#8379,.F.);
#8379 = EDGE_CURVE('',#7908,#8035,#8380,.T.);
#8380 = SURFACE_CURVE('',#8381,(#8386,#8393),.PCURVE_S1.);
#8381 = CIRCLE('',#8382,9.35E-02);
#8382 = AXIS2_PLACEMENT_3D('',#8383,#8384,#8385);
#8383 = CARTESIAN_POINT('',(-1.330847595901,-0.287716207715,3.8000001));
#8384 = DIRECTION('',(-5.33532906649E-17,-1.631156832227E-17,1.));
#8385 = DIRECTION('',(0.276105132887,-0.96112743983,-9.463784922182E-19)
  );
#8386 = PCURVE('',#7970,#8387);
#8387 = DEFINITIONAL_REPRESENTATION('',(#8388),#8392);
#8388 = LINE('',#8389,#8390);
#8389 = CARTESIAN_POINT('',(6.28318530718,0.41));
#8390 = VECTOR('',#8391,1.);
#8391 = DIRECTION('',(-1.,0.));
#8392 = ( GEOMETRIC_REPRESENTATION_CONTEXT(2) 
PARAMETRIC_REPRESENTATION_CONTEXT() REPRESENTATION_CONTEXT('2D SPACE',''
  ) );
#8393 = PCURVE('',#880,#8394);
#8394 = DEFINITIONAL_REPRESENTATION('',(#8395),#8399);
#8395 = CIRCLE('',#8396,9.35E-02);
#8396 = AXIS2_PLACEMENT_2D('',#8397,#8398);
#8397 = CARTESIAN_POINT('',(1.360301409202,-0.368648157236));
#8398 = DIRECTION('',(1.847231238719E-02,0.999829372281));
#8399 = ( GEOMETRIC_REPRESENTATION_CONTEXT(2) 
PARAMETRIC_REPRESENTATION_CONTEXT() REPRESENTATION_CONTEXT('2D SPACE',''
  ) );
#8400 = ORIENTED_EDGE('',*,*,#7956,.T.);
#8401 = ORIENTED_EDGE('',*,*,#8402,.F.);
#8402 = EDGE_CURVE('',#8065,#7933,#8403,.T.);
#8403 = SURFACE_CURVE('',#8404,(#8409,#8416),.PCURVE_S1.);
#8404 = CIRCLE('',#8405,9.35E-02);
#8405 = AXIS2_PLACEMENT_3D('',#8406,#8407,#8408);
#8406 = CARTESIAN_POINT('',(-1.330847595901,-0.287716207715,3.3000001));
#8407 = DIRECTION('',(5.33532906649E-17,1.631156832227E-17,-1.));
#8408 = DIRECTION('',(0.276105132887,-0.96112743983,-9.463784922182E-19)
  );
#8409 = PCURVE('',#7970,#8410);
#8410 = DEFINITIONAL_REPRESENTATION('',(#8411),#8415);
#8411 = LINE('',#8412,#8413);
#8412 = CARTESIAN_POINT('',(0.,0.91));
#8413 = VECTOR('',#8414,1.);
#8414 = DIRECTION('',(1.,0.));
#8415 = ( GEOMETRIC_REPRESENTATION_CONTEXT(2) 
PARAMETRIC_REPRESENTATION_CONTEXT() REPRESENTATION_CONTEXT('2D SPACE',''
  ) );
#8416 = PCURVE('',#977,#8417);
#8417 = DEFINITIONAL_REPRESENTATION('',(#8418),#8422);
#8418 = CIRCLE('',#8419,9.35E-02);
#8419 = AXIS2_PLACEMENT_2D('',#8420,#8421);
#8420 = CARTESIAN_POINT('',(-1.360301409202,-1.571198157236));
#8421 = DIRECTION('',(-1.847231238719E-02,0.999829372281));
#8422 = ( GEOMETRIC_REPRESENTATION_CONTEXT(2) 
PARAMETRIC_REPRESENTATION_CONTEXT() REPRESENTATION_CONTEXT('2D SPACE',''
  ) );
#8423 = ORIENTED_EDGE('',*,*,#8064,.F.);
#8424 = ADVANCED_FACE('',(#8425),#8439,.F.);
#8425 = FACE_BOUND('',#8426,.T.);
#8426 = EDGE_LOOP('',(#8427,#8457,#8480,#8503));
#8427 = ORIENTED_EDGE('',*,*,#8428,.F.);
#8428 = EDGE_CURVE('',#8429,#8431,#8433,.T.);
#8429 = VERTEX_POINT('',#8430);
#8430 = CARTESIAN_POINT('',(-1.170358451473,-0.691376163944,3.8000001));
#8431 = VERTEX_POINT('',#8432);
#8432 = CARTESIAN_POINT('',(-1.096675729656,-0.648098552463,3.8000001));
#8433 = SURFACE_CURVE('',#8434,(#8438,#8450),.PCURVE_S1.);
#8434 = LINE('',#8435,#8436);
#8435 = CARTESIAN_POINT('',(-0.607913503716,-0.361023629073,3.8000001));
#8436 = VECTOR('',#8437,1.);
#8437 = DIRECTION('',(0.862267299575,0.506453456977,8.376540854E-17));
#8438 = PCURVE('',#8439,#8444);
#8439 = PLANE('',#8440);
#8440 = AXIS2_PLACEMENT_3D('',#8441,#8442,#8443);
#8441 = CARTESIAN_POINT('',(-1.170358451473,-0.691376163944,4.2100001));
#8442 = DIRECTION('',(-0.506453456977,0.862267299575,-5.466211582446E-17
    ));
#8443 = DIRECTION('',(0.862267299575,0.506453456977,8.376540854E-17));
#8444 = DEFINITIONAL_REPRESENTATION('',(#8445),#8449);
#8445 = LINE('',#8446,#8447);
#8446 = CARTESIAN_POINT('',(0.652286069569,0.41));
#8447 = VECTOR('',#8448,1.);
#8448 = DIRECTION('',(1.,-5.551115123126E-17));
#8449 = ( GEOMETRIC_REPRESENTATION_CONTEXT(2) 
PARAMETRIC_REPRESENTATION_CONTEXT() REPRESENTATION_CONTEXT('2D SPACE',''
  ) );
#8450 = PCURVE('',#880,#8451);
#8451 = DEFINITIONAL_REPRESENTATION('',(#8452),#8456);
#8452 = LINE('',#8453,#8454);
#8453 = CARTESIAN_POINT('',(0.690813974253,-8.616938968955E-02));
#8454 = VECTOR('',#8455,1.);
#8455 = DIRECTION('',(-0.973011771276,-0.230755483051));
#8456 = ( GEOMETRIC_REPRESENTATION_CONTEXT(2) 
PARAMETRIC_REPRESENTATION_CONTEXT() REPRESENTATION_CONTEXT('2D SPACE',''
  ) );
#8457 = ORIENTED_EDGE('',*,*,#8458,.T.);
#8458 = EDGE_CURVE('',#8429,#8459,#8461,.T.);
#8459 = VERTEX_POINT('',#8460);
#8460 = CARTESIAN_POINT('',(-1.170358451473,-0.691376163944,3.3000001));
#8461 = SURFACE_CURVE('',#8462,(#8466,#8473),.PCURVE_S1.);
#8462 = LINE('',#8463,#8464);
#8463 = CARTESIAN_POINT('',(-1.170358451473,-0.691376163944,4.2100001));
#8464 = VECTOR('',#8465,1.);
#8465 = DIRECTION('',(5.551115123126E-17,9.84654534872E-19,-1.));
#8466 = PCURVE('',#8439,#8467);
#8467 = DEFINITIONAL_REPRESENTATION('',(#8468),#8472);
#8468 = LINE('',#8469,#8470);
#8469 = CARTESIAN_POINT('',(0.,0.));
#8470 = VECTOR('',#8471,1.);
#8471 = DIRECTION('',(-6.763196266102E-17,1.));
#8472 = ( GEOMETRIC_REPRESENTATION_CONTEXT(2) 
PARAMETRIC_REPRESENTATION_CONTEXT() REPRESENTATION_CONTEXT('2D SPACE',''
  ) );
#8473 = PCURVE('',#8364,#8474);
#8474 = DEFINITIONAL_REPRESENTATION('',(#8475),#8479);
#8475 = LINE('',#8476,#8477);
#8476 = CARTESIAN_POINT('',(0.,0.));
#8477 = VECTOR('',#8478,1.);
#8478 = DIRECTION('',(0.,1.));
#8479 = ( GEOMETRIC_REPRESENTATION_CONTEXT(2) 
PARAMETRIC_REPRESENTATION_CONTEXT() REPRESENTATION_CONTEXT('2D SPACE',''
  ) );
#8480 = ORIENTED_EDGE('',*,*,#8481,.F.);
#8481 = EDGE_CURVE('',#8482,#8459,#8484,.T.);
#8482 = VERTEX_POINT('',#8483);
#8483 = CARTESIAN_POINT('',(-1.096675729656,-0.648098552463,3.3000001));
#8484 = SURFACE_CURVE('',#8485,(#8489,#8496),.PCURVE_S1.);
#8485 = LINE('',#8486,#8487);
#8486 = CARTESIAN_POINT('',(-0.727550938512,-0.43129278165,3.3000001));
#8487 = VECTOR('',#8488,1.);
#8488 = DIRECTION('',(-0.862267299575,-0.506453456977,-8.376540854E-17)
  );
#8489 = PCURVE('',#8439,#8490);
#8490 = DEFINITIONAL_REPRESENTATION('',(#8491),#8495);
#8491 = LINE('',#8492,#8493);
#8492 = CARTESIAN_POINT('',(0.513538566497,0.91));
#8493 = VECTOR('',#8494,1.);
#8494 = DIRECTION('',(-1.,5.551115123126E-17));
#8495 = ( GEOMETRIC_REPRESENTATION_CONTEXT(2) 
PARAMETRIC_REPRESENTATION_CONTEXT() REPRESENTATION_CONTEXT('2D SPACE',''
  ) );
#8496 = PCURVE('',#977,#8497);
#8497 = DEFINITIONAL_REPRESENTATION('',(#8498),#8502);
#8498 = LINE('',#8499,#8500);
#8499 = CARTESIAN_POINT('',(-0.825816927977,-1.256702642596));
#8500 = VECTOR('',#8501,1.);
#8501 = DIRECTION('',(-0.973011771276,0.230755483051));
#8502 = ( GEOMETRIC_REPRESENTATION_CONTEXT(2) 
PARAMETRIC_REPRESENTATION_CONTEXT() REPRESENTATION_CONTEXT('2D SPACE',''
  ) );
#8503 = ORIENTED_EDGE('',*,*,#8504,.F.);
#8504 = EDGE_CURVE('',#8431,#8482,#8505,.T.);
#8505 = SURFACE_CURVE('',#8506,(#8510,#8517),.PCURVE_S1.);
#8506 = LINE('',#8507,#8508);
#8507 = CARTESIAN_POINT('',(-1.096675729656,-0.648098552463,4.2100001));
#8508 = VECTOR('',#8509,1.);
#8509 = DIRECTION('',(5.551115123126E-17,9.84654534872E-19,-1.));
#8510 = PCURVE('',#8439,#8511);
#8511 = DEFINITIONAL_REPRESENTATION('',(#8512),#8516);
#8512 = LINE('',#8513,#8514);
#8513 = CARTESIAN_POINT('',(8.545229751107E-02,2.428612866368E-17));
#8514 = VECTOR('',#8515,1.);
#8515 = DIRECTION('',(-6.763196266102E-17,1.));
#8516 = ( GEOMETRIC_REPRESENTATION_CONTEXT(2) 
PARAMETRIC_REPRESENTATION_CONTEXT() REPRESENTATION_CONTEXT('2D SPACE',''
  ) );
#8517 = PCURVE('',#8518,#8523);
#8518 = CYLINDRICAL_SURFACE('',#8519,0.10404056416);
#8519 = AXIS2_PLACEMENT_3D('',#8520,#8521,#8522);
#8520 = CARTESIAN_POINT('',(-1.043984026271,-0.737809328767,4.2100001));
#8521 = DIRECTION('',(5.551115123126E-17,9.84654534872E-19,-1.));
#8522 = DIRECTION('',(0.506453456977,-0.862267299575,5.466211582446E-17)
  );
#8523 = DEFINITIONAL_REPRESENTATION('',(#8524),#8528);
#8524 = LINE('',#8525,#8526);
#8525 = CARTESIAN_POINT('',(3.14159265359,0.));
#8526 = VECTOR('',#8527,1.);
#8527 = DIRECTION('',(0.,1.));
#8528 = ( GEOMETRIC_REPRESENTATION_CONTEXT(2) 
PARAMETRIC_REPRESENTATION_CONTEXT() REPRESENTATION_CONTEXT('2D SPACE',''
  ) );
#8529 = ADVANCED_FACE('',(#8530),#8518,.F.);
#8530 = FACE_BOUND('',#8531,.F.);
#8531 = EDGE_LOOP('',(#8532,#8562,#8588,#8589));
#8532 = ORIENTED_EDGE('',*,*,#8533,.T.);
#8533 = EDGE_CURVE('',#8534,#8536,#8538,.T.);
#8534 = VERTEX_POINT('',#8535);
#8535 = CARTESIAN_POINT('',(-0.977463726435,-0.817806133081,3.8000001));
#8536 = VERTEX_POINT('',#8537);
#8537 = CARTESIAN_POINT('',(-0.977463726435,-0.817806133081,3.3000001));
#8538 = SURFACE_CURVE('',#8539,(#8543,#8550),.PCURVE_S1.);
#8539 = LINE('',#8540,#8541);
#8540 = CARTESIAN_POINT('',(-0.977463726435,-0.817806133081,4.2100001));
#8541 = VECTOR('',#8542,1.);
#8542 = DIRECTION('',(5.551115123126E-17,9.84654534872E-19,-1.));
#8543 = PCURVE('',#8518,#8544);
#8544 = DEFINITIONAL_REPRESENTATION('',(#8545),#8549);
#8545 = LINE('',#8546,#8547);
#8546 = CARTESIAN_POINT('',(6.120574874859,0.));
#8547 = VECTOR('',#8548,1.);
#8548 = DIRECTION('',(0.,1.));
#8549 = ( GEOMETRIC_REPRESENTATION_CONTEXT(2) 
PARAMETRIC_REPRESENTATION_CONTEXT() REPRESENTATION_CONTEXT('2D SPACE',''
  ) );
#8550 = PCURVE('',#8551,#8556);
#8551 = PLANE('',#8552);
#8552 = AXIS2_PLACEMENT_3D('',#8553,#8554,#8555);
#8553 = CARTESIAN_POINT('',(-0.977463726435,-0.817806133081,4.2100001));
#8554 = DIRECTION('',(0.639368888217,-0.768900139667,2.699847460624E-17)
  );
#8555 = DIRECTION('',(-0.768900139667,-0.639368888217,-5.61407087065E-17
    ));
#8556 = DEFINITIONAL_REPRESENTATION('',(#8557),#8561);
#8557 = LINE('',#8558,#8559);
#8558 = CARTESIAN_POINT('',(-0.,0.));
#8559 = VECTOR('',#8560,1.);
#8560 = DIRECTION('',(2.775557561563E-17,1.));
#8561 = ( GEOMETRIC_REPRESENTATION_CONTEXT(2) 
PARAMETRIC_REPRESENTATION_CONTEXT() REPRESENTATION_CONTEXT('2D SPACE',''
  ) );
#8562 = ORIENTED_EDGE('',*,*,#8563,.T.);
#8563 = EDGE_CURVE('',#8536,#8482,#8564,.T.);
#8564 = SURFACE_CURVE('',#8565,(#8570,#8577),.PCURVE_S1.);
#8565 = CIRCLE('',#8566,0.10404056416);
#8566 = AXIS2_PLACEMENT_3D('',#8567,#8568,#8569);
#8567 = CARTESIAN_POINT('',(-1.043984026271,-0.737809328767,3.3000001));
#8568 = DIRECTION('',(-9.991199014455E-17,4.710074270775E-18,1.));
#8569 = DIRECTION('',(0.506453456977,-0.862267299575,5.466211582446E-17)
  );
#8570 = PCURVE('',#8518,#8571);
#8571 = DEFINITIONAL_REPRESENTATION('',(#8572),#8576);
#8572 = LINE('',#8573,#8574);
#8573 = CARTESIAN_POINT('',(6.28318530718,0.91));
#8574 = VECTOR('',#8575,1.);
#8575 = DIRECTION('',(-1.,0.));
#8576 = ( GEOMETRIC_REPRESENTATION_CONTEXT(2) 
PARAMETRIC_REPRESENTATION_CONTEXT() REPRESENTATION_CONTEXT('2D SPACE',''
  ) );
#8577 = PCURVE('',#977,#8578);
#8578 = DEFINITIONAL_REPRESENTATION('',(#8579),#8587);
#8579 = ( BOUNDED_CURVE() B_SPLINE_CURVE(2,(#8580,#8581,#8582,#8583,
#8584,#8585,#8586),.UNSPECIFIED.,.T.,.F.) B_SPLINE_CURVE_WITH_KNOTS((1,2
    ,2,2,2,1),(-2.094395102393,0.,2.094395102393,4.188790204786,
6.28318530718,8.377580409573),.UNSPECIFIED.) CURVE() 
GEOMETRIC_REPRESENTATION_ITEM() RATIONAL_B_SPLINE_CURVE((1.,0.5,1.,0.5,
1.,0.5,1.)) REPRESENTATION_ITEM('') );
#8580 = CARTESIAN_POINT('',(-1.194334045543,-0.955454001573));
#8581 = CARTESIAN_POINT('',(-1.01899387681,-0.997036957226));
#8582 = CARTESIAN_POINT('',(-1.142675857136,-1.128094519826));
#8583 = CARTESIAN_POINT('',(-1.266357837462,-1.259152082426));
#8584 = CARTESIAN_POINT('',(-1.318016025869,-1.086511564174));
#8585 = CARTESIAN_POINT('',(-1.369674214276,-0.913871045921));
#8586 = CARTESIAN_POINT('',(-1.194334045543,-0.955454001573));
#8587 = ( GEOMETRIC_REPRESENTATION_CONTEXT(2) 
PARAMETRIC_REPRESENTATION_CONTEXT() REPRESENTATION_CONTEXT('2D SPACE',''
  ) );
#8588 = ORIENTED_EDGE('',*,*,#8504,.F.);
#8589 = ORIENTED_EDGE('',*,*,#8590,.T.);
#8590 = EDGE_CURVE('',#8431,#8534,#8591,.T.);
#8591 = SURFACE_CURVE('',#8592,(#8597,#8604),.PCURVE_S1.);
#8592 = CIRCLE('',#8593,0.10404056416);
#8593 = AXIS2_PLACEMENT_3D('',#8594,#8595,#8596);
#8594 = CARTESIAN_POINT('',(-1.043984026271,-0.737809328767,3.8000001));
#8595 = DIRECTION('',(9.991199014455E-17,-4.710074270775E-18,-1.));
#8596 = DIRECTION('',(0.506453456977,-0.862267299575,5.466211582446E-17)
  );
#8597 = PCURVE('',#8518,#8598);
#8598 = DEFINITIONAL_REPRESENTATION('',(#8599),#8603);
#8599 = LINE('',#8600,#8601);
#8600 = CARTESIAN_POINT('',(-2.22044604925E-15,0.41));
#8601 = VECTOR('',#8602,1.);
#8602 = DIRECTION('',(1.,0.));
#8603 = ( GEOMETRIC_REPRESENTATION_CONTEXT(2) 
PARAMETRIC_REPRESENTATION_CONTEXT() REPRESENTATION_CONTEXT('2D SPACE',''
  ) );
#8604 = PCURVE('',#880,#8605);
#8605 = DEFINITIONAL_REPRESENTATION('',(#8606),#8614);
#8606 = ( BOUNDED_CURVE() B_SPLINE_CURVE(2,(#8607,#8608,#8609,#8610,
#8611,#8612,#8613),.UNSPECIFIED.,.T.,.F.) B_SPLINE_CURVE_WITH_KNOTS((1,2
    ,2,2,2,1),(-2.094395102393,0.,2.094395102393,4.188790204786,
6.28318530718,8.377580409573),.UNSPECIFIED.) CURVE() 
GEOMETRIC_REPRESENTATION_ITEM() RATIONAL_B_SPLINE_CURVE((1.,0.5,1.,0.5,
1.,0.5,1.)) REPRESENTATION_ITEM('') );
#8607 = CARTESIAN_POINT('',(1.194334045543,0.247095998427));
#8608 = CARTESIAN_POINT('',(1.369674214276,0.288678954079));
#8609 = CARTESIAN_POINT('',(1.318016025869,0.116038435826));
#8610 = CARTESIAN_POINT('',(1.266357837462,-5.660208242638E-02));
#8611 = CARTESIAN_POINT('',(1.142675857136,7.445548017399E-02));
#8612 = CARTESIAN_POINT('',(1.01899387681,0.205513042774));
#8613 = CARTESIAN_POINT('',(1.194334045543,0.247095998427));
#8614 = ( GEOMETRIC_REPRESENTATION_CONTEXT(2) 
PARAMETRIC_REPRESENTATION_CONTEXT() REPRESENTATION_CONTEXT('2D SPACE',''
  ) );
#8615 = ADVANCED_FACE('',(#8616),#8551,.F.);
#8616 = FACE_BOUND('',#8617,.T.);
#8617 = EDGE_LOOP('',(#8618,#8641,#8642,#8665));
#8618 = ORIENTED_EDGE('',*,*,#8619,.F.);
#8619 = EDGE_CURVE('',#8534,#8620,#8622,.T.);
#8620 = VERTEX_POINT('',#8621);
#8621 = CARTESIAN_POINT('',(-1.043168009926,-0.872441673536,3.8000001));
#8622 = SURFACE_CURVE('',#8623,(#8627,#8634),.PCURVE_S1.);
#8623 = LINE('',#8624,#8625);
#8624 = CARTESIAN_POINT('',(-0.52362061243,-0.440418807658,3.8000001));
#8625 = VECTOR('',#8626,1.);
#8626 = DIRECTION('',(-0.768900139667,-0.639368888217,-5.61407087065E-17
    ));
#8627 = PCURVE('',#8551,#8628);
#8628 = DEFINITIONAL_REPRESENTATION('',(#8629),#8633);
#8629 = LINE('',#8630,#8631);
#8630 = CARTESIAN_POINT('',(-0.590249748428,0.41));
#8631 = VECTOR('',#8632,1.);
#8632 = DIRECTION('',(1.,-1.824663536891E-33));
#8633 = ( GEOMETRIC_REPRESENTATION_CONTEXT(2) 
PARAMETRIC_REPRESENTATION_CONTEXT() REPRESENTATION_CONTEXT('2D SPACE',''
  ) );
#8634 = PCURVE('',#880,#8635);
#8635 = DEFINITIONAL_REPRESENTATION('',(#8636),#8640);
#8636 = LINE('',#8637,#8638);
#8637 = CARTESIAN_POINT('',(0.633568783612,1.448782094301E-02));
#8638 = VECTOR('',#8639,1.);
#8639 = DIRECTION('',(0.922817728512,0.385236862129));
#8640 = ( GEOMETRIC_REPRESENTATION_CONTEXT(2) 
PARAMETRIC_REPRESENTATION_CONTEXT() REPRESENTATION_CONTEXT('2D SPACE',''
  ) );
#8641 = ORIENTED_EDGE('',*,*,#8533,.T.);
#8642 = ORIENTED_EDGE('',*,*,#8643,.F.);
#8643 = EDGE_CURVE('',#8644,#8536,#8646,.T.);
#8644 = VERTEX_POINT('',#8645);
#8645 = CARTESIAN_POINT('',(-1.043168009926,-0.872441673536,3.3000001));
#8646 = SURFACE_CURVE('',#8647,(#8651,#8658),.PCURVE_S1.);
#8647 = LINE('',#8648,#8649);
#8648 = CARTESIAN_POINT('',(-0.701723484751,-0.588517929493,3.3000001));
#8649 = VECTOR('',#8650,1.);
#8650 = DIRECTION('',(0.768900139667,0.639368888217,5.61407087065E-17));
#8651 = PCURVE('',#8551,#8652);
#8652 = DEFINITIONAL_REPRESENTATION('',(#8653),#8657);
#8653 = LINE('',#8654,#8655);
#8654 = CARTESIAN_POINT('',(-0.358616454151,0.91));
#8655 = VECTOR('',#8656,1.);
#8656 = DIRECTION('',(-1.,1.824663536891E-33));
#8657 = ( GEOMETRIC_REPRESENTATION_CONTEXT(2) 
PARAMETRIC_REPRESENTATION_CONTEXT() REPRESENTATION_CONTEXT('2D SPACE',''
  ) );
#8658 = PCURVE('',#977,#8659);
#8659 = DEFINITIONAL_REPRESENTATION('',(#8660),#8664);
#8660 = LINE('',#8661,#8662);
#8661 = CARTESIAN_POINT('',(-0.847324094084,-1.098828495605));
#8662 = VECTOR('',#8663,1.);
#8663 = DIRECTION('',(0.922817728512,-0.385236862129));
#8664 = ( GEOMETRIC_REPRESENTATION_CONTEXT(2) 
PARAMETRIC_REPRESENTATION_CONTEXT() REPRESENTATION_CONTEXT('2D SPACE',''
  ) );
#8665 = ORIENTED_EDGE('',*,*,#8666,.F.);
#8666 = EDGE_CURVE('',#8620,#8644,#8667,.T.);
#8667 = SURFACE_CURVE('',#8668,(#8672,#8679),.PCURVE_S1.);
#8668 = LINE('',#8669,#8670);
#8669 = CARTESIAN_POINT('',(-1.043168009926,-0.872441673536,4.2100001));
#8670 = VECTOR('',#8671,1.);
#8671 = DIRECTION('',(5.551115123126E-17,9.84654534872E-19,-1.));
#8672 = PCURVE('',#8551,#8673);
#8673 = DEFINITIONAL_REPRESENTATION('',(#8674),#8678);
#8674 = LINE('',#8675,#8676);
#8675 = CARTESIAN_POINT('',(8.545229751106E-02,-1.49186218934E-16));
#8676 = VECTOR('',#8677,1.);
#8677 = DIRECTION('',(2.775557561563E-17,1.));
#8678 = ( GEOMETRIC_REPRESENTATION_CONTEXT(2) 
PARAMETRIC_REPRESENTATION_CONTEXT() REPRESENTATION_CONTEXT('2D SPACE',''
  ) );
#8679 = PCURVE('',#8680,#8685);
#8680 = CYLINDRICAL_SURFACE('',#8681,9.35E-02);
#8681 = AXIS2_PLACEMENT_3D('',#8682,#8683,#8684);
#8682 = CARTESIAN_POINT('',(-0.983387018878,-0.944333836595,4.2100001));
#8683 = DIRECTION('',(5.551115123126E-17,9.84654534872E-19,-1.));
#8684 = DIRECTION('',(-0.929654276868,-0.368433067871,
    -3.627792910762E-19));
#8685 = DEFINITIONAL_REPRESENTATION('',(#8686),#8690);
#8686 = LINE('',#8687,#8688);
#8687 = CARTESIAN_POINT('',(1.254442096415,0.));
#8688 = VECTOR('',#8689,1.);
#8689 = DIRECTION('',(0.,1.));
#8690 = ( GEOMETRIC_REPRESENTATION_CONTEXT(2) 
PARAMETRIC_REPRESENTATION_CONTEXT() REPRESENTATION_CONTEXT('2D SPACE',''
  ) );
#8691 = ADVANCED_FACE('',(#8692),#8680,.T.);
#8692 = FACE_BOUND('',#8693,.T.);
#8693 = EDGE_LOOP('',(#8694,#8718,#8719,#8743));
#8694 = ORIENTED_EDGE('',*,*,#8695,.F.);
#8695 = EDGE_CURVE('',#8620,#8696,#8698,.T.);
#8696 = VERTEX_POINT('',#8697);
#8697 = CARTESIAN_POINT('',(-1.070309693765,-0.978782328441,3.8000001));
#8698 = SURFACE_CURVE('',#8699,(#8704,#8711),.PCURVE_S1.);
#8699 = CIRCLE('',#8700,9.35E-02);
#8700 = AXIS2_PLACEMENT_3D('',#8701,#8702,#8703);
#8701 = CARTESIAN_POINT('',(-0.983387018878,-0.944333836595,3.8000001));
#8702 = DIRECTION('',(-5.113035937299E-18,1.191689025413E-17,1.));
#8703 = DIRECTION('',(-0.929654276868,-0.368433067871,
    -3.627792910762E-19));
#8704 = PCURVE('',#8680,#8705);
#8705 = DEFINITIONAL_REPRESENTATION('',(#8706),#8710);
#8706 = LINE('',#8707,#8708);
#8707 = CARTESIAN_POINT('',(6.28318530718,0.41));
#8708 = VECTOR('',#8709,1.);
#8709 = DIRECTION('',(-1.,0.));
#8710 = ( GEOMETRIC_REPRESENTATION_CONTEXT(2) 
PARAMETRIC_REPRESENTATION_CONTEXT() REPRESENTATION_CONTEXT('2D SPACE',''
  ) );
#8711 = PCURVE('',#880,#8712);
#8712 = DEFINITIONAL_REPRESENTATION('',(#8713),#8717);
#8713 = CIRCLE('',#8714,9.35E-02);
#8714 = AXIS2_PLACEMENT_2D('',#8715,#8716);
#8715 = CARTESIAN_POINT('',(1.221098964188,0.361076614471));
#8716 = DIRECTION('',(0.996872415741,7.902775927106E-02));
#8717 = ( GEOMETRIC_REPRESENTATION_CONTEXT(2) 
PARAMETRIC_REPRESENTATION_CONTEXT() REPRESENTATION_CONTEXT('2D SPACE',''
  ) );
#8718 = ORIENTED_EDGE('',*,*,#8666,.T.);
#8719 = ORIENTED_EDGE('',*,*,#8720,.F.);
#8720 = EDGE_CURVE('',#8721,#8644,#8723,.T.);
#8721 = VERTEX_POINT('',#8722);
#8722 = CARTESIAN_POINT('',(-1.070309693765,-0.978782328441,3.3000001));
#8723 = SURFACE_CURVE('',#8724,(#8729,#8736),.PCURVE_S1.);
#8724 = CIRCLE('',#8725,9.35E-02);
#8725 = AXIS2_PLACEMENT_3D('',#8726,#8727,#8728);
#8726 = CARTESIAN_POINT('',(-0.983387018878,-0.944333836595,3.3000001));
#8727 = DIRECTION('',(5.113035937299E-18,-1.191689025413E-17,-1.));
#8728 = DIRECTION('',(-0.929654276868,-0.368433067871,
    -3.627792910762E-19));
#8729 = PCURVE('',#8680,#8730);
#8730 = DEFINITIONAL_REPRESENTATION('',(#8731),#8735);
#8731 = LINE('',#8732,#8733);
#8732 = CARTESIAN_POINT('',(0.,0.91));
#8733 = VECTOR('',#8734,1.);
#8734 = DIRECTION('',(1.,0.));
#8735 = ( GEOMETRIC_REPRESENTATION_CONTEXT(2) 
PARAMETRIC_REPRESENTATION_CONTEXT() REPRESENTATION_CONTEXT('2D SPACE',''
  ) );
#8736 = PCURVE('',#977,#8737);
#8737 = DEFINITIONAL_REPRESENTATION('',(#8738),#8742);
#8738 = CIRCLE('',#8739,9.35E-02);
#8739 = AXIS2_PLACEMENT_2D('',#8740,#8741);
#8740 = CARTESIAN_POINT('',(-1.221098964188,-0.841473385529));
#8741 = DIRECTION('',(-0.996872415741,7.902775927106E-02));
#8742 = ( GEOMETRIC_REPRESENTATION_CONTEXT(2) 
PARAMETRIC_REPRESENTATION_CONTEXT() REPRESENTATION_CONTEXT('2D SPACE',''
  ) );
#8743 = ORIENTED_EDGE('',*,*,#8744,.F.);
#8744 = EDGE_CURVE('',#8696,#8721,#8745,.T.);
#8745 = SURFACE_CURVE('',#8746,(#8750,#8757),.PCURVE_S1.);
#8746 = LINE('',#8747,#8748);
#8747 = CARTESIAN_POINT('',(-1.070309693765,-0.978782328441,4.2100001));
#8748 = VECTOR('',#8749,1.);
#8749 = DIRECTION('',(5.551115123126E-17,9.84654534872E-19,-1.));
#8750 = PCURVE('',#8680,#8751);
#8751 = DEFINITIONAL_REPRESENTATION('',(#8752),#8756);
#8752 = LINE('',#8753,#8754);
#8753 = CARTESIAN_POINT('',(0.,0.));
#8754 = VECTOR('',#8755,1.);
#8755 = DIRECTION('',(0.,1.));
#8756 = ( GEOMETRIC_REPRESENTATION_CONTEXT(2) 
PARAMETRIC_REPRESENTATION_CONTEXT() REPRESENTATION_CONTEXT('2D SPACE',''
  ) );
#8757 = PCURVE('',#8758,#8763);
#8758 = CYLINDRICAL_SURFACE('',#8759,9.35E-02);
#8759 = AXIS2_PLACEMENT_3D('',#8760,#8761,#8762);
#8760 = CARTESIAN_POINT('',(-1.027794196262,-0.89550758754,4.2100001));
#8761 = DIRECTION('',(5.551115123126E-17,9.84654534872E-19,-1.));
#8762 = DIRECTION('',(0.704979447761,-0.70922773369,5.481280692702E-17)
  );
#8763 = DEFINITIONAL_REPRESENTATION('',(#8764),#8768);
#8764 = LINE('',#8765,#8766);
#8765 = CARTESIAN_POINT('',(1.254442096415,0.));
#8766 = VECTOR('',#8767,1.);
#8767 = DIRECTION('',(0.,1.));
#8768 = ( GEOMETRIC_REPRESENTATION_CONTEXT(2) 
PARAMETRIC_REPRESENTATION_CONTEXT() REPRESENTATION_CONTEXT('2D SPACE',''
  ) );
#8769 = ADVANCED_FACE('',(#8770),#8364,.T.);
#8770 = FACE_BOUND('',#8771,.T.);
#8771 = EDGE_LOOP('',(#8772,#8794,#8795,#8817));
#8772 = ORIENTED_EDGE('',*,*,#8773,.F.);
#8773 = EDGE_CURVE('',#8302,#8429,#8774,.T.);
#8774 = SURFACE_CURVE('',#8775,(#8780,#8787),.PCURVE_S1.);
#8775 = CIRCLE('',#8776,9.35E-02);
#8776 = AXIS2_PLACEMENT_3D('',#8777,#8778,#8779);
#8777 = CARTESIAN_POINT('',(-1.2177118497,-0.610754171434,3.8000001));
#8778 = DIRECTION('',(-6.192235768939E-17,-5.165743742516E-18,1.));
#8779 = DIRECTION('',(0.506453456977,-0.862267299575,2.690654020883E-17)
  );
#8780 = PCURVE('',#8364,#8781);
#8781 = DEFINITIONAL_REPRESENTATION('',(#8782),#8786);
#8782 = LINE('',#8783,#8784);
#8783 = CARTESIAN_POINT('',(6.28318530718,0.41));
#8784 = VECTOR('',#8785,1.);
#8785 = DIRECTION('',(-1.,0.));
#8786 = ( GEOMETRIC_REPRESENTATION_CONTEXT(2) 
PARAMETRIC_REPRESENTATION_CONTEXT() REPRESENTATION_CONTEXT('2D SPACE',''
  ) );
#8787 = PCURVE('',#880,#8788);
#8788 = DEFINITIONAL_REPRESENTATION('',(#8789),#8793);
#8789 = CIRCLE('',#8790,9.35E-02);
#8790 = AXIS2_PLACEMENT_2D('',#8791,#8792);
#8791 = CARTESIAN_POINT('',(1.347071635848,-2.662740323296E-02));
#8792 = DIRECTION('',(-0.230755483051,0.973011771276));
#8793 = ( GEOMETRIC_REPRESENTATION_CONTEXT(2) 
PARAMETRIC_REPRESENTATION_CONTEXT() REPRESENTATION_CONTEXT('2D SPACE',''
  ) );
#8794 = ORIENTED_EDGE('',*,*,#8350,.T.);
#8795 = ORIENTED_EDGE('',*,*,#8796,.F.);
#8796 = EDGE_CURVE('',#8459,#8327,#8797,.T.);
#8797 = SURFACE_CURVE('',#8798,(#8803,#8810),.PCURVE_S1.);
#8798 = CIRCLE('',#8799,9.35E-02);
#8799 = AXIS2_PLACEMENT_3D('',#8800,#8801,#8802);
#8800 = CARTESIAN_POINT('',(-1.2177118497,-0.610754171434,3.3000001));
#8801 = DIRECTION('',(6.192235768939E-17,5.165743742516E-18,-1.));
#8802 = DIRECTION('',(0.506453456977,-0.862267299575,2.690654020883E-17)
  );
#8803 = PCURVE('',#8364,#8804);
#8804 = DEFINITIONAL_REPRESENTATION('',(#8805),#8809);
#8805 = LINE('',#8806,#8807);
#8806 = CARTESIAN_POINT('',(0.,0.91));
#8807 = VECTOR('',#8808,1.);
#8808 = DIRECTION('',(1.,0.));
#8809 = ( GEOMETRIC_REPRESENTATION_CONTEXT(2) 
PARAMETRIC_REPRESENTATION_CONTEXT() REPRESENTATION_CONTEXT('2D SPACE',''
  ) );
#8810 = PCURVE('',#977,#8811);
#8811 = DEFINITIONAL_REPRESENTATION('',(#8812),#8816);
#8812 = CIRCLE('',#8813,9.35E-02);
#8813 = AXIS2_PLACEMENT_2D('',#8814,#8815);
#8814 = CARTESIAN_POINT('',(-1.347071635848,-1.229177403233));
#8815 = DIRECTION('',(0.230755483051,0.973011771276));
#8816 = ( GEOMETRIC_REPRESENTATION_CONTEXT(2) 
PARAMETRIC_REPRESENTATION_CONTEXT() REPRESENTATION_CONTEXT('2D SPACE',''
  ) );
#8817 = ORIENTED_EDGE('',*,*,#8458,.F.);
#8818 = ADVANCED_FACE('',(#8819),#8833,.F.);
#8819 = FACE_BOUND('',#8820,.T.);
#8820 = EDGE_LOOP('',(#8821,#8851,#8874,#8897));
#8821 = ORIENTED_EDGE('',*,*,#8822,.F.);
#8822 = EDGE_CURVE('',#8823,#8825,#8827,.T.);
#8823 = VERTEX_POINT('',#8824);
#8824 = CARTESIAN_POINT('',(-0.961878617896,-0.96182038064,3.8000001));
#8825 = VERTEX_POINT('',#8826);
#8826 = CARTESIAN_POINT('',(-0.901273478594,-0.901578267131,3.8000001));
#8827 = SURFACE_CURVE('',#8828,(#8832,#8844),.PCURVE_S1.);
#8828 = LINE('',#8829,#8830);
#8829 = CARTESIAN_POINT('',(-0.520068749392,-0.522656960602,3.8000001));
#8830 = VECTOR('',#8831,1.);
#8831 = DIRECTION('',(0.70922773369,0.704979447761,5.620531244149E-17));
#8832 = PCURVE('',#8833,#8838);
#8833 = PLANE('',#8834);
#8834 = AXIS2_PLACEMENT_3D('',#8835,#8836,#8837);
#8835 = CARTESIAN_POINT('',(-0.961878617896,-0.96182038064,4.2100001));
#8836 = DIRECTION('',(-0.704979447761,0.70922773369,-5.481280692702E-17)
  );
#8837 = DIRECTION('',(0.70922773369,0.704979447761,5.620531244149E-17));
#8838 = DEFINITIONAL_REPRESENTATION('',(#8839),#8843);
#8839 = LINE('',#8840,#8841);
#8840 = CARTESIAN_POINT('',(0.622944997096,0.41));
#8841 = VECTOR('',#8842,1.);
#8842 = DIRECTION('',(1.,-2.775557561563E-17));
#8843 = ( GEOMETRIC_REPRESENTATION_CONTEXT(2) 
PARAMETRIC_REPRESENTATION_CONTEXT() REPRESENTATION_CONTEXT('2D SPACE',''
  ) );
#8844 = PCURVE('',#880,#8845);
#8845 = DEFINITIONAL_REPRESENTATION('',(#8846),#8850);
#8846 = LINE('',#8847,#8848);
#8847 = CARTESIAN_POINT('',(0.654336266873,9.413982135537E-02));
#8848 = VECTOR('',#8849,1.);
#8849 = DIRECTION('',(-0.885056262195,-0.46548406283));
#8850 = ( GEOMETRIC_REPRESENTATION_CONTEXT(2) 
PARAMETRIC_REPRESENTATION_CONTEXT() REPRESENTATION_CONTEXT('2D SPACE',''
  ) );
#8851 = ORIENTED_EDGE('',*,*,#8852,.T.);
#8852 = EDGE_CURVE('',#8823,#8853,#8855,.T.);
#8853 = VERTEX_POINT('',#8854);
#8854 = CARTESIAN_POINT('',(-0.961878617896,-0.96182038064,3.3000001));
#8855 = SURFACE_CURVE('',#8856,(#8860,#8867),.PCURVE_S1.);
#8856 = LINE('',#8857,#8858);
#8857 = CARTESIAN_POINT('',(-0.961878617896,-0.96182038064,4.2100001));
#8858 = VECTOR('',#8859,1.);
#8859 = DIRECTION('',(5.551115123126E-17,9.84654534872E-19,-1.));
#8860 = PCURVE('',#8833,#8861);
#8861 = DEFINITIONAL_REPRESENTATION('',(#8862),#8866);
#8862 = LINE('',#8863,#8864);
#8863 = CARTESIAN_POINT('',(0.,0.));
#8864 = VECTOR('',#8865,1.);
#8865 = DIRECTION('',(-4.163311295805E-17,1.));
#8866 = ( GEOMETRIC_REPRESENTATION_CONTEXT(2) 
PARAMETRIC_REPRESENTATION_CONTEXT() REPRESENTATION_CONTEXT('2D SPACE',''
  ) );
#8867 = PCURVE('',#8758,#8868);
#8868 = DEFINITIONAL_REPRESENTATION('',(#8869),#8873);
#8869 = LINE('',#8870,#8871);
#8870 = CARTESIAN_POINT('',(0.,0.));
#8871 = VECTOR('',#8872,1.);
#8872 = DIRECTION('',(0.,1.));
#8873 = ( GEOMETRIC_REPRESENTATION_CONTEXT(2) 
PARAMETRIC_REPRESENTATION_CONTEXT() REPRESENTATION_CONTEXT('2D SPACE',''
  ) );
#8874 = ORIENTED_EDGE('',*,*,#8875,.F.);
#8875 = EDGE_CURVE('',#8876,#8853,#8878,.T.);
#8876 = VERTEX_POINT('',#8877);
#8877 = CARTESIAN_POINT('',(-0.901273478594,-0.901578267131,3.3000001));
#8878 = SURFACE_CURVE('',#8879,(#8883,#8890),.PCURVE_S1.);
#8879 = LINE('',#8880,#8881);
#8880 = CARTESIAN_POINT('',(-0.718570194676,-0.719969378924,3.3000001));
#8881 = VECTOR('',#8882,1.);
#8882 = DIRECTION('',(-0.70922773369,-0.704979447761,-5.620531244149E-17
    ));
#8883 = PCURVE('',#8833,#8884);
#8884 = DEFINITIONAL_REPRESENTATION('',(#8885),#8889);
#8885 = LINE('',#8886,#8887);
#8886 = CARTESIAN_POINT('',(0.343061067218,0.91));
#8887 = VECTOR('',#8888,1.);
#8888 = DIRECTION('',(-1.,2.775557561563E-17));
#8889 = ( GEOMETRIC_REPRESENTATION_CONTEXT(2) 
PARAMETRIC_REPRESENTATION_CONTEXT() REPRESENTATION_CONTEXT('2D SPACE',''
  ) );
#8890 = PCURVE('',#977,#8891);
#8891 = DEFINITIONAL_REPRESENTATION('',(#8892),#8896);
#8892 = LINE('',#8893,#8894);
#8893 = CARTESIAN_POINT('',(-0.9020492917,-0.978128669844));
#8894 = VECTOR('',#8895,1.);
#8895 = DIRECTION('',(-0.885056262195,0.46548406283));
#8896 = ( GEOMETRIC_REPRESENTATION_CONTEXT(2) 
PARAMETRIC_REPRESENTATION_CONTEXT() REPRESENTATION_CONTEXT('2D SPACE',''
  ) );
#8897 = ORIENTED_EDGE('',*,*,#8898,.F.);
#8898 = EDGE_CURVE('',#8825,#8876,#8899,.T.);
#8899 = SURFACE_CURVE('',#8900,(#8904,#8911),.PCURVE_S1.);
#8900 = LINE('',#8901,#8902);
#8901 = CARTESIAN_POINT('',(-0.901273478594,-0.901578267131,4.2100001));
#8902 = VECTOR('',#8903,1.);
#8903 = DIRECTION('',(5.551115123126E-17,9.84654534872E-19,-1.));
#8904 = PCURVE('',#8833,#8905);
#8905 = DEFINITIONAL_REPRESENTATION('',(#8906),#8910);
#8906 = LINE('',#8907,#8908);
#8907 = CARTESIAN_POINT('',(8.545229751107E-02,-2.463307335887E-16));
#8908 = VECTOR('',#8909,1.);
#8909 = DIRECTION('',(-4.163311295805E-17,1.));
#8910 = ( GEOMETRIC_REPRESENTATION_CONTEXT(2) 
PARAMETRIC_REPRESENTATION_CONTEXT() REPRESENTATION_CONTEXT('2D SPACE',''
  ) );
#8911 = PCURVE('',#8912,#8917);
#8912 = CYLINDRICAL_SURFACE('',#8913,0.10404056416);
#8913 = AXIS2_PLACEMENT_3D('',#8914,#8915,#8916);
#8914 = CARTESIAN_POINT('',(-0.827927019128,-0.975366720662,4.2100001));
#8915 = DIRECTION('',(5.551115123126E-17,9.84654534872E-19,-1.));
#8916 = DIRECTION('',(0.704979447761,-0.70922773369,2.705723131139E-17)
  );
#8917 = DEFINITIONAL_REPRESENTATION('',(#8918),#8922);
#8918 = LINE('',#8919,#8920);
#8919 = CARTESIAN_POINT('',(3.14159265359,0.));
#8920 = VECTOR('',#8921,1.);
#8921 = DIRECTION('',(0.,1.));
#8922 = ( GEOMETRIC_REPRESENTATION_CONTEXT(2) 
PARAMETRIC_REPRESENTATION_CONTEXT() REPRESENTATION_CONTEXT('2D SPACE',''
  ) );
#8923 = ADVANCED_FACE('',(#8924),#8912,.F.);
#8924 = FACE_BOUND('',#8925,.F.);
#8925 = EDGE_LOOP('',(#8926,#8956,#8982,#8983));
#8926 = ORIENTED_EDGE('',*,*,#8927,.T.);
#8927 = EDGE_CURVE('',#8928,#8930,#8932,.T.);
#8928 = VERTEX_POINT('',#8929);
#8929 = CARTESIAN_POINT('',(-0.743602180595,-1.036307352403,3.8000001));
#8930 = VERTEX_POINT('',#8931);
#8931 = CARTESIAN_POINT('',(-0.743602180595,-1.036307352403,3.3000001));
#8932 = SURFACE_CURVE('',#8933,(#8937,#8944),.PCURVE_S1.);
#8933 = LINE('',#8934,#8935);
#8934 = CARTESIAN_POINT('',(-0.743602180595,-1.036307352403,4.2100001));
#8935 = VECTOR('',#8936,1.);
#8936 = DIRECTION('',(5.551115123126E-17,9.84654534872E-19,-1.));
#8937 = PCURVE('',#8912,#8938);
#8938 = DEFINITIONAL_REPRESENTATION('',(#8939),#8943);
#8939 = LINE('',#8940,#8941);
#8940 = CARTESIAN_POINT('',(6.120574874859,0.));
#8941 = VECTOR('',#8942,1.);
#8942 = DIRECTION('',(0.,1.));
#8943 = ( GEOMETRIC_REPRESENTATION_CONTEXT(2) 
PARAMETRIC_REPRESENTATION_CONTEXT() REPRESENTATION_CONTEXT('2D SPACE',''
  ) );
#8944 = PCURVE('',#8945,#8950);
#8945 = PLANE('',#8946);
#8946 = AXIS2_PLACEMENT_3D('',#8947,#8948,#8949);
#8947 = CARTESIAN_POINT('',(-0.743602180595,-1.036307352403,4.2100001));
#8948 = DIRECTION('',(0.810499627852,-0.585739151203,5.493440051977E-17)
  );
#8949 = DIRECTION('',(-0.585739151203,-0.810499627852,
    -5.630921336533E-17));
#8950 = DEFINITIONAL_REPRESENTATION('',(#8951),#8955);
#8951 = LINE('',#8952,#8953);
#8952 = CARTESIAN_POINT('',(-0.,0.));
#8953 = VECTOR('',#8954,1.);
#8954 = DIRECTION('',(4.09322954439E-17,1.));
#8955 = ( GEOMETRIC_REPRESENTATION_CONTEXT(2) 
PARAMETRIC_REPRESENTATION_CONTEXT() REPRESENTATION_CONTEXT('2D SPACE',''
  ) );
#8956 = ORIENTED_EDGE('',*,*,#8957,.T.);
#8957 = EDGE_CURVE('',#8930,#8876,#8958,.T.);
#8958 = SURFACE_CURVE('',#8959,(#8964,#8971),.PCURVE_S1.);
#8959 = CIRCLE('',#8960,0.10404056416);
#8960 = AXIS2_PLACEMENT_3D('',#8961,#8962,#8963);
#8961 = CARTESIAN_POINT('',(-0.827927019128,-0.975366720662,3.3000001));
#8962 = DIRECTION('',(-5.893715835205E-17,-2.043385128333E-17,1.));
#8963 = DIRECTION('',(0.704979447761,-0.70922773369,2.705723131139E-17)
  );
#8964 = PCURVE('',#8912,#8965);
#8965 = DEFINITIONAL_REPRESENTATION('',(#8966),#8970);
#8966 = LINE('',#8967,#8968);
#8967 = CARTESIAN_POINT('',(6.28318530718,0.91));
#8968 = VECTOR('',#8969,1.);
#8969 = DIRECTION('',(-1.,0.));
#8970 = ( GEOMETRIC_REPRESENTATION_CONTEXT(2) 
PARAMETRIC_REPRESENTATION_CONTEXT() REPRESENTATION_CONTEXT('2D SPACE',''
  ) );
#8971 = PCURVE('',#977,#8972);
#8972 = DEFINITIONAL_REPRESENTATION('',(#8973),#8981);
#8973 = ( BOUNDED_CURVE() B_SPLINE_CURVE(2,(#8974,#8975,#8976,#8977,
#8978,#8979,#8980),.UNSPECIFIED.,.T.,.F.) B_SPLINE_CURVE_WITH_KNOTS((1,2
    ,2,2,2,1),(-2.094395102393,0.,2.094395102393,4.188790204786,
6.28318530718,8.377580409573),.UNSPECIFIED.) CURVE() 
GEOMETRIC_REPRESENTATION_ITEM() RATIONAL_B_SPLINE_CURVE((1.,0.5,1.,0.5,
1.,0.5,1.)) REPRESENTATION_ITEM('') );
#8974 = CARTESIAN_POINT('',(-1.033189097517,-0.674052387436));
#8975 = CARTESIAN_POINT('',(-0.873698823162,-0.757934264849));
#8976 = CARTESIAN_POINT('',(-1.026087797096,-0.85411595539));
#8977 = CARTESIAN_POINT('',(-1.17847677103,-0.950297645932));
#8978 = CARTESIAN_POINT('',(-1.185578071451,-0.770234077978));
#8979 = CARTESIAN_POINT('',(-1.192679371872,-0.590170510024));
#8980 = CARTESIAN_POINT('',(-1.033189097517,-0.674052387436));
#8981 = ( GEOMETRIC_REPRESENTATION_CONTEXT(2) 
PARAMETRIC_REPRESENTATION_CONTEXT() REPRESENTATION_CONTEXT('2D SPACE',''
  ) );
#8982 = ORIENTED_EDGE('',*,*,#8898,.F.);
#8983 = ORIENTED_EDGE('',*,*,#8984,.T.);
#8984 = EDGE_CURVE('',#8825,#8928,#8985,.T.);
#8985 = SURFACE_CURVE('',#8986,(#8991,#8998),.PCURVE_S1.);
#8986 = CIRCLE('',#8987,0.10404056416);
#8987 = AXIS2_PLACEMENT_3D('',#8988,#8989,#8990);
#8988 = CARTESIAN_POINT('',(-0.827927019128,-0.975366720662,3.8000001));
#8989 = DIRECTION('',(5.893715835205E-17,2.043385128333E-17,-1.));
#8990 = DIRECTION('',(0.704979447761,-0.70922773369,2.705723131139E-17)
  );
#8991 = PCURVE('',#8912,#8992);
#8992 = DEFINITIONAL_REPRESENTATION('',(#8993),#8997);
#8993 = LINE('',#8994,#8995);
#8994 = CARTESIAN_POINT('',(0.,0.41));
#8995 = VECTOR('',#8996,1.);
#8996 = DIRECTION('',(1.,0.));
#8997 = ( GEOMETRIC_REPRESENTATION_CONTEXT(2) 
PARAMETRIC_REPRESENTATION_CONTEXT() REPRESENTATION_CONTEXT('2D SPACE',''
  ) );
#8998 = PCURVE('',#880,#8999);
#8999 = DEFINITIONAL_REPRESENTATION('',(#9000),#9008);
#9000 = ( BOUNDED_CURVE() B_SPLINE_CURVE(2,(#9001,#9002,#9003,#9004,
#9005,#9006,#9007),.UNSPECIFIED.,.T.,.F.) B_SPLINE_CURVE_WITH_KNOTS((1,2
    ,2,2,2,1),(-2.094395102393,0.,2.094395102393,4.188790204786,
6.28318530718,8.377580409573),.UNSPECIFIED.) CURVE() 
GEOMETRIC_REPRESENTATION_ITEM() RATIONAL_B_SPLINE_CURVE((1.,0.5,1.,0.5,
1.,0.5,1.)) REPRESENTATION_ITEM('') );
#9001 = CARTESIAN_POINT('',(1.033189097517,0.528497612564));
#9002 = CARTESIAN_POINT('',(1.192679371872,0.612379489976));
#9003 = CARTESIAN_POINT('',(1.185578071451,0.432315922022));
#9004 = CARTESIAN_POINT('',(1.17847677103,0.252252354068));
#9005 = CARTESIAN_POINT('',(1.026087797096,0.34843404461));
#9006 = CARTESIAN_POINT('',(0.873698823162,0.444615735151));
#9007 = CARTESIAN_POINT('',(1.033189097517,0.528497612564));
#9008 = ( GEOMETRIC_REPRESENTATION_CONTEXT(2) 
PARAMETRIC_REPRESENTATION_CONTEXT() REPRESENTATION_CONTEXT('2D SPACE',''
  ) );
#9009 = ADVANCED_FACE('',(#9010),#8945,.F.);
#9010 = FACE_BOUND('',#9011,.T.);
#9011 = EDGE_LOOP('',(#9012,#9035,#9036,#9059));
#9012 = ORIENTED_EDGE('',*,*,#9013,.F.);
#9013 = EDGE_CURVE('',#8928,#9014,#9016,.T.);
#9014 = VERTEX_POINT('',#9015);
#9015 = CARTESIAN_POINT('',(-0.793654936807,-1.105566407735,3.8000001));
#9016 = SURFACE_CURVE('',#9017,(#9021,#9028),.PCURVE_S1.);
#9017 = LINE('',#9018,#9019);
#9018 = CARTESIAN_POINT('',(-0.41378670716,-0.579934719758,3.8000001));
#9019 = VECTOR('',#9020,1.);
#9020 = DIRECTION('',(-0.585739151203,-0.810499627852,
    -5.630921336533E-17));
#9021 = PCURVE('',#8945,#9022);
#9022 = DEFINITIONAL_REPRESENTATION('',(#9023),#9027);
#9023 = LINE('',#9024,#9025);
#9024 = CARTESIAN_POINT('',(-0.563075684384,0.41));
#9025 = VECTOR('',#9026,1.);
#9026 = DIRECTION('',(1.,2.775557561563E-17));
#9027 = ( GEOMETRIC_REPRESENTATION_CONTEXT(2) 
PARAMETRIC_REPRESENTATION_CONTEXT() REPRESENTATION_CONTEXT('2D SPACE',''
  ) );
#9028 = PCURVE('',#880,#9029);
#9029 = DEFINITIONAL_REPRESENTATION('',(#9030),#9034);
#9030 = LINE('',#9031,#9032);
#9031 = CARTESIAN_POINT('',(0.569574088097,0.180116488214));
#9032 = VECTOR('',#9033,1.);
#9033 = DIRECTION('',(0.798021200853,0.602629374482));
#9034 = ( GEOMETRIC_REPRESENTATION_CONTEXT(2) 
PARAMETRIC_REPRESENTATION_CONTEXT() REPRESENTATION_CONTEXT('2D SPACE',''
  ) );
#9035 = ORIENTED_EDGE('',*,*,#8927,.T.);
#9036 = ORIENTED_EDGE('',*,*,#9037,.F.);
#9037 = EDGE_CURVE('',#9038,#8930,#9040,.T.);
#9038 = VERTEX_POINT('',#9039);
#9039 = CARTESIAN_POINT('',(-0.793654936807,-1.105566407735,3.3000001));
#9040 = SURFACE_CURVE('',#9041,(#9045,#9052),.PCURVE_S1.);
#9041 = LINE('',#9042,#9043);
#9042 = CARTESIAN_POINT('',(-0.626026932253,-0.873615999385,3.3000001));
#9043 = VECTOR('',#9044,1.);
#9044 = DIRECTION('',(0.585739151203,0.810499627852,5.630921336533E-17)
  );
#9045 = PCURVE('',#8945,#9046);
#9046 = DEFINITIONAL_REPRESENTATION('',(#9047),#9051);
#9047 = LINE('',#9048,#9049);
#9048 = CARTESIAN_POINT('',(-0.200729707243,0.91));
#9049 = VECTOR('',#9050,1.);
#9050 = DIRECTION('',(-1.,-2.775557561563E-17));
#9051 = ( GEOMETRIC_REPRESENTATION_CONTEXT(2) 
PARAMETRIC_REPRESENTATION_CONTEXT() REPRESENTATION_CONTEXT('2D SPACE',''
  ) );
#9052 = PCURVE('',#977,#9053);
#9053 = DEFINITIONAL_REPRESENTATION('',(#9054),#9058);
#9054 = LINE('',#9055,#9056);
#9055 = CARTESIAN_POINT('',(-0.8587338599,-0.804073182235));
#9056 = VECTOR('',#9057,1.);
#9057 = DIRECTION('',(0.798021200853,-0.602629374482));
#9058 = ( GEOMETRIC_REPRESENTATION_CONTEXT(2) 
PARAMETRIC_REPRESENTATION_CONTEXT() REPRESENTATION_CONTEXT('2D SPACE',''
  ) );
#9059 = ORIENTED_EDGE('',*,*,#9060,.F.);
#9060 = EDGE_CURVE('',#9014,#9038,#9061,.T.);
#9061 = SURFACE_CURVE('',#9062,(#9066,#9073),.PCURVE_S1.);
#9062 = LINE('',#9063,#9064);
#9063 = CARTESIAN_POINT('',(-0.793654936807,-1.105566407735,4.2100001));
#9064 = VECTOR('',#9065,1.);
#9065 = DIRECTION('',(5.551115123126E-17,9.84654534872E-19,-1.));
#9066 = PCURVE('',#8945,#9067);
#9067 = DEFINITIONAL_REPRESENTATION('',(#9068),#9072);
#9068 = LINE('',#9069,#9070);
#9069 = CARTESIAN_POINT('',(8.545229751107E-02,1.353084311262E-16));
#9070 = VECTOR('',#9071,1.);
#9071 = DIRECTION('',(4.09322954439E-17,1.));
#9072 = ( GEOMETRIC_REPRESENTATION_CONTEXT(2) 
PARAMETRIC_REPRESENTATION_CONTEXT() REPRESENTATION_CONTEXT('2D SPACE',''
  ) );
#9073 = PCURVE('',#9074,#9079);
#9074 = CYLINDRICAL_SURFACE('',#9075,9.35E-02);
#9075 = AXIS2_PLACEMENT_3D('',#9076,#9077,#9078);
#9076 = CARTESIAN_POINT('',(-0.717873221603,-1.160333018373,4.2100001));
#9077 = DIRECTION('',(5.551115123126E-17,9.84654534872E-19,-1.));
#9078 = DIRECTION('',(-0.808821900169,-0.58805368276,-5.609018095674E-17
    ));
#9079 = DEFINITIONAL_REPRESENTATION('',(#9080),#9084);
#9080 = LINE('',#9081,#9082);
#9081 = CARTESIAN_POINT('',(1.254442096415,0.));
#9082 = VECTOR('',#9083,1.);
#9083 = DIRECTION('',(0.,1.));
#9084 = ( GEOMETRIC_REPRESENTATION_CONTEXT(2) 
PARAMETRIC_REPRESENTATION_CONTEXT() REPRESENTATION_CONTEXT('2D SPACE',''
  ) );
#9085 = ADVANCED_FACE('',(#9086),#9074,.T.);
#9086 = FACE_BOUND('',#9087,.T.);
#9087 = EDGE_LOOP('',(#9088,#9112,#9113,#9137));
#9088 = ORIENTED_EDGE('',*,*,#9089,.F.);
#9089 = EDGE_CURVE('',#9014,#9090,#9092,.T.);
#9090 = VERTEX_POINT('',#9091);
#9091 = CARTESIAN_POINT('',(-0.793498069269,-1.215316037711,3.8000001));
#9092 = SURFACE_CURVE('',#9093,(#9098,#9105),.PCURVE_S1.);
#9093 = CIRCLE('',#9094,9.35E-02);
#9094 = AXIS2_PLACEMENT_3D('',#9095,#9096,#9097);
#9095 = CARTESIAN_POINT('',(-0.717873221603,-1.160333018373,3.8000001));
#9096 = DIRECTION('',(-4.489863481943E-17,-3.362819145064E-17,1.));
#9097 = DIRECTION('',(-0.808821900169,-0.58805368276,-5.609018095674E-17
    ));
#9098 = PCURVE('',#9074,#9099);
#9099 = DEFINITIONAL_REPRESENTATION('',(#9100),#9104);
#9100 = LINE('',#9101,#9102);
#9101 = CARTESIAN_POINT('',(6.28318530718,0.41));
#9102 = VECTOR('',#9103,1.);
#9103 = DIRECTION('',(-1.,0.));
#9104 = ( GEOMETRIC_REPRESENTATION_CONTEXT(2) 
PARAMETRIC_REPRESENTATION_CONTEXT() REPRESENTATION_CONTEXT('2D SPACE',''
  ) );
#9105 = PCURVE('',#880,#9106);
#9106 = DEFINITIONAL_REPRESENTATION('',(#9107),#9111);
#9107 = CIRCLE('',#9108,9.35E-02);
#9108 = AXIS2_PLACEMENT_2D('',#9109,#9110);
#9109 = CARTESIAN_POINT('',(1.030767320482,0.645553482557));
#9110 = DIRECTION('',(0.945900431144,0.32445704548));
#9111 = ( GEOMETRIC_REPRESENTATION_CONTEXT(2) 
PARAMETRIC_REPRESENTATION_CONTEXT() REPRESENTATION_CONTEXT('2D SPACE',''
  ) );
#9112 = ORIENTED_EDGE('',*,*,#9060,.T.);
#9113 = ORIENTED_EDGE('',*,*,#9114,.F.);
#9114 = EDGE_CURVE('',#9115,#9038,#9117,.T.);
#9115 = VERTEX_POINT('',#9116);
#9116 = CARTESIAN_POINT('',(-0.793498069269,-1.215316037711,3.3000001));
#9117 = SURFACE_CURVE('',#9118,(#9123,#9130),.PCURVE_S1.);
#9118 = CIRCLE('',#9119,9.35E-02);
#9119 = AXIS2_PLACEMENT_3D('',#9120,#9121,#9122);
#9120 = CARTESIAN_POINT('',(-0.717873221603,-1.160333018373,3.3000001));
#9121 = DIRECTION('',(4.489863481943E-17,3.362819145064E-17,-1.));
#9122 = DIRECTION('',(-0.808821900169,-0.58805368276,-5.609018095674E-17
    ));
#9123 = PCURVE('',#9074,#9124);
#9124 = DEFINITIONAL_REPRESENTATION('',(#9125),#9129);
#9125 = LINE('',#9126,#9127);
#9126 = CARTESIAN_POINT('',(0.,0.91));
#9127 = VECTOR('',#9128,1.);
#9128 = DIRECTION('',(1.,0.));
#9129 = ( GEOMETRIC_REPRESENTATION_CONTEXT(2) 
PARAMETRIC_REPRESENTATION_CONTEXT() REPRESENTATION_CONTEXT('2D SPACE',''
  ) );
#9130 = PCURVE('',#977,#9131);
#9131 = DEFINITIONAL_REPRESENTATION('',(#9132),#9136);
#9132 = CIRCLE('',#9133,9.35E-02);
#9133 = AXIS2_PLACEMENT_2D('',#9134,#9135);
#9134 = CARTESIAN_POINT('',(-1.030767320482,-0.556996517443));
#9135 = DIRECTION('',(-0.945900431144,0.32445704548));
#9136 = ( GEOMETRIC_REPRESENTATION_CONTEXT(2) 
PARAMETRIC_REPRESENTATION_CONTEXT() REPRESENTATION_CONTEXT('2D SPACE',''
  ) );
#9137 = ORIENTED_EDGE('',*,*,#9138,.F.);
#9138 = EDGE_CURVE('',#9090,#9115,#9139,.T.);
#9139 = SURFACE_CURVE('',#9140,(#9144,#9151),.PCURVE_S1.);
#9140 = LINE('',#9141,#9142);
#9141 = CARTESIAN_POINT('',(-0.793498069269,-1.215316037711,4.2100001));
#9142 = VECTOR('',#9143,1.);
#9143 = DIRECTION('',(5.551115123126E-17,9.84654534872E-19,-1.));
#9144 = PCURVE('',#9074,#9145);
#9145 = DEFINITIONAL_REPRESENTATION('',(#9146),#9150);
#9146 = LINE('',#9147,#9148);
#9147 = CARTESIAN_POINT('',(0.,0.));
#9148 = VECTOR('',#9149,1.);
#9149 = DIRECTION('',(0.,1.));
#9150 = ( GEOMETRIC_REPRESENTATION_CONTEXT(2) 
PARAMETRIC_REPRESENTATION_CONTEXT() REPRESENTATION_CONTEXT('2D SPACE',''
  ) );
#9151 = PCURVE('',#9152,#9157);
#9152 = CYLINDRICAL_SURFACE('',#9153,9.35E-02);
#9153 = AXIS2_PLACEMENT_3D('',#9154,#9155,#9156);
#9154 = CARTESIAN_POINT('',(-0.773027860219,-1.12408435165,4.2100001));
#9155 = DIRECTION('',(5.551115123126E-17,9.84654534872E-19,-1.));
#9156 = DIRECTION('',(0.859208987108,-0.51162478094,5.500737757055E-17)
  );
#9157 = DEFINITIONAL_REPRESENTATION('',(#9158),#9162);
#9158 = LINE('',#9159,#9160);
#9159 = CARTESIAN_POINT('',(1.254442096415,0.));
#9160 = VECTOR('',#9161,1.);
#9161 = DIRECTION('',(0.,1.));
#9162 = ( GEOMETRIC_REPRESENTATION_CONTEXT(2) 
PARAMETRIC_REPRESENTATION_CONTEXT() REPRESENTATION_CONTEXT('2D SPACE',''
  ) );
#9163 = ADVANCED_FACE('',(#9164),#8758,.T.);
#9164 = FACE_BOUND('',#9165,.T.);
#9165 = EDGE_LOOP('',(#9166,#9188,#9189,#9211));
#9166 = ORIENTED_EDGE('',*,*,#9167,.F.);
#9167 = EDGE_CURVE('',#8696,#8823,#9168,.T.);
#9168 = SURFACE_CURVE('',#9169,(#9174,#9181),.PCURVE_S1.);
#9169 = CIRCLE('',#9170,9.35E-02);
#9170 = AXIS2_PLACEMENT_3D('',#9171,#9172,#9173);
#9171 = CARTESIAN_POINT('',(-1.027794196262,-0.89550758754,3.8000001));
#9172 = DIRECTION('',(-7.850426872184E-17,-7.488272921997E-19,1.));
#9173 = DIRECTION('',(0.704979447761,-0.70922773369,5.481280692702E-17)
  );
#9174 = PCURVE('',#8758,#9175);
#9175 = DEFINITIONAL_REPRESENTATION('',(#9176),#9180);
#9176 = LINE('',#9177,#9178);
#9177 = CARTESIAN_POINT('',(6.28318530718,0.41));
#9178 = VECTOR('',#9179,1.);
#9179 = DIRECTION('',(-1.,0.));
#9180 = ( GEOMETRIC_REPRESENTATION_CONTEXT(2) 
PARAMETRIC_REPRESENTATION_CONTEXT() REPRESENTATION_CONTEXT('2D SPACE',''
  ) );
#9181 = PCURVE('',#880,#9182);
#9182 = DEFINITIONAL_REPRESENTATION('',(#9183),#9187);
#9183 = CIRCLE('',#9184,9.35E-02);
#9184 = AXIS2_PLACEMENT_2D('',#9185,#9186);
#9185 = CARTESIAN_POINT('',(1.249200397431,0.301358029008));
#9186 = DIRECTION('',(-0.46548406283,0.885056262195));
#9187 = ( GEOMETRIC_REPRESENTATION_CONTEXT(2) 
PARAMETRIC_REPRESENTATION_CONTEXT() REPRESENTATION_CONTEXT('2D SPACE',''
  ) );
#9188 = ORIENTED_EDGE('',*,*,#8744,.T.);
#9189 = ORIENTED_EDGE('',*,*,#9190,.F.);
#9190 = EDGE_CURVE('',#8853,#8721,#9191,.T.);
#9191 = SURFACE_CURVE('',#9192,(#9197,#9204),.PCURVE_S1.);
#9192 = CIRCLE('',#9193,9.35E-02);
#9193 = AXIS2_PLACEMENT_3D('',#9194,#9195,#9196);
#9194 = CARTESIAN_POINT('',(-1.027794196262,-0.89550758754,3.3000001));
#9195 = DIRECTION('',(7.850426872184E-17,7.488272921997E-19,-1.));
#9196 = DIRECTION('',(0.704979447761,-0.70922773369,5.481280692702E-17)
  );
#9197 = PCURVE('',#8758,#9198);
#9198 = DEFINITIONAL_REPRESENTATION('',(#9199),#9203);
#9199 = LINE('',#9200,#9201);
#9200 = CARTESIAN_POINT('',(0.,0.91));
#9201 = VECTOR('',#9202,1.);
#9202 = DIRECTION('',(1.,0.));
#9203 = ( GEOMETRIC_REPRESENTATION_CONTEXT(2) 
PARAMETRIC_REPRESENTATION_CONTEXT() REPRESENTATION_CONTEXT('2D SPACE',''
  ) );
#9204 = PCURVE('',#977,#9205);
#9205 = DEFINITIONAL_REPRESENTATION('',(#9206),#9210);
#9206 = CIRCLE('',#9207,9.35E-02);
#9207 = AXIS2_PLACEMENT_2D('',#9208,#9209);
#9208 = CARTESIAN_POINT('',(-1.249200397431,-0.901191970992));
#9209 = DIRECTION('',(0.46548406283,0.885056262195));
#9210 = ( GEOMETRIC_REPRESENTATION_CONTEXT(2) 
PARAMETRIC_REPRESENTATION_CONTEXT() REPRESENTATION_CONTEXT('2D SPACE',''
  ) );
#9211 = ORIENTED_EDGE('',*,*,#8852,.F.);
#9212 = ADVANCED_FACE('',(#9213),#9227,.F.);
#9213 = FACE_BOUND('',#9214,.T.);
#9214 = EDGE_LOOP('',(#9215,#9245,#9268,#9291));
#9215 = ORIENTED_EDGE('',*,*,#9216,.F.);
#9216 = EDGE_CURVE('',#9217,#9219,#9221,.T.);
#9217 = VERTEX_POINT('',#9218);
#9218 = CARTESIAN_POINT('',(-0.692691819924,-1.171921268668,3.8000001));
#9219 = VERTEX_POINT('',#9220);
#9220 = CARTESIAN_POINT('',(-0.648972306929,-1.098499886677,3.8000001));
#9221 = SURFACE_CURVE('',#9222,(#9226,#9238),.PCURVE_S1.);
#9222 = LINE('',#9223,#9224);
#9223 = CARTESIAN_POINT('',(-0.38711883699,-0.658750165672,3.8000001));
#9224 = VECTOR('',#9225,1.);
#9225 = DIRECTION('',(0.51162478094,0.859208987108,5.635717525682E-17));
#9226 = PCURVE('',#9227,#9232);
#9227 = PLANE('',#9228);
#9228 = AXIS2_PLACEMENT_3D('',#9229,#9230,#9231);
#9229 = CARTESIAN_POINT('',(-0.692691819924,-1.171921268668,4.2100001));
#9230 = DIRECTION('',(-0.859208987108,0.51162478094,-8.276295318618E-17)
  );
#9231 = DIRECTION('',(0.51162478094,0.859208987108,5.635717525682E-17));
#9232 = DEFINITIONAL_REPRESENTATION('',(#9233),#9237);
#9233 = LINE('',#9234,#9235);
#9234 = CARTESIAN_POINT('',(0.597259934074,0.41));
#9235 = VECTOR('',#9236,1.);
#9236 = DIRECTION('',(1.,-2.775557561563E-17));
#9237 = ( GEOMETRIC_REPRESENTATION_CONTEXT(2) 
PARAMETRIC_REPRESENTATION_CONTEXT() REPRESENTATION_CONTEXT('2D SPACE',''
  ) );
#9238 = PCURVE('',#880,#9239);
#9239 = DEFINITIONAL_REPRESENTATION('',(#9240),#9244);
#9240 = LINE('',#9241,#9242);
#9241 = CARTESIAN_POINT('',(0.567240198775,0.263288615605));
#9242 = VECTOR('',#9243,1.);
#9243 = DIRECTION('',(-0.741489413151,-0.670964567011));
#9244 = ( GEOMETRIC_REPRESENTATION_CONTEXT(2) 
PARAMETRIC_REPRESENTATION_CONTEXT() REPRESENTATION_CONTEXT('2D SPACE',''
  ) );
#9245 = ORIENTED_EDGE('',*,*,#9246,.T.);
#9246 = EDGE_CURVE('',#9217,#9247,#9249,.T.);
#9247 = VERTEX_POINT('',#9248);
#9248 = CARTESIAN_POINT('',(-0.692691819924,-1.171921268668,3.3000001));
#9249 = SURFACE_CURVE('',#9250,(#9254,#9261),.PCURVE_S1.);
#9250 = LINE('',#9251,#9252);
#9251 = CARTESIAN_POINT('',(-0.692691819924,-1.171921268668,4.2100001));
#9252 = VECTOR('',#9253,1.);
#9253 = DIRECTION('',(5.551115123126E-17,9.84654534872E-19,-1.));
#9254 = PCURVE('',#9227,#9255);
#9255 = DEFINITIONAL_REPRESENTATION('',(#9256),#9260);
#9256 = LINE('',#9257,#9258);
#9257 = CARTESIAN_POINT('',(0.,0.));
#9258 = VECTOR('',#9259,1.);
#9259 = DIRECTION('',(-2.440229184337E-17,1.));
#9260 = ( GEOMETRIC_REPRESENTATION_CONTEXT(2) 
PARAMETRIC_REPRESENTATION_CONTEXT() REPRESENTATION_CONTEXT('2D SPACE',''
  ) );
#9261 = PCURVE('',#9152,#9262);
#9262 = DEFINITIONAL_REPRESENTATION('',(#9263),#9267);
#9263 = LINE('',#9264,#9265);
#9264 = CARTESIAN_POINT('',(0.,0.));
#9265 = VECTOR('',#9266,1.);
#9266 = DIRECTION('',(0.,1.));
#9267 = ( GEOMETRIC_REPRESENTATION_CONTEXT(2) 
PARAMETRIC_REPRESENTATION_CONTEXT() REPRESENTATION_CONTEXT('2D SPACE',''
  ) );
#9268 = ORIENTED_EDGE('',*,*,#9269,.F.);
#9269 = EDGE_CURVE('',#9270,#9247,#9272,.T.);
#9270 = VERTEX_POINT('',#9271);
#9271 = CARTESIAN_POINT('',(-0.648972306929,-1.098499886677,3.3000001));
#9272 = SURFACE_CURVE('',#9273,(#9277,#9284),.PCURVE_S1.);
#9273 = LINE('',#9274,#9275);
#9274 = CARTESIAN_POINT('',(-0.593525781436,-1.005384473229,3.3000001));
#9275 = VECTOR('',#9276,1.);
#9276 = DIRECTION('',(-0.51162478094,-0.859208987108,-5.635717525682E-17
    ));
#9277 = PCURVE('',#9227,#9278);
#9278 = DEFINITIONAL_REPRESENTATION('',(#9279),#9283);
#9279 = LINE('',#9280,#9281);
#9280 = CARTESIAN_POINT('',(0.193825714044,0.91));
#9281 = VECTOR('',#9282,1.);
#9282 = DIRECTION('',(-1.,2.775557561563E-17));
#9283 = ( GEOMETRIC_REPRESENTATION_CONTEXT(2) 
PARAMETRIC_REPRESENTATION_CONTEXT() REPRESENTATION_CONTEXT('2D SPACE',''
  ) );
#9284 = PCURVE('',#977,#9285);
#9285 = DEFINITIONAL_REPRESENTATION('',(#9286),#9290);
#9286 = LINE('',#9287,#9288);
#9287 = CARTESIAN_POINT('',(-0.86638240183,-0.668571317636));
#9288 = VECTOR('',#9289,1.);
#9289 = DIRECTION('',(-0.741489413151,0.670964567011));
#9290 = ( GEOMETRIC_REPRESENTATION_CONTEXT(2) 
PARAMETRIC_REPRESENTATION_CONTEXT() REPRESENTATION_CONTEXT('2D SPACE',''
  ) );
#9291 = ORIENTED_EDGE('',*,*,#9292,.F.);
#9292 = EDGE_CURVE('',#9219,#9270,#9293,.T.);
#9293 = SURFACE_CURVE('',#9294,(#9298,#9305),.PCURVE_S1.);
#9294 = LINE('',#9295,#9296);
#9295 = CARTESIAN_POINT('',(-0.648972306929,-1.098499886677,4.2100001));
#9296 = VECTOR('',#9297,1.);
#9297 = DIRECTION('',(5.551115123126E-17,9.84654534872E-19,-1.));
#9298 = PCURVE('',#9227,#9299);
#9299 = DEFINITIONAL_REPRESENTATION('',(#9300),#9304);
#9300 = LINE('',#9301,#9302);
#9301 = CARTESIAN_POINT('',(8.545229751107E-02,1.52655665886E-16));
#9302 = VECTOR('',#9303,1.);
#9303 = DIRECTION('',(-2.440229184337E-17,1.));
#9304 = ( GEOMETRIC_REPRESENTATION_CONTEXT(2) 
PARAMETRIC_REPRESENTATION_CONTEXT() REPRESENTATION_CONTEXT('2D SPACE',''
  ) );
#9305 = PCURVE('',#9306,#9311);
#9306 = CYLINDRICAL_SURFACE('',#9307,0.10404056416);
#9307 = AXIS2_PLACEMENT_3D('',#9308,#9309,#9310);
#9308 = CARTESIAN_POINT('',(-0.559579719179,-1.151729617525,4.2100001));
#9309 = DIRECTION('',(5.551115123126E-17,9.84654534872E-19,-1.));
#9310 = DIRECTION('',(0.859208987108,-0.51162478094,2.725180195492E-17)
  );
#9311 = DEFINITIONAL_REPRESENTATION('',(#9312),#9316);
#9312 = LINE('',#9313,#9314);
#9313 = CARTESIAN_POINT('',(3.14159265359,0.));
#9314 = VECTOR('',#9315,1.);
#9315 = DIRECTION('',(0.,1.));
#9316 = ( GEOMETRIC_REPRESENTATION_CONTEXT(2) 
PARAMETRIC_REPRESENTATION_CONTEXT() REPRESENTATION_CONTEXT('2D SPACE',''
  ) );
#9317 = ADVANCED_FACE('',(#9318),#9306,.F.);
#9318 = FACE_BOUND('',#9319,.F.);
#9319 = EDGE_LOOP('',(#9320,#9350,#9376,#9377));
#9320 = ORIENTED_EDGE('',*,*,#9321,.T.);
#9321 = EDGE_CURVE('',#9322,#9324,#9326,.T.);
#9322 = VERTEX_POINT('',#9323);
#9323 = CARTESIAN_POINT('',(-0.46274878168,-1.189784952678,3.8000001));
#9324 = VERTEX_POINT('',#9325);
#9325 = CARTESIAN_POINT('',(-0.46274878168,-1.189784952678,3.3000001));
#9326 = SURFACE_CURVE('',#9327,(#9331,#9338),.PCURVE_S1.);
#9327 = LINE('',#9328,#9329);
#9328 = CARTESIAN_POINT('',(-0.46274878168,-1.189784952678,4.2100001));
#9329 = VECTOR('',#9330,1.);
#9330 = DIRECTION('',(5.551115123126E-17,9.84654534872E-19,-1.));
#9331 = PCURVE('',#9306,#9332);
#9332 = DEFINITIONAL_REPRESENTATION('',(#9333),#9337);
#9333 = LINE('',#9334,#9335);
#9334 = CARTESIAN_POINT('',(6.120574874859,0.));
#9335 = VECTOR('',#9336,1.);
#9336 = DIRECTION('',(0.,1.));
#9337 = ( GEOMETRIC_REPRESENTATION_CONTEXT(2) 
PARAMETRIC_REPRESENTATION_CONTEXT() REPRESENTATION_CONTEXT('2D SPACE',''
  ) );
#9338 = PCURVE('',#9339,#9344);
#9339 = PLANE('',#9340);
#9340 = AXIS2_PLACEMENT_3D('',#9341,#9342,#9343);
#9341 = CARTESIAN_POINT('',(-0.46274878168,-1.189784952678,4.2100001));
#9342 = DIRECTION('',(0.930703695059,-0.365774017672,1.106621414173E-16)
  );
#9343 = DIRECTION('',(-0.365774017672,-0.930703695059,
    -4.254978503741E-17));
#9344 = DEFINITIONAL_REPRESENTATION('',(#9345),#9349);
#9345 = LINE('',#9346,#9347);
#9346 = CARTESIAN_POINT('',(-0.,0.));
#9347 = VECTOR('',#9348,1.);
#9348 = DIRECTION('',(1.889750743687E-17,1.));
#9349 = ( GEOMETRIC_REPRESENTATION_CONTEXT(2) 
PARAMETRIC_REPRESENTATION_CONTEXT() REPRESENTATION_CONTEXT('2D SPACE',''
  ) );
#9350 = ORIENTED_EDGE('',*,*,#9351,.T.);
#9351 = EDGE_CURVE('',#9324,#9270,#9352,.T.);
#9352 = SURFACE_CURVE('',#9353,(#9358,#9365),.PCURVE_S1.);
#9353 = CIRCLE('',#9354,0.10404056416);
#9354 = AXIS2_PLACEMENT_3D('',#9355,#9356,#9357);
#9355 = CARTESIAN_POINT('',(-0.559579719179,-1.151729617525,3.3000001));
#9356 = DIRECTION('',(-3.804828030553E-17,-1.063205425197E-17,1.));
#9357 = DIRECTION('',(0.859208987108,-0.51162478094,2.725180195492E-17)
  );
#9358 = PCURVE('',#9306,#9359);
#9359 = DEFINITIONAL_REPRESENTATION('',(#9360),#9364);
#9360 = LINE('',#9361,#9362);
#9361 = CARTESIAN_POINT('',(6.28318530718,0.91));
#9362 = VECTOR('',#9363,1.);
#9363 = DIRECTION('',(-1.,0.));
#9364 = ( GEOMETRIC_REPRESENTATION_CONTEXT(2) 
PARAMETRIC_REPRESENTATION_CONTEXT() REPRESENTATION_CONTEXT('2D SPACE',''
  ) );
#9365 = PCURVE('',#977,#9366);
#9366 = DEFINITIONAL_REPRESENTATION('',(#9367),#9375);
#9367 = ( BOUNDED_CURVE() B_SPLINE_CURVE(2,(#9368,#9369,#9370,#9371,
#9372,#9373,#9374),.UNSPECIFIED.,.T.,.F.) B_SPLINE_CURVE_WITH_KNOTS((1,2
    ,2,2,2,1),(-2.094395102393,0.,2.094395102393,4.188790204786,
6.28318530718,8.377580409573),.UNSPECIFIED.) CURVE() 
GEOMETRIC_REPRESENTATION_ITEM() RATIONAL_B_SPLINE_CURVE((1.,0.5,1.,0.5,
1.,0.5,1.)) REPRESENTATION_ITEM('') );
#9368 = CARTESIAN_POINT('',(-0.80712507869,-0.44156664141));
#9369 = CARTESIAN_POINT('',(-0.673506059215,-0.562476833729));
#9370 = CARTESIAN_POINT('',(-0.845026867077,-0.617739202864));
#9371 = CARTESIAN_POINT('',(-1.016547674939,-0.673001571999));
#9372 = CARTESIAN_POINT('',(-0.978645886552,-0.496829010545));
#9373 = CARTESIAN_POINT('',(-0.940744098165,-0.320656449092));
#9374 = CARTESIAN_POINT('',(-0.80712507869,-0.44156664141));
#9375 = ( GEOMETRIC_REPRESENTATION_CONTEXT(2) 
PARAMETRIC_REPRESENTATION_CONTEXT() REPRESENTATION_CONTEXT('2D SPACE',''
  ) );
#9376 = ORIENTED_EDGE('',*,*,#9292,.F.);
#9377 = ORIENTED_EDGE('',*,*,#9378,.T.);
#9378 = EDGE_CURVE('',#9219,#9322,#9379,.T.);
#9379 = SURFACE_CURVE('',#9380,(#9385,#9392),.PCURVE_S1.);
#9380 = CIRCLE('',#9381,0.10404056416);
#9381 = AXIS2_PLACEMENT_3D('',#9382,#9383,#9384);
#9382 = CARTESIAN_POINT('',(-0.559579719179,-1.151729617525,3.8000001));
#9383 = DIRECTION('',(3.804828030553E-17,1.063205425197E-17,-1.));
#9384 = DIRECTION('',(0.859208987108,-0.51162478094,2.725180195492E-17)
  );
#9385 = PCURVE('',#9306,#9386);
#9386 = DEFINITIONAL_REPRESENTATION('',(#9387),#9391);
#9387 = LINE('',#9388,#9389);
#9388 = CARTESIAN_POINT('',(0.,0.41));
#9389 = VECTOR('',#9390,1.);
#9390 = DIRECTION('',(1.,0.));
#9391 = ( GEOMETRIC_REPRESENTATION_CONTEXT(2) 
PARAMETRIC_REPRESENTATION_CONTEXT() REPRESENTATION_CONTEXT('2D SPACE',''
  ) );
#9392 = PCURVE('',#880,#9393);
#9393 = DEFINITIONAL_REPRESENTATION('',(#9394),#9402);
#9394 = ( BOUNDED_CURVE() B_SPLINE_CURVE(2,(#9395,#9396,#9397,#9398,
#9399,#9400,#9401),.UNSPECIFIED.,.T.,.F.) B_SPLINE_CURVE_WITH_KNOTS((1,2
    ,2,2,2,1),(-2.094395102393,0.,2.094395102393,4.188790204786,
6.28318530718,8.377580409573),.UNSPECIFIED.) CURVE() 
GEOMETRIC_REPRESENTATION_ITEM() RATIONAL_B_SPLINE_CURVE((1.,0.5,1.,0.5,
1.,0.5,1.)) REPRESENTATION_ITEM('') );
#9395 = CARTESIAN_POINT('',(0.80712507869,0.76098335859));
#9396 = CARTESIAN_POINT('',(0.940744098165,0.881893550908));
#9397 = CARTESIAN_POINT('',(0.978645886552,0.705720989455));
#9398 = CARTESIAN_POINT('',(1.016547674939,0.529548428001));
#9399 = CARTESIAN_POINT('',(0.845026867077,0.584810797136));
#9400 = CARTESIAN_POINT('',(0.673506059215,0.640073166271));
#9401 = CARTESIAN_POINT('',(0.80712507869,0.76098335859));
#9402 = ( GEOMETRIC_REPRESENTATION_CONTEXT(2) 
PARAMETRIC_REPRESENTATION_CONTEXT() REPRESENTATION_CONTEXT('2D SPACE',''
  ) );
#9403 = ADVANCED_FACE('',(#9404),#9339,.F.);
#9404 = FACE_BOUND('',#9405,.T.);
#9405 = EDGE_LOOP('',(#9406,#9429,#9430,#9453));
#9406 = ORIENTED_EDGE('',*,*,#9407,.F.);
#9407 = EDGE_CURVE('',#9322,#9408,#9410,.T.);
#9408 = VERTEX_POINT('',#9409);
#9409 = CARTESIAN_POINT('',(-0.49400501186,-1.269315721723,3.8000001));
#9410 = SURFACE_CURVE('',#9411,(#9415,#9422),.PCURVE_S1.);
#9411 = LINE('',#9412,#9413);
#9412 = CARTESIAN_POINT('',(-0.264998619585,-0.686614148661,3.8000001));
#9413 = VECTOR('',#9414,1.);
#9414 = DIRECTION('',(-0.365774017672,-0.930703695059,
    -2.867199722959E-17));
#9415 = PCURVE('',#9339,#9416);
#9416 = DEFINITIONAL_REPRESENTATION('',(#9417),#9421);
#9417 = LINE('',#9418,#9419);
#9418 = CARTESIAN_POINT('',(-0.540634797829,0.41));
#9419 = VECTOR('',#9420,1.);
#9420 = DIRECTION('',(1.,1.387778780781E-17));
#9421 = ( GEOMETRIC_REPRESENTATION_CONTEXT(2) 
PARAMETRIC_REPRESENTATION_CONTEXT() REPRESENTATION_CONTEXT('2D SPACE',''
  ) );
#9422 = PCURVE('',#880,#9423);
#9423 = DEFINITIONAL_REPRESENTATION('',(#9424),#9428);
#9424 = LINE('',#9425,#9426);
#9425 = CARTESIAN_POINT('',(0.458696763787,0.325803188051));
#9426 = VECTOR('',#9427,1.);
#9427 = DIRECTION('',(0.623082066228,0.78215646692));
#9428 = ( GEOMETRIC_REPRESENTATION_CONTEXT(2) 
PARAMETRIC_REPRESENTATION_CONTEXT() REPRESENTATION_CONTEXT('2D SPACE',''
  ) );
#9429 = ORIENTED_EDGE('',*,*,#9321,.T.);
#9430 = ORIENTED_EDGE('',*,*,#9431,.F.);
#9431 = EDGE_CURVE('',#9432,#9324,#9434,.T.);
#9432 = VERTEX_POINT('',#9433);
#9433 = CARTESIAN_POINT('',(-0.49400501186,-1.269315721723,3.3000001));
#9434 = SURFACE_CURVE('',#9435,(#9439,#9446),.PCURVE_S1.);
#9435 = LINE('',#9436,#9437);
#9436 = CARTESIAN_POINT('',(-0.437018895551,-1.124315840777,3.3000001));
#9437 = VECTOR('',#9438,1.);
#9438 = DIRECTION('',(0.365774017672,0.930703695059,2.867199722959E-17)
  );
#9439 = PCURVE('',#9339,#9440);
#9440 = DEFINITIONAL_REPRESENTATION('',(#9441),#9445);
#9441 = LINE('',#9442,#9443);
#9442 = CARTESIAN_POINT('',(-7.034366818203E-02,0.91));
#9443 = VECTOR('',#9444,1.);
#9444 = DIRECTION('',(-1.,-1.387778780781E-17));
#9445 = ( GEOMETRIC_REPRESENTATION_CONTEXT(2) 
PARAMETRIC_REPRESENTATION_CONTEXT() REPRESENTATION_CONTEXT('2D SPACE',''
  ) );
#9446 = PCURVE('',#977,#9447);
#9447 = DEFINITIONAL_REPRESENTATION('',(#9448),#9452);
#9448 = LINE('',#9449,#9450);
#9449 = CARTESIAN_POINT('',(-0.751726732576,-0.50890556356));
#9450 = VECTOR('',#9451,1.);
#9451 = DIRECTION('',(0.623082066228,-0.78215646692));
#9452 = ( GEOMETRIC_REPRESENTATION_CONTEXT(2) 
PARAMETRIC_REPRESENTATION_CONTEXT() REPRESENTATION_CONTEXT('2D SPACE',''
  ) );
#9453 = ORIENTED_EDGE('',*,*,#9454,.F.);
#9454 = EDGE_CURVE('',#9408,#9432,#9455,.T.);
#9455 = SURFACE_CURVE('',#9456,(#9460,#9467),.PCURVE_S1.);
#9456 = LINE('',#9457,#9458);
#9457 = CARTESIAN_POINT('',(-0.49400501186,-1.269315721723,4.2100001));
#9458 = VECTOR('',#9459,1.);
#9459 = DIRECTION('',(5.551115123126E-17,9.84654534872E-19,-1.));
#9460 = PCURVE('',#9339,#9461);
#9461 = DEFINITIONAL_REPRESENTATION('',(#9462),#9466);
#9462 = LINE('',#9463,#9464);
#9463 = CARTESIAN_POINT('',(8.545229751107E-02,1.370431546022E-16));
#9464 = VECTOR('',#9465,1.);
#9465 = DIRECTION('',(1.889750743687E-17,1.));
#9466 = ( GEOMETRIC_REPRESENTATION_CONTEXT(2) 
PARAMETRIC_REPRESENTATION_CONTEXT() REPRESENTATION_CONTEXT('2D SPACE',''
  ) );
#9467 = PCURVE('',#9468,#9473);
#9468 = CYLINDRICAL_SURFACE('',#9469,9.35E-02);
#9469 = AXIS2_PLACEMENT_3D('',#9470,#9471,#9472);
#9470 = CARTESIAN_POINT('',(-0.406984216372,-1.303515592375,4.2100001));
#9471 = DIRECTION('',(5.551115123126E-17,9.84654534872E-19,-1.));
#9472 = DIRECTION('',(-0.637168268843,-0.77072472205,-8.402562443959E-17
    ));
#9473 = DEFINITIONAL_REPRESENTATION('',(#9474),#9478);
#9474 = LINE('',#9475,#9476);
#9475 = CARTESIAN_POINT('',(1.254442096415,0.));
#9476 = VECTOR('',#9477,1.);
#9477 = DIRECTION('',(0.,1.));
#9478 = ( GEOMETRIC_REPRESENTATION_CONTEXT(2) 
PARAMETRIC_REPRESENTATION_CONTEXT() REPRESENTATION_CONTEXT('2D SPACE',''
  ) );
#9479 = ADVANCED_FACE('',(#9480),#9468,.T.);
#9480 = FACE_BOUND('',#9481,.T.);
#9481 = EDGE_LOOP('',(#9482,#9506,#9507,#9531));
#9482 = ORIENTED_EDGE('',*,*,#9483,.F.);
#9483 = EDGE_CURVE('',#9408,#9484,#9486,.T.);
#9484 = VERTEX_POINT('',#9485);
#9485 = CARTESIAN_POINT('',(-0.466559449509,-1.375578353887,3.8000001));
#9486 = SURFACE_CURVE('',#9487,(#9492,#9499),.PCURVE_S1.);
#9487 = CIRCLE('',#9488,9.35E-02);
#9488 = AXIS2_PLACEMENT_3D('',#9489,#9490,#9491);
#9489 = CARTESIAN_POINT('',(-0.406984216372,-1.303515592375,3.8000001));
#9490 = DIRECTION('',(-9.583873280067E-17,-2.979043530845E-17,1.));
#9491 = DIRECTION('',(-0.637168268843,-0.77072472205,-8.402562443959E-17
    ));
#9492 = PCURVE('',#9468,#9493);
#9493 = DEFINITIONAL_REPRESENTATION('',(#9494),#9498);
#9494 = LINE('',#9495,#9496);
#9495 = CARTESIAN_POINT('',(6.28318530718,0.41));
#9496 = VECTOR('',#9497,1.);
#9497 = DIRECTION('',(-1.,0.));
#9498 = ( GEOMETRIC_REPRESENTATION_CONTEXT(2) 
PARAMETRIC_REPRESENTATION_CONTEXT() REPRESENTATION_CONTEXT('2D SPACE',''
  ) );
#9499 = PCURVE('',#880,#9500);
#9500 = DEFINITIONAL_REPRESENTATION('',(#9501),#9505);
#9501 = CIRCLE('',#9502,9.35E-02);
#9502 = AXIS2_PLACEMENT_2D('',#9503,#9504);
#9503 = CARTESIAN_POINT('',(0.775668775133,0.873759431719));
#9504 = DIRECTION('',(0.83549404368,0.549499502252));
#9505 = ( GEOMETRIC_REPRESENTATION_CONTEXT(2) 
PARAMETRIC_REPRESENTATION_CONTEXT() REPRESENTATION_CONTEXT('2D SPACE',''
  ) );
#9506 = ORIENTED_EDGE('',*,*,#9454,.T.);
#9507 = ORIENTED_EDGE('',*,*,#9508,.F.);
#9508 = EDGE_CURVE('',#9509,#9432,#9511,.T.);
#9509 = VERTEX_POINT('',#9510);
#9510 = CARTESIAN_POINT('',(-0.466559449509,-1.375578353887,3.3000001));
#9511 = SURFACE_CURVE('',#9512,(#9517,#9524),.PCURVE_S1.);
#9512 = CIRCLE('',#9513,9.35E-02);
#9513 = AXIS2_PLACEMENT_3D('',#9514,#9515,#9516);
#9514 = CARTESIAN_POINT('',(-0.406984216372,-1.303515592375,3.3000001));
#9515 = DIRECTION('',(9.583873280067E-17,2.979043530845E-17,-1.));
#9516 = DIRECTION('',(-0.637168268843,-0.77072472205,-8.402562443959E-17
    ));
#9517 = PCURVE('',#9468,#9518);
#9518 = DEFINITIONAL_REPRESENTATION('',(#9519),#9523);
#9519 = LINE('',#9520,#9521);
#9520 = CARTESIAN_POINT('',(0.,0.91));
#9521 = VECTOR('',#9522,1.);
#9522 = DIRECTION('',(1.,0.));
#9523 = ( GEOMETRIC_REPRESENTATION_CONTEXT(2) 
PARAMETRIC_REPRESENTATION_CONTEXT() REPRESENTATION_CONTEXT('2D SPACE',''
  ) );
#9524 = PCURVE('',#977,#9525);
#9525 = DEFINITIONAL_REPRESENTATION('',(#9526),#9530);
#9526 = CIRCLE('',#9527,9.35E-02);
#9527 = AXIS2_PLACEMENT_2D('',#9528,#9529);
#9528 = CARTESIAN_POINT('',(-0.775668775133,-0.328790568281));
#9529 = DIRECTION('',(-0.83549404368,0.549499502252));
#9530 = ( GEOMETRIC_REPRESENTATION_CONTEXT(2) 
PARAMETRIC_REPRESENTATION_CONTEXT() REPRESENTATION_CONTEXT('2D SPACE',''
  ) );
#9531 = ORIENTED_EDGE('',*,*,#9532,.F.);
#9532 = EDGE_CURVE('',#9484,#9509,#9533,.T.);
#9533 = SURFACE_CURVE('',#9534,(#9538,#9545),.PCURVE_S1.);
#9534 = LINE('',#9535,#9536);
#9535 = CARTESIAN_POINT('',(-0.466559449509,-1.375578353887,4.2100001));
#9536 = VECTOR('',#9537,1.);
#9537 = DIRECTION('',(5.551115123126E-17,9.84654534872E-19,-1.));
#9538 = PCURVE('',#9468,#9539);
#9539 = DEFINITIONAL_REPRESENTATION('',(#9540),#9544);
#9540 = LINE('',#9541,#9542);
#9541 = CARTESIAN_POINT('',(0.,0.));
#9542 = VECTOR('',#9543,1.);
#9543 = DIRECTION('',(0.,1.));
#9544 = ( GEOMETRIC_REPRESENTATION_CONTEXT(2) 
PARAMETRIC_REPRESENTATION_CONTEXT() REPRESENTATION_CONTEXT('2D SPACE',''
  ) );
#9545 = PCURVE('',#9546,#9551);
#9546 = CYLINDRICAL_SURFACE('',#9547,9.35E-02);
#9547 = AXIS2_PLACEMENT_3D('',#9548,#9549,#9550);
#9548 = CARTESIAN_POINT('',(-0.46942074743,-1.282122145029,4.2100001));
#9549 = DIRECTION('',(5.551115123126E-17,9.84654534872E-19,-1.));
#9550 = DIRECTION('',(0.959451265846,-0.28187456158,5.523360216593E-17)
  );
#9551 = DEFINITIONAL_REPRESENTATION('',(#9552),#9556);
#9552 = LINE('',#9553,#9554);
#9553 = CARTESIAN_POINT('',(1.254442096415,0.));
#9554 = VECTOR('',#9555,1.);
#9555 = DIRECTION('',(0.,1.));
#9556 = ( GEOMETRIC_REPRESENTATION_CONTEXT(2) 
PARAMETRIC_REPRESENTATION_CONTEXT() REPRESENTATION_CONTEXT('2D SPACE',''
  ) );
#9557 = ADVANCED_FACE('',(#9558),#9152,.T.);
#9558 = FACE_BOUND('',#9559,.T.);
#9559 = EDGE_LOOP('',(#9560,#9582,#9583,#9605));
#9560 = ORIENTED_EDGE('',*,*,#9561,.F.);
#9561 = EDGE_CURVE('',#9090,#9217,#9562,.T.);
#9562 = SURFACE_CURVE('',#9563,(#9568,#9575),.PCURVE_S1.);
#9563 = CIRCLE('',#9564,9.35E-02);
#9564 = AXIS2_PLACEMENT_3D('',#9565,#9566,#9567);
#9565 = CARTESIAN_POINT('',(-0.773027860219,-1.12408435165,3.8000001));
#9566 = DIRECTION('',(-7.609656061106E-17,-2.027945396908E-17,1.));
#9567 = DIRECTION('',(0.859208987108,-0.51162478094,5.500737757055E-17)
  );
#9568 = PCURVE('',#9152,#9569);
#9569 = DEFINITIONAL_REPRESENTATION('',(#9570),#9574);
#9570 = LINE('',#9571,#9572);
#9571 = CARTESIAN_POINT('',(6.28318530718,0.41));
#9572 = VECTOR('',#9573,1.);
#9573 = DIRECTION('',(-1.,0.));
#9574 = ( GEOMETRIC_REPRESENTATION_CONTEXT(2) 
PARAMETRIC_REPRESENTATION_CONTEXT() REPRESENTATION_CONTEXT('2D SPACE',''
  ) );
#9575 = PCURVE('',#880,#9576);
#9576 = DEFINITIONAL_REPRESENTATION('',(#9577),#9581);
#9577 = CIRCLE('',#9578,9.35E-02);
#9578 = AXIS2_PLACEMENT_2D('',#9579,#9580);
#9579 = CARTESIAN_POINT('',(1.072837303805,0.594699608534));
#9580 = DIRECTION('',(-0.670964567011,0.741489413151));
#9581 = ( GEOMETRIC_REPRESENTATION_CONTEXT(2) 
PARAMETRIC_REPRESENTATION_CONTEXT() REPRESENTATION_CONTEXT('2D SPACE',''
  ) );
#9582 = ORIENTED_EDGE('',*,*,#9138,.T.);
#9583 = ORIENTED_EDGE('',*,*,#9584,.F.);
#9584 = EDGE_CURVE('',#9247,#9115,#9585,.T.);
#9585 = SURFACE_CURVE('',#9586,(#9591,#9598),.PCURVE_S1.);
#9586 = CIRCLE('',#9587,9.35E-02);
#9587 = AXIS2_PLACEMENT_3D('',#9588,#9589,#9590);
#9588 = CARTESIAN_POINT('',(-0.773027860219,-1.12408435165,3.3000001));
#9589 = DIRECTION('',(7.609656061106E-17,2.027945396908E-17,-1.));
#9590 = DIRECTION('',(0.859208987108,-0.51162478094,5.500737757055E-17)
  );
#9591 = PCURVE('',#9152,#9592);
#9592 = DEFINITIONAL_REPRESENTATION('',(#9593),#9597);
#9593 = LINE('',#9594,#9595);
#9594 = CARTESIAN_POINT('',(0.,0.91));
#9595 = VECTOR('',#9596,1.);
#9596 = DIRECTION('',(1.,0.));
#9597 = ( GEOMETRIC_REPRESENTATION_CONTEXT(2) 
PARAMETRIC_REPRESENTATION_CONTEXT() REPRESENTATION_CONTEXT('2D SPACE',''
  ) );
#9598 = PCURVE('',#977,#9599);
#9599 = DEFINITIONAL_REPRESENTATION('',(#9600),#9604);
#9600 = CIRCLE('',#9601,9.35E-02);
#9601 = AXIS2_PLACEMENT_2D('',#9602,#9603);
#9602 = CARTESIAN_POINT('',(-1.072837303805,-0.607850391466));
#9603 = DIRECTION('',(0.670964567011,0.741489413151));
#9604 = ( GEOMETRIC_REPRESENTATION_CONTEXT(2) 
PARAMETRIC_REPRESENTATION_CONTEXT() REPRESENTATION_CONTEXT('2D SPACE',''
  ) );
#9605 = ORIENTED_EDGE('',*,*,#9246,.F.);
#9606 = ADVANCED_FACE('',(#9607),#9621,.F.);
#9607 = FACE_BOUND('',#9608,.T.);
#9608 = EDGE_LOOP('',(#9609,#9639,#9662,#9685));
#9609 = ORIENTED_EDGE('',*,*,#9610,.F.);
#9610 = EDGE_CURVE('',#9611,#9613,#9615,.T.);
#9611 = VERTEX_POINT('',#9612);
#9612 = CARTESIAN_POINT('',(-0.379712054074,-1.308477416536,3.8000001));
#9613 = VERTEX_POINT('',#9614);
#9614 = CARTESIAN_POINT('',(-0.355625225177,-1.22649010152,3.8000001));
#9615 = SURFACE_CURVE('',#9616,(#9620,#9632),.PCURVE_S1.);
#9616 = LINE('',#9617,#9618);
#9617 = CARTESIAN_POINT('',(-0.217114188142,-0.755022974187,3.8000001));
#9618 = VECTOR('',#9619,1.);
#9619 = DIRECTION('',(0.28187456158,0.959451265846,2.870030365553E-17));
#9620 = PCURVE('',#9621,#9626);
#9621 = PLANE('',#9622);
#9622 = AXIS2_PLACEMENT_3D('',#9623,#9624,#9625);
#9623 = CARTESIAN_POINT('',(-0.379712054074,-1.308477416536,4.2100001));
#9624 = DIRECTION('',(-0.959451265846,0.28187456158,-5.523360216593E-17)
  );
#9625 = DIRECTION('',(0.28187456158,0.959451265846,2.870030365553E-17));
#9626 = DEFINITIONAL_REPRESENTATION('',(#9627),#9631);
#9627 = LINE('',#9628,#9629);
#9628 = CARTESIAN_POINT('',(0.576844767474,0.41));
#9629 = VECTOR('',#9630,1.);
#9630 = DIRECTION('',(1.,-1.387778780781E-17));
#9631 = ( GEOMETRIC_REPRESENTATION_CONTEXT(2) 
PARAMETRIC_REPRESENTATION_CONTEXT() REPRESENTATION_CONTEXT('2D SPACE',''
  ) );
#9632 = PCURVE('',#880,#9633);
#9633 = DEFINITIONAL_REPRESENTATION('',(#9634),#9638);
#9634 = LINE('',#9635,#9636);
#9635 = CARTESIAN_POINT('',(0.433025152752,0.405261696539));
#9636 = VECTOR('',#9637,1.);
#9637 = DIRECTION('',(-0.551332057272,-0.834285899811));
#9638 = ( GEOMETRIC_REPRESENTATION_CONTEXT(2) 
PARAMETRIC_REPRESENTATION_CONTEXT() REPRESENTATION_CONTEXT('2D SPACE',''
  ) );
#9639 = ORIENTED_EDGE('',*,*,#9640,.T.);
#9640 = EDGE_CURVE('',#9611,#9641,#9643,.T.);
#9641 = VERTEX_POINT('',#9642);
#9642 = CARTESIAN_POINT('',(-0.379712054074,-1.308477416536,3.3000001));
#9643 = SURFACE_CURVE('',#9644,(#9648,#9655),.PCURVE_S1.);
#9644 = LINE('',#9645,#9646);
#9645 = CARTESIAN_POINT('',(-0.379712054074,-1.308477416536,4.2100001));
#9646 = VECTOR('',#9647,1.);
#9647 = DIRECTION('',(5.551115123126E-17,9.84654534872E-19,-1.));
#9648 = PCURVE('',#9621,#9649);
#9649 = DEFINITIONAL_REPRESENTATION('',(#9650),#9654);
#9650 = LINE('',#9651,#9652);
#9651 = CARTESIAN_POINT('',(0.,0.));
#9652 = VECTOR('',#9653,1.);
#9653 = DIRECTION('',(-1.387778780781E-17,1.));
#9654 = ( GEOMETRIC_REPRESENTATION_CONTEXT(2) 
PARAMETRIC_REPRESENTATION_CONTEXT() REPRESENTATION_CONTEXT('2D SPACE',''
  ) );
#9655 = PCURVE('',#9546,#9656);
#9656 = DEFINITIONAL_REPRESENTATION('',(#9657),#9661);
#9657 = LINE('',#9658,#9659);
#9658 = CARTESIAN_POINT('',(0.,0.));
#9659 = VECTOR('',#9660,1.);
#9660 = DIRECTION('',(0.,1.));
#9661 = ( GEOMETRIC_REPRESENTATION_CONTEXT(2) 
PARAMETRIC_REPRESENTATION_CONTEXT() REPRESENTATION_CONTEXT('2D SPACE',''
  ) );
#9662 = ORIENTED_EDGE('',*,*,#9663,.F.);
#9663 = EDGE_CURVE('',#9664,#9641,#9666,.T.);
#9664 = VERTEX_POINT('',#9665);
#9665 = CARTESIAN_POINT('',(-0.355625225177,-1.22649010152,3.3000001));
#9666 = SURFACE_CURVE('',#9667,(#9671,#9678),.PCURVE_S1.);
#9667 = LINE('',#9668,#9669);
#9668 = CARTESIAN_POINT('',(-0.358512405552,-1.236317554023,3.3000001));
#9669 = VECTOR('',#9670,1.);
#9670 = DIRECTION('',(-0.28187456158,-0.959451265846,-2.870030365553E-17
    ));
#9671 = PCURVE('',#9621,#9672);
#9672 = DEFINITIONAL_REPRESENTATION('',(#9673),#9677);
#9673 = LINE('',#9674,#9675);
#9674 = CARTESIAN_POINT('',(7.520951306447E-02,0.91));
#9675 = VECTOR('',#9676,1.);
#9676 = DIRECTION('',(-1.,1.387778780781E-17));
#9677 = ( GEOMETRIC_REPRESENTATION_CONTEXT(2) 
PARAMETRIC_REPRESENTATION_CONTEXT() REPRESENTATION_CONTEXT('2D SPACE',''
  ) );
#9678 = PCURVE('',#977,#9679);
#9679 = DEFINITIONAL_REPRESENTATION('',(#9680),#9684);
#9680 = LINE('',#9681,#9682);
#9681 = CARTESIAN_POINT('',(-0.709592749565,-0.378781083859));
#9682 = VECTOR('',#9683,1.);
#9683 = DIRECTION('',(-0.551332057272,0.834285899811));
#9684 = ( GEOMETRIC_REPRESENTATION_CONTEXT(2) 
PARAMETRIC_REPRESENTATION_CONTEXT() REPRESENTATION_CONTEXT('2D SPACE',''
  ) );
#9685 = ORIENTED_EDGE('',*,*,#9686,.F.);
#9686 = EDGE_CURVE('',#9613,#9664,#9687,.T.);
#9687 = SURFACE_CURVE('',#9688,(#9692,#9699),.PCURVE_S1.);
#9688 = LINE('',#9689,#9690);
#9689 = CARTESIAN_POINT('',(-0.355625225177,-1.22649010152,4.2100001));
#9690 = VECTOR('',#9691,1.);
#9691 = DIRECTION('',(5.551115123126E-17,9.84654534872E-19,-1.));
#9692 = PCURVE('',#9621,#9693);
#9693 = DEFINITIONAL_REPRESENTATION('',(#9694),#9698);
#9694 = LINE('',#9695,#9696);
#9695 = CARTESIAN_POINT('',(8.545229751107E-02,6.331740687315E-17));
#9696 = VECTOR('',#9697,1.);
#9697 = DIRECTION('',(-1.387778780781E-17,1.));
#9698 = ( GEOMETRIC_REPRESENTATION_CONTEXT(2) 
PARAMETRIC_REPRESENTATION_CONTEXT() REPRESENTATION_CONTEXT('2D SPACE',''
  ) );
#9699 = PCURVE('',#9700,#9705);
#9700 = CYLINDRICAL_SURFACE('',#9701,0.10404056416);
#9701 = AXIS2_PLACEMENT_3D('',#9702,#9703,#9704);
#9702 = CARTESIAN_POINT('',(-0.255803374194,-1.255816489929,4.2100001));
#9703 = DIRECTION('',(5.551115123126E-17,9.84654534872E-19,-1.));
#9704 = DIRECTION('',(0.959451265846,-0.28187456158,1.107447533972E-16)
  );
#9705 = DEFINITIONAL_REPRESENTATION('',(#9706),#9710);
#9706 = LINE('',#9707,#9708);
#9707 = CARTESIAN_POINT('',(3.14159265359,0.));
#9708 = VECTOR('',#9709,1.);
#9709 = DIRECTION('',(0.,1.));
#9710 = ( GEOMETRIC_REPRESENTATION_CONTEXT(2) 
PARAMETRIC_REPRESENTATION_CONTEXT() REPRESENTATION_CONTEXT('2D SPACE',''
  ) );
#9711 = ADVANCED_FACE('',(#9712),#9700,.F.);
#9712 = FACE_BOUND('',#9713,.F.);
#9713 = EDGE_LOOP('',(#9714,#9744,#9770,#9771));
#9714 = ORIENTED_EDGE('',*,*,#9715,.T.);
#9715 = EDGE_CURVE('',#9716,#9718,#9720,.T.);
#9716 = VERTEX_POINT('',#9717);
#9717 = CARTESIAN_POINT('',(-0.15255058165,-1.268595371829,3.8000001));
#9718 = VERTEX_POINT('',#9719);
#9719 = CARTESIAN_POINT('',(-0.15255058165,-1.268595371829,3.3000001));
#9720 = SURFACE_CURVE('',#9721,(#9725,#9732),.PCURVE_S1.);
#9721 = LINE('',#9722,#9723);
#9722 = CARTESIAN_POINT('',(-0.15255058165,-1.268595371829,4.2100001));
#9723 = VECTOR('',#9724,1.);
#9724 = DIRECTION('',(5.551115123126E-17,9.84654534872E-19,-1.));
#9725 = PCURVE('',#9700,#9726);
#9726 = DEFINITIONAL_REPRESENTATION('',(#9727),#9731);
#9727 = LINE('',#9728,#9729);
#9728 = CARTESIAN_POINT('',(6.120574874859,0.));
#9729 = VECTOR('',#9730,1.);
#9730 = DIRECTION('',(0.,1.));
#9731 = ( GEOMETRIC_REPRESENTATION_CONTEXT(2) 
PARAMETRIC_REPRESENTATION_CONTEXT() REPRESENTATION_CONTEXT('2D SPACE',''
  ) );
#9732 = PCURVE('',#9733,#9738);
#9733 = PLANE('',#9734);
#9734 = AXIS2_PLACEMENT_3D('',#9735,#9736,#9737);
#9735 = CARTESIAN_POINT('',(-0.15255058165,-1.268595371829,4.2100001));
#9736 = DIRECTION('',(0.992428226217,-0.122825957387,1.109013613266E-16)
  );
#9737 = DIRECTION('',(-0.122825957387,-0.992428226217,
    -7.916092857387E-18));
#9738 = DEFINITIONAL_REPRESENTATION('',(#9739),#9743);
#9739 = LINE('',#9740,#9741);
#9740 = CARTESIAN_POINT('',(-0.,0.));
#9741 = VECTOR('',#9742,1.);
#9742 = DIRECTION('',(6.766584349682E-18,1.));
#9743 = ( GEOMETRIC_REPRESENTATION_CONTEXT(2) 
PARAMETRIC_REPRESENTATION_CONTEXT() REPRESENTATION_CONTEXT('2D SPACE',''
  ) );
#9744 = ORIENTED_EDGE('',*,*,#9745,.T.);
#9745 = EDGE_CURVE('',#9718,#9664,#9746,.T.);
#9746 = SURFACE_CURVE('',#9747,(#9752,#9759),.PCURVE_S1.);
#9747 = CIRCLE('',#9748,0.10404056416);
#9748 = AXIS2_PLACEMENT_3D('',#9749,#9750,#9751);
#9749 = CARTESIAN_POINT('',(-0.255803374194,-1.255816489929,3.3000001));
#9750 = DIRECTION('',(-1.182558746969E-16,-9.635474940745E-18,1.));
#9751 = DIRECTION('',(0.959451265846,-0.28187456158,1.107447533972E-16)
  );
#9752 = PCURVE('',#9700,#9753);
#9753 = DEFINITIONAL_REPRESENTATION('',(#9754),#9758);
#9754 = LINE('',#9755,#9756);
#9755 = CARTESIAN_POINT('',(6.28318530718,0.91));
#9756 = VECTOR('',#9757,1.);
#9757 = DIRECTION('',(-1.,0.));
#9758 = ( GEOMETRIC_REPRESENTATION_CONTEXT(2) 
PARAMETRIC_REPRESENTATION_CONTEXT() REPRESENTATION_CONTEXT('2D SPACE',''
  ) );
#9759 = PCURVE('',#977,#9760);
#9760 = DEFINITIONAL_REPRESENTATION('',(#9761),#9769);
#9761 = ( BOUNDED_CURVE() B_SPLINE_CURVE(2,(#9762,#9763,#9764,#9765,
#9766,#9767,#9768),.UNSPECIFIED.,.T.,.F.) B_SPLINE_CURVE_WITH_KNOTS((1,2
    ,2,2,2,1),(-2.094395102393,0.,2.094395102393,4.188790204786,
6.28318530718,8.377580409573),.UNSPECIFIED.) CURVE() 
GEOMETRIC_REPRESENTATION_ITEM() RATIONAL_B_SPLINE_CURVE((1.,0.5,1.,0.5,
1.,0.5,1.)) REPRESENTATION_ITEM('') );
#9762 = CARTESIAN_POINT('',(-0.53034642277,-0.272604697942));
#9763 = CARTESIAN_POINT('',(-0.430994432585,-0.422945973107));
#9764 = CARTESIAN_POINT('',(-0.610869791208,-0.433816682941));
#9765 = CARTESIAN_POINT('',(-0.790745149831,-0.444687392776));
#9766 = CARTESIAN_POINT('',(-0.710221781393,-0.283475407776));
#9767 = CARTESIAN_POINT('',(-0.629698412956,-0.122263422776));
#9768 = CARTESIAN_POINT('',(-0.53034642277,-0.272604697942));
#9769 = ( GEOMETRIC_REPRESENTATION_CONTEXT(2) 
PARAMETRIC_REPRESENTATION_CONTEXT() REPRESENTATION_CONTEXT('2D SPACE',''
  ) );
#9770 = ORIENTED_EDGE('',*,*,#9686,.F.);
#9771 = ORIENTED_EDGE('',*,*,#9772,.T.);
#9772 = EDGE_CURVE('',#9613,#9716,#9773,.T.);
#9773 = SURFACE_CURVE('',#9774,(#9779,#9786),.PCURVE_S1.);
#9774 = CIRCLE('',#9775,0.10404056416);
#9775 = AXIS2_PLACEMENT_3D('',#9776,#9777,#9778);
#9776 = CARTESIAN_POINT('',(-0.255803374194,-1.255816489929,3.8000001));
#9777 = DIRECTION('',(1.182558746969E-16,9.635474940745E-18,-1.));
#9778 = DIRECTION('',(0.959451265846,-0.28187456158,1.107447533972E-16)
  );
#9779 = PCURVE('',#9700,#9780);
#9780 = DEFINITIONAL_REPRESENTATION('',(#9781),#9785);
#9781 = LINE('',#9782,#9783);
#9782 = CARTESIAN_POINT('',(0.,0.41));
#9783 = VECTOR('',#9784,1.);
#9784 = DIRECTION('',(1.,0.));
#9785 = ( GEOMETRIC_REPRESENTATION_CONTEXT(2) 
PARAMETRIC_REPRESENTATION_CONTEXT() REPRESENTATION_CONTEXT('2D SPACE',''
  ) );
#9786 = PCURVE('',#880,#9787);
#9787 = DEFINITIONAL_REPRESENTATION('',(#9788),#9796);
#9788 = ( BOUNDED_CURVE() B_SPLINE_CURVE(2,(#9789,#9790,#9791,#9792,
#9793,#9794,#9795),.UNSPECIFIED.,.T.,.F.) B_SPLINE_CURVE_WITH_KNOTS((1,2
    ,2,2,2,1),(-2.094395102393,0.,2.094395102393,4.188790204786,
6.28318530718,8.377580409573),.UNSPECIFIED.) CURVE() 
GEOMETRIC_REPRESENTATION_ITEM() RATIONAL_B_SPLINE_CURVE((1.,0.5,1.,0.5,
1.,0.5,1.)) REPRESENTATION_ITEM('') );
#9789 = CARTESIAN_POINT('',(0.53034642277,0.929945302058));
#9790 = CARTESIAN_POINT('',(0.629698412956,1.080286577224));
#9791 = CARTESIAN_POINT('',(0.710221781393,0.919074592224));
#9792 = CARTESIAN_POINT('',(0.790745149831,0.757862607224));
#9793 = CARTESIAN_POINT('',(0.610869791208,0.768733317059));
#9794 = CARTESIAN_POINT('',(0.430994432585,0.779604026893));
#9795 = CARTESIAN_POINT('',(0.53034642277,0.929945302058));
#9796 = ( GEOMETRIC_REPRESENTATION_CONTEXT(2) 
PARAMETRIC_REPRESENTATION_CONTEXT() REPRESENTATION_CONTEXT('2D SPACE',''
  ) );
#9797 = ADVANCED_FACE('',(#9798),#9733,.F.);
#9798 = FACE_BOUND('',#9799,.T.);
#9799 = EDGE_LOOP('',(#9800,#9823,#9824,#9847));
#9800 = ORIENTED_EDGE('',*,*,#9801,.F.);
#9801 = EDGE_CURVE('',#9716,#9802,#9804,.T.);
#9802 = VERTEX_POINT('',#9803);
#9803 = CARTESIAN_POINT('',(-0.163046341903,-1.353400643874,3.8000001));
#9804 = SURFACE_CURVE('',#9805,(#9809,#9816),.PCURVE_S1.);
#9805 = LINE('',#9806,#9807);
#9806 = CARTESIAN_POINT('',(-8.814837139451E-02,-0.748228401782,
    3.8000001));
#9807 = VECTOR('',#9808,1.);
#9808 = DIRECTION('',(-0.122825957387,-0.992428226217,5.961694950428E-18
    ));
#9809 = PCURVE('',#9733,#9810);
#9810 = DEFINITIONAL_REPRESENTATION('',(#9811),#9815);
#9811 = LINE('',#9812,#9813);
#9812 = CARTESIAN_POINT('',(-0.524337132198,0.41));
#9813 = VECTOR('',#9814,1.);
#9814 = DIRECTION('',(1.,-1.387778780781E-17));
#9815 = ( GEOMETRIC_REPRESENTATION_CONTEXT(2) 
PARAMETRIC_REPRESENTATION_CONTEXT() REPRESENTATION_CONTEXT('2D SPACE',''
  ) );
#9816 = PCURVE('',#880,#9817);
#9817 = DEFINITIONAL_REPRESENTATION('',(#9818),#9822);
#9818 = LINE('',#9819,#9820);
#9819 = CARTESIAN_POINT('',(0.307755152883,0.436658754309));
#9820 = VECTOR('',#9821,1.);
#9821 = DIRECTION('',(0.408992393846,0.912537791971));
#9822 = ( GEOMETRIC_REPRESENTATION_CONTEXT(2) 
PARAMETRIC_REPRESENTATION_CONTEXT() REPRESENTATION_CONTEXT('2D SPACE',''
  ) );
#9823 = ORIENTED_EDGE('',*,*,#9715,.T.);
#9824 = ORIENTED_EDGE('',*,*,#9825,.F.);
#9825 = EDGE_CURVE('',#9826,#9718,#9828,.T.);
#9826 = VERTEX_POINT('',#9827);
#9827 = CARTESIAN_POINT('',(-0.163046341903,-1.353400643874,3.3000001));
#9828 = SURFACE_CURVE('',#9829,(#9833,#9840),.PCURVE_S1.);
#9829 = LINE('',#9830,#9831);
#9830 = CARTESIAN_POINT('',(-0.155541274408,-1.292760035162,3.3000001));
#9831 = VECTOR('',#9832,1.);
#9832 = DIRECTION('',(0.122825957387,0.992428226217,-5.961694950428E-18)
  );
#9833 = PCURVE('',#9733,#9834);
#9834 = DEFINITIONAL_REPRESENTATION('',(#9835),#9839);
#9835 = LINE('',#9836,#9837);
#9836 = CARTESIAN_POINT('',(2.434902866957E-02,0.91));
#9837 = VECTOR('',#9838,1.);
#9838 = DIRECTION('',(-1.,1.387778780781E-17));
#9839 = ( GEOMETRIC_REPRESENTATION_CONTEXT(2) 
PARAMETRIC_REPRESENTATION_CONTEXT() REPRESENTATION_CONTEXT('2D SPACE',''
  ) );
#9840 = PCURVE('',#977,#9841);
#9841 = DEFINITIONAL_REPRESENTATION('',(#9842),#9846);
#9842 = LINE('',#9843,#9844);
#9843 = CARTESIAN_POINT('',(-0.532163619287,-0.265194387968));
#9844 = VECTOR('',#9845,1.);
#9845 = DIRECTION('',(0.408992393846,-0.912537791971));
#9846 = ( GEOMETRIC_REPRESENTATION_CONTEXT(2) 
PARAMETRIC_REPRESENTATION_CONTEXT() REPRESENTATION_CONTEXT('2D SPACE',''
  ) );
#9847 = ORIENTED_EDGE('',*,*,#9848,.F.);
#9848 = EDGE_CURVE('',#9802,#9826,#9849,.T.);
#9849 = SURFACE_CURVE('',#9850,(#9854,#9861),.PCURVE_S1.);
#9850 = LINE('',#9851,#9852);
#9851 = CARTESIAN_POINT('',(-0.163046341903,-1.353400643874,4.2100001));
#9852 = VECTOR('',#9853,1.);
#9853 = DIRECTION('',(5.551115123126E-17,9.84654534872E-19,-1.));
#9854 = PCURVE('',#9733,#9855);
#9855 = DEFINITIONAL_REPRESENTATION('',(#9856),#9860);
#9856 = LINE('',#9857,#9858);
#9857 = CARTESIAN_POINT('',(8.545229751107E-02,-1.244664094013E-16));
#9858 = VECTOR('',#9859,1.);
#9859 = DIRECTION('',(6.766584349682E-18,1.));
#9860 = ( GEOMETRIC_REPRESENTATION_CONTEXT(2) 
PARAMETRIC_REPRESENTATION_CONTEXT() REPRESENTATION_CONTEXT('2D SPACE',''
  ) );
#9861 = PCURVE('',#9862,#9867);
#9862 = CYLINDRICAL_SURFACE('',#9863,9.35E-02);
#9863 = AXIS2_PLACEMENT_3D('',#9864,#9865,#9866);
#9864 = CARTESIAN_POINT('',(-7.025430275187E-02,-1.36488487089,4.2100001
    ));
#9865 = DIRECTION('',(5.551115123126E-17,9.84654534872E-19,-1.));
#9866 = DIRECTION('',(-0.425479011845,-0.904968292527,-4.25244445566E-17
    ));
#9867 = DEFINITIONAL_REPRESENTATION('',(#9868),#9872);
#9868 = LINE('',#9869,#9870);
#9869 = CARTESIAN_POINT('',(1.254442096415,0.));
#9870 = VECTOR('',#9871,1.);
#9871 = DIRECTION('',(0.,1.));
#9872 = ( GEOMETRIC_REPRESENTATION_CONTEXT(2) 
PARAMETRIC_REPRESENTATION_CONTEXT() REPRESENTATION_CONTEXT('2D SPACE',''
  ) );
#9873 = ADVANCED_FACE('',(#9874),#9862,.T.);
#9874 = FACE_BOUND('',#9875,.T.);
#9875 = EDGE_LOOP('',(#9876,#9900,#9901,#9925));
#9876 = ORIENTED_EDGE('',*,*,#9877,.F.);
#9877 = EDGE_CURVE('',#9802,#9878,#9880,.T.);
#9878 = VERTEX_POINT('',#9879);
#9879 = CARTESIAN_POINT('',(-0.110036590359,-1.449499406241,3.8000001));
#9880 = SURFACE_CURVE('',#9881,(#9886,#9893),.PCURVE_S1.);
#9881 = CIRCLE('',#9882,9.35E-02);
#9882 = AXIS2_PLACEMENT_3D('',#9883,#9884,#9885);
#9883 = CARTESIAN_POINT('',(-7.025430275187E-02,-1.36488487089,3.8000001
    ));
#9884 = DIRECTION('',(-6.794995407516E-17,-1.504269857207E-17,1.));
#9885 = DIRECTION('',(-0.425479011845,-0.904968292527,-4.25244445566E-17
    ));
#9886 = PCURVE('',#9862,#9887);
#9887 = DEFINITIONAL_REPRESENTATION('',(#9888),#9892);
#9888 = LINE('',#9889,#9890);
#9889 = CARTESIAN_POINT('',(6.28318530718,0.41));
#9890 = VECTOR('',#9891,1.);
#9891 = DIRECTION('',(-1.,0.));
#9892 = ( GEOMETRIC_REPRESENTATION_CONTEXT(2) 
PARAMETRIC_REPRESENTATION_CONTEXT() REPRESENTATION_CONTEXT('2D SPACE',''
  ) );
#9893 = PCURVE('',#880,#9894);
#9894 = DEFINITIONAL_REPRESENTATION('',(#9895),#9899);
#9895 = CIRCLE('',#9896,9.35E-02);
#9896 = AXIS2_PLACEMENT_2D('',#9897,#9898);
#9897 = CARTESIAN_POINT('',(0.471832107933,1.031355442887));
#9898 = DIRECTION('',(0.67259049272,0.740014884379));
#9899 = ( GEOMETRIC_REPRESENTATION_CONTEXT(2) 
PARAMETRIC_REPRESENTATION_CONTEXT() REPRESENTATION_CONTEXT('2D SPACE',''
  ) );
#9900 = ORIENTED_EDGE('',*,*,#9848,.T.);
#9901 = ORIENTED_EDGE('',*,*,#9902,.F.);
#9902 = EDGE_CURVE('',#9903,#9826,#9905,.T.);
#9903 = VERTEX_POINT('',#9904);
#9904 = CARTESIAN_POINT('',(-0.110036590359,-1.449499406241,3.3000001));
#9905 = SURFACE_CURVE('',#9906,(#9911,#9918),.PCURVE_S1.);
#9906 = CIRCLE('',#9907,9.35E-02);
#9907 = AXIS2_PLACEMENT_3D('',#9908,#9909,#9910);
#9908 = CARTESIAN_POINT('',(-7.025430275187E-02,-1.36488487089,3.3000001
    ));
#9909 = DIRECTION('',(6.794995407516E-17,1.504269857207E-17,-1.));
#9910 = DIRECTION('',(-0.425479011845,-0.904968292527,-4.25244445566E-17
    ));
#9911 = PCURVE('',#9862,#9912);
#9912 = DEFINITIONAL_REPRESENTATION('',(#9913),#9917);
#9913 = LINE('',#9914,#9915);
#9914 = CARTESIAN_POINT('',(0.,0.91));
#9915 = VECTOR('',#9916,1.);
#9916 = DIRECTION('',(1.,0.));
#9917 = ( GEOMETRIC_REPRESENTATION_CONTEXT(2) 
PARAMETRIC_REPRESENTATION_CONTEXT() REPRESENTATION_CONTEXT('2D SPACE',''
  ) );
#9918 = PCURVE('',#977,#9919);
#9919 = DEFINITIONAL_REPRESENTATION('',(#9920),#9924);
#9920 = CIRCLE('',#9921,9.35E-02);
#9921 = AXIS2_PLACEMENT_2D('',#9922,#9923);
#9922 = CARTESIAN_POINT('',(-0.471832107933,-0.171194557113));
#9923 = DIRECTION('',(-0.67259049272,0.740014884379));
#9924 = ( GEOMETRIC_REPRESENTATION_CONTEXT(2) 
PARAMETRIC_REPRESENTATION_CONTEXT() REPRESENTATION_CONTEXT('2D SPACE',''
  ) );
#9925 = ORIENTED_EDGE('',*,*,#9926,.F.);
#9926 = EDGE_CURVE('',#9878,#9903,#9927,.T.);
#9927 = SURFACE_CURVE('',#9928,(#9932,#9939),.PCURVE_S1.);
#9928 = LINE('',#9929,#9930);
#9929 = CARTESIAN_POINT('',(-0.110036590359,-1.449499406241,4.2100001));
#9930 = VECTOR('',#9931,1.);
#9931 = DIRECTION('',(5.551115123126E-17,9.84654534872E-19,-1.));
#9932 = PCURVE('',#9862,#9933);
#9933 = DEFINITIONAL_REPRESENTATION('',(#9934),#9938);
#9934 = LINE('',#9935,#9936);
#9935 = CARTESIAN_POINT('',(0.,0.));
#9936 = VECTOR('',#9937,1.);
#9937 = DIRECTION('',(0.,1.));
#9938 = ( GEOMETRIC_REPRESENTATION_CONTEXT(2) 
PARAMETRIC_REPRESENTATION_CONTEXT() REPRESENTATION_CONTEXT('2D SPACE',''
  ) );
#9939 = PCURVE('',#9940,#9945);
#9940 = CYLINDRICAL_SURFACE('',#9941,9.35E-02);
#9941 = AXIS2_PLACEMENT_3D('',#9942,#9943,#9944);
#9942 = CARTESIAN_POINT('',(-0.136049609381,-1.359690871895,4.2100001));
#9943 = DIRECTION('',(5.551115123126E-17,9.84654534872E-19,-1.));
#9944 = DIRECTION('',(0.999407692936,-3.441312685312E-02,
    1.109884174211E-16));
#9945 = DEFINITIONAL_REPRESENTATION('',(#9946),#9950);
#9946 = LINE('',#9947,#9948);
#9947 = CARTESIAN_POINT('',(1.254442096415,0.));
#9948 = VECTOR('',#9949,1.);
#9949 = DIRECTION('',(0.,1.));
#9950 = ( GEOMETRIC_REPRESENTATION_CONTEXT(2) 
PARAMETRIC_REPRESENTATION_CONTEXT() REPRESENTATION_CONTEXT('2D SPACE',''
  ) );
#9951 = ADVANCED_FACE('',(#9952),#9546,.T.);
#9952 = FACE_BOUND('',#9953,.T.);
#9953 = EDGE_LOOP('',(#9954,#9976,#9977,#9999));
#9954 = ORIENTED_EDGE('',*,*,#9955,.F.);
#9955 = EDGE_CURVE('',#9484,#9611,#9956,.T.);
#9956 = SURFACE_CURVE('',#9957,(#9962,#9969),.PCURVE_S1.);
#9957 = CIRCLE('',#9958,9.35E-02);
#9958 = AXIS2_PLACEMENT_3D('',#9959,#9960,#9961);
#9959 = CARTESIAN_POINT('',(-0.46942074743,-1.282122145029,3.8000001));
#9960 = DIRECTION('',(-5.717203967144E-17,1.347465801869E-18,1.));
#9961 = DIRECTION('',(0.959451265846,-0.28187456158,5.523360216593E-17)
  );
#9962 = PCURVE('',#9546,#9963);
#9963 = DEFINITIONAL_REPRESENTATION('',(#9964),#9968);
#9964 = LINE('',#9965,#9966);
#9965 = CARTESIAN_POINT('',(6.28318530718,0.41));
#9966 = VECTOR('',#9967,1.);
#9967 = DIRECTION('',(-1.,0.));
#9968 = ( GEOMETRIC_REPRESENTATION_CONTEXT(2) 
PARAMETRIC_REPRESENTATION_CONTEXT() REPRESENTATION_CONTEXT('2D SPACE',''
  ) );
#9969 = PCURVE('',#880,#9970);
#9970 = DEFINITIONAL_REPRESENTATION('',(#9971),#9975);
#9971 = CIRCLE('',#9972,9.35E-02);
#9972 = AXIS2_PLACEMENT_2D('',#9973,#9974);
#9973 = CARTESIAN_POINT('',(0.829063896762,0.834965605067));
#9974 = DIRECTION('',(-0.834285899811,0.551332057272));
#9975 = ( GEOMETRIC_REPRESENTATION_CONTEXT(2) 
PARAMETRIC_REPRESENTATION_CONTEXT() REPRESENTATION_CONTEXT('2D SPACE',''
  ) );
#9976 = ORIENTED_EDGE('',*,*,#9532,.T.);
#9977 = ORIENTED_EDGE('',*,*,#9978,.F.);
#9978 = EDGE_CURVE('',#9641,#9509,#9979,.T.);
#9979 = SURFACE_CURVE('',#9980,(#9985,#9992),.PCURVE_S1.);
#9980 = CIRCLE('',#9981,9.35E-02);
#9981 = AXIS2_PLACEMENT_3D('',#9982,#9983,#9984);
#9982 = CARTESIAN_POINT('',(-0.46942074743,-1.282122145029,3.3000001));
#9983 = DIRECTION('',(5.717203967144E-17,-1.347465801869E-18,-1.));
#9984 = DIRECTION('',(0.959451265846,-0.28187456158,5.523360216593E-17)
  );
#9985 = PCURVE('',#9546,#9986);
#9986 = DEFINITIONAL_REPRESENTATION('',(#9987),#9991);
#9987 = LINE('',#9988,#9989);
#9988 = CARTESIAN_POINT('',(0.,0.91));
#9989 = VECTOR('',#9990,1.);
#9990 = DIRECTION('',(1.,0.));
#9991 = ( GEOMETRIC_REPRESENTATION_CONTEXT(2) 
PARAMETRIC_REPRESENTATION_CONTEXT() REPRESENTATION_CONTEXT('2D SPACE',''
  ) );
#9992 = PCURVE('',#977,#9993);
#9993 = DEFINITIONAL_REPRESENTATION('',(#9994),#9998);
#9994 = CIRCLE('',#9995,9.35E-02);
#9995 = AXIS2_PLACEMENT_2D('',#9996,#9997);
#9996 = CARTESIAN_POINT('',(-0.829063896762,-0.367584394933));
#9997 = DIRECTION('',(0.834285899811,0.551332057272));
#9998 = ( GEOMETRIC_REPRESENTATION_CONTEXT(2) 
PARAMETRIC_REPRESENTATION_CONTEXT() REPRESENTATION_CONTEXT('2D SPACE',''
  ) );
#9999 = ORIENTED_EDGE('',*,*,#9640,.F.);
#10000 = ADVANCED_FACE('',(#10001),#10015,.F.);
#10001 = FACE_BOUND('',#10002,.T.);
#10002 = EDGE_LOOP('',(#10003,#10033,#10056,#10079));
#10003 = ORIENTED_EDGE('',*,*,#10004,.F.);
#10004 = EDGE_CURVE('',#10005,#10007,#10009,.T.);
#10005 = VERTEX_POINT('',#10006);
#10006 = CARTESIAN_POINT('',(-4.260499009162E-02,-1.362908499256,
    3.8000001));
#10007 = VERTEX_POINT('',#10008);
#10008 = CARTESIAN_POINT('',(-3.966430933748E-02,-1.277506815744,
    3.8000001));
#10009 = SURFACE_CURVE('',#10010,(#10014,#10026),.PCURVE_S1.);
#10010 = LINE('',#10011,#10012);
#10011 = CARTESIAN_POINT('',(-2.323101025526E-02,-0.800259700328,
    3.8000001));
#10012 = VECTOR('',#10013,1.);
#10013 = DIRECTION('',(3.441312685312E-02,0.999407692936,
    4.453518268989E-18));
#10014 = PCURVE('',#10015,#10020);
#10015 = PLANE('',#10016);
#10016 = AXIS2_PLACEMENT_3D('',#10017,#10018,#10019);
#10017 = CARTESIAN_POINT('',(-4.260499009162E-02,-1.362908499256,
    4.2100001));
#10018 = DIRECTION('',(-0.999407692936,3.441312685312E-02,
    -1.109884174211E-16));
#10019 = DIRECTION('',(3.441312685312E-02,0.999407692936,
    4.453518268989E-18));
#10020 = DEFINITIONAL_REPRESENTATION('',(#10021),#10025);
#10021 = LINE('',#10022,#10023);
#10022 = CARTESIAN_POINT('',(0.562982257295,0.41));
#10023 = VECTOR('',#10024,1.);
#10024 = DIRECTION('',(1.,2.85216063746E-33));
#10025 = ( GEOMETRIC_REPRESENTATION_CONTEXT(2) 
PARAMETRIC_REPRESENTATION_CONTEXT() REPRESENTATION_CONTEXT('2D SPACE',''
  ) );
#10026 = PCURVE('',#880,#10027);
#10027 = DEFINITIONAL_REPRESENTATION('',(#10028),#10032);
#10028 = LINE('',#10029,#10030);
#10029 = CARTESIAN_POINT('',(0.26099047376,0.505467072063));
#10030 = VECTOR('',#10031,1.);
#10031 = DIRECTION('',(-0.326532480577,-0.945185981238));
#10032 = ( GEOMETRIC_REPRESENTATION_CONTEXT(2) 
PARAMETRIC_REPRESENTATION_CONTEXT() REPRESENTATION_CONTEXT('2D SPACE',''
  ) );
#10033 = ORIENTED_EDGE('',*,*,#10034,.T.);
#10034 = EDGE_CURVE('',#10005,#10035,#10037,.T.);
#10035 = VERTEX_POINT('',#10036);
#10036 = CARTESIAN_POINT('',(-4.260499009162E-02,-1.362908499256,
    3.3000001));
#10037 = SURFACE_CURVE('',#10038,(#10042,#10049),.PCURVE_S1.);
#10038 = LINE('',#10039,#10040);
#10039 = CARTESIAN_POINT('',(-4.260499009162E-02,-1.362908499256,
    4.2100001));
#10040 = VECTOR('',#10041,1.);
#10041 = DIRECTION('',(5.551115123126E-17,9.84654534872E-19,-1.));
#10042 = PCURVE('',#10015,#10043);
#10043 = DEFINITIONAL_REPRESENTATION('',(#10044),#10048);
#10044 = LINE('',#10045,#10046);
#10045 = CARTESIAN_POINT('',(0.,0.));
#10046 = VECTOR('',#10047,1.);
#10047 = DIRECTION('',(-3.643904273598E-18,1.));
#10048 = ( GEOMETRIC_REPRESENTATION_CONTEXT(2) 
PARAMETRIC_REPRESENTATION_CONTEXT() REPRESENTATION_CONTEXT('2D SPACE',''
  ) );
#10049 = PCURVE('',#9940,#10050);
#10050 = DEFINITIONAL_REPRESENTATION('',(#10051),#10055);
#10051 = LINE('',#10052,#10053);
#10052 = CARTESIAN_POINT('',(0.,0.));
#10053 = VECTOR('',#10054,1.);
#10054 = DIRECTION('',(0.,1.));
#10055 = ( GEOMETRIC_REPRESENTATION_CONTEXT(2) 
PARAMETRIC_REPRESENTATION_CONTEXT() REPRESENTATION_CONTEXT('2D SPACE',''
  ) );
#10056 = ORIENTED_EDGE('',*,*,#10057,.F.);
#10057 = EDGE_CURVE('',#10058,#10035,#10060,.T.);
#10058 = VERTEX_POINT('',#10059);
#10059 = CARTESIAN_POINT('',(-3.966430933748E-02,-1.277506815744,
    3.3000001));
#10060 = SURFACE_CURVE('',#10061,(#10065,#10072),.PCURVE_S1.);
#10061 = LINE('',#10062,#10063);
#10062 = CARTESIAN_POINT('',(-4.278856497501E-02,-1.368239783201,
    3.3000001));
#10063 = VECTOR('',#10064,1.);
#10064 = DIRECTION('',(-3.441312685312E-02,-0.999407692936,
    -4.453518268989E-18));
#10065 = PCURVE('',#10015,#10066);
#10066 = DEFINITIONAL_REPRESENTATION('',(#10067),#10071);
#10067 = LINE('',#10068,#10069);
#10068 = CARTESIAN_POINT('',(-5.334443573431E-03,0.91));
#10069 = VECTOR('',#10070,1.);
#10070 = DIRECTION('',(-1.,-2.85216063746E-33));
#10071 = ( GEOMETRIC_REPRESENTATION_CONTEXT(2) 
PARAMETRIC_REPRESENTATION_CONTEXT() REPRESENTATION_CONTEXT('2D SPACE',''
  ) );
#10072 = PCURVE('',#977,#10073);
#10073 = DEFINITIONAL_REPRESENTATION('',(#10074),#10078);
#10074 = LINE('',#10075,#10076);
#10075 = CARTESIAN_POINT('',(-0.446564335848,-0.159917949372));
#10076 = VECTOR('',#10077,1.);
#10077 = DIRECTION('',(-0.326532480577,0.945185981238));
#10078 = ( GEOMETRIC_REPRESENTATION_CONTEXT(2) 
PARAMETRIC_REPRESENTATION_CONTEXT() REPRESENTATION_CONTEXT('2D SPACE',''
  ) );
#10079 = ORIENTED_EDGE('',*,*,#10080,.F.);
#10080 = EDGE_CURVE('',#10007,#10058,#10081,.T.);
#10081 = SURFACE_CURVE('',#10082,(#10086,#10093),.PCURVE_S1.);
#10082 = LINE('',#10083,#10084);
#10083 = CARTESIAN_POINT('',(-3.966430933748E-02,-1.277506815744,
    4.2100001));
#10084 = VECTOR('',#10085,1.);
#10085 = DIRECTION('',(5.551115123126E-17,9.84654534872E-19,-1.));
#10086 = PCURVE('',#10015,#10087);
#10087 = DEFINITIONAL_REPRESENTATION('',(#10088),#10092);
#10088 = LINE('',#10089,#10090);
#10089 = CARTESIAN_POINT('',(8.545229751107E-02,-1.175275154974E-16));
#10090 = VECTOR('',#10091,1.);
#10091 = DIRECTION('',(-3.643904273598E-18,1.));
#10092 = ( GEOMETRIC_REPRESENTATION_CONTEXT(2) 
PARAMETRIC_REPRESENTATION_CONTEXT() REPRESENTATION_CONTEXT('2D SPACE',''
  ) );
#10093 = PCURVE('',#10094,#10099);
#10094 = CYLINDRICAL_SURFACE('',#10095,0.10404056416);
#10095 = AXIS2_PLACEMENT_3D('',#10096,#10097,#10098);
#10096 = CARTESIAN_POINT('',(6.431463086128E-02,-1.281087176876,
    4.2100001));
#10097 = DIRECTION('',(5.551115123126E-17,9.84654534872E-19,-1.));
#10098 = DIRECTION('',(0.999407692936,-3.441312685311E-02,
    5.547726618984E-17));
#10099 = DEFINITIONAL_REPRESENTATION('',(#10100),#10104);
#10100 = LINE('',#10101,#10102);
#10101 = CARTESIAN_POINT('',(3.14159265359,0.));
#10102 = VECTOR('',#10103,1.);
#10103 = DIRECTION('',(0.,1.));
#10104 = ( GEOMETRIC_REPRESENTATION_CONTEXT(2) 
PARAMETRIC_REPRESENTATION_CONTEXT() REPRESENTATION_CONTEXT('2D SPACE',''
  ) );
#10105 = ADVANCED_FACE('',(#10106),#10094,.F.);
#10106 = FACE_BOUND('',#10107,.F.);
#10107 = EDGE_LOOP('',(#10108,#10138,#10164,#10165));
#10108 = ORIENTED_EDGE('',*,*,#10109,.T.);
#10109 = EDGE_CURVE('',#10110,#10112,#10114,.T.);
#10110 = VERTEX_POINT('',#10111);
#10111 = CARTESIAN_POINT('',(0.167501525756,-1.267786661376,3.8000001));
#10112 = VERTEX_POINT('',#10113);
#10113 = CARTESIAN_POINT('',(0.167501525756,-1.267786661376,3.3000001));
#10114 = SURFACE_CURVE('',#10115,(#10119,#10126),.PCURVE_S1.);
#10115 = LINE('',#10116,#10117);
#10116 = CARTESIAN_POINT('',(0.167501525756,-1.267786661376,4.2100001));
#10117 = VECTOR('',#10118,1.);
#10118 = DIRECTION('',(5.551115123126E-17,9.84654534872E-19,-1.));
#10119 = PCURVE('',#10094,#10120);
#10120 = DEFINITIONAL_REPRESENTATION('',(#10121),#10125);
#10121 = LINE('',#10122,#10123);
#10122 = CARTESIAN_POINT('',(6.120574874859,0.));
#10123 = VECTOR('',#10124,1.);
#10124 = DIRECTION('',(0.,1.));
#10125 = ( GEOMETRIC_REPRESENTATION_CONTEXT(2) 
PARAMETRIC_REPRESENTATION_CONTEXT() REPRESENTATION_CONTEXT('2D SPACE',''
  ) );
#10126 = PCURVE('',#10127,#10132);
#10127 = PLANE('',#10128);
#10128 = AXIS2_PLACEMENT_3D('',#10129,#10130,#10131);
#10129 = CARTESIAN_POINT('',(0.167501525756,-1.267786661376,4.2100001));
#10130 = DIRECTION('',(0.991794842026,0.127839709522,5.563702918098E-17)
  );
#10131 = DIRECTION('',(0.127839709522,-0.991794842026,1.290121251895E-17
    ));
#10132 = DEFINITIONAL_REPRESENTATION('',(#10133),#10137);
#10133 = LINE('',#10134,#10135);
#10134 = CARTESIAN_POINT('',(0.,0.));
#10135 = VECTOR('',#10136,1.);
#10136 = DIRECTION('',(-6.938893903907E-18,1.));
#10137 = ( GEOMETRIC_REPRESENTATION_CONTEXT(2) 
PARAMETRIC_REPRESENTATION_CONTEXT() REPRESENTATION_CONTEXT('2D SPACE',''
  ) );
#10138 = ORIENTED_EDGE('',*,*,#10139,.T.);
#10139 = EDGE_CURVE('',#10112,#10058,#10140,.T.);
#10140 = SURFACE_CURVE('',#10141,(#10146,#10153),.PCURVE_S1.);
#10141 = CIRCLE('',#10142,0.10404056416);
#10142 = AXIS2_PLACEMENT_3D('',#10143,#10144,#10145);
#10143 = CARTESIAN_POINT('',(6.431463086128E-02,-1.281087176876,
    3.3000001));
#10144 = DIRECTION('',(-5.529917980717E-17,6.126745715237E-18,1.));
#10145 = DIRECTION('',(0.999407692936,-3.441312685311E-02,
    5.547726618984E-17));
#10146 = PCURVE('',#10094,#10147);
#10147 = DEFINITIONAL_REPRESENTATION('',(#10148),#10152);
#10148 = LINE('',#10149,#10150);
#10149 = CARTESIAN_POINT('',(6.28318530718,0.91));
#10150 = VECTOR('',#10151,1.);
#10151 = DIRECTION('',(-1.,0.));
#10152 = ( GEOMETRIC_REPRESENTATION_CONTEXT(2) 
PARAMETRIC_REPRESENTATION_CONTEXT() REPRESENTATION_CONTEXT('2D SPACE',''
  ) );
#10153 = PCURVE('',#977,#10154);
#10154 = DEFINITIONAL_REPRESENTATION('',(#10155),#10163);
#10155 = ( BOUNDED_CURVE() B_SPLINE_CURVE(2,(#10156,#10157,#10158,#10159
    ,#10160,#10161,#10162),.UNSPECIFIED.,.T.,.F.) 
B_SPLINE_CURVE_WITH_KNOTS((1,2,2,2,2,1),(-2.094395102393,0.,
    2.094395102393,4.188790204786,6.28318530718,8.377580409573),
.UNSPECIFIED.) CURVE() GEOMETRIC_REPRESENTATION_ITEM() 
RATIONAL_B_SPLINE_CURVE((1.,0.5,1.,0.5,1.,0.5,1.)) REPRESENTATION_ITEM(
  '') );
#10156 = CARTESIAN_POINT('',(-0.220244150631,-0.177783057336));
#10157 = CARTESIAN_POINT('',(-0.16140184067,-0.348108920113));
#10158 = CARTESIAN_POINT('',(-0.338329519736,-0.313904923968));
#10159 = CARTESIAN_POINT('',(-0.515257198802,-0.279700927823));
#10160 = CARTESIAN_POINT('',(-0.397171829697,-0.143579061192));
#10161 = CARTESIAN_POINT('',(-0.279086460592,-7.457194559872E-03));
#10162 = CARTESIAN_POINT('',(-0.220244150631,-0.177783057336));
#10163 = ( GEOMETRIC_REPRESENTATION_CONTEXT(2) 
PARAMETRIC_REPRESENTATION_CONTEXT() REPRESENTATION_CONTEXT('2D SPACE',''
  ) );
#10164 = ORIENTED_EDGE('',*,*,#10080,.F.);
#10165 = ORIENTED_EDGE('',*,*,#10166,.T.);
#10166 = EDGE_CURVE('',#10007,#10110,#10167,.T.);
#10167 = SURFACE_CURVE('',#10168,(#10173,#10180),.PCURVE_S1.);
#10168 = CIRCLE('',#10169,0.10404056416);
#10169 = AXIS2_PLACEMENT_3D('',#10170,#10171,#10172);
#10170 = CARTESIAN_POINT('',(6.431463086128E-02,-1.281087176876,
    3.8000001));
#10171 = DIRECTION('',(5.529917980717E-17,-6.126745715237E-18,-1.));
#10172 = DIRECTION('',(0.999407692936,-3.441312685311E-02,
    5.547726618984E-17));
#10173 = PCURVE('',#10094,#10174);
#10174 = DEFINITIONAL_REPRESENTATION('',(#10175),#10179);
#10175 = LINE('',#10176,#10177);
#10176 = CARTESIAN_POINT('',(0.,0.41));
#10177 = VECTOR('',#10178,1.);
#10178 = DIRECTION('',(1.,0.));
#10179 = ( GEOMETRIC_REPRESENTATION_CONTEXT(2) 
PARAMETRIC_REPRESENTATION_CONTEXT() REPRESENTATION_CONTEXT('2D SPACE',''
  ) );
#10180 = PCURVE('',#880,#10181);
#10181 = DEFINITIONAL_REPRESENTATION('',(#10182),#10190);
#10182 = ( BOUNDED_CURVE() B_SPLINE_CURVE(2,(#10183,#10184,#10185,#10186
    ,#10187,#10188,#10189),.UNSPECIFIED.,.T.,.F.) 
B_SPLINE_CURVE_WITH_KNOTS((1,2,2,2,2,1),(-2.094395102393,0.,
    2.094395102393,4.188790204786,6.28318530718,8.377580409573),
.UNSPECIFIED.) CURVE() GEOMETRIC_REPRESENTATION_ITEM() 
RATIONAL_B_SPLINE_CURVE((1.,0.5,1.,0.5,1.,0.5,1.)) REPRESENTATION_ITEM(
  '') );
#10183 = CARTESIAN_POINT('',(0.220244150631,1.024766942664));
#10184 = CARTESIAN_POINT('',(0.279086460592,1.19509280544));
#10185 = CARTESIAN_POINT('',(0.397171829697,1.058970938808));
#10186 = CARTESIAN_POINT('',(0.515257198802,0.922849072177));
#10187 = CARTESIAN_POINT('',(0.338329519736,0.888645076032));
#10188 = CARTESIAN_POINT('',(0.16140184067,0.854441079887));
#10189 = CARTESIAN_POINT('',(0.220244150631,1.024766942664));
#10190 = ( GEOMETRIC_REPRESENTATION_CONTEXT(2) 
PARAMETRIC_REPRESENTATION_CONTEXT() REPRESENTATION_CONTEXT('2D SPACE',''
  ) );
#10191 = ADVANCED_FACE('',(#10192),#10127,.F.);
#10192 = FACE_BOUND('',#10193,.T.);
#10193 = EDGE_LOOP('',(#10194,#10217,#10218,#10241));
#10194 = ORIENTED_EDGE('',*,*,#10195,.F.);
#10195 = EDGE_CURVE('',#10110,#10196,#10198,.T.);
#10196 = VERTEX_POINT('',#10197);
#10197 = CARTESIAN_POINT('',(0.178425722648,-1.352537809286,3.8000001));
#10198 = SURFACE_CURVE('',#10199,(#10203,#10210),.PCURVE_S1.);
#10199 = LINE('',#10200,#10201);
#10200 = CARTESIAN_POINT('',(0.10163764708,-0.756807284222,3.8000001));
#10201 = VECTOR('',#10202,1.);
#10202 = DIRECTION('',(0.127839709522,-0.991794842026,1.290121251895E-17
    ));
#10203 = PCURVE('',#10127,#10204);
#10204 = DEFINITIONAL_REPRESENTATION('',(#10205),#10209);
#10205 = LINE('',#10206,#10207);
#10206 = CARTESIAN_POINT('',(-0.51520672976,0.41));
#10207 = VECTOR('',#10208,1.);
#10208 = DIRECTION('',(1.,-6.938893903907E-18));
#10209 = ( GEOMETRIC_REPRESENTATION_CONTEXT(2) 
PARAMETRIC_REPRESENTATION_CONTEXT() REPRESENTATION_CONTEXT('2D SPACE',''
  ) );
#10210 = PCURVE('',#880,#10211);
#10211 = DEFINITIONAL_REPRESENTATION('',(#10212),#10216);
#10212 = LINE('',#10213,#10214);
#10213 = CARTESIAN_POINT('',(0.128866273374,0.50062045238));
#10214 = VECTOR('',#10215,1.);
#10215 = DIRECTION('',(0.16920422519,0.985581011474));
#10216 = ( GEOMETRIC_REPRESENTATION_CONTEXT(2) 
PARAMETRIC_REPRESENTATION_CONTEXT() REPRESENTATION_CONTEXT('2D SPACE',''
  ) );
#10217 = ORIENTED_EDGE('',*,*,#10109,.T.);
#10218 = ORIENTED_EDGE('',*,*,#10219,.F.);
#10219 = EDGE_CURVE('',#10220,#10112,#10222,.T.);
#10220 = VERTEX_POINT('',#10221);
#10221 = CARTESIAN_POINT('',(0.178425722648,-1.352537809286,3.3000001));
#10222 = SURFACE_CURVE('',#10223,(#10227,#10234),.PCURVE_S1.);
#10223 = LINE('',#10224,#10225);
#10224 = CARTESIAN_POINT('',(0.177396126608,-1.344550087428,3.3000001));
#10225 = VECTOR('',#10226,1.);
#10226 = DIRECTION('',(-0.127839709522,0.991794842026,
    -1.290121251895E-17));
#10227 = PCURVE('',#10127,#10228);
#10228 = DEFINITIONAL_REPRESENTATION('',(#10229),#10233);
#10229 = LINE('',#10230,#10231);
#10230 = CARTESIAN_POINT('',(7.739849291372E-02,0.91));
#10231 = VECTOR('',#10232,1.);
#10232 = DIRECTION('',(-1.,6.938893903907E-18));
#10233 = ( GEOMETRIC_REPRESENTATION_CONTEXT(2) 
PARAMETRIC_REPRESENTATION_CONTEXT() REPRESENTATION_CONTEXT('2D SPACE',''
  ) );
#10234 = PCURVE('',#977,#10235);
#10235 = DEFINITIONAL_REPRESENTATION('',(#10236),#10240);
#10236 = LINE('',#10237,#10238);
#10237 = CARTESIAN_POINT('',(-0.22913758092,-0.117869092853));
#10238 = VECTOR('',#10239,1.);
#10239 = DIRECTION('',(0.16920422519,-0.985581011474));
#10240 = ( GEOMETRIC_REPRESENTATION_CONTEXT(2) 
PARAMETRIC_REPRESENTATION_CONTEXT() REPRESENTATION_CONTEXT('2D SPACE',''
  ) );
#10241 = ORIENTED_EDGE('',*,*,#10242,.F.);
#10242 = EDGE_CURVE('',#10196,#10220,#10243,.T.);
#10243 = SURFACE_CURVE('',#10244,(#10248,#10255),.PCURVE_S1.);
#10244 = LINE('',#10245,#10246);
#10245 = CARTESIAN_POINT('',(0.178425722648,-1.352537809286,4.2100001));
#10246 = VECTOR('',#10247,1.);
#10247 = DIRECTION('',(5.551115123126E-17,9.84654534872E-19,-1.));
#10248 = PCURVE('',#10127,#10249);
#10249 = DEFINITIONAL_REPRESENTATION('',(#10250),#10254);
#10250 = LINE('',#10251,#10252);
#10251 = CARTESIAN_POINT('',(8.545229751107E-02,-1.296705798293E-16));
#10252 = VECTOR('',#10253,1.);
#10253 = DIRECTION('',(-6.938893903907E-18,1.));
#10254 = ( GEOMETRIC_REPRESENTATION_CONTEXT(2) 
PARAMETRIC_REPRESENTATION_CONTEXT() REPRESENTATION_CONTEXT('2D SPACE',''
  ) );
#10255 = PCURVE('',#10256,#10261);
#10256 = CYLINDRICAL_SURFACE('',#10257,9.35E-02);
#10257 = AXIS2_PLACEMENT_3D('',#10258,#10259,#10260);
#10258 = CARTESIAN_POINT('',(0.271158540378,-1.340584796446,4.2100001));
#10259 = DIRECTION('',(5.551115123126E-17,9.84654534872E-19,-1.));
#10260 = DIRECTION('',(-0.187055343731,-0.982349376944,
    -2.872285038447E-17));
#10261 = DEFINITIONAL_REPRESENTATION('',(#10262),#10266);
#10262 = LINE('',#10263,#10264);
#10263 = CARTESIAN_POINT('',(1.254442096415,0.));
#10264 = VECTOR('',#10265,1.);
#10265 = DIRECTION('',(0.,1.));
#10266 = ( GEOMETRIC_REPRESENTATION_CONTEXT(2) 
PARAMETRIC_REPRESENTATION_CONTEXT() REPRESENTATION_CONTEXT('2D SPACE',''
  ) );
#10267 = ADVANCED_FACE('',(#10268),#10256,.T.);
#10268 = FACE_BOUND('',#10269,.T.);
#10269 = EDGE_LOOP('',(#10270,#10294,#10295,#10319));
#10270 = ORIENTED_EDGE('',*,*,#10271,.F.);
#10271 = EDGE_CURVE('',#10196,#10272,#10274,.T.);
#10272 = VERTEX_POINT('',#10273);
#10273 = CARTESIAN_POINT('',(0.253668865739,-1.43243446319,3.8000001));
#10274 = SURFACE_CURVE('',#10275,(#10280,#10287),.PCURVE_S1.);
#10275 = CIRCLE('',#10276,9.35E-02);
#10276 = AXIS2_PLACEMENT_3D('',#10277,#10278,#10279);
#10277 = CARTESIAN_POINT('',(0.271158540378,-1.340584796446,3.8000001));
#10278 = DIRECTION('',(-5.972317356268E-17,-1.786666947316E-17,1.));
#10279 = DIRECTION('',(-0.187055343731,-0.982349376944,
    -2.872285038447E-17));
#10280 = PCURVE('',#10256,#10281);
#10281 = DEFINITIONAL_REPRESENTATION('',(#10282),#10286);
#10282 = LINE('',#10283,#10284);
#10283 = CARTESIAN_POINT('',(6.28318530718,0.41));
#10284 = VECTOR('',#10285,1.);
#10285 = DIRECTION('',(-1.,0.));
#10286 = ( GEOMETRIC_REPRESENTATION_CONTEXT(2) 
PARAMETRIC_REPRESENTATION_CONTEXT() REPRESENTATION_CONTEXT('2D SPACE',''
  ) );
#10287 = PCURVE('',#880,#10288);
#10288 = DEFINITIONAL_REPRESENTATION('',(#10289),#10293);
#10289 = CIRCLE('',#10290,9.35E-02);
#10290 = AXIS2_PLACEMENT_2D('',#10291,#10292);
#10291 = CARTESIAN_POINT('',(0.138348494114,1.108439179084));
#10292 = DIRECTION('',(0.467425607487,0.884032409737));
#10293 = ( GEOMETRIC_REPRESENTATION_CONTEXT(2) 
PARAMETRIC_REPRESENTATION_CONTEXT() REPRESENTATION_CONTEXT('2D SPACE',''
  ) );
#10294 = ORIENTED_EDGE('',*,*,#10242,.T.);
#10295 = ORIENTED_EDGE('',*,*,#10296,.F.);
#10296 = EDGE_CURVE('',#10297,#10220,#10299,.T.);
#10297 = VERTEX_POINT('',#10298);
#10298 = CARTESIAN_POINT('',(0.253668865739,-1.43243446319,3.3000001));
#10299 = SURFACE_CURVE('',#10300,(#10305,#10312),.PCURVE_S1.);
#10300 = CIRCLE('',#10301,9.35E-02);
#10301 = AXIS2_PLACEMENT_3D('',#10302,#10303,#10304);
#10302 = CARTESIAN_POINT('',(0.271158540378,-1.340584796446,3.3000001));
#10303 = DIRECTION('',(5.972317356268E-17,1.786666947316E-17,-1.));
#10304 = DIRECTION('',(-0.187055343731,-0.982349376944,
    -2.872285038447E-17));
#10305 = PCURVE('',#10256,#10306);
#10306 = DEFINITIONAL_REPRESENTATION('',(#10307),#10311);
#10307 = LINE('',#10308,#10309);
#10308 = CARTESIAN_POINT('',(0.,0.91));
#10309 = VECTOR('',#10310,1.);
#10310 = DIRECTION('',(1.,0.));
#10311 = ( GEOMETRIC_REPRESENTATION_CONTEXT(2) 
PARAMETRIC_REPRESENTATION_CONTEXT() REPRESENTATION_CONTEXT('2D SPACE',''
  ) );
#10312 = PCURVE('',#977,#10313);
#10313 = DEFINITIONAL_REPRESENTATION('',(#10314),#10318);
#10314 = CIRCLE('',#10315,9.35E-02);
#10315 = AXIS2_PLACEMENT_2D('',#10316,#10317);
#10316 = CARTESIAN_POINT('',(-0.138348494114,-9.411082091607E-02));
#10317 = DIRECTION('',(-0.467425607487,0.884032409737));
#10318 = ( GEOMETRIC_REPRESENTATION_CONTEXT(2) 
PARAMETRIC_REPRESENTATION_CONTEXT() REPRESENTATION_CONTEXT('2D SPACE',''
  ) );
#10319 = ORIENTED_EDGE('',*,*,#10320,.T.);
#10320 = EDGE_CURVE('',#10297,#10272,#10321,.T.);
#10321 = SURFACE_CURVE('',#10322,(#10326,#10333),.PCURVE_S1.);
#10322 = LINE('',#10323,#10324);
#10323 = CARTESIAN_POINT('',(0.253668865739,-1.43243446319,4.2100001));
#10324 = VECTOR('',#10325,1.);
#10325 = DIRECTION('',(-5.551115123126E-17,-9.84654534872E-19,1.));
#10326 = PCURVE('',#10256,#10327);
#10327 = DEFINITIONAL_REPRESENTATION('',(#10328),#10332);
#10328 = LINE('',#10329,#10330);
#10329 = CARTESIAN_POINT('',(0.,0.));
#10330 = VECTOR('',#10331,1.);
#10331 = DIRECTION('',(0.,-1.));
#10332 = ( GEOMETRIC_REPRESENTATION_CONTEXT(2) 
PARAMETRIC_REPRESENTATION_CONTEXT() REPRESENTATION_CONTEXT('2D SPACE',''
  ) );
#10333 = PCURVE('',#10334,#10339);
#10334 = CYLINDRICAL_SURFACE('',#10335,9.35E-02);
#10335 = AXIS2_PLACEMENT_3D('',#10336,#10337,#10338);
#10336 = CARTESIAN_POINT('',(0.206138619271,-1.351916603862,4.2100001));
#10337 = DIRECTION('',(5.551115123126E-17,9.84654534872E-19,-1.));
#10338 = DIRECTION('',(0.976567659115,0.215210611196,5.572305933552E-17)
  );
#10339 = DEFINITIONAL_REPRESENTATION('',(#10340),#10344);
#10340 = LINE('',#10341,#10342);
#10341 = CARTESIAN_POINT('',(1.254442096415,0.));
#10342 = VECTOR('',#10343,1.);
#10343 = DIRECTION('',(0.,-1.));
#10344 = ( GEOMETRIC_REPRESENTATION_CONTEXT(2) 
PARAMETRIC_REPRESENTATION_CONTEXT() REPRESENTATION_CONTEXT('2D SPACE',''
  ) );
#10345 = ADVANCED_FACE('',(#10346),#9940,.T.);
#10346 = FACE_BOUND('',#10347,.T.);
#10347 = EDGE_LOOP('',(#10348,#10370,#10371,#10393));
#10348 = ORIENTED_EDGE('',*,*,#10349,.F.);
#10349 = EDGE_CURVE('',#9878,#10005,#10350,.T.);
#10350 = SURFACE_CURVE('',#10351,(#10356,#10363),.PCURVE_S1.);
#10351 = CIRCLE('',#10352,9.35E-02);
#10352 = AXIS2_PLACEMENT_3D('',#10353,#10354,#10355);
#10353 = CARTESIAN_POINT('',(-0.136049609381,-1.359690871895,3.8000001)
  );
#10354 = DIRECTION('',(-1.110162404276E-16,1.102274056287E-18,1.));
#10355 = DIRECTION('',(0.999407692936,-3.441312685312E-02,
    1.109884174211E-16));
#10356 = PCURVE('',#9940,#10357);
#10357 = DEFINITIONAL_REPRESENTATION('',(#10358),#10362);
#10358 = LINE('',#10359,#10360);
#10359 = CARTESIAN_POINT('',(6.28318530718,0.41));
#10360 = VECTOR('',#10361,1.);
#10361 = DIRECTION('',(-1.,0.));
#10362 = ( GEOMETRIC_REPRESENTATION_CONTEXT(2) 
PARAMETRIC_REPRESENTATION_CONTEXT() REPRESENTATION_CONTEXT('2D SPACE',''
  ) );
#10363 = PCURVE('',#880,#10364);
#10364 = DEFINITIONAL_REPRESENTATION('',(#10365),#10369);
#10365 = CIRCLE('',#10366,9.35E-02);
#10366 = AXIS2_PLACEMENT_2D('',#10367,#10368);
#10367 = CARTESIAN_POINT('',(0.533197356001,1.00705922241));
#10368 = DIRECTION('',(-0.945185981238,0.326532480577));
#10369 = ( GEOMETRIC_REPRESENTATION_CONTEXT(2) 
PARAMETRIC_REPRESENTATION_CONTEXT() REPRESENTATION_CONTEXT('2D SPACE',''
  ) );
#10370 = ORIENTED_EDGE('',*,*,#9926,.T.);
#10371 = ORIENTED_EDGE('',*,*,#10372,.F.);
#10372 = EDGE_CURVE('',#10035,#9903,#10373,.T.);
#10373 = SURFACE_CURVE('',#10374,(#10379,#10386),.PCURVE_S1.);
#10374 = CIRCLE('',#10375,9.35E-02);
#10375 = AXIS2_PLACEMENT_3D('',#10376,#10377,#10378);
#10376 = CARTESIAN_POINT('',(-0.136049609381,-1.359690871895,3.3000001)
  );
#10377 = DIRECTION('',(1.110162404276E-16,-1.102274056287E-18,-1.));
#10378 = DIRECTION('',(0.999407692936,-3.441312685312E-02,
    1.109884174211E-16));
#10379 = PCURVE('',#9940,#10380);
#10380 = DEFINITIONAL_REPRESENTATION('',(#10381),#10385);
#10381 = LINE('',#10382,#10383);
#10382 = CARTESIAN_POINT('',(0.,0.91));
#10383 = VECTOR('',#10384,1.);
#10384 = DIRECTION('',(1.,0.));
#10385 = ( GEOMETRIC_REPRESENTATION_CONTEXT(2) 
PARAMETRIC_REPRESENTATION_CONTEXT() REPRESENTATION_CONTEXT('2D SPACE',''
  ) );
#10386 = PCURVE('',#977,#10387);
#10387 = DEFINITIONAL_REPRESENTATION('',(#10388),#10392);
#10388 = CIRCLE('',#10389,9.35E-02);
#10389 = AXIS2_PLACEMENT_2D('',#10390,#10391);
#10390 = CARTESIAN_POINT('',(-0.533197356001,-0.19549077759));
#10391 = DIRECTION('',(0.945185981238,0.326532480577));
#10392 = ( GEOMETRIC_REPRESENTATION_CONTEXT(2) 
PARAMETRIC_REPRESENTATION_CONTEXT() REPRESENTATION_CONTEXT('2D SPACE',''
  ) );
#10393 = ORIENTED_EDGE('',*,*,#10034,.F.);
#10394 = ADVANCED_FACE('',(#10395,#10652),#880,.T.);
#10395 = FACE_BOUND('',#10396,.T.);
#10396 = EDGE_LOOP('',(#10397,#10398,#10399,#10400,#10401,#10402,#10403,
    #10404,#10405,#10406,#10407,#10408,#10409,#10410,#10411,#10412,
    #10413,#10414,#10415,#10416,#10417,#10418,#10419,#10420,#10421,
    #10422,#10423,#10424,#10425,#10426,#10427,#10428,#10429,#10430,
    #10431,#10432,#10433,#10434,#10435,#10436,#10437,#10438,#10439,
    #10440,#10441,#10442,#10443,#10444,#10445,#10446,#10447,#10448,
    #10449,#10450,#10451,#10452,#10453,#10454,#10455,#10456,#10457,
    #10458,#10459,#10460,#10461,#10462,#10463,#10464,#10465,#10466,
    #10467,#10468,#10469,#10470,#10471,#10472,#10473,#10474,#10475,
    #10476,#10477,#10478,#10479,#10480,#10481,#10482,#10483,#10484,
    #10485,#10486,#10487,#10488,#10489,#10490,#10491,#10492,#10493,
    #10494,#10495,#10496,#10497,#10498,#10499,#10500,#10501,#10502,
    #10503,#10504,#10505,#10506,#10507,#10508,#10509,#10510,#10511,
    #10512,#10513,#10514,#10515,#10516,#10517,#10541,#10569,#10602,
    #10630));
#10397 = ORIENTED_EDGE('',*,*,#1258,.T.);
#10398 = ORIENTED_EDGE('',*,*,#903,.T.);
#10399 = ORIENTED_EDGE('',*,*,#1075,.T.);
#10400 = ORIENTED_EDGE('',*,*,#1104,.T.);
#10401 = ORIENTED_EDGE('',*,*,#1180,.T.);
#10402 = ORIENTED_EDGE('',*,*,#1681,.T.);
#10403 = ORIENTED_EDGE('',*,*,#1336,.T.);
#10404 = ORIENTED_EDGE('',*,*,#1498,.T.);
#10405 = ORIENTED_EDGE('',*,*,#1527,.T.);
#10406 = ORIENTED_EDGE('',*,*,#1603,.T.);
#10407 = ORIENTED_EDGE('',*,*,#2075,.T.);
#10408 = ORIENTED_EDGE('',*,*,#1730,.T.);
#10409 = ORIENTED_EDGE('',*,*,#1892,.T.);
#10410 = ORIENTED_EDGE('',*,*,#1921,.T.);
#10411 = ORIENTED_EDGE('',*,*,#1997,.T.);
#10412 = ORIENTED_EDGE('',*,*,#2469,.T.);
#10413 = ORIENTED_EDGE('',*,*,#2124,.T.);
#10414 = ORIENTED_EDGE('',*,*,#2286,.T.);
#10415 = ORIENTED_EDGE('',*,*,#2315,.T.);
#10416 = ORIENTED_EDGE('',*,*,#2391,.T.);
#10417 = ORIENTED_EDGE('',*,*,#2863,.T.);
#10418 = ORIENTED_EDGE('',*,*,#2518,.T.);
#10419 = ORIENTED_EDGE('',*,*,#2680,.T.);
#10420 = ORIENTED_EDGE('',*,*,#2709,.T.);
#10421 = ORIENTED_EDGE('',*,*,#2785,.T.);
#10422 = ORIENTED_EDGE('',*,*,#3257,.T.);
#10423 = ORIENTED_EDGE('',*,*,#2912,.T.);
#10424 = ORIENTED_EDGE('',*,*,#3074,.T.);
#10425 = ORIENTED_EDGE('',*,*,#3103,.T.);
#10426 = ORIENTED_EDGE('',*,*,#3179,.T.);
#10427 = ORIENTED_EDGE('',*,*,#3651,.T.);
#10428 = ORIENTED_EDGE('',*,*,#3306,.T.);
#10429 = ORIENTED_EDGE('',*,*,#3468,.T.);
#10430 = ORIENTED_EDGE('',*,*,#3497,.T.);
#10431 = ORIENTED_EDGE('',*,*,#3573,.T.);
#10432 = ORIENTED_EDGE('',*,*,#4045,.T.);
#10433 = ORIENTED_EDGE('',*,*,#3700,.T.);
#10434 = ORIENTED_EDGE('',*,*,#3862,.T.);
#10435 = ORIENTED_EDGE('',*,*,#3891,.T.);
#10436 = ORIENTED_EDGE('',*,*,#3967,.T.);
#10437 = ORIENTED_EDGE('',*,*,#4439,.T.);
#10438 = ORIENTED_EDGE('',*,*,#4094,.T.);
#10439 = ORIENTED_EDGE('',*,*,#4256,.T.);
#10440 = ORIENTED_EDGE('',*,*,#4285,.T.);
#10441 = ORIENTED_EDGE('',*,*,#4361,.T.);
#10442 = ORIENTED_EDGE('',*,*,#4833,.T.);
#10443 = ORIENTED_EDGE('',*,*,#4488,.T.);
#10444 = ORIENTED_EDGE('',*,*,#4650,.T.);
#10445 = ORIENTED_EDGE('',*,*,#4679,.T.);
#10446 = ORIENTED_EDGE('',*,*,#4755,.T.);
#10447 = ORIENTED_EDGE('',*,*,#5227,.T.);
#10448 = ORIENTED_EDGE('',*,*,#4882,.T.);
#10449 = ORIENTED_EDGE('',*,*,#5044,.T.);
#10450 = ORIENTED_EDGE('',*,*,#5073,.T.);
#10451 = ORIENTED_EDGE('',*,*,#5149,.T.);
#10452 = ORIENTED_EDGE('',*,*,#5621,.T.);
#10453 = ORIENTED_EDGE('',*,*,#5276,.T.);
#10454 = ORIENTED_EDGE('',*,*,#5438,.T.);
#10455 = ORIENTED_EDGE('',*,*,#5467,.T.);
#10456 = ORIENTED_EDGE('',*,*,#5543,.T.);
#10457 = ORIENTED_EDGE('',*,*,#6015,.T.);
#10458 = ORIENTED_EDGE('',*,*,#5670,.T.);
#10459 = ORIENTED_EDGE('',*,*,#5832,.T.);
#10460 = ORIENTED_EDGE('',*,*,#5861,.T.);
#10461 = ORIENTED_EDGE('',*,*,#5937,.T.);
#10462 = ORIENTED_EDGE('',*,*,#6409,.T.);
#10463 = ORIENTED_EDGE('',*,*,#6064,.T.);
#10464 = ORIENTED_EDGE('',*,*,#6226,.T.);
#10465 = ORIENTED_EDGE('',*,*,#6255,.T.);
#10466 = ORIENTED_EDGE('',*,*,#6331,.T.);
#10467 = ORIENTED_EDGE('',*,*,#6803,.T.);
#10468 = ORIENTED_EDGE('',*,*,#6458,.T.);
#10469 = ORIENTED_EDGE('',*,*,#6620,.T.);
#10470 = ORIENTED_EDGE('',*,*,#6649,.T.);
#10471 = ORIENTED_EDGE('',*,*,#6725,.T.);
#10472 = ORIENTED_EDGE('',*,*,#7197,.T.);
#10473 = ORIENTED_EDGE('',*,*,#6852,.T.);
#10474 = ORIENTED_EDGE('',*,*,#7014,.T.);
#10475 = ORIENTED_EDGE('',*,*,#7043,.T.);
#10476 = ORIENTED_EDGE('',*,*,#7119,.T.);
#10477 = ORIENTED_EDGE('',*,*,#7591,.T.);
#10478 = ORIENTED_EDGE('',*,*,#7246,.T.);
#10479 = ORIENTED_EDGE('',*,*,#7408,.T.);
#10480 = ORIENTED_EDGE('',*,*,#7437,.T.);
#10481 = ORIENTED_EDGE('',*,*,#7513,.T.);
#10482 = ORIENTED_EDGE('',*,*,#7985,.T.);
#10483 = ORIENTED_EDGE('',*,*,#7640,.T.);
#10484 = ORIENTED_EDGE('',*,*,#7802,.T.);
#10485 = ORIENTED_EDGE('',*,*,#7831,.T.);
#10486 = ORIENTED_EDGE('',*,*,#7907,.T.);
#10487 = ORIENTED_EDGE('',*,*,#8379,.T.);
#10488 = ORIENTED_EDGE('',*,*,#8034,.T.);
#10489 = ORIENTED_EDGE('',*,*,#8196,.T.);
#10490 = ORIENTED_EDGE('',*,*,#8225,.T.);
#10491 = ORIENTED_EDGE('',*,*,#8301,.T.);
#10492 = ORIENTED_EDGE('',*,*,#8773,.T.);
#10493 = ORIENTED_EDGE('',*,*,#8428,.T.);
#10494 = ORIENTED_EDGE('',*,*,#8590,.T.);
#10495 = ORIENTED_EDGE('',*,*,#8619,.T.);
#10496 = ORIENTED_EDGE('',*,*,#8695,.T.);
#10497 = ORIENTED_EDGE('',*,*,#9167,.T.);
#10498 = ORIENTED_EDGE('',*,*,#8822,.T.);
#10499 = ORIENTED_EDGE('',*,*,#8984,.T.);
#10500 = ORIENTED_EDGE('',*,*,#9013,.T.);
#10501 = ORIENTED_EDGE('',*,*,#9089,.T.);
#10502 = ORIENTED_EDGE('',*,*,#9561,.T.);
#10503 = ORIENTED_EDGE('',*,*,#9216,.T.);
#10504 = ORIENTED_EDGE('',*,*,#9378,.T.);
#10505 = ORIENTED_EDGE('',*,*,#9407,.T.);
#10506 = ORIENTED_EDGE('',*,*,#9483,.T.);
#10507 = ORIENTED_EDGE('',*,*,#9955,.T.);
#10508 = ORIENTED_EDGE('',*,*,#9610,.T.);
#10509 = ORIENTED_EDGE('',*,*,#9772,.T.);
#10510 = ORIENTED_EDGE('',*,*,#9801,.T.);
#10511 = ORIENTED_EDGE('',*,*,#9877,.T.);
#10512 = ORIENTED_EDGE('',*,*,#10349,.T.);
#10513 = ORIENTED_EDGE('',*,*,#10004,.T.);
#10514 = ORIENTED_EDGE('',*,*,#10166,.T.);
#10515 = ORIENTED_EDGE('',*,*,#10195,.T.);
#10516 = ORIENTED_EDGE('',*,*,#10271,.T.);
#10517 = ORIENTED_EDGE('',*,*,#10518,.T.);
#10518 = EDGE_CURVE('',#10272,#10519,#10521,.T.);
#10519 = VERTEX_POINT('',#10520);
#10520 = CARTESIAN_POINT('',(0.297447695399,-1.331794411716,3.8000001));
#10521 = SURFACE_CURVE('',#10522,(#10527,#10534),.PCURVE_S1.);
#10522 = CIRCLE('',#10523,9.35E-02);
#10523 = AXIS2_PLACEMENT_3D('',#10524,#10525,#10526);
#10524 = CARTESIAN_POINT('',(0.206138619271,-1.351916603862,3.8000001));
#10525 = DIRECTION('',(-5.719704220884E-17,6.213554336051E-19,1.));
#10526 = DIRECTION('',(0.976567659115,0.215210611196,5.572305933552E-17)
  );
#10527 = PCURVE('',#880,#10528);
#10528 = DEFINITIONAL_REPRESENTATION('',(#10529),#10533);
#10529 = CIRCLE('',#10530,9.35E-02);
#10530 = AXIS2_PLACEMENT_2D('',#10531,#10532);
#10531 = CARTESIAN_POINT('',(0.203828064401,1.100167185669));
#10532 = DIRECTION('',(-0.996696551312,8.121566722446E-02));
#10533 = ( GEOMETRIC_REPRESENTATION_CONTEXT(2) 
PARAMETRIC_REPRESENTATION_CONTEXT() REPRESENTATION_CONTEXT('2D SPACE',''
  ) );
#10534 = PCURVE('',#10334,#10535);
#10535 = DEFINITIONAL_REPRESENTATION('',(#10536),#10540);
#10536 = LINE('',#10537,#10538);
#10537 = CARTESIAN_POINT('',(6.28318530718,0.41));
#10538 = VECTOR('',#10539,1.);
#10539 = DIRECTION('',(-1.,0.));
#10540 = ( GEOMETRIC_REPRESENTATION_CONTEXT(2) 
PARAMETRIC_REPRESENTATION_CONTEXT() REPRESENTATION_CONTEXT('2D SPACE',''
  ) );
#10541 = ORIENTED_EDGE('',*,*,#10542,.T.);
#10542 = EDGE_CURVE('',#10519,#10543,#10545,.T.);
#10543 = VERTEX_POINT('',#10544);
#10544 = CARTESIAN_POINT('',(0.279057454223,-1.248344461569,3.8000001));
#10545 = SURFACE_CURVE('',#10546,(#10550,#10557),.PCURVE_S1.);
#10546 = LINE('',#10547,#10548);
#10547 = CARTESIAN_POINT('',(0.177673642372,-0.78829209119,3.8000001));
#10548 = VECTOR('',#10549,1.);
#10549 = DIRECTION('',(-0.215210611196,0.976567659115,
    -1.985509993757E-17));
#10550 = PCURVE('',#880,#10551);
#10551 = DEFINITIONAL_REPRESENTATION('',(#10552),#10556);
#10552 = LINE('',#10553,#10554);
#10553 = CARTESIAN_POINT('',(6.543689035583E-02,0.553055927202));
#10554 = VECTOR('',#10555,1.);
#10555 = DIRECTION('',(-8.121566722446E-02,-0.996696551312));
#10556 = ( GEOMETRIC_REPRESENTATION_CONTEXT(2) 
PARAMETRIC_REPRESENTATION_CONTEXT() REPRESENTATION_CONTEXT('2D SPACE',''
  ) );
#10557 = PCURVE('',#10558,#10563);
#10558 = PLANE('',#10559);
#10559 = AXIS2_PLACEMENT_3D('',#10560,#10561,#10562);
#10560 = CARTESIAN_POINT('',(0.297447695399,-1.331794411716,4.2100001));
#10561 = DIRECTION('',(-0.976567659115,-0.215210611196,
    -5.572305933552E-17));
#10562 = DIRECTION('',(-0.215210611196,0.976567659115,9.615817741565E-19
    ));
#10563 = DEFINITIONAL_REPRESENTATION('',(#10564),#10568);
#10564 = LINE('',#10565,#10566);
#10565 = CARTESIAN_POINT('',(0.556543436036,0.41));
#10566 = VECTOR('',#10567,1.);
#10567 = DIRECTION('',(1.,2.786978584245E-33));
#10568 = ( GEOMETRIC_REPRESENTATION_CONTEXT(2) 
PARAMETRIC_REPRESENTATION_CONTEXT() REPRESENTATION_CONTEXT('2D SPACE',''
  ) );
#10569 = ORIENTED_EDGE('',*,*,#10570,.T.);
#10570 = EDGE_CURVE('',#10543,#10571,#10573,.T.);
#10571 = VERTEX_POINT('',#10572);
#10572 = CARTESIAN_POINT('',(0.477297489563,-1.187409635571,3.8000001));
#10573 = SURFACE_CURVE('',#10574,(#10579,#10590),.PCURVE_S1.);
#10574 = CIRCLE('',#10575,0.10404056416);
#10575 = AXIS2_PLACEMENT_3D('',#10576,#10577,#10578);
#10576 = CARTESIAN_POINT('',(0.380660104418,-1.225953828167,3.8000001));
#10577 = DIRECTION('',(1.084207900253E-16,2.487783210425E-17,-1.));
#10578 = DIRECTION('',(0.976567659115,0.215210611196,1.112342105668E-16)
  );
#10579 = PCURVE('',#880,#10580);
#10580 = DEFINITIONAL_REPRESENTATION('',(#10581),#10589);
#10581 = ( BOUNDED_CURVE() B_SPLINE_CURVE(2,(#10582,#10583,#10584,#10585
    ,#10586,#10587,#10588),.UNSPECIFIED.,.T.,.F.) 
B_SPLINE_CURVE_WITH_KNOTS((1,2,2,2,2,1),(-2.094395102393,0.,
    2.094395102393,4.188790204786,6.28318530718,8.377580409573),
.UNSPECIFIED.) CURVE() GEOMETRIC_REPRESENTATION_ITEM() 
RATIONAL_B_SPLINE_CURVE((1.,0.5,1.,0.5,1.,0.5,1.)) REPRESENTATION_ITEM(
  '') );
#10582 = CARTESIAN_POINT('',(-0.103696871495,1.039490287996));
#10583 = CARTESIAN_POINT('',(-8.906152049966E-02,1.219098538011));
#10584 = CARTESIAN_POINT('',(5.916611124483E-02,1.116619827249));
#10585 = CARTESIAN_POINT('',(0.207393742989,1.014141116487));
#10586 = CARTESIAN_POINT('',(4.453076024983E-02,0.937011577234));
#10587 = CARTESIAN_POINT('',(-0.11833222249,0.859882037982));
#10588 = CARTESIAN_POINT('',(-0.103696871495,1.039490287996));
#10589 = ( GEOMETRIC_REPRESENTATION_CONTEXT(2) 
PARAMETRIC_REPRESENTATION_CONTEXT() REPRESENTATION_CONTEXT('2D SPACE',''
  ) );
#10590 = PCURVE('',#10591,#10596);
#10591 = CYLINDRICAL_SURFACE('',#10592,0.10404056416);
#10592 = AXIS2_PLACEMENT_3D('',#10593,#10594,#10595);
#10593 = CARTESIAN_POINT('',(0.380660104418,-1.225953828167,4.2100001));
#10594 = DIRECTION('',(5.551115123126E-17,9.84654534872E-19,-1.));
#10595 = DIRECTION('',(0.976567659115,0.215210611196,1.112342105668E-16)
  );
#10596 = DEFINITIONAL_REPRESENTATION('',(#10597),#10601);
#10597 = LINE('',#10598,#10599);
#10598 = CARTESIAN_POINT('',(0.,0.41));
#10599 = VECTOR('',#10600,1.);
#10600 = DIRECTION('',(1.,0.));
#10601 = ( GEOMETRIC_REPRESENTATION_CONTEXT(2) 
PARAMETRIC_REPRESENTATION_CONTEXT() REPRESENTATION_CONTEXT('2D SPACE',''
  ) );
#10602 = ORIENTED_EDGE('',*,*,#10603,.T.);
#10603 = EDGE_CURVE('',#10571,#10604,#10606,.T.);
#10604 = VERTEX_POINT('',#10605);
#10605 = CARTESIAN_POINT('',(0.508955236132,-1.266781433031,3.8000001));
#10606 = SURFACE_CURVE('',#10607,(#10611,#10618),.PCURVE_S1.);
#10607 = LINE('',#10608,#10609);
#10608 = CARTESIAN_POINT('',(0.286942192662,-0.710153870126,3.8000001));
#10609 = VECTOR('',#10610,1.);
#10610 = DIRECTION('',(0.370472737321,-0.928843340344,2.684098580837E-17
    ));
#10611 = PCURVE('',#880,#10612);
#10612 = DEFINITIONAL_REPRESENTATION('',(#10613),#10617);
#10613 = LINE('',#10614,#10615);
#10614 = CARTESIAN_POINT('',(-6.196685767672E-02,0.510470922086));
#10615 = VECTOR('',#10616,1.);
#10616 = DIRECTION('',(-8.121566722446E-02,0.996696551312));
#10617 = ( GEOMETRIC_REPRESENTATION_CONTEXT(2) 
PARAMETRIC_REPRESENTATION_CONTEXT() REPRESENTATION_CONTEXT('2D SPACE',''
  ) );
#10618 = PCURVE('',#10619,#10624);
#10619 = PLANE('',#10620);
#10620 = AXIS2_PLACEMENT_3D('',#10621,#10622,#10623);
#10621 = CARTESIAN_POINT('',(0.477297489563,-1.187409635571,4.2100001));
#10622 = DIRECTION('',(0.928843340344,0.370472737321,5.587593889211E-17)
  );
#10623 = DIRECTION('',(0.370472737321,-0.928843340344,1.296319800056E-17
    ));
#10624 = DEFINITIONAL_REPRESENTATION('',(#10625),#10629);
#10625 = LINE('',#10626,#10627);
#10626 = CARTESIAN_POINT('',(-0.51381728728,0.41));
#10627 = VECTOR('',#10628,1.);
#10628 = DIRECTION('',(1.,-1.387778780781E-17));
#10629 = ( GEOMETRIC_REPRESENTATION_CONTEXT(2) 
PARAMETRIC_REPRESENTATION_CONTEXT() REPRESENTATION_CONTEXT('2D SPACE',''
  ) );
#10630 = ORIENTED_EDGE('',*,*,#10631,.T.);
#10631 = EDGE_CURVE('',#10604,#1259,#10632,.T.);
#10632 = SURFACE_CURVE('',#10633,(#10638,#10645),.PCURVE_S1.);
#10633 = CIRCLE('',#10634,9.35E-02);
#10634 = AXIS2_PLACEMENT_3D('',#10635,#10636,#10637);
#10635 = CARTESIAN_POINT('',(0.595802088455,-1.232142232091,3.8000001));
#10636 = DIRECTION('',(-5.56194503455E-17,-1.026084435955E-18,1.));
#10637 = DIRECTION('',(6.3121699572E-02,-0.998005837179,
    2.486755978547E-18));
#10638 = PCURVE('',#880,#10639);
#10639 = DEFINITIONAL_REPRESENTATION('',(#10640),#10644);
#10640 = CIRCLE('',#10641,9.35E-02);
#10641 = AXIS2_PLACEMENT_2D('',#10642,#10643);
#10642 = CARTESIAN_POINT('',(-0.203828064401,1.100167185669));
#10643 = DIRECTION('',(0.232890652265,0.972502927547));
#10644 = ( GEOMETRIC_REPRESENTATION_CONTEXT(2) 
PARAMETRIC_REPRESENTATION_CONTEXT() REPRESENTATION_CONTEXT('2D SPACE',''
  ) );
#10645 = PCURVE('',#1298,#10646);
#10646 = DEFINITIONAL_REPRESENTATION('',(#10647),#10651);
#10647 = LINE('',#10648,#10649);
#10648 = CARTESIAN_POINT('',(6.28318530718,0.41));
#10649 = VECTOR('',#10650,1.);
#10650 = DIRECTION('',(-1.,0.));
#10651 = ( GEOMETRIC_REPRESENTATION_CONTEXT(2) 
PARAMETRIC_REPRESENTATION_CONTEXT() REPRESENTATION_CONTEXT('2D SPACE',''
  ) );
#10652 = FACE_BOUND('',#10653,.T.);
#10653 = EDGE_LOOP('',(#10654));
#10654 = ORIENTED_EDGE('',*,*,#865,.F.);
#10655 = ADVANCED_FACE('',(#10656),#10558,.F.);
#10656 = FACE_BOUND('',#10657,.T.);
#10657 = EDGE_LOOP('',(#10658,#10659,#10682,#10705));
#10658 = ORIENTED_EDGE('',*,*,#10542,.F.);
#10659 = ORIENTED_EDGE('',*,*,#10660,.T.);
#10660 = EDGE_CURVE('',#10519,#10661,#10663,.T.);
#10661 = VERTEX_POINT('',#10662);
#10662 = CARTESIAN_POINT('',(0.297447695399,-1.331794411716,3.3000001));
#10663 = SURFACE_CURVE('',#10664,(#10668,#10675),.PCURVE_S1.);
#10664 = LINE('',#10665,#10666);
#10665 = CARTESIAN_POINT('',(0.297447695399,-1.331794411716,4.2100001));
#10666 = VECTOR('',#10667,1.);
#10667 = DIRECTION('',(5.551115123126E-17,9.84654534872E-19,-1.));
#10668 = PCURVE('',#10558,#10669);
#10669 = DEFINITIONAL_REPRESENTATION('',(#10670),#10674);
#10670 = LINE('',#10671,#10672);
#10671 = CARTESIAN_POINT('',(0.,0.));
#10672 = VECTOR('',#10673,1.);
#10673 = DIRECTION('',(-1.387778780781E-17,1.));
#10674 = ( GEOMETRIC_REPRESENTATION_CONTEXT(2) 
PARAMETRIC_REPRESENTATION_CONTEXT() REPRESENTATION_CONTEXT('2D SPACE',''
  ) );
#10675 = PCURVE('',#10334,#10676);
#10676 = DEFINITIONAL_REPRESENTATION('',(#10677),#10681);
#10677 = LINE('',#10678,#10679);
#10678 = CARTESIAN_POINT('',(0.,0.));
#10679 = VECTOR('',#10680,1.);
#10680 = DIRECTION('',(0.,1.));
#10681 = ( GEOMETRIC_REPRESENTATION_CONTEXT(2) 
PARAMETRIC_REPRESENTATION_CONTEXT() REPRESENTATION_CONTEXT('2D SPACE',''
  ) );
#10682 = ORIENTED_EDGE('',*,*,#10683,.F.);
#10683 = EDGE_CURVE('',#10684,#10661,#10686,.T.);
#10684 = VERTEX_POINT('',#10685);
#10685 = CARTESIAN_POINT('',(0.279057454223,-1.248344461569,3.3000001));
#10686 = SURFACE_CURVE('',#10687,(#10691,#10698),.PCURVE_S1.);
#10687 = LINE('',#10688,#10689);
#10688 = CARTESIAN_POINT('',(0.306646933847,-1.373538072531,3.3000001));
#10689 = VECTOR('',#10690,1.);
#10690 = DIRECTION('',(0.215210611196,-0.976567659115,1.985509993757E-17
    ));
#10691 = PCURVE('',#10558,#10692);
#10692 = DEFINITIONAL_REPRESENTATION('',(#10693),#10697);
#10693 = LINE('',#10694,#10695);
#10694 = CARTESIAN_POINT('',(-4.274528285414E-02,0.91));
#10695 = VECTOR('',#10696,1.);
#10696 = DIRECTION('',(-1.,-2.786978584245E-33));
#10697 = ( GEOMETRIC_REPRESENTATION_CONTEXT(2) 
PARAMETRIC_REPRESENTATION_CONTEXT() REPRESENTATION_CONTEXT('2D SPACE',''
  ) );
#10698 = PCURVE('',#977,#10699);
#10699 = DEFINITIONAL_REPRESENTATION('',(#10700),#10704);
#10700 = LINE('',#10701,#10702);
#10701 = CARTESIAN_POINT('',(-0.114108523521,-5.218507344025E-02));
#10702 = VECTOR('',#10703,1.);
#10703 = DIRECTION('',(-8.121566722446E-02,0.996696551312));
#10704 = ( GEOMETRIC_REPRESENTATION_CONTEXT(2) 
PARAMETRIC_REPRESENTATION_CONTEXT() REPRESENTATION_CONTEXT('2D SPACE',''
  ) );
#10705 = ORIENTED_EDGE('',*,*,#10706,.F.);
#10706 = EDGE_CURVE('',#10543,#10684,#10707,.T.);
#10707 = SURFACE_CURVE('',#10708,(#10712,#10719),.PCURVE_S1.);
#10708 = LINE('',#10709,#10710);
#10709 = CARTESIAN_POINT('',(0.279057454223,-1.248344461569,4.2100001));
#10710 = VECTOR('',#10711,1.);
#10711 = DIRECTION('',(5.551115123126E-17,9.84654534872E-19,-1.));
#10712 = PCURVE('',#10558,#10713);
#10713 = DEFINITIONAL_REPRESENTATION('',(#10714),#10718);
#10714 = LINE('',#10715,#10716);
#10715 = CARTESIAN_POINT('',(8.545229751107E-02,-1.058181320346E-16));
#10716 = VECTOR('',#10717,1.);
#10717 = DIRECTION('',(-1.387778780781E-17,1.));
#10718 = ( GEOMETRIC_REPRESENTATION_CONTEXT(2) 
PARAMETRIC_REPRESENTATION_CONTEXT() REPRESENTATION_CONTEXT('2D SPACE',''
  ) );
#10719 = PCURVE('',#10591,#10720);
#10720 = DEFINITIONAL_REPRESENTATION('',(#10721),#10725);
#10721 = LINE('',#10722,#10723);
#10722 = CARTESIAN_POINT('',(3.14159265359,0.));
#10723 = VECTOR('',#10724,1.);
#10724 = DIRECTION('',(0.,1.));
#10725 = ( GEOMETRIC_REPRESENTATION_CONTEXT(2) 
PARAMETRIC_REPRESENTATION_CONTEXT() REPRESENTATION_CONTEXT('2D SPACE',''
  ) );
#10726 = ADVANCED_FACE('',(#10727),#10591,.F.);
#10727 = FACE_BOUND('',#10728,.F.);
#10728 = EDGE_LOOP('',(#10729,#10752,#10778,#10779));
#10729 = ORIENTED_EDGE('',*,*,#10730,.T.);
#10730 = EDGE_CURVE('',#10571,#10731,#10733,.T.);
#10731 = VERTEX_POINT('',#10732);
#10732 = CARTESIAN_POINT('',(0.477297489563,-1.187409635571,3.3000001));
#10733 = SURFACE_CURVE('',#10734,(#10738,#10745),.PCURVE_S1.);
#10734 = LINE('',#10735,#10736);
#10735 = CARTESIAN_POINT('',(0.477297489563,-1.187409635571,4.2100001));
#10736 = VECTOR('',#10737,1.);
#10737 = DIRECTION('',(5.551115123126E-17,9.84654534872E-19,-1.));
#10738 = PCURVE('',#10591,#10739);
#10739 = DEFINITIONAL_REPRESENTATION('',(#10740),#10744);
#10740 = LINE('',#10741,#10742);
#10741 = CARTESIAN_POINT('',(6.120574874859,0.));
#10742 = VECTOR('',#10743,1.);
#10743 = DIRECTION('',(0.,1.));
#10744 = ( GEOMETRIC_REPRESENTATION_CONTEXT(2) 
PARAMETRIC_REPRESENTATION_CONTEXT() REPRESENTATION_CONTEXT('2D SPACE',''
  ) );
#10745 = PCURVE('',#10619,#10746);
#10746 = DEFINITIONAL_REPRESENTATION('',(#10747),#10751);
#10747 = LINE('',#10748,#10749);
#10748 = CARTESIAN_POINT('',(0.,0.));
#10749 = VECTOR('',#10750,1.);
#10750 = DIRECTION('',(-2.286960737345E-33,1.));
#10751 = ( GEOMETRIC_REPRESENTATION_CONTEXT(2) 
PARAMETRIC_REPRESENTATION_CONTEXT() REPRESENTATION_CONTEXT('2D SPACE',''
  ) );
#10752 = ORIENTED_EDGE('',*,*,#10753,.T.);
#10753 = EDGE_CURVE('',#10731,#10684,#10754,.T.);
#10754 = SURFACE_CURVE('',#10755,(#10760,#10767),.PCURVE_S1.);
#10755 = CIRCLE('',#10756,0.10404056416);
#10756 = AXIS2_PLACEMENT_3D('',#10757,#10758,#10759);
#10757 = CARTESIAN_POINT('',(0.380660104418,-1.225953828167,3.3000001));
#10758 = DIRECTION('',(-1.084207900253E-16,-2.487783210425E-17,1.));
#10759 = DIRECTION('',(0.976567659115,0.215210611196,1.112342105668E-16)
  );
#10760 = PCURVE('',#10591,#10761);
#10761 = DEFINITIONAL_REPRESENTATION('',(#10762),#10766);
#10762 = LINE('',#10763,#10764);
#10763 = CARTESIAN_POINT('',(6.28318530718,0.91));
#10764 = VECTOR('',#10765,1.);
#10765 = DIRECTION('',(-1.,0.));
#10766 = ( GEOMETRIC_REPRESENTATION_CONTEXT(2) 
PARAMETRIC_REPRESENTATION_CONTEXT() REPRESENTATION_CONTEXT('2D SPACE',''
  ) );
#10767 = PCURVE('',#977,#10768);
#10768 = DEFINITIONAL_REPRESENTATION('',(#10769),#10777);
#10769 = ( BOUNDED_CURVE() B_SPLINE_CURVE(2,(#10770,#10771,#10772,#10773
    ,#10774,#10775,#10776),.UNSPECIFIED.,.T.,.F.) 
B_SPLINE_CURVE_WITH_KNOTS((1,2,2,2,2,1),(-2.094395102393,0.,
    2.094395102393,4.188790204786,6.28318530718,8.377580409573),
.UNSPECIFIED.) CURVE() GEOMETRIC_REPRESENTATION_ITEM() 
RATIONAL_B_SPLINE_CURVE((1.,0.5,1.,0.5,1.,0.5,1.)) REPRESENTATION_ITEM(
  '') );
#10770 = CARTESIAN_POINT('',(0.103696871495,-0.163059712004));
#10771 = CARTESIAN_POINT('',(0.11833222249,-0.342667962018));
#10772 = CARTESIAN_POINT('',(-4.453076024983E-02,-0.265538422766));
#10773 = CARTESIAN_POINT('',(-0.207393742989,-0.188408883513));
#10774 = CARTESIAN_POINT('',(-5.916611124483E-02,-8.593017275112E-02));
#10775 = CARTESIAN_POINT('',(8.906152049966E-02,1.65485380112E-02));
#10776 = CARTESIAN_POINT('',(0.103696871495,-0.163059712004));
#10777 = ( GEOMETRIC_REPRESENTATION_CONTEXT(2) 
PARAMETRIC_REPRESENTATION_CONTEXT() REPRESENTATION_CONTEXT('2D SPACE',''
  ) );
#10778 = ORIENTED_EDGE('',*,*,#10706,.F.);
#10779 = ORIENTED_EDGE('',*,*,#10570,.T.);
#10780 = ADVANCED_FACE('',(#10781),#10619,.F.);
#10781 = FACE_BOUND('',#10782,.T.);
#10782 = EDGE_LOOP('',(#10783,#10784,#10785,#10808));
#10783 = ORIENTED_EDGE('',*,*,#10603,.F.);
#10784 = ORIENTED_EDGE('',*,*,#10730,.T.);
#10785 = ORIENTED_EDGE('',*,*,#10786,.F.);
#10786 = EDGE_CURVE('',#10787,#10731,#10789,.T.);
#10787 = VERTEX_POINT('',#10788);
#10788 = CARTESIAN_POINT('',(0.508955236132,-1.266781433031,3.3000001));
#10789 = SURFACE_CURVE('',#10790,(#10794,#10801),.PCURVE_S1.);
#10790 = LINE('',#10791,#10792);
#10791 = CARTESIAN_POINT('',(0.508962324794,-1.266799205611,3.3000001));
#10792 = VECTOR('',#10793,1.);
#10793 = DIRECTION('',(-0.370472737321,0.928843340344,
    -2.684098580837E-17));
#10794 = PCURVE('',#10619,#10795);
#10795 = DEFINITIONAL_REPRESENTATION('',(#10796),#10800);
#10796 = LINE('',#10797,#10798);
#10797 = CARTESIAN_POINT('',(8.547143160967E-02,0.91));
#10798 = VECTOR('',#10799,1.);
#10799 = DIRECTION('',(-1.,1.387778780781E-17));
#10800 = ( GEOMETRIC_REPRESENTATION_CONTEXT(2) 
PARAMETRIC_REPRESENTATION_CONTEXT() REPRESENTATION_CONTEXT('2D SPACE',''
  ) );
#10801 = PCURVE('',#977,#10802);
#10802 = DEFINITIONAL_REPRESENTATION('',(#10803),#10807);
#10803 = LINE('',#10804,#10805);
#10804 = CARTESIAN_POINT('',(0.110638490841,-9.477007855574E-02));
#10805 = VECTOR('',#10806,1.);
#10806 = DIRECTION('',(-8.121566722446E-02,-0.996696551312));
#10807 = ( GEOMETRIC_REPRESENTATION_CONTEXT(2) 
PARAMETRIC_REPRESENTATION_CONTEXT() REPRESENTATION_CONTEXT('2D SPACE',''
  ) );
#10808 = ORIENTED_EDGE('',*,*,#10809,.F.);
#10809 = EDGE_CURVE('',#10604,#10787,#10810,.T.);
#10810 = SURFACE_CURVE('',#10811,(#10815,#10822),.PCURVE_S1.);
#10811 = LINE('',#10812,#10813);
#10812 = CARTESIAN_POINT('',(0.508955236132,-1.266781433031,4.2100001));
#10813 = VECTOR('',#10814,1.);
#10814 = DIRECTION('',(5.551115123126E-17,9.84654534872E-19,-1.));
#10815 = PCURVE('',#10619,#10816);
#10816 = DEFINITIONAL_REPRESENTATION('',(#10817),#10821);
#10817 = LINE('',#10818,#10819);
#10818 = CARTESIAN_POINT('',(8.545229751107E-02,8.326672684689E-17));
#10819 = VECTOR('',#10820,1.);
#10820 = DIRECTION('',(-2.286960737345E-33,1.));
#10821 = ( GEOMETRIC_REPRESENTATION_CONTEXT(2) 
PARAMETRIC_REPRESENTATION_CONTEXT() REPRESENTATION_CONTEXT('2D SPACE',''
  ) );
#10822 = PCURVE('',#1298,#10823);
#10823 = DEFINITIONAL_REPRESENTATION('',(#10824),#10828);
#10824 = LINE('',#10825,#10826);
#10825 = CARTESIAN_POINT('',(1.254442096415,0.));
#10826 = VECTOR('',#10827,1.);
#10827 = DIRECTION('',(0.,1.));
#10828 = ( GEOMETRIC_REPRESENTATION_CONTEXT(2) 
PARAMETRIC_REPRESENTATION_CONTEXT() REPRESENTATION_CONTEXT('2D SPACE',''
  ) );
#10829 = ADVANCED_FACE('',(#10830),#1298,.T.);
#10830 = FACE_BOUND('',#10831,.T.);
#10831 = EDGE_LOOP('',(#10832,#10833,#10834,#10856));
#10832 = ORIENTED_EDGE('',*,*,#10631,.F.);
#10833 = ORIENTED_EDGE('',*,*,#10809,.T.);
#10834 = ORIENTED_EDGE('',*,*,#10835,.F.);
#10835 = EDGE_CURVE('',#1283,#10787,#10836,.T.);
#10836 = SURFACE_CURVE('',#10837,(#10842,#10849),.PCURVE_S1.);
#10837 = CIRCLE('',#10838,9.35E-02);
#10838 = AXIS2_PLACEMENT_3D('',#10839,#10840,#10841);
#10839 = CARTESIAN_POINT('',(0.595802088455,-1.232142232091,3.3000001));
#10840 = DIRECTION('',(5.56194503455E-17,1.026084435955E-18,-1.));
#10841 = DIRECTION('',(6.3121699572E-02,-0.998005837179,
    2.486755978547E-18));
#10842 = PCURVE('',#1298,#10843);
#10843 = DEFINITIONAL_REPRESENTATION('',(#10844),#10848);
#10844 = LINE('',#10845,#10846);
#10845 = CARTESIAN_POINT('',(0.,0.91));
#10846 = VECTOR('',#10847,1.);
#10847 = DIRECTION('',(1.,0.));
#10848 = ( GEOMETRIC_REPRESENTATION_CONTEXT(2) 
PARAMETRIC_REPRESENTATION_CONTEXT() REPRESENTATION_CONTEXT('2D SPACE',''
  ) );
#10849 = PCURVE('',#977,#10850);
#10850 = DEFINITIONAL_REPRESENTATION('',(#10851),#10855);
#10851 = CIRCLE('',#10852,9.35E-02);
#10852 = AXIS2_PLACEMENT_2D('',#10853,#10854);
#10853 = CARTESIAN_POINT('',(0.203828064401,-0.102382814331));
#10854 = DIRECTION('',(-0.232890652265,0.972502927547));
#10855 = ( GEOMETRIC_REPRESENTATION_CONTEXT(2) 
PARAMETRIC_REPRESENTATION_CONTEXT() REPRESENTATION_CONTEXT('2D SPACE',''
  ) );
#10856 = ORIENTED_EDGE('',*,*,#1282,.F.);
#10857 = ADVANCED_FACE('',(#10858),#10334,.T.);
#10858 = FACE_BOUND('',#10859,.T.);
#10859 = EDGE_LOOP('',(#10860,#10861,#10862,#10884));
#10860 = ORIENTED_EDGE('',*,*,#10518,.F.);
#10861 = ORIENTED_EDGE('',*,*,#10320,.F.);
#10862 = ORIENTED_EDGE('',*,*,#10863,.F.);
#10863 = EDGE_CURVE('',#10661,#10297,#10864,.T.);
#10864 = SURFACE_CURVE('',#10865,(#10870,#10877),.PCURVE_S1.);
#10865 = CIRCLE('',#10866,9.35E-02);
#10866 = AXIS2_PLACEMENT_3D('',#10867,#10868,#10869);
#10867 = CARTESIAN_POINT('',(0.206138619271,-1.351916603862,3.3000001));
#10868 = DIRECTION('',(5.719704220884E-17,-6.213554336051E-19,-1.));
#10869 = DIRECTION('',(0.976567659115,0.215210611196,5.572305933552E-17)
  );
#10870 = PCURVE('',#10334,#10871);
#10871 = DEFINITIONAL_REPRESENTATION('',(#10872),#10876);
#10872 = LINE('',#10873,#10874);
#10873 = CARTESIAN_POINT('',(0.,0.91));
#10874 = VECTOR('',#10875,1.);
#10875 = DIRECTION('',(1.,0.));
#10876 = ( GEOMETRIC_REPRESENTATION_CONTEXT(2) 
PARAMETRIC_REPRESENTATION_CONTEXT() REPRESENTATION_CONTEXT('2D SPACE',''
  ) );
#10877 = PCURVE('',#977,#10878);
#10878 = DEFINITIONAL_REPRESENTATION('',(#10879),#10883);
#10879 = CIRCLE('',#10880,9.35E-02);
#10880 = AXIS2_PLACEMENT_2D('',#10881,#10882);
#10881 = CARTESIAN_POINT('',(-0.203828064401,-0.102382814331));
#10882 = DIRECTION('',(0.996696551312,8.121566722446E-02));
#10883 = ( GEOMETRIC_REPRESENTATION_CONTEXT(2) 
PARAMETRIC_REPRESENTATION_CONTEXT() REPRESENTATION_CONTEXT('2D SPACE',''
  ) );
#10884 = ORIENTED_EDGE('',*,*,#10660,.F.);
#10885 = ADVANCED_FACE('',(#10886),#549,.T.);
#10886 = FACE_BOUND('',#10887,.T.);
#10887 = EDGE_LOOP('',(#10888,#10917,#10938,#10939));
#10888 = ORIENTED_EDGE('',*,*,#10889,.F.);
#10889 = EDGE_CURVE('',#10890,#10890,#10892,.T.);
#10890 = VERTEX_POINT('',#10891);
#10891 = CARTESIAN_POINT('',(-9.811890455233E-02,0.331663939712,
    2.3000001));
#10892 = SURFACE_CURVE('',#10893,(#10898,#10905),.PCURVE_S1.);
#10893 = CIRCLE('',#10894,0.3485);
#10894 = AXIS2_PLACEMENT_3D('',#10895,#10896,#10897);
#10895 = CARTESIAN_POINT('',(4.274670849122E-03,-1.45436617453E-03,
    2.3000001));
#10896 = DIRECTION('',(-6.121599219673E-17,9.236020009621E-18,1.));
#10897 = DIRECTION('',(0.95586314458,0.29381226801,5.580045481335E-17));
#10898 = PCURVE('',#549,#10899);
#10899 = DEFINITIONAL_REPRESENTATION('',(#10900),#10904);
#10900 = LINE('',#10901,#10902);
#10901 = CARTESIAN_POINT('',(10.995574287564,-0.25));
#10902 = VECTOR('',#10903,1.);
#10903 = DIRECTION('',(-1.,0.));
#10904 = ( GEOMETRIC_REPRESENTATION_CONTEXT(2) 
PARAMETRIC_REPRESENTATION_CONTEXT() REPRESENTATION_CONTEXT('2D SPACE',''
  ) );
#10905 = PCURVE('',#10906,#10911);
#10906 = CONICAL_SURFACE('',#10907,0.3735,1.047197551197);
#10907 = AXIS2_PLACEMENT_3D('',#10908,#10909,#10910);
#10908 = CARTESIAN_POINT('',(4.274670849122E-03,-1.45436617453E-03,
    2.31443385673));
#10909 = DIRECTION('',(-5.551115123126E-17,7.318533788671E-33,1.));
#10910 = DIRECTION('',(0.29381226801,-0.95586314458,2.68143806356E-17));
#10911 = DEFINITIONAL_REPRESENTATION('',(#10912),#10916);
#10912 = LINE('',#10913,#10914);
#10913 = CARTESIAN_POINT('',(-4.712388980385,-1.443375672974E-02));
#10914 = VECTOR('',#10915,1.);
#10915 = DIRECTION('',(1.,0.));
#10916 = ( GEOMETRIC_REPRESENTATION_CONTEXT(2) 
PARAMETRIC_REPRESENTATION_CONTEXT() REPRESENTATION_CONTEXT('2D SPACE',''
  ) );
#10917 = ORIENTED_EDGE('',*,*,#10918,.T.);
#10918 = EDGE_CURVE('',#10890,#533,#10919,.T.);
#10919 = SEAM_CURVE('',#10920,(#10924,#10931),.PCURVE_S1.);
#10920 = LINE('',#10921,#10922);
#10921 = CARTESIAN_POINT('',(-0.105464211253,0.355560518326,2.0500001));
#10922 = VECTOR('',#10923,1.);
#10923 = DIRECTION('',(-2.923541336098E-02,9.511193776084E-02,
    -0.99503719021));
#10924 = PCURVE('',#549,#10925);
#10925 = DEFINITIONAL_REPRESENTATION('',(#10926),#10930);
#10926 = LINE('',#10927,#10928);
#10927 = CARTESIAN_POINT('',(9.424777960769,0.));
#10928 = VECTOR('',#10929,1.);
#10929 = DIRECTION('',(0.,1.));
#10930 = ( GEOMETRIC_REPRESENTATION_CONTEXT(2) 
PARAMETRIC_REPRESENTATION_CONTEXT() REPRESENTATION_CONTEXT('2D SPACE',''
  ) );
#10931 = PCURVE('',#549,#10932);
#10932 = DEFINITIONAL_REPRESENTATION('',(#10933),#10937);
#10933 = LINE('',#10934,#10935);
#10934 = CARTESIAN_POINT('',(3.14159265359,0.));
#10935 = VECTOR('',#10936,1.);
#10936 = DIRECTION('',(0.,1.));
#10937 = ( GEOMETRIC_REPRESENTATION_CONTEXT(2) 
PARAMETRIC_REPRESENTATION_CONTEXT() REPRESENTATION_CONTEXT('2D SPACE',''
  ) );
#10938 = ORIENTED_EDGE('',*,*,#532,.T.);
#10939 = ORIENTED_EDGE('',*,*,#10918,.F.);
#10940 = ADVANCED_FACE('',(#10941),#10906,.T.);
#10941 = FACE_BOUND('',#10942,.T.);
#10942 = EDGE_LOOP('',(#10943,#10972,#10993,#10994));
#10943 = ORIENTED_EDGE('',*,*,#10944,.F.);
#10944 = EDGE_CURVE('',#10945,#10945,#10947,.T.);
#10945 = VERTEX_POINT('',#10946);
#10946 = CARTESIAN_POINT('',(-0.112809517953,0.379457096941,
    2.328867613459));
#10947 = SURFACE_CURVE('',#10948,(#10953,#10960),.PCURVE_S1.);
#10948 = CIRCLE('',#10949,0.3985);
#10949 = AXIS2_PLACEMENT_3D('',#10950,#10951,#10952);
#10950 = CARTESIAN_POINT('',(4.274670849122E-03,-1.45436617453E-03,
    2.328867613459));
#10951 = DIRECTION('',(-6.121599219673E-17,9.236020009621E-18,1.));
#10952 = DIRECTION('',(0.95586314458,0.29381226801,5.580045481335E-17));
#10953 = PCURVE('',#10906,#10954);
#10954 = DEFINITIONAL_REPRESENTATION('',(#10955),#10959);
#10955 = LINE('',#10956,#10957);
#10956 = CARTESIAN_POINT('',(-4.712388980385,1.443375672974E-02));
#10957 = VECTOR('',#10958,1.);
#10958 = DIRECTION('',(1.,0.));
#10959 = ( GEOMETRIC_REPRESENTATION_CONTEXT(2) 
PARAMETRIC_REPRESENTATION_CONTEXT() REPRESENTATION_CONTEXT('2D SPACE',''
  ) );
#10960 = PCURVE('',#10961,#10966);
#10961 = CYLINDRICAL_SURFACE('',#10962,0.3985);
#10962 = AXIS2_PLACEMENT_3D('',#10963,#10964,#10965);
#10963 = CARTESIAN_POINT('',(4.274670849122E-03,-1.45436617453E-03,
    2.81443385673));
#10964 = DIRECTION('',(-5.551115123126E-17,7.318533788671E-33,1.));
#10965 = DIRECTION('',(0.29381226801,-0.95586314458,2.68143806356E-17));
#10966 = DEFINITIONAL_REPRESENTATION('',(#10967),#10971);
#10967 = LINE('',#10968,#10969);
#10968 = CARTESIAN_POINT('',(-4.712388980385,-0.48556624327));
#10969 = VECTOR('',#10970,1.);
#10970 = DIRECTION('',(1.,0.));
#10971 = ( GEOMETRIC_REPRESENTATION_CONTEXT(2) 
PARAMETRIC_REPRESENTATION_CONTEXT() REPRESENTATION_CONTEXT('2D SPACE',''
  ) );
#10972 = ORIENTED_EDGE('',*,*,#10973,.T.);
#10973 = EDGE_CURVE('',#10945,#10890,#10974,.T.);
#10974 = SEAM_CURVE('',#10975,(#10979,#10986),.PCURVE_S1.);
#10975 = LINE('',#10976,#10977);
#10976 = CARTESIAN_POINT('',(-0.105464211253,0.355560518326,
    2.31443385673));
#10977 = VECTOR('',#10978,1.);
#10978 = DIRECTION('',(0.25444888804,-0.827801765748,-0.5));
#10979 = PCURVE('',#10906,#10980);
#10980 = DEFINITIONAL_REPRESENTATION('',(#10981),#10985);
#10981 = LINE('',#10982,#10983);
#10982 = CARTESIAN_POINT('',(-3.14159265359,-1.561251128379E-17));
#10983 = VECTOR('',#10984,1.);
#10984 = DIRECTION('',(0.,-1.));
#10985 = ( GEOMETRIC_REPRESENTATION_CONTEXT(2) 
PARAMETRIC_REPRESENTATION_CONTEXT() REPRESENTATION_CONTEXT('2D SPACE',''
  ) );
#10986 = PCURVE('',#10906,#10987);
#10987 = DEFINITIONAL_REPRESENTATION('',(#10988),#10992);
#10988 = LINE('',#10989,#10990);
#10989 = CARTESIAN_POINT('',(3.14159265359,-1.561251128379E-17));
#10990 = VECTOR('',#10991,1.);
#10991 = DIRECTION('',(0.,-1.));
#10992 = ( GEOMETRIC_REPRESENTATION_CONTEXT(2) 
PARAMETRIC_REPRESENTATION_CONTEXT() REPRESENTATION_CONTEXT('2D SPACE',''
  ) );
#10993 = ORIENTED_EDGE('',*,*,#10889,.T.);
#10994 = ORIENTED_EDGE('',*,*,#10973,.F.);
#10995 = ADVANCED_FACE('',(#10996),#10961,.T.);
#10996 = FACE_BOUND('',#10997,.T.);
#10997 = EDGE_LOOP('',(#10998,#11026,#11047,#11048));
#10998 = ORIENTED_EDGE('',*,*,#10999,.F.);
#10999 = EDGE_CURVE('',#11000,#11000,#11002,.T.);
#11000 = VERTEX_POINT('',#11001);
#11001 = CARTESIAN_POINT('',(-0.112809517953,0.379457096941,3.3000001));
#11002 = SURFACE_CURVE('',#11003,(#11008,#11015),.PCURVE_S1.);
#11003 = CIRCLE('',#11004,0.3985);
#11004 = AXIS2_PLACEMENT_3D('',#11005,#11006,#11007);
#11005 = CARTESIAN_POINT('',(4.274670849122E-03,-1.45436617453E-03,
    3.3000001));
#11006 = DIRECTION('',(-6.121599219673E-17,9.236020009621E-18,1.));
#11007 = DIRECTION('',(0.95586314458,0.29381226801,5.580045481335E-17));
#11008 = PCURVE('',#10961,#11009);
#11009 = DEFINITIONAL_REPRESENTATION('',(#11010),#11014);
#11010 = LINE('',#11011,#11012);
#11011 = CARTESIAN_POINT('',(-4.712388980385,0.48556624327));
#11012 = VECTOR('',#11013,1.);
#11013 = DIRECTION('',(1.,0.));
#11014 = ( GEOMETRIC_REPRESENTATION_CONTEXT(2) 
PARAMETRIC_REPRESENTATION_CONTEXT() REPRESENTATION_CONTEXT('2D SPACE',''
  ) );
#11015 = PCURVE('',#977,#11016);
#11016 = DEFINITIONAL_REPRESENTATION('',(#11017),#11025);
#11017 = ( BOUNDED_CURVE() B_SPLINE_CURVE(2,(#11018,#11019,#11020,#11021
    ,#11022,#11023,#11024),.UNSPECIFIED.,.T.,.F.) 
B_SPLINE_CURVE_WITH_KNOTS((1,2,2,2,2,1),(-2.094395102393,0.,
    2.094395102393,4.188790204786,6.28318530718,8.377580409573),
.UNSPECIFIED.) CURVE() GEOMETRIC_REPRESENTATION_ITEM() 
RATIONAL_B_SPLINE_CURVE((1.,0.5,1.,0.5,1.,0.5,1.)) REPRESENTATION_ITEM(
  '') );
#11018 = CARTESIAN_POINT('',(0.3985,-1.45255));
#11019 = CARTESIAN_POINT('',(0.3985,-2.142772246816));
#11020 = CARTESIAN_POINT('',(-0.19925,-1.797661123408));
#11021 = CARTESIAN_POINT('',(-0.797,-1.45255));
#11022 = CARTESIAN_POINT('',(-0.19925,-1.107438876592));
#11023 = CARTESIAN_POINT('',(0.3985,-0.762327753184));
#11024 = CARTESIAN_POINT('',(0.3985,-1.45255));
#11025 = ( GEOMETRIC_REPRESENTATION_CONTEXT(2) 
PARAMETRIC_REPRESENTATION_CONTEXT() REPRESENTATION_CONTEXT('2D SPACE',''
  ) );
#11026 = ORIENTED_EDGE('',*,*,#11027,.T.);
#11027 = EDGE_CURVE('',#11000,#10945,#11028,.T.);
#11028 = SEAM_CURVE('',#11029,(#11033,#11040),.PCURVE_S1.);
#11029 = LINE('',#11030,#11031);
#11030 = CARTESIAN_POINT('',(-0.112809517953,0.379457096941,
    2.81443385673));
#11031 = VECTOR('',#11032,1.);
#11032 = DIRECTION('',(5.551115123126E-17,-7.318533788671E-33,-1.));
#11033 = PCURVE('',#10961,#11034);
#11034 = DEFINITIONAL_REPRESENTATION('',(#11035),#11039);
#11035 = LINE('',#11036,#11037);
#11036 = CARTESIAN_POINT('',(-3.14159265359,0.));
#11037 = VECTOR('',#11038,1.);
#11038 = DIRECTION('',(0.,-1.));
#11039 = ( GEOMETRIC_REPRESENTATION_CONTEXT(2) 
PARAMETRIC_REPRESENTATION_CONTEXT() REPRESENTATION_CONTEXT('2D SPACE',''
  ) );
#11040 = PCURVE('',#10961,#11041);
#11041 = DEFINITIONAL_REPRESENTATION('',(#11042),#11046);
#11042 = LINE('',#11043,#11044);
#11043 = CARTESIAN_POINT('',(3.14159265359,0.));
#11044 = VECTOR('',#11045,1.);
#11045 = DIRECTION('',(0.,-1.));
#11046 = ( GEOMETRIC_REPRESENTATION_CONTEXT(2) 
PARAMETRIC_REPRESENTATION_CONTEXT() REPRESENTATION_CONTEXT('2D SPACE',''
  ) );
#11047 = ORIENTED_EDGE('',*,*,#10944,.T.);
#11048 = ORIENTED_EDGE('',*,*,#11027,.F.);
#11049 = ADVANCED_FACE('',(#11050,#11177),#977,.T.);
#11050 = FACE_BOUND('',#11051,.T.);
#11051 = EDGE_LOOP('',(#11052,#11053,#11054,#11055,#11056,#11057,#11058,
    #11059,#11060,#11061,#11062,#11063,#11064,#11065,#11066,#11067,
    #11068,#11069,#11070,#11071,#11072,#11073,#11074,#11075,#11076,
    #11077,#11078,#11079,#11080,#11081,#11082,#11083,#11084,#11085,
    #11086,#11087,#11088,#11089,#11090,#11091,#11092,#11093,#11094,
    #11095,#11096,#11097,#11098,#11099,#11100,#11101,#11102,#11103,
    #11104,#11105,#11106,#11107,#11108,#11109,#11110,#11111,#11112,
    #11113,#11114,#11115,#11116,#11117,#11118,#11119,#11120,#11121,
    #11122,#11123,#11124,#11125,#11126,#11127,#11128,#11129,#11130,
    #11131,#11132,#11133,#11134,#11135,#11136,#11137,#11138,#11139,
    #11140,#11141,#11142,#11143,#11144,#11145,#11146,#11147,#11148,
    #11149,#11150,#11151,#11152,#11153,#11154,#11155,#11156,#11157,
    #11158,#11159,#11160,#11161,#11162,#11163,#11164,#11165,#11166,
    #11167,#11168,#11169,#11170,#11171,#11172,#11173,#11174,#11175,
    #11176));
#11052 = ORIENTED_EDGE('',*,*,#1310,.T.);
#11053 = ORIENTED_EDGE('',*,*,#10835,.T.);
#11054 = ORIENTED_EDGE('',*,*,#10786,.T.);
#11055 = ORIENTED_EDGE('',*,*,#10753,.T.);
#11056 = ORIENTED_EDGE('',*,*,#10683,.T.);
#11057 = ORIENTED_EDGE('',*,*,#10863,.T.);
#11058 = ORIENTED_EDGE('',*,*,#10296,.T.);
#11059 = ORIENTED_EDGE('',*,*,#10219,.T.);
#11060 = ORIENTED_EDGE('',*,*,#10139,.T.);
#11061 = ORIENTED_EDGE('',*,*,#10057,.T.);
#11062 = ORIENTED_EDGE('',*,*,#10372,.T.);
#11063 = ORIENTED_EDGE('',*,*,#9902,.T.);
#11064 = ORIENTED_EDGE('',*,*,#9825,.T.);
#11065 = ORIENTED_EDGE('',*,*,#9745,.T.);
#11066 = ORIENTED_EDGE('',*,*,#9663,.T.);
#11067 = ORIENTED_EDGE('',*,*,#9978,.T.);
#11068 = ORIENTED_EDGE('',*,*,#9508,.T.);
#11069 = ORIENTED_EDGE('',*,*,#9431,.T.);
#11070 = ORIENTED_EDGE('',*,*,#9351,.T.);
#11071 = ORIENTED_EDGE('',*,*,#9269,.T.);
#11072 = ORIENTED_EDGE('',*,*,#9584,.T.);
#11073 = ORIENTED_EDGE('',*,*,#9114,.T.);
#11074 = ORIENTED_EDGE('',*,*,#9037,.T.);
#11075 = ORIENTED_EDGE('',*,*,#8957,.T.);
#11076 = ORIENTED_EDGE('',*,*,#8875,.T.);
#11077 = ORIENTED_EDGE('',*,*,#9190,.T.);
#11078 = ORIENTED_EDGE('',*,*,#8720,.T.);
#11079 = ORIENTED_EDGE('',*,*,#8643,.T.);
#11080 = ORIENTED_EDGE('',*,*,#8563,.T.);
#11081 = ORIENTED_EDGE('',*,*,#8481,.T.);
#11082 = ORIENTED_EDGE('',*,*,#8796,.T.);
#11083 = ORIENTED_EDGE('',*,*,#8326,.T.);
#11084 = ORIENTED_EDGE('',*,*,#8249,.T.);
#11085 = ORIENTED_EDGE('',*,*,#8169,.T.);
#11086 = ORIENTED_EDGE('',*,*,#8087,.T.);
#11087 = ORIENTED_EDGE('',*,*,#8402,.T.);
#11088 = ORIENTED_EDGE('',*,*,#7932,.T.);
#11089 = ORIENTED_EDGE('',*,*,#7855,.T.);
#11090 = ORIENTED_EDGE('',*,*,#7775,.T.);
#11091 = ORIENTED_EDGE('',*,*,#7693,.T.);
#11092 = ORIENTED_EDGE('',*,*,#8008,.T.);
#11093 = ORIENTED_EDGE('',*,*,#7538,.T.);
#11094 = ORIENTED_EDGE('',*,*,#7461,.T.);
#11095 = ORIENTED_EDGE('',*,*,#7381,.T.);
#11096 = ORIENTED_EDGE('',*,*,#7299,.T.);
#11097 = ORIENTED_EDGE('',*,*,#7614,.T.);
#11098 = ORIENTED_EDGE('',*,*,#7144,.T.);
#11099 = ORIENTED_EDGE('',*,*,#7067,.T.);
#11100 = ORIENTED_EDGE('',*,*,#6987,.T.);
#11101 = ORIENTED_EDGE('',*,*,#6905,.T.);
#11102 = ORIENTED_EDGE('',*,*,#7220,.T.);
#11103 = ORIENTED_EDGE('',*,*,#6750,.T.);
#11104 = ORIENTED_EDGE('',*,*,#6673,.T.);
#11105 = ORIENTED_EDGE('',*,*,#6593,.T.);
#11106 = ORIENTED_EDGE('',*,*,#6511,.T.);
#11107 = ORIENTED_EDGE('',*,*,#6826,.T.);
#11108 = ORIENTED_EDGE('',*,*,#6356,.T.);
#11109 = ORIENTED_EDGE('',*,*,#6279,.T.);
#11110 = ORIENTED_EDGE('',*,*,#6199,.T.);
#11111 = ORIENTED_EDGE('',*,*,#6117,.T.);
#11112 = ORIENTED_EDGE('',*,*,#6432,.T.);
#11113 = ORIENTED_EDGE('',*,*,#5962,.T.);
#11114 = ORIENTED_EDGE('',*,*,#5885,.T.);
#11115 = ORIENTED_EDGE('',*,*,#5805,.T.);
#11116 = ORIENTED_EDGE('',*,*,#5723,.T.);
#11117 = ORIENTED_EDGE('',*,*,#6038,.T.);
#11118 = ORIENTED_EDGE('',*,*,#5568,.T.);
#11119 = ORIENTED_EDGE('',*,*,#5491,.T.);
#11120 = ORIENTED_EDGE('',*,*,#5411,.T.);
#11121 = ORIENTED_EDGE('',*,*,#5329,.T.);
#11122 = ORIENTED_EDGE('',*,*,#5644,.T.);
#11123 = ORIENTED_EDGE('',*,*,#5174,.T.);
#11124 = ORIENTED_EDGE('',*,*,#5097,.T.);
#11125 = ORIENTED_EDGE('',*,*,#5017,.T.);
#11126 = ORIENTED_EDGE('',*,*,#4935,.T.);
#11127 = ORIENTED_EDGE('',*,*,#5250,.T.);
#11128 = ORIENTED_EDGE('',*,*,#4780,.T.);
#11129 = ORIENTED_EDGE('',*,*,#4703,.T.);
#11130 = ORIENTED_EDGE('',*,*,#4623,.T.);
#11131 = ORIENTED_EDGE('',*,*,#4541,.T.);
#11132 = ORIENTED_EDGE('',*,*,#4856,.T.);
#11133 = ORIENTED_EDGE('',*,*,#4386,.T.);
#11134 = ORIENTED_EDGE('',*,*,#4309,.T.);
#11135 = ORIENTED_EDGE('',*,*,#4229,.T.);
#11136 = ORIENTED_EDGE('',*,*,#4147,.T.);
#11137 = ORIENTED_EDGE('',*,*,#4462,.T.);
#11138 = ORIENTED_EDGE('',*,*,#3992,.T.);
#11139 = ORIENTED_EDGE('',*,*,#3915,.T.);
#11140 = ORIENTED_EDGE('',*,*,#3835,.T.);
#11141 = ORIENTED_EDGE('',*,*,#3753,.T.);
#11142 = ORIENTED_EDGE('',*,*,#4068,.T.);
#11143 = ORIENTED_EDGE('',*,*,#3598,.T.);
#11144 = ORIENTED_EDGE('',*,*,#3521,.T.);
#11145 = ORIENTED_EDGE('',*,*,#3441,.T.);
#11146 = ORIENTED_EDGE('',*,*,#3359,.T.);
#11147 = ORIENTED_EDGE('',*,*,#3674,.T.);
#11148 = ORIENTED_EDGE('',*,*,#3204,.T.);
#11149 = ORIENTED_EDGE('',*,*,#3127,.T.);
#11150 = ORIENTED_EDGE('',*,*,#3047,.T.);
#11151 = ORIENTED_EDGE('',*,*,#2965,.T.);
#11152 = ORIENTED_EDGE('',*,*,#3280,.T.);
#11153 = ORIENTED_EDGE('',*,*,#2810,.T.);
#11154 = ORIENTED_EDGE('',*,*,#2733,.T.);
#11155 = ORIENTED_EDGE('',*,*,#2653,.T.);
#11156 = ORIENTED_EDGE('',*,*,#2571,.T.);
#11157 = ORIENTED_EDGE('',*,*,#2886,.T.);
#11158 = ORIENTED_EDGE('',*,*,#2416,.T.);
#11159 = ORIENTED_EDGE('',*,*,#2339,.T.);
#11160 = ORIENTED_EDGE('',*,*,#2259,.T.);
#11161 = ORIENTED_EDGE('',*,*,#2177,.T.);
#11162 = ORIENTED_EDGE('',*,*,#2492,.T.);
#11163 = ORIENTED_EDGE('',*,*,#2022,.T.);
#11164 = ORIENTED_EDGE('',*,*,#1945,.T.);
#11165 = ORIENTED_EDGE('',*,*,#1865,.T.);
#11166 = ORIENTED_EDGE('',*,*,#1783,.T.);
#11167 = ORIENTED_EDGE('',*,*,#2098,.T.);
#11168 = ORIENTED_EDGE('',*,*,#1628,.T.);
#11169 = ORIENTED_EDGE('',*,*,#1551,.T.);
#11170 = ORIENTED_EDGE('',*,*,#1471,.T.);
#11171 = ORIENTED_EDGE('',*,*,#1389,.T.);
#11172 = ORIENTED_EDGE('',*,*,#1704,.T.);
#11173 = ORIENTED_EDGE('',*,*,#1205,.T.);
#11174 = ORIENTED_EDGE('',*,*,#1128,.T.);
#11175 = ORIENTED_EDGE('',*,*,#1048,.T.);
#11176 = ORIENTED_EDGE('',*,*,#961,.T.);
#11177 = FACE_BOUND('',#11178,.T.);
#11178 = EDGE_LOOP('',(#11179));
#11179 = ORIENTED_EDGE('',*,*,#10999,.T.);
#11180 = ( GEOMETRIC_REPRESENTATION_CONTEXT(3) 
GLOBAL_UNCERTAINTY_ASSIGNED_CONTEXT((#11184)) 
GLOBAL_UNIT_ASSIGNED_CONTEXT((#11181,#11182,#11183)) 
REPRESENTATION_CONTEXT('Context #1',
  '3D Context with UNIT and UNCERTAINTY') );
#11181 = ( LENGTH_UNIT() NAMED_UNIT(*) SI_UNIT(.MILLI.,.METRE.) );
#11182 = ( NAMED_UNIT(*) PLANE_ANGLE_UNIT() SI_UNIT($,.RADIAN.) );
#11183 = ( NAMED_UNIT(*) SI_UNIT($,.STERADIAN.) SOLID_ANGLE_UNIT() );
#11184 = UNCERTAINTY_MEASURE_WITH_UNIT(LENGTH_MEASURE(1.E-07),#11181,
  'distance_accuracy_value','confusion accuracy');
#11185 = PRODUCT_RELATED_PRODUCT_CATEGORY('part',$,(#7));
ENDSEC;
END-ISO-10303-21;
