ISO-10303-21;
HEADER;
FILE_DESCRIPTION(('Open CASCADE Model'),'2;1');
FILE_NAME('Open CASCADE Shape Model','2026-09-01T11:17:23',('Author'),(
    'Open CASCADE'),'Open CASCADE STEP processor 7.9','Open CASCADE 7.9'
  ,'Unknown');
FILE_SCHEMA(('AUTOMOTIVE_DESIGN { 1 0 10303 214 1 1 1 1 }'));
ENDSEC;
DATA;
#1 = APPLICATION_PROTOCOL_DEFINITION('international standard',
  'automotive_design',2000,#2);
#2 = APPLICATION_CONTEXT(
  'core data for automotive mechanical design processes');
#3 = SHAPE_DEFINITION_REPRESENTATION(#4,#10);
#4 = PRODUCT_DEFINITION_SHAPE('','',#5);
#5 = PRODUCT_DEFINITION('design','',#6,#9);
#6 = PRODUCT_DEFINITION_FORMATION('','',#7);
#7 = PRODUCT('Open CASCADE STEP translator 7.9 17',
  'Open CASCADE STEP translator 7.9 17','',(#8));
#8 = PRODUCT_CONTEXT('',#2,'mechanical');
#9 = PRODUCT_DEFINITION_CONTEXT('part definition',#2,'design');
#10 = ADVANCED_BREP_SHAPE_REPRESENTATION('',(#11,#15),#7693);
#11 = AXIS2_PLACEMENT_3D('',#12,#13,#14);
#12 = CARTESIAN_POINT('',(0.,0.,0.));
#13 = DIRECTION('',(0.,0.,1.));
#14 = DIRECTION('',(1.,0.,-0.));
#15 = MANIFOLD_SOLID_BREP('',#16);
#16 = CLOSED_SHELL('',(#17,#133,#137,#197,#319,#451,#701,#813,#911,#1028
    ,#1160,#1400,#1473,#1566,#1683,#1815,#2055,#2128,#2221,#2338,#2470,
    #2710,#2783,#2876,#2993,#3125,#3365,#3438,#3531,#3648,#3780,#4020,
    #4093,#4186,#4303,#4435,#4675,#4748,#4841,#4958,#5090,#5330,#5403,
    #5496,#5705,#5783,#5816,#5849,#5882,#5915,#5948,#5981,#6014,#6092,
    #6146,#6178,#6210,#6242,#6274,#6306,#6338,#6370,#6424,#6507,#6541,
    #6575,#6609,#6671,#6705,#6739,#6773,#6856,#6883,#6912,#7064,#7091,
    #7100,#7173,#7208,#7247,#7297,#7324,#7379,#7434,#7469,#7524,#7579,
    #7634,#7689));
#17 = ADVANCED_FACE('',(#18),#33,.T.);
#18 = FACE_BOUND('',#19,.T.);
#19 = EDGE_LOOP('',(#20,#56,#78,#101,#132));
#20 = ORIENTED_EDGE('',*,*,#21,.T.);
#21 = EDGE_CURVE('',#22,#24,#26,.T.);
#22 = VERTEX_POINT('',#23);
#23 = CARTESIAN_POINT('',(3.140013266778E-02,8.159462709464E-02,
    5.0700001));
#24 = VERTEX_POINT('',#25);
#25 = CARTESIAN_POINT('',(-6.398287140359E-02,-7.925027501394E-02,
    5.0700001));
#26 = SURFACE_CURVE('',#27,(#32,#44),.PCURVE_S1.);
#27 = CIRCLE('',#28,9.35E-02);
#28 = AXIS2_PLACEMENT_3D('',#29,#30,#31);
#29 = CARTESIAN_POINT('',(-1.62913693679E-02,1.172176040352E-03,
    5.0700001));
#30 = DIRECTION('',(-9.549396455322E-17,5.662909480105E-17,1.));
#31 = DIRECTION('',(-0.510069540489,-0.860133166356,7.421371871181E-32)
  );
#32 = PCURVE('',#33,#38);
#33 = CONICAL_SURFACE('',#34,7.85E-02,0.785398163397);
#34 = AXIS2_PLACEMENT_3D('',#35,#36,#37);
#35 = CARTESIAN_POINT('',(-1.62913693679E-02,1.172176040352E-03,
    5.0850001));
#36 = DIRECTION('',(2.638984874572E-49,-8.19333394335E-32,-1.));
#37 = DIRECTION('',(-0.510069540489,-0.860133166356,7.421371871181E-32)
  );
#38 = DEFINITIONAL_REPRESENTATION('',(#39),#43);
#39 = LINE('',#40,#41);
#40 = CARTESIAN_POINT('',(12.566370614359,1.5E-02));
#41 = VECTOR('',#42,1.);
#42 = DIRECTION('',(-1.,0.));
#43 = ( GEOMETRIC_REPRESENTATION_CONTEXT(2) 
PARAMETRIC_REPRESENTATION_CONTEXT() REPRESENTATION_CONTEXT('2D SPACE',''
  ) );
#44 = PCURVE('',#45,#50);
#45 = CYLINDRICAL_SURFACE('',#46,9.35E-02);
#46 = AXIS2_PLACEMENT_3D('',#47,#48,#49);
#47 = CARTESIAN_POINT('',(-1.62913693679E-02,1.172176040352E-03,
    4.9500001));
#48 = DIRECTION('',(2.638984874572E-49,-8.19333394335E-32,-1.));
#49 = DIRECTION('',(0.510069540489,0.860133166356,-7.421371871181E-32));
#50 = DEFINITIONAL_REPRESENTATION('',(#51),#55);
#51 = LINE('',#52,#53);
#52 = CARTESIAN_POINT('',(3.14159265359,-0.12));
#53 = VECTOR('',#54,1.);
#54 = DIRECTION('',(-1.,0.));
#55 = ( GEOMETRIC_REPRESENTATION_CONTEXT(2) 
PARAMETRIC_REPRESENTATION_CONTEXT() REPRESENTATION_CONTEXT('2D SPACE',''
  ) );
#56 = ORIENTED_EDGE('',*,*,#57,.T.);
#57 = EDGE_CURVE('',#24,#22,#58,.T.);
#58 = SURFACE_CURVE('',#59,(#64,#71),.PCURVE_S1.);
#59 = CIRCLE('',#60,9.35E-02);
#60 = AXIS2_PLACEMENT_3D('',#61,#62,#63);
#61 = CARTESIAN_POINT('',(-1.62913693679E-02,1.172176040352E-03,
    5.0700001));
#62 = DIRECTION('',(-9.549396455322E-17,5.662909480105E-17,1.));
#63 = DIRECTION('',(-0.510069540489,-0.860133166356,7.421371871181E-32)
  );
#64 = PCURVE('',#33,#65);
#65 = DEFINITIONAL_REPRESENTATION('',(#66),#70);
#66 = LINE('',#67,#68);
#67 = CARTESIAN_POINT('',(6.28318530718,1.5E-02));
#68 = VECTOR('',#69,1.);
#69 = DIRECTION('',(-1.,0.));
#70 = ( GEOMETRIC_REPRESENTATION_CONTEXT(2) 
PARAMETRIC_REPRESENTATION_CONTEXT() REPRESENTATION_CONTEXT('2D SPACE',''
  ) );
#71 = PCURVE('',#45,#72);
#72 = DEFINITIONAL_REPRESENTATION('',(#73),#77);
#73 = LINE('',#74,#75);
#74 = CARTESIAN_POINT('',(3.14159265359,-0.12));
#75 = VECTOR('',#76,1.);
#76 = DIRECTION('',(-1.,0.));
#77 = ( GEOMETRIC_REPRESENTATION_CONTEXT(2) 
PARAMETRIC_REPRESENTATION_CONTEXT() REPRESENTATION_CONTEXT('2D SPACE',''
  ) );
#78 = ORIENTED_EDGE('',*,*,#79,.T.);
#79 = EDGE_CURVE('',#22,#80,#82,.T.);
#80 = VERTEX_POINT('',#81);
#81 = CARTESIAN_POINT('',(1.609804645313E-02,5.579063210396E-02,
    5.1000001));
#82 = SEAM_CURVE('',#83,(#87,#94),.PCURVE_S1.);
#83 = LINE('',#84,#85);
#84 = CARTESIAN_POINT('',(2.374908956045E-02,6.86926295993E-02,5.0850001
    ));
#85 = VECTOR('',#86,1.);
#86 = DIRECTION('',(-0.360673630956,-0.608205994654,0.707106781187));
#87 = PCURVE('',#33,#88);
#88 = DEFINITIONAL_REPRESENTATION('',(#89),#93);
#89 = LINE('',#90,#91);
#90 = CARTESIAN_POINT('',(3.14159265359,-7.35980840008E-18));
#91 = VECTOR('',#92,1.);
#92 = DIRECTION('',(0.,-1.));
#93 = ( GEOMETRIC_REPRESENTATION_CONTEXT(2) 
PARAMETRIC_REPRESENTATION_CONTEXT() REPRESENTATION_CONTEXT('2D SPACE',''
  ) );
#94 = PCURVE('',#33,#95);
#95 = DEFINITIONAL_REPRESENTATION('',(#96),#100);
#96 = LINE('',#97,#98);
#97 = CARTESIAN_POINT('',(9.424777960769,-7.35980840008E-18));
#98 = VECTOR('',#99,1.);
#99 = DIRECTION('',(0.,-1.));
#100 = ( GEOMETRIC_REPRESENTATION_CONTEXT(2) 
PARAMETRIC_REPRESENTATION_CONTEXT() REPRESENTATION_CONTEXT('2D SPACE',''
  ) );
#101 = ORIENTED_EDGE('',*,*,#102,.T.);
#102 = EDGE_CURVE('',#80,#80,#103,.T.);
#103 = SURFACE_CURVE('',#104,(#109,#116),.PCURVE_S1.);
#104 = CIRCLE('',#105,6.35E-02);
#105 = AXIS2_PLACEMENT_3D('',#106,#107,#108);
#106 = CARTESIAN_POINT('',(-1.62913693679E-02,1.172176040352E-03,
    5.1000001));
#107 = DIRECTION('',(9.549396455322E-17,-5.662909480105E-17,-1.));
#108 = DIRECTION('',(-0.510069540489,-0.860133166356,7.421371871181E-32)
  );
#109 = PCURVE('',#33,#110);
#110 = DEFINITIONAL_REPRESENTATION('',(#111),#115);
#111 = LINE('',#112,#113);
#112 = CARTESIAN_POINT('',(0.,-1.5E-02));
#113 = VECTOR('',#114,1.);
#114 = DIRECTION('',(1.,0.));
#115 = ( GEOMETRIC_REPRESENTATION_CONTEXT(2) 
PARAMETRIC_REPRESENTATION_CONTEXT() REPRESENTATION_CONTEXT('2D SPACE',''
  ) );
#116 = PCURVE('',#117,#122);
#117 = PLANE('',#118);
#118 = AXIS2_PLACEMENT_3D('',#119,#120,#121);
#119 = CARTESIAN_POINT('',(3.140013266778E-02,8.159462709464E-02,
    5.1000001));
#120 = DIRECTION('',(-2.638984874572E-49,8.19333394335E-32,1.));
#121 = DIRECTION('',(0.860133166356,-0.510069540489,1.110223024625E-16)
  );
#122 = DEFINITIONAL_REPRESENTATION('',(#123),#131);
#123 = ( BOUNDED_CURVE() B_SPLINE_CURVE(2,(#124,#125,#126,#127,#128,#129
,#130),.UNSPECIFIED.,.T.,.F.) B_SPLINE_CURVE_WITH_KNOTS((1,2,2,2,2,1),(
    -2.094395102393,0.,2.094395102393,4.188790204786,6.28318530718,
8.377580409573),.UNSPECIFIED.) CURVE() GEOMETRIC_REPRESENTATION_ITEM() 
RATIONAL_B_SPLINE_CURVE((1.,0.5,1.,0.5,1.,0.5,1.)) REPRESENTATION_ITEM(
  '') );
#124 = CARTESIAN_POINT('',(-2.880196081634E-16,-0.157));
#125 = CARTESIAN_POINT('',(-0.109985226281,-0.157));
#126 = CARTESIAN_POINT('',(-5.499261314031E-02,-6.175E-02));
#127 = CARTESIAN_POINT('',(-2.92997748203E-16,3.35E-02));
#128 = CARTESIAN_POINT('',(5.499261314031E-02,-6.175E-02));
#129 = CARTESIAN_POINT('',(0.109985226281,-0.157));
#130 = CARTESIAN_POINT('',(-2.880196081634E-16,-0.157));
#131 = ( GEOMETRIC_REPRESENTATION_CONTEXT(2) 
PARAMETRIC_REPRESENTATION_CONTEXT() REPRESENTATION_CONTEXT('2D SPACE',''
  ) );
#132 = ORIENTED_EDGE('',*,*,#79,.F.);
#133 = ADVANCED_FACE('',(#134),#117,.T.);
#134 = FACE_BOUND('',#135,.T.);
#135 = EDGE_LOOP('',(#136));
#136 = ORIENTED_EDGE('',*,*,#102,.F.);
#137 = ADVANCED_FACE('',(#138),#45,.T.);
#138 = FACE_BOUND('',#139,.T.);
#139 = EDGE_LOOP('',(#140,#173,#194,#195,#196));
#140 = ORIENTED_EDGE('',*,*,#141,.F.);
#141 = EDGE_CURVE('',#142,#142,#144,.T.);
#142 = VERTEX_POINT('',#143);
#143 = CARTESIAN_POINT('',(-6.398287140359E-02,-7.925027501394E-02,
    4.8000001));
#144 = SURFACE_CURVE('',#145,(#150,#157),.PCURVE_S1.);
#145 = CIRCLE('',#146,9.35E-02);
#146 = AXIS2_PLACEMENT_3D('',#147,#148,#149);
#147 = CARTESIAN_POINT('',(-1.62913693679E-02,1.172176040352E-03,
    4.8000001));
#148 = DIRECTION('',(9.549396455322E-17,-5.662909480105E-17,-1.));
#149 = DIRECTION('',(0.860133166356,-0.510069540489,1.110223024625E-16)
  );
#150 = PCURVE('',#45,#151);
#151 = DEFINITIONAL_REPRESENTATION('',(#152),#156);
#152 = LINE('',#153,#154);
#153 = CARTESIAN_POINT('',(-4.712388980385,0.15));
#154 = VECTOR('',#155,1.);
#155 = DIRECTION('',(1.,0.));
#156 = ( GEOMETRIC_REPRESENTATION_CONTEXT(2) 
PARAMETRIC_REPRESENTATION_CONTEXT() REPRESENTATION_CONTEXT('2D SPACE',''
  ) );
#157 = PCURVE('',#158,#163);
#158 = PLANE('',#159);
#159 = AXIS2_PLACEMENT_3D('',#160,#161,#162);
#160 = CARTESIAN_POINT('',(8.572253872983E-02,0.173198809312,4.8000001)
  );
#161 = DIRECTION('',(-2.638984874572E-49,8.19333394335E-32,1.));
#162 = DIRECTION('',(0.860133166356,-0.510069540489,1.110223024625E-16)
  );
#163 = DEFINITIONAL_REPRESENTATION('',(#164),#172);
#164 = ( BOUNDED_CURVE() B_SPLINE_CURVE(2,(#165,#166,#167,#168,#169,#170
,#171),.UNSPECIFIED.,.T.,.F.) B_SPLINE_CURVE_WITH_KNOTS((1,2,2,2,2,1),(
    -2.094395102393,0.,2.094395102393,4.188790204786,6.28318530718,
8.377580409573),.UNSPECIFIED.) CURVE() GEOMETRIC_REPRESENTATION_ITEM() 
RATIONAL_B_SPLINE_CURVE((1.,0.5,1.,0.5,1.,0.5,1.)) REPRESENTATION_ITEM(
  '') );
#165 = CARTESIAN_POINT('',(9.35E-02,-0.2));
#166 = CARTESIAN_POINT('',(9.35E-02,-0.361946750508));
#167 = CARTESIAN_POINT('',(-4.675E-02,-0.280973375254));
#168 = CARTESIAN_POINT('',(-0.187,-0.2));
#169 = CARTESIAN_POINT('',(-4.675E-02,-0.119026624746));
#170 = CARTESIAN_POINT('',(9.35E-02,-3.805324949231E-02));
#171 = CARTESIAN_POINT('',(9.35E-02,-0.2));
#172 = ( GEOMETRIC_REPRESENTATION_CONTEXT(2) 
PARAMETRIC_REPRESENTATION_CONTEXT() REPRESENTATION_CONTEXT('2D SPACE',''
  ) );
#173 = ORIENTED_EDGE('',*,*,#174,.T.);
#174 = EDGE_CURVE('',#142,#24,#175,.T.);
#175 = SEAM_CURVE('',#176,(#180,#187),.PCURVE_S1.);
#176 = LINE('',#177,#178);
#177 = CARTESIAN_POINT('',(-6.398287140359E-02,-7.925027501394E-02,
    4.9500001));
#178 = VECTOR('',#179,1.);
#179 = DIRECTION('',(-2.638984874572E-49,8.19333394335E-32,1.));
#180 = PCURVE('',#45,#181);
#181 = DEFINITIONAL_REPRESENTATION('',(#182),#186);
#182 = LINE('',#183,#184);
#183 = CARTESIAN_POINT('',(-3.14159265359,0.));
#184 = VECTOR('',#185,1.);
#185 = DIRECTION('',(0.,-1.));
#186 = ( GEOMETRIC_REPRESENTATION_CONTEXT(2) 
PARAMETRIC_REPRESENTATION_CONTEXT() REPRESENTATION_CONTEXT('2D SPACE',''
  ) );
#187 = PCURVE('',#45,#188);
#188 = DEFINITIONAL_REPRESENTATION('',(#189),#193);
#189 = LINE('',#190,#191);
#190 = CARTESIAN_POINT('',(3.14159265359,0.));
#191 = VECTOR('',#192,1.);
#192 = DIRECTION('',(0.,-1.));
#193 = ( GEOMETRIC_REPRESENTATION_CONTEXT(2) 
PARAMETRIC_REPRESENTATION_CONTEXT() REPRESENTATION_CONTEXT('2D SPACE',''
  ) );
#194 = ORIENTED_EDGE('',*,*,#21,.F.);
#195 = ORIENTED_EDGE('',*,*,#57,.F.);
#196 = ORIENTED_EDGE('',*,*,#174,.F.);
#197 = ADVANCED_FACE('',(#198),#213,.T.);
#198 = FACE_BOUND('',#199,.T.);
#199 = EDGE_LOOP('',(#200,#236,#264,#293));
#200 = ORIENTED_EDGE('',*,*,#201,.F.);
#201 = EDGE_CURVE('',#202,#204,#206,.T.);
#202 = VERTEX_POINT('',#203);
#203 = CARTESIAN_POINT('',(0.455044495878,5.53471875495E-02,1.9100001));
#204 = VERTEX_POINT('',#205);
#205 = CARTESIAN_POINT('',(0.562269252821,-5.578116741871E-03,1.9100001)
  );
#206 = SURFACE_CURVE('',#207,(#212,#224),.PCURVE_S1.);
#207 = CIRCLE('',#208,0.1045);
#208 = AXIS2_PLACEMENT_3D('',#209,#210,#211);
#209 = CARTESIAN_POINT('',(0.46697708971,-4.846930056506E-02,1.9100001)
  );
#210 = DIRECTION('',(7.340398726572E-17,-2.783577689832E-17,-1.));
#211 = DIRECTION('',(0.911886728328,0.410441950461,5.551115123126E-17));
#212 = PCURVE('',#213,#218);
#213 = CYLINDRICAL_SURFACE('',#214,0.1045);
#214 = AXIS2_PLACEMENT_3D('',#215,#216,#217);
#215 = CARTESIAN_POINT('',(0.46697708971,-4.846930056506E-02,4.8000001)
  );
#216 = DIRECTION('',(2.638984874572E-49,-8.19333394335E-32,-1.));
#217 = DIRECTION('',(0.911886728328,0.410441950461,5.551115123126E-17));
#218 = DEFINITIONAL_REPRESENTATION('',(#219),#223);
#219 = LINE('',#220,#221);
#220 = CARTESIAN_POINT('',(0.,2.89));
#221 = VECTOR('',#222,1.);
#222 = DIRECTION('',(1.,0.));
#223 = ( GEOMETRIC_REPRESENTATION_CONTEXT(2) 
PARAMETRIC_REPRESENTATION_CONTEXT() REPRESENTATION_CONTEXT('2D SPACE',''
  ) );
#224 = PCURVE('',#225,#230);
#225 = PLANE('',#226);
#226 = AXIS2_PLACEMENT_3D('',#227,#228,#229);
#227 = CARTESIAN_POINT('',(0.123977754266,0.237708796788,1.9100001));
#228 = DIRECTION('',(2.638984874572E-49,-8.19333394335E-32,-1.));
#229 = DIRECTION('',(-0.860133166356,0.510069540489,-1.110223024625E-16)
  );
#230 = DEFINITIONAL_REPRESENTATION('',(#231),#235);
#231 = CIRCLE('',#232,0.1045);
#232 = AXIS2_PLACEMENT_2D('',#233,#234);
#233 = CARTESIAN_POINT('',(-0.440995835068,-7.119775960045E-02));
#234 = DIRECTION('',(-0.574990081926,0.818160378952));
#235 = ( GEOMETRIC_REPRESENTATION_CONTEXT(2) 
PARAMETRIC_REPRESENTATION_CONTEXT() REPRESENTATION_CONTEXT('2D SPACE',''
  ) );
#236 = ORIENTED_EDGE('',*,*,#237,.F.);
#237 = EDGE_CURVE('',#238,#202,#240,.T.);
#238 = VERTEX_POINT('',#239);
#239 = CARTESIAN_POINT('',(0.455044495878,5.53471875495E-02,3.4700001));
#240 = SURFACE_CURVE('',#241,(#245,#252),.PCURVE_S1.);
#241 = LINE('',#242,#243);
#242 = CARTESIAN_POINT('',(0.455044495878,5.53471875495E-02,4.8000001));
#243 = VECTOR('',#244,1.);
#244 = DIRECTION('',(2.638984874572E-49,-8.19333394335E-32,-1.));
#245 = PCURVE('',#213,#246);
#246 = DEFINITIONAL_REPRESENTATION('',(#247),#251);
#247 = LINE('',#248,#249);
#248 = CARTESIAN_POINT('',(5.020890532191,0.));
#249 = VECTOR('',#250,1.);
#250 = DIRECTION('',(0.,1.));
#251 = ( GEOMETRIC_REPRESENTATION_CONTEXT(2) 
PARAMETRIC_REPRESENTATION_CONTEXT() REPRESENTATION_CONTEXT('2D SPACE',''
  ) );
#252 = PCURVE('',#253,#258);
#253 = PLANE('',#254);
#254 = AXIS2_PLACEMENT_3D('',#255,#256,#257);
#255 = CARTESIAN_POINT('',(0.455044495878,5.53471875495E-02,4.8000001));
#256 = DIRECTION('',(0.114187500785,-0.993459216407,6.245004513517E-17)
  );
#257 = DIRECTION('',(-0.993459216407,-0.114187500785,-1.110223024625E-16
    ));
#258 = DEFINITIONAL_REPRESENTATION('',(#259),#263);
#259 = LINE('',#260,#261);
#260 = CARTESIAN_POINT('',(0.,0.));
#261 = VECTOR('',#262,1.);
#262 = DIRECTION('',(1.181066746172E-16,1.));
#263 = ( GEOMETRIC_REPRESENTATION_CONTEXT(2) 
PARAMETRIC_REPRESENTATION_CONTEXT() REPRESENTATION_CONTEXT('2D SPACE',''
  ) );
#264 = ORIENTED_EDGE('',*,*,#265,.F.);
#265 = EDGE_CURVE('',#266,#238,#268,.T.);
#266 = VERTEX_POINT('',#267);
#267 = CARTESIAN_POINT('',(0.562269252821,-5.578116741872E-03,3.4700001)
  );
#268 = SURFACE_CURVE('',#269,(#274,#281),.PCURVE_S1.);
#269 = CIRCLE('',#270,0.1045);
#270 = AXIS2_PLACEMENT_3D('',#271,#272,#273);
#271 = CARTESIAN_POINT('',(0.46697708971,-4.846930056506E-02,3.4700001)
  );
#272 = DIRECTION('',(-7.340398726572E-17,2.783577689832E-17,1.));
#273 = DIRECTION('',(0.911886728328,0.410441950461,5.551115123126E-17));
#274 = PCURVE('',#213,#275);
#275 = DEFINITIONAL_REPRESENTATION('',(#276),#280);
#276 = LINE('',#277,#278);
#277 = CARTESIAN_POINT('',(6.28318530718,1.33));
#278 = VECTOR('',#279,1.);
#279 = DIRECTION('',(-1.,0.));
#280 = ( GEOMETRIC_REPRESENTATION_CONTEXT(2) 
PARAMETRIC_REPRESENTATION_CONTEXT() REPRESENTATION_CONTEXT('2D SPACE',''
  ) );
#281 = PCURVE('',#282,#287);
#282 = PLANE('',#283);
#283 = AXIS2_PLACEMENT_3D('',#284,#285,#286);
#284 = CARTESIAN_POINT('',(0.278834866759,0.498845226094,3.4700001));
#285 = DIRECTION('',(-2.638984874572E-49,8.19333394335E-32,1.));
#286 = DIRECTION('',(0.860133166356,-0.510069540489,1.110223024625E-16)
  );
#287 = DEFINITIONAL_REPRESENTATION('',(#288),#292);
#288 = CIRCLE('',#289,0.1045);
#289 = AXIS2_PLACEMENT_2D('',#290,#291);
#290 = CARTESIAN_POINT('',(0.440995835068,-0.3747977596));
#291 = DIRECTION('',(0.574990081926,0.818160378952));
#292 = ( GEOMETRIC_REPRESENTATION_CONTEXT(2) 
PARAMETRIC_REPRESENTATION_CONTEXT() REPRESENTATION_CONTEXT('2D SPACE',''
  ) );
#293 = ORIENTED_EDGE('',*,*,#294,.F.);
#294 = EDGE_CURVE('',#204,#266,#295,.T.);
#295 = SURFACE_CURVE('',#296,(#300,#307),.PCURVE_S1.);
#296 = LINE('',#297,#298);
#297 = CARTESIAN_POINT('',(0.562269252821,-5.578116741873E-03,4.8000001)
  );
#298 = VECTOR('',#299,1.);
#299 = DIRECTION('',(-2.638984874572E-49,8.19333394335E-32,1.));
#300 = PCURVE('',#213,#301);
#301 = DEFINITIONAL_REPRESENTATION('',(#302),#306);
#302 = LINE('',#303,#304);
#303 = CARTESIAN_POINT('',(6.28318530718,0.));
#304 = VECTOR('',#305,1.);
#305 = DIRECTION('',(0.,-1.));
#306 = ( GEOMETRIC_REPRESENTATION_CONTEXT(2) 
PARAMETRIC_REPRESENTATION_CONTEXT() REPRESENTATION_CONTEXT('2D SPACE',''
  ) );
#307 = PCURVE('',#308,#313);
#308 = CYLINDRICAL_SURFACE('',#309,0.1045);
#309 = AXIS2_PLACEMENT_3D('',#310,#311,#312);
#310 = CARTESIAN_POINT('',(0.46800375021,3.95247104142E-02,4.8000001));
#311 = DIRECTION('',(2.638984874572E-49,-8.19333394335E-32,-1.));
#312 = DIRECTION('',(-0.137335414978,-0.990524600297,2.081668171172E-17)
  );
#313 = DEFINITIONAL_REPRESENTATION('',(#314),#318);
#314 = LINE('',#315,#316);
#315 = CARTESIAN_POINT('',(5.020890532191,0.));
#316 = VECTOR('',#317,1.);
#317 = DIRECTION('',(0.,-1.));
#318 = ( GEOMETRIC_REPRESENTATION_CONTEXT(2) 
PARAMETRIC_REPRESENTATION_CONTEXT() REPRESENTATION_CONTEXT('2D SPACE',''
  ) );
#319 = ADVANCED_FACE('',(#320),#253,.F.);
#320 = FACE_BOUND('',#321,.T.);
#321 = EDGE_LOOP('',(#322,#345,#373,#401,#429,#450));
#322 = ORIENTED_EDGE('',*,*,#323,.F.);
#323 = EDGE_CURVE('',#324,#202,#326,.T.);
#324 = VERTEX_POINT('',#325);
#325 = CARTESIAN_POINT('',(0.363416172584,4.481549277498E-02,1.9100001)
  );
#326 = SURFACE_CURVE('',#327,(#331,#338),.PCURVE_S1.);
#327 = LINE('',#328,#329);
#328 = CARTESIAN_POINT('',(0.302013086629,3.775786543625E-02,1.9100001)
  );
#329 = VECTOR('',#330,1.);
#330 = DIRECTION('',(0.993459216407,0.114187500785,1.110223024625E-16));
#331 = PCURVE('',#253,#332);
#332 = DEFINITIONAL_REPRESENTATION('',(#333),#337);
#333 = LINE('',#334,#335);
#334 = CARTESIAN_POINT('',(0.154038944651,2.89));
#335 = VECTOR('',#336,1.);
#336 = DIRECTION('',(-1.,-1.110223024625E-16));
#337 = ( GEOMETRIC_REPRESENTATION_CONTEXT(2) 
PARAMETRIC_REPRESENTATION_CONTEXT() REPRESENTATION_CONTEXT('2D SPACE',''
  ) );
#338 = PCURVE('',#225,#339);
#339 = DEFINITIONAL_REPRESENTATION('',(#340),#344);
#340 = LINE('',#341,#342);
#341 = CARTESIAN_POINT('',(-0.255122973823,-8.117402753069E-02));
#342 = VECTOR('',#343,1.);
#343 = DIRECTION('',(-0.796263655399,0.604949742615));
#344 = ( GEOMETRIC_REPRESENTATION_CONTEXT(2) 
PARAMETRIC_REPRESENTATION_CONTEXT() REPRESENTATION_CONTEXT('2D SPACE',''
  ) );
#345 = ORIENTED_EDGE('',*,*,#346,.F.);
#346 = EDGE_CURVE('',#347,#324,#349,.T.);
#347 = VERTEX_POINT('',#348);
#348 = CARTESIAN_POINT('',(0.363416172584,4.481549277498E-02,3.7200001)
  );
#349 = SURFACE_CURVE('',#350,(#354,#361),.PCURVE_S1.);
#350 = LINE('',#351,#352);
#351 = CARTESIAN_POINT('',(0.363416172584,4.481549277498E-02,4.8000001)
  );
#352 = VECTOR('',#353,1.);
#353 = DIRECTION('',(2.638984874572E-49,-8.19333394335E-32,-1.));
#354 = PCURVE('',#253,#355);
#355 = DEFINITIONAL_REPRESENTATION('',(#356),#360);
#356 = LINE('',#357,#358);
#357 = CARTESIAN_POINT('',(9.223159016649E-02,2.567390744446E-16));
#358 = VECTOR('',#359,1.);
#359 = DIRECTION('',(1.181066746172E-16,1.));
#360 = ( GEOMETRIC_REPRESENTATION_CONTEXT(2) 
PARAMETRIC_REPRESENTATION_CONTEXT() REPRESENTATION_CONTEXT('2D SPACE',''
  ) );
#361 = PCURVE('',#362,#367);
#362 = CYLINDRICAL_SURFACE('',#363,8.665846684763E-02);
#363 = AXIS2_PLACEMENT_3D('',#364,#365,#366);
#364 = CARTESIAN_POINT('',(0.353520858832,0.130907145344,4.8000001));
#365 = DIRECTION('',(2.638984874572E-49,-8.19333394335E-32,-1.));
#366 = DIRECTION('',(0.531491908673,-0.847063368949,1.110223024625E-16)
  );
#367 = DEFINITIONAL_REPRESENTATION('',(#368),#372);
#368 = LINE('',#369,#370);
#369 = CARTESIAN_POINT('',(0.445923753196,0.));
#370 = VECTOR('',#371,1.);
#371 = DIRECTION('',(0.,1.));
#372 = ( GEOMETRIC_REPRESENTATION_CONTEXT(2) 
PARAMETRIC_REPRESENTATION_CONTEXT() REPRESENTATION_CONTEXT('2D SPACE',''
  ) );
#373 = ORIENTED_EDGE('',*,*,#374,.F.);
#374 = EDGE_CURVE('',#375,#347,#377,.T.);
#375 = VERTEX_POINT('',#376);
#376 = CARTESIAN_POINT('',(0.378608669154,4.656170760232E-02,3.7200001)
  );
#377 = SURFACE_CURVE('',#378,(#382,#389),.PCURVE_S1.);
#378 = LINE('',#379,#380);
#379 = CARTESIAN_POINT('',(0.338823901587,4.198887451285E-02,3.7200001)
  );
#380 = VECTOR('',#381,1.);
#381 = DIRECTION('',(-0.993459216407,-0.114187500785,-1.110223024625E-16
    ));
#382 = PCURVE('',#253,#383);
#383 = DEFINITIONAL_REPRESENTATION('',(#384),#388);
#384 = LINE('',#385,#386);
#385 = CARTESIAN_POINT('',(0.116985772916,1.08));
#386 = VECTOR('',#387,1.);
#387 = DIRECTION('',(1.,1.110223024625E-16));
#388 = ( GEOMETRIC_REPRESENTATION_CONTEXT(2) 
PARAMETRIC_REPRESENTATION_CONTEXT() REPRESENTATION_CONTEXT('2D SPACE',''
  ) );
#389 = PCURVE('',#390,#395);
#390 = PLANE('',#391);
#391 = AXIS2_PLACEMENT_3D('',#392,#393,#394);
#392 = CARTESIAN_POINT('',(0.186461272976,0.343075109667,3.7200001));
#393 = DIRECTION('',(-2.638984874572E-49,8.19333394335E-32,1.));
#394 = DIRECTION('',(0.860133166356,-0.510069540489,1.110223024625E-16)
  );
#395 = DEFINITIONAL_REPRESENTATION('',(#396),#400);
#396 = LINE('',#397,#398);
#397 = CARTESIAN_POINT('',(0.284627067793,-0.181258720826));
#398 = VECTOR('',#399,1.);
#399 = DIRECTION('',(-0.796263655399,-0.604949742615));
#400 = ( GEOMETRIC_REPRESENTATION_CONTEXT(2) 
PARAMETRIC_REPRESENTATION_CONTEXT() REPRESENTATION_CONTEXT('2D SPACE',''
  ) );
#401 = ORIENTED_EDGE('',*,*,#402,.F.);
#402 = EDGE_CURVE('',#403,#375,#405,.T.);
#403 = VERTEX_POINT('',#404);
#404 = CARTESIAN_POINT('',(0.378608669154,4.656170760232E-02,3.4700001)
  );
#405 = SURFACE_CURVE('',#406,(#410,#417),.PCURVE_S1.);
#406 = LINE('',#407,#408);
#407 = CARTESIAN_POINT('',(0.378608669154,4.656170760232E-02,3.5950001)
  );
#408 = VECTOR('',#409,1.);
#409 = DIRECTION('',(-2.638984874572E-49,8.19333394335E-32,1.));
#410 = PCURVE('',#253,#411);
#411 = DEFINITIONAL_REPRESENTATION('',(#412),#416);
#412 = LINE('',#413,#414);
#413 = CARTESIAN_POINT('',(7.693906852148E-02,1.205));
#414 = VECTOR('',#415,1.);
#415 = DIRECTION('',(-1.181066746172E-16,-1.));
#416 = ( GEOMETRIC_REPRESENTATION_CONTEXT(2) 
PARAMETRIC_REPRESENTATION_CONTEXT() REPRESENTATION_CONTEXT('2D SPACE',''
  ) );
#417 = PCURVE('',#418,#423);
#418 = CYLINDRICAL_SURFACE('',#419,0.3975);
#419 = AXIS2_PLACEMENT_3D('',#420,#421,#422);
#420 = CARTESIAN_POINT('',(-1.62913693679E-02,1.172176040352E-03,
    3.5950001));
#421 = DIRECTION('',(2.638984874572E-49,-8.19333394335E-32,-1.));
#422 = DIRECTION('',(0.510069540489,0.860133166356,-7.421371871181E-32)
  );
#423 = DEFINITIONAL_REPRESENTATION('',(#424),#428);
#424 = LINE('',#425,#426);
#425 = CARTESIAN_POINT('',(0.921093577396,0.));
#426 = VECTOR('',#427,1.);
#427 = DIRECTION('',(0.,-1.));
#428 = ( GEOMETRIC_REPRESENTATION_CONTEXT(2) 
PARAMETRIC_REPRESENTATION_CONTEXT() REPRESENTATION_CONTEXT('2D SPACE',''
  ) );
#429 = ORIENTED_EDGE('',*,*,#430,.F.);
#430 = EDGE_CURVE('',#238,#403,#431,.T.);
#431 = SURFACE_CURVE('',#432,(#436,#443),.PCURVE_S1.);
#432 = LINE('',#433,#434);
#433 = CARTESIAN_POINT('',(0.393243808434,4.824386017628E-02,3.4700001)
  );
#434 = VECTOR('',#435,1.);
#435 = DIRECTION('',(-0.993459216407,-0.114187500785,-1.110223024625E-16
    ));
#436 = PCURVE('',#253,#437);
#437 = DEFINITIONAL_REPRESENTATION('',(#438),#442);
#438 = LINE('',#439,#440);
#439 = CARTESIAN_POINT('',(6.220757372211E-02,1.33));
#440 = VECTOR('',#441,1.);
#441 = DIRECTION('',(1.,1.110223024625E-16));
#442 = ( GEOMETRIC_REPRESENTATION_CONTEXT(2) 
PARAMETRIC_REPRESENTATION_CONTEXT() REPRESENTATION_CONTEXT('2D SPACE',''
  ) );
#443 = PCURVE('',#282,#444);
#444 = DEFINITIONAL_REPRESENTATION('',(#445),#449);
#445 = LINE('',#446,#447);
#446 = CARTESIAN_POINT('',(0.32824495692,-0.329220663323));
#447 = VECTOR('',#448,1.);
#448 = DIRECTION('',(-0.796263655399,-0.604949742615));
#449 = ( GEOMETRIC_REPRESENTATION_CONTEXT(2) 
PARAMETRIC_REPRESENTATION_CONTEXT() REPRESENTATION_CONTEXT('2D SPACE',''
  ) );
#450 = ORIENTED_EDGE('',*,*,#237,.T.);
#451 = ADVANCED_FACE('',(#452),#362,.F.);
#452 = FACE_BOUND('',#453,.F.);
#453 = EDGE_LOOP('',(#454,#455,#483,#614,#647,#675));
#454 = ORIENTED_EDGE('',*,*,#346,.F.);
#455 = ORIENTED_EDGE('',*,*,#456,.T.);
#456 = EDGE_CURVE('',#347,#457,#459,.T.);
#457 = VERTEX_POINT('',#458);
#458 = CARTESIAN_POINT('',(0.358724852314,4.440507410786E-02,3.7200001)
  );
#459 = SURFACE_CURVE('',#460,(#465,#472),.PCURVE_S1.);
#460 = CIRCLE('',#461,8.665846684763E-02);
#461 = AXIS2_PLACEMENT_3D('',#462,#463,#464);
#462 = CARTESIAN_POINT('',(0.353520858832,0.130907145344,3.7200001));
#463 = DIRECTION('',(5.900745544109E-17,-9.404292555236E-17,-1.));
#464 = DIRECTION('',(0.531491908673,-0.847063368949,1.110223024625E-16)
  );
#465 = PCURVE('',#362,#466);
#466 = DEFINITIONAL_REPRESENTATION('',(#467),#471);
#467 = LINE('',#468,#469);
#468 = CARTESIAN_POINT('',(-4.996003610813E-16,1.08));
#469 = VECTOR('',#470,1.);
#470 = DIRECTION('',(1.,0.));
#471 = ( GEOMETRIC_REPRESENTATION_CONTEXT(2) 
PARAMETRIC_REPRESENTATION_CONTEXT() REPRESENTATION_CONTEXT('2D SPACE',''
  ) );
#472 = PCURVE('',#390,#473);
#473 = DEFINITIONAL_REPRESENTATION('',(#474),#482);
#474 = ( BOUNDED_CURVE() B_SPLINE_CURVE(2,(#475,#476,#477,#478,#479,#480
,#481),.UNSPECIFIED.,.T.,.F.) B_SPLINE_CURVE_WITH_KNOTS((1,2,2,2,2,1),(
    -2.094395102393,0.,2.094395102393,4.188790204786,6.28318530718,
8.377580409573),.UNSPECIFIED.) CURVE() GEOMETRIC_REPRESENTATION_ITEM() 
RATIONAL_B_SPLINE_CURVE((1.,0.5,1.,0.5,1.,0.5,1.)) REPRESENTATION_ITEM(
  '') );
#475 = CARTESIAN_POINT('',(0.328971918829,-0.13692603231));
#476 = CARTESIAN_POINT('',(0.260304183374,-0.270394424585));
#477 = CARTESIAN_POINT('',(0.179051032789,-0.144192225123));
#478 = CARTESIAN_POINT('',(9.779788220397E-02,-1.799002566035E-02));
#479 = CARTESIAN_POINT('',(0.247718768244,-1.072383284749E-02));
#480 = CARTESIAN_POINT('',(0.397639654285,-3.457640034631E-03));
#481 = CARTESIAN_POINT('',(0.328971918829,-0.13692603231));
#482 = ( GEOMETRIC_REPRESENTATION_CONTEXT(2) 
PARAMETRIC_REPRESENTATION_CONTEXT() REPRESENTATION_CONTEXT('2D SPACE',''
  ) );
#483 = ORIENTED_EDGE('',*,*,#484,.T.);
#484 = EDGE_CURVE('',#457,#485,#487,.T.);
#485 = VERTEX_POINT('',#486);
#486 = CARTESIAN_POINT('',(0.303543041582,0.201701973258,3.7200001));
#487 = SURFACE_CURVE('',#488,(#507,#558),.PCURVE_S1.);
#488 = B_SPLINE_CURVE_WITH_KNOTS('',3,(#489,#490,#491,#492,#493,#494,
    #495,#496,#497,#498,#499,#500,#501,#502,#503,#504,#505,#506),
  .UNSPECIFIED.,.F.,.F.,(4,2,2,2,2,2,2,2,4),(3.689280396767E-02,
    4.035428098012E-02,4.447304968898E-02,4.720286574133E-02,
    4.993268179369E-02,5.266249784604E-02,5.53923138984E-02,
    5.951108260725E-02,6.29725596197E-02),.UNSPECIFIED.);
#489 = CARTESIAN_POINT('',(0.358724852314,4.440507410786E-02,3.7200001)
  );
#490 = CARTESIAN_POINT('',(0.350368350475,4.390234416763E-02,
    3.711641005381));
#491 = CARTESIAN_POINT('',(0.341420960835,4.46160906756E-02,
    3.702823925186));
#492 = CARTESIAN_POINT('',(0.322079324571,4.943085441608E-02,
    3.684273741552));
#493 = CARTESIAN_POINT('',(0.311735164079,5.414985975105E-02,
    3.674675449391));
#494 = CARTESIAN_POINT('',(0.296514202724,6.520955668237E-02,
    3.661746754879));
#495 = CARTESIAN_POINT('',(0.290190312952,7.106940459293E-02,
    3.656739018543));
#496 = CARTESIAN_POINT('',(0.279315939963,8.528026614883E-02,
    3.649734174959));
#497 = CARTESIAN_POINT('',(0.274760498555,9.363390606768E-02,3.6477501)
  );
#498 = CARTESIAN_POINT('',(0.268736088406,0.110806612491,3.6477501));
#499 = CARTESIAN_POINT('',(0.267074278668,0.120175376268,3.649734174959)
  );
#500 = CARTESIAN_POINT('',(0.266687262149,0.13806533972,3.656739018543)
  );
#501 = CARTESIAN_POINT('',(0.267964286149,0.146591687653,3.661746754879)
  );
#502 = CARTESIAN_POINT('',(0.272939887314,0.164736603024,3.674675449391)
  );
#503 = CARTESIAN_POINT('',(0.278068801595,0.174883765482,3.684273741552)
  );
#504 = CARTESIAN_POINT('',(0.290163419409,0.190726778552,3.702823925186)
  );
#505 = CARTESIAN_POINT('',(0.2967039324,0.19687388399,3.711641005381));
#506 = CARTESIAN_POINT('',(0.303543041582,0.201701973258,3.7200001));
#507 = PCURVE('',#362,#508);
#508 = DEFINITIONAL_REPRESENTATION('',(#509),#557);
#509 = B_SPLINE_CURVE_WITH_KNOTS('',3,(#510,#511,#512,#513,#514,#515,
    #516,#517,#518,#519,#520,#521,#522,#523,#524,#525,#526,#527,#528,
    #529,#530,#531,#532,#533,#534,#535,#536,#537,#538,#539,#540,#541,
    #542,#543,#544,#545,#546,#547,#548,#549,#550,#551,#552,#553,#554,
    #555,#556),.UNSPECIFIED.,.F.,.F.,(4,1,1,1,1,1,1,1,1,1,1,1,1,1,1,1,1,
    1,1,1,1,1,1,1,1,1,1,1,1,1,1,1,1,1,1,1,1,1,1,1,1,1,1,1,4),(
    3.689280396767E-02,3.748552568704E-02,3.80782474064E-02,
    3.867096912577E-02,3.926369084513E-02,3.98564125645E-02,
    4.044913428386E-02,4.104185600322E-02,4.163457772259E-02,
    4.222729944195E-02,4.282002116132E-02,4.341274288068E-02,
    4.400546460005E-02,4.459818631941E-02,4.519090803877E-02,
    4.578362975814E-02,4.63763514775E-02,4.696907319687E-02,
    4.756179491623E-02,4.81545166356E-02,4.874723835496E-02,
    4.933996007432E-02,4.993268179369E-02,5.052540351305E-02,
    5.111812523242E-02,5.171084695178E-02,5.230356867114E-02,
    5.289629039051E-02,5.348901210987E-02,5.408173382924E-02,
    5.46744555486E-02,5.526717726797E-02,5.585989898733E-02,
    5.645262070669E-02,5.704534242606E-02,5.763806414542E-02,
    5.823078586479E-02,5.882350758415E-02,5.941622930352E-02,
    6.000895102288E-02,6.060167274224E-02,6.119439446161E-02,
    6.178711618097E-02,6.237983790034E-02,6.29725596197E-02),
  .QUASI_UNIFORM_KNOTS.);
#510 = CARTESIAN_POINT('',(0.500272953466,1.08));
#511 = CARTESIAN_POINT('',(0.516815342244,1.081431359191));
#512 = CARTESIAN_POINT('',(0.550248354473,1.084320934954));
#513 = CARTESIAN_POINT('',(0.601331345817,1.088711642087));
#514 = CARTESIAN_POINT('',(0.653233715515,1.093134470948));
#515 = CARTESIAN_POINT('',(0.705851391604,1.097565175639));
#516 = CARTESIAN_POINT('',(0.759091980464,1.101979599917));
#517 = CARTESIAN_POINT('',(0.81288011998,1.106353253057));
#518 = CARTESIAN_POINT('',(0.86715921295,1.110662981072));
#519 = CARTESIAN_POINT('',(0.921883164747,1.11488522518));
#520 = CARTESIAN_POINT('',(0.976999232193,1.118995681187));
#521 = CARTESIAN_POINT('',(1.032474529346,1.12297115803));
#522 = CARTESIAN_POINT('',(1.088215723939,1.12678475753));
#523 = CARTESIAN_POINT('',(1.14438353069,1.130423296835));
#524 = CARTESIAN_POINT('',(1.200234624186,1.133822438906));
#525 = CARTESIAN_POINT('',(1.258883341898,1.137132969582));
#526 = CARTESIAN_POINT('',(1.32050924575,1.14030924069));
#527 = CARTESIAN_POINT('',(1.384443983195,1.143257202609));
#528 = CARTESIAN_POINT('',(1.450304054551,1.145897621601));
#529 = CARTESIAN_POINT('',(1.51775856622,1.148140401835));
#530 = CARTESIAN_POINT('',(1.586417581338,1.149932217614));
#531 = CARTESIAN_POINT('',(1.655682179154,1.151249724871));
#532 = CARTESIAN_POINT('',(1.725084547424,1.152062907628));
#533 = CARTESIAN_POINT('',(1.793758203393,1.152343546186));
#534 = CARTESIAN_POINT('',(1.862431859362,1.152062907628));
#535 = CARTESIAN_POINT('',(1.931834227633,1.151249724871));
#536 = CARTESIAN_POINT('',(2.001098825448,1.149932217614));
#537 = CARTESIAN_POINT('',(2.069757840566,1.148140401835));
#538 = CARTESIAN_POINT('',(2.137212352236,1.145897621601));
#539 = CARTESIAN_POINT('',(2.203072423591,1.143257202609));
#540 = CARTESIAN_POINT('',(2.267007161036,1.14030924069));
#541 = CARTESIAN_POINT('',(2.328633064888,1.137132969582));
#542 = CARTESIAN_POINT('',(2.3872817826,1.133822438906));
#543 = CARTESIAN_POINT('',(2.443132876097,1.130423296835));
#544 = CARTESIAN_POINT('',(2.499300682847,1.12678475753));
#545 = CARTESIAN_POINT('',(2.55504187744,1.12297115803));
#546 = CARTESIAN_POINT('',(2.610517174593,1.118995681187));
#547 = CARTESIAN_POINT('',(2.66563324204,1.11488522518));
#548 = CARTESIAN_POINT('',(2.720357193836,1.110662981072));
#549 = CARTESIAN_POINT('',(2.774636286807,1.106353253057));
#550 = CARTESIAN_POINT('',(2.828424426323,1.101979599917));
#551 = CARTESIAN_POINT('',(2.881665015182,1.097565175639));
#552 = CARTESIAN_POINT('',(2.934282691272,1.093134470948));
#553 = CARTESIAN_POINT('',(2.986185060969,1.088711642087));
#554 = CARTESIAN_POINT('',(3.037268052313,1.084320934954));
#555 = CARTESIAN_POINT('',(3.070701064542,1.081431359191));
#556 = CARTESIAN_POINT('',(3.08724345332,1.08));
#557 = ( GEOMETRIC_REPRESENTATION_CONTEXT(2) 
PARAMETRIC_REPRESENTATION_CONTEXT() REPRESENTATION_CONTEXT('2D SPACE',''
  ) );
#558 = PCURVE('',#559,#564);
#559 = CONICAL_SURFACE('',#560,0.3275,0.785398163397);
#560 = AXIS2_PLACEMENT_3D('',#561,#562,#563);
#561 = CARTESIAN_POINT('',(-1.62913693679E-02,1.172176040352E-03,
    3.6700001));
#562 = DIRECTION('',(-2.638984874572E-49,8.19333394335E-32,1.));
#563 = DIRECTION('',(0.510069540489,0.860133166356,-7.421371871181E-32)
  );
#564 = DEFINITIONAL_REPRESENTATION('',(#565),#613);
#565 = B_SPLINE_CURVE_WITH_KNOTS('',3,(#566,#567,#568,#569,#570,#571,
    #572,#573,#574,#575,#576,#577,#578,#579,#580,#581,#582,#583,#584,
    #585,#586,#587,#588,#589,#590,#591,#592,#593,#594,#595,#596,#597,
    #598,#599,#600,#601,#602,#603,#604,#605,#606,#607,#608,#609,#610,
    #611,#612),.UNSPECIFIED.,.F.,.F.,(4,1,1,1,1,1,1,1,1,1,1,1,1,1,1,1,1,
    1,1,1,1,1,1,1,1,1,1,1,1,1,1,1,1,1,1,1,1,1,1,1,1,1,1,1,4),(
    3.689280396767E-02,3.748552568704E-02,3.80782474064E-02,
    3.867096912577E-02,3.926369084513E-02,3.98564125645E-02,
    4.044913428386E-02,4.104185600322E-02,4.163457772259E-02,
    4.222729944195E-02,4.282002116132E-02,4.341274288068E-02,
    4.400546460005E-02,4.459818631941E-02,4.519090803877E-02,
    4.578362975814E-02,4.63763514775E-02,4.696907319687E-02,
    4.756179491623E-02,4.81545166356E-02,4.874723835496E-02,
    4.933996007432E-02,4.993268179369E-02,5.052540351305E-02,
    5.111812523242E-02,5.171084695178E-02,5.230356867114E-02,
    5.289629039051E-02,5.348901210987E-02,5.408173382924E-02,
    5.46744555486E-02,5.526717726797E-02,5.585989898733E-02,
    5.645262070669E-02,5.704534242606E-02,5.763806414542E-02,
    5.823078586479E-02,5.882350758415E-02,5.941622930352E-02,
    6.000895102288E-02,6.060167274224E-02,6.119439446161E-02,
    6.178711618097E-02,6.237983790034E-02,6.29725596197E-02),
  .QUASI_UNIFORM_KNOTS.);
#566 = CARTESIAN_POINT('',(5.362430685895,5.E-02));
#567 = CARTESIAN_POINT('',(5.362638420336,4.856866202331E-02));
#568 = CARTESIAN_POINT('',(5.363256208947,4.567937550601E-02));
#569 = CARTESIAN_POINT('',(5.364829166532,4.128935938104E-02));
#570 = CARTESIAN_POINT('',(5.367086958389,3.686689029655E-02));
#571 = CARTESIAN_POINT('',(5.370070789704,3.243599347863E-02));
#572 = CARTESIAN_POINT('',(5.373822805298,2.802092868392E-02));
#573 = CARTESIAN_POINT('',(5.378387482121,2.364653041091E-02));
#574 = CARTESIAN_POINT('',(5.383805042732,1.93371881917E-02));
#575 = CARTESIAN_POINT('',(5.390086191186,1.511566181646E-02));
#576 = CARTESIAN_POINT('',(5.397241347834,1.100567689429E-02));
#577 = CARTESIAN_POINT('',(5.405280950591,7.030172396556E-03));
#578 = CARTESIAN_POINT('',(5.414198488617,3.216082266519E-03));
#579 = CARTESIAN_POINT('',(5.424033160106,-4.231432845461E-04));
#580 = CARTESIAN_POINT('',(5.434630956164,-3.822547694592E-03));
#581 = CARTESIAN_POINT('',(5.446617763797,-7.132583601777E-03));
#582 = CARTESIAN_POINT('',(5.460096765267,-1.030837812497E-02));
#583 = CARTESIAN_POINT('',(5.474967473936,-1.325618683269E-02));
#584 = CARTESIAN_POINT('',(5.491152930453,-1.589687051975E-02));
#585 = CARTESIAN_POINT('',(5.508554100714,-1.814153229421E-02));
#586 = CARTESIAN_POINT('',(5.52695784442,-1.9936595448E-02));
#587 = CARTESIAN_POINT('',(5.546053677948,-2.125441446879E-02));
#588 = CARTESIAN_POINT('',(5.565558197326,-2.206488855732E-02));
#589 = CARTESIAN_POINT('',(5.585053606382,-2.234255572134E-02));
#590 = CARTESIAN_POINT('',(5.604549015437,-2.206488855732E-02));
#591 = CARTESIAN_POINT('',(5.624053534816,-2.125441446879E-02));
#592 = CARTESIAN_POINT('',(5.643149368344,-1.9936595448E-02));
#593 = CARTESIAN_POINT('',(5.66155311205,-1.814153229421E-02));
#594 = CARTESIAN_POINT('',(5.678954282311,-1.589687051975E-02));
#595 = CARTESIAN_POINT('',(5.695139738828,-1.325618683269E-02));
#596 = CARTESIAN_POINT('',(5.710010447496,-1.030837812497E-02));
#597 = CARTESIAN_POINT('',(5.723489448967,-7.132583601777E-03));
#598 = CARTESIAN_POINT('',(5.735476256599,-3.822547694592E-03));
#599 = CARTESIAN_POINT('',(5.746074052658,-4.231432845463E-04));
#600 = CARTESIAN_POINT('',(5.755908724146,3.216082266518E-03));
#601 = CARTESIAN_POINT('',(5.764826262173,7.030172396556E-03));
#602 = CARTESIAN_POINT('',(5.772865864929,1.100567689429E-02));
#603 = CARTESIAN_POINT('',(5.780021021578,1.511566181646E-02));
#604 = CARTESIAN_POINT('',(5.786302170032,1.93371881917E-02));
#605 = CARTESIAN_POINT('',(5.791719730642,2.364653041091E-02));
#606 = CARTESIAN_POINT('',(5.796284407465,2.802092868392E-02));
#607 = CARTESIAN_POINT('',(5.800036423059,3.243599347863E-02));
#608 = CARTESIAN_POINT('',(5.803020254374,3.686689029655E-02));
#609 = CARTESIAN_POINT('',(5.805278046231,4.128935938104E-02));
#610 = CARTESIAN_POINT('',(5.806851003816,4.567937550601E-02));
#611 = CARTESIAN_POINT('',(5.807468792427,4.856866202331E-02));
#612 = CARTESIAN_POINT('',(5.807676526869,5.E-02));
#613 = ( GEOMETRIC_REPRESENTATION_CONTEXT(2) 
PARAMETRIC_REPRESENTATION_CONTEXT() REPRESENTATION_CONTEXT('2D SPACE',''
  ) );
#614 = ORIENTED_EDGE('',*,*,#615,.T.);
#615 = EDGE_CURVE('',#485,#616,#618,.T.);
#616 = VERTEX_POINT('',#617);
#617 = CARTESIAN_POINT('',(0.307462584885,0.20431235822,3.7200001));
#618 = SURFACE_CURVE('',#619,(#624,#631),.PCURVE_S1.);
#619 = CIRCLE('',#620,8.665846684763E-02);
#620 = AXIS2_PLACEMENT_3D('',#621,#622,#623);
#621 = CARTESIAN_POINT('',(0.353520858832,0.130907145344,3.7200001));
#622 = DIRECTION('',(5.900745544109E-17,-9.404292555236E-17,-1.));
#623 = DIRECTION('',(0.531491908673,-0.847063368949,1.110223024625E-16)
  );
#624 = PCURVE('',#362,#625);
#625 = DEFINITIONAL_REPRESENTATION('',(#626),#630);
#626 = LINE('',#627,#628);
#627 = CARTESIAN_POINT('',(0.,1.08));
#628 = VECTOR('',#629,1.);
#629 = DIRECTION('',(1.,0.));
#630 = ( GEOMETRIC_REPRESENTATION_CONTEXT(2) 
PARAMETRIC_REPRESENTATION_CONTEXT() REPRESENTATION_CONTEXT('2D SPACE',''
  ) );
#631 = PCURVE('',#632,#637);
#632 = PLANE('',#633);
#633 = AXIS2_PLACEMENT_3D('',#634,#635,#636);
#634 = CARTESIAN_POINT('',(0.186461272976,0.343075109667,3.7200001));
#635 = DIRECTION('',(-2.638984874572E-49,8.19333394335E-32,1.));
#636 = DIRECTION('',(0.860133166356,-0.510069540489,1.110223024625E-16)
  );
#637 = DEFINITIONAL_REPRESENTATION('',(#638),#646);
#638 = ( BOUNDED_CURVE() B_SPLINE_CURVE(2,(#639,#640,#641,#642,#643,#644
,#645),.UNSPECIFIED.,.T.,.F.) B_SPLINE_CURVE_WITH_KNOTS((1,2,2,2,2,1),(
    -2.094395102393,0.,2.094395102393,4.188790204786,6.28318530718,
8.377580409573),.UNSPECIFIED.) CURVE() GEOMETRIC_REPRESENTATION_ITEM() 
RATIONAL_B_SPLINE_CURVE((1.,0.5,1.,0.5,1.,0.5,1.)) REPRESENTATION_ITEM(
  '') );
#639 = CARTESIAN_POINT('',(0.328971918829,-0.13692603231));
#640 = CARTESIAN_POINT('',(0.260304183374,-0.270394424585));
#641 = CARTESIAN_POINT('',(0.179051032789,-0.144192225123));
#642 = CARTESIAN_POINT('',(9.779788220397E-02,-1.799002566035E-02));
#643 = CARTESIAN_POINT('',(0.247718768244,-1.072383284749E-02));
#644 = CARTESIAN_POINT('',(0.397639654285,-3.457640034631E-03));
#645 = CARTESIAN_POINT('',(0.328971918829,-0.13692603231));
#646 = ( GEOMETRIC_REPRESENTATION_CONTEXT(2) 
PARAMETRIC_REPRESENTATION_CONTEXT() REPRESENTATION_CONTEXT('2D SPACE',''
  ) );
#647 = ORIENTED_EDGE('',*,*,#648,.T.);
#648 = EDGE_CURVE('',#616,#649,#651,.T.);
#649 = VERTEX_POINT('',#650);
#650 = CARTESIAN_POINT('',(0.307462584885,0.20431235822,1.9100001));
#651 = SURFACE_CURVE('',#652,(#656,#663),.PCURVE_S1.);
#652 = LINE('',#653,#654);
#653 = CARTESIAN_POINT('',(0.307462584885,0.20431235822,4.8000001));
#654 = VECTOR('',#655,1.);
#655 = DIRECTION('',(2.638984874572E-49,-8.19333394335E-32,-1.));
#656 = PCURVE('',#362,#657);
#657 = DEFINITIONAL_REPRESENTATION('',(#658),#662);
#658 = LINE('',#659,#660);
#659 = CARTESIAN_POINT('',(3.14159265359,0.));
#660 = VECTOR('',#661,1.);
#661 = DIRECTION('',(0.,1.));
#662 = ( GEOMETRIC_REPRESENTATION_CONTEXT(2) 
PARAMETRIC_REPRESENTATION_CONTEXT() REPRESENTATION_CONTEXT('2D SPACE',''
  ) );
#663 = PCURVE('',#664,#669);
#664 = PLANE('',#665);
#665 = AXIS2_PLACEMENT_3D('',#666,#667,#668);
#666 = CARTESIAN_POINT('',(0.307462584885,0.20431235822,4.8000001));
#667 = DIRECTION('',(-0.531491908673,0.847063368949,-1.110223024625E-16)
  );
#668 = DIRECTION('',(0.847063368949,0.531491908673,-4.585800495867E-32)
  );
#669 = DEFINITIONAL_REPRESENTATION('',(#670),#674);
#670 = LINE('',#671,#672);
#671 = CARTESIAN_POINT('',(0.,0.));
#672 = VECTOR('',#673,1.);
#673 = DIRECTION('',(-4.998305399903E-17,1.));
#674 = ( GEOMETRIC_REPRESENTATION_CONTEXT(2) 
PARAMETRIC_REPRESENTATION_CONTEXT() REPRESENTATION_CONTEXT('2D SPACE',''
  ) );
#675 = ORIENTED_EDGE('',*,*,#676,.T.);
#676 = EDGE_CURVE('',#649,#324,#677,.T.);
#677 = SURFACE_CURVE('',#678,(#683,#690),.PCURVE_S1.);
#678 = CIRCLE('',#679,8.665846684763E-02);
#679 = AXIS2_PLACEMENT_3D('',#680,#681,#682);
#680 = CARTESIAN_POINT('',(0.353520858832,0.130907145344,1.9100001));
#681 = DIRECTION('',(-5.900745544109E-17,9.404292555236E-17,1.));
#682 = DIRECTION('',(0.531491908673,-0.847063368949,1.110223024625E-16)
  );
#683 = PCURVE('',#362,#684);
#684 = DEFINITIONAL_REPRESENTATION('',(#685),#689);
#685 = LINE('',#686,#687);
#686 = CARTESIAN_POINT('',(6.28318530718,2.89));
#687 = VECTOR('',#688,1.);
#688 = DIRECTION('',(-1.,0.));
#689 = ( GEOMETRIC_REPRESENTATION_CONTEXT(2) 
PARAMETRIC_REPRESENTATION_CONTEXT() REPRESENTATION_CONTEXT('2D SPACE',''
  ) );
#690 = PCURVE('',#225,#691);
#691 = DEFINITIONAL_REPRESENTATION('',(#692),#700);
#692 = ( BOUNDED_CURVE() B_SPLINE_CURVE(2,(#693,#694,#695,#696,#697,#698
,#699),.UNSPECIFIED.,.T.,.F.) B_SPLINE_CURVE_WITH_KNOTS((1,2,2,2,2,1),(
    -2.094395102393,0.,2.094395102393,4.188790204786,6.28318530718,
8.377580409573),.UNSPECIFIED.) CURVE() GEOMETRIC_REPRESENTATION_ITEM() 
RATIONAL_B_SPLINE_CURVE((1.,0.5,1.,0.5,1.,0.5,1.)) REPRESENTATION_ITEM(
  '') );
#693 = CARTESIAN_POINT('',(-0.328971918829,-1.442603230996E-02));
#694 = CARTESIAN_POINT('',(-0.397639654285,0.119042359965));
#695 = CARTESIAN_POINT('',(-0.247718768244,0.111776167153));
#696 = CARTESIAN_POINT('',(-9.779788220397E-02,0.10450997434));
#697 = CARTESIAN_POINT('',(-0.179051032789,-2.169222512282E-02));
#698 = CARTESIAN_POINT('',(-0.260304183374,-0.147894424585));
#699 = CARTESIAN_POINT('',(-0.328971918829,-1.442603230996E-02));
#700 = ( GEOMETRIC_REPRESENTATION_CONTEXT(2) 
PARAMETRIC_REPRESENTATION_CONTEXT() REPRESENTATION_CONTEXT('2D SPACE',''
  ) );
#701 = ADVANCED_FACE('',(#702),#717,.T.);
#702 = FACE_BOUND('',#703,.T.);
#703 = EDGE_LOOP('',(#704,#735,#763,#792));
#704 = ORIENTED_EDGE('',*,*,#705,.F.);
#705 = EDGE_CURVE('',#706,#708,#710,.T.);
#706 = VERTEX_POINT('',#707);
#707 = CARTESIAN_POINT('',(0.431250784829,0.367892751161,1.9100001));
#708 = VERTEX_POINT('',#709);
#709 = CARTESIAN_POINT('',(0.385588586375,0.253332702118,1.9100001));
#710 = SURFACE_CURVE('',#711,(#716,#728),.PCURVE_S1.);
#711 = CIRCLE('',#712,0.1045);
#712 = AXIS2_PLACEMENT_3D('',#713,#714,#715);
#713 = CARTESIAN_POINT('',(0.330047681919,0.341850824173,1.9100001));
#714 = DIRECTION('',(2.950372772054E-17,-4.702146277618E-17,-1.));
#715 = DIRECTION('',(0.531491908673,-0.847063368949,5.551115123126E-17)
  );
#716 = PCURVE('',#717,#722);
#717 = CYLINDRICAL_SURFACE('',#718,0.1045);
#718 = AXIS2_PLACEMENT_3D('',#719,#720,#721);
#719 = CARTESIAN_POINT('',(0.330047681919,0.341850824173,4.8000001));
#720 = DIRECTION('',(2.638984874572E-49,-8.19333394335E-32,-1.));
#721 = DIRECTION('',(0.531491908673,-0.847063368949,5.551115123126E-17)
  );
#722 = DEFINITIONAL_REPRESENTATION('',(#723),#727);
#723 = LINE('',#724,#725);
#724 = CARTESIAN_POINT('',(0.,2.89));
#725 = VECTOR('',#726,1.);
#726 = DIRECTION('',(1.,0.));
#727 = ( GEOMETRIC_REPRESENTATION_CONTEXT(2) 
PARAMETRIC_REPRESENTATION_CONTEXT() REPRESENTATION_CONTEXT('2D SPACE',''
  ) );
#728 = PCURVE('',#225,#729);
#729 = DEFINITIONAL_REPRESENTATION('',(#730),#734);
#730 = CIRCLE('',#731,0.1045);
#731 = AXIS2_PLACEMENT_2D('',#732,#733);
#732 = CARTESIAN_POINT('',(-0.124127903308,0.194686005071));
#733 = DIRECTION('',(-0.889215041664,-0.457489464008));
#734 = ( GEOMETRIC_REPRESENTATION_CONTEXT(2) 
PARAMETRIC_REPRESENTATION_CONTEXT() REPRESENTATION_CONTEXT('2D SPACE',''
  ) );
#735 = ORIENTED_EDGE('',*,*,#736,.T.);
#736 = EDGE_CURVE('',#706,#737,#739,.T.);
#737 = VERTEX_POINT('',#738);
#738 = CARTESIAN_POINT('',(0.431250784829,0.367892751161,3.4700001));
#739 = SURFACE_CURVE('',#740,(#744,#751),.PCURVE_S1.);
#740 = LINE('',#741,#742);
#741 = CARTESIAN_POINT('',(0.431250784829,0.367892751161,4.8000001));
#742 = VECTOR('',#743,1.);
#743 = DIRECTION('',(-2.638984874572E-49,8.19333394335E-32,1.));
#744 = PCURVE('',#717,#745);
#745 = DEFINITIONAL_REPRESENTATION('',(#746),#750);
#746 = LINE('',#747,#748);
#747 = CARTESIAN_POINT('',(5.020890532191,0.));
#748 = VECTOR('',#749,1.);
#749 = DIRECTION('',(0.,-1.));
#750 = ( GEOMETRIC_REPRESENTATION_CONTEXT(2) 
PARAMETRIC_REPRESENTATION_CONTEXT() REPRESENTATION_CONTEXT('2D SPACE',''
  ) );
#751 = PCURVE('',#752,#757);
#752 = CYLINDRICAL_SURFACE('',#753,0.1045);
#753 = AXIS2_PLACEMENT_3D('',#754,#755,#756);
#754 = CARTESIAN_POINT('',(0.385822674332,0.273783576386,4.8000001));
#755 = DIRECTION('',(2.638984874572E-49,-8.19333394335E-32,-1.));
#756 = DIRECTION('',(0.434718760738,0.900566265781,-7.770235371012E-32)
  );
#757 = DEFINITIONAL_REPRESENTATION('',(#758),#762);
#758 = LINE('',#759,#760);
#759 = CARTESIAN_POINT('',(6.28318530718,0.));
#760 = VECTOR('',#761,1.);
#761 = DIRECTION('',(0.,-1.));
#762 = ( GEOMETRIC_REPRESENTATION_CONTEXT(2) 
PARAMETRIC_REPRESENTATION_CONTEXT() REPRESENTATION_CONTEXT('2D SPACE',''
  ) );
#763 = ORIENTED_EDGE('',*,*,#764,.F.);
#764 = EDGE_CURVE('',#765,#737,#767,.T.);
#765 = VERTEX_POINT('',#766);
#766 = CARTESIAN_POINT('',(0.385588586375,0.253332702118,3.4700001));
#767 = SURFACE_CURVE('',#768,(#773,#780),.PCURVE_S1.);
#768 = CIRCLE('',#769,0.1045);
#769 = AXIS2_PLACEMENT_3D('',#770,#771,#772);
#770 = CARTESIAN_POINT('',(0.330047681919,0.341850824173,3.4700001));
#771 = DIRECTION('',(-2.950372772054E-17,4.702146277618E-17,1.));
#772 = DIRECTION('',(0.531491908673,-0.847063368949,5.551115123126E-17)
  );
#773 = PCURVE('',#717,#774);
#774 = DEFINITIONAL_REPRESENTATION('',(#775),#779);
#775 = LINE('',#776,#777);
#776 = CARTESIAN_POINT('',(6.28318530718,1.33));
#777 = VECTOR('',#778,1.);
#778 = DIRECTION('',(-1.,0.));
#779 = ( GEOMETRIC_REPRESENTATION_CONTEXT(2) 
PARAMETRIC_REPRESENTATION_CONTEXT() REPRESENTATION_CONTEXT('2D SPACE',''
  ) );
#780 = PCURVE('',#781,#786);
#781 = PLANE('',#782);
#782 = AXIS2_PLACEMENT_3D('',#783,#784,#785);
#783 = CARTESIAN_POINT('',(0.278834866759,0.498845226094,3.4700001));
#784 = DIRECTION('',(-2.638984874572E-49,8.19333394335E-32,1.));
#785 = DIRECTION('',(0.860133166356,-0.510069540489,1.110223024625E-16)
  );
#786 = DEFINITIONAL_REPRESENTATION('',(#787),#791);
#787 = CIRCLE('',#788,0.1045);
#788 = AXIS2_PLACEMENT_2D('',#789,#790);
#789 = CARTESIAN_POINT('',(0.124127903308,-0.108913994929));
#790 = DIRECTION('',(0.889215041664,-0.457489464008));
#791 = ( GEOMETRIC_REPRESENTATION_CONTEXT(2) 
PARAMETRIC_REPRESENTATION_CONTEXT() REPRESENTATION_CONTEXT('2D SPACE',''
  ) );
#792 = ORIENTED_EDGE('',*,*,#793,.T.);
#793 = EDGE_CURVE('',#765,#708,#794,.T.);
#794 = SURFACE_CURVE('',#795,(#799,#806),.PCURVE_S1.);
#795 = LINE('',#796,#797);
#796 = CARTESIAN_POINT('',(0.385588586375,0.253332702118,4.8000001));
#797 = VECTOR('',#798,1.);
#798 = DIRECTION('',(2.638984874572E-49,-8.19333394335E-32,-1.));
#799 = PCURVE('',#717,#800);
#800 = DEFINITIONAL_REPRESENTATION('',(#801),#805);
#801 = LINE('',#802,#803);
#802 = CARTESIAN_POINT('',(6.28318530718,0.));
#803 = VECTOR('',#804,1.);
#804 = DIRECTION('',(0.,1.));
#805 = ( GEOMETRIC_REPRESENTATION_CONTEXT(2) 
PARAMETRIC_REPRESENTATION_CONTEXT() REPRESENTATION_CONTEXT('2D SPACE',''
  ) );
#806 = PCURVE('',#664,#807);
#807 = DEFINITIONAL_REPRESENTATION('',(#808),#812);
#808 = LINE('',#809,#810);
#809 = CARTESIAN_POINT('',(9.223159016649E-02,-2.775557561563E-17));
#810 = VECTOR('',#811,1.);
#811 = DIRECTION('',(-4.998305399903E-17,1.));
#812 = ( GEOMETRIC_REPRESENTATION_CONTEXT(2) 
PARAMETRIC_REPRESENTATION_CONTEXT() REPRESENTATION_CONTEXT('2D SPACE',''
  ) );
#813 = ADVANCED_FACE('',(#814),#664,.F.);
#814 = FACE_BOUND('',#815,.T.);
#815 = EDGE_LOOP('',(#816,#837,#838,#861,#889,#910));
#816 = ORIENTED_EDGE('',*,*,#817,.F.);
#817 = EDGE_CURVE('',#708,#649,#818,.T.);
#818 = SURFACE_CURVE('',#819,(#823,#830),.PCURVE_S1.);
#819 = LINE('',#820,#821);
#820 = CARTESIAN_POINT('',(0.249153562484,0.167726224591,1.9100001));
#821 = VECTOR('',#822,1.);
#822 = DIRECTION('',(-0.847063368949,-0.531491908673,4.585800495867E-32)
  );
#823 = PCURVE('',#664,#824);
#824 = DEFINITIONAL_REPRESENTATION('',(#825),#829);
#825 = LINE('',#826,#827);
#826 = CARTESIAN_POINT('',(-6.883667094868E-02,2.89));
#827 = VECTOR('',#828,1.);
#828 = DIRECTION('',(-1.,-5.551115123126E-17));
#829 = ( GEOMETRIC_REPRESENTATION_CONTEXT(2) 
PARAMETRIC_REPRESENTATION_CONTEXT() REPRESENTATION_CONTEXT('2D SPACE',''
  ) );
#830 = PCURVE('',#225,#831);
#831 = DEFINITIONAL_REPRESENTATION('',(#832),#836);
#832 = LINE('',#833,#834);
#833 = CARTESIAN_POINT('',(-0.143363842716,3.654035564131E-03));
#834 = VECTOR('',#835,1.);
#835 = DIRECTION('',(0.457489464008,-0.889215041664));
#836 = ( GEOMETRIC_REPRESENTATION_CONTEXT(2) 
PARAMETRIC_REPRESENTATION_CONTEXT() REPRESENTATION_CONTEXT('2D SPACE',''
  ) );
#837 = ORIENTED_EDGE('',*,*,#793,.F.);
#838 = ORIENTED_EDGE('',*,*,#839,.F.);
#839 = EDGE_CURVE('',#840,#765,#842,.T.);
#840 = VERTEX_POINT('',#841);
#841 = CARTESIAN_POINT('',(0.320416319789,0.212440209738,3.4700001));
#842 = SURFACE_CURVE('',#843,(#847,#854),.PCURVE_S1.);
#843 = LINE('',#844,#845);
#844 = CARTESIAN_POINT('',(0.363492584501,0.239468513628,3.4700001));
#845 = VECTOR('',#846,1.);
#846 = DIRECTION('',(0.847063368949,0.531491908673,-4.585800495867E-32)
  );
#847 = PCURVE('',#664,#848);
#848 = DEFINITIONAL_REPRESENTATION('',(#849),#853);
#849 = LINE('',#850,#851);
#850 = CARTESIAN_POINT('',(6.614617237594E-02,1.33));
#851 = VECTOR('',#852,1.);
#852 = DIRECTION('',(1.,5.551115123126E-17));
#853 = ( GEOMETRIC_REPRESENTATION_CONTEXT(2) 
PARAMETRIC_REPRESENTATION_CONTEXT() REPRESENTATION_CONTEXT('2D SPACE',''
  ) );
#854 = PCURVE('',#781,#855);
#855 = DEFINITIONAL_REPRESENTATION('',(#856),#860);
#856 = LINE('',#857,#858);
#857 = CARTESIAN_POINT('',(0.205117071359,-0.179917189785));
#858 = VECTOR('',#859,1.);
#859 = DIRECTION('',(0.457489464008,0.889215041664));
#860 = ( GEOMETRIC_REPRESENTATION_CONTEXT(2) 
PARAMETRIC_REPRESENTATION_CONTEXT() REPRESENTATION_CONTEXT('2D SPACE',''
  ) );
#861 = ORIENTED_EDGE('',*,*,#862,.F.);
#862 = EDGE_CURVE('',#863,#840,#865,.T.);
#863 = VERTEX_POINT('',#864);
#864 = CARTESIAN_POINT('',(0.320416319789,0.212440209738,3.7200001));
#865 = SURFACE_CURVE('',#866,(#870,#877),.PCURVE_S1.);
#866 = LINE('',#867,#868);
#867 = CARTESIAN_POINT('',(0.320416319789,0.212440209738,3.5950001));
#868 = VECTOR('',#869,1.);
#869 = DIRECTION('',(2.638984874572E-49,-8.19333394335E-32,-1.));
#870 = PCURVE('',#664,#871);
#871 = DEFINITIONAL_REPRESENTATION('',(#872),#876);
#872 = LINE('',#873,#874);
#873 = CARTESIAN_POINT('',(1.529252164501E-02,1.205));
#874 = VECTOR('',#875,1.);
#875 = DIRECTION('',(-4.998305399903E-17,1.));
#876 = ( GEOMETRIC_REPRESENTATION_CONTEXT(2) 
PARAMETRIC_REPRESENTATION_CONTEXT() REPRESENTATION_CONTEXT('2D SPACE',''
  ) );
#877 = PCURVE('',#878,#883);
#878 = CYLINDRICAL_SURFACE('',#879,0.3975);
#879 = AXIS2_PLACEMENT_3D('',#880,#881,#882);
#880 = CARTESIAN_POINT('',(-1.62913693679E-02,1.172176040352E-03,
    3.5950001));
#881 = DIRECTION('',(2.638984874572E-49,-8.19333394335E-32,-1.));
#882 = DIRECTION('',(0.510069540489,0.860133166356,-7.421371871181E-32)
  );
#883 = DEFINITIONAL_REPRESENTATION('',(#884),#888);
#884 = LINE('',#885,#886);
#885 = CARTESIAN_POINT('',(0.475169824199,0.));
#886 = VECTOR('',#887,1.);
#887 = DIRECTION('',(0.,1.));
#888 = ( GEOMETRIC_REPRESENTATION_CONTEXT(2) 
PARAMETRIC_REPRESENTATION_CONTEXT() REPRESENTATION_CONTEXT('2D SPACE',''
  ) );
#889 = ORIENTED_EDGE('',*,*,#890,.F.);
#890 = EDGE_CURVE('',#616,#863,#891,.T.);
#891 = SURFACE_CURVE('',#892,(#896,#903),.PCURVE_S1.);
#892 = LINE('',#893,#894);
#893 = CARTESIAN_POINT('',(0.29528837868,0.196673623824,3.7200001));
#894 = VECTOR('',#895,1.);
#895 = DIRECTION('',(0.847063368949,0.531491908673,-4.585800495867E-32)
  );
#896 = PCURVE('',#664,#897);
#897 = DEFINITIONAL_REPRESENTATION('',(#898),#902);
#898 = LINE('',#899,#900);
#899 = CARTESIAN_POINT('',(-1.437224964675E-02,1.08));
#900 = VECTOR('',#901,1.);
#901 = DIRECTION('',(1.,5.551115123126E-17));
#902 = ( GEOMETRIC_REPRESENTATION_CONTEXT(2) 
PARAMETRIC_REPRESENTATION_CONTEXT() REPRESENTATION_CONTEXT('2D SPACE',''
  ) );
#903 = PCURVE('',#632,#904);
#904 = DEFINITIONAL_REPRESENTATION('',(#905),#909);
#905 = LINE('',#906,#907);
#906 = CARTESIAN_POINT('',(0.168280741625,-7.041538177866E-02));
#907 = VECTOR('',#908,1.);
#908 = DIRECTION('',(0.457489464008,0.889215041664));
#909 = ( GEOMETRIC_REPRESENTATION_CONTEXT(2) 
PARAMETRIC_REPRESENTATION_CONTEXT() REPRESENTATION_CONTEXT('2D SPACE',''
  ) );
#910 = ORIENTED_EDGE('',*,*,#648,.T.);
#911 = ADVANCED_FACE('',(#912),#927,.T.);
#912 = FACE_BOUND('',#913,.T.);
#913 = EDGE_LOOP('',(#914,#945,#973,#1002));
#914 = ORIENTED_EDGE('',*,*,#915,.F.);
#915 = EDGE_CURVE('',#916,#918,#920,.T.);
#916 = VERTEX_POINT('',#917);
#917 = CARTESIAN_POINT('',(0.379595877199,-0.260296211618,1.9100001));
#918 = VERTEX_POINT('',#919);
#919 = CARTESIAN_POINT('',(0.422572775705,-0.37589044763,1.9100001));
#920 = SURFACE_CURVE('',#921,(#926,#938),.PCURVE_S1.);
#921 = CIRCLE('',#922,0.1045);
#922 = AXIS2_PLACEMENT_3D('',#923,#924,#925);
#923 = CARTESIAN_POINT('',(0.322004822155,-0.347494378909,1.9100001));
#924 = DIRECTION('',(1.1061588874E-16,-1.681278670487E-17,-1.));
#925 = DIRECTION('',(0.962372761242,-0.271732715033,1.110223024625E-16)
  );
#926 = PCURVE('',#927,#932);
#927 = CYLINDRICAL_SURFACE('',#928,0.1045);
#928 = AXIS2_PLACEMENT_3D('',#929,#930,#931);
#929 = CARTESIAN_POINT('',(0.322004822155,-0.347494378909,4.8000001));
#930 = DIRECTION('',(2.638984874572E-49,-8.19333394335E-32,-1.));
#931 = DIRECTION('',(0.962372761242,-0.271732715033,1.110223024625E-16)
  );
#932 = DEFINITIONAL_REPRESENTATION('',(#933),#937);
#933 = LINE('',#934,#935);
#934 = CARTESIAN_POINT('',(0.,2.89));
#935 = VECTOR('',#936,1.);
#936 = DIRECTION('',(1.,0.));
#937 = ( GEOMETRIC_REPRESENTATION_CONTEXT(2) 
PARAMETRIC_REPRESENTATION_CONTEXT() REPRESENTATION_CONTEXT('2D SPACE',''
  ) );
#938 = PCURVE('',#225,#939);
#939 = DEFINITIONAL_REPRESENTATION('',(#940),#944);
#940 = CIRCLE('',#941,0.1045);
#941 = AXIS2_PLACEMENT_2D('',#942,#943);
#942 = CARTESIAN_POINT('',(-0.468823963848,-0.402345084952));
#943 = DIRECTION('',(-0.966371311435,0.257150711521));
#944 = ( GEOMETRIC_REPRESENTATION_CONTEXT(2) 
PARAMETRIC_REPRESENTATION_CONTEXT() REPRESENTATION_CONTEXT('2D SPACE',''
  ) );
#945 = ORIENTED_EDGE('',*,*,#946,.F.);
#946 = EDGE_CURVE('',#947,#916,#949,.T.);
#947 = VERTEX_POINT('',#948);
#948 = CARTESIAN_POINT('',(0.379595877199,-0.260296211618,3.4700001));
#949 = SURFACE_CURVE('',#950,(#954,#961),.PCURVE_S1.);
#950 = LINE('',#951,#952);
#951 = CARTESIAN_POINT('',(0.379595877199,-0.260296211618,4.8000001));
#952 = VECTOR('',#953,1.);
#953 = DIRECTION('',(2.638984874572E-49,-8.19333394335E-32,-1.));
#954 = PCURVE('',#927,#955);
#955 = DEFINITIONAL_REPRESENTATION('',(#956),#960);
#956 = LINE('',#957,#958);
#957 = CARTESIAN_POINT('',(5.020890532191,0.));
#958 = VECTOR('',#959,1.);
#959 = DIRECTION('',(0.,1.));
#960 = ( GEOMETRIC_REPRESENTATION_CONTEXT(2) 
PARAMETRIC_REPRESENTATION_CONTEXT() REPRESENTATION_CONTEXT('2D SPACE',''
  ) );
#961 = PCURVE('',#962,#967);
#962 = PLANE('',#963);
#963 = AXIS2_PLACEMENT_3D('',#964,#965,#966);
#964 = CARTESIAN_POINT('',(0.379595877199,-0.260296211618,4.8000001));
#965 = DIRECTION('',(-0.551110574586,-0.83443222288,2.775557561563E-17)
  );
#966 = DIRECTION('',(-0.83443222288,0.551110574586,-5.551115123126E-17)
  );
#967 = DEFINITIONAL_REPRESENTATION('',(#968),#972);
#968 = LINE('',#969,#970);
#969 = CARTESIAN_POINT('',(-0.,0.));
#970 = VECTOR('',#971,1.);
#971 = DIRECTION('',(4.274734949894E-17,1.));
#972 = ( GEOMETRIC_REPRESENTATION_CONTEXT(2) 
PARAMETRIC_REPRESENTATION_CONTEXT() REPRESENTATION_CONTEXT('2D SPACE',''
  ) );
#973 = ORIENTED_EDGE('',*,*,#974,.F.);
#974 = EDGE_CURVE('',#975,#947,#977,.T.);
#975 = VERTEX_POINT('',#976);
#976 = CARTESIAN_POINT('',(0.422572775705,-0.37589044763,3.4700001));
#977 = SURFACE_CURVE('',#978,(#983,#990),.PCURVE_S1.);
#978 = CIRCLE('',#979,0.1045);
#979 = AXIS2_PLACEMENT_3D('',#980,#981,#982);
#980 = CARTESIAN_POINT('',(0.322004822155,-0.347494378909,3.4700001));
#981 = DIRECTION('',(-1.1061588874E-16,1.681278670487E-17,1.));
#982 = DIRECTION('',(0.962372761242,-0.271732715033,1.110223024625E-16)
  );
#983 = PCURVE('',#927,#984);
#984 = DEFINITIONAL_REPRESENTATION('',(#985),#989);
#985 = LINE('',#986,#987);
#986 = CARTESIAN_POINT('',(6.28318530718,1.33));
#987 = VECTOR('',#988,1.);
#988 = DIRECTION('',(-1.,0.));
#989 = ( GEOMETRIC_REPRESENTATION_CONTEXT(2) 
PARAMETRIC_REPRESENTATION_CONTEXT() REPRESENTATION_CONTEXT('2D SPACE',''
  ) );
#990 = PCURVE('',#991,#996);
#991 = PLANE('',#992);
#992 = AXIS2_PLACEMENT_3D('',#993,#994,#995);
#993 = CARTESIAN_POINT('',(0.278834866759,0.498845226094,3.4700001));
#994 = DIRECTION('',(-2.638984874572E-49,8.19333394335E-32,1.));
#995 = DIRECTION('',(0.860133166356,-0.510069540489,1.110223024625E-16)
  );
#996 = DEFINITIONAL_REPRESENTATION('',(#997),#1001);
#997 = CIRCLE('',#998,0.1045);
#998 = AXIS2_PLACEMENT_2D('',#999,#1000);
#999 = CARTESIAN_POINT('',(0.468823963848,-0.705945084952));
#1000 = DIRECTION('',(0.966371311435,0.257150711521));
#1001 = ( GEOMETRIC_REPRESENTATION_CONTEXT(2) 
PARAMETRIC_REPRESENTATION_CONTEXT() REPRESENTATION_CONTEXT('2D SPACE',''
  ) );
#1002 = ORIENTED_EDGE('',*,*,#1003,.F.);
#1003 = EDGE_CURVE('',#918,#975,#1004,.T.);
#1004 = SURFACE_CURVE('',#1005,(#1009,#1016),.PCURVE_S1.);
#1005 = LINE('',#1006,#1007);
#1006 = CARTESIAN_POINT('',(0.422572775705,-0.37589044763,4.8000001));
#1007 = VECTOR('',#1008,1.);
#1008 = DIRECTION('',(-2.638984874572E-49,8.19333394335E-32,1.));
#1009 = PCURVE('',#927,#1010);
#1010 = DEFINITIONAL_REPRESENTATION('',(#1011),#1015);
#1011 = LINE('',#1012,#1013);
#1012 = CARTESIAN_POINT('',(6.28318530718,0.));
#1013 = VECTOR('',#1014,1.);
#1014 = DIRECTION('',(0.,-1.));
#1015 = ( GEOMETRIC_REPRESENTATION_CONTEXT(2) 
PARAMETRIC_REPRESENTATION_CONTEXT() REPRESENTATION_CONTEXT('2D SPACE',''
  ) );
#1016 = PCURVE('',#1017,#1022);
#1017 = CYLINDRICAL_SURFACE('',#1018,0.1045);
#1018 = AXIS2_PLACEMENT_3D('',#1019,#1020,#1021);
#1019 = CARTESIAN_POINT('',(0.37935274971,-0.280746980419,4.8000001));
#1020 = DIRECTION('',(2.638984874572E-49,-8.19333394335E-32,-1.));
#1021 = DIRECTION('',(-0.741901971648,-0.670508362711,5.785257559007E-32
    ));
#1022 = DEFINITIONAL_REPRESENTATION('',(#1023),#1027);
#1023 = LINE('',#1024,#1025);
#1024 = CARTESIAN_POINT('',(5.020890532191,0.));
#1025 = VECTOR('',#1026,1.);
#1026 = DIRECTION('',(0.,-1.));
#1027 = ( GEOMETRIC_REPRESENTATION_CONTEXT(2) 
PARAMETRIC_REPRESENTATION_CONTEXT() REPRESENTATION_CONTEXT('2D SPACE',''
  ) );
#1028 = ADVANCED_FACE('',(#1029),#962,.F.);
#1029 = FACE_BOUND('',#1030,.T.);
#1030 = EDGE_LOOP('',(#1031,#1054,#1082,#1110,#1138,#1159));
#1031 = ORIENTED_EDGE('',*,*,#1032,.F.);
#1032 = EDGE_CURVE('',#1033,#916,#1035,.T.);
#1033 = VERTEX_POINT('',#1034);
#1034 = CARTESIAN_POINT('',(0.302634866397,-0.209466406967,1.9100001));
#1035 = SURFACE_CURVE('',#1036,(#1040,#1047),.PCURVE_S1.);
#1036 = LINE('',#1037,#1038);
#1037 = CARTESIAN_POINT('',(0.176097957485,-0.125893617392,1.9100001));
#1038 = VECTOR('',#1039,1.);
#1039 = DIRECTION('',(0.83443222288,-0.551110574586,5.551115123126E-17)
  );
#1040 = PCURVE('',#962,#1041);
#1041 = DEFINITIONAL_REPRESENTATION('',(#1042),#1046);
#1042 = LINE('',#1043,#1044);
#1043 = CARTESIAN_POINT('',(0.243875912428,2.89));
#1044 = VECTOR('',#1045,1.);
#1045 = DIRECTION('',(-1.,-5.551115123126E-17));
#1046 = ( GEOMETRIC_REPRESENTATION_CONTEXT(2) 
PARAMETRIC_REPRESENTATION_CONTEXT() REPRESENTATION_CONTEXT('2D SPACE',''
  ) );
#1047 = PCURVE('',#225,#1048);
#1048 = DEFINITIONAL_REPRESENTATION('',(#1049),#1053);
#1049 = LINE('',#1050,#1051);
#1050 = CARTESIAN_POINT('',(-0.230292831747,-0.286161567698));
#1051 = VECTOR('',#1052,1.);
#1052 = DIRECTION('',(-0.998827547512,-4.84100230375E-02));
#1053 = ( GEOMETRIC_REPRESENTATION_CONTEXT(2) 
PARAMETRIC_REPRESENTATION_CONTEXT() REPRESENTATION_CONTEXT('2D SPACE',''
  ) );
#1054 = ORIENTED_EDGE('',*,*,#1055,.F.);
#1055 = EDGE_CURVE('',#1056,#1033,#1058,.T.);
#1056 = VERTEX_POINT('',#1057);
#1057 = CARTESIAN_POINT('',(0.302634866397,-0.209466406967,3.7200001));
#1058 = SURFACE_CURVE('',#1059,(#1063,#1070),.PCURVE_S1.);
#1059 = LINE('',#1060,#1061);
#1060 = CARTESIAN_POINT('',(0.302634866397,-0.209466406967,4.8000001));
#1061 = VECTOR('',#1062,1.);
#1062 = DIRECTION('',(2.638984874572E-49,-8.19333394335E-32,-1.));
#1063 = PCURVE('',#962,#1064);
#1064 = DEFINITIONAL_REPRESENTATION('',(#1065),#1069);
#1065 = LINE('',#1066,#1067);
#1066 = CARTESIAN_POINT('',(9.223159016649E-02,-5.551115123126E-17));
#1067 = VECTOR('',#1068,1.);
#1068 = DIRECTION('',(4.274734949894E-17,1.));
#1069 = ( GEOMETRIC_REPRESENTATION_CONTEXT(2) 
PARAMETRIC_REPRESENTATION_CONTEXT() REPRESENTATION_CONTEXT('2D SPACE',''
  ) );
#1070 = PCURVE('',#1071,#1076);
#1071 = CYLINDRICAL_SURFACE('',#1072,8.665846684763E-02);
#1072 = AXIS2_PLACEMENT_3D('',#1073,#1074,#1075);
#1073 = CARTESIAN_POINT('',(0.350393263854,-0.137155789844,4.8000001));
#1074 = DIRECTION('',(2.638984874572E-49,-8.19333394335E-32,-1.));
#1075 = DIRECTION('',(-0.137335414978,-0.990524600297,1.387778780781E-17
    ));
#1076 = DEFINITIONAL_REPRESENTATION('',(#1077),#1081);
#1077 = LINE('',#1078,#1079);
#1078 = CARTESIAN_POINT('',(0.445923753196,0.));
#1079 = VECTOR('',#1080,1.);
#1080 = DIRECTION('',(0.,1.));
#1081 = ( GEOMETRIC_REPRESENTATION_CONTEXT(2) 
PARAMETRIC_REPRESENTATION_CONTEXT() REPRESENTATION_CONTEXT('2D SPACE',''
  ) );
#1082 = ORIENTED_EDGE('',*,*,#1083,.F.);
#1083 = EDGE_CURVE('',#1084,#1056,#1086,.T.);
#1084 = VERTEX_POINT('',#1085);
#1085 = CARTESIAN_POINT('',(0.315395439227,-0.217894277357,3.7200001));
#1086 = SURFACE_CURVE('',#1087,(#1091,#1098),.PCURVE_S1.);
#1087 = LINE('',#1088,#1089);
#1088 = CARTESIAN_POINT('',(0.173623770893,-0.124259511761,3.7200001));
#1089 = VECTOR('',#1090,1.);
#1090 = DIRECTION('',(-0.83443222288,0.551110574586,-5.551115123126E-17)
  );
#1091 = PCURVE('',#962,#1092);
#1092 = DEFINITIONAL_REPRESENTATION('',(#1093),#1097);
#1093 = LINE('',#1094,#1095);
#1094 = CARTESIAN_POINT('',(0.246841026339,1.08));
#1095 = VECTOR('',#1096,1.);
#1096 = DIRECTION('',(1.,5.551115123126E-17));
#1097 = ( GEOMETRIC_REPRESENTATION_CONTEXT(2) 
PARAMETRIC_REPRESENTATION_CONTEXT() REPRESENTATION_CONTEXT('2D SPACE',''
  ) );
#1098 = PCURVE('',#1099,#1104);
#1099 = PLANE('',#1100);
#1100 = AXIS2_PLACEMENT_3D('',#1101,#1102,#1103);
#1101 = CARTESIAN_POINT('',(0.186461272976,0.343075109667,3.7200001));
#1102 = DIRECTION('',(-2.638984874572E-49,8.19333394335E-32,1.));
#1103 = DIRECTION('',(0.860133166356,-0.510069540489,1.110223024625E-16)
  );
#1104 = DEFINITIONAL_REPRESENTATION('',(#1105),#1109);
#1105 = LINE('',#1106,#1107);
#1106 = CARTESIAN_POINT('',(0.227331194291,-0.408518026465));
#1107 = VECTOR('',#1108,1.);
#1108 = DIRECTION('',(-0.998827547512,4.84100230375E-02));
#1109 = ( GEOMETRIC_REPRESENTATION_CONTEXT(2) 
PARAMETRIC_REPRESENTATION_CONTEXT() REPRESENTATION_CONTEXT('2D SPACE',''
  ) );
#1110 = ORIENTED_EDGE('',*,*,#1111,.F.);
#1111 = EDGE_CURVE('',#1112,#1084,#1114,.T.);
#1112 = VERTEX_POINT('',#1113);
#1113 = CARTESIAN_POINT('',(0.315395439227,-0.217894277357,3.4700001));
#1114 = SURFACE_CURVE('',#1115,(#1119,#1126),.PCURVE_S1.);
#1115 = LINE('',#1116,#1117);
#1116 = CARTESIAN_POINT('',(0.315395439227,-0.217894277357,3.5950001));
#1117 = VECTOR('',#1118,1.);
#1118 = DIRECTION('',(-2.638984874572E-49,8.19333394335E-32,1.));
#1119 = PCURVE('',#962,#1120);
#1120 = DEFINITIONAL_REPRESENTATION('',(#1121),#1125);
#1121 = LINE('',#1122,#1123);
#1122 = CARTESIAN_POINT('',(7.693906852148E-02,1.205));
#1123 = VECTOR('',#1124,1.);
#1124 = DIRECTION('',(-4.274734949894E-17,-1.));
#1125 = ( GEOMETRIC_REPRESENTATION_CONTEXT(2) 
PARAMETRIC_REPRESENTATION_CONTEXT() REPRESENTATION_CONTEXT('2D SPACE',''
  ) );
#1126 = PCURVE('',#1127,#1132);
#1127 = CYLINDRICAL_SURFACE('',#1128,0.3975);
#1128 = AXIS2_PLACEMENT_3D('',#1129,#1130,#1131);
#1129 = CARTESIAN_POINT('',(-1.62913693679E-02,1.172176040352E-03,
    3.5950001));
#1130 = DIRECTION('',(2.638984874572E-49,-8.19333394335E-32,-1.));
#1131 = DIRECTION('',(0.510069540489,0.860133166356,-7.421371871181E-32)
  );
#1132 = DEFINITIONAL_REPRESENTATION('',(#1133),#1137);
#1133 = LINE('',#1134,#1135);
#1134 = CARTESIAN_POINT('',(1.619225278194,0.));
#1135 = VECTOR('',#1136,1.);
#1136 = DIRECTION('',(0.,-1.));
#1137 = ( GEOMETRIC_REPRESENTATION_CONTEXT(2) 
PARAMETRIC_REPRESENTATION_CONTEXT() REPRESENTATION_CONTEXT('2D SPACE',''
  ) );
#1138 = ORIENTED_EDGE('',*,*,#1139,.F.);
#1139 = EDGE_CURVE('',#947,#1112,#1140,.T.);
#1140 = SURFACE_CURVE('',#1141,(#1145,#1152),.PCURVE_S1.);
#1141 = LINE('',#1142,#1143);
#1142 = CARTESIAN_POINT('',(0.169966014225,-0.121843703354,3.4700001));
#1143 = VECTOR('',#1144,1.);
#1144 = DIRECTION('',(-0.83443222288,0.551110574586,-5.551115123126E-17)
  );
#1145 = PCURVE('',#962,#1146);
#1146 = DEFINITIONAL_REPRESENTATION('',(#1147),#1151);
#1147 = LINE('',#1148,#1149);
#1148 = CARTESIAN_POINT('',(0.251224553925,1.33));
#1149 = VECTOR('',#1150,1.);
#1150 = DIRECTION('',(1.,5.551115123126E-17));
#1151 = ( GEOMETRIC_REPRESENTATION_CONTEXT(2) 
PARAMETRIC_REPRESENTATION_CONTEXT() REPRESENTATION_CONTEXT('2D SPACE',''
  ) );
#1152 = PCURVE('',#991,#1153);
#1153 = DEFINITIONAL_REPRESENTATION('',(#1154),#1158);
#1154 = LINE('',#1155,#1156);
#1155 = CARTESIAN_POINT('',(0.222952806183,-0.589405819794));
#1156 = VECTOR('',#1157,1.);
#1157 = DIRECTION('',(-0.998827547512,4.84100230375E-02));
#1158 = ( GEOMETRIC_REPRESENTATION_CONTEXT(2) 
PARAMETRIC_REPRESENTATION_CONTEXT() REPRESENTATION_CONTEXT('2D SPACE',''
  ) );
#1159 = ORIENTED_EDGE('',*,*,#946,.T.);
#1160 = ADVANCED_FACE('',(#1161),#1071,.F.);
#1161 = FACE_BOUND('',#1162,.F.);
#1162 = EDGE_LOOP('',(#1163,#1164,#1192,#1318,#1346,#1374));
#1163 = ORIENTED_EDGE('',*,*,#1055,.F.);
#1164 = ORIENTED_EDGE('',*,*,#1165,.T.);
#1165 = EDGE_CURVE('',#1056,#1166,#1168,.T.);
#1166 = VERTEX_POINT('',#1167);
#1167 = CARTESIAN_POINT('',(0.29877729454,-0.206765283364,3.7200001));
#1168 = SURFACE_CURVE('',#1169,(#1174,#1181),.PCURVE_S1.);
#1169 = CIRCLE('',#1170,8.665846684763E-02);
#1170 = AXIS2_PLACEMENT_3D('',#1171,#1172,#1173);
#1171 = CARTESIAN_POINT('',(0.350393263854,-0.137155789844,3.7200001));
#1172 = DIRECTION('',(1.080644100231E-16,-2.899358420183E-17,-1.));
#1173 = DIRECTION('',(-0.137335414978,-0.990524600297,1.387778780781E-17
    ));
#1174 = PCURVE('',#1071,#1175);
#1175 = DEFINITIONAL_REPRESENTATION('',(#1176),#1180);
#1176 = LINE('',#1177,#1178);
#1177 = CARTESIAN_POINT('',(-1.665334536938E-16,1.08));
#1178 = VECTOR('',#1179,1.);
#1179 = DIRECTION('',(1.,0.));
#1180 = ( GEOMETRIC_REPRESENTATION_CONTEXT(2) 
PARAMETRIC_REPRESENTATION_CONTEXT() REPRESENTATION_CONTEXT('2D SPACE',''
  ) );
#1181 = PCURVE('',#1099,#1182);
#1182 = DEFINITIONAL_REPRESENTATION('',(#1183),#1191);
#1183 = ( BOUNDED_CURVE() B_SPLINE_CURVE(2,(#1184,#1185,#1186,#1187,
#1188,#1189,#1190),.UNSPECIFIED.,.T.,.F.) B_SPLINE_CURVE_WITH_KNOTS((1,2
    ,2,2,2,1),(-2.094395102393,0.,2.094395102393,4.188790204786,
6.28318530718,8.377580409573),.UNSPECIFIED.) CURVE() 
GEOMETRIC_REPRESENTATION_ITEM() RATIONAL_B_SPLINE_CURVE((1.,0.5,1.,0.5,
1.,0.5,1.)) REPRESENTATION_ITEM('') );
#1184 = CARTESIAN_POINT('',(0.419500828199,-0.409347833388));
#1185 = CARTESIAN_POINT('',(0.281106462193,-0.467451784086));
#1186 = CARTESIAN_POINT('',(0.299984147831,-0.318546772035));
#1187 = CARTESIAN_POINT('',(0.318861833469,-0.169641759983));
#1188 = CARTESIAN_POINT('',(0.438378513838,-0.260442821336));
#1189 = CARTESIAN_POINT('',(0.557895194206,-0.351243882689));
#1190 = CARTESIAN_POINT('',(0.419500828199,-0.409347833388));
#1191 = ( GEOMETRIC_REPRESENTATION_CONTEXT(2) 
PARAMETRIC_REPRESENTATION_CONTEXT() REPRESENTATION_CONTEXT('2D SPACE',''
  ) );
#1192 = ORIENTED_EDGE('',*,*,#1193,.T.);
#1193 = EDGE_CURVE('',#1166,#1194,#1196,.T.);
#1194 = VERTEX_POINT('',#1195);
#1195 = CARTESIAN_POINT('',(0.357614072883,-5.079868363155E-02,3.7200001
    ));
#1196 = SURFACE_CURVE('',#1197,(#1216,#1267),.PCURVE_S1.);
#1197 = B_SPLINE_CURVE_WITH_KNOTS('',3,(#1198,#1199,#1200,#1201,#1202,
    #1203,#1204,#1205,#1206,#1207,#1208,#1209,#1210,#1211,#1212,#1213,
    #1214,#1215),.UNSPECIFIED.,.F.,.F.,(4,2,2,2,2,2,2,2,4),(
    3.689280396767E-02,4.035428098012E-02,4.447304968898E-02,
    4.720286574133E-02,4.993268179369E-02,5.266249784604E-02,
    5.53923138984E-02,5.951108260725E-02,6.29725596197E-02),
  .UNSPECIFIED.);
#1198 = CARTESIAN_POINT('',(0.29877729454,-0.206765283364,3.7200001));
#1199 = CARTESIAN_POINT('',(0.292052694165,-0.201778940998,
    3.711641005381));
#1200 = CARTESIAN_POINT('',(0.285657383463,-0.195480908252,
    3.702823925186));
#1201 = CARTESIAN_POINT('',(0.273935700958,-0.179360021103,
    3.684273741552));
#1202 = CARTESIAN_POINT('',(0.269044932453,-0.169095955092,
    3.674675449391));
#1203 = CARTESIAN_POINT('',(0.264494035743,-0.150839890348,
    3.661746754879));
#1204 = CARTESIAN_POINT('',(0.263416292756,-0.142286068429,
    3.656739018543));
#1205 = CARTESIAN_POINT('',(0.264220605486,-0.124410004681,
    3.649734174959));
#1206 = CARTESIAN_POINT('',(0.266100551145,-0.115082563948,3.6477501));
#1207 = CARTESIAN_POINT('',(0.272523988142,-9.805509141964E-02,3.6477501
    ));
#1208 = CARTESIAN_POINT('',(0.2772730933,-8.981001128022E-02,
    3.649734174959));
#1209 = CARTESIAN_POINT('',(0.288476068291,-7.585673476728E-02,
    3.656739018543));
#1210 = CARTESIAN_POINT('',(0.294934956237,-7.014602851769E-02,
    3.661746754879));
#1211 = CARTESIAN_POINT('',(0.31040981464,-5.944447170619E-02,
    3.674675449391));
#1212 = CARTESIAN_POINT('',(0.320861261226,-5.49680968424E-02,
    3.684273741552));
#1213 = CARTESIAN_POINT('',(0.340309968496,-5.06059151926E-02,
    3.702823925186));
#1214 = CARTESIAN_POINT('',(0.349271575338,-5.010111994237E-02,
    3.711641005381));
#1215 = CARTESIAN_POINT('',(0.357614072883,-5.079868363155E-02,3.7200001
    ));
#1216 = PCURVE('',#1071,#1217);
#1217 = DEFINITIONAL_REPRESENTATION('',(#1218),#1266);
#1218 = B_SPLINE_CURVE_WITH_KNOTS('',3,(#1219,#1220,#1221,#1222,#1223,
    #1224,#1225,#1226,#1227,#1228,#1229,#1230,#1231,#1232,#1233,#1234,
    #1235,#1236,#1237,#1238,#1239,#1240,#1241,#1242,#1243,#1244,#1245,
    #1246,#1247,#1248,#1249,#1250,#1251,#1252,#1253,#1254,#1255,#1256,
    #1257,#1258,#1259,#1260,#1261,#1262,#1263,#1264,#1265),
  .UNSPECIFIED.,.F.,.F.,(4,1,1,1,1,1,1,1,1,1,1,1,1,1,1,1,1,1,1,1,1,1,1,1
    ,1,1,1,1,1,1,1,1,1,1,1,1,1,1,1,1,1,1,1,1,4),(3.689280396767E-02,
    3.748552568704E-02,3.80782474064E-02,3.867096912577E-02,
    3.926369084513E-02,3.98564125645E-02,4.044913428386E-02,
    4.104185600322E-02,4.163457772259E-02,4.222729944195E-02,
    4.282002116132E-02,4.341274288068E-02,4.400546460005E-02,
    4.459818631941E-02,4.519090803877E-02,4.578362975814E-02,
    4.63763514775E-02,4.696907319687E-02,4.756179491623E-02,
    4.81545166356E-02,4.874723835496E-02,4.933996007432E-02,
    4.993268179369E-02,5.052540351305E-02,5.111812523242E-02,
    5.171084695178E-02,5.230356867114E-02,5.289629039051E-02,
    5.348901210987E-02,5.408173382924E-02,5.46744555486E-02,
    5.526717726797E-02,5.585989898733E-02,5.645262070669E-02,
    5.704534242606E-02,5.763806414542E-02,5.823078586479E-02,
    5.882350758415E-02,5.941622930352E-02,6.000895102288E-02,
    6.060167274224E-02,6.119439446161E-02,6.178711618097E-02,
    6.237983790034E-02,6.29725596197E-02),.QUASI_UNIFORM_KNOTS.);
#1219 = CARTESIAN_POINT('',(0.500272953467,1.08));
#1220 = CARTESIAN_POINT('',(0.516815342244,1.081431359191));
#1221 = CARTESIAN_POINT('',(0.550248354473,1.084320934954));
#1222 = CARTESIAN_POINT('',(0.601331345817,1.088711642087));
#1223 = CARTESIAN_POINT('',(0.653233715515,1.093134470948));
#1224 = CARTESIAN_POINT('',(0.705851391604,1.097565175639));
#1225 = CARTESIAN_POINT('',(0.759091980464,1.101979599917));
#1226 = CARTESIAN_POINT('',(0.81288011998,1.106353253057));
#1227 = CARTESIAN_POINT('',(0.86715921295,1.110662981072));
#1228 = CARTESIAN_POINT('',(0.921883164747,1.11488522518));
#1229 = CARTESIAN_POINT('',(0.976999232193,1.118995681187));
#1230 = CARTESIAN_POINT('',(1.032474529346,1.12297115803));
#1231 = CARTESIAN_POINT('',(1.088215723939,1.12678475753));
#1232 = CARTESIAN_POINT('',(1.14438353069,1.130423296835));
#1233 = CARTESIAN_POINT('',(1.200234624186,1.133822438906));
#1234 = CARTESIAN_POINT('',(1.258883341898,1.137132969582));
#1235 = CARTESIAN_POINT('',(1.32050924575,1.14030924069));
#1236 = CARTESIAN_POINT('',(1.384443983195,1.143257202609));
#1237 = CARTESIAN_POINT('',(1.450304054551,1.145897621601));
#1238 = CARTESIAN_POINT('',(1.51775856622,1.148140401835));
#1239 = CARTESIAN_POINT('',(1.586417581338,1.149932217614));
#1240 = CARTESIAN_POINT('',(1.655682179154,1.151249724871));
#1241 = CARTESIAN_POINT('',(1.725084547424,1.152062907628));
#1242 = CARTESIAN_POINT('',(1.793758203393,1.152343546186));
#1243 = CARTESIAN_POINT('',(1.862431859362,1.152062907628));
#1244 = CARTESIAN_POINT('',(1.931834227633,1.151249724871));
#1245 = CARTESIAN_POINT('',(2.001098825448,1.149932217614));
#1246 = CARTESIAN_POINT('',(2.069757840566,1.148140401835));
#1247 = CARTESIAN_POINT('',(2.137212352236,1.145897621601));
#1248 = CARTESIAN_POINT('',(2.203072423591,1.143257202609));
#1249 = CARTESIAN_POINT('',(2.267007161036,1.14030924069));
#1250 = CARTESIAN_POINT('',(2.328633064888,1.137132969582));
#1251 = CARTESIAN_POINT('',(2.3872817826,1.133822438906));
#1252 = CARTESIAN_POINT('',(2.443132876097,1.130423296835));
#1253 = CARTESIAN_POINT('',(2.499300682847,1.12678475753));
#1254 = CARTESIAN_POINT('',(2.55504187744,1.12297115803));
#1255 = CARTESIAN_POINT('',(2.610517174593,1.118995681187));
#1256 = CARTESIAN_POINT('',(2.66563324204,1.11488522518));
#1257 = CARTESIAN_POINT('',(2.720357193836,1.110662981072));
#1258 = CARTESIAN_POINT('',(2.774636286807,1.106353253057));
#1259 = CARTESIAN_POINT('',(2.828424426323,1.101979599917));
#1260 = CARTESIAN_POINT('',(2.881665015182,1.097565175639));
#1261 = CARTESIAN_POINT('',(2.934282691272,1.093134470948));
#1262 = CARTESIAN_POINT('',(2.986185060969,1.088711642087));
#1263 = CARTESIAN_POINT('',(3.037268052313,1.084320934954));
#1264 = CARTESIAN_POINT('',(3.070701064542,1.081431359191));
#1265 = CARTESIAN_POINT('',(3.08724345332,1.08));
#1266 = ( GEOMETRIC_REPRESENTATION_CONTEXT(2) 
PARAMETRIC_REPRESENTATION_CONTEXT() REPRESENTATION_CONTEXT('2D SPACE',''
  ) );
#1267 = PCURVE('',#559,#1268);
#1268 = DEFINITIONAL_REPRESENTATION('',(#1269),#1317);
#1269 = B_SPLINE_CURVE_WITH_KNOTS('',3,(#1270,#1271,#1272,#1273,#1274,
    #1275,#1276,#1277,#1278,#1279,#1280,#1281,#1282,#1283,#1284,#1285,
    #1286,#1287,#1288,#1289,#1290,#1291,#1292,#1293,#1294,#1295,#1296,
    #1297,#1298,#1299,#1300,#1301,#1302,#1303,#1304,#1305,#1306,#1307,
    #1308,#1309,#1310,#1311,#1312,#1313,#1314,#1315,#1316),
  .UNSPECIFIED.,.F.,.F.,(4,1,1,1,1,1,1,1,1,1,1,1,1,1,1,1,1,1,1,1,1,1,1,1
    ,1,1,1,1,1,1,1,1,1,1,1,1,1,1,1,1,1,1,1,1,4),(3.689280396767E-02,
    3.748552568704E-02,3.80782474064E-02,3.867096912577E-02,
    3.926369084513E-02,3.98564125645E-02,4.044913428386E-02,
    4.104185600322E-02,4.163457772259E-02,4.222729944195E-02,
    4.282002116132E-02,4.341274288068E-02,4.400546460005E-02,
    4.459818631941E-02,4.519090803877E-02,4.578362975814E-02,
    4.63763514775E-02,4.696907319687E-02,4.756179491623E-02,
    4.81545166356E-02,4.874723835496E-02,4.933996007432E-02,
    4.993268179369E-02,5.052540351305E-02,5.111812523242E-02,
    5.171084695178E-02,5.230356867114E-02,5.289629039051E-02,
    5.348901210987E-02,5.408173382924E-02,5.46744555486E-02,
    5.526717726797E-02,5.585989898733E-02,5.645262070669E-02,
    5.704534242606E-02,5.763806414542E-02,5.823078586479E-02,
    5.882350758415E-02,5.941622930352E-02,6.000895102288E-02,
    6.060167274224E-02,6.119439446161E-02,6.178711618097E-02,
    6.237983790034E-02,6.29725596197E-02),.QUASI_UNIFORM_KNOTS.);
#1270 = CARTESIAN_POINT('',(4.664298985097,5.E-02));
#1271 = CARTESIAN_POINT('',(4.664506719539,4.856866202331E-02));
#1272 = CARTESIAN_POINT('',(4.66512450815,4.567937550601E-02));
#1273 = CARTESIAN_POINT('',(4.666697465735,4.128935938104E-02));
#1274 = CARTESIAN_POINT('',(4.668955257592,3.686689029655E-02));
#1275 = CARTESIAN_POINT('',(4.671939088907,3.243599347863E-02));
#1276 = CARTESIAN_POINT('',(4.675691104501,2.802092868392E-02));
#1277 = CARTESIAN_POINT('',(4.680255781324,2.364653041091E-02));
#1278 = CARTESIAN_POINT('',(4.685673341934,1.93371881917E-02));
#1279 = CARTESIAN_POINT('',(4.691954490388,1.511566181646E-02));
#1280 = CARTESIAN_POINT('',(4.699109647037,1.100567689429E-02));
#1281 = CARTESIAN_POINT('',(4.707149249793,7.030172396556E-03));
#1282 = CARTESIAN_POINT('',(4.71606678782,3.216082266519E-03));
#1283 = CARTESIAN_POINT('',(4.725901459308,-4.231432845459E-04));
#1284 = CARTESIAN_POINT('',(4.736499255367,-3.822547694592E-03));
#1285 = CARTESIAN_POINT('',(4.748486062999,-7.132583601776E-03));
#1286 = CARTESIAN_POINT('',(4.76196506447,-1.030837812497E-02));
#1287 = CARTESIAN_POINT('',(4.776835773138,-1.325618683269E-02));
#1288 = CARTESIAN_POINT('',(4.793021229655,-1.589687051975E-02));
#1289 = CARTESIAN_POINT('',(4.810422399916,-1.814153229421E-02));
#1290 = CARTESIAN_POINT('',(4.828826143622,-1.9936595448E-02));
#1291 = CARTESIAN_POINT('',(4.84792197715,-2.125441446879E-02));
#1292 = CARTESIAN_POINT('',(4.867426496529,-2.206488855732E-02));
#1293 = CARTESIAN_POINT('',(4.886921905584,-2.234255572134E-02));
#1294 = CARTESIAN_POINT('',(4.90641731464,-2.206488855732E-02));
#1295 = CARTESIAN_POINT('',(4.925921834018,-2.125441446879E-02));
#1296 = CARTESIAN_POINT('',(4.945017667546,-1.9936595448E-02));
#1297 = CARTESIAN_POINT('',(4.963421411252,-1.814153229421E-02));
#1298 = CARTESIAN_POINT('',(4.980822581513,-1.589687051975E-02));
#1299 = CARTESIAN_POINT('',(4.99700803803,-1.325618683269E-02));
#1300 = CARTESIAN_POINT('',(5.011878746699,-1.030837812497E-02));
#1301 = CARTESIAN_POINT('',(5.025357748169,-7.132583601777E-03));
#1302 = CARTESIAN_POINT('',(5.037344555802,-3.822547694593E-03));
#1303 = CARTESIAN_POINT('',(5.04794235186,-4.231432845463E-04));
#1304 = CARTESIAN_POINT('',(5.057777023349,3.216082266518E-03));
#1305 = CARTESIAN_POINT('',(5.066694561375,7.030172396556E-03));
#1306 = CARTESIAN_POINT('',(5.074734164132,1.100567689429E-02));
#1307 = CARTESIAN_POINT('',(5.08188932078,1.511566181646E-02));
#1308 = CARTESIAN_POINT('',(5.088170469234,1.93371881917E-02));
#1309 = CARTESIAN_POINT('',(5.093588029845,2.364653041091E-02));
#1310 = CARTESIAN_POINT('',(5.098152706668,2.802092868392E-02));
#1311 = CARTESIAN_POINT('',(5.101904722262,3.243599347863E-02));
#1312 = CARTESIAN_POINT('',(5.104888553577,3.686689029655E-02));
#1313 = CARTESIAN_POINT('',(5.107146345433,4.128935938104E-02));
#1314 = CARTESIAN_POINT('',(5.108719303019,4.567937550601E-02));
#1315 = CARTESIAN_POINT('',(5.10933709163,4.856866202331E-02));
#1316 = CARTESIAN_POINT('',(5.109544826071,5.E-02));
#1317 = ( GEOMETRIC_REPRESENTATION_CONTEXT(2) 
PARAMETRIC_REPRESENTATION_CONTEXT() REPRESENTATION_CONTEXT('2D SPACE',''
  ) );
#1318 = ORIENTED_EDGE('',*,*,#1319,.T.);
#1319 = EDGE_CURVE('',#1194,#1320,#1322,.T.);
#1320 = VERTEX_POINT('',#1321);
#1321 = CARTESIAN_POINT('',(0.36229454036,-5.13184466072E-02,3.7200001)
  );
#1322 = SURFACE_CURVE('',#1323,(#1328,#1335),.PCURVE_S1.);
#1323 = CIRCLE('',#1324,8.665846684763E-02);
#1324 = AXIS2_PLACEMENT_3D('',#1325,#1326,#1327);
#1325 = CARTESIAN_POINT('',(0.350393263854,-0.137155789844,3.7200001));
#1326 = DIRECTION('',(1.080644100231E-16,-2.899358420183E-17,-1.));
#1327 = DIRECTION('',(-0.137335414978,-0.990524600297,1.387778780781E-17
    ));
#1328 = PCURVE('',#1071,#1329);
#1329 = DEFINITIONAL_REPRESENTATION('',(#1330),#1334);
#1330 = LINE('',#1331,#1332);
#1331 = CARTESIAN_POINT('',(-4.440892098501E-16,1.08));
#1332 = VECTOR('',#1333,1.);
#1333 = DIRECTION('',(1.,0.));
#1334 = ( GEOMETRIC_REPRESENTATION_CONTEXT(2) 
PARAMETRIC_REPRESENTATION_CONTEXT() REPRESENTATION_CONTEXT('2D SPACE',''
  ) );
#1335 = PCURVE('',#390,#1336);
#1336 = DEFINITIONAL_REPRESENTATION('',(#1337),#1345);
#1337 = ( BOUNDED_CURVE() B_SPLINE_CURVE(2,(#1338,#1339,#1340,#1341,
#1342,#1343,#1344),.UNSPECIFIED.,.T.,.F.) B_SPLINE_CURVE_WITH_KNOTS((1,2
    ,2,2,2,1),(-2.094395102393,0.,2.094395102393,4.188790204786,
6.28318530718,8.377580409573),.UNSPECIFIED.) CURVE() 
GEOMETRIC_REPRESENTATION_ITEM() RATIONAL_B_SPLINE_CURVE((1.,0.5,1.,0.5,
1.,0.5,1.)) REPRESENTATION_ITEM('') );
#1338 = CARTESIAN_POINT('',(0.419500828199,-0.409347833388));
#1339 = CARTESIAN_POINT('',(0.281106462193,-0.467451784086));
#1340 = CARTESIAN_POINT('',(0.299984147831,-0.318546772035));
#1341 = CARTESIAN_POINT('',(0.318861833469,-0.169641759983));
#1342 = CARTESIAN_POINT('',(0.438378513838,-0.260442821336));
#1343 = CARTESIAN_POINT('',(0.557895194206,-0.351243882689));
#1344 = CARTESIAN_POINT('',(0.419500828199,-0.409347833388));
#1345 = ( GEOMETRIC_REPRESENTATION_CONTEXT(2) 
PARAMETRIC_REPRESENTATION_CONTEXT() REPRESENTATION_CONTEXT('2D SPACE',''
  ) );
#1346 = ORIENTED_EDGE('',*,*,#1347,.T.);
#1347 = EDGE_CURVE('',#1320,#1348,#1350,.T.);
#1348 = VERTEX_POINT('',#1349);
#1349 = CARTESIAN_POINT('',(0.36229454036,-5.13184466072E-02,1.9100001)
  );
#1350 = SURFACE_CURVE('',#1351,(#1355,#1362),.PCURVE_S1.);
#1351 = LINE('',#1352,#1353);
#1352 = CARTESIAN_POINT('',(0.36229454036,-5.13184466072E-02,4.8000001)
  );
#1353 = VECTOR('',#1354,1.);
#1354 = DIRECTION('',(2.638984874572E-49,-8.19333394335E-32,-1.));
#1355 = PCURVE('',#1071,#1356);
#1356 = DEFINITIONAL_REPRESENTATION('',(#1357),#1361);
#1357 = LINE('',#1358,#1359);
#1358 = CARTESIAN_POINT('',(3.14159265359,0.));
#1359 = VECTOR('',#1360,1.);
#1360 = DIRECTION('',(0.,1.));
#1361 = ( GEOMETRIC_REPRESENTATION_CONTEXT(2) 
PARAMETRIC_REPRESENTATION_CONTEXT() REPRESENTATION_CONTEXT('2D SPACE',''
  ) );
#1362 = PCURVE('',#1363,#1368);
#1363 = PLANE('',#1364);
#1364 = AXIS2_PLACEMENT_3D('',#1365,#1366,#1367);
#1365 = CARTESIAN_POINT('',(0.36229454036,-5.13184466072E-02,4.8000001)
  );
#1366 = DIRECTION('',(0.137335414978,0.990524600297,-2.081668171172E-17)
  );
#1367 = DIRECTION('',(0.990524600297,-0.137335414978,5.551115123126E-17)
  );
#1368 = DEFINITIONAL_REPRESENTATION('',(#1369),#1373);
#1369 = LINE('',#1370,#1371);
#1370 = CARTESIAN_POINT('',(0.,0.));
#1371 = VECTOR('',#1372,1.);
#1372 = DIRECTION('',(-5.267937252333E-17,1.));
#1373 = ( GEOMETRIC_REPRESENTATION_CONTEXT(2) 
PARAMETRIC_REPRESENTATION_CONTEXT() REPRESENTATION_CONTEXT('2D SPACE',''
  ) );
#1374 = ORIENTED_EDGE('',*,*,#1375,.T.);
#1375 = EDGE_CURVE('',#1348,#1033,#1376,.T.);
#1376 = SURFACE_CURVE('',#1377,(#1382,#1389),.PCURVE_S1.);
#1377 = CIRCLE('',#1378,8.665846684763E-02);
#1378 = AXIS2_PLACEMENT_3D('',#1379,#1380,#1381);
#1379 = CARTESIAN_POINT('',(0.350393263854,-0.137155789844,1.9100001));
#1380 = DIRECTION('',(-1.080644100231E-16,2.899358420183E-17,1.));
#1381 = DIRECTION('',(-0.137335414978,-0.990524600297,1.387778780781E-17
    ));
#1382 = PCURVE('',#1071,#1383);
#1383 = DEFINITIONAL_REPRESENTATION('',(#1384),#1388);
#1384 = LINE('',#1385,#1386);
#1385 = CARTESIAN_POINT('',(6.28318530718,2.89));
#1386 = VECTOR('',#1387,1.);
#1387 = DIRECTION('',(-1.,0.));
#1388 = ( GEOMETRIC_REPRESENTATION_CONTEXT(2) 
PARAMETRIC_REPRESENTATION_CONTEXT() REPRESENTATION_CONTEXT('2D SPACE',''
  ) );
#1389 = PCURVE('',#225,#1390);
#1390 = DEFINITIONAL_REPRESENTATION('',(#1391),#1399);
#1391 = ( BOUNDED_CURVE() B_SPLINE_CURVE(2,(#1392,#1393,#1394,#1395,
#1396,#1397,#1398),.UNSPECIFIED.,.T.,.F.) B_SPLINE_CURVE_WITH_KNOTS((1,2
    ,2,2,2,1),(-2.094395102393,0.,2.094395102393,4.188790204786,
6.28318530718,8.377580409573),.UNSPECIFIED.) CURVE() 
GEOMETRIC_REPRESENTATION_ITEM() RATIONAL_B_SPLINE_CURVE((1.,0.5,1.,0.5,
1.,0.5,1.)) REPRESENTATION_ITEM('') );
#1392 = CARTESIAN_POINT('',(-0.419500828199,-0.286847833388));
#1393 = CARTESIAN_POINT('',(-0.557895194206,-0.228743882689));
#1394 = CARTESIAN_POINT('',(-0.438378513838,-0.137942821336));
#1395 = CARTESIAN_POINT('',(-0.318861833469,-4.714175998318E-02));
#1396 = CARTESIAN_POINT('',(-0.299984147831,-0.196046772035));
#1397 = CARTESIAN_POINT('',(-0.281106462193,-0.344951784086));
#1398 = CARTESIAN_POINT('',(-0.419500828199,-0.286847833388));
#1399 = ( GEOMETRIC_REPRESENTATION_CONTEXT(2) 
PARAMETRIC_REPRESENTATION_CONTEXT() REPRESENTATION_CONTEXT('2D SPACE',''
  ) );
#1400 = ADVANCED_FACE('',(#1401),#308,.T.);
#1401 = FACE_BOUND('',#1402,.T.);
#1402 = EDGE_LOOP('',(#1403,#1427,#1428,#1452));
#1403 = ORIENTED_EDGE('',*,*,#1404,.F.);
#1404 = EDGE_CURVE('',#204,#1405,#1407,.T.);
#1405 = VERTEX_POINT('',#1406);
#1406 = CARTESIAN_POINT('',(0.453652199344,-6.39851103168E-02,1.9100001)
  );
#1407 = SURFACE_CURVE('',#1408,(#1413,#1420),.PCURVE_S1.);
#1408 = CIRCLE('',#1409,0.1045);
#1409 = AXIS2_PLACEMENT_3D('',#1410,#1411,#1412);
#1410 = CARTESIAN_POINT('',(0.46800375021,3.95247104142E-02,1.9100001));
#1411 = DIRECTION('',(5.212629326401E-17,-2.824308232225E-17,-1.));
#1412 = DIRECTION('',(-0.137335414978,-0.990524600297,2.081668171172E-17
    ));
#1413 = PCURVE('',#308,#1414);
#1414 = DEFINITIONAL_REPRESENTATION('',(#1415),#1419);
#1415 = LINE('',#1416,#1417);
#1416 = CARTESIAN_POINT('',(0.,2.89));
#1417 = VECTOR('',#1418,1.);
#1418 = DIRECTION('',(1.,0.));
#1419 = ( GEOMETRIC_REPRESENTATION_CONTEXT(2) 
PARAMETRIC_REPRESENTATION_CONTEXT() REPRESENTATION_CONTEXT('2D SPACE',''
  ) );
#1420 = PCURVE('',#225,#1421);
#1421 = DEFINITIONAL_REPRESENTATION('',(#1422),#1426);
#1422 = CIRCLE('',#1423,0.1045);
#1423 = AXIS2_PLACEMENT_2D('',#1424,#1425);
#1424 = CARTESIAN_POINT('',(-0.396995835068,5.012475932576E-03));
#1425 = DIRECTION('',(-0.387109682378,-0.922033672817));
#1426 = ( GEOMETRIC_REPRESENTATION_CONTEXT(2) 
PARAMETRIC_REPRESENTATION_CONTEXT() REPRESENTATION_CONTEXT('2D SPACE',''
  ) );
#1427 = ORIENTED_EDGE('',*,*,#294,.T.);
#1428 = ORIENTED_EDGE('',*,*,#1429,.F.);
#1429 = EDGE_CURVE('',#1430,#266,#1432,.T.);
#1430 = VERTEX_POINT('',#1431);
#1431 = CARTESIAN_POINT('',(0.453652199344,-6.39851103168E-02,3.4700001)
  );
#1432 = SURFACE_CURVE('',#1433,(#1438,#1445),.PCURVE_S1.);
#1433 = CIRCLE('',#1434,0.1045);
#1434 = AXIS2_PLACEMENT_3D('',#1435,#1436,#1437);
#1435 = CARTESIAN_POINT('',(0.46800375021,3.95247104142E-02,3.4700001));
#1436 = DIRECTION('',(-5.212629326401E-17,2.824308232225E-17,1.));
#1437 = DIRECTION('',(-0.137335414978,-0.990524600297,2.081668171172E-17
    ));
#1438 = PCURVE('',#308,#1439);
#1439 = DEFINITIONAL_REPRESENTATION('',(#1440),#1444);
#1440 = LINE('',#1441,#1442);
#1441 = CARTESIAN_POINT('',(6.28318530718,1.33));
#1442 = VECTOR('',#1443,1.);
#1443 = DIRECTION('',(-1.,0.));
#1444 = ( GEOMETRIC_REPRESENTATION_CONTEXT(2) 
PARAMETRIC_REPRESENTATION_CONTEXT() REPRESENTATION_CONTEXT('2D SPACE',''
  ) );
#1445 = PCURVE('',#282,#1446);
#1446 = DEFINITIONAL_REPRESENTATION('',(#1447),#1451);
#1447 = CIRCLE('',#1448,0.1045);
#1448 = AXIS2_PLACEMENT_2D('',#1449,#1450);
#1449 = CARTESIAN_POINT('',(0.396995835068,-0.298587524067));
#1450 = DIRECTION('',(0.387109682378,-0.922033672817));
#1451 = ( GEOMETRIC_REPRESENTATION_CONTEXT(2) 
PARAMETRIC_REPRESENTATION_CONTEXT() REPRESENTATION_CONTEXT('2D SPACE',''
  ) );
#1452 = ORIENTED_EDGE('',*,*,#1453,.T.);
#1453 = EDGE_CURVE('',#1430,#1405,#1454,.T.);
#1454 = SURFACE_CURVE('',#1455,(#1459,#1466),.PCURVE_S1.);
#1455 = LINE('',#1456,#1457);
#1456 = CARTESIAN_POINT('',(0.453652199344,-6.398511031679E-02,4.8000001
    ));
#1457 = VECTOR('',#1458,1.);
#1458 = DIRECTION('',(2.638984874572E-49,-8.19333394335E-32,-1.));
#1459 = PCURVE('',#308,#1460);
#1460 = DEFINITIONAL_REPRESENTATION('',(#1461),#1465);
#1461 = LINE('',#1462,#1463);
#1462 = CARTESIAN_POINT('',(6.28318530718,0.));
#1463 = VECTOR('',#1464,1.);
#1464 = DIRECTION('',(0.,1.));
#1465 = ( GEOMETRIC_REPRESENTATION_CONTEXT(2) 
PARAMETRIC_REPRESENTATION_CONTEXT() REPRESENTATION_CONTEXT('2D SPACE',''
  ) );
#1466 = PCURVE('',#1363,#1467);
#1467 = DEFINITIONAL_REPRESENTATION('',(#1468),#1472);
#1468 = LINE('',#1469,#1470);
#1469 = CARTESIAN_POINT('',(9.223159016649E-02,-3.330669073875E-16));
#1470 = VECTOR('',#1471,1.);
#1471 = DIRECTION('',(-5.267937252333E-17,1.));
#1472 = ( GEOMETRIC_REPRESENTATION_CONTEXT(2) 
PARAMETRIC_REPRESENTATION_CONTEXT() REPRESENTATION_CONTEXT('2D SPACE',''
  ) );
#1473 = ADVANCED_FACE('',(#1474),#1363,.F.);
#1474 = FACE_BOUND('',#1475,.T.);
#1475 = EDGE_LOOP('',(#1476,#1497,#1498,#1521,#1544,#1565));
#1476 = ORIENTED_EDGE('',*,*,#1477,.F.);
#1477 = EDGE_CURVE('',#1405,#1348,#1478,.T.);
#1478 = SURFACE_CURVE('',#1479,(#1483,#1490),.PCURVE_S1.);
#1479 = LINE('',#1480,#1481);
#1480 = CARTESIAN_POINT('',(0.225724814215,-3.238316725324E-02,1.9100001
    ));
#1481 = VECTOR('',#1482,1.);
#1482 = DIRECTION('',(-0.990524600297,0.137335414978,-5.551115123126E-17
    ));
#1483 = PCURVE('',#1363,#1484);
#1484 = DEFINITIONAL_REPRESENTATION('',(#1485),#1489);
#1485 = LINE('',#1486,#1487);
#1486 = CARTESIAN_POINT('',(-0.13787615785,2.89));
#1487 = VECTOR('',#1488,1.);
#1488 = DIRECTION('',(-1.,5.551115123126E-17));
#1489 = ( GEOMETRIC_REPRESENTATION_CONTEXT(2) 
PARAMETRIC_REPRESENTATION_CONTEXT() REPRESENTATION_CONTEXT('2D SPACE',''
  ) );
#1490 = PCURVE('',#225,#1491);
#1491 = DEFINITIONAL_REPRESENTATION('',(#1492),#1496);
#1492 = LINE('',#1493,#1494);
#1493 = CARTESIAN_POINT('',(-0.225281704829,-0.180416980124));
#1494 = VECTOR('',#1495,1.);
#1495 = DIRECTION('',(0.922033672817,-0.387109682378));
#1496 = ( GEOMETRIC_REPRESENTATION_CONTEXT(2) 
PARAMETRIC_REPRESENTATION_CONTEXT() REPRESENTATION_CONTEXT('2D SPACE',''
  ) );
#1497 = ORIENTED_EDGE('',*,*,#1453,.F.);
#1498 = ORIENTED_EDGE('',*,*,#1499,.F.);
#1499 = EDGE_CURVE('',#1500,#1430,#1502,.T.);
#1500 = VERTEX_POINT('',#1501);
#1501 = CARTESIAN_POINT('',(0.37744215925,-5.341865141338E-02,3.4700001)
  );
#1502 = SURFACE_CURVE('',#1503,(#1507,#1514),.PCURVE_S1.);
#1503 = LINE('',#1504,#1505);
#1504 = CARTESIAN_POINT('',(0.28393125872,-4.045344254792E-02,3.4700001)
  );
#1505 = VECTOR('',#1506,1.);
#1506 = DIRECTION('',(0.990524600297,-0.137335414978,5.551115123126E-17)
  );
#1507 = PCURVE('',#1363,#1508);
#1508 = DEFINITIONAL_REPRESENTATION('',(#1509),#1513);
#1509 = LINE('',#1510,#1511);
#1510 = CARTESIAN_POINT('',(-7.911290806548E-02,1.33));
#1511 = VECTOR('',#1512,1.);
#1512 = DIRECTION('',(1.,-5.551115123126E-17));
#1513 = ( GEOMETRIC_REPRESENTATION_CONTEXT(2) 
PARAMETRIC_REPRESENTATION_CONTEXT() REPRESENTATION_CONTEXT('2D SPACE',''
  ) );
#1514 = PCURVE('',#282,#1515);
#1515 = DEFINITIONAL_REPRESENTATION('',(#1516),#1520);
#1516 = LINE('',#1517,#1518);
#1517 = CARTESIAN_POINT('',(0.279463399855,-0.461269157165));
#1518 = VECTOR('',#1519,1.);
#1519 = DIRECTION('',(0.922033672817,0.387109682378));
#1520 = ( GEOMETRIC_REPRESENTATION_CONTEXT(2) 
PARAMETRIC_REPRESENTATION_CONTEXT() REPRESENTATION_CONTEXT('2D SPACE',''
  ) );
#1521 = ORIENTED_EDGE('',*,*,#1522,.F.);
#1522 = EDGE_CURVE('',#1523,#1500,#1525,.T.);
#1523 = VERTEX_POINT('',#1524);
#1524 = CARTESIAN_POINT('',(0.37744215925,-5.341865141338E-02,3.7200001)
  );
#1525 = SURFACE_CURVE('',#1526,(#1530,#1537),.PCURVE_S1.);
#1526 = LINE('',#1527,#1528);
#1527 = CARTESIAN_POINT('',(0.37744215925,-5.341865141338E-02,3.5950001)
  );
#1528 = VECTOR('',#1529,1.);
#1529 = DIRECTION('',(2.638984874572E-49,-8.19333394335E-32,-1.));
#1530 = PCURVE('',#1363,#1531);
#1531 = DEFINITIONAL_REPRESENTATION('',(#1532),#1536);
#1532 = LINE('',#1533,#1534);
#1533 = CARTESIAN_POINT('',(1.529252164501E-02,1.205));
#1534 = VECTOR('',#1535,1.);
#1535 = DIRECTION('',(-5.267937252333E-17,1.));
#1536 = ( GEOMETRIC_REPRESENTATION_CONTEXT(2) 
PARAMETRIC_REPRESENTATION_CONTEXT() REPRESENTATION_CONTEXT('2D SPACE',''
  ) );
#1537 = PCURVE('',#418,#1538);
#1538 = DEFINITIONAL_REPRESENTATION('',(#1539),#1543);
#1539 = LINE('',#1540,#1541);
#1540 = CARTESIAN_POINT('',(1.173301524997,0.));
#1541 = VECTOR('',#1542,1.);
#1542 = DIRECTION('',(0.,1.));
#1543 = ( GEOMETRIC_REPRESENTATION_CONTEXT(2) 
PARAMETRIC_REPRESENTATION_CONTEXT() REPRESENTATION_CONTEXT('2D SPACE',''
  ) );
#1544 = ORIENTED_EDGE('',*,*,#1545,.F.);
#1545 = EDGE_CURVE('',#1320,#1523,#1546,.T.);
#1546 = SURFACE_CURVE('',#1547,(#1551,#1558),.PCURVE_S1.);
#1547 = LINE('',#1548,#1549);
#1548 = CARTESIAN_POINT('',(0.249210616099,-3.563945422162E-02,3.7200001
    ));
#1549 = VECTOR('',#1550,1.);
#1550 = DIRECTION('',(0.990524600297,-0.137335414978,5.551115123126E-17)
  );
#1551 = PCURVE('',#1363,#1552);
#1552 = DEFINITIONAL_REPRESENTATION('',(#1553),#1557);
#1553 = LINE('',#1554,#1555);
#1554 = CARTESIAN_POINT('',(-0.114165689805,1.08));
#1555 = VECTOR('',#1556,1.);
#1556 = DIRECTION('',(1.,-5.551115123126E-17));
#1557 = ( GEOMETRIC_REPRESENTATION_CONTEXT(2) 
PARAMETRIC_REPRESENTATION_CONTEXT() REPRESENTATION_CONTEXT('2D SPACE',''
  ) );
#1558 = PCURVE('',#390,#1559);
#1559 = DEFINITIONAL_REPRESENTATION('',(#1560),#1564);
#1560 = LINE('',#1561,#1562);
#1561 = CARTESIAN_POINT('',(0.247143554765,-0.29373842837));
#1562 = VECTOR('',#1563,1.);
#1563 = DIRECTION('',(0.922033672817,0.387109682378));
#1564 = ( GEOMETRIC_REPRESENTATION_CONTEXT(2) 
PARAMETRIC_REPRESENTATION_CONTEXT() REPRESENTATION_CONTEXT('2D SPACE',''
  ) );
#1565 = ORIENTED_EDGE('',*,*,#1347,.T.);
#1566 = ADVANCED_FACE('',(#1567),#1582,.T.);
#1567 = FACE_BOUND('',#1568,.T.);
#1568 = EDGE_LOOP('',(#1569,#1600,#1628,#1657));
#1569 = ORIENTED_EDGE('',*,*,#1570,.F.);
#1570 = EDGE_CURVE('',#1571,#1573,#1575,.T.);
#1571 = VERTEX_POINT('',#1572);
#1572 = CARTESIAN_POINT('',(0.118907216055,-0.453595646303,1.9100001));
#1573 = VERTEX_POINT('',#1574);
#1574 = CARTESIAN_POINT('',(7.752688767797E-02,-0.569770986319,1.9100001
    ));
#1575 = SURFACE_CURVE('',#1576,(#1581,#1593),.PCURVE_S1.);
#1576 = CIRCLE('',#1577,0.1045);
#1577 = AXIS2_PLACEMENT_3D('',#1578,#1579,#1580);
#1578 = CARTESIAN_POINT('',(1.874000684297E-02,-0.483374501195,1.9100001
    ));
#1579 = DIRECTION('',(1.386308885334E-16,-6.385623563799E-18,-1.));
#1580 = DIRECTION('',(0.562553883588,-0.826760623191,8.326672684689E-17)
  );
#1581 = PCURVE('',#1582,#1587);
#1582 = CYLINDRICAL_SURFACE('',#1583,0.1045);
#1583 = AXIS2_PLACEMENT_3D('',#1584,#1585,#1586);
#1584 = CARTESIAN_POINT('',(1.874000684297E-02,-0.483374501195,4.8000001
    ));
#1585 = DIRECTION('',(2.638984874572E-49,-8.19333394335E-32,-1.));
#1586 = DIRECTION('',(0.562553883588,-0.826760623191,8.326672684689E-17)
  );
#1587 = DEFINITIONAL_REPRESENTATION('',(#1588),#1592);
#1588 = LINE('',#1589,#1590);
#1589 = CARTESIAN_POINT('',(0.,2.89));
#1590 = VECTOR('',#1591,1.);
#1591 = DIRECTION('',(1.,0.));
#1592 = ( GEOMETRIC_REPRESENTATION_CONTEXT(2) 
PARAMETRIC_REPRESENTATION_CONTEXT() REPRESENTATION_CONTEXT('2D SPACE',''
  ) );
#1593 = PCURVE('',#225,#1594);
#1594 = DEFINITIONAL_REPRESENTATION('',(#1595),#1599);
#1595 = CIRCLE('',#1596,0.1045);
#1596 = AXIS2_PLACEMENT_2D('',#1597,#1598);
#1597 = CARTESIAN_POINT('',(-0.277284149545,-0.673906229772));
#1598 = DIRECTION('',(-0.905576664302,-0.424182631742));
#1599 = ( GEOMETRIC_REPRESENTATION_CONTEXT(2) 
PARAMETRIC_REPRESENTATION_CONTEXT() REPRESENTATION_CONTEXT('2D SPACE',''
  ) );
#1600 = ORIENTED_EDGE('',*,*,#1601,.F.);
#1601 = EDGE_CURVE('',#1602,#1571,#1604,.T.);
#1602 = VERTEX_POINT('',#1603);
#1603 = CARTESIAN_POINT('',(0.118907216055,-0.453595646303,3.4700001));
#1604 = SURFACE_CURVE('',#1605,(#1609,#1616),.PCURVE_S1.);
#1605 = LINE('',#1606,#1607);
#1606 = CARTESIAN_POINT('',(0.118907216055,-0.453595646303,4.8000001));
#1607 = VECTOR('',#1608,1.);
#1608 = DIRECTION('',(2.638984874572E-49,-8.19333394335E-32,-1.));
#1609 = PCURVE('',#1582,#1610);
#1610 = DEFINITIONAL_REPRESENTATION('',(#1611),#1615);
#1611 = LINE('',#1612,#1613);
#1612 = CARTESIAN_POINT('',(5.020890532191,0.));
#1613 = VECTOR('',#1614,1.);
#1614 = DIRECTION('',(0.,1.));
#1615 = ( GEOMETRIC_REPRESENTATION_CONTEXT(2) 
PARAMETRIC_REPRESENTATION_CONTEXT() REPRESENTATION_CONTEXT('2D SPACE',''
  ) );
#1616 = PCURVE('',#1617,#1622);
#1617 = PLANE('',#1618);
#1618 = AXIS2_PLACEMENT_3D('',#1619,#1620,#1621);
#1619 = CARTESIAN_POINT('',(0.118907216055,-0.453595646303,4.8000001));
#1620 = DIRECTION('',(-0.958537887196,-0.284965118586,
    -1.665334536938E-16));
#1621 = DIRECTION('',(-0.284965118586,0.958537887196,-5.551115123126E-17
    ));
#1622 = DEFINITIONAL_REPRESENTATION('',(#1623),#1627);
#1623 = LINE('',#1624,#1625);
#1624 = CARTESIAN_POINT('',(-0.,0.));
#1625 = VECTOR('',#1626,1.);
#1626 = DIRECTION('',(7.324416562594E-17,1.));
#1627 = ( GEOMETRIC_REPRESENTATION_CONTEXT(2) 
PARAMETRIC_REPRESENTATION_CONTEXT() REPRESENTATION_CONTEXT('2D SPACE',''
  ) );
#1628 = ORIENTED_EDGE('',*,*,#1629,.F.);
#1629 = EDGE_CURVE('',#1630,#1602,#1632,.T.);
#1630 = VERTEX_POINT('',#1631);
#1631 = CARTESIAN_POINT('',(7.752688767797E-02,-0.569770986319,3.4700001
    ));
#1632 = SURFACE_CURVE('',#1633,(#1638,#1645),.PCURVE_S1.);
#1633 = CIRCLE('',#1634,0.1045);
#1634 = AXIS2_PLACEMENT_3D('',#1635,#1636,#1637);
#1635 = CARTESIAN_POINT('',(1.874000684297E-02,-0.483374501195,3.4700001
    ));
#1636 = DIRECTION('',(-1.386308885334E-16,6.385623563799E-18,1.));
#1637 = DIRECTION('',(0.562553883588,-0.826760623191,8.326672684689E-17)
  );
#1638 = PCURVE('',#1582,#1639);
#1639 = DEFINITIONAL_REPRESENTATION('',(#1640),#1644);
#1640 = LINE('',#1641,#1642);
#1641 = CARTESIAN_POINT('',(6.28318530718,1.33));
#1642 = VECTOR('',#1643,1.);
#1643 = DIRECTION('',(-1.,0.));
#1644 = ( GEOMETRIC_REPRESENTATION_CONTEXT(2) 
PARAMETRIC_REPRESENTATION_CONTEXT() REPRESENTATION_CONTEXT('2D SPACE',''
  ) );
#1645 = PCURVE('',#1646,#1651);
#1646 = PLANE('',#1647);
#1647 = AXIS2_PLACEMENT_3D('',#1648,#1649,#1650);
#1648 = CARTESIAN_POINT('',(0.278834866759,0.498845226094,3.4700001));
#1649 = DIRECTION('',(-2.638984874572E-49,8.19333394335E-32,1.));
#1650 = DIRECTION('',(0.860133166356,-0.510069540489,1.110223024625E-16)
  );
#1651 = DEFINITIONAL_REPRESENTATION('',(#1652),#1656);
#1652 = CIRCLE('',#1653,0.1045);
#1653 = AXIS2_PLACEMENT_2D('',#1654,#1655);
#1654 = CARTESIAN_POINT('',(0.277284149545,-0.977506229772));
#1655 = DIRECTION('',(0.905576664302,-0.424182631742));
#1656 = ( GEOMETRIC_REPRESENTATION_CONTEXT(2) 
PARAMETRIC_REPRESENTATION_CONTEXT() REPRESENTATION_CONTEXT('2D SPACE',''
  ) );
#1657 = ORIENTED_EDGE('',*,*,#1658,.F.);
#1658 = EDGE_CURVE('',#1573,#1630,#1659,.T.);
#1659 = SURFACE_CURVE('',#1660,(#1664,#1671),.PCURVE_S1.);
#1660 = LINE('',#1661,#1662);
#1661 = CARTESIAN_POINT('',(7.752688767797E-02,-0.569770986319,4.8000001
    ));
#1662 = VECTOR('',#1663,1.);
#1663 = DIRECTION('',(-2.638984874572E-49,8.19333394335E-32,1.));
#1664 = PCURVE('',#1582,#1665);
#1665 = DEFINITIONAL_REPRESENTATION('',(#1666),#1670);
#1666 = LINE('',#1667,#1668);
#1667 = CARTESIAN_POINT('',(6.28318530718,0.));
#1668 = VECTOR('',#1669,1.);
#1669 = DIRECTION('',(0.,-1.));
#1670 = ( GEOMETRIC_REPRESENTATION_CONTEXT(2) 
PARAMETRIC_REPRESENTATION_CONTEXT() REPRESENTATION_CONTEXT('2D SPACE',''
  ) );
#1671 = PCURVE('',#1672,#1677);
#1672 = CYLINDRICAL_SURFACE('',#1673,0.1045);
#1673 = AXIS2_PLACEMENT_3D('',#1674,#1675,#1676);
#1674 = CARTESIAN_POINT('',(0.105575468799,-0.469105564763,4.8000001));
#1675 = DIRECTION('',(2.638984874572E-49,-8.19333394335E-32,-1.));
#1676 = DIRECTION('',(-0.999324350462,-3.675381034235E-02,
    3.171179823108E-33));
#1677 = DEFINITIONAL_REPRESENTATION('',(#1678),#1682);
#1678 = LINE('',#1679,#1680);
#1679 = CARTESIAN_POINT('',(5.020890532191,0.));
#1680 = VECTOR('',#1681,1.);
#1681 = DIRECTION('',(0.,-1.));
#1682 = ( GEOMETRIC_REPRESENTATION_CONTEXT(2) 
PARAMETRIC_REPRESENTATION_CONTEXT() REPRESENTATION_CONTEXT('2D SPACE',''
  ) );
#1683 = ADVANCED_FACE('',(#1684),#1617,.F.);
#1684 = FACE_BOUND('',#1685,.T.);
#1685 = EDGE_LOOP('',(#1686,#1709,#1737,#1765,#1793,#1814));
#1686 = ORIENTED_EDGE('',*,*,#1687,.F.);
#1687 = EDGE_CURVE('',#1688,#1571,#1690,.T.);
#1688 = VERTEX_POINT('',#1689);
#1689 = CARTESIAN_POINT('',(9.26244300258E-02,-0.365188172732,1.9100001)
  );
#1690 = SURFACE_CURVE('',#1691,(#1695,#1702),.PCURVE_S1.);
#1691 = LINE('',#1692,#1693);
#1692 = CARTESIAN_POINT('',(2.469823602896E-02,-0.136704662883,1.9100001
    ));
#1693 = VECTOR('',#1694,1.);
#1694 = DIRECTION('',(0.284965118586,-0.958537887196,5.551115123126E-17)
  );
#1695 = PCURVE('',#1617,#1696);
#1696 = DEFINITIONAL_REPRESENTATION('',(#1697),#1701);
#1697 = LINE('',#1698,#1699);
#1698 = CARTESIAN_POINT('',(0.330598286884,2.89));
#1699 = VECTOR('',#1700,1.);
#1700 = DIRECTION('',(-1.,-5.551115123126E-17));
#1701 = ( GEOMETRIC_REPRESENTATION_CONTEXT(2) 
PARAMETRIC_REPRESENTATION_CONTEXT() REPRESENTATION_CONTEXT('2D SPACE',''
  ) );
#1702 = PCURVE('',#225,#1703);
#1703 = DEFINITIONAL_REPRESENTATION('',(#1704),#1708);
#1704 = LINE('',#1705,#1706);
#1705 = CARTESIAN_POINT('',(-0.105583294952,-0.372684892841));
#1706 = VECTOR('',#1707,1.);
#1707 = DIRECTION('',(-0.734028929413,-0.679118200894));
#1708 = ( GEOMETRIC_REPRESENTATION_CONTEXT(2) 
PARAMETRIC_REPRESENTATION_CONTEXT() REPRESENTATION_CONTEXT('2D SPACE',''
  ) );
#1709 = ORIENTED_EDGE('',*,*,#1710,.F.);
#1710 = EDGE_CURVE('',#1711,#1688,#1713,.T.);
#1711 = VERTEX_POINT('',#1712);
#1712 = CARTESIAN_POINT('',(9.26244300258E-02,-0.365188172732,3.7200001)
  );
#1713 = SURFACE_CURVE('',#1714,(#1718,#1725),.PCURVE_S1.);
#1714 = LINE('',#1715,#1716);
#1715 = CARTESIAN_POINT('',(9.26244300258E-02,-0.365188172732,4.8000001)
  );
#1716 = VECTOR('',#1717,1.);
#1717 = DIRECTION('',(2.638984874572E-49,-8.19333394335E-32,-1.));
#1718 = PCURVE('',#1617,#1719);
#1719 = DEFINITIONAL_REPRESENTATION('',(#1720),#1724);
#1720 = LINE('',#1721,#1722);
#1721 = CARTESIAN_POINT('',(9.223159016649E-02,-2.775557561563E-17));
#1722 = VECTOR('',#1723,1.);
#1723 = DIRECTION('',(7.324416562594E-17,1.));
#1724 = ( GEOMETRIC_REPRESENTATION_CONTEXT(2) 
PARAMETRIC_REPRESENTATION_CONTEXT() REPRESENTATION_CONTEXT('2D SPACE',''
  ) );
#1725 = PCURVE('',#1726,#1731);
#1726 = CYLINDRICAL_SURFACE('',#1727,8.665846684763E-02);
#1727 = AXIS2_PLACEMENT_3D('',#1728,#1729,#1730);
#1728 = CARTESIAN_POINT('',(0.175689853746,-0.340493532451,4.8000001));
#1729 = DIRECTION('',(2.638984874572E-49,-8.19333394335E-32,-1.));
#1730 = DIRECTION('',(-0.741901971648,-0.670508362711,
    -5.551115123126E-17));
#1731 = DEFINITIONAL_REPRESENTATION('',(#1732),#1736);
#1732 = LINE('',#1733,#1734);
#1733 = CARTESIAN_POINT('',(0.445923753196,0.));
#1734 = VECTOR('',#1735,1.);
#1735 = DIRECTION('',(0.,1.));
#1736 = ( GEOMETRIC_REPRESENTATION_CONTEXT(2) 
PARAMETRIC_REPRESENTATION_CONTEXT() REPRESENTATION_CONTEXT('2D SPACE',''
  ) );
#1737 = ORIENTED_EDGE('',*,*,#1738,.F.);
#1738 = EDGE_CURVE('',#1739,#1711,#1741,.T.);
#1739 = VERTEX_POINT('',#1740);
#1740 = CARTESIAN_POINT('',(9.698226526984E-02,-0.37984663412,3.7200001)
  );
#1741 = SURFACE_CURVE('',#1742,(#1746,#1753),.PCURVE_S1.);
#1742 = LINE('',#1743,#1744);
#1743 = CARTESIAN_POINT('',(1.284482986157E-02,-9.683333070014E-02,
    3.7200001));
#1744 = VECTOR('',#1745,1.);
#1745 = DIRECTION('',(-0.284965118586,0.958537887196,-5.551115123126E-17
    ));
#1746 = PCURVE('',#1617,#1747);
#1747 = DEFINITIONAL_REPRESENTATION('',(#1748),#1752);
#1748 = LINE('',#1749,#1750);
#1749 = CARTESIAN_POINT('',(0.372194276688,1.08));
#1750 = VECTOR('',#1751,1.);
#1751 = DIRECTION('',(1.,5.551115123126E-17));
#1752 = ( GEOMETRIC_REPRESENTATION_CONTEXT(2) 
PARAMETRIC_REPRESENTATION_CONTEXT() REPRESENTATION_CONTEXT('2D SPACE',''
  ) );
#1753 = PCURVE('',#1754,#1759);
#1754 = PLANE('',#1755);
#1755 = AXIS2_PLACEMENT_3D('',#1756,#1757,#1758);
#1756 = CARTESIAN_POINT('',(0.186461272976,0.343075109667,3.7200001));
#1757 = DIRECTION('',(-2.638984874572E-49,8.19333394335E-32,1.));
#1758 = DIRECTION('',(0.860133166356,-0.510069540489,1.110223024625E-16)
  );
#1759 = DEFINITIONAL_REPRESENTATION('',(#1760),#1764);
#1760 = LINE('',#1761,#1762);
#1761 = CARTESIAN_POINT('',(7.505063508731E-02,-0.46693629908));
#1762 = VECTOR('',#1763,1.);
#1763 = DIRECTION('',(-0.734028929413,0.679118200894));
#1764 = ( GEOMETRIC_REPRESENTATION_CONTEXT(2) 
PARAMETRIC_REPRESENTATION_CONTEXT() REPRESENTATION_CONTEXT('2D SPACE',''
  ) );
#1765 = ORIENTED_EDGE('',*,*,#1766,.F.);
#1766 = EDGE_CURVE('',#1767,#1739,#1769,.T.);
#1767 = VERTEX_POINT('',#1768);
#1768 = CARTESIAN_POINT('',(9.698226526984E-02,-0.37984663412,3.4700001)
  );
#1769 = SURFACE_CURVE('',#1770,(#1774,#1781),.PCURVE_S1.);
#1770 = LINE('',#1771,#1772);
#1771 = CARTESIAN_POINT('',(9.698226526984E-02,-0.37984663412,3.5950001)
  );
#1772 = VECTOR('',#1773,1.);
#1773 = DIRECTION('',(-2.638984874572E-49,8.19333394335E-32,1.));
#1774 = PCURVE('',#1617,#1775);
#1775 = DEFINITIONAL_REPRESENTATION('',(#1776),#1780);
#1776 = LINE('',#1777,#1778);
#1777 = CARTESIAN_POINT('',(7.693906852148E-02,1.205));
#1778 = VECTOR('',#1779,1.);
#1779 = DIRECTION('',(-7.324416562594E-17,-1.));
#1780 = ( GEOMETRIC_REPRESENTATION_CONTEXT(2) 
PARAMETRIC_REPRESENTATION_CONTEXT() REPRESENTATION_CONTEXT('2D SPACE',''
  ) );
#1781 = PCURVE('',#1782,#1787);
#1782 = CYLINDRICAL_SURFACE('',#1783,0.3975);
#1783 = AXIS2_PLACEMENT_3D('',#1784,#1785,#1786);
#1784 = CARTESIAN_POINT('',(-1.62913693679E-02,1.172176040352E-03,
    3.5950001));
#1785 = DIRECTION('',(2.638984874572E-49,-8.19333394335E-32,-1.));
#1786 = DIRECTION('',(0.510069540489,0.860133166356,-7.421371871181E-32)
  );
#1787 = DEFINITIONAL_REPRESENTATION('',(#1788),#1792);
#1788 = LINE('',#1789,#1790);
#1789 = CARTESIAN_POINT('',(2.317356978991,0.));
#1790 = VECTOR('',#1791,1.);
#1791 = DIRECTION('',(0.,-1.));
#1792 = ( GEOMETRIC_REPRESENTATION_CONTEXT(2) 
PARAMETRIC_REPRESENTATION_CONTEXT() REPRESENTATION_CONTEXT('2D SPACE',''
  ) );
#1793 = ORIENTED_EDGE('',*,*,#1794,.F.);
#1794 = EDGE_CURVE('',#1602,#1767,#1795,.T.);
#1795 = SURFACE_CURVE('',#1796,(#1800,#1807),.PCURVE_S1.);
#1796 = LINE('',#1797,#1798);
#1797 = CARTESIAN_POINT('',(-4.678858766296E-03,-3.788885512148E-02,
    3.4700001));
#1798 = VECTOR('',#1799,1.);
#1799 = DIRECTION('',(-0.284965118586,0.958537887196,-5.551115123126E-17
    ));
#1800 = PCURVE('',#1617,#1801);
#1801 = DEFINITIONAL_REPRESENTATION('',(#1802),#1806);
#1802 = LINE('',#1803,#1804);
#1803 = CARTESIAN_POINT('',(0.433688429779,1.33));
#1804 = VECTOR('',#1805,1.);
#1805 = DIRECTION('',(1.,5.551115123126E-17));
#1806 = ( GEOMETRIC_REPRESENTATION_CONTEXT(2) 
PARAMETRIC_REPRESENTATION_CONTEXT() REPRESENTATION_CONTEXT('2D SPACE',''
  ) );
#1807 = PCURVE('',#1646,#1808);
#1808 = DEFINITIONAL_REPRESENTATION('',(#1809),#1813);
#1809 = LINE('',#1810,#1811);
#1810 = CARTESIAN_POINT('',(2.991214772883E-02,-0.606274500468));
#1811 = VECTOR('',#1812,1.);
#1812 = DIRECTION('',(-0.734028929413,0.679118200894));
#1813 = ( GEOMETRIC_REPRESENTATION_CONTEXT(2) 
PARAMETRIC_REPRESENTATION_CONTEXT() REPRESENTATION_CONTEXT('2D SPACE',''
  ) );
#1814 = ORIENTED_EDGE('',*,*,#1601,.T.);
#1815 = ADVANCED_FACE('',(#1816),#1726,.F.);
#1816 = FACE_BOUND('',#1817,.F.);
#1817 = EDGE_LOOP('',(#1818,#1819,#1847,#1973,#2001,#2029));
#1818 = ORIENTED_EDGE('',*,*,#1710,.F.);
#1819 = ORIENTED_EDGE('',*,*,#1820,.T.);
#1820 = EDGE_CURVE('',#1711,#1821,#1823,.T.);
#1821 = VERTEX_POINT('',#1822);
#1822 = CARTESIAN_POINT('',(9.140560732479E-02,-0.360639392613,3.7200001
    ));
#1823 = SURFACE_CURVE('',#1824,(#1829,#1836),.PCURVE_S1.);
#1824 = CIRCLE('',#1825,8.665846684763E-02);
#1825 = AXIS2_PLACEMENT_3D('',#1826,#1827,#1828);
#1826 = CARTESIAN_POINT('',(0.175689853746,-0.340493532451,3.7200001));
#1827 = DIRECTION('',(1.156252147954E-16,-4.514697396954E-17,-1.));
#1828 = DIRECTION('',(-0.741901971648,-0.670508362711,
    -5.551115123126E-17));
#1829 = PCURVE('',#1726,#1830);
#1830 = DEFINITIONAL_REPRESENTATION('',(#1831),#1835);
#1831 = LINE('',#1832,#1833);
#1832 = CARTESIAN_POINT('',(-1.665334536938E-16,1.08));
#1833 = VECTOR('',#1834,1.);
#1834 = DIRECTION('',(1.,0.));
#1835 = ( GEOMETRIC_REPRESENTATION_CONTEXT(2) 
PARAMETRIC_REPRESENTATION_CONTEXT() REPRESENTATION_CONTEXT('2D SPACE',''
  ) );
#1836 = PCURVE('',#1754,#1837);
#1837 = DEFINITIONAL_REPRESENTATION('',(#1838),#1846);
#1838 = ( BOUNDED_CURVE() B_SPLINE_CURVE(2,(#1839,#1840,#1841,#1842,
#1843,#1844,#1845),.UNSPECIFIED.,.T.,.F.) B_SPLINE_CURVE_WITH_KNOTS((1,2
    ,2,2,2,1),(-2.094395102393,0.,2.094395102393,4.188790204786,
6.28318530718,8.377580409573),.UNSPECIFIED.) CURVE() 
GEOMETRIC_REPRESENTATION_ITEM() RATIONAL_B_SPLINE_CURVE((1.,0.5,1.,0.5,
1.,0.5,1.)) REPRESENTATION_ITEM('') );
#1839 = CARTESIAN_POINT('',(0.313740637823,-0.67622590155));
#1840 = CARTESIAN_POINT('',(0.170375903201,-0.631777926386));
#1841 = CARTESIAN_POINT('',(0.28055134615,-0.529844411779));
#1842 = CARTESIAN_POINT('',(0.3907267891,-0.427910897172));
#1843 = CARTESIAN_POINT('',(0.423916080772,-0.574292386943));
#1844 = CARTESIAN_POINT('',(0.457105372444,-0.720673876713));
#1845 = CARTESIAN_POINT('',(0.313740637823,-0.67622590155));
#1846 = ( GEOMETRIC_REPRESENTATION_CONTEXT(2) 
PARAMETRIC_REPRESENTATION_CONTEXT() REPRESENTATION_CONTEXT('2D SPACE',''
  ) );
#1847 = ORIENTED_EDGE('',*,*,#1848,.T.);
#1848 = EDGE_CURVE('',#1821,#1849,#1851,.T.);
#1849 = VERTEX_POINT('',#1850);
#1850 = CARTESIAN_POINT('',(0.236730592259,-0.278981597689,3.7200001));
#1851 = SURFACE_CURVE('',#1852,(#1871,#1922),.PCURVE_S1.);
#1852 = B_SPLINE_CURVE_WITH_KNOTS('',3,(#1853,#1854,#1855,#1856,#1857,
    #1858,#1859,#1860,#1861,#1862,#1863,#1864,#1865,#1866,#1867,#1868,
    #1869,#1870),.UNSPECIFIED.,.F.,.F.,(4,2,2,2,2,2,2,2,4),(
    3.689280396767E-02,4.035428098012E-02,4.447304968898E-02,
    4.720286574133E-02,4.993268179369E-02,5.266249784604E-02,
    5.53923138984E-02,5.951108260725E-02,6.29725596197E-02),
  .UNSPECIFIED.);
#1853 = CARTESIAN_POINT('',(9.140560732479E-02,-0.360639392613,3.7200001
    ));
#1854 = CARTESIAN_POINT('',(8.945942366587E-02,-0.352497142951,
    3.711641005381));
#1855 = CARTESIAN_POINT('',(8.860862885478E-02,-0.343561743484,
    3.702823925186));
#1856 = CARTESIAN_POINT('',(8.999160562508E-02,-0.323677875187,
    3.684273741552));
#1857 = CARTESIAN_POINT('',(9.284267404639E-02,-0.312671419058,
    3.674675449391));
#1858 = CARTESIAN_POINT('',(0.101091257129,-0.29576120209,3.661746754879
    ));
#1859 = CARTESIAN_POINT('',(0.105763948848,-0.288515834503,
    3.656739018543));
#1860 = CARTESIAN_POINT('',(0.117870600432,-0.275338977461,
    3.649734174959));
#1861 = CARTESIAN_POINT('',(0.125306285691,-0.269402149095,3.6477501));
#1862 = CARTESIAN_POINT('',(0.141171972273,-0.260487254098,3.6477501));
#1863 = CARTESIAN_POINT('',(0.150109833245,-0.257223822227,
    3.649734174959));
#1864 = CARTESIAN_POINT('',(0.167660803239,-0.253736125806,
    3.656739018543));
#1865 = CARTESIAN_POINT('',(0.176279369679,-0.253513164162,
    3.661746754879));
#1866 = CARTESIAN_POINT('',(0.19501262709,-0.255262343277,3.674675449391
    ));
#1867 = CARTESIAN_POINT('',(0.205896257968,-0.258551301555,
    3.684273741552));
#1868 = CARTESIAN_POINT('',(0.223598788414,-0.2677110646,3.702823925186)
  );
#1869 = CARTESIAN_POINT('',(0.230788253669,-0.273084778845,
    3.711641005381));
#1870 = CARTESIAN_POINT('',(0.236730592259,-0.278981597689,3.7200001));
#1871 = PCURVE('',#1726,#1872);
#1872 = DEFINITIONAL_REPRESENTATION('',(#1873),#1921);
#1873 = B_SPLINE_CURVE_WITH_KNOTS('',3,(#1874,#1875,#1876,#1877,#1878,
    #1879,#1880,#1881,#1882,#1883,#1884,#1885,#1886,#1887,#1888,#1889,
    #1890,#1891,#1892,#1893,#1894,#1895,#1896,#1897,#1898,#1899,#1900,
    #1901,#1902,#1903,#1904,#1905,#1906,#1907,#1908,#1909,#1910,#1911,
    #1912,#1913,#1914,#1915,#1916,#1917,#1918,#1919,#1920),
  .UNSPECIFIED.,.F.,.F.,(4,1,1,1,1,1,1,1,1,1,1,1,1,1,1,1,1,1,1,1,1,1,1,1
    ,1,1,1,1,1,1,1,1,1,1,1,1,1,1,1,1,1,1,1,1,4),(3.689280396767E-02,
    3.748552568704E-02,3.80782474064E-02,3.867096912577E-02,
    3.926369084513E-02,3.98564125645E-02,4.044913428386E-02,
    4.104185600322E-02,4.163457772259E-02,4.222729944195E-02,
    4.282002116132E-02,4.341274288068E-02,4.400546460005E-02,
    4.459818631941E-02,4.519090803877E-02,4.578362975814E-02,
    4.63763514775E-02,4.696907319687E-02,4.756179491623E-02,
    4.81545166356E-02,4.874723835496E-02,4.933996007432E-02,
    4.993268179369E-02,5.052540351305E-02,5.111812523242E-02,
    5.171084695178E-02,5.230356867114E-02,5.289629039051E-02,
    5.348901210987E-02,5.408173382924E-02,5.46744555486E-02,
    5.526717726797E-02,5.585989898733E-02,5.645262070669E-02,
    5.704534242606E-02,5.763806414542E-02,5.823078586479E-02,
    5.882350758415E-02,5.941622930352E-02,6.000895102288E-02,
    6.060167274224E-02,6.119439446161E-02,6.178711618097E-02,
    6.237983790034E-02,6.29725596197E-02),.QUASI_UNIFORM_KNOTS.);
#1874 = CARTESIAN_POINT('',(0.500272953467,1.08));
#1875 = CARTESIAN_POINT('',(0.516815342244,1.081431359191));
#1876 = CARTESIAN_POINT('',(0.550248354473,1.084320934954));
#1877 = CARTESIAN_POINT('',(0.601331345817,1.088711642087));
#1878 = CARTESIAN_POINT('',(0.653233715515,1.093134470948));
#1879 = CARTESIAN_POINT('',(0.705851391604,1.097565175639));
#1880 = CARTESIAN_POINT('',(0.759091980464,1.101979599917));
#1881 = CARTESIAN_POINT('',(0.81288011998,1.106353253057));
#1882 = CARTESIAN_POINT('',(0.86715921295,1.110662981072));
#1883 = CARTESIAN_POINT('',(0.921883164747,1.11488522518));
#1884 = CARTESIAN_POINT('',(0.976999232193,1.118995681187));
#1885 = CARTESIAN_POINT('',(1.032474529346,1.12297115803));
#1886 = CARTESIAN_POINT('',(1.088215723939,1.12678475753));
#1887 = CARTESIAN_POINT('',(1.14438353069,1.130423296835));
#1888 = CARTESIAN_POINT('',(1.200234624186,1.133822438906));
#1889 = CARTESIAN_POINT('',(1.258883341898,1.137132969582));
#1890 = CARTESIAN_POINT('',(1.32050924575,1.14030924069));
#1891 = CARTESIAN_POINT('',(1.384443983195,1.143257202609));
#1892 = CARTESIAN_POINT('',(1.450304054551,1.145897621601));
#1893 = CARTESIAN_POINT('',(1.51775856622,1.148140401835));
#1894 = CARTESIAN_POINT('',(1.586417581338,1.149932217614));
#1895 = CARTESIAN_POINT('',(1.655682179154,1.151249724871));
#1896 = CARTESIAN_POINT('',(1.725084547424,1.152062907628));
#1897 = CARTESIAN_POINT('',(1.793758203393,1.152343546186));
#1898 = CARTESIAN_POINT('',(1.862431859362,1.152062907628));
#1899 = CARTESIAN_POINT('',(1.931834227633,1.151249724871));
#1900 = CARTESIAN_POINT('',(2.001098825448,1.149932217614));
#1901 = CARTESIAN_POINT('',(2.069757840566,1.148140401835));
#1902 = CARTESIAN_POINT('',(2.137212352236,1.145897621601));
#1903 = CARTESIAN_POINT('',(2.203072423591,1.143257202609));
#1904 = CARTESIAN_POINT('',(2.267007161036,1.14030924069));
#1905 = CARTESIAN_POINT('',(2.328633064888,1.137132969582));
#1906 = CARTESIAN_POINT('',(2.3872817826,1.133822438906));
#1907 = CARTESIAN_POINT('',(2.443132876097,1.130423296835));
#1908 = CARTESIAN_POINT('',(2.499300682847,1.12678475753));
#1909 = CARTESIAN_POINT('',(2.55504187744,1.12297115803));
#1910 = CARTESIAN_POINT('',(2.610517174593,1.118995681187));
#1911 = CARTESIAN_POINT('',(2.66563324204,1.11488522518));
#1912 = CARTESIAN_POINT('',(2.720357193836,1.110662981072));
#1913 = CARTESIAN_POINT('',(2.774636286807,1.106353253057));
#1914 = CARTESIAN_POINT('',(2.828424426323,1.101979599917));
#1915 = CARTESIAN_POINT('',(2.881665015182,1.097565175639));
#1916 = CARTESIAN_POINT('',(2.934282691272,1.093134470948));
#1917 = CARTESIAN_POINT('',(2.986185060969,1.088711642087));
#1918 = CARTESIAN_POINT('',(3.037268052313,1.084320934954));
#1919 = CARTESIAN_POINT('',(3.070701064542,1.081431359191));
#1920 = CARTESIAN_POINT('',(3.08724345332,1.08));
#1921 = ( GEOMETRIC_REPRESENTATION_CONTEXT(2) 
PARAMETRIC_REPRESENTATION_CONTEXT() REPRESENTATION_CONTEXT('2D SPACE',''
  ) );
#1922 = PCURVE('',#559,#1923);
#1923 = DEFINITIONAL_REPRESENTATION('',(#1924),#1972);
#1924 = B_SPLINE_CURVE_WITH_KNOTS('',3,(#1925,#1926,#1927,#1928,#1929,
    #1930,#1931,#1932,#1933,#1934,#1935,#1936,#1937,#1938,#1939,#1940,
    #1941,#1942,#1943,#1944,#1945,#1946,#1947,#1948,#1949,#1950,#1951,
    #1952,#1953,#1954,#1955,#1956,#1957,#1958,#1959,#1960,#1961,#1962,
    #1963,#1964,#1965,#1966,#1967,#1968,#1969,#1970,#1971),
  .UNSPECIFIED.,.F.,.F.,(4,1,1,1,1,1,1,1,1,1,1,1,1,1,1,1,1,1,1,1,1,1,1,1
    ,1,1,1,1,1,1,1,1,1,1,1,1,1,1,1,1,1,1,1,1,4),(3.689280396767E-02,
    3.748552568704E-02,3.80782474064E-02,3.867096912577E-02,
    3.926369084513E-02,3.98564125645E-02,4.044913428386E-02,
    4.104185600322E-02,4.163457772259E-02,4.222729944195E-02,
    4.282002116132E-02,4.341274288068E-02,4.400546460005E-02,
    4.459818631941E-02,4.519090803877E-02,4.578362975814E-02,
    4.63763514775E-02,4.696907319687E-02,4.756179491623E-02,
    4.81545166356E-02,4.874723835496E-02,4.933996007432E-02,
    4.993268179369E-02,5.052540351305E-02,5.111812523242E-02,
    5.171084695178E-02,5.230356867114E-02,5.289629039051E-02,
    5.348901210987E-02,5.408173382924E-02,5.46744555486E-02,
    5.526717726797E-02,5.585989898733E-02,5.645262070669E-02,
    5.704534242606E-02,5.763806414542E-02,5.823078586479E-02,
    5.882350758415E-02,5.941622930352E-02,6.000895102288E-02,
    6.060167274224E-02,6.119439446161E-02,6.178711618097E-02,
    6.237983790034E-02,6.29725596197E-02),.QUASI_UNIFORM_KNOTS.);
#1925 = CARTESIAN_POINT('',(3.966167284299,5.E-02));
#1926 = CARTESIAN_POINT('',(3.966375018741,4.856866202331E-02));
#1927 = CARTESIAN_POINT('',(3.966992807352,4.567937550601E-02));
#1928 = CARTESIAN_POINT('',(3.968565764937,4.128935938104E-02));
#1929 = CARTESIAN_POINT('',(3.970823556794,3.686689029655E-02));
#1930 = CARTESIAN_POINT('',(3.973807388109,3.243599347863E-02));
#1931 = CARTESIAN_POINT('',(3.977559403703,2.802092868392E-02));
#1932 = CARTESIAN_POINT('',(3.982124080526,2.364653041091E-02));
#1933 = CARTESIAN_POINT('',(3.987541641136,1.93371881917E-02));
#1934 = CARTESIAN_POINT('',(3.99382278959,1.511566181646E-02));
#1935 = CARTESIAN_POINT('',(4.000977946239,1.100567689429E-02));
#1936 = CARTESIAN_POINT('',(4.009017548996,7.030172396556E-03));
#1937 = CARTESIAN_POINT('',(4.017935087022,3.216082266519E-03));
#1938 = CARTESIAN_POINT('',(4.02776975851,-4.231432845463E-04));
#1939 = CARTESIAN_POINT('',(4.038367554569,-3.822547694592E-03));
#1940 = CARTESIAN_POINT('',(4.050354362201,-7.132583601777E-03));
#1941 = CARTESIAN_POINT('',(4.063833363672,-1.030837812497E-02));
#1942 = CARTESIAN_POINT('',(4.078704072341,-1.325618683269E-02));
#1943 = CARTESIAN_POINT('',(4.094889528857,-1.589687051975E-02));
#1944 = CARTESIAN_POINT('',(4.112290699118,-1.814153229421E-02));
#1945 = CARTESIAN_POINT('',(4.130694442825,-1.9936595448E-02));
#1946 = CARTESIAN_POINT('',(4.149790276353,-2.125441446879E-02));
#1947 = CARTESIAN_POINT('',(4.169294795731,-2.206488855732E-02));
#1948 = CARTESIAN_POINT('',(4.188790204786,-2.234255572134E-02));
#1949 = CARTESIAN_POINT('',(4.208285613842,-2.206488855732E-02));
#1950 = CARTESIAN_POINT('',(4.22779013322,-2.125441446879E-02));
#1951 = CARTESIAN_POINT('',(4.246885966748,-1.9936595448E-02));
#1952 = CARTESIAN_POINT('',(4.265289710454,-1.814153229421E-02));
#1953 = CARTESIAN_POINT('',(4.282690880716,-1.589687051975E-02));
#1954 = CARTESIAN_POINT('',(4.298876337232,-1.325618683269E-02));
#1955 = CARTESIAN_POINT('',(4.313747045901,-1.030837812497E-02));
#1956 = CARTESIAN_POINT('',(4.327226047371,-7.132583601777E-03));
#1957 = CARTESIAN_POINT('',(4.339212855004,-3.822547694592E-03));
#1958 = CARTESIAN_POINT('',(4.349810651062,-4.231432845464E-04));
#1959 = CARTESIAN_POINT('',(4.359645322551,3.216082266518E-03));
#1960 = CARTESIAN_POINT('',(4.368562860577,7.030172396556E-03));
#1961 = CARTESIAN_POINT('',(4.376602463334,1.100567689429E-02));
#1962 = CARTESIAN_POINT('',(4.383757619982,1.511566181646E-02));
#1963 = CARTESIAN_POINT('',(4.390038768436,1.93371881917E-02));
#1964 = CARTESIAN_POINT('',(4.395456329047,2.364653041091E-02));
#1965 = CARTESIAN_POINT('',(4.40002100587,2.802092868392E-02));
#1966 = CARTESIAN_POINT('',(4.403773021464,3.243599347863E-02));
#1967 = CARTESIAN_POINT('',(4.406756852779,3.686689029655E-02));
#1968 = CARTESIAN_POINT('',(4.409014644636,4.128935938105E-02));
#1969 = CARTESIAN_POINT('',(4.410587602221,4.567937550601E-02));
#1970 = CARTESIAN_POINT('',(4.411205390832,4.856866202331E-02));
#1971 = CARTESIAN_POINT('',(4.411413125273,5.E-02));
#1972 = ( GEOMETRIC_REPRESENTATION_CONTEXT(2) 
PARAMETRIC_REPRESENTATION_CONTEXT() REPRESENTATION_CONTEXT('2D SPACE',''
  ) );
#1973 = ORIENTED_EDGE('',*,*,#1974,.T.);
#1974 = EDGE_CURVE('',#1849,#1975,#1977,.T.);
#1975 = VERTEX_POINT('',#1976);
#1976 = CARTESIAN_POINT('',(0.23998194116,-0.28238830573,3.7200001));
#1977 = SURFACE_CURVE('',#1978,(#1983,#1990),.PCURVE_S1.);
#1978 = CIRCLE('',#1979,8.665846684763E-02);
#1979 = AXIS2_PLACEMENT_3D('',#1980,#1981,#1982);
#1980 = CARTESIAN_POINT('',(0.175689853746,-0.340493532451,3.7200001));
#1981 = DIRECTION('',(1.156252147954E-16,-4.514697396954E-17,-1.));
#1982 = DIRECTION('',(-0.741901971648,-0.670508362711,
    -5.551115123126E-17));
#1983 = PCURVE('',#1726,#1984);
#1984 = DEFINITIONAL_REPRESENTATION('',(#1985),#1989);
#1985 = LINE('',#1986,#1987);
#1986 = CARTESIAN_POINT('',(8.881784197001E-16,1.08));
#1987 = VECTOR('',#1988,1.);
#1988 = DIRECTION('',(1.,0.));
#1989 = ( GEOMETRIC_REPRESENTATION_CONTEXT(2) 
PARAMETRIC_REPRESENTATION_CONTEXT() REPRESENTATION_CONTEXT('2D SPACE',''
  ) );
#1990 = PCURVE('',#1099,#1991);
#1991 = DEFINITIONAL_REPRESENTATION('',(#1992),#2000);
#1992 = ( BOUNDED_CURVE() B_SPLINE_CURVE(2,(#1993,#1994,#1995,#1996,
#1997,#1998,#1999),.UNSPECIFIED.,.T.,.F.) B_SPLINE_CURVE_WITH_KNOTS((1,2
    ,2,2,2,1),(-2.094395102393,0.,2.094395102393,4.188790204786,
6.28318530718,8.377580409573),.UNSPECIFIED.) CURVE() 
GEOMETRIC_REPRESENTATION_ITEM() RATIONAL_B_SPLINE_CURVE((1.,0.5,1.,0.5,
1.,0.5,1.)) REPRESENTATION_ITEM('') );
#1993 = CARTESIAN_POINT('',(0.313740637823,-0.67622590155));
#1994 = CARTESIAN_POINT('',(0.170375903201,-0.631777926386));
#1995 = CARTESIAN_POINT('',(0.28055134615,-0.529844411779));
#1996 = CARTESIAN_POINT('',(0.3907267891,-0.427910897172));
#1997 = CARTESIAN_POINT('',(0.423916080772,-0.574292386943));
#1998 = CARTESIAN_POINT('',(0.457105372444,-0.720673876713));
#1999 = CARTESIAN_POINT('',(0.313740637823,-0.67622590155));
#2000 = ( GEOMETRIC_REPRESENTATION_CONTEXT(2) 
PARAMETRIC_REPRESENTATION_CONTEXT() REPRESENTATION_CONTEXT('2D SPACE',''
  ) );
#2001 = ORIENTED_EDGE('',*,*,#2002,.T.);
#2002 = EDGE_CURVE('',#1975,#2003,#2005,.T.);
#2003 = VERTEX_POINT('',#2004);
#2004 = CARTESIAN_POINT('',(0.23998194116,-0.28238830573,1.9100001));
#2005 = SURFACE_CURVE('',#2006,(#2010,#2017),.PCURVE_S1.);
#2006 = LINE('',#2007,#2008);
#2007 = CARTESIAN_POINT('',(0.23998194116,-0.28238830573,4.8000001));
#2008 = VECTOR('',#2009,1.);
#2009 = DIRECTION('',(2.638984874572E-49,-8.19333394335E-32,-1.));
#2010 = PCURVE('',#1726,#2011);
#2011 = DEFINITIONAL_REPRESENTATION('',(#2012),#2016);
#2012 = LINE('',#2013,#2014);
#2013 = CARTESIAN_POINT('',(3.14159265359,0.));
#2014 = VECTOR('',#2015,1.);
#2015 = DIRECTION('',(0.,1.));
#2016 = ( GEOMETRIC_REPRESENTATION_CONTEXT(2) 
PARAMETRIC_REPRESENTATION_CONTEXT() REPRESENTATION_CONTEXT('2D SPACE',''
  ) );
#2017 = PCURVE('',#2018,#2023);
#2018 = PLANE('',#2019);
#2019 = AXIS2_PLACEMENT_3D('',#2020,#2021,#2022);
#2020 = CARTESIAN_POINT('',(0.23998194116,-0.28238830573,4.8000001));
#2021 = DIRECTION('',(0.741901971648,0.670508362711,5.551115123126E-17)
  );
#2022 = DIRECTION('',(0.670508362711,-0.741901971648,1.110223024625E-16)
  );
#2023 = DEFINITIONAL_REPRESENTATION('',(#2024),#2028);
#2024 = LINE('',#2025,#2026);
#2025 = CARTESIAN_POINT('',(0.,0.));
#2026 = VECTOR('',#2027,1.);
#2027 = DIRECTION('',(-1.386364065937E-16,1.));
#2028 = ( GEOMETRIC_REPRESENTATION_CONTEXT(2) 
PARAMETRIC_REPRESENTATION_CONTEXT() REPRESENTATION_CONTEXT('2D SPACE',''
  ) );
#2029 = ORIENTED_EDGE('',*,*,#2030,.T.);
#2030 = EDGE_CURVE('',#2003,#1688,#2031,.T.);
#2031 = SURFACE_CURVE('',#2032,(#2037,#2044),.PCURVE_S1.);
#2032 = CIRCLE('',#2033,8.665846684763E-02);
#2033 = AXIS2_PLACEMENT_3D('',#2034,#2035,#2036);
#2034 = CARTESIAN_POINT('',(0.175689853746,-0.340493532451,1.9100001));
#2035 = DIRECTION('',(-1.156252147954E-16,4.514697396954E-17,1.));
#2036 = DIRECTION('',(-0.741901971648,-0.670508362711,
    -5.551115123126E-17));
#2037 = PCURVE('',#1726,#2038);
#2038 = DEFINITIONAL_REPRESENTATION('',(#2039),#2043);
#2039 = LINE('',#2040,#2041);
#2040 = CARTESIAN_POINT('',(6.28318530718,2.89));
#2041 = VECTOR('',#2042,1.);
#2042 = DIRECTION('',(-1.,0.));
#2043 = ( GEOMETRIC_REPRESENTATION_CONTEXT(2) 
PARAMETRIC_REPRESENTATION_CONTEXT() REPRESENTATION_CONTEXT('2D SPACE',''
  ) );
#2044 = PCURVE('',#225,#2045);
#2045 = DEFINITIONAL_REPRESENTATION('',(#2046),#2054);
#2046 = ( BOUNDED_CURVE() B_SPLINE_CURVE(2,(#2047,#2048,#2049,#2050,
#2051,#2052,#2053),.UNSPECIFIED.,.T.,.F.) B_SPLINE_CURVE_WITH_KNOTS((1,2
    ,2,2,2,1),(-2.094395102393,0.,2.094395102393,4.188790204786,
6.28318530718,8.377580409573),.UNSPECIFIED.) CURVE() 
GEOMETRIC_REPRESENTATION_ITEM() RATIONAL_B_SPLINE_CURVE((1.,0.5,1.,0.5,
1.,0.5,1.)) REPRESENTATION_ITEM('') );
#2047 = CARTESIAN_POINT('',(-0.313740637823,-0.55372590155));
#2048 = CARTESIAN_POINT('',(-0.457105372444,-0.598173876713));
#2049 = CARTESIAN_POINT('',(-0.423916080772,-0.451792386943));
#2050 = CARTESIAN_POINT('',(-0.3907267891,-0.305410897172));
#2051 = CARTESIAN_POINT('',(-0.28055134615,-0.407344411779));
#2052 = CARTESIAN_POINT('',(-0.170375903201,-0.509277926386));
#2053 = CARTESIAN_POINT('',(-0.313740637823,-0.55372590155));
#2054 = ( GEOMETRIC_REPRESENTATION_CONTEXT(2) 
PARAMETRIC_REPRESENTATION_CONTEXT() REPRESENTATION_CONTEXT('2D SPACE',''
  ) );
#2055 = ADVANCED_FACE('',(#2056),#1017,.T.);
#2056 = FACE_BOUND('',#2057,.T.);
#2057 = EDGE_LOOP('',(#2058,#2082,#2083,#2107));
#2058 = ORIENTED_EDGE('',*,*,#2059,.F.);
#2059 = EDGE_CURVE('',#918,#2060,#2062,.T.);
#2060 = VERTEX_POINT('',#2061);
#2061 = CARTESIAN_POINT('',(0.301823993673,-0.350815104322,1.9100001));
#2062 = SURFACE_CURVE('',#2063,(#2068,#2075),.PCURVE_S1.);
#2063 = CIRCLE('',#2064,0.1045);
#2064 = AXIS2_PLACEMENT_3D('',#2065,#2066,#2067);
#2065 = CARTESIAN_POINT('',(0.37935274971,-0.280746980419,1.9100001));
#2066 = DIRECTION('',(5.473822126269E-48,-8.628166150855E-32,-1.));
#2067 = DIRECTION('',(-0.741901971648,-0.670508362711,5.785257559007E-32
    ));
#2068 = PCURVE('',#1017,#2069);
#2069 = DEFINITIONAL_REPRESENTATION('',(#2070),#2074);
#2070 = LINE('',#2071,#2072);
#2071 = CARTESIAN_POINT('',(0.,2.89));
#2072 = VECTOR('',#2073,1.);
#2073 = DIRECTION('',(1.,0.));
#2074 = ( GEOMETRIC_REPRESENTATION_CONTEXT(2) 
PARAMETRIC_REPRESENTATION_CONTEXT() REPRESENTATION_CONTEXT('2D SPACE',''
  ) );
#2075 = PCURVE('',#225,#2076);
#2076 = DEFINITIONAL_REPRESENTATION('',(#2077),#2081);
#2077 = CIRCLE('',#2078,0.1045);
#2078 = AXIS2_PLACEMENT_2D('',#2079,#2080);
#2079 = CARTESIAN_POINT('',(-0.484105003483,-0.315682002687));
#2080 = DIRECTION('',(0.296128599537,-0.955148078853));
#2081 = ( GEOMETRIC_REPRESENTATION_CONTEXT(2) 
PARAMETRIC_REPRESENTATION_CONTEXT() REPRESENTATION_CONTEXT('2D SPACE',''
  ) );
#2082 = ORIENTED_EDGE('',*,*,#1003,.T.);
#2083 = ORIENTED_EDGE('',*,*,#2084,.F.);
#2084 = EDGE_CURVE('',#2085,#975,#2087,.T.);
#2085 = VERTEX_POINT('',#2086);
#2086 = CARTESIAN_POINT('',(0.301823993673,-0.350815104322,3.4700001));
#2087 = SURFACE_CURVE('',#2088,(#2093,#2100),.PCURVE_S1.);
#2088 = CIRCLE('',#2089,0.1045);
#2089 = AXIS2_PLACEMENT_3D('',#2090,#2091,#2092);
#2090 = CARTESIAN_POINT('',(0.37935274971,-0.280746980419,3.4700001));
#2091 = DIRECTION('',(-5.473822126269E-48,8.628166150855E-32,1.));
#2092 = DIRECTION('',(-0.741901971648,-0.670508362711,5.785257559007E-32
    ));
#2093 = PCURVE('',#1017,#2094);
#2094 = DEFINITIONAL_REPRESENTATION('',(#2095),#2099);
#2095 = LINE('',#2096,#2097);
#2096 = CARTESIAN_POINT('',(6.28318530718,1.33));
#2097 = VECTOR('',#2098,1.);
#2098 = DIRECTION('',(-1.,0.));
#2099 = ( GEOMETRIC_REPRESENTATION_CONTEXT(2) 
PARAMETRIC_REPRESENTATION_CONTEXT() REPRESENTATION_CONTEXT('2D SPACE',''
  ) );
#2100 = PCURVE('',#991,#2101);
#2101 = DEFINITIONAL_REPRESENTATION('',(#2102),#2106);
#2102 = CIRCLE('',#2103,0.1045);
#2103 = AXIS2_PLACEMENT_2D('',#2104,#2105);
#2104 = CARTESIAN_POINT('',(0.484105003483,-0.619282002687));
#2105 = DIRECTION('',(-0.296128599537,-0.955148078853));
#2106 = ( GEOMETRIC_REPRESENTATION_CONTEXT(2) 
PARAMETRIC_REPRESENTATION_CONTEXT() REPRESENTATION_CONTEXT('2D SPACE',''
  ) );
#2107 = ORIENTED_EDGE('',*,*,#2108,.T.);
#2108 = EDGE_CURVE('',#2085,#2060,#2109,.T.);
#2109 = SURFACE_CURVE('',#2110,(#2114,#2121),.PCURVE_S1.);
#2110 = LINE('',#2111,#2112);
#2111 = CARTESIAN_POINT('',(0.301823993673,-0.350815104322,4.8000001));
#2112 = VECTOR('',#2113,1.);
#2113 = DIRECTION('',(2.638984874572E-49,-8.19333394335E-32,-1.));
#2114 = PCURVE('',#1017,#2115);
#2115 = DEFINITIONAL_REPRESENTATION('',(#2116),#2120);
#2116 = LINE('',#2117,#2118);
#2117 = CARTESIAN_POINT('',(6.28318530718,0.));
#2118 = VECTOR('',#2119,1.);
#2119 = DIRECTION('',(0.,1.));
#2120 = ( GEOMETRIC_REPRESENTATION_CONTEXT(2) 
PARAMETRIC_REPRESENTATION_CONTEXT() REPRESENTATION_CONTEXT('2D SPACE',''
  ) );
#2121 = PCURVE('',#2018,#2122);
#2122 = DEFINITIONAL_REPRESENTATION('',(#2123),#2127);
#2123 = LINE('',#2124,#2125);
#2124 = CARTESIAN_POINT('',(9.223159016649E-02,-3.781697177629E-16));
#2125 = VECTOR('',#2126,1.);
#2126 = DIRECTION('',(-1.386364065937E-16,1.));
#2127 = ( GEOMETRIC_REPRESENTATION_CONTEXT(2) 
PARAMETRIC_REPRESENTATION_CONTEXT() REPRESENTATION_CONTEXT('2D SPACE',''
  ) );
#2128 = ADVANCED_FACE('',(#2129),#2018,.F.);
#2129 = FACE_BOUND('',#2130,.T.);
#2130 = EDGE_LOOP('',(#2131,#2152,#2153,#2176,#2199,#2220));
#2131 = ORIENTED_EDGE('',*,*,#2132,.F.);
#2132 = EDGE_CURVE('',#2060,#2003,#2133,.T.);
#2133 = SURFACE_CURVE('',#2134,(#2138,#2145),.PCURVE_S1.);
#2134 = LINE('',#2135,#2136);
#2135 = CARTESIAN_POINT('',(8.454373931212E-02,-0.110399535964,1.9100001
    ));
#2136 = VECTOR('',#2137,1.);
#2137 = DIRECTION('',(-0.670508362711,0.741901971648,-5.551115123126E-17
    ));
#2138 = PCURVE('',#2018,#2139);
#2139 = DEFINITIONAL_REPRESENTATION('',(#2140),#2144);
#2140 = LINE('',#2141,#2142);
#2141 = CARTESIAN_POINT('',(-0.231821421614,2.89));
#2142 = VECTOR('',#2143,1.);
#2143 = DIRECTION('',(-1.,5.551115123126E-17));
#2144 = ( GEOMETRIC_REPRESENTATION_CONTEXT(2) 
PARAMETRIC_REPRESENTATION_CONTEXT() REPRESENTATION_CONTEXT('2D SPACE',''
  ) );
#2145 = PCURVE('',#225,#2146);
#2146 = DEFINITIONAL_REPRESENTATION('',(#2147),#2151);
#2147 = LINE('',#2148,#2149);
#2148 = CARTESIAN_POINT('',(-0.143640953183,-0.319533612373));
#2149 = VECTOR('',#2150,1.);
#2150 = DIRECTION('',(0.955148078853,0.296128599537));
#2151 = ( GEOMETRIC_REPRESENTATION_CONTEXT(2) 
PARAMETRIC_REPRESENTATION_CONTEXT() REPRESENTATION_CONTEXT('2D SPACE',''
  ) );
#2152 = ORIENTED_EDGE('',*,*,#2108,.F.);
#2153 = ORIENTED_EDGE('',*,*,#2154,.F.);
#2154 = EDGE_CURVE('',#2155,#2085,#2157,.T.);
#2155 = VERTEX_POINT('',#2156);
#2156 = CARTESIAN_POINT('',(0.25023570481,-0.29373385769,3.4700001));
#2157 = SURFACE_CURVE('',#2158,(#2162,#2169),.PCURVE_S1.);
#2158 = LINE('',#2159,#2160);
#2159 = CARTESIAN_POINT('',(5.44028318836E-02,-7.704932008014E-02,
    3.4700001));
#2160 = VECTOR('',#2161,1.);
#2161 = DIRECTION('',(0.670508362711,-0.741901971648,5.551115123126E-17)
  );
#2162 = PCURVE('',#2018,#2163);
#2163 = DEFINITIONAL_REPRESENTATION('',(#2164),#2168);
#2164 = LINE('',#2165,#2166);
#2165 = CARTESIAN_POINT('',(-0.276773743024,1.33));
#2166 = VECTOR('',#2167,1.);
#2167 = DIRECTION('',(1.,-5.551115123126E-17));
#2168 = ( GEOMETRIC_REPRESENTATION_CONTEXT(2) 
PARAMETRIC_REPRESENTATION_CONTEXT() REPRESENTATION_CONTEXT('2D SPACE',''
  ) );
#2169 = PCURVE('',#991,#2170);
#2170 = DEFINITIONAL_REPRESENTATION('',(#2171),#2175);
#2171 = LINE('',#2172,#2173);
#2172 = CARTESIAN_POINT('',(0.100704829748,-0.609821944388));
#2173 = VECTOR('',#2174,1.);
#2174 = DIRECTION('',(0.955148078853,-0.296128599537));
#2175 = ( GEOMETRIC_REPRESENTATION_CONTEXT(2) 
PARAMETRIC_REPRESENTATION_CONTEXT() REPRESENTATION_CONTEXT('2D SPACE',''
  ) );
#2176 = ORIENTED_EDGE('',*,*,#2177,.F.);
#2177 = EDGE_CURVE('',#2178,#2155,#2180,.T.);
#2178 = VERTEX_POINT('',#2179);
#2179 = CARTESIAN_POINT('',(0.25023570481,-0.29373385769,3.7200001));
#2180 = SURFACE_CURVE('',#2181,(#2185,#2192),.PCURVE_S1.);
#2181 = LINE('',#2182,#2183);
#2182 = CARTESIAN_POINT('',(0.25023570481,-0.29373385769,3.5950001));
#2183 = VECTOR('',#2184,1.);
#2184 = DIRECTION('',(2.638984874572E-49,-8.19333394335E-32,-1.));
#2185 = PCURVE('',#2018,#2186);
#2186 = DEFINITIONAL_REPRESENTATION('',(#2187),#2191);
#2187 = LINE('',#2188,#2189);
#2188 = CARTESIAN_POINT('',(1.529252164501E-02,1.205));
#2189 = VECTOR('',#2190,1.);
#2190 = DIRECTION('',(-1.386364065937E-16,1.));
#2191 = ( GEOMETRIC_REPRESENTATION_CONTEXT(2) 
PARAMETRIC_REPRESENTATION_CONTEXT() REPRESENTATION_CONTEXT('2D SPACE',''
  ) );
#2192 = PCURVE('',#1127,#2193);
#2193 = DEFINITIONAL_REPRESENTATION('',(#2194),#2198);
#2194 = LINE('',#2195,#2196);
#2195 = CARTESIAN_POINT('',(1.871433225795,0.));
#2196 = VECTOR('',#2197,1.);
#2197 = DIRECTION('',(0.,1.));
#2198 = ( GEOMETRIC_REPRESENTATION_CONTEXT(2) 
PARAMETRIC_REPRESENTATION_CONTEXT() REPRESENTATION_CONTEXT('2D SPACE',''
  ) );
#2199 = ORIENTED_EDGE('',*,*,#2200,.F.);
#2200 = EDGE_CURVE('',#1975,#2178,#2201,.T.);
#2201 = SURFACE_CURVE('',#2202,(#2206,#2213),.PCURVE_S1.);
#2202 = LINE('',#2203,#2204);
#2203 = CARTESIAN_POINT('',(7.238214128843E-02,-9.694300946289E-02,
    3.7200001));
#2204 = VECTOR('',#2205,1.);
#2205 = DIRECTION('',(0.670508362711,-0.741901971648,5.551115123126E-17)
  );
#2206 = PCURVE('',#2018,#2207);
#2207 = DEFINITIONAL_REPRESENTATION('',(#2208),#2212);
#2208 = LINE('',#2209,#2210);
#2209 = CARTESIAN_POINT('',(-0.249959298336,1.08));
#2210 = VECTOR('',#2211,1.);
#2211 = DIRECTION('',(1.,-5.551115123126E-17));
#2212 = ( GEOMETRIC_REPRESENTATION_CONTEXT(2) 
PARAMETRIC_REPRESENTATION_CONTEXT() REPRESENTATION_CONTEXT('2D SPACE',''
  ) );
#2213 = PCURVE('',#1099,#2214);
#2214 = DEFINITIONAL_REPRESENTATION('',(#2215),#2219);
#2215 = LINE('',#2216,#2217);
#2216 = CARTESIAN_POINT('',(0.126316595077,-0.436662468341));
#2217 = VECTOR('',#2218,1.);
#2218 = DIRECTION('',(0.955148078853,-0.296128599537));
#2219 = ( GEOMETRIC_REPRESENTATION_CONTEXT(2) 
PARAMETRIC_REPRESENTATION_CONTEXT() REPRESENTATION_CONTEXT('2D SPACE',''
  ) );
#2220 = ORIENTED_EDGE('',*,*,#2002,.T.);
#2221 = ADVANCED_FACE('',(#2222),#2237,.T.);
#2222 = FACE_BOUND('',#2223,.T.);
#2223 = EDGE_LOOP('',(#2224,#2255,#2283,#2312));
#2224 = ORIENTED_EDGE('',*,*,#2225,.F.);
#2225 = EDGE_CURVE('',#2226,#2228,#2230,.T.);
#2226 = VERTEX_POINT('',#2227);
#2227 = CARTESIAN_POINT('',(-0.205042365774,-0.434104162732,1.9100001));
#2228 = VERTEX_POINT('',#2229);
#2229 = CARTESIAN_POINT('',(-0.311417605495,-0.496500874013,1.9100001));
#2230 = SURFACE_CURVE('',#2231,(#2236,#2248),.PCURVE_S1.);
#2231 = CIRCLE('',#2232,0.1045);
#2232 = AXIS2_PLACEMENT_3D('',#2233,#2234,#2235);
#2233 = CARTESIAN_POINT('',(-0.300916378729,-0.392529848067,1.9100001));
#2234 = DIRECTION('',(1.062765674608E-16,-5.257927160745E-17,-1.));
#2235 = DIRECTION('',(-0.100490208286,-0.994938047337,4.163336342344E-17
    ));
#2236 = PCURVE('',#2237,#2242);
#2237 = CYLINDRICAL_SURFACE('',#2238,0.1045);
#2238 = AXIS2_PLACEMENT_3D('',#2239,#2240,#2241);
#2239 = CARTESIAN_POINT('',(-0.300916378729,-0.392529848067,4.8000001));
#2240 = DIRECTION('',(2.638984874572E-49,-8.19333394335E-32,-1.));
#2241 = DIRECTION('',(-0.100490208286,-0.994938047337,4.163336342344E-17
    ));
#2242 = DEFINITIONAL_REPRESENTATION('',(#2243),#2247);
#2243 = LINE('',#2244,#2245);
#2244 = CARTESIAN_POINT('',(0.,2.89));
#2245 = VECTOR('',#2246,1.);
#2246 = DIRECTION('',(1.,0.));
#2247 = ( GEOMETRIC_REPRESENTATION_CONTEXT(2) 
PARAMETRIC_REPRESENTATION_CONTEXT() REPRESENTATION_CONTEXT('2D SPACE',''
  ) );
#2248 = PCURVE('',#225,#2249);
#2249 = DEFINITIONAL_REPRESENTATION('',(#2250),#2254);
#2250 = CIRCLE('',#2251,0.1045);
#2251 = AXIS2_PLACEMENT_2D('',#2252,#2253);
#2252 = CARTESIAN_POINT('',(4.4E-02,-0.758814716332));
#2253 = DIRECTION('',(-0.421052631579,-0.907036207348));
#2254 = ( GEOMETRIC_REPRESENTATION_CONTEXT(2) 
PARAMETRIC_REPRESENTATION_CONTEXT() REPRESENTATION_CONTEXT('2D SPACE',''
  ) );
#2255 = ORIENTED_EDGE('',*,*,#2256,.F.);
#2256 = EDGE_CURVE('',#2257,#2226,#2259,.T.);
#2257 = VERTEX_POINT('',#2258);
#2258 = CARTESIAN_POINT('',(-0.205042365774,-0.434104162732,3.4700001));
#2259 = SURFACE_CURVE('',#2260,(#2264,#2271),.PCURVE_S1.);
#2260 = LINE('',#2261,#2262);
#2261 = CARTESIAN_POINT('',(-0.205042365774,-0.434104162732,4.8000001));
#2262 = VECTOR('',#2263,1.);
#2263 = DIRECTION('',(2.638984874572E-49,-8.19333394335E-32,-1.));
#2264 = PCURVE('',#2237,#2265);
#2265 = DEFINITIONAL_REPRESENTATION('',(#2266),#2270);
#2266 = LINE('',#2267,#2268);
#2267 = CARTESIAN_POINT('',(5.020890532191,0.));
#2268 = VECTOR('',#2269,1.);
#2269 = DIRECTION('',(0.,1.));
#2270 = ( GEOMETRIC_REPRESENTATION_CONTEXT(2) 
PARAMETRIC_REPRESENTATION_CONTEXT() REPRESENTATION_CONTEXT('2D SPACE',''
  ) );
#2271 = PCURVE('',#2272,#2277);
#2272 = PLANE('',#2273);
#2273 = AXIS2_PLACEMENT_3D('',#2274,#2275,#2276);
#2274 = CARTESIAN_POINT('',(-0.205042365774,-0.434104162732,4.8000001));
#2275 = DIRECTION('',(-0.917454669425,0.397840331729,-5.551115123126E-17
    ));
#2276 = DIRECTION('',(0.397840331729,0.917454669425,-2.775557561563E-17)
  );
#2277 = DEFINITIONAL_REPRESENTATION('',(#2278),#2282);
#2278 = LINE('',#2279,#2280);
#2279 = CARTESIAN_POINT('',(0.,0.));
#2280 = VECTOR('',#2281,1.);
#2281 = DIRECTION('',(7.49397932428E-18,1.));
#2282 = ( GEOMETRIC_REPRESENTATION_CONTEXT(2) 
PARAMETRIC_REPRESENTATION_CONTEXT() REPRESENTATION_CONTEXT('2D SPACE',''
  ) );
#2283 = ORIENTED_EDGE('',*,*,#2284,.F.);
#2284 = EDGE_CURVE('',#2285,#2257,#2287,.T.);
#2285 = VERTEX_POINT('',#2286);
#2286 = CARTESIAN_POINT('',(-0.311417605495,-0.496500874013,3.4700001));
#2287 = SURFACE_CURVE('',#2288,(#2293,#2300),.PCURVE_S1.);
#2288 = CIRCLE('',#2289,0.1045);
#2289 = AXIS2_PLACEMENT_3D('',#2290,#2291,#2292);
#2290 = CARTESIAN_POINT('',(-0.300916378729,-0.392529848067,3.4700001));
#2291 = DIRECTION('',(-1.062765674608E-16,5.257927160745E-17,1.));
#2292 = DIRECTION('',(-0.100490208286,-0.994938047337,4.163336342344E-17
    ));
#2293 = PCURVE('',#2237,#2294);
#2294 = DEFINITIONAL_REPRESENTATION('',(#2295),#2299);
#2295 = LINE('',#2296,#2297);
#2296 = CARTESIAN_POINT('',(6.28318530718,1.33));
#2297 = VECTOR('',#2298,1.);
#2298 = DIRECTION('',(-1.,0.));
#2299 = ( GEOMETRIC_REPRESENTATION_CONTEXT(2) 
PARAMETRIC_REPRESENTATION_CONTEXT() REPRESENTATION_CONTEXT('2D SPACE',''
  ) );
#2300 = PCURVE('',#2301,#2306);
#2301 = PLANE('',#2302);
#2302 = AXIS2_PLACEMENT_3D('',#2303,#2304,#2305);
#2303 = CARTESIAN_POINT('',(0.278834866759,0.498845226094,3.4700001));
#2304 = DIRECTION('',(-2.638984874572E-49,8.19333394335E-32,1.));
#2305 = DIRECTION('',(0.860133166356,-0.510069540489,1.110223024625E-16)
  );
#2306 = DEFINITIONAL_REPRESENTATION('',(#2307),#2311);
#2307 = CIRCLE('',#2308,0.1045);
#2308 = AXIS2_PLACEMENT_2D('',#2309,#2310);
#2309 = CARTESIAN_POINT('',(-4.4E-02,-1.062414716332));
#2310 = DIRECTION('',(0.421052631579,-0.907036207348));
#2311 = ( GEOMETRIC_REPRESENTATION_CONTEXT(2) 
PARAMETRIC_REPRESENTATION_CONTEXT() REPRESENTATION_CONTEXT('2D SPACE',''
  ) );
#2312 = ORIENTED_EDGE('',*,*,#2313,.F.);
#2313 = EDGE_CURVE('',#2228,#2285,#2314,.T.);
#2314 = SURFACE_CURVE('',#2315,(#2319,#2326),.PCURVE_S1.);
#2315 = LINE('',#2316,#2317);
#2316 = CARTESIAN_POINT('',(-0.311417605495,-0.496500874013,4.8000001));
#2317 = VECTOR('',#2318,1.);
#2318 = DIRECTION('',(-2.638984874572E-49,8.19333394335E-32,1.));
#2319 = PCURVE('',#2237,#2320);
#2320 = DEFINITIONAL_REPRESENTATION('',(#2321),#2325);
#2321 = LINE('',#2322,#2323);
#2322 = CARTESIAN_POINT('',(6.28318530718,0.));
#2323 = VECTOR('',#2324,1.);
#2324 = DIRECTION('',(0.,-1.));
#2325 = ( GEOMETRIC_REPRESENTATION_CONTEXT(2) 
PARAMETRIC_REPRESENTATION_CONTEXT() REPRESENTATION_CONTEXT('2D SPACE',''
  ) );
#2326 = PCURVE('',#2327,#2332);
#2327 = CYLINDRICAL_SURFACE('',#2328,0.1045);
#2328 = AXIS2_PLACEMENT_3D('',#2329,#2330,#2331);
#2329 = CARTESIAN_POINT('',(-0.225224660089,-0.43741596763,4.8000001));
#2330 = DIRECTION('',(2.638984874572E-49,-8.19333394335E-32,-1.));
#2331 = DIRECTION('',(-0.789151759441,0.614198258359,-1.665334536938E-16
    ));
#2332 = DEFINITIONAL_REPRESENTATION('',(#2333),#2337);
#2333 = LINE('',#2334,#2335);
#2334 = CARTESIAN_POINT('',(5.020890532191,0.));
#2335 = VECTOR('',#2336,1.);
#2336 = DIRECTION('',(0.,-1.));
#2337 = ( GEOMETRIC_REPRESENTATION_CONTEXT(2) 
PARAMETRIC_REPRESENTATION_CONTEXT() REPRESENTATION_CONTEXT('2D SPACE',''
  ) );
#2338 = ADVANCED_FACE('',(#2339),#2272,.F.);
#2339 = FACE_BOUND('',#2340,.T.);
#2340 = EDGE_LOOP('',(#2341,#2364,#2392,#2420,#2448,#2469));
#2341 = ORIENTED_EDGE('',*,*,#2342,.F.);
#2342 = EDGE_CURVE('',#2343,#2226,#2345,.T.);
#2343 = VERTEX_POINT('',#2344);
#2344 = CARTESIAN_POINT('',(-0.168348919346,-0.349485859666,1.9100001));
#2345 = SURFACE_CURVE('',#2346,(#2350,#2357),.PCURVE_S1.);
#2346 = LINE('',#2347,#2348);
#2347 = CARTESIAN_POINT('',(-5.639819559486E-02,-9.131767997245E-02,
    1.9100001));
#2348 = VECTOR('',#2349,1.);
#2349 = DIRECTION('',(-0.397840331729,-0.917454669425,2.775557561563E-17
    ));
#2350 = PCURVE('',#2272,#2351);
#2351 = DEFINITIONAL_REPRESENTATION('',(#2352),#2356);
#2352 = LINE('',#2353,#2354);
#2353 = CARTESIAN_POINT('',(0.373627705197,2.89));
#2354 = VECTOR('',#2355,1.);
#2355 = DIRECTION('',(-1.,-2.775557561563E-17));
#2356 = ( GEOMETRIC_REPRESENTATION_CONTEXT(2) 
PARAMETRIC_REPRESENTATION_CONTEXT() REPRESENTATION_CONTEXT('2D SPACE',''
  ) );
#2357 = PCURVE('',#225,#2358);
#2358 = DEFINITIONAL_REPRESENTATION('',(#2359),#2363);
#2359 = LINE('',#2360,#2361);
#2360 = CARTESIAN_POINT('',(-1.267904692123E-02,-0.375010863132));
#2361 = VECTOR('',#2362,1.);
#2362 = DIRECTION('',(-0.125770017418,-0.992059424994));
#2363 = ( GEOMETRIC_REPRESENTATION_CONTEXT(2) 
PARAMETRIC_REPRESENTATION_CONTEXT() REPRESENTATION_CONTEXT('2D SPACE',''
  ) );
#2364 = ORIENTED_EDGE('',*,*,#2365,.F.);
#2365 = EDGE_CURVE('',#2366,#2343,#2368,.T.);
#2366 = VERTEX_POINT('',#2367);
#2367 = CARTESIAN_POINT('',(-0.168348919346,-0.349485859666,3.7200001));
#2368 = SURFACE_CURVE('',#2369,(#2373,#2380),.PCURVE_S1.);
#2369 = LINE('',#2370,#2371);
#2370 = CARTESIAN_POINT('',(-0.168348919346,-0.349485859666,4.8000001));
#2371 = VECTOR('',#2372,1.);
#2372 = DIRECTION('',(2.638984874572E-49,-8.19333394335E-32,-1.));
#2373 = PCURVE('',#2272,#2374);
#2374 = DEFINITIONAL_REPRESENTATION('',(#2375),#2379);
#2375 = LINE('',#2376,#2377);
#2376 = CARTESIAN_POINT('',(9.223159016649E-02,4.857225732735E-16));
#2377 = VECTOR('',#2378,1.);
#2378 = DIRECTION('',(7.49397932428E-18,1.));
#2379 = ( GEOMETRIC_REPRESENTATION_CONTEXT(2) 
PARAMETRIC_REPRESENTATION_CONTEXT() REPRESENTATION_CONTEXT('2D SPACE',''
  ) );
#2380 = PCURVE('',#2381,#2386);
#2381 = CYLINDRICAL_SURFACE('',#2382,8.665846684763E-02);
#2382 = AXIS2_PLACEMENT_3D('',#2383,#2384,#2385);
#2383 = CARTESIAN_POINT('',(-8.884370429152E-02,-0.383962092863,
    4.8000001));
#2384 = DIRECTION('',(2.638984874572E-49,-8.19333394335E-32,-1.));
#2385 = DIRECTION('',(-0.999324350462,-3.675381034235E-02,
    -1.665334536938E-16));
#2386 = DEFINITIONAL_REPRESENTATION('',(#2387),#2391);
#2387 = LINE('',#2388,#2389);
#2388 = CARTESIAN_POINT('',(0.445923753196,0.));
#2389 = VECTOR('',#2390,1.);
#2390 = DIRECTION('',(0.,1.));
#2391 = ( GEOMETRIC_REPRESENTATION_CONTEXT(2) 
PARAMETRIC_REPRESENTATION_CONTEXT() REPRESENTATION_CONTEXT('2D SPACE',''
  ) );
#2392 = ORIENTED_EDGE('',*,*,#2393,.F.);
#2393 = EDGE_CURVE('',#2394,#2366,#2396,.T.);
#2394 = VERTEX_POINT('',#2395);
#2395 = CARTESIAN_POINT('',(-0.17443290123,-0.363516055056,3.7200001));
#2396 = SURFACE_CURVE('',#2397,(#2401,#2408),.PCURVE_S1.);
#2397 = LINE('',#2398,#2399);
#2398 = CARTESIAN_POINT('',(-3.222396898736E-02,-3.556979492425E-02,
    3.7200001));
#2399 = VECTOR('',#2400,1.);
#2400 = DIRECTION('',(0.397840331729,0.917454669425,-2.775557561563E-17)
  );
#2401 = PCURVE('',#2272,#2402);
#2402 = DEFINITIONAL_REPRESENTATION('',(#2403),#2407);
#2403 = LINE('',#2404,#2405);
#2404 = CARTESIAN_POINT('',(0.434391344978,1.08));
#2405 = VECTOR('',#2406,1.);
#2406 = DIRECTION('',(1.,2.775557561563E-17));
#2407 = ( GEOMETRIC_REPRESENTATION_CONTEXT(2) 
PARAMETRIC_REPRESENTATION_CONTEXT() REPRESENTATION_CONTEXT('2D SPACE',''
  ) );
#2408 = PCURVE('',#2409,#2414);
#2409 = PLANE('',#2410);
#2410 = AXIS2_PLACEMENT_3D('',#2411,#2412,#2413);
#2411 = CARTESIAN_POINT('',(0.186461272976,0.343075109667,3.7200001));
#2412 = DIRECTION('',(-2.638984874572E-49,8.19333394335E-32,1.));
#2413 = DIRECTION('',(0.860133166356,-0.510069540489,1.110223024625E-16)
  );
#2414 = DEFINITIONAL_REPRESENTATION('',(#2415),#2419);
#2415 = LINE('',#2416,#2417);
#2416 = CARTESIAN_POINT('',(5.036802887596E-03,-0.437229721591));
#2417 = VECTOR('',#2418,1.);
#2418 = DIRECTION('',(-0.125770017418,0.992059424994));
#2419 = ( GEOMETRIC_REPRESENTATION_CONTEXT(2) 
PARAMETRIC_REPRESENTATION_CONTEXT() REPRESENTATION_CONTEXT('2D SPACE',''
  ) );
#2420 = ORIENTED_EDGE('',*,*,#2421,.F.);
#2421 = EDGE_CURVE('',#2422,#2394,#2424,.T.);
#2422 = VERTEX_POINT('',#2423);
#2423 = CARTESIAN_POINT('',(-0.17443290123,-0.363516055056,3.4700001));
#2424 = SURFACE_CURVE('',#2425,(#2429,#2436),.PCURVE_S1.);
#2425 = LINE('',#2426,#2427);
#2426 = CARTESIAN_POINT('',(-0.17443290123,-0.363516055056,3.5950001));
#2427 = VECTOR('',#2428,1.);
#2428 = DIRECTION('',(-2.638984874572E-49,8.19333394335E-32,1.));
#2429 = PCURVE('',#2272,#2430);
#2430 = DEFINITIONAL_REPRESENTATION('',(#2431),#2435);
#2431 = LINE('',#2432,#2433);
#2432 = CARTESIAN_POINT('',(7.693906852148E-02,1.205));
#2433 = VECTOR('',#2434,1.);
#2434 = DIRECTION('',(-7.49397932428E-18,-1.));
#2435 = ( GEOMETRIC_REPRESENTATION_CONTEXT(2) 
PARAMETRIC_REPRESENTATION_CONTEXT() REPRESENTATION_CONTEXT('2D SPACE',''
  ) );
#2436 = PCURVE('',#2437,#2442);
#2437 = CYLINDRICAL_SURFACE('',#2438,0.3975);
#2438 = AXIS2_PLACEMENT_3D('',#2439,#2440,#2441);
#2439 = CARTESIAN_POINT('',(-1.62913693679E-02,1.172176040352E-03,
    3.5950001));
#2440 = DIRECTION('',(2.638984874572E-49,-8.19333394335E-32,-1.));
#2441 = DIRECTION('',(-0.510069540489,-0.860133166356,7.421371871181E-32
    ));
#2442 = DEFINITIONAL_REPRESENTATION('',(#2443),#2447);
#2443 = LINE('',#2444,#2445);
#2444 = CARTESIAN_POINT('',(6.157081333379,0.));
#2445 = VECTOR('',#2446,1.);
#2446 = DIRECTION('',(0.,-1.));
#2447 = ( GEOMETRIC_REPRESENTATION_CONTEXT(2) 
PARAMETRIC_REPRESENTATION_CONTEXT() REPRESENTATION_CONTEXT('2D SPACE',''
  ) );
#2448 = ORIENTED_EDGE('',*,*,#2449,.F.);
#2449 = EDGE_CURVE('',#2257,#2422,#2450,.T.);
#2450 = SURFACE_CURVE('',#2451,(#2455,#2462),.PCURVE_S1.);
#2451 = LINE('',#2452,#2453);
#2452 = CARTESIAN_POINT('',(3.514418266663E-03,4.68460579919E-02,
    3.4700001));
#2453 = VECTOR('',#2454,1.);
#2454 = DIRECTION('',(0.397840331729,0.917454669425,-2.775557561563E-17)
  );
#2455 = PCURVE('',#2272,#2456);
#2456 = DEFINITIONAL_REPRESENTATION('',(#2457),#2461);
#2457 = LINE('',#2458,#2459);
#2458 = CARTESIAN_POINT('',(0.524222325911,1.33));
#2459 = VECTOR('',#2460,1.);
#2460 = DIRECTION('',(1.,2.775557561563E-17));
#2461 = ( GEOMETRIC_REPRESENTATION_CONTEXT(2) 
PARAMETRIC_REPRESENTATION_CONTEXT() REPRESENTATION_CONTEXT('2D SPACE',''
  ) );
#2462 = PCURVE('',#2301,#2463);
#2463 = DEFINITIONAL_REPRESENTATION('',(#2464),#2468);
#2464 = LINE('',#2465,#2466);
#2465 = CARTESIAN_POINT('',(-6.261241149064E-03,-0.529212050299));
#2466 = VECTOR('',#2467,1.);
#2467 = DIRECTION('',(-0.125770017418,0.992059424994));
#2468 = ( GEOMETRIC_REPRESENTATION_CONTEXT(2) 
PARAMETRIC_REPRESENTATION_CONTEXT() REPRESENTATION_CONTEXT('2D SPACE',''
  ) );
#2469 = ORIENTED_EDGE('',*,*,#2256,.T.);
#2470 = ADVANCED_FACE('',(#2471),#2381,.F.);
#2471 = FACE_BOUND('',#2472,.F.);
#2472 = EDGE_LOOP('',(#2473,#2474,#2502,#2628,#2656,#2684));
#2473 = ORIENTED_EDGE('',*,*,#2365,.F.);
#2474 = ORIENTED_EDGE('',*,*,#2475,.T.);
#2475 = EDGE_CURVE('',#2366,#2476,#2478,.T.);
#2476 = VERTEX_POINT('',#2477);
#2477 = CARTESIAN_POINT('',(-0.166358692203,-0.345217847801,3.7200001));
#2478 = SURFACE_CURVE('',#2479,(#2484,#2491),.PCURVE_S1.);
#2479 = CIRCLE('',#2480,8.665846684763E-02);
#2480 = AXIS2_PLACEMENT_3D('',#2481,#2482,#2483);
#2481 = CARTESIAN_POINT('',(-8.884370429152E-02,-0.383962092863,
    3.7200001));
#2482 = DIRECTION('',(1.67568574E-16,-2.508318642278E-17,-1.));
#2483 = DIRECTION('',(-0.999324350462,-3.675381034235E-02,
    -1.665334536938E-16));
#2484 = PCURVE('',#2381,#2485);
#2485 = DEFINITIONAL_REPRESENTATION('',(#2486),#2490);
#2486 = LINE('',#2487,#2488);
#2487 = CARTESIAN_POINT('',(0.,1.08));
#2488 = VECTOR('',#2489,1.);
#2489 = DIRECTION('',(1.,0.));
#2490 = ( GEOMETRIC_REPRESENTATION_CONTEXT(2) 
PARAMETRIC_REPRESENTATION_CONTEXT() REPRESENTATION_CONTEXT('2D SPACE',''
  ) );
#2491 = PCURVE('',#2409,#2492);
#2492 = DEFINITIONAL_REPRESENTATION('',(#2493),#2501);
#2493 = ( BOUNDED_CURVE() B_SPLINE_CURVE(2,(#2494,#2495,#2496,#2497,
#2498,#2499,#2500),.UNSPECIFIED.,.T.,.F.) B_SPLINE_CURVE_WITH_KNOTS((1,2
    ,2,2,2,1),(-2.094395102393,0.,2.094395102393,4.188790204786,
6.28318530718,8.377580409573),.UNSPECIFIED.) CURVE() 
GEOMETRIC_REPRESENTATION_ITEM() RATIONAL_B_SPLINE_CURVE((1.,0.5,1.,0.5,
1.,0.5,1.)) REPRESENTATION_ITEM('') );
#2494 = CARTESIAN_POINT('',(6.117771616979E-02,-0.812685022683));
#2495 = CARTESIAN_POINT('',(-2.007543441517E-02,-0.68648282322));
#2496 = CARTESIAN_POINT('',(0.129845451625,-0.679216630408));
#2497 = CARTESIAN_POINT('',(0.279766337666,-0.671950437595));
#2498 = CARTESIAN_POINT('',(0.21109860221,-0.80541882987));
#2499 = CARTESIAN_POINT('',(0.142430866755,-0.938887222145));
#2500 = CARTESIAN_POINT('',(6.117771616979E-02,-0.812685022683));
#2501 = ( GEOMETRIC_REPRESENTATION_CONTEXT(2) 
PARAMETRIC_REPRESENTATION_CONTEXT() REPRESENTATION_CONTEXT('2D SPACE',''
  ) );
#2502 = ORIENTED_EDGE('',*,*,#2503,.T.);
#2503 = EDGE_CURVE('',#2476,#2504,#2506,.T.);
#2504 = VERTEX_POINT('',#2505);
#2505 = CARTESIAN_POINT('',(-2.544676236859E-03,-0.376077447456,
    3.7200001));
#2506 = SURFACE_CURVE('',#2507,(#2526,#2577),.PCURVE_S1.);
#2507 = B_SPLINE_CURVE_WITH_KNOTS('',3,(#2508,#2509,#2510,#2511,#2512,
    #2513,#2514,#2515,#2516,#2517,#2518,#2519,#2520,#2521,#2522,#2523,
    #2524,#2525),.UNSPECIFIED.,.F.,.F.,(4,2,2,2,2,2,2,2,4),(
    3.689280396767E-02,4.035428098012E-02,4.447304968898E-02,
    4.720286574133E-02,4.993268179369E-02,5.266249784604E-02,
    5.53923138984E-02,5.951108260725E-02,6.29725596197E-02),
  .UNSPECIFIED.);
#2508 = CARTESIAN_POINT('',(-0.166358692203,-0.345217847801,3.7200001));
#2509 = CARTESIAN_POINT('',(-0.162615818183,-0.337729539951,
    3.711641005381));
#2510 = CARTESIAN_POINT('',(-0.157524000755,-0.33033774648,
    3.702823925186));
#2511 = CARTESIAN_POINT('',(-0.143683474911,-0.315994779995,
    3.684273741552));
#2512 = CARTESIAN_POINT('',(-0.134424616164,-0.309395976895,
    3.674675449391));
#2513 = CARTESIAN_POINT('',(-0.117236156986,-0.301744086157,
    3.661746754879));
#2514 = CARTESIAN_POINT('',(-0.108999434947,-0.29919736092,
    3.656739018543));
#2515 = CARTESIAN_POINT('',(-9.125528133551E-02,-0.296885308439,
    3.649734174959));
#2516 = CARTESIAN_POINT('',(-8.174309624769E-02,-0.297117000413,
    3.6477501));
#2517 = CARTESIAN_POINT('',(-6.385889115898E-02,-0.300486061393,
    3.6477501));
#2518 = CARTESIAN_POINT('',(-5.491439885708E-02,-0.303731273833,
    3.649734174959));
#2519 = CARTESIAN_POINT('',(-3.922772777571E-02,-0.312341089421,
    3.656739018543));
#2520 = CARTESIAN_POINT('',(-3.248220586426E-02,-0.317710198613,
    3.661746754879));
#2521 = CARTESIAN_POINT('',(-1.92560487857E-02,-0.331091653306,
    3.674675449391));
#2522 = CARTESIAN_POINT('',(-1.303280546088E-02,-0.340607004596,
    3.684273741552));
#2523 = CARTESIAN_POINT('',(-5.359662576671E-03,-0.359002757408,
    3.702823925186));
#2524 = CARTESIAN_POINT('',(-3.306369603396E-03,-0.367740560531,
    3.711641005381));
#2525 = CARTESIAN_POINT('',(-2.544676236859E-03,-0.376077447456,
    3.7200001));
#2526 = PCURVE('',#2381,#2527);
#2527 = DEFINITIONAL_REPRESENTATION('',(#2528),#2576);
#2528 = B_SPLINE_CURVE_WITH_KNOTS('',3,(#2529,#2530,#2531,#2532,#2533,
    #2534,#2535,#2536,#2537,#2538,#2539,#2540,#2541,#2542,#2543,#2544,
    #2545,#2546,#2547,#2548,#2549,#2550,#2551,#2552,#2553,#2554,#2555,
    #2556,#2557,#2558,#2559,#2560,#2561,#2562,#2563,#2564,#2565,#2566,
    #2567,#2568,#2569,#2570,#2571,#2572,#2573,#2574,#2575),
  .UNSPECIFIED.,.F.,.F.,(4,1,1,1,1,1,1,1,1,1,1,1,1,1,1,1,1,1,1,1,1,1,1,1
    ,1,1,1,1,1,1,1,1,1,1,1,1,1,1,1,1,1,1,1,1,4),(3.689280396767E-02,
    3.748552568704E-02,3.80782474064E-02,3.867096912577E-02,
    3.926369084513E-02,3.98564125645E-02,4.044913428386E-02,
    4.104185600322E-02,4.163457772259E-02,4.222729944195E-02,
    4.282002116132E-02,4.341274288068E-02,4.400546460005E-02,
    4.459818631941E-02,4.519090803877E-02,4.578362975814E-02,
    4.63763514775E-02,4.696907319687E-02,4.756179491623E-02,
    4.81545166356E-02,4.874723835496E-02,4.933996007432E-02,
    4.993268179369E-02,5.052540351305E-02,5.111812523242E-02,
    5.171084695178E-02,5.230356867114E-02,5.289629039051E-02,
    5.348901210987E-02,5.408173382924E-02,5.46744555486E-02,
    5.526717726797E-02,5.585989898733E-02,5.645262070669E-02,
    5.704534242606E-02,5.763806414542E-02,5.823078586479E-02,
    5.882350758415E-02,5.941622930352E-02,6.000895102288E-02,
    6.060167274224E-02,6.119439446161E-02,6.178711618097E-02,
    6.237983790034E-02,6.29725596197E-02),.QUASI_UNIFORM_KNOTS.);
#2529 = CARTESIAN_POINT('',(0.500272953466,1.08));
#2530 = CARTESIAN_POINT('',(0.516815342244,1.081431359191));
#2531 = CARTESIAN_POINT('',(0.550248354473,1.084320934954));
#2532 = CARTESIAN_POINT('',(0.601331345817,1.088711642087));
#2533 = CARTESIAN_POINT('',(0.653233715515,1.093134470948));
#2534 = CARTESIAN_POINT('',(0.705851391604,1.097565175639));
#2535 = CARTESIAN_POINT('',(0.759091980464,1.101979599917));
#2536 = CARTESIAN_POINT('',(0.81288011998,1.106353253057));
#2537 = CARTESIAN_POINT('',(0.86715921295,1.110662981072));
#2538 = CARTESIAN_POINT('',(0.921883164747,1.11488522518));
#2539 = CARTESIAN_POINT('',(0.976999232193,1.118995681187));
#2540 = CARTESIAN_POINT('',(1.032474529346,1.12297115803));
#2541 = CARTESIAN_POINT('',(1.088215723939,1.12678475753));
#2542 = CARTESIAN_POINT('',(1.14438353069,1.130423296835));
#2543 = CARTESIAN_POINT('',(1.200234624186,1.133822438906));
#2544 = CARTESIAN_POINT('',(1.258883341898,1.137132969582));
#2545 = CARTESIAN_POINT('',(1.32050924575,1.14030924069));
#2546 = CARTESIAN_POINT('',(1.384443983195,1.143257202609));
#2547 = CARTESIAN_POINT('',(1.450304054551,1.145897621601));
#2548 = CARTESIAN_POINT('',(1.51775856622,1.148140401835));
#2549 = CARTESIAN_POINT('',(1.586417581338,1.149932217614));
#2550 = CARTESIAN_POINT('',(1.655682179154,1.151249724871));
#2551 = CARTESIAN_POINT('',(1.725084547424,1.152062907628));
#2552 = CARTESIAN_POINT('',(1.793758203393,1.152343546186));
#2553 = CARTESIAN_POINT('',(1.862431859362,1.152062907628));
#2554 = CARTESIAN_POINT('',(1.931834227633,1.151249724871));
#2555 = CARTESIAN_POINT('',(2.001098825448,1.149932217614));
#2556 = CARTESIAN_POINT('',(2.069757840566,1.148140401835));
#2557 = CARTESIAN_POINT('',(2.137212352236,1.145897621601));
#2558 = CARTESIAN_POINT('',(2.203072423591,1.143257202609));
#2559 = CARTESIAN_POINT('',(2.267007161036,1.14030924069));
#2560 = CARTESIAN_POINT('',(2.328633064888,1.137132969582));
#2561 = CARTESIAN_POINT('',(2.3872817826,1.133822438906));
#2562 = CARTESIAN_POINT('',(2.443132876097,1.130423296835));
#2563 = CARTESIAN_POINT('',(2.499300682847,1.12678475753));
#2564 = CARTESIAN_POINT('',(2.55504187744,1.12297115803));
#2565 = CARTESIAN_POINT('',(2.610517174593,1.118995681187));
#2566 = CARTESIAN_POINT('',(2.66563324204,1.11488522518));
#2567 = CARTESIAN_POINT('',(2.720357193836,1.110662981072));
#2568 = CARTESIAN_POINT('',(2.774636286807,1.106353253057));
#2569 = CARTESIAN_POINT('',(2.828424426323,1.101979599917));
#2570 = CARTESIAN_POINT('',(2.881665015182,1.097565175639));
#2571 = CARTESIAN_POINT('',(2.934282691272,1.093134470948));
#2572 = CARTESIAN_POINT('',(2.986185060969,1.088711642087));
#2573 = CARTESIAN_POINT('',(3.037268052313,1.084320934954));
#2574 = CARTESIAN_POINT('',(3.070701064542,1.081431359191));
#2575 = CARTESIAN_POINT('',(3.08724345332,1.08));
#2576 = ( GEOMETRIC_REPRESENTATION_CONTEXT(2) 
PARAMETRIC_REPRESENTATION_CONTEXT() REPRESENTATION_CONTEXT('2D SPACE',''
  ) );
#2577 = PCURVE('',#559,#2578);
#2578 = DEFINITIONAL_REPRESENTATION('',(#2579),#2627);
#2579 = B_SPLINE_CURVE_WITH_KNOTS('',3,(#2580,#2581,#2582,#2583,#2584,
    #2585,#2586,#2587,#2588,#2589,#2590,#2591,#2592,#2593,#2594,#2595,
    #2596,#2597,#2598,#2599,#2600,#2601,#2602,#2603,#2604,#2605,#2606,
    #2607,#2608,#2609,#2610,#2611,#2612,#2613,#2614,#2615,#2616,#2617,
    #2618,#2619,#2620,#2621,#2622,#2623,#2624,#2625,#2626),
  .UNSPECIFIED.,.F.,.F.,(4,1,1,1,1,1,1,1,1,1,1,1,1,1,1,1,1,1,1,1,1,1,1,1
    ,1,1,1,1,1,1,1,1,1,1,1,1,1,1,1,1,1,1,1,1,4),(3.689280396767E-02,
    3.748552568704E-02,3.80782474064E-02,3.867096912577E-02,
    3.926369084513E-02,3.98564125645E-02,4.044913428386E-02,
    4.104185600322E-02,4.163457772259E-02,4.222729944195E-02,
    4.282002116132E-02,4.341274288068E-02,4.400546460005E-02,
    4.459818631941E-02,4.519090803877E-02,4.578362975814E-02,
    4.63763514775E-02,4.696907319687E-02,4.756179491623E-02,
    4.81545166356E-02,4.874723835496E-02,4.933996007432E-02,
    4.993268179369E-02,5.052540351305E-02,5.111812523242E-02,
    5.171084695178E-02,5.230356867114E-02,5.289629039051E-02,
    5.348901210987E-02,5.408173382924E-02,5.46744555486E-02,
    5.526717726797E-02,5.585989898733E-02,5.645262070669E-02,
    5.704534242606E-02,5.763806414542E-02,5.823078586479E-02,
    5.882350758415E-02,5.941622930352E-02,6.000895102288E-02,
    6.060167274224E-02,6.119439446161E-02,6.178711618097E-02,
    6.237983790034E-02,6.29725596197E-02),.QUASI_UNIFORM_KNOTS.);
#2580 = CARTESIAN_POINT('',(3.268035583502,5.E-02));
#2581 = CARTESIAN_POINT('',(3.268243317943,4.856866202331E-02));
#2582 = CARTESIAN_POINT('',(3.268861106554,4.567937550601E-02));
#2583 = CARTESIAN_POINT('',(3.270434064139,4.128935938104E-02));
#2584 = CARTESIAN_POINT('',(3.272691855996,3.686689029655E-02));
#2585 = CARTESIAN_POINT('',(3.275675687311,3.243599347863E-02));
#2586 = CARTESIAN_POINT('',(3.279427702905,2.802092868392E-02));
#2587 = CARTESIAN_POINT('',(3.283992379728,2.364653041091E-02));
#2588 = CARTESIAN_POINT('',(3.289409940339,1.93371881917E-02));
#2589 = CARTESIAN_POINT('',(3.295691088793,1.511566181646E-02));
#2590 = CARTESIAN_POINT('',(3.302846245441,1.100567689429E-02));
#2591 = CARTESIAN_POINT('',(3.310885848198,7.030172396557E-03));
#2592 = CARTESIAN_POINT('',(3.319803386224,3.216082266519E-03));
#2593 = CARTESIAN_POINT('',(3.329638057713,-4.23143284546E-04));
#2594 = CARTESIAN_POINT('',(3.340235853771,-3.822547694592E-03));
#2595 = CARTESIAN_POINT('',(3.352222661404,-7.132583601777E-03));
#2596 = CARTESIAN_POINT('',(3.365701662874,-1.030837812497E-02));
#2597 = CARTESIAN_POINT('',(3.380572371543,-1.325618683269E-02));
#2598 = CARTESIAN_POINT('',(3.39675782806,-1.589687051975E-02));
#2599 = CARTESIAN_POINT('',(3.414158998321,-1.814153229421E-02));
#2600 = CARTESIAN_POINT('',(3.432562742027,-1.9936595448E-02));
#2601 = CARTESIAN_POINT('',(3.451658575555,-2.125441446879E-02));
#2602 = CARTESIAN_POINT('',(3.471163094933,-2.206488855732E-02));
#2603 = CARTESIAN_POINT('',(3.490658503989,-2.234255572134E-02));
#2604 = CARTESIAN_POINT('',(3.510153913044,-2.206488855732E-02));
#2605 = CARTESIAN_POINT('',(3.529658432422,-2.125441446879E-02));
#2606 = CARTESIAN_POINT('',(3.54875426595,-1.9936595448E-02));
#2607 = CARTESIAN_POINT('',(3.567158009657,-1.814153229421E-02));
#2608 = CARTESIAN_POINT('',(3.584559179918,-1.589687051975E-02));
#2609 = CARTESIAN_POINT('',(3.600744636434,-1.325618683269E-02));
#2610 = CARTESIAN_POINT('',(3.615615345103,-1.030837812497E-02));
#2611 = CARTESIAN_POINT('',(3.629094346574,-7.132583601777E-03));
#2612 = CARTESIAN_POINT('',(3.641081154206,-3.822547694593E-03));
#2613 = CARTESIAN_POINT('',(3.651678950265,-4.231432845464E-04));
#2614 = CARTESIAN_POINT('',(3.661513621753,3.216082266518E-03));
#2615 = CARTESIAN_POINT('',(3.670431159779,7.030172396556E-03));
#2616 = CARTESIAN_POINT('',(3.678470762536,1.100567689429E-02));
#2617 = CARTESIAN_POINT('',(3.685625919185,1.511566181646E-02));
#2618 = CARTESIAN_POINT('',(3.691907067639,1.93371881917E-02));
#2619 = CARTESIAN_POINT('',(3.697324628249,2.364653041091E-02));
#2620 = CARTESIAN_POINT('',(3.701889305072,2.802092868392E-02));
#2621 = CARTESIAN_POINT('',(3.705641320666,3.243599347863E-02));
#2622 = CARTESIAN_POINT('',(3.708625151981,3.686689029655E-02));
#2623 = CARTESIAN_POINT('',(3.710882943838,4.128935938104E-02));
#2624 = CARTESIAN_POINT('',(3.712455901423,4.567937550601E-02));
#2625 = CARTESIAN_POINT('',(3.713073690034,4.856866202331E-02));
#2626 = CARTESIAN_POINT('',(3.713281424476,5.E-02));
#2627 = ( GEOMETRIC_REPRESENTATION_CONTEXT(2) 
PARAMETRIC_REPRESENTATION_CONTEXT() REPRESENTATION_CONTEXT('2D SPACE',''
  ) );
#2628 = ORIENTED_EDGE('',*,*,#2629,.T.);
#2629 = EDGE_CURVE('',#2504,#2630,#2632,.T.);
#2630 = VERTEX_POINT('',#2631);
#2631 = CARTESIAN_POINT('',(-2.243788197016E-03,-0.380777064008,
    3.7200001));
#2632 = SURFACE_CURVE('',#2633,(#2638,#2645),.PCURVE_S1.);
#2633 = CIRCLE('',#2634,8.665846684763E-02);
#2634 = AXIS2_PLACEMENT_3D('',#2635,#2636,#2637);
#2635 = CARTESIAN_POINT('',(-8.884370429152E-02,-0.383962092863,
    3.7200001));
#2636 = DIRECTION('',(1.67568574E-16,-2.508318642278E-17,-1.));
#2637 = DIRECTION('',(-0.999324350462,-3.675381034235E-02,
    -1.665334536938E-16));
#2638 = PCURVE('',#2381,#2639);
#2639 = DEFINITIONAL_REPRESENTATION('',(#2640),#2644);
#2640 = LINE('',#2641,#2642);
#2641 = CARTESIAN_POINT('',(0.,1.08));
#2642 = VECTOR('',#2643,1.);
#2643 = DIRECTION('',(1.,0.));
#2644 = ( GEOMETRIC_REPRESENTATION_CONTEXT(2) 
PARAMETRIC_REPRESENTATION_CONTEXT() REPRESENTATION_CONTEXT('2D SPACE',''
  ) );
#2645 = PCURVE('',#1754,#2646);
#2646 = DEFINITIONAL_REPRESENTATION('',(#2647),#2655);
#2647 = ( BOUNDED_CURVE() B_SPLINE_CURVE(2,(#2648,#2649,#2650,#2651,
#2652,#2653,#2654),.UNSPECIFIED.,.T.,.F.) B_SPLINE_CURVE_WITH_KNOTS((1,2
    ,2,2,2,1),(-2.094395102393,0.,2.094395102393,4.188790204786,
6.28318530718,8.377580409573),.UNSPECIFIED.) CURVE() 
GEOMETRIC_REPRESENTATION_ITEM() RATIONAL_B_SPLINE_CURVE((1.,0.5,1.,0.5,
1.,0.5,1.)) REPRESENTATION_ITEM('') );
#2648 = CARTESIAN_POINT('',(6.117771616979E-02,-0.812685022683));
#2649 = CARTESIAN_POINT('',(-2.007543441517E-02,-0.68648282322));
#2650 = CARTESIAN_POINT('',(0.129845451625,-0.679216630408));
#2651 = CARTESIAN_POINT('',(0.279766337666,-0.671950437595));
#2652 = CARTESIAN_POINT('',(0.21109860221,-0.80541882987));
#2653 = CARTESIAN_POINT('',(0.142430866755,-0.938887222145));
#2654 = CARTESIAN_POINT('',(6.117771616979E-02,-0.812685022683));
#2655 = ( GEOMETRIC_REPRESENTATION_CONTEXT(2) 
PARAMETRIC_REPRESENTATION_CONTEXT() REPRESENTATION_CONTEXT('2D SPACE',''
  ) );
#2656 = ORIENTED_EDGE('',*,*,#2657,.T.);
#2657 = EDGE_CURVE('',#2630,#2658,#2660,.T.);
#2658 = VERTEX_POINT('',#2659);
#2659 = CARTESIAN_POINT('',(-2.243788197016E-03,-0.380777064008,
    1.9100001));
#2660 = SURFACE_CURVE('',#2661,(#2665,#2672),.PCURVE_S1.);
#2661 = LINE('',#2662,#2663);
#2662 = CARTESIAN_POINT('',(-2.243788197016E-03,-0.380777064008,
    4.8000001));
#2663 = VECTOR('',#2664,1.);
#2664 = DIRECTION('',(2.638984874572E-49,-8.19333394335E-32,-1.));
#2665 = PCURVE('',#2381,#2666);
#2666 = DEFINITIONAL_REPRESENTATION('',(#2667),#2671);
#2667 = LINE('',#2668,#2669);
#2668 = CARTESIAN_POINT('',(3.14159265359,0.));
#2669 = VECTOR('',#2670,1.);
#2670 = DIRECTION('',(0.,1.));
#2671 = ( GEOMETRIC_REPRESENTATION_CONTEXT(2) 
PARAMETRIC_REPRESENTATION_CONTEXT() REPRESENTATION_CONTEXT('2D SPACE',''
  ) );
#2672 = PCURVE('',#2673,#2678);
#2673 = PLANE('',#2674);
#2674 = AXIS2_PLACEMENT_3D('',#2675,#2676,#2677);
#2675 = CARTESIAN_POINT('',(-2.243788197016E-03,-0.380777064008,
    4.8000001));
#2676 = DIRECTION('',(0.999324350462,3.675381034235E-02,
    1.665334536938E-16));
#2677 = DIRECTION('',(3.675381034235E-02,-0.999324350462,
    3.122502256758E-17));
#2678 = DEFINITIONAL_REPRESENTATION('',(#2679),#2683);
#2679 = LINE('',#2680,#2681);
#2680 = CARTESIAN_POINT('',(0.,0.));
#2681 = VECTOR('',#2682,1.);
#2682 = DIRECTION('',(-3.387217911388E-17,1.));
#2683 = ( GEOMETRIC_REPRESENTATION_CONTEXT(2) 
PARAMETRIC_REPRESENTATION_CONTEXT() REPRESENTATION_CONTEXT('2D SPACE',''
  ) );
#2684 = ORIENTED_EDGE('',*,*,#2685,.T.);
#2685 = EDGE_CURVE('',#2658,#2343,#2686,.T.);
#2686 = SURFACE_CURVE('',#2687,(#2692,#2699),.PCURVE_S1.);
#2687 = CIRCLE('',#2688,8.665846684763E-02);
#2688 = AXIS2_PLACEMENT_3D('',#2689,#2690,#2691);
#2689 = CARTESIAN_POINT('',(-8.884370429152E-02,-0.383962092863,
    1.9100001));
#2690 = DIRECTION('',(-1.67568574E-16,2.508318642278E-17,1.));
#2691 = DIRECTION('',(-0.999324350462,-3.675381034235E-02,
    -1.665334536938E-16));
#2692 = PCURVE('',#2381,#2693);
#2693 = DEFINITIONAL_REPRESENTATION('',(#2694),#2698);
#2694 = LINE('',#2695,#2696);
#2695 = CARTESIAN_POINT('',(6.28318530718,2.89));
#2696 = VECTOR('',#2697,1.);
#2697 = DIRECTION('',(-1.,0.));
#2698 = ( GEOMETRIC_REPRESENTATION_CONTEXT(2) 
PARAMETRIC_REPRESENTATION_CONTEXT() REPRESENTATION_CONTEXT('2D SPACE',''
  ) );
#2699 = PCURVE('',#225,#2700);
#2700 = DEFINITIONAL_REPRESENTATION('',(#2701),#2709);
#2701 = ( BOUNDED_CURVE() B_SPLINE_CURVE(2,(#2702,#2703,#2704,#2705,
#2706,#2707,#2708),.UNSPECIFIED.,.T.,.F.) B_SPLINE_CURVE_WITH_KNOTS((1,2
    ,2,2,2,1),(-2.094395102393,0.,2.094395102393,4.188790204786,
6.28318530718,8.377580409573),.UNSPECIFIED.) CURVE() 
GEOMETRIC_REPRESENTATION_ITEM() RATIONAL_B_SPLINE_CURVE((1.,0.5,1.,0.5,
1.,0.5,1.)) REPRESENTATION_ITEM('') );
#2702 = CARTESIAN_POINT('',(-6.117771616979E-02,-0.690185022683));
#2703 = CARTESIAN_POINT('',(-0.142430866755,-0.816387222145));
#2704 = CARTESIAN_POINT('',(-0.21109860221,-0.68291882987));
#2705 = CARTESIAN_POINT('',(-0.279766337666,-0.549450437595));
#2706 = CARTESIAN_POINT('',(-0.129845451625,-0.556716630408));
#2707 = CARTESIAN_POINT('',(2.007543441517E-02,-0.56398282322));
#2708 = CARTESIAN_POINT('',(-6.117771616979E-02,-0.690185022683));
#2709 = ( GEOMETRIC_REPRESENTATION_CONTEXT(2) 
PARAMETRIC_REPRESENTATION_CONTEXT() REPRESENTATION_CONTEXT('2D SPACE',''
  ) );
#2710 = ADVANCED_FACE('',(#2711),#1672,.T.);
#2711 = FACE_BOUND('',#2712,.T.);
#2712 = EDGE_LOOP('',(#2713,#2737,#2738,#2762));
#2713 = ORIENTED_EDGE('',*,*,#2714,.F.);
#2714 = EDGE_CURVE('',#1573,#2715,#2717,.T.);
#2715 = VERTEX_POINT('',#2716);
#2716 = CARTESIAN_POINT('',(1.146074175537E-03,-0.472946337943,1.9100001
    ));
#2717 = SURFACE_CURVE('',#2718,(#2723,#2730),.PCURVE_S1.);
#2718 = CIRCLE('',#2719,0.1045);
#2719 = AXIS2_PLACEMENT_3D('',#2720,#2721,#2722);
#2720 = CARTESIAN_POINT('',(0.105575468799,-0.469105564763,1.9100001));
#2721 = DIRECTION('',(3.825461857948E-19,-1.040130846517E-17,-1.));
#2722 = DIRECTION('',(-0.999324350462,-3.675381034235E-02,
    3.171179823108E-33));
#2723 = PCURVE('',#1672,#2724);
#2724 = DEFINITIONAL_REPRESENTATION('',(#2725),#2729);
#2725 = LINE('',#2726,#2727);
#2726 = CARTESIAN_POINT('',(0.,2.89));
#2727 = VECTOR('',#2728,1.);
#2728 = DIRECTION('',(1.,0.));
#2729 = ( GEOMETRIC_REPRESENTATION_CONTEXT(2) 
PARAMETRIC_REPRESENTATION_CONTEXT() REPRESENTATION_CONTEXT('2D SPACE',''
  ) );
#2730 = PCURVE('',#225,#2731);
#2731 = DEFINITIONAL_REPRESENTATION('',(#2732),#2736);
#2732 = CIRCLE('',#2733,0.1045);
#2733 = AXIS2_PLACEMENT_2D('',#2734,#2735);
#2734 = CARTESIAN_POINT('',(-0.34469606054,-0.617340920119));
#2735 = DIRECTION('',(0.840805018627,-0.541338083504));
#2736 = ( GEOMETRIC_REPRESENTATION_CONTEXT(2) 
PARAMETRIC_REPRESENTATION_CONTEXT() REPRESENTATION_CONTEXT('2D SPACE',''
  ) );
#2737 = ORIENTED_EDGE('',*,*,#1658,.T.);
#2738 = ORIENTED_EDGE('',*,*,#2739,.F.);
#2739 = EDGE_CURVE('',#2740,#1630,#2742,.T.);
#2740 = VERTEX_POINT('',#2741);
#2741 = CARTESIAN_POINT('',(1.146074175537E-03,-0.472946337943,3.4700001
    ));
#2742 = SURFACE_CURVE('',#2743,(#2748,#2755),.PCURVE_S1.);
#2743 = CIRCLE('',#2744,0.1045);
#2744 = AXIS2_PLACEMENT_3D('',#2745,#2746,#2747);
#2745 = CARTESIAN_POINT('',(0.105575468799,-0.469105564763,3.4700001));
#2746 = DIRECTION('',(-3.825461857948E-19,1.040130846517E-17,1.));
#2747 = DIRECTION('',(-0.999324350462,-3.675381034235E-02,
    3.171179823108E-33));
#2748 = PCURVE('',#1672,#2749);
#2749 = DEFINITIONAL_REPRESENTATION('',(#2750),#2754);
#2750 = LINE('',#2751,#2752);
#2751 = CARTESIAN_POINT('',(6.28318530718,1.33));
#2752 = VECTOR('',#2753,1.);
#2753 = DIRECTION('',(-1.,0.));
#2754 = ( GEOMETRIC_REPRESENTATION_CONTEXT(2) 
PARAMETRIC_REPRESENTATION_CONTEXT() REPRESENTATION_CONTEXT('2D SPACE',''
  ) );
#2755 = PCURVE('',#1646,#2756);
#2756 = DEFINITIONAL_REPRESENTATION('',(#2757),#2761);
#2757 = CIRCLE('',#2758,0.1045);
#2758 = AXIS2_PLACEMENT_2D('',#2759,#2760);
#2759 = CARTESIAN_POINT('',(0.34469606054,-0.920940920119));
#2760 = DIRECTION('',(-0.840805018627,-0.541338083504));
#2761 = ( GEOMETRIC_REPRESENTATION_CONTEXT(2) 
PARAMETRIC_REPRESENTATION_CONTEXT() REPRESENTATION_CONTEXT('2D SPACE',''
  ) );
#2762 = ORIENTED_EDGE('',*,*,#2763,.T.);
#2763 = EDGE_CURVE('',#2740,#2715,#2764,.T.);
#2764 = SURFACE_CURVE('',#2765,(#2769,#2776),.PCURVE_S1.);
#2765 = LINE('',#2766,#2767);
#2766 = CARTESIAN_POINT('',(1.146074175536E-03,-0.472946337943,4.8000001
    ));
#2767 = VECTOR('',#2768,1.);
#2768 = DIRECTION('',(2.638984874572E-49,-8.19333394335E-32,-1.));
#2769 = PCURVE('',#1672,#2770);
#2770 = DEFINITIONAL_REPRESENTATION('',(#2771),#2775);
#2771 = LINE('',#2772,#2773);
#2772 = CARTESIAN_POINT('',(6.28318530718,0.));
#2773 = VECTOR('',#2774,1.);
#2774 = DIRECTION('',(0.,1.));
#2775 = ( GEOMETRIC_REPRESENTATION_CONTEXT(2) 
PARAMETRIC_REPRESENTATION_CONTEXT() REPRESENTATION_CONTEXT('2D SPACE',''
  ) );
#2776 = PCURVE('',#2673,#2777);
#2777 = DEFINITIONAL_REPRESENTATION('',(#2778),#2782);
#2778 = LINE('',#2779,#2780);
#2779 = CARTESIAN_POINT('',(9.223159016649E-02,-1.082033768141E-16));
#2780 = VECTOR('',#2781,1.);
#2781 = DIRECTION('',(-3.387217911388E-17,1.));
#2782 = ( GEOMETRIC_REPRESENTATION_CONTEXT(2) 
PARAMETRIC_REPRESENTATION_CONTEXT() REPRESENTATION_CONTEXT('2D SPACE',''
  ) );
#2783 = ADVANCED_FACE('',(#2784),#2673,.F.);
#2784 = FACE_BOUND('',#2785,.T.);
#2785 = EDGE_LOOP('',(#2786,#2807,#2808,#2831,#2854,#2875));
#2786 = ORIENTED_EDGE('',*,*,#2787,.F.);
#2787 = EDGE_CURVE('',#2715,#2658,#2788,.T.);
#2788 = SURFACE_CURVE('',#2789,(#2793,#2800),.PCURVE_S1.);
#2789 = LINE('',#2790,#2791);
#2790 = CARTESIAN_POINT('',(-1.351671215852E-02,-7.426986623219E-02,
    1.9100001));
#2791 = VECTOR('',#2792,1.);
#2792 = DIRECTION('',(-3.675381034235E-02,0.999324350462,
    -3.122502256758E-17));
#2793 = PCURVE('',#2673,#2794);
#2794 = DEFINITIONAL_REPRESENTATION('',(#2795),#2799);
#2795 = LINE('',#2796,#2797);
#2796 = CARTESIAN_POINT('',(-0.306714429239,2.89));
#2797 = VECTOR('',#2798,1.);
#2798 = DIRECTION('',(-1.,3.122502256758E-17));
#2799 = ( GEOMETRIC_REPRESENTATION_CONTEXT(2) 
PARAMETRIC_REPRESENTATION_CONTEXT() REPRESENTATION_CONTEXT('2D SPACE',''
  ) );
#2800 = PCURVE('',#225,#2801);
#2801 = DEFINITIONAL_REPRESENTATION('',(#2802),#2806);
#2802 = LINE('',#2803,#2804);
#2803 = CARTESIAN_POINT('',(-4.086726252654E-02,-0.338474934568));
#2804 = VECTOR('',#2805,1.);
#2805 = DIRECTION('',(0.541338083504,0.840805018627));
#2806 = ( GEOMETRIC_REPRESENTATION_CONTEXT(2) 
PARAMETRIC_REPRESENTATION_CONTEXT() REPRESENTATION_CONTEXT('2D SPACE',''
  ) );
#2807 = ORIENTED_EDGE('',*,*,#2763,.F.);
#2808 = ORIENTED_EDGE('',*,*,#2809,.F.);
#2809 = EDGE_CURVE('',#2810,#2740,#2812,.T.);
#2810 = VERTEX_POINT('',#2811);
#2811 = CARTESIAN_POINT('',(-1.68172975682E-03,-0.396059253268,3.4700001
    ));
#2812 = SURFACE_CURVE('',#2813,(#2817,#2824),.PCURVE_S1.);
#2813 = LINE('',#2814,#2815);
#2814 = CARTESIAN_POINT('',(-1.820775540568E-02,5.327809960578E-02,
    3.4700001));
#2815 = VECTOR('',#2816,1.);
#2816 = DIRECTION('',(3.675381034235E-02,-0.999324350462,
    3.122502256758E-17));
#2817 = PCURVE('',#2673,#2818);
#2818 = DEFINITIONAL_REPRESENTATION('',(#2819),#2823);
#2819 = LINE('',#2820,#2821);
#2820 = CARTESIAN_POINT('',(-0.434348631066,1.33));
#2821 = VECTOR('',#2822,1.);
#2822 = DIRECTION('',(1.,-3.122502256758E-17));
#2823 = ( GEOMETRIC_REPRESENTATION_CONTEXT(2) 
PARAMETRIC_REPRESENTATION_CONTEXT() REPRESENTATION_CONTEXT('2D SPACE',''
  ) );
#2824 = PCURVE('',#1646,#2825);
#2825 = DEFINITIONAL_REPRESENTATION('',(#2826),#2830);
#2826 = LINE('',#2827,#2828);
#2827 = CARTESIAN_POINT('',(-2.822599168039E-02,-0.534759457123));
#2828 = VECTOR('',#2829,1.);
#2829 = DIRECTION('',(0.541338083504,-0.840805018627));
#2830 = ( GEOMETRIC_REPRESENTATION_CONTEXT(2) 
PARAMETRIC_REPRESENTATION_CONTEXT() REPRESENTATION_CONTEXT('2D SPACE',''
  ) );
#2831 = ORIENTED_EDGE('',*,*,#2832,.F.);
#2832 = EDGE_CURVE('',#2833,#2810,#2835,.T.);
#2833 = VERTEX_POINT('',#2834);
#2834 = CARTESIAN_POINT('',(-1.68172975682E-03,-0.396059253268,3.7200001
    ));
#2835 = SURFACE_CURVE('',#2836,(#2840,#2847),.PCURVE_S1.);
#2836 = LINE('',#2837,#2838);
#2837 = CARTESIAN_POINT('',(-1.68172975682E-03,-0.396059253268,3.5950001
    ));
#2838 = VECTOR('',#2839,1.);
#2839 = DIRECTION('',(2.638984874572E-49,-8.19333394335E-32,-1.));
#2840 = PCURVE('',#2673,#2841);
#2841 = DEFINITIONAL_REPRESENTATION('',(#2842),#2846);
#2842 = LINE('',#2843,#2844);
#2843 = CARTESIAN_POINT('',(1.529252164501E-02,1.205));
#2844 = VECTOR('',#2845,1.);
#2845 = DIRECTION('',(-3.387217911388E-17,1.));
#2846 = ( GEOMETRIC_REPRESENTATION_CONTEXT(2) 
PARAMETRIC_REPRESENTATION_CONTEXT() REPRESENTATION_CONTEXT('2D SPACE',''
  ) );
#2847 = PCURVE('',#1782,#2848);
#2848 = DEFINITIONAL_REPRESENTATION('',(#2849),#2853);
#2849 = LINE('',#2850,#2851);
#2850 = CARTESIAN_POINT('',(2.569564926593,0.));
#2851 = VECTOR('',#2852,1.);
#2852 = DIRECTION('',(0.,1.));
#2853 = ( GEOMETRIC_REPRESENTATION_CONTEXT(2) 
PARAMETRIC_REPRESENTATION_CONTEXT() REPRESENTATION_CONTEXT('2D SPACE',''
  ) );
#2854 = ORIENTED_EDGE('',*,*,#2855,.F.);
#2855 = EDGE_CURVE('',#2630,#2833,#2856,.T.);
#2856 = SURFACE_CURVE('',#2857,(#2861,#2868),.PCURVE_S1.);
#2857 = LINE('',#2858,#2859);
#2858 = CARTESIAN_POINT('',(-1.540950793512E-02,-2.280535432457E-02,
    3.7200001));
#2859 = VECTOR('',#2860,1.);
#2860 = DIRECTION('',(3.675381034235E-02,-0.999324350462,
    3.122502256758E-17));
#2861 = PCURVE('',#2673,#2862);
#2862 = DEFINITIONAL_REPRESENTATION('',(#2863),#2867);
#2863 = LINE('',#2864,#2865);
#2864 = CARTESIAN_POINT('',(-0.35821373663,1.08));
#2865 = VECTOR('',#2866,1.);
#2866 = DIRECTION('',(1.,-3.122502256758E-17));
#2867 = ( GEOMETRIC_REPRESENTATION_CONTEXT(2) 
PARAMETRIC_REPRESENTATION_CONTEXT() REPRESENTATION_CONTEXT('2D SPACE',''
  ) );
#2868 = PCURVE('',#1754,#2869);
#2869 = DEFINITIONAL_REPRESENTATION('',(#2870),#2874);
#2870 = LINE('',#2871,#2872);
#2871 = CARTESIAN_POINT('',(1.298872616176E-02,-0.417674058458));
#2872 = VECTOR('',#2873,1.);
#2873 = DIRECTION('',(0.541338083504,-0.840805018627));
#2874 = ( GEOMETRIC_REPRESENTATION_CONTEXT(2) 
PARAMETRIC_REPRESENTATION_CONTEXT() REPRESENTATION_CONTEXT('2D SPACE',''
  ) );
#2875 = ORIENTED_EDGE('',*,*,#2657,.T.);
#2876 = ADVANCED_FACE('',(#2877),#2892,.T.);
#2877 = FACE_BOUND('',#2878,.T.);
#2878 = EDGE_LOOP('',(#2879,#2910,#2938,#2967));
#2879 = ORIENTED_EDGE('',*,*,#2880,.F.);
#2880 = EDGE_CURVE('',#2881,#2883,#2885,.T.);
#2881 = VERTEX_POINT('',#2882);
#2882 = CARTESIAN_POINT('',(-0.440673258651,-0.210942042692,1.9100001));
#2883 = VERTEX_POINT('',#2884);
#2884 = CARTESIAN_POINT('',(-0.562269252821,-0.190364010568,1.9100001));
#2885 = SURFACE_CURVE('',#2886,(#2891,#2903),.PCURVE_S1.);
#2886 = CIRCLE('',#2887,0.1045);
#2887 = AXIS2_PLACEMENT_3D('',#2888,#2889,#2890);
#2888 = CARTESIAN_POINT('',(-0.487393559166,-0.117467642347,1.9100001));
#2889 = DIRECTION('',(7.744614967431E-17,-7.95490134741E-17,-1.));
#2890 = DIRECTION('',(-0.716513814879,-0.697572901629,6.018774897589E-32
    ));
#2891 = PCURVE('',#2892,#2897);
#2892 = CYLINDRICAL_SURFACE('',#2893,0.1045);
#2893 = AXIS2_PLACEMENT_3D('',#2894,#2895,#2896);
#2894 = CARTESIAN_POINT('',(-0.487393559166,-0.117467642347,4.8000001));
#2895 = DIRECTION('',(2.638984874572E-49,-8.19333394335E-32,-1.));
#2896 = DIRECTION('',(-0.716513814879,-0.697572901629,6.018774897589E-32
    ));
#2897 = DEFINITIONAL_REPRESENTATION('',(#2898),#2902);
#2898 = LINE('',#2899,#2900);
#2899 = CARTESIAN_POINT('',(-8.881784197001E-16,2.89));
#2900 = VECTOR('',#2901,1.);
#2901 = DIRECTION('',(1.,0.));
#2902 = ( GEOMETRIC_REPRESENTATION_CONTEXT(2) 
PARAMETRIC_REPRESENTATION_CONTEXT() REPRESENTATION_CONTEXT('2D SPACE',''
  ) );
#2903 = PCURVE('',#225,#2904);
#2904 = DEFINITIONAL_REPRESENTATION('',(#2905),#2909);
#2905 = CIRCLE('',#2906,0.1045);
#2906 = AXIS2_PLACEMENT_2D('',#2907,#2908);
#2907 = CARTESIAN_POINT('',(0.34469606054,-0.617340920119));
#2908 = DIRECTION('',(0.260486606939,-0.965477460952));
#2909 = ( GEOMETRIC_REPRESENTATION_CONTEXT(2) 
PARAMETRIC_REPRESENTATION_CONTEXT() REPRESENTATION_CONTEXT('2D SPACE',''
  ) );
#2910 = ORIENTED_EDGE('',*,*,#2911,.F.);
#2911 = EDGE_CURVE('',#2912,#2881,#2914,.T.);
#2912 = VERTEX_POINT('',#2913);
#2913 = CARTESIAN_POINT('',(-0.440673258651,-0.210942042692,3.4700001));
#2914 = SURFACE_CURVE('',#2915,(#2919,#2926),.PCURVE_S1.);
#2915 = LINE('',#2916,#2917);
#2916 = CARTESIAN_POINT('',(-0.440673258651,-0.210942042692,4.8000001));
#2917 = VECTOR('',#2918,1.);
#2918 = DIRECTION('',(2.638984874572E-49,-8.19333394335E-32,-1.));
#2919 = PCURVE('',#2892,#2920);
#2920 = DEFINITIONAL_REPRESENTATION('',(#2921),#2925);
#2921 = LINE('',#2922,#2923);
#2922 = CARTESIAN_POINT('',(5.020890532191,0.));
#2923 = VECTOR('',#2924,1.);
#2924 = DIRECTION('',(0.,1.));
#2925 = ( GEOMETRIC_REPRESENTATION_CONTEXT(2) 
PARAMETRIC_REPRESENTATION_CONTEXT() REPRESENTATION_CONTEXT('2D SPACE',''
  ) );
#2926 = PCURVE('',#2927,#2932);
#2927 = PLANE('',#2928);
#2928 = AXIS2_PLACEMENT_3D('',#2929,#2930,#2931);
#2929 = CARTESIAN_POINT('',(-0.440673258651,-0.210942042692,4.8000001));
#2930 = DIRECTION('',(-0.447084215457,0.894491869325,-5.551115123126E-17
    ));
#2931 = DIRECTION('',(0.894491869325,0.447084215457,5.551115123126E-17)
  );
#2932 = DEFINITIONAL_REPRESENTATION('',(#2933),#2937);
#2933 = LINE('',#2934,#2935);
#2934 = CARTESIAN_POINT('',(0.,0.));
#2935 = VECTOR('',#2936,1.);
#2936 = DIRECTION('',(-7.771079311326E-17,1.));
#2937 = ( GEOMETRIC_REPRESENTATION_CONTEXT(2) 
PARAMETRIC_REPRESENTATION_CONTEXT() REPRESENTATION_CONTEXT('2D SPACE',''
  ) );
#2938 = ORIENTED_EDGE('',*,*,#2939,.F.);
#2939 = EDGE_CURVE('',#2940,#2912,#2942,.T.);
#2940 = VERTEX_POINT('',#2941);
#2941 = CARTESIAN_POINT('',(-0.562269252821,-0.190364010568,3.4700001));
#2942 = SURFACE_CURVE('',#2943,(#2948,#2955),.PCURVE_S1.);
#2943 = CIRCLE('',#2944,0.1045);
#2944 = AXIS2_PLACEMENT_3D('',#2945,#2946,#2947);
#2945 = CARTESIAN_POINT('',(-0.487393559166,-0.117467642347,3.4700001));
#2946 = DIRECTION('',(-7.744614967431E-17,7.95490134741E-17,1.));
#2947 = DIRECTION('',(-0.716513814879,-0.697572901629,6.018774897589E-32
    ));
#2948 = PCURVE('',#2892,#2949);
#2949 = DEFINITIONAL_REPRESENTATION('',(#2950),#2954);
#2950 = LINE('',#2951,#2952);
#2951 = CARTESIAN_POINT('',(6.28318530718,1.33));
#2952 = VECTOR('',#2953,1.);
#2953 = DIRECTION('',(-1.,0.));
#2954 = ( GEOMETRIC_REPRESENTATION_CONTEXT(2) 
PARAMETRIC_REPRESENTATION_CONTEXT() REPRESENTATION_CONTEXT('2D SPACE',''
  ) );
#2955 = PCURVE('',#2956,#2961);
#2956 = PLANE('',#2957);
#2957 = AXIS2_PLACEMENT_3D('',#2958,#2959,#2960);
#2958 = CARTESIAN_POINT('',(0.278834866759,0.498845226094,3.4700001));
#2959 = DIRECTION('',(-2.638984874572E-49,8.19333394335E-32,1.));
#2960 = DIRECTION('',(0.860133166356,-0.510069540489,1.110223024625E-16)
  );
#2961 = DEFINITIONAL_REPRESENTATION('',(#2962),#2966);
#2962 = CIRCLE('',#2963,0.1045);
#2963 = AXIS2_PLACEMENT_2D('',#2964,#2965);
#2964 = CARTESIAN_POINT('',(-0.34469606054,-0.920940920119));
#2965 = DIRECTION('',(-0.260486606939,-0.965477460952));
#2966 = ( GEOMETRIC_REPRESENTATION_CONTEXT(2) 
PARAMETRIC_REPRESENTATION_CONTEXT() REPRESENTATION_CONTEXT('2D SPACE',''
  ) );
#2967 = ORIENTED_EDGE('',*,*,#2968,.F.);
#2968 = EDGE_CURVE('',#2883,#2940,#2969,.T.);
#2969 = SURFACE_CURVE('',#2970,(#2974,#2981),.PCURVE_S1.);
#2970 = LINE('',#2971,#2972);
#2971 = CARTESIAN_POINT('',(-0.562269252821,-0.190364010568,4.8000001));
#2972 = VECTOR('',#2973,1.);
#2973 = DIRECTION('',(-2.638984874572E-49,8.19333394335E-32,1.));
#2974 = PCURVE('',#2892,#2975);
#2975 = DEFINITIONAL_REPRESENTATION('',(#2976),#2980);
#2976 = LINE('',#2977,#2978);
#2977 = CARTESIAN_POINT('',(6.28318530718,0.));
#2978 = VECTOR('',#2979,1.);
#2979 = DIRECTION('',(0.,-1.));
#2980 = ( GEOMETRIC_REPRESENTATION_CONTEXT(2) 
PARAMETRIC_REPRESENTATION_CONTEXT() REPRESENTATION_CONTEXT('2D SPACE',''
  ) );
#2981 = PCURVE('',#2982,#2987);
#2982 = CYLINDRICAL_SURFACE('',#2983,0.1045);
#2983 = AXIS2_PLACEMENT_3D('',#2984,#2985,#2986);
#2984 = CARTESIAN_POINT('',(-0.458262580214,-0.200506103709,4.8000001));
#2985 = DIRECTION('',(2.638984874572E-49,-8.19333394335E-32,-1.));
#2986 = DIRECTION('',(-0.209726289734,0.97776013592,-4.163336342344E-17)
  );
#2987 = DEFINITIONAL_REPRESENTATION('',(#2988),#2992);
#2988 = LINE('',#2989,#2990);
#2989 = CARTESIAN_POINT('',(5.020890532191,0.));
#2990 = VECTOR('',#2991,1.);
#2991 = DIRECTION('',(0.,-1.));
#2992 = ( GEOMETRIC_REPRESENTATION_CONTEXT(2) 
PARAMETRIC_REPRESENTATION_CONTEXT() REPRESENTATION_CONTEXT('2D SPACE',''
  ) );
#2993 = ADVANCED_FACE('',(#2994),#2927,.F.);
#2994 = FACE_BOUND('',#2995,.T.);
#2995 = EDGE_LOOP('',(#2996,#3019,#3047,#3075,#3103,#3124));
#2996 = ORIENTED_EDGE('',*,*,#2997,.F.);
#2997 = EDGE_CURVE('',#2998,#2881,#3000,.T.);
#2998 = VERTEX_POINT('',#2999);
#2999 = CARTESIAN_POINT('',(-0.358172851152,-0.169706754562,1.9100001));
#3000 = SURFACE_CURVE('',#3001,(#3005,#3012),.PCURVE_S1.);
#3001 = LINE('',#3002,#3003);
#3002 = CARTESIAN_POINT('',(-0.125069491742,-5.319721866129E-02,
    1.9100001));
#3003 = VECTOR('',#3004,1.);
#3004 = DIRECTION('',(-0.894491869325,-0.447084215457,
    -5.551115123126E-17));
#3005 = PCURVE('',#2927,#3006);
#3006 = DEFINITIONAL_REPRESENTATION('',(#3007),#3011);
#3007 = LINE('',#3008,#3009);
#3008 = CARTESIAN_POINT('',(0.352830224322,2.89));
#3009 = VECTOR('',#3010,1.);
#3010 = DIRECTION('',(-1.,5.551115123126E-17));
#3011 = ( GEOMETRIC_REPRESENTATION_CONTEXT(2) 
PARAMETRIC_REPRESENTATION_CONTEXT() REPRESENTATION_CONTEXT('2D SPACE',''
  ) );
#3012 = PCURVE('',#225,#3013);
#3013 = DEFINITIONAL_REPRESENTATION('',(#3014),#3018);
#3014 = LINE('',#3015,#3016);
#3015 = CARTESIAN_POINT('',(6.583149865619E-02,-0.377249326512));
#3016 = VECTOR('',#3017,1.);
#3017 = DIRECTION('',(0.541338083504,-0.840805018627));
#3018 = ( GEOMETRIC_REPRESENTATION_CONTEXT(2) 
PARAMETRIC_REPRESENTATION_CONTEXT() REPRESENTATION_CONTEXT('2D SPACE',''
  ) );
#3019 = ORIENTED_EDGE('',*,*,#3020,.F.);
#3020 = EDGE_CURVE('',#3021,#2998,#3023,.T.);
#3021 = VERTEX_POINT('',#3022);
#3022 = CARTESIAN_POINT('',(-0.358172851152,-0.169706754562,3.7200001));
#3023 = SURFACE_CURVE('',#3024,(#3028,#3035),.PCURVE_S1.);
#3024 = LINE('',#3025,#3026);
#3025 = CARTESIAN_POINT('',(-0.358172851152,-0.169706754562,4.8000001));
#3026 = VECTOR('',#3027,1.);
#3027 = DIRECTION('',(2.638984874572E-49,-8.19333394335E-32,-1.));
#3028 = PCURVE('',#2927,#3029);
#3029 = DEFINITIONAL_REPRESENTATION('',(#3030),#3034);
#3030 = LINE('',#3031,#3032);
#3031 = CARTESIAN_POINT('',(9.223159016649E-02,2.844946500602E-16));
#3032 = VECTOR('',#3033,1.);
#3033 = DIRECTION('',(-7.771079311326E-17,1.));
#3034 = ( GEOMETRIC_REPRESENTATION_CONTEXT(2) 
PARAMETRIC_REPRESENTATION_CONTEXT() REPRESENTATION_CONTEXT('2D SPACE',''
  ) );
#3035 = PCURVE('',#3036,#3041);
#3036 = CYLINDRICAL_SURFACE('',#3037,8.665846684763E-02);
#3037 = AXIS2_PLACEMENT_3D('',#3038,#3039,#3040);
#3038 = CARTESIAN_POINT('',(-0.319429218488,-0.247222048565,4.8000001));
#3039 = DIRECTION('',(2.638984874572E-49,-8.19333394335E-32,-1.));
#3040 = DIRECTION('',(-0.789151759441,0.614198258359,-5.551115123126E-17
    ));
#3041 = DEFINITIONAL_REPRESENTATION('',(#3042),#3046);
#3042 = LINE('',#3043,#3044);
#3043 = CARTESIAN_POINT('',(0.445923753196,0.));
#3044 = VECTOR('',#3045,1.);
#3045 = DIRECTION('',(0.,1.));
#3046 = ( GEOMETRIC_REPRESENTATION_CONTEXT(2) 
PARAMETRIC_REPRESENTATION_CONTEXT() REPRESENTATION_CONTEXT('2D SPACE',''
  ) );
#3047 = ORIENTED_EDGE('',*,*,#3048,.F.);
#3048 = EDGE_CURVE('',#3049,#3021,#3051,.T.);
#3049 = VERTEX_POINT('',#3050);
#3050 = CARTESIAN_POINT('',(-0.371851887425,-0.176543799604,3.7200001));
#3051 = SURFACE_CURVE('',#3052,(#3056,#3063),.PCURVE_S1.);
#3052 = LINE('',#3053,#3054);
#3053 = CARTESIAN_POINT('',(-7.900378000544E-02,-3.017269121984E-02,
    3.7200001));
#3054 = VECTOR('',#3055,1.);
#3055 = DIRECTION('',(0.894491869325,0.447084215457,5.551115123126E-17)
  );
#3056 = PCURVE('',#2927,#3057);
#3057 = DEFINITIONAL_REPRESENTATION('',(#3058),#3062);
#3058 = LINE('',#3059,#3060);
#3059 = CARTESIAN_POINT('',(0.404329531713,1.08));
#3060 = VECTOR('',#3061,1.);
#3061 = DIRECTION('',(1.,-5.551115123126E-17));
#3062 = ( GEOMETRIC_REPRESENTATION_CONTEXT(2) 
PARAMETRIC_REPRESENTATION_CONTEXT() REPRESENTATION_CONTEXT('2D SPACE',''
  ) );
#3063 = PCURVE('',#3064,#3069);
#3064 = PLANE('',#3065);
#3065 = AXIS2_PLACEMENT_3D('',#3066,#3067,#3068);
#3066 = CARTESIAN_POINT('',(0.186461272976,0.343075109667,3.7200001));
#3067 = DIRECTION('',(-2.638984874572E-49,8.19333394335E-32,1.));
#3068 = DIRECTION('',(0.860133166356,-0.510069540489,1.110223024625E-16)
  );
#3069 = DEFINITIONAL_REPRESENTATION('',(#3070),#3074);
#3070 = LINE('',#3071,#3072);
#3071 = CARTESIAN_POINT('',(-3.79529622914E-02,-0.456448450402));
#3072 = VECTOR('',#3073,1.);
#3073 = DIRECTION('',(0.541338083504,0.840805018627));
#3074 = ( GEOMETRIC_REPRESENTATION_CONTEXT(2) 
PARAMETRIC_REPRESENTATION_CONTEXT() REPRESENTATION_CONTEXT('2D SPACE',''
  ) );
#3075 = ORIENTED_EDGE('',*,*,#3076,.F.);
#3076 = EDGE_CURVE('',#3077,#3049,#3079,.T.);
#3077 = VERTEX_POINT('',#3078);
#3078 = CARTESIAN_POINT('',(-0.371851887425,-0.176543799604,3.4700001));
#3079 = SURFACE_CURVE('',#3080,(#3084,#3091),.PCURVE_S1.);
#3080 = LINE('',#3081,#3082);
#3081 = CARTESIAN_POINT('',(-0.371851887425,-0.176543799604,3.5950001));
#3082 = VECTOR('',#3083,1.);
#3083 = DIRECTION('',(-2.638984874572E-49,8.19333394335E-32,1.));
#3084 = PCURVE('',#2927,#3085);
#3085 = DEFINITIONAL_REPRESENTATION('',(#3086),#3090);
#3086 = LINE('',#3087,#3088);
#3087 = CARTESIAN_POINT('',(7.693906852148E-02,1.205));
#3088 = VECTOR('',#3089,1.);
#3089 = DIRECTION('',(7.771079311326E-17,-1.));
#3090 = ( GEOMETRIC_REPRESENTATION_CONTEXT(2) 
PARAMETRIC_REPRESENTATION_CONTEXT() REPRESENTATION_CONTEXT('2D SPACE',''
  ) );
#3091 = PCURVE('',#3092,#3097);
#3092 = CYLINDRICAL_SURFACE('',#3093,0.3975);
#3093 = AXIS2_PLACEMENT_3D('',#3094,#3095,#3096);
#3094 = CARTESIAN_POINT('',(-1.62913693679E-02,1.172176040352E-03,
    3.5950001));
#3095 = DIRECTION('',(2.638984874572E-49,-8.19333394335E-32,-1.));
#3096 = DIRECTION('',(0.510069540489,0.860133166356,-7.421371871181E-32)
  );
#3097 = DEFINITIONAL_REPRESENTATION('',(#3098),#3102);
#3098 = LINE('',#3099,#3100);
#3099 = CARTESIAN_POINT('',(3.713620380587,0.));
#3100 = VECTOR('',#3101,1.);
#3101 = DIRECTION('',(0.,-1.));
#3102 = ( GEOMETRIC_REPRESENTATION_CONTEXT(2) 
PARAMETRIC_REPRESENTATION_CONTEXT() REPRESENTATION_CONTEXT('2D SPACE',''
  ) );
#3103 = ORIENTED_EDGE('',*,*,#3104,.F.);
#3104 = EDGE_CURVE('',#2912,#3077,#3105,.T.);
#3105 = SURFACE_CURVE('',#3106,(#3110,#3117),.PCURVE_S1.);
#3106 = LINE('',#3107,#3108);
#3107 = CARTESIAN_POINT('',(-1.090173595993E-02,3.866018328291E-03,
    3.4700001));
#3108 = VECTOR('',#3109,1.);
#3109 = DIRECTION('',(0.894491869325,0.447084215457,5.551115123126E-17)
  );
#3110 = PCURVE('',#2927,#3111);
#3111 = DEFINITIONAL_REPRESENTATION('',(#3112),#3116);
#3112 = LINE('',#3113,#3114);
#3113 = CARTESIAN_POINT('',(0.480464426149,1.33));
#3114 = VECTOR('',#3115,1.);
#3115 = DIRECTION('',(1.,-5.551115123126E-17));
#3116 = ( GEOMETRIC_REPRESENTATION_CONTEXT(2) 
PARAMETRIC_REPRESENTATION_CONTEXT() REPRESENTATION_CONTEXT('2D SPACE',''
  ) );
#3117 = PCURVE('',#2956,#3118);
#3118 = DEFINITIONAL_REPRESENTATION('',(#3119),#3123);
#3119 = LINE('',#3120,#3121);
#3120 = CARTESIAN_POINT('',(3.261755550742E-03,-0.573533849067));
#3121 = VECTOR('',#3122,1.);
#3122 = DIRECTION('',(0.541338083504,0.840805018627));
#3123 = ( GEOMETRIC_REPRESENTATION_CONTEXT(2) 
PARAMETRIC_REPRESENTATION_CONTEXT() REPRESENTATION_CONTEXT('2D SPACE',''
  ) );
#3124 = ORIENTED_EDGE('',*,*,#2911,.T.);
#3125 = ADVANCED_FACE('',(#3126),#3036,.F.);
#3126 = FACE_BOUND('',#3127,.F.);
#3127 = EDGE_LOOP('',(#3128,#3129,#3157,#3283,#3311,#3339));
#3128 = ORIENTED_EDGE('',*,*,#3020,.F.);
#3129 = ORIENTED_EDGE('',*,*,#3130,.T.);
#3130 = EDGE_CURVE('',#3021,#3131,#3133,.T.);
#3131 = VERTEX_POINT('',#3132);
#3132 = CARTESIAN_POINT('',(-0.353904823564,-0.167716561138,3.7200001));
#3133 = SURFACE_CURVE('',#3134,(#3139,#3146),.PCURVE_S1.);
#3134 = CIRCLE('',#3135,8.665846684763E-02);
#3135 = AXIS2_PLACEMENT_3D('',#3136,#3137,#3138);
#3136 = CARTESIAN_POINT('',(-0.319429218488,-0.247222048565,3.7200001));
#3137 = DIRECTION('',(7.790157506848E-17,9.711870257048E-18,-1.));
#3138 = DIRECTION('',(-0.789151759441,0.614198258359,-5.551115123126E-17
    ));
#3139 = PCURVE('',#3036,#3140);
#3140 = DEFINITIONAL_REPRESENTATION('',(#3141),#3145);
#3141 = LINE('',#3142,#3143);
#3142 = CARTESIAN_POINT('',(4.440892098501E-16,1.08));
#3143 = VECTOR('',#3144,1.);
#3144 = DIRECTION('',(1.,0.));
#3145 = ( GEOMETRIC_REPRESENTATION_CONTEXT(2) 
PARAMETRIC_REPRESENTATION_CONTEXT() REPRESENTATION_CONTEXT('2D SPACE',''
  ) );
#3146 = PCURVE('',#3064,#3147);
#3147 = DEFINITIONAL_REPRESENTATION('',(#3148),#3156);
#3148 = ( BOUNDED_CURVE() B_SPLINE_CURVE(2,(#3149,#3150,#3151,#3152,
#3153,#3154,#3155),.UNSPECIFIED.,.T.,.F.) B_SPLINE_CURVE_WITH_KNOTS((1,2
    ,2,2,2,1),(-2.094395102393,0.,2.094395102393,4.188790204786,
6.28318530718,8.377580409573),.UNSPECIFIED.) CURVE() 
GEOMETRIC_REPRESENTATION_ITEM() RATIONAL_B_SPLINE_CURVE((1.,0.5,1.,0.5,
1.,0.5,1.)) REPRESENTATION_ITEM('') );
#3149 = CARTESIAN_POINT('',(-0.220010938793,-0.754874457435));
#3150 = CARTESIAN_POINT('',(-0.201133253155,-0.605969445384));
#3151 = CARTESIAN_POINT('',(-8.161657278685E-02,-0.696770506737));
#3152 = CARTESIAN_POINT('',(3.790010758161E-02,-0.78757156809));
#3153 = CARTESIAN_POINT('',(-0.100494258425,-0.845675518788));
#3154 = CARTESIAN_POINT('',(-0.238888624432,-0.903779469487));
#3155 = CARTESIAN_POINT('',(-0.220010938793,-0.754874457435));
#3156 = ( GEOMETRIC_REPRESENTATION_CONTEXT(2) 
PARAMETRIC_REPRESENTATION_CONTEXT() REPRESENTATION_CONTEXT('2D SPACE',''
  ) );
#3157 = ORIENTED_EDGE('',*,*,#3158,.T.);
#3158 = EDGE_CURVE('',#3131,#3159,#3161,.T.);
#3159 = VERTEX_POINT('',#3160);
#3160 = CARTESIAN_POINT('',(-0.248252175226,-0.296654005726,3.7200001));
#3161 = SURFACE_CURVE('',#3162,(#3181,#3232),.PCURVE_S1.);
#3162 = B_SPLINE_CURVE_WITH_KNOTS('',3,(#3163,#3164,#3165,#3166,#3167,
    #3168,#3169,#3170,#3171,#3172,#3173,#3174,#3175,#3176,#3177,#3178,
    #3179,#3180),.UNSPECIFIED.,.F.,.F.,(4,2,2,2,2,2,2,2,4),(
    3.689280396767E-02,4.035428098012E-02,4.447304968898E-02,
    4.720286574133E-02,4.993268179369E-02,5.266249784604E-02,
    5.53923138984E-02,5.951108260725E-02,6.29725596197E-02),
  .UNSPECIFIED.);
#3163 = CARTESIAN_POINT('',(-0.353904823564,-0.167716561138,3.7200001));
#3164 = CARTESIAN_POINT('',(-0.346224224216,-0.164386057566,
    3.711641005381));
#3165 = CARTESIAN_POINT('',(-0.337572312513,-0.161996572406,
    3.702823925186));
#3166 = CARTESIAN_POINT('',(-0.317750373458,-0.159905741157,
    3.684273741552));
#3167 = CARTESIAN_POINT('',(-0.306416047294,-0.160802244393,
    3.674675449391));
#3168 = CARTESIAN_POINT('',(-0.288330383098,-0.165989084603,
    3.661746754879));
#3169 = CARTESIAN_POINT('',(-0.280383684523,-0.169332642758,
    3.656739018543));
#3170 = CARTESIAN_POINT('',(-0.265304715563,-0.178967229888,
    3.649734174959));
#3171 = CARTESIAN_POINT('',(-0.258166887765,-0.185259030954,3.6477501));
#3172 = CARTESIAN_POINT('',(-0.246632382491,-0.199335626836,3.6477501));
#3173 = CARTESIAN_POINT('',(-0.241866486214,-0.207571012619,
    3.649734174959));
#3174 = CARTESIAN_POINT('',(-0.235384081782,-0.224249711814,
    3.656739018543));
#3175 = CARTESIAN_POINT('',(-0.23366790907,-0.232698625981,
    3.661746754879));
#3176 = CARTESIAN_POINT('',(-0.232137518213,-0.251451024884,
    3.674675449391));
#3177 = CARTESIAN_POINT('',(-0.233486587157,-0.262740430565,
    3.684273741552));
#3178 = CARTESIAN_POINT('',(-0.239433180667,-0.281764595957,
    3.702823925186));
#3179 = CARTESIAN_POINT('',(-0.243476818578,-0.289777972766,
    3.711641005381));
#3180 = CARTESIAN_POINT('',(-0.248252175226,-0.296654005726,3.7200001));
#3181 = PCURVE('',#3036,#3182);
#3182 = DEFINITIONAL_REPRESENTATION('',(#3183),#3231);
#3183 = B_SPLINE_CURVE_WITH_KNOTS('',3,(#3184,#3185,#3186,#3187,#3188,
    #3189,#3190,#3191,#3192,#3193,#3194,#3195,#3196,#3197,#3198,#3199,
    #3200,#3201,#3202,#3203,#3204,#3205,#3206,#3207,#3208,#3209,#3210,
    #3211,#3212,#3213,#3214,#3215,#3216,#3217,#3218,#3219,#3220,#3221,
    #3222,#3223,#3224,#3225,#3226,#3227,#3228,#3229,#3230),
  .UNSPECIFIED.,.F.,.F.,(4,1,1,1,1,1,1,1,1,1,1,1,1,1,1,1,1,1,1,1,1,1,1,1
    ,1,1,1,1,1,1,1,1,1,1,1,1,1,1,1,1,1,1,1,1,4),(3.689280396767E-02,
    3.748552568704E-02,3.80782474064E-02,3.867096912577E-02,
    3.926369084513E-02,3.98564125645E-02,4.044913428386E-02,
    4.104185600322E-02,4.163457772259E-02,4.222729944195E-02,
    4.282002116132E-02,4.341274288068E-02,4.400546460005E-02,
    4.459818631941E-02,4.519090803877E-02,4.578362975814E-02,
    4.63763514775E-02,4.696907319687E-02,4.756179491623E-02,
    4.81545166356E-02,4.874723835496E-02,4.933996007432E-02,
    4.993268179369E-02,5.052540351305E-02,5.111812523242E-02,
    5.171084695178E-02,5.230356867114E-02,5.289629039051E-02,
    5.348901210987E-02,5.408173382924E-02,5.46744555486E-02,
    5.526717726797E-02,5.585989898733E-02,5.645262070669E-02,
    5.704534242606E-02,5.763806414542E-02,5.823078586479E-02,
    5.882350758415E-02,5.941622930352E-02,6.000895102288E-02,
    6.060167274224E-02,6.119439446161E-02,6.178711618097E-02,
    6.237983790034E-02,6.29725596197E-02),.QUASI_UNIFORM_KNOTS.);
#3184 = CARTESIAN_POINT('',(0.500272953467,1.08));
#3185 = CARTESIAN_POINT('',(0.516815342244,1.081431359191));
#3186 = CARTESIAN_POINT('',(0.550248354473,1.084320934954));
#3187 = CARTESIAN_POINT('',(0.601331345817,1.088711642087));
#3188 = CARTESIAN_POINT('',(0.653233715515,1.093134470948));
#3189 = CARTESIAN_POINT('',(0.705851391604,1.097565175639));
#3190 = CARTESIAN_POINT('',(0.759091980464,1.101979599917));
#3191 = CARTESIAN_POINT('',(0.81288011998,1.106353253057));
#3192 = CARTESIAN_POINT('',(0.86715921295,1.110662981072));
#3193 = CARTESIAN_POINT('',(0.921883164747,1.11488522518));
#3194 = CARTESIAN_POINT('',(0.976999232193,1.118995681187));
#3195 = CARTESIAN_POINT('',(1.032474529346,1.12297115803));
#3196 = CARTESIAN_POINT('',(1.088215723939,1.12678475753));
#3197 = CARTESIAN_POINT('',(1.14438353069,1.130423296835));
#3198 = CARTESIAN_POINT('',(1.200234624186,1.133822438906));
#3199 = CARTESIAN_POINT('',(1.258883341898,1.137132969582));
#3200 = CARTESIAN_POINT('',(1.32050924575,1.14030924069));
#3201 = CARTESIAN_POINT('',(1.384443983195,1.143257202609));
#3202 = CARTESIAN_POINT('',(1.450304054551,1.145897621601));
#3203 = CARTESIAN_POINT('',(1.51775856622,1.148140401835));
#3204 = CARTESIAN_POINT('',(1.586417581338,1.149932217614));
#3205 = CARTESIAN_POINT('',(1.655682179154,1.151249724871));
#3206 = CARTESIAN_POINT('',(1.725084547424,1.152062907628));
#3207 = CARTESIAN_POINT('',(1.793758203393,1.152343546186));
#3208 = CARTESIAN_POINT('',(1.862431859362,1.152062907628));
#3209 = CARTESIAN_POINT('',(1.931834227633,1.151249724871));
#3210 = CARTESIAN_POINT('',(2.001098825448,1.149932217614));
#3211 = CARTESIAN_POINT('',(2.069757840566,1.148140401835));
#3212 = CARTESIAN_POINT('',(2.137212352236,1.145897621601));
#3213 = CARTESIAN_POINT('',(2.203072423591,1.143257202609));
#3214 = CARTESIAN_POINT('',(2.267007161036,1.14030924069));
#3215 = CARTESIAN_POINT('',(2.328633064888,1.137132969582));
#3216 = CARTESIAN_POINT('',(2.3872817826,1.133822438906));
#3217 = CARTESIAN_POINT('',(2.443132876097,1.130423296835));
#3218 = CARTESIAN_POINT('',(2.499300682847,1.12678475753));
#3219 = CARTESIAN_POINT('',(2.55504187744,1.12297115803));
#3220 = CARTESIAN_POINT('',(2.610517174593,1.118995681187));
#3221 = CARTESIAN_POINT('',(2.66563324204,1.11488522518));
#3222 = CARTESIAN_POINT('',(2.720357193836,1.110662981072));
#3223 = CARTESIAN_POINT('',(2.774636286807,1.106353253057));
#3224 = CARTESIAN_POINT('',(2.828424426323,1.101979599917));
#3225 = CARTESIAN_POINT('',(2.881665015182,1.097565175639));
#3226 = CARTESIAN_POINT('',(2.934282691272,1.093134470948));
#3227 = CARTESIAN_POINT('',(2.986185060969,1.088711642087));
#3228 = CARTESIAN_POINT('',(3.037268052313,1.084320934954));
#3229 = CARTESIAN_POINT('',(3.070701064542,1.081431359191));
#3230 = CARTESIAN_POINT('',(3.08724345332,1.08));
#3231 = ( GEOMETRIC_REPRESENTATION_CONTEXT(2) 
PARAMETRIC_REPRESENTATION_CONTEXT() REPRESENTATION_CONTEXT('2D SPACE',''
  ) );
#3232 = PCURVE('',#559,#3233);
#3233 = DEFINITIONAL_REPRESENTATION('',(#3234),#3282);
#3234 = B_SPLINE_CURVE_WITH_KNOTS('',3,(#3235,#3236,#3237,#3238,#3239,
    #3240,#3241,#3242,#3243,#3244,#3245,#3246,#3247,#3248,#3249,#3250,
    #3251,#3252,#3253,#3254,#3255,#3256,#3257,#3258,#3259,#3260,#3261,
    #3262,#3263,#3264,#3265,#3266,#3267,#3268,#3269,#3270,#3271,#3272,
    #3273,#3274,#3275,#3276,#3277,#3278,#3279,#3280,#3281),
  .UNSPECIFIED.,.F.,.F.,(4,1,1,1,1,1,1,1,1,1,1,1,1,1,1,1,1,1,1,1,1,1,1,1
    ,1,1,1,1,1,1,1,1,1,1,1,1,1,1,1,1,1,1,1,1,4),(3.689280396767E-02,
    3.748552568704E-02,3.80782474064E-02,3.867096912577E-02,
    3.926369084513E-02,3.98564125645E-02,4.044913428386E-02,
    4.104185600322E-02,4.163457772259E-02,4.222729944195E-02,
    4.282002116132E-02,4.341274288068E-02,4.400546460005E-02,
    4.459818631941E-02,4.519090803877E-02,4.578362975814E-02,
    4.63763514775E-02,4.696907319687E-02,4.756179491623E-02,
    4.81545166356E-02,4.874723835496E-02,4.933996007432E-02,
    4.993268179369E-02,5.052540351305E-02,5.111812523242E-02,
    5.171084695178E-02,5.230356867114E-02,5.289629039051E-02,
    5.348901210987E-02,5.408173382924E-02,5.46744555486E-02,
    5.526717726797E-02,5.585989898733E-02,5.645262070669E-02,
    5.704534242606E-02,5.763806414542E-02,5.823078586479E-02,
    5.882350758415E-02,5.941622930352E-02,6.000895102288E-02,
    6.060167274224E-02,6.119439446161E-02,6.178711618097E-02,
    6.237983790034E-02,6.29725596197E-02),.QUASI_UNIFORM_KNOTS.);
#3235 = CARTESIAN_POINT('',(8.853089189883,5.E-02));
#3236 = CARTESIAN_POINT('',(8.853296924325,4.856866202331E-02));
#3237 = CARTESIAN_POINT('',(8.853914712936,4.567937550601E-02));
#3238 = CARTESIAN_POINT('',(8.855487670521,4.128935938104E-02));
#3239 = CARTESIAN_POINT('',(8.857745462378,3.686689029655E-02));
#3240 = CARTESIAN_POINT('',(8.860729293693,3.243599347863E-02));
#3241 = CARTESIAN_POINT('',(8.864481309287,2.802092868392E-02));
#3242 = CARTESIAN_POINT('',(8.86904598611,2.364653041091E-02));
#3243 = CARTESIAN_POINT('',(8.874463546721,1.93371881917E-02));
#3244 = CARTESIAN_POINT('',(8.880744695174,1.511566181646E-02));
#3245 = CARTESIAN_POINT('',(8.887899851823,1.100567689429E-02));
#3246 = CARTESIAN_POINT('',(8.89593945458,7.030172396556E-03));
#3247 = CARTESIAN_POINT('',(8.904856992606,3.216082266519E-03));
#3248 = CARTESIAN_POINT('',(8.914691664094,-4.231432845461E-04));
#3249 = CARTESIAN_POINT('',(8.925289460153,-3.822547694592E-03));
#3250 = CARTESIAN_POINT('',(8.937276267786,-7.132583601776E-03));
#3251 = CARTESIAN_POINT('',(8.950755269256,-1.030837812497E-02));
#3252 = CARTESIAN_POINT('',(8.965625977925,-1.325618683269E-02));
#3253 = CARTESIAN_POINT('',(8.981811434441,-1.589687051975E-02));
#3254 = CARTESIAN_POINT('',(8.999212604702,-1.814153229421E-02));
#3255 = CARTESIAN_POINT('',(9.017616348409,-1.9936595448E-02));
#3256 = CARTESIAN_POINT('',(9.036712181937,-2.125441446879E-02));
#3257 = CARTESIAN_POINT('',(9.056216701315,-2.206488855732E-02));
#3258 = CARTESIAN_POINT('',(9.075712110371,-2.234255572134E-02));
#3259 = CARTESIAN_POINT('',(9.095207519426,-2.206488855732E-02));
#3260 = CARTESIAN_POINT('',(9.114712038804,-2.125441446879E-02));
#3261 = CARTESIAN_POINT('',(9.133807872332,-1.9936595448E-02));
#3262 = CARTESIAN_POINT('',(9.152211616039,-1.814153229421E-02));
#3263 = CARTESIAN_POINT('',(9.1696127863,-1.589687051975E-02));
#3264 = CARTESIAN_POINT('',(9.185798242816,-1.325618683269E-02));
#3265 = CARTESIAN_POINT('',(9.200668951485,-1.030837812497E-02));
#3266 = CARTESIAN_POINT('',(9.214147952955,-7.132583601777E-03));
#3267 = CARTESIAN_POINT('',(9.226134760588,-3.822547694592E-03));
#3268 = CARTESIAN_POINT('',(9.236732556647,-4.231432845463E-04));
#3269 = CARTESIAN_POINT('',(9.246567228135,3.216082266518E-03));
#3270 = CARTESIAN_POINT('',(9.255484766161,7.030172396556E-03));
#3271 = CARTESIAN_POINT('',(9.263524368918,1.100567689429E-02));
#3272 = CARTESIAN_POINT('',(9.270679525567,1.511566181646E-02));
#3273 = CARTESIAN_POINT('',(9.27696067402,1.93371881917E-02));
#3274 = CARTESIAN_POINT('',(9.282378234631,2.364653041091E-02));
#3275 = CARTESIAN_POINT('',(9.286942911454,2.802092868392E-02));
#3276 = CARTESIAN_POINT('',(9.290694927048,3.243599347863E-02));
#3277 = CARTESIAN_POINT('',(9.293678758363,3.686689029655E-02));
#3278 = CARTESIAN_POINT('',(9.29593655022,4.128935938105E-02));
#3279 = CARTESIAN_POINT('',(9.297509507805,4.567937550601E-02));
#3280 = CARTESIAN_POINT('',(9.298127296416,4.856866202331E-02));
#3281 = CARTESIAN_POINT('',(9.298335030858,5.E-02));
#3282 = ( GEOMETRIC_REPRESENTATION_CONTEXT(2) 
PARAMETRIC_REPRESENTATION_CONTEXT() REPRESENTATION_CONTEXT('2D SPACE',''
  ) );
#3283 = ORIENTED_EDGE('',*,*,#3284,.T.);
#3284 = EDGE_CURVE('',#3159,#3285,#3287,.T.);
#3285 = VERTEX_POINT('',#3286);
#3286 = CARTESIAN_POINT('',(-0.251042536905,-0.300447527975,3.7200001));
#3287 = SURFACE_CURVE('',#3288,(#3293,#3300),.PCURVE_S1.);
#3288 = CIRCLE('',#3289,8.665846684763E-02);
#3289 = AXIS2_PLACEMENT_3D('',#3290,#3291,#3292);
#3290 = CARTESIAN_POINT('',(-0.319429218488,-0.247222048565,3.7200001));
#3291 = DIRECTION('',(7.790157506848E-17,9.711870257048E-18,-1.));
#3292 = DIRECTION('',(-0.789151759441,0.614198258359,-5.551115123126E-17
    ));
#3293 = PCURVE('',#3036,#3294);
#3294 = DEFINITIONAL_REPRESENTATION('',(#3295),#3299);
#3295 = LINE('',#3296,#3297);
#3296 = CARTESIAN_POINT('',(-8.881784197001E-16,1.08));
#3297 = VECTOR('',#3298,1.);
#3298 = DIRECTION('',(1.,0.));
#3299 = ( GEOMETRIC_REPRESENTATION_CONTEXT(2) 
PARAMETRIC_REPRESENTATION_CONTEXT() REPRESENTATION_CONTEXT('2D SPACE',''
  ) );
#3300 = PCURVE('',#2409,#3301);
#3301 = DEFINITIONAL_REPRESENTATION('',(#3302),#3310);
#3302 = ( BOUNDED_CURVE() B_SPLINE_CURVE(2,(#3303,#3304,#3305,#3306,
#3307,#3308,#3309),.UNSPECIFIED.,.T.,.F.) B_SPLINE_CURVE_WITH_KNOTS((1,2
    ,2,2,2,1),(-2.094395102393,0.,2.094395102393,4.188790204786,
6.28318530718,8.377580409573),.UNSPECIFIED.) CURVE() 
GEOMETRIC_REPRESENTATION_ITEM() RATIONAL_B_SPLINE_CURVE((1.,0.5,1.,0.5,
1.,0.5,1.)) REPRESENTATION_ITEM('') );
#3303 = CARTESIAN_POINT('',(-0.220010938793,-0.754874457435));
#3304 = CARTESIAN_POINT('',(-0.201133253155,-0.605969445384));
#3305 = CARTESIAN_POINT('',(-8.161657278685E-02,-0.696770506737));
#3306 = CARTESIAN_POINT('',(3.790010758161E-02,-0.78757156809));
#3307 = CARTESIAN_POINT('',(-0.100494258425,-0.845675518788));
#3308 = CARTESIAN_POINT('',(-0.238888624432,-0.903779469487));
#3309 = CARTESIAN_POINT('',(-0.220010938793,-0.754874457435));
#3310 = ( GEOMETRIC_REPRESENTATION_CONTEXT(2) 
PARAMETRIC_REPRESENTATION_CONTEXT() REPRESENTATION_CONTEXT('2D SPACE',''
  ) );
#3311 = ORIENTED_EDGE('',*,*,#3312,.T.);
#3312 = EDGE_CURVE('',#3285,#3313,#3315,.T.);
#3313 = VERTEX_POINT('',#3314);
#3314 = CARTESIAN_POINT('',(-0.251042536905,-0.300447527975,1.9100001));
#3315 = SURFACE_CURVE('',#3316,(#3320,#3327),.PCURVE_S1.);
#3316 = LINE('',#3317,#3318);
#3317 = CARTESIAN_POINT('',(-0.251042536905,-0.300447527975,4.8000001));
#3318 = VECTOR('',#3319,1.);
#3319 = DIRECTION('',(2.638984874572E-49,-8.19333394335E-32,-1.));
#3320 = PCURVE('',#3036,#3321);
#3321 = DEFINITIONAL_REPRESENTATION('',(#3322),#3326);
#3322 = LINE('',#3323,#3324);
#3323 = CARTESIAN_POINT('',(3.14159265359,0.));
#3324 = VECTOR('',#3325,1.);
#3325 = DIRECTION('',(0.,1.));
#3326 = ( GEOMETRIC_REPRESENTATION_CONTEXT(2) 
PARAMETRIC_REPRESENTATION_CONTEXT() REPRESENTATION_CONTEXT('2D SPACE',''
  ) );
#3327 = PCURVE('',#3328,#3333);
#3328 = PLANE('',#3329);
#3329 = AXIS2_PLACEMENT_3D('',#3330,#3331,#3332);
#3330 = CARTESIAN_POINT('',(-0.251042536905,-0.300447527975,4.8000001));
#3331 = DIRECTION('',(0.789151759441,-0.614198258359,1.110223024625E-16)
  );
#3332 = DIRECTION('',(-0.614198258359,-0.789151759441,6.808932498699E-32
    ));
#3333 = DEFINITIONAL_REPRESENTATION('',(#3334),#3338);
#3334 = LINE('',#3335,#3336);
#3335 = CARTESIAN_POINT('',(0.,0.));
#3336 = VECTOR('',#3337,1.);
#3337 = DIRECTION('',(-1.699125703533E-18,1.));
#3338 = ( GEOMETRIC_REPRESENTATION_CONTEXT(2) 
PARAMETRIC_REPRESENTATION_CONTEXT() REPRESENTATION_CONTEXT('2D SPACE',''
  ) );
#3339 = ORIENTED_EDGE('',*,*,#3340,.T.);
#3340 = EDGE_CURVE('',#3313,#2998,#3341,.T.);
#3341 = SURFACE_CURVE('',#3342,(#3347,#3354),.PCURVE_S1.);
#3342 = CIRCLE('',#3343,8.665846684763E-02);
#3343 = AXIS2_PLACEMENT_3D('',#3344,#3345,#3346);
#3344 = CARTESIAN_POINT('',(-0.319429218488,-0.247222048565,1.9100001));
#3345 = DIRECTION('',(-7.790157506848E-17,-9.711870257048E-18,1.));
#3346 = DIRECTION('',(-0.789151759441,0.614198258359,-5.551115123126E-17
    ));
#3347 = PCURVE('',#3036,#3348);
#3348 = DEFINITIONAL_REPRESENTATION('',(#3349),#3353);
#3349 = LINE('',#3350,#3351);
#3350 = CARTESIAN_POINT('',(6.28318530718,2.89));
#3351 = VECTOR('',#3352,1.);
#3352 = DIRECTION('',(-1.,0.));
#3353 = ( GEOMETRIC_REPRESENTATION_CONTEXT(2) 
PARAMETRIC_REPRESENTATION_CONTEXT() REPRESENTATION_CONTEXT('2D SPACE',''
  ) );
#3354 = PCURVE('',#225,#3355);
#3355 = DEFINITIONAL_REPRESENTATION('',(#3356),#3364);
#3356 = ( BOUNDED_CURVE() B_SPLINE_CURVE(2,(#3357,#3358,#3359,#3360,
#3361,#3362,#3363),.UNSPECIFIED.,.T.,.F.) B_SPLINE_CURVE_WITH_KNOTS((1,2
    ,2,2,2,1),(-2.094395102393,0.,2.094395102393,4.188790204786,
6.28318530718,8.377580409573),.UNSPECIFIED.) CURVE() 
GEOMETRIC_REPRESENTATION_ITEM() RATIONAL_B_SPLINE_CURVE((1.,0.5,1.,0.5,
1.,0.5,1.)) REPRESENTATION_ITEM('') );
#3357 = CARTESIAN_POINT('',(0.220010938793,-0.632374457435));
#3358 = CARTESIAN_POINT('',(0.238888624432,-0.781279469487));
#3359 = CARTESIAN_POINT('',(0.100494258425,-0.723175518788));
#3360 = CARTESIAN_POINT('',(-3.790010758161E-02,-0.66507156809));
#3361 = CARTESIAN_POINT('',(8.161657278685E-02,-0.574270506737));
#3362 = CARTESIAN_POINT('',(0.201133253155,-0.483469445384));
#3363 = CARTESIAN_POINT('',(0.220010938793,-0.632374457435));
#3364 = ( GEOMETRIC_REPRESENTATION_CONTEXT(2) 
PARAMETRIC_REPRESENTATION_CONTEXT() REPRESENTATION_CONTEXT('2D SPACE',''
  ) );
#3365 = ADVANCED_FACE('',(#3366),#2327,.T.);
#3366 = FACE_BOUND('',#3367,.T.);
#3367 = EDGE_LOOP('',(#3368,#3392,#3393,#3417));
#3368 = ORIENTED_EDGE('',*,*,#3369,.F.);
#3369 = EDGE_CURVE('',#2228,#3370,#3372,.T.);
#3370 = VERTEX_POINT('',#3371);
#3371 = CARTESIAN_POINT('',(-0.307691018951,-0.373232249631,1.9100001));
#3372 = SURFACE_CURVE('',#3373,(#3378,#3385),.PCURVE_S1.);
#3373 = CIRCLE('',#3374,0.1045);
#3374 = AXIS2_PLACEMENT_3D('',#3375,#3376,#3377);
#3375 = CARTESIAN_POINT('',(-0.225224660089,-0.43741596763,1.9100001));
#3376 = DIRECTION('',(1.65515020394E-16,-5.847783455438E-17,-1.));
#3377 = DIRECTION('',(-0.789151759441,0.614198258359,-1.665334536938E-16
    ));
#3378 = PCURVE('',#2327,#3379);
#3379 = DEFINITIONAL_REPRESENTATION('',(#3380),#3384);
#3380 = LINE('',#3381,#3382);
#3381 = CARTESIAN_POINT('',(0.,2.89));
#3382 = VECTOR('',#3383,1.);
#3383 = DIRECTION('',(1.,0.));
#3384 = ( GEOMETRIC_REPRESENTATION_CONTEXT(2) 
PARAMETRIC_REPRESENTATION_CONTEXT() REPRESENTATION_CONTEXT('2D SPACE',''
  ) );
#3385 = PCURVE('',#225,#3386);
#3386 = DEFINITIONAL_REPRESENTATION('',(#3387),#3391);
#3387 = CIRCLE('',#3388,0.1045);
#3388 = AXIS2_PLACEMENT_2D('',#3389,#3390);
#3389 = CARTESIAN_POINT('',(-4.4E-02,-0.758814716332));
#3390 = DIRECTION('',(0.992059424994,0.125770017418));
#3391 = ( GEOMETRIC_REPRESENTATION_CONTEXT(2) 
PARAMETRIC_REPRESENTATION_CONTEXT() REPRESENTATION_CONTEXT('2D SPACE',''
  ) );
#3392 = ORIENTED_EDGE('',*,*,#2313,.T.);
#3393 = ORIENTED_EDGE('',*,*,#3394,.F.);
#3394 = EDGE_CURVE('',#3395,#2285,#3397,.T.);
#3395 = VERTEX_POINT('',#3396);
#3396 = CARTESIAN_POINT('',(-0.307691018951,-0.373232249631,3.4700001));
#3397 = SURFACE_CURVE('',#3398,(#3403,#3410),.PCURVE_S1.);
#3398 = CIRCLE('',#3399,0.1045);
#3399 = AXIS2_PLACEMENT_3D('',#3400,#3401,#3402);
#3400 = CARTESIAN_POINT('',(-0.225224660089,-0.43741596763,3.4700001));
#3401 = DIRECTION('',(-1.65515020394E-16,5.847783455438E-17,1.));
#3402 = DIRECTION('',(-0.789151759441,0.614198258359,-1.665334536938E-16
    ));
#3403 = PCURVE('',#2327,#3404);
#3404 = DEFINITIONAL_REPRESENTATION('',(#3405),#3409);
#3405 = LINE('',#3406,#3407);
#3406 = CARTESIAN_POINT('',(6.28318530718,1.33));
#3407 = VECTOR('',#3408,1.);
#3408 = DIRECTION('',(-1.,0.));
#3409 = ( GEOMETRIC_REPRESENTATION_CONTEXT(2) 
PARAMETRIC_REPRESENTATION_CONTEXT() REPRESENTATION_CONTEXT('2D SPACE',''
  ) );
#3410 = PCURVE('',#2301,#3411);
#3411 = DEFINITIONAL_REPRESENTATION('',(#3412),#3416);
#3412 = CIRCLE('',#3413,0.1045);
#3413 = AXIS2_PLACEMENT_2D('',#3414,#3415);
#3414 = CARTESIAN_POINT('',(4.4E-02,-1.062414716332));
#3415 = DIRECTION('',(-0.992059424994,0.125770017418));
#3416 = ( GEOMETRIC_REPRESENTATION_CONTEXT(2) 
PARAMETRIC_REPRESENTATION_CONTEXT() REPRESENTATION_CONTEXT('2D SPACE',''
  ) );
#3417 = ORIENTED_EDGE('',*,*,#3418,.T.);
#3418 = EDGE_CURVE('',#3395,#3370,#3419,.T.);
#3419 = SURFACE_CURVE('',#3420,(#3424,#3431),.PCURVE_S1.);
#3420 = LINE('',#3421,#3422);
#3421 = CARTESIAN_POINT('',(-0.307691018951,-0.373232249631,4.8000001));
#3422 = VECTOR('',#3423,1.);
#3423 = DIRECTION('',(2.638984874572E-49,-8.19333394335E-32,-1.));
#3424 = PCURVE('',#2327,#3425);
#3425 = DEFINITIONAL_REPRESENTATION('',(#3426),#3430);
#3426 = LINE('',#3427,#3428);
#3427 = CARTESIAN_POINT('',(6.28318530718,0.));
#3428 = VECTOR('',#3429,1.);
#3429 = DIRECTION('',(0.,1.));
#3430 = ( GEOMETRIC_REPRESENTATION_CONTEXT(2) 
PARAMETRIC_REPRESENTATION_CONTEXT() REPRESENTATION_CONTEXT('2D SPACE',''
  ) );
#3431 = PCURVE('',#3328,#3432);
#3432 = DEFINITIONAL_REPRESENTATION('',(#3433),#3437);
#3433 = LINE('',#3434,#3435);
#3434 = CARTESIAN_POINT('',(9.223159016649E-02,-1.040834085586E-17));
#3435 = VECTOR('',#3436,1.);
#3436 = DIRECTION('',(-1.699125703533E-18,1.));
#3437 = ( GEOMETRIC_REPRESENTATION_CONTEXT(2) 
PARAMETRIC_REPRESENTATION_CONTEXT() REPRESENTATION_CONTEXT('2D SPACE',''
  ) );
#3438 = ADVANCED_FACE('',(#3439),#3328,.F.);
#3439 = FACE_BOUND('',#3440,.T.);
#3440 = EDGE_LOOP('',(#3441,#3462,#3463,#3486,#3509,#3530));
#3441 = ORIENTED_EDGE('',*,*,#3442,.F.);
#3442 = EDGE_CURVE('',#3370,#3313,#3443,.T.);
#3443 = SURFACE_CURVE('',#3444,(#3448,#3455),.PCURVE_S1.);
#3444 = LINE('',#3445,#3446);
#3445 = CARTESIAN_POINT('',(-4.988529212138E-02,-4.199092787058E-02,
    1.9100001));
#3446 = VECTOR('',#3447,1.);
#3447 = DIRECTION('',(0.614198258359,0.789151759441,-6.808932498699E-32)
  );
#3448 = PCURVE('',#3328,#3449);
#3449 = DEFINITIONAL_REPRESENTATION('',(#3450),#3454);
#3450 = LINE('',#3451,#3452);
#3451 = CARTESIAN_POINT('',(-0.327511910114,2.89));
#3452 = VECTOR('',#3453,1.);
#3453 = DIRECTION('',(-1.,3.431486016142E-33));
#3454 = ( GEOMETRIC_REPRESENTATION_CONTEXT(2) 
PARAMETRIC_REPRESENTATION_CONTEXT() REPRESENTATION_CONTEXT('2D SPACE',''
  ) );
#3455 = PCURVE('',#225,#3456);
#3456 = DEFINITIONAL_REPRESENTATION('',(#3457),#3461);
#3457 = LINE('',#3458,#3459);
#3458 = CARTESIAN_POINT('',(6.879062570355E-03,-0.329261253979));
#3459 = VECTOR('',#3460,1.);
#3460 = DIRECTION('',(-0.125770017418,0.992059424994));
#3461 = ( GEOMETRIC_REPRESENTATION_CONTEXT(2) 
PARAMETRIC_REPRESENTATION_CONTEXT() REPRESENTATION_CONTEXT('2D SPACE',''
  ) );
#3462 = ORIENTED_EDGE('',*,*,#3418,.F.);
#3463 = ORIENTED_EDGE('',*,*,#3464,.F.);
#3464 = EDGE_CURVE('',#3465,#3395,#3467,.T.);
#3465 = VERTEX_POINT('',#3466);
#3466 = CARTESIAN_POINT('',(-0.260435177065,-0.312515648338,3.4700001));
#3467 = SURFACE_CURVE('',#3468,(#3472,#3479),.PCURVE_S1.);
#3468 = LINE('',#3469,#3470);
#3469 = CARTESIAN_POINT('',(4.260966163934E-02,7.68510820283E-02,
    3.4700001));
#3470 = VECTOR('',#3471,1.);
#3471 = DIRECTION('',(-0.614198258359,-0.789151759441,6.808932498699E-32
    ));
#3472 = PCURVE('',#3328,#3473);
#3473 = DEFINITIONAL_REPRESENTATION('',(#3474),#3478);
#3474 = LINE('',#3475,#3476);
#3475 = CARTESIAN_POINT('',(-0.478106530828,1.33));
#3476 = VECTOR('',#3477,1.);
#3477 = DIRECTION('',(1.,-3.431486016142E-33));
#3478 = ( GEOMETRIC_REPRESENTATION_CONTEXT(2) 
PARAMETRIC_REPRESENTATION_CONTEXT() REPRESENTATION_CONTEXT('2D SPACE',''
  ) );
#3479 = PCURVE('',#2301,#3480);
#3480 = DEFINITIONAL_REPRESENTATION('',(#3481),#3485);
#3481 = LINE('',#3482,#3483);
#3482 = CARTESIAN_POINT('',(1.206122549994E-02,-0.483462441146));
#3483 = VECTOR('',#3484,1.);
#3484 = DIRECTION('',(-0.125770017418,-0.992059424994));
#3485 = ( GEOMETRIC_REPRESENTATION_CONTEXT(2) 
PARAMETRIC_REPRESENTATION_CONTEXT() REPRESENTATION_CONTEXT('2D SPACE',''
  ) );
#3486 = ORIENTED_EDGE('',*,*,#3487,.F.);
#3487 = EDGE_CURVE('',#3488,#3465,#3490,.T.);
#3488 = VERTEX_POINT('',#3489);
#3489 = CARTESIAN_POINT('',(-0.260435177065,-0.312515648338,3.7200001));
#3490 = SURFACE_CURVE('',#3491,(#3495,#3502),.PCURVE_S1.);
#3491 = LINE('',#3492,#3493);
#3492 = CARTESIAN_POINT('',(-0.260435177065,-0.312515648338,3.5950001));
#3493 = VECTOR('',#3494,1.);
#3494 = DIRECTION('',(2.638984874572E-49,-8.19333394335E-32,-1.));
#3495 = PCURVE('',#3328,#3496);
#3496 = DEFINITIONAL_REPRESENTATION('',(#3497),#3501);
#3497 = LINE('',#3498,#3499);
#3498 = CARTESIAN_POINT('',(1.529252164501E-02,1.205));
#3499 = VECTOR('',#3500,1.);
#3500 = DIRECTION('',(-1.699125703533E-18,1.));
#3501 = ( GEOMETRIC_REPRESENTATION_CONTEXT(2) 
PARAMETRIC_REPRESENTATION_CONTEXT() REPRESENTATION_CONTEXT('2D SPACE',''
  ) );
#3502 = PCURVE('',#2437,#3503);
#3503 = DEFINITIONAL_REPRESENTATION('',(#3504),#3508);
#3504 = LINE('',#3505,#3506);
#3505 = CARTESIAN_POINT('',(6.40928928098,0.));
#3506 = VECTOR('',#3507,1.);
#3507 = DIRECTION('',(0.,1.));
#3508 = ( GEOMETRIC_REPRESENTATION_CONTEXT(2) 
PARAMETRIC_REPRESENTATION_CONTEXT() REPRESENTATION_CONTEXT('2D SPACE',''
  ) );
#3509 = ORIENTED_EDGE('',*,*,#3510,.F.);
#3510 = EDGE_CURVE('',#3285,#3488,#3511,.T.);
#3511 = SURFACE_CURVE('',#3512,(#3516,#3523),.PCURVE_S1.);
#3512 = LINE('',#3513,#3514);
#3513 = CARTESIAN_POINT('',(-1.256437039645E-02,5.960805372544E-03,
    3.7200001));
#3514 = VECTOR('',#3515,1.);
#3515 = DIRECTION('',(-0.614198258359,-0.789151759441,6.808932498699E-32
    ));
#3516 = PCURVE('',#3328,#3517);
#3517 = DEFINITIONAL_REPRESENTATION('',(#3518),#3522);
#3518 = LINE('',#3519,#3520);
#3519 = CARTESIAN_POINT('',(-0.388275549895,1.08));
#3520 = VECTOR('',#3521,1.);
#3521 = DIRECTION('',(1.,-3.431486016142E-33));
#3522 = ( GEOMETRIC_REPRESENTATION_CONTEXT(2) 
PARAMETRIC_REPRESENTATION_CONTEXT() REPRESENTATION_CONTEXT('2D SPACE',''
  ) );
#3523 = PCURVE('',#2409,#3524);
#3524 = DEFINITIONAL_REPRESENTATION('',(#3525),#3529);
#3525 = LINE('',#3526,#3527);
#3526 = CARTESIAN_POINT('',(7.631814632785E-04,-0.391480112437));
#3527 = VECTOR('',#3528,1.);
#3528 = DIRECTION('',(-0.125770017418,-0.992059424994));
#3529 = ( GEOMETRIC_REPRESENTATION_CONTEXT(2) 
PARAMETRIC_REPRESENTATION_CONTEXT() REPRESENTATION_CONTEXT('2D SPACE',''
  ) );
#3530 = ORIENTED_EDGE('',*,*,#3312,.T.);
#3531 = ADVANCED_FACE('',(#3532),#3547,.T.);
#3532 = FACE_BOUND('',#3533,.T.);
#3533 = EDGE_LOOP('',(#3534,#3565,#3593,#3622));
#3534 = ORIENTED_EDGE('',*,*,#3535,.F.);
#3535 = EDGE_CURVE('',#3536,#3538,#3540,.T.);
#3536 = VERTEX_POINT('',#3537);
#3537 = CARTESIAN_POINT('',(-0.477731149053,0.11147067768,1.9100001));
#3538 = VERTEX_POINT('',#3539);
#3539 = CARTESIAN_POINT('',(-0.557651780611,0.20539476328,1.9100001));
#3540 = SURFACE_CURVE('',#3541,(#3546,#3558),.PCURVE_S1.);
#3541 = CIRCLE('',#3542,0.1045);
#3542 = AXIS2_PLACEMENT_3D('',#3543,#3544,#3545);
#3543 = CARTESIAN_POINT('',(-0.453436789279,0.21310745293,1.9100001));
#3544 = DIRECTION('',(1.686399053512E-16,-2.230873679871E-17,-1.));
#3545 = DIRECTION('',(-0.997272644326,-7.380564258963E-02,
    -1.665334536938E-16));
#3546 = PCURVE('',#3547,#3552);
#3547 = CYLINDRICAL_SURFACE('',#3548,0.1045);
#3548 = AXIS2_PLACEMENT_3D('',#3549,#3550,#3551);
#3549 = CARTESIAN_POINT('',(-0.453436789279,0.21310745293,4.8000001));
#3550 = DIRECTION('',(2.638984874572E-49,-8.19333394335E-32,-1.));
#3551 = DIRECTION('',(-0.997272644326,-7.380564258963E-02,
    -1.665334536938E-16));
#3552 = DEFINITIONAL_REPRESENTATION('',(#3553),#3557);
#3553 = LINE('',#3554,#3555);
#3554 = CARTESIAN_POINT('',(-8.881784197001E-16,2.89));
#3555 = VECTOR('',#3556,1.);
#3556 = DIRECTION('',(1.,0.));
#3557 = ( GEOMETRIC_REPRESENTATION_CONTEXT(2) 
PARAMETRIC_REPRESENTATION_CONTEXT() REPRESENTATION_CONTEXT('2D SPACE',''
  ) );
#3558 = PCURVE('',#225,#3559);
#3559 = DEFINITIONAL_REPRESENTATION('',(#3560),#3564);
#3560 = CIRCLE('',#3561,0.1045);
#3561 = AXIS2_PLACEMENT_2D('',#3562,#3563);
#3562 = CARTESIAN_POINT('',(0.484105003483,-0.315682002687));
#3563 = DIRECTION('',(0.820141267084,-0.572161080489));
#3564 = ( GEOMETRIC_REPRESENTATION_CONTEXT(2) 
PARAMETRIC_REPRESENTATION_CONTEXT() REPRESENTATION_CONTEXT('2D SPACE',''
  ) );
#3565 = ORIENTED_EDGE('',*,*,#3566,.F.);
#3566 = EDGE_CURVE('',#3567,#3536,#3569,.T.);
#3567 = VERTEX_POINT('',#3568);
#3568 = CARTESIAN_POINT('',(-0.477731149053,0.11147067768,3.4700001));
#3569 = SURFACE_CURVE('',#3570,(#3574,#3581),.PCURVE_S1.);
#3570 = LINE('',#3571,#3572);
#3571 = CARTESIAN_POINT('',(-0.477731149053,0.11147067768,4.8000001));
#3572 = VECTOR('',#3573,1.);
#3573 = DIRECTION('',(2.638984874572E-49,-8.19333394335E-32,-1.));
#3574 = PCURVE('',#3547,#3575);
#3575 = DEFINITIONAL_REPRESENTATION('',(#3576),#3580);
#3576 = LINE('',#3577,#3578);
#3577 = CARTESIAN_POINT('',(5.020890532191,0.));
#3578 = VECTOR('',#3579,1.);
#3579 = DIRECTION('',(0.,1.));
#3580 = ( GEOMETRIC_REPRESENTATION_CONTEXT(2) 
PARAMETRIC_REPRESENTATION_CONTEXT() REPRESENTATION_CONTEXT('2D SPACE',''
  ) );
#3581 = PCURVE('',#3582,#3587);
#3582 = PLANE('',#3583);
#3583 = AXIS2_PLACEMENT_3D('',#3584,#3585,#3586);
#3584 = CARTESIAN_POINT('',(-0.477731149053,0.11147067768,4.8000001));
#3585 = DIRECTION('',(0.23248191171,0.972600720094,-8.391760611413E-32)
  );
#3586 = DIRECTION('',(0.972600720094,-0.23248191171,5.551115123126E-17)
  );
#3587 = DEFINITIONAL_REPRESENTATION('',(#3588),#3592);
#3588 = LINE('',#3589,#3590);
#3589 = CARTESIAN_POINT('',(0.,0.));
#3590 = VECTOR('',#3591,1.);
#3591 = DIRECTION('',(-5.551115123126E-17,1.));
#3592 = ( GEOMETRIC_REPRESENTATION_CONTEXT(2) 
PARAMETRIC_REPRESENTATION_CONTEXT() REPRESENTATION_CONTEXT('2D SPACE',''
  ) );
#3593 = ORIENTED_EDGE('',*,*,#3594,.F.);
#3594 = EDGE_CURVE('',#3595,#3567,#3597,.T.);
#3595 = VERTEX_POINT('',#3596);
#3596 = CARTESIAN_POINT('',(-0.557651780611,0.20539476328,3.4700001));
#3597 = SURFACE_CURVE('',#3598,(#3603,#3610),.PCURVE_S1.);
#3598 = CIRCLE('',#3599,0.1045);
#3599 = AXIS2_PLACEMENT_3D('',#3600,#3601,#3602);
#3600 = CARTESIAN_POINT('',(-0.453436789279,0.21310745293,3.4700001));
#3601 = DIRECTION('',(-1.686399053512E-16,2.230873679871E-17,1.));
#3602 = DIRECTION('',(-0.997272644326,-7.380564258963E-02,
    -1.665334536938E-16));
#3603 = PCURVE('',#3547,#3604);
#3604 = DEFINITIONAL_REPRESENTATION('',(#3605),#3609);
#3605 = LINE('',#3606,#3607);
#3606 = CARTESIAN_POINT('',(6.28318530718,1.33));
#3607 = VECTOR('',#3608,1.);
#3608 = DIRECTION('',(-1.,0.));
#3609 = ( GEOMETRIC_REPRESENTATION_CONTEXT(2) 
PARAMETRIC_REPRESENTATION_CONTEXT() REPRESENTATION_CONTEXT('2D SPACE',''
  ) );
#3610 = PCURVE('',#3611,#3616);
#3611 = PLANE('',#3612);
#3612 = AXIS2_PLACEMENT_3D('',#3613,#3614,#3615);
#3613 = CARTESIAN_POINT('',(0.278834866759,0.498845226094,3.4700001));
#3614 = DIRECTION('',(-2.638984874572E-49,8.19333394335E-32,1.));
#3615 = DIRECTION('',(0.860133166356,-0.510069540489,1.110223024625E-16)
  );
#3616 = DEFINITIONAL_REPRESENTATION('',(#3617),#3621);
#3617 = CIRCLE('',#3618,0.1045);
#3618 = AXIS2_PLACEMENT_2D('',#3619,#3620);
#3619 = CARTESIAN_POINT('',(-0.484105003483,-0.619282002687));
#3620 = DIRECTION('',(-0.820141267084,-0.572161080489));
#3621 = ( GEOMETRIC_REPRESENTATION_CONTEXT(2) 
PARAMETRIC_REPRESENTATION_CONTEXT() REPRESENTATION_CONTEXT('2D SPACE',''
  ) );
#3622 = ORIENTED_EDGE('',*,*,#3623,.F.);
#3623 = EDGE_CURVE('',#3538,#3595,#3624,.T.);
#3624 = SURFACE_CURVE('',#3625,(#3629,#3636),.PCURVE_S1.);
#3625 = LINE('',#3626,#3627);
#3626 = CARTESIAN_POINT('',(-0.557651780611,0.20539476328,4.8000001));
#3627 = VECTOR('',#3628,1.);
#3628 = DIRECTION('',(-2.638984874572E-49,8.19333394335E-32,1.));
#3629 = PCURVE('',#3547,#3630);
#3630 = DEFINITIONAL_REPRESENTATION('',(#3631),#3635);
#3631 = LINE('',#3632,#3633);
#3632 = CARTESIAN_POINT('',(6.28318530718,0.));
#3633 = VECTOR('',#3634,1.);
#3634 = DIRECTION('',(0.,-1.));
#3635 = ( GEOMETRIC_REPRESENTATION_CONTEXT(2) 
PARAMETRIC_REPRESENTATION_CONTEXT() REPRESENTATION_CONTEXT('2D SPACE',''
  ) );
#3636 = PCURVE('',#3637,#3642);
#3637 = CYLINDRICAL_SURFACE('',#3638,0.1045);
#3638 = AXIS2_PLACEMENT_3D('',#3639,#3640,#3641);
#3639 = CARTESIAN_POINT('',(-0.484497258821,0.130771268711,4.8000001));
#3640 = DIRECTION('',(2.638984874572E-49,-8.19333394335E-32,-1.));
#3641 = DIRECTION('',(0.467832441788,0.883817179291,-2.775557561563E-17)
  );
#3642 = DEFINITIONAL_REPRESENTATION('',(#3643),#3647);
#3643 = LINE('',#3644,#3645);
#3644 = CARTESIAN_POINT('',(5.020890532191,0.));
#3645 = VECTOR('',#3646,1.);
#3646 = DIRECTION('',(0.,-1.));
#3647 = ( GEOMETRIC_REPRESENTATION_CONTEXT(2) 
PARAMETRIC_REPRESENTATION_CONTEXT() REPRESENTATION_CONTEXT('2D SPACE',''
  ) );
#3648 = ADVANCED_FACE('',(#3649),#3582,.F.);
#3649 = FACE_BOUND('',#3650,.T.);
#3650 = EDGE_LOOP('',(#3651,#3674,#3702,#3730,#3758,#3779));
#3651 = ORIENTED_EDGE('',*,*,#3652,.F.);
#3652 = EDGE_CURVE('',#3653,#3536,#3655,.T.);
#3653 = VERTEX_POINT('',#3654);
#3654 = CARTESIAN_POINT('',(-0.388026638041,9.002850127831E-02,1.9100001
    ));
#3655 = SURFACE_CURVE('',#3656,(#3660,#3667),.PCURVE_S1.);
#3656 = LINE('',#3657,#3658);
#3657 = CARTESIAN_POINT('',(-0.207409211952,4.68553022071E-02,1.9100001)
  );
#3658 = VECTOR('',#3659,1.);
#3659 = DIRECTION('',(-0.972600720094,0.23248191171,-5.551115123126E-17)
  );
#3660 = PCURVE('',#3582,#3661);
#3661 = DEFINITIONAL_REPRESENTATION('',(#3662),#3666);
#3662 = LINE('',#3663,#3664);
#3663 = CARTESIAN_POINT('',(0.277937216697,2.89));
#3664 = VECTOR('',#3665,1.);
#3665 = DIRECTION('',(-1.,5.551115123126E-17));
#3666 = ( GEOMETRIC_REPRESENTATION_CONTEXT(2) 
PARAMETRIC_REPRESENTATION_CONTEXT() REPRESENTATION_CONTEXT('2D SPACE',''
  ) );
#3667 = PCURVE('',#225,#3668);
#3668 = DEFINITIONAL_REPRESENTATION('',(#3669),#3673);
#3669 = LINE('',#3670,#3671);
#3670 = CARTESIAN_POINT('',(0.187688366261,-0.333189818187));
#3671 = VECTOR('',#3672,1.);
#3672 = DIRECTION('',(0.955148078853,-0.296128599537));
#3673 = ( GEOMETRIC_REPRESENTATION_CONTEXT(2) 
PARAMETRIC_REPRESENTATION_CONTEXT() REPRESENTATION_CONTEXT('2D SPACE',''
  ) );
#3674 = ORIENTED_EDGE('',*,*,#3675,.F.);
#3675 = EDGE_CURVE('',#3676,#3653,#3678,.T.);
#3676 = VERTEX_POINT('',#3677);
#3677 = CARTESIAN_POINT('',(-0.388026638041,9.002850127831E-02,3.7200001
    ));
#3678 = SURFACE_CURVE('',#3679,(#3683,#3690),.PCURVE_S1.);
#3679 = LINE('',#3680,#3681);
#3680 = CARTESIAN_POINT('',(-0.388026638041,9.002850127831E-02,4.8000001
    ));
#3681 = VECTOR('',#3682,1.);
#3682 = DIRECTION('',(2.638984874572E-49,-8.19333394335E-32,-1.));
#3683 = PCURVE('',#3582,#3684);
#3684 = DEFINITIONAL_REPRESENTATION('',(#3685),#3689);
#3685 = LINE('',#3686,#3687);
#3686 = CARTESIAN_POINT('',(9.223159016649E-02,-7.979727989493E-16));
#3687 = VECTOR('',#3688,1.);
#3688 = DIRECTION('',(-5.551115123126E-17,1.));
#3689 = ( GEOMETRIC_REPRESENTATION_CONTEXT(2) 
PARAMETRIC_REPRESENTATION_CONTEXT() REPRESENTATION_CONTEXT('2D SPACE',''
  ) );
#3690 = PCURVE('',#3691,#3696);
#3691 = CYLINDRICAL_SURFACE('',#3692,8.665846684763E-02);
#3692 = AXIS2_PLACEMENT_3D('',#3693,#3694,#3695);
#3693 = CARTESIAN_POINT('',(-0.40817316408,5.744414020051E-03,4.8000001)
  );
#3694 = DIRECTION('',(2.638984874572E-49,-8.19333394335E-32,-1.));
#3695 = DIRECTION('',(-0.209726289734,0.97776013592,-4.163336342344E-17)
  );
#3696 = DEFINITIONAL_REPRESENTATION('',(#3697),#3701);
#3697 = LINE('',#3698,#3699);
#3698 = CARTESIAN_POINT('',(0.445923753197,0.));
#3699 = VECTOR('',#3700,1.);
#3700 = DIRECTION('',(0.,1.));
#3701 = ( GEOMETRIC_REPRESENTATION_CONTEXT(2) 
PARAMETRIC_REPRESENTATION_CONTEXT() REPRESENTATION_CONTEXT('2D SPACE',''
  ) );
#3702 = ORIENTED_EDGE('',*,*,#3703,.F.);
#3703 = EDGE_CURVE('',#3704,#3676,#3706,.T.);
#3704 = VERTEX_POINT('',#3705);
#3705 = CARTESIAN_POINT('',(-0.402900155605,9.358373594521E-02,3.7200001
    ));
#3706 = SURFACE_CURVE('',#3707,(#3711,#3718),.PCURVE_S1.);
#3707 = LINE('',#3708,#3709);
#3708 = CARTESIAN_POINT('',(-0.189768299992,4.263857395248E-02,3.7200001
    ));
#3709 = VECTOR('',#3710,1.);
#3710 = DIRECTION('',(0.972600720094,-0.23248191171,5.551115123126E-17)
  );
#3711 = PCURVE('',#3582,#3712);
#3712 = DEFINITIONAL_REPRESENTATION('',(#3713),#3717);
#3713 = LINE('',#3714,#3715);
#3714 = CARTESIAN_POINT('',(0.296075093419,1.08));
#3715 = VECTOR('',#3716,1.);
#3716 = DIRECTION('',(1.,-5.551115123126E-17));
#3717 = ( GEOMETRIC_REPRESENTATION_CONTEXT(2) 
PARAMETRIC_REPRESENTATION_CONTEXT() REPRESENTATION_CONTEXT('2D SPACE',''
  ) );
#3718 = PCURVE('',#3719,#3724);
#3719 = PLANE('',#3720);
#3720 = AXIS2_PLACEMENT_3D('',#3721,#3722,#3723);
#3721 = CARTESIAN_POINT('',(0.186461272976,0.343075109667,3.7200001));
#3722 = DIRECTION('',(-2.638984874572E-49,8.19333394335E-32,1.));
#3723 = DIRECTION('',(0.860133166356,-0.510069540489,1.110223024625E-16)
  );
#3724 = DEFINITIONAL_REPRESENTATION('',(#3725),#3729);
#3725 = LINE('',#3726,#3727);
#3726 = CARTESIAN_POINT('',(-0.170364008156,-0.450318674155));
#3727 = VECTOR('',#3728,1.);
#3728 = DIRECTION('',(0.955148078853,0.296128599537));
#3729 = ( GEOMETRIC_REPRESENTATION_CONTEXT(2) 
PARAMETRIC_REPRESENTATION_CONTEXT() REPRESENTATION_CONTEXT('2D SPACE',''
  ) );
#3730 = ORIENTED_EDGE('',*,*,#3731,.F.);
#3731 = EDGE_CURVE('',#3732,#3704,#3734,.T.);
#3732 = VERTEX_POINT('',#3733);
#3733 = CARTESIAN_POINT('',(-0.402900155605,9.358373594521E-02,3.4700001
    ));
#3734 = SURFACE_CURVE('',#3735,(#3739,#3746),.PCURVE_S1.);
#3735 = LINE('',#3736,#3737);
#3736 = CARTESIAN_POINT('',(-0.402900155605,9.358373594521E-02,3.5950001
    ));
#3737 = VECTOR('',#3738,1.);
#3738 = DIRECTION('',(-2.638984874572E-49,8.19333394335E-32,1.));
#3739 = PCURVE('',#3582,#3740);
#3740 = DEFINITIONAL_REPRESENTATION('',(#3741),#3745);
#3741 = LINE('',#3742,#3743);
#3742 = CARTESIAN_POINT('',(7.693906852148E-02,1.205));
#3743 = VECTOR('',#3744,1.);
#3744 = DIRECTION('',(5.551115123126E-17,-1.));
#3745 = ( GEOMETRIC_REPRESENTATION_CONTEXT(2) 
PARAMETRIC_REPRESENTATION_CONTEXT() REPRESENTATION_CONTEXT('2D SPACE',''
  ) );
#3746 = PCURVE('',#3747,#3752);
#3747 = CYLINDRICAL_SURFACE('',#3748,0.3975);
#3748 = AXIS2_PLACEMENT_3D('',#3749,#3750,#3751);
#3749 = CARTESIAN_POINT('',(-1.62913693679E-02,1.172176040352E-03,
    3.5950001));
#3750 = DIRECTION('',(2.638984874572E-49,-8.19333394335E-32,-1.));
#3751 = DIRECTION('',(0.510069540489,0.860133166356,-7.421371871181E-32)
  );
#3752 = DEFINITIONAL_REPRESENTATION('',(#3753),#3757);
#3753 = LINE('',#3754,#3755);
#3754 = CARTESIAN_POINT('',(4.411752081385,0.));
#3755 = VECTOR('',#3756,1.);
#3756 = DIRECTION('',(0.,-1.));
#3757 = ( GEOMETRIC_REPRESENTATION_CONTEXT(2) 
PARAMETRIC_REPRESENTATION_CONTEXT() REPRESENTATION_CONTEXT('2D SPACE',''
  ) );
#3758 = ORIENTED_EDGE('',*,*,#3759,.F.);
#3759 = EDGE_CURVE('',#3567,#3732,#3760,.T.);
#3760 = SURFACE_CURVE('',#3761,(#3765,#3772),.PCURVE_S1.);
#3761 = LINE('',#3762,#3763);
#3762 = CARTESIAN_POINT('',(-0.163688551779,3.640470058994E-02,3.4700001
    ));
#3763 = VECTOR('',#3764,1.);
#3764 = DIRECTION('',(0.972600720094,-0.23248191171,5.551115123126E-17)
  );
#3765 = PCURVE('',#3582,#3766);
#3766 = DEFINITIONAL_REPRESENTATION('',(#3767),#3771);
#3767 = LINE('',#3768,#3769);
#3768 = CARTESIAN_POINT('',(0.322889538107,1.33));
#3769 = VECTOR('',#3770,1.);
#3770 = DIRECTION('',(1.,-5.551115123126E-17));
#3771 = ( GEOMETRIC_REPRESENTATION_CONTEXT(2) 
PARAMETRIC_REPRESENTATION_CONTEXT() REPRESENTATION_CONTEXT('2D SPACE',''
  ) );
#3772 = PCURVE('',#3611,#3773);
#3773 = DEFINITIONAL_REPRESENTATION('',(#3774),#3778);
#3774 = LINE('',#3775,#3776);
#3775 = CARTESIAN_POINT('',(-0.144752242827,-0.623478150202));
#3776 = VECTOR('',#3777,1.);
#3777 = DIRECTION('',(0.955148078853,0.296128599537));
#3778 = ( GEOMETRIC_REPRESENTATION_CONTEXT(2) 
PARAMETRIC_REPRESENTATION_CONTEXT() REPRESENTATION_CONTEXT('2D SPACE',''
  ) );
#3779 = ORIENTED_EDGE('',*,*,#3566,.T.);
#3780 = ADVANCED_FACE('',(#3781),#3691,.F.);
#3781 = FACE_BOUND('',#3782,.F.);
#3782 = EDGE_LOOP('',(#3783,#3784,#3812,#3938,#3966,#3994));
#3783 = ORIENTED_EDGE('',*,*,#3675,.F.);
#3784 = ORIENTED_EDGE('',*,*,#3785,.T.);
#3785 = EDGE_CURVE('',#3676,#3786,#3788,.T.);
#3786 = VERTEX_POINT('',#3787);
#3787 = CARTESIAN_POINT('',(-0.383477867551,8.880964264027E-02,3.7200001
    ));
#3788 = SURFACE_CURVE('',#3789,(#3794,#3801),.PCURVE_S1.);
#3789 = CIRCLE('',#3790,8.665846684763E-02);
#3790 = AXIS2_PLACEMENT_3D('',#3791,#3792,#3793);
#3791 = CARTESIAN_POINT('',(-0.40817316408,5.744414020051E-03,3.7200001)
  );
#3792 = DIRECTION('',(6.300820161289E-17,-2.906529529314E-17,-1.));
#3793 = DIRECTION('',(-0.209726289734,0.97776013592,-4.163336342344E-17)
  );
#3794 = PCURVE('',#3691,#3795);
#3795 = DEFINITIONAL_REPRESENTATION('',(#3796),#3800);
#3796 = LINE('',#3797,#3798);
#3797 = CARTESIAN_POINT('',(-6.661338147751E-16,1.08));
#3798 = VECTOR('',#3799,1.);
#3799 = DIRECTION('',(1.,0.));
#3800 = ( GEOMETRIC_REPRESENTATION_CONTEXT(2) 
PARAMETRIC_REPRESENTATION_CONTEXT() REPRESENTATION_CONTEXT('2D SPACE',''
  ) );
#3801 = PCURVE('',#3719,#3802);
#3802 = DEFINITIONAL_REPRESENTATION('',(#3803),#3811);
#3803 = ( BOUNDED_CURVE() B_SPLINE_CURVE(2,(#3804,#3805,#3806,#3807,
#3808,#3809,#3810),.UNSPECIFIED.,.T.,.F.) B_SPLINE_CURVE_WITH_KNOTS((1,2
    ,2,2,2,1),(-2.094395102393,0.,2.094395102393,4.188790204786,
6.28318530718,8.377580409573),.UNSPECIFIED.) CURVE() 
GEOMETRIC_REPRESENTATION_ITEM() RATIONAL_B_SPLINE_CURVE((1.,0.5,1.,0.5,
1.,0.5,1.)) REPRESENTATION_ITEM('') );
#3804 = CARTESIAN_POINT('',(-0.398254030346,-0.529844411779));
#3805 = CARTESIAN_POINT('',(-0.288078587397,-0.427910897172));
#3806 = CARTESIAN_POINT('',(-0.254889295725,-0.574292386943));
#3807 = CARTESIAN_POINT('',(-0.221700004053,-0.720673876713));
#3808 = CARTESIAN_POINT('',(-0.365064738674,-0.67622590155));
#3809 = CARTESIAN_POINT('',(-0.508429473295,-0.631777926386));
#3810 = CARTESIAN_POINT('',(-0.398254030346,-0.529844411779));
#3811 = ( GEOMETRIC_REPRESENTATION_CONTEXT(2) 
PARAMETRIC_REPRESENTATION_CONTEXT() REPRESENTATION_CONTEXT('2D SPACE',''
  ) );
#3812 = ORIENTED_EDGE('',*,*,#3813,.T.);
#3813 = EDGE_CURVE('',#3786,#3814,#3816,.T.);
#3814 = VERTEX_POINT('',#3815);
#3815 = CARTESIAN_POINT('',(-0.385422635197,-7.787438357902E-02,
    3.7200001));
#3816 = SURFACE_CURVE('',#3817,(#3836,#3887),.PCURVE_S1.);
#3817 = B_SPLINE_CURVE_WITH_KNOTS('',3,(#3818,#3819,#3820,#3821,#3822,
    #3823,#3824,#3825,#3826,#3827,#3828,#3829,#3830,#3831,#3832,#3833,
    #3834,#3835),.UNSPECIFIED.,.F.,.F.,(4,2,2,2,2,2,2,2,4),(
    3.689280396767E-02,4.035428098012E-02,4.447304968898E-02,
    4.720286574133E-02,4.993268179369E-02,5.266249784604E-02,
    5.53923138984E-02,5.951108260725E-02,6.29725596197E-02),
  .UNSPECIFIED.);
#3818 = CARTESIAN_POINT('',(-0.383477867551,8.880964264027E-02,3.7200001
    ));
#3819 = CARTESIAN_POINT('',(-0.375453380671,8.642396229849E-02,
    3.711641005381));
#3820 = CARTESIAN_POINT('',(-0.367289700334,8.269307248483E-02,
    3.702823925186));
#3821 = CARTESIAN_POINT('',(-0.350761253648,7.155344532009E-02,
    3.684273741552));
#3822 = CARTESIAN_POINT('',(-0.342654917245,6.358111957504E-02,
    3.674675449391));
#3823 = CARTESIAN_POINT('',(-0.332134531309,4.798252859645E-02,
    3.661746754879));
#3824 = CARTESIAN_POINT('',(-0.328196204778,4.031317506998E-02,
    3.656739018543));
#3825 = CARTESIAN_POINT('',(-0.32283803763,2.324007872241E-02,
    3.649734174959));
#3826 = CARTESIAN_POINT('',(-0.321414436077,1.383217221067E-02,3.6477501
    ));
#3827 = CARTESIAN_POINT('',(-0.321626753828,-4.365362916783E-03,
    3.6477501));
#3828 = CARTESIAN_POINT('',(-0.32326946941,-1.373749350871E-02,
    3.649734174959));
#3829 = CARTESIAN_POINT('',(-0.329024520706,-3.068092759553E-02,
    3.656739018543));
#3830 = CARTESIAN_POINT('',(-0.333140713478,-3.825630589897E-02,
    3.661746754879));
#3831 = CARTESIAN_POINT('',(-0.344022175732,-5.360519315451E-02,
    3.674675449391));
#3832 = CARTESIAN_POINT('',(-0.352312312593,-6.138621484105E-02,
    3.684273741552));
#3833 = CARTESIAN_POINT('',(-0.369096165305,-7.213717439592E-02,
    3.702823925186));
#3834 = CARTESIAN_POINT('',(-0.377344670982,-7.567657682427E-02,
    3.711641005381));
#3835 = CARTESIAN_POINT('',(-0.385422635197,-7.787438357902E-02,
    3.7200001));
#3836 = PCURVE('',#3691,#3837);
#3837 = DEFINITIONAL_REPRESENTATION('',(#3838),#3886);
#3838 = B_SPLINE_CURVE_WITH_KNOTS('',3,(#3839,#3840,#3841,#3842,#3843,
    #3844,#3845,#3846,#3847,#3848,#3849,#3850,#3851,#3852,#3853,#3854,
    #3855,#3856,#3857,#3858,#3859,#3860,#3861,#3862,#3863,#3864,#3865,
    #3866,#3867,#3868,#3869,#3870,#3871,#3872,#3873,#3874,#3875,#3876,
    #3877,#3878,#3879,#3880,#3881,#3882,#3883,#3884,#3885),
  .UNSPECIFIED.,.F.,.F.,(4,1,1,1,1,1,1,1,1,1,1,1,1,1,1,1,1,1,1,1,1,1,1,1
    ,1,1,1,1,1,1,1,1,1,1,1,1,1,1,1,1,1,1,1,1,4),(3.689280396767E-02,
    3.748552568704E-02,3.80782474064E-02,3.867096912577E-02,
    3.926369084513E-02,3.98564125645E-02,4.044913428386E-02,
    4.104185600322E-02,4.163457772259E-02,4.222729944195E-02,
    4.282002116132E-02,4.341274288068E-02,4.400546460005E-02,
    4.459818631941E-02,4.519090803877E-02,4.578362975814E-02,
    4.63763514775E-02,4.696907319687E-02,4.756179491623E-02,
    4.81545166356E-02,4.874723835496E-02,4.933996007432E-02,
    4.993268179369E-02,5.052540351305E-02,5.111812523242E-02,
    5.171084695178E-02,5.230356867114E-02,5.289629039051E-02,
    5.348901210987E-02,5.408173382924E-02,5.46744555486E-02,
    5.526717726797E-02,5.585989898733E-02,5.645262070669E-02,
    5.704534242606E-02,5.763806414542E-02,5.823078586479E-02,
    5.882350758415E-02,5.941622930352E-02,6.000895102288E-02,
    6.060167274224E-02,6.119439446161E-02,6.178711618097E-02,
    6.237983790034E-02,6.29725596197E-02),.QUASI_UNIFORM_KNOTS.);
#3839 = CARTESIAN_POINT('',(0.500272953466,1.08));
#3840 = CARTESIAN_POINT('',(0.516815342244,1.081431359191));
#3841 = CARTESIAN_POINT('',(0.550248354473,1.084320934954));
#3842 = CARTESIAN_POINT('',(0.601331345817,1.088711642087));
#3843 = CARTESIAN_POINT('',(0.653233715515,1.093134470948));
#3844 = CARTESIAN_POINT('',(0.705851391604,1.097565175639));
#3845 = CARTESIAN_POINT('',(0.759091980464,1.101979599917));
#3846 = CARTESIAN_POINT('',(0.81288011998,1.106353253057));
#3847 = CARTESIAN_POINT('',(0.86715921295,1.110662981072));
#3848 = CARTESIAN_POINT('',(0.921883164747,1.11488522518));
#3849 = CARTESIAN_POINT('',(0.976999232193,1.118995681187));
#3850 = CARTESIAN_POINT('',(1.032474529346,1.12297115803));
#3851 = CARTESIAN_POINT('',(1.088215723939,1.12678475753));
#3852 = CARTESIAN_POINT('',(1.14438353069,1.130423296835));
#3853 = CARTESIAN_POINT('',(1.200234624186,1.133822438906));
#3854 = CARTESIAN_POINT('',(1.258883341898,1.137132969582));
#3855 = CARTESIAN_POINT('',(1.32050924575,1.14030924069));
#3856 = CARTESIAN_POINT('',(1.384443983195,1.143257202609));
#3857 = CARTESIAN_POINT('',(1.450304054551,1.145897621601));
#3858 = CARTESIAN_POINT('',(1.51775856622,1.148140401835));
#3859 = CARTESIAN_POINT('',(1.586417581338,1.149932217614));
#3860 = CARTESIAN_POINT('',(1.655682179154,1.151249724871));
#3861 = CARTESIAN_POINT('',(1.725084547424,1.152062907628));
#3862 = CARTESIAN_POINT('',(1.793758203393,1.152343546186));
#3863 = CARTESIAN_POINT('',(1.862431859362,1.152062907628));
#3864 = CARTESIAN_POINT('',(1.931834227633,1.151249724871));
#3865 = CARTESIAN_POINT('',(2.001098825448,1.149932217614));
#3866 = CARTESIAN_POINT('',(2.069757840566,1.148140401835));
#3867 = CARTESIAN_POINT('',(2.137212352236,1.145897621601));
#3868 = CARTESIAN_POINT('',(2.203072423591,1.143257202609));
#3869 = CARTESIAN_POINT('',(2.267007161036,1.14030924069));
#3870 = CARTESIAN_POINT('',(2.328633064888,1.137132969582));
#3871 = CARTESIAN_POINT('',(2.3872817826,1.133822438906));
#3872 = CARTESIAN_POINT('',(2.443132876097,1.130423296835));
#3873 = CARTESIAN_POINT('',(2.499300682847,1.12678475753));
#3874 = CARTESIAN_POINT('',(2.55504187744,1.12297115803));
#3875 = CARTESIAN_POINT('',(2.610517174593,1.118995681187));
#3876 = CARTESIAN_POINT('',(2.66563324204,1.11488522518));
#3877 = CARTESIAN_POINT('',(2.720357193836,1.110662981072));
#3878 = CARTESIAN_POINT('',(2.774636286807,1.106353253057));
#3879 = CARTESIAN_POINT('',(2.828424426323,1.101979599917));
#3880 = CARTESIAN_POINT('',(2.881665015182,1.097565175639));
#3881 = CARTESIAN_POINT('',(2.934282691272,1.093134470948));
#3882 = CARTESIAN_POINT('',(2.986185060969,1.088711642087));
#3883 = CARTESIAN_POINT('',(3.037268052313,1.084320934954));
#3884 = CARTESIAN_POINT('',(3.070701064542,1.081431359191));
#3885 = CARTESIAN_POINT('',(3.08724345332,1.08));
#3886 = ( GEOMETRIC_REPRESENTATION_CONTEXT(2) 
PARAMETRIC_REPRESENTATION_CONTEXT() REPRESENTATION_CONTEXT('2D SPACE',''
  ) );
#3887 = PCURVE('',#559,#3888);
#3888 = DEFINITIONAL_REPRESENTATION('',(#3889),#3937);
#3889 = B_SPLINE_CURVE_WITH_KNOTS('',3,(#3890,#3891,#3892,#3893,#3894,
    #3895,#3896,#3897,#3898,#3899,#3900,#3901,#3902,#3903,#3904,#3905,
    #3906,#3907,#3908,#3909,#3910,#3911,#3912,#3913,#3914,#3915,#3916,
    #3917,#3918,#3919,#3920,#3921,#3922,#3923,#3924,#3925,#3926,#3927,
    #3928,#3929,#3930,#3931,#3932,#3933,#3934,#3935,#3936),
  .UNSPECIFIED.,.F.,.F.,(4,1,1,1,1,1,1,1,1,1,1,1,1,1,1,1,1,1,1,1,1,1,1,1
    ,1,1,1,1,1,1,1,1,1,1,1,1,1,1,1,1,1,1,1,1,4),(3.689280396767E-02,
    3.748552568704E-02,3.80782474064E-02,3.867096912577E-02,
    3.926369084513E-02,3.98564125645E-02,4.044913428386E-02,
    4.104185600322E-02,4.163457772259E-02,4.222729944195E-02,
    4.282002116132E-02,4.341274288068E-02,4.400546460005E-02,
    4.459818631941E-02,4.519090803877E-02,4.578362975814E-02,
    4.63763514775E-02,4.696907319687E-02,4.756179491623E-02,
    4.81545166356E-02,4.874723835496E-02,4.933996007432E-02,
    4.993268179369E-02,5.052540351305E-02,5.111812523242E-02,
    5.171084695178E-02,5.230356867114E-02,5.289629039051E-02,
    5.348901210987E-02,5.408173382924E-02,5.46744555486E-02,
    5.526717726797E-02,5.585989898733E-02,5.645262070669E-02,
    5.704534242606E-02,5.763806414542E-02,5.823078586479E-02,
    5.882350758415E-02,5.941622930352E-02,6.000895102288E-02,
    6.060167274224E-02,6.119439446161E-02,6.178711618097E-02,
    6.237983790034E-02,6.29725596197E-02),.QUASI_UNIFORM_KNOTS.);
#3890 = CARTESIAN_POINT('',(8.154957489086,5.E-02));
#3891 = CARTESIAN_POINT('',(8.155165223527,4.856866202331E-02));
#3892 = CARTESIAN_POINT('',(8.155783012138,4.567937550601E-02));
#3893 = CARTESIAN_POINT('',(8.157355969723,4.128935938104E-02));
#3894 = CARTESIAN_POINT('',(8.15961376158,3.686689029655E-02));
#3895 = CARTESIAN_POINT('',(8.162597592895,3.243599347863E-02));
#3896 = CARTESIAN_POINT('',(8.166349608489,2.802092868392E-02));
#3897 = CARTESIAN_POINT('',(8.170914285312,2.364653041091E-02));
#3898 = CARTESIAN_POINT('',(8.176331845923,1.93371881917E-02));
#3899 = CARTESIAN_POINT('',(8.182612994377,1.511566181646E-02));
#3900 = CARTESIAN_POINT('',(8.189768151025,1.100567689429E-02));
#3901 = CARTESIAN_POINT('',(8.197807753782,7.030172396556E-03));
#3902 = CARTESIAN_POINT('',(8.206725291808,3.216082266519E-03));
#3903 = CARTESIAN_POINT('',(8.216559963297,-4.231432845463E-04));
#3904 = CARTESIAN_POINT('',(8.227157759355,-3.822547694592E-03));
#3905 = CARTESIAN_POINT('',(8.239144566988,-7.132583601777E-03));
#3906 = CARTESIAN_POINT('',(8.252623568458,-1.030837812497E-02));
#3907 = CARTESIAN_POINT('',(8.267494277127,-1.325618683269E-02));
#3908 = CARTESIAN_POINT('',(8.283679733644,-1.589687051975E-02));
#3909 = CARTESIAN_POINT('',(8.301080903905,-1.814153229421E-02));
#3910 = CARTESIAN_POINT('',(8.319484647611,-1.9936595448E-02));
#3911 = CARTESIAN_POINT('',(8.338580481139,-2.125441446879E-02));
#3912 = CARTESIAN_POINT('',(8.358085000517,-2.206488855732E-02));
#3913 = CARTESIAN_POINT('',(8.377580409573,-2.234255572134E-02));
#3914 = CARTESIAN_POINT('',(8.397075818628,-2.206488855732E-02));
#3915 = CARTESIAN_POINT('',(8.416580338007,-2.125441446879E-02));
#3916 = CARTESIAN_POINT('',(8.435676171534,-1.9936595448E-02));
#3917 = CARTESIAN_POINT('',(8.454079915241,-1.814153229421E-02));
#3918 = CARTESIAN_POINT('',(8.471481085502,-1.589687051975E-02));
#3919 = CARTESIAN_POINT('',(8.487666542019,-1.325618683269E-02));
#3920 = CARTESIAN_POINT('',(8.502537250687,-1.030837812497E-02));
#3921 = CARTESIAN_POINT('',(8.516016252158,-7.132583601777E-03));
#3922 = CARTESIAN_POINT('',(8.52800305979,-3.822547694593E-03));
#3923 = CARTESIAN_POINT('',(8.538600855849,-4.231432845465E-04));
#3924 = CARTESIAN_POINT('',(8.548435527337,3.216082266518E-03));
#3925 = CARTESIAN_POINT('',(8.557353065364,7.030172396556E-03));
#3926 = CARTESIAN_POINT('',(8.56539266812,1.100567689429E-02));
#3927 = CARTESIAN_POINT('',(8.572547824769,1.511566181646E-02));
#3928 = CARTESIAN_POINT('',(8.578828973223,1.93371881917E-02));
#3929 = CARTESIAN_POINT('',(8.584246533833,2.364653041091E-02));
#3930 = CARTESIAN_POINT('',(8.588811210656,2.802092868392E-02));
#3931 = CARTESIAN_POINT('',(8.59256322625,3.243599347863E-02));
#3932 = CARTESIAN_POINT('',(8.595547057565,3.686689029655E-02));
#3933 = CARTESIAN_POINT('',(8.597804849422,4.128935938104E-02));
#3934 = CARTESIAN_POINT('',(8.599377807007,4.567937550601E-02));
#3935 = CARTESIAN_POINT('',(8.599995595618,4.856866202331E-02));
#3936 = CARTESIAN_POINT('',(8.60020333006,5.E-02));
#3937 = ( GEOMETRIC_REPRESENTATION_CONTEXT(2) 
PARAMETRIC_REPRESENTATION_CONTEXT() REPRESENTATION_CONTEXT('2D SPACE',''
  ) );
#3938 = ORIENTED_EDGE('',*,*,#3939,.T.);
#3939 = EDGE_CURVE('',#3814,#3940,#3942,.T.);
#3940 = VERTEX_POINT('',#3941);
#3941 = CARTESIAN_POINT('',(-0.389998605354,-7.898678030352E-02,
    3.7200001));
#3942 = SURFACE_CURVE('',#3943,(#3948,#3955),.PCURVE_S1.);
#3943 = CIRCLE('',#3944,8.665846684763E-02);
#3944 = AXIS2_PLACEMENT_3D('',#3945,#3946,#3947);
#3945 = CARTESIAN_POINT('',(-0.40817316408,5.744414020051E-03,3.7200001)
  );
#3946 = DIRECTION('',(6.300820161289E-17,-2.906529529314E-17,-1.));
#3947 = DIRECTION('',(-0.209726289734,0.97776013592,-4.163336342344E-17)
  );
#3948 = PCURVE('',#3691,#3949);
#3949 = DEFINITIONAL_REPRESENTATION('',(#3950),#3954);
#3950 = LINE('',#3951,#3952);
#3951 = CARTESIAN_POINT('',(-4.440892098501E-16,1.08));
#3952 = VECTOR('',#3953,1.);
#3953 = DIRECTION('',(1.,0.));
#3954 = ( GEOMETRIC_REPRESENTATION_CONTEXT(2) 
PARAMETRIC_REPRESENTATION_CONTEXT() REPRESENTATION_CONTEXT('2D SPACE',''
  ) );
#3955 = PCURVE('',#3064,#3956);
#3956 = DEFINITIONAL_REPRESENTATION('',(#3957),#3965);
#3957 = ( BOUNDED_CURVE() B_SPLINE_CURVE(2,(#3958,#3959,#3960,#3961,
#3962,#3963,#3964),.UNSPECIFIED.,.T.,.F.) B_SPLINE_CURVE_WITH_KNOTS((1,2
    ,2,2,2,1),(-2.094395102393,0.,2.094395102393,4.188790204786,
6.28318530718,8.377580409573),.UNSPECIFIED.) CURVE() 
GEOMETRIC_REPRESENTATION_ITEM() RATIONAL_B_SPLINE_CURVE((1.,0.5,1.,0.5,
1.,0.5,1.)) REPRESENTATION_ITEM('') );
#3958 = CARTESIAN_POINT('',(-0.398254030346,-0.529844411779));
#3959 = CARTESIAN_POINT('',(-0.288078587397,-0.427910897172));
#3960 = CARTESIAN_POINT('',(-0.254889295725,-0.574292386943));
#3961 = CARTESIAN_POINT('',(-0.221700004053,-0.720673876713));
#3962 = CARTESIAN_POINT('',(-0.365064738674,-0.67622590155));
#3963 = CARTESIAN_POINT('',(-0.508429473295,-0.631777926386));
#3964 = CARTESIAN_POINT('',(-0.398254030346,-0.529844411779));
#3965 = ( GEOMETRIC_REPRESENTATION_CONTEXT(2) 
PARAMETRIC_REPRESENTATION_CONTEXT() REPRESENTATION_CONTEXT('2D SPACE',''
  ) );
#3966 = ORIENTED_EDGE('',*,*,#3967,.T.);
#3967 = EDGE_CURVE('',#3940,#3968,#3970,.T.);
#3968 = VERTEX_POINT('',#3969);
#3969 = CARTESIAN_POINT('',(-0.389998605354,-7.898678030352E-02,
    1.9100001));
#3970 = SURFACE_CURVE('',#3971,(#3975,#3982),.PCURVE_S1.);
#3971 = LINE('',#3972,#3973);
#3972 = CARTESIAN_POINT('',(-0.389998605354,-7.898678030352E-02,
    4.8000001));
#3973 = VECTOR('',#3974,1.);
#3974 = DIRECTION('',(2.638984874572E-49,-8.19333394335E-32,-1.));
#3975 = PCURVE('',#3691,#3976);
#3976 = DEFINITIONAL_REPRESENTATION('',(#3977),#3981);
#3977 = LINE('',#3978,#3979);
#3978 = CARTESIAN_POINT('',(3.14159265359,0.));
#3979 = VECTOR('',#3980,1.);
#3980 = DIRECTION('',(0.,1.));
#3981 = ( GEOMETRIC_REPRESENTATION_CONTEXT(2) 
PARAMETRIC_REPRESENTATION_CONTEXT() REPRESENTATION_CONTEXT('2D SPACE',''
  ) );
#3982 = PCURVE('',#3983,#3988);
#3983 = PLANE('',#3984);
#3984 = AXIS2_PLACEMENT_3D('',#3985,#3986,#3987);
#3985 = CARTESIAN_POINT('',(-0.389998605354,-7.898678030352E-02,
    4.8000001));
#3986 = DIRECTION('',(0.209726289734,-0.97776013592,6.938893903907E-17)
  );
#3987 = DIRECTION('',(-0.97776013592,-0.209726289734,-1.665334536938E-16
    ));
#3988 = DEFINITIONAL_REPRESENTATION('',(#3989),#3993);
#3989 = LINE('',#3990,#3991);
#3990 = CARTESIAN_POINT('',(0.,0.));
#3991 = VECTOR('',#3992,1.);
#3992 = DIRECTION('',(1.807624886965E-16,1.));
#3993 = ( GEOMETRIC_REPRESENTATION_CONTEXT(2) 
PARAMETRIC_REPRESENTATION_CONTEXT() REPRESENTATION_CONTEXT('2D SPACE',''
  ) );
#3994 = ORIENTED_EDGE('',*,*,#3995,.T.);
#3995 = EDGE_CURVE('',#3968,#3653,#3996,.T.);
#3996 = SURFACE_CURVE('',#3997,(#4002,#4009),.PCURVE_S1.);
#3997 = CIRCLE('',#3998,8.665846684763E-02);
#3998 = AXIS2_PLACEMENT_3D('',#3999,#4000,#4001);
#3999 = CARTESIAN_POINT('',(-0.40817316408,5.744414020051E-03,1.9100001)
  );
#4000 = DIRECTION('',(-6.300820161289E-17,2.906529529314E-17,1.));
#4001 = DIRECTION('',(-0.209726289734,0.97776013592,-4.163336342344E-17)
  );
#4002 = PCURVE('',#3691,#4003);
#4003 = DEFINITIONAL_REPRESENTATION('',(#4004),#4008);
#4004 = LINE('',#4005,#4006);
#4005 = CARTESIAN_POINT('',(6.28318530718,2.89));
#4006 = VECTOR('',#4007,1.);
#4007 = DIRECTION('',(-1.,0.));
#4008 = ( GEOMETRIC_REPRESENTATION_CONTEXT(2) 
PARAMETRIC_REPRESENTATION_CONTEXT() REPRESENTATION_CONTEXT('2D SPACE',''
  ) );
#4009 = PCURVE('',#225,#4010);
#4010 = DEFINITIONAL_REPRESENTATION('',(#4011),#4019);
#4011 = ( BOUNDED_CURVE() B_SPLINE_CURVE(2,(#4012,#4013,#4014,#4015,
#4016,#4017,#4018),.UNSPECIFIED.,.T.,.F.) B_SPLINE_CURVE_WITH_KNOTS((1,2
    ,2,2,2,1),(-2.094395102393,0.,2.094395102393,4.188790204786,
6.28318530718,8.377580409573),.UNSPECIFIED.) CURVE() 
GEOMETRIC_REPRESENTATION_ITEM() RATIONAL_B_SPLINE_CURVE((1.,0.5,1.,0.5,
1.,0.5,1.)) REPRESENTATION_ITEM('') );
#4012 = CARTESIAN_POINT('',(0.398254030346,-0.407344411779));
#4013 = CARTESIAN_POINT('',(0.508429473295,-0.509277926386));
#4014 = CARTESIAN_POINT('',(0.365064738674,-0.55372590155));
#4015 = CARTESIAN_POINT('',(0.221700004053,-0.598173876713));
#4016 = CARTESIAN_POINT('',(0.254889295725,-0.451792386943));
#4017 = CARTESIAN_POINT('',(0.288078587397,-0.305410897172));
#4018 = CARTESIAN_POINT('',(0.398254030346,-0.407344411779));
#4019 = ( GEOMETRIC_REPRESENTATION_CONTEXT(2) 
PARAMETRIC_REPRESENTATION_CONTEXT() REPRESENTATION_CONTEXT('2D SPACE',''
  ) );
#4020 = ADVANCED_FACE('',(#4021),#2982,.T.);
#4021 = FACE_BOUND('',#4022,.T.);
#4022 = EDGE_LOOP('',(#4023,#4047,#4048,#4072));
#4023 = ORIENTED_EDGE('',*,*,#4024,.F.);
#4024 = EDGE_CURVE('',#2883,#4025,#4027,.T.);
#4025 = VERTEX_POINT('',#4026);
#4026 = CARTESIAN_POINT('',(-0.480178977491,-9.833016950538E-02,
    1.9100001));
#4027 = SURFACE_CURVE('',#4028,(#4033,#4040),.PCURVE_S1.);
#4028 = CIRCLE('',#4029,0.1045);
#4029 = AXIS2_PLACEMENT_3D('',#4030,#4031,#4032);
#4030 = CARTESIAN_POINT('',(-0.458262580214,-0.200506103709,1.9100001));
#4031 = DIRECTION('',(6.300820161289E-17,-2.906529529314E-17,-1.));
#4032 = DIRECTION('',(-0.209726289734,0.97776013592,-4.163336342344E-17)
  );
#4033 = PCURVE('',#2982,#4034);
#4034 = DEFINITIONAL_REPRESENTATION('',(#4035),#4039);
#4035 = LINE('',#4036,#4037);
#4036 = CARTESIAN_POINT('',(-8.881784197001E-16,2.89));
#4037 = VECTOR('',#4038,1.);
#4038 = DIRECTION('',(1.,0.));
#4039 = ( GEOMETRIC_REPRESENTATION_CONTEXT(2) 
PARAMETRIC_REPRESENTATION_CONTEXT() REPRESENTATION_CONTEXT('2D SPACE',''
  ) );
#4040 = PCURVE('',#225,#4041);
#4041 = DEFINITIONAL_REPRESENTATION('',(#4042),#4046);
#4042 = CIRCLE('',#4043,0.1045);
#4043 = AXIS2_PLACEMENT_2D('',#4044,#4045);
#4044 = CARTESIAN_POINT('',(0.277284149545,-0.673906229772));
#4045 = DIRECTION('',(0.679118200894,0.734028929413));
#4046 = ( GEOMETRIC_REPRESENTATION_CONTEXT(2) 
PARAMETRIC_REPRESENTATION_CONTEXT() REPRESENTATION_CONTEXT('2D SPACE',''
  ) );
#4047 = ORIENTED_EDGE('',*,*,#2968,.T.);
#4048 = ORIENTED_EDGE('',*,*,#4049,.F.);
#4049 = EDGE_CURVE('',#4050,#2940,#4052,.T.);
#4050 = VERTEX_POINT('',#4051);
#4051 = CARTESIAN_POINT('',(-0.480178977491,-9.833016950538E-02,
    3.4700001));
#4052 = SURFACE_CURVE('',#4053,(#4058,#4065),.PCURVE_S1.);
#4053 = CIRCLE('',#4054,0.1045);
#4054 = AXIS2_PLACEMENT_3D('',#4055,#4056,#4057);
#4055 = CARTESIAN_POINT('',(-0.458262580214,-0.200506103709,3.4700001));
#4056 = DIRECTION('',(-6.300820161289E-17,2.906529529314E-17,1.));
#4057 = DIRECTION('',(-0.209726289734,0.97776013592,-4.163336342344E-17)
  );
#4058 = PCURVE('',#2982,#4059);
#4059 = DEFINITIONAL_REPRESENTATION('',(#4060),#4064);
#4060 = LINE('',#4061,#4062);
#4061 = CARTESIAN_POINT('',(6.28318530718,1.33));
#4062 = VECTOR('',#4063,1.);
#4063 = DIRECTION('',(-1.,0.));
#4064 = ( GEOMETRIC_REPRESENTATION_CONTEXT(2) 
PARAMETRIC_REPRESENTATION_CONTEXT() REPRESENTATION_CONTEXT('2D SPACE',''
  ) );
#4065 = PCURVE('',#2956,#4066);
#4066 = DEFINITIONAL_REPRESENTATION('',(#4067),#4071);
#4067 = CIRCLE('',#4068,0.1045);
#4068 = AXIS2_PLACEMENT_2D('',#4069,#4070);
#4069 = CARTESIAN_POINT('',(-0.277284149545,-0.977506229772));
#4070 = DIRECTION('',(-0.679118200894,0.734028929413));
#4071 = ( GEOMETRIC_REPRESENTATION_CONTEXT(2) 
PARAMETRIC_REPRESENTATION_CONTEXT() REPRESENTATION_CONTEXT('2D SPACE',''
  ) );
#4072 = ORIENTED_EDGE('',*,*,#4073,.T.);
#4073 = EDGE_CURVE('',#4050,#4025,#4074,.T.);
#4074 = SURFACE_CURVE('',#4075,(#4079,#4086),.PCURVE_S1.);
#4075 = LINE('',#4076,#4077);
#4076 = CARTESIAN_POINT('',(-0.480178977491,-9.833016950538E-02,
    4.8000001));
#4077 = VECTOR('',#4078,1.);
#4078 = DIRECTION('',(2.638984874572E-49,-8.19333394335E-32,-1.));
#4079 = PCURVE('',#2982,#4080);
#4080 = DEFINITIONAL_REPRESENTATION('',(#4081),#4085);
#4081 = LINE('',#4082,#4083);
#4082 = CARTESIAN_POINT('',(6.28318530718,0.));
#4083 = VECTOR('',#4084,1.);
#4084 = DIRECTION('',(0.,1.));
#4085 = ( GEOMETRIC_REPRESENTATION_CONTEXT(2) 
PARAMETRIC_REPRESENTATION_CONTEXT() REPRESENTATION_CONTEXT('2D SPACE',''
  ) );
#4086 = PCURVE('',#3983,#4087);
#4087 = DEFINITIONAL_REPRESENTATION('',(#4088),#4092);
#4088 = LINE('',#4089,#4090);
#4089 = CARTESIAN_POINT('',(9.223159016649E-02,-2.289834988289E-16));
#4090 = VECTOR('',#4091,1.);
#4091 = DIRECTION('',(1.807624886965E-16,1.));
#4092 = ( GEOMETRIC_REPRESENTATION_CONTEXT(2) 
PARAMETRIC_REPRESENTATION_CONTEXT() REPRESENTATION_CONTEXT('2D SPACE',''
  ) );
#4093 = ADVANCED_FACE('',(#4094),#3983,.F.);
#4094 = FACE_BOUND('',#4095,.T.);
#4095 = EDGE_LOOP('',(#4096,#4117,#4118,#4141,#4164,#4185));
#4096 = ORIENTED_EDGE('',*,*,#4097,.F.);
#4097 = EDGE_CURVE('',#4025,#3968,#4098,.T.);
#4098 = SURFACE_CURVE('',#4099,(#4103,#4110),.PCURVE_S1.);
#4099 = LINE('',#4100,#4101);
#4100 = CARTESIAN_POINT('',(-0.111842965504,-1.932332280403E-02,
    1.9100001));
#4101 = VECTOR('',#4102,1.);
#4102 = DIRECTION('',(0.97776013592,0.209726289734,1.665334536938E-16));
#4103 = PCURVE('',#3983,#4104);
#4104 = DEFINITIONAL_REPRESENTATION('',(#4105),#4109);
#4105 = LINE('',#4106,#4107);
#4106 = CARTESIAN_POINT('',(-0.2844824918,2.89));
#4107 = VECTOR('',#4108,1.);
#4108 = DIRECTION('',(-1.,-1.665334536938E-16));
#4109 = ( GEOMETRIC_REPRESENTATION_CONTEXT(2) 
PARAMETRIC_REPRESENTATION_CONTEXT() REPRESENTATION_CONTEXT('2D SPACE',''
  ) );
#4110 = PCURVE('',#225,#4111);
#4111 = DEFINITIONAL_REPRESENTATION('',(#4112),#4116);
#4112 = LINE('',#4113,#4114);
#4113 = CARTESIAN_POINT('',(7.173296725757E-02,-0.341366817051));
#4114 = VECTOR('',#4115,1.);
#4115 = DIRECTION('',(-0.734028929413,0.679118200894));
#4116 = ( GEOMETRIC_REPRESENTATION_CONTEXT(2) 
PARAMETRIC_REPRESENTATION_CONTEXT() REPRESENTATION_CONTEXT('2D SPACE',''
  ) );
#4117 = ORIENTED_EDGE('',*,*,#4073,.F.);
#4118 = ORIENTED_EDGE('',*,*,#4119,.F.);
#4119 = EDGE_CURVE('',#4120,#4050,#4122,.T.);
#4120 = VERTEX_POINT('',#4121);
#4121 = CARTESIAN_POINT('',(-0.404951023396,-8.21940241288E-02,3.4700001
    ));
#4122 = SURFACE_CURVE('',#4123,(#4127,#4134),.PCURVE_S1.);
#4123 = LINE('',#4124,#4125);
#4124 = CARTESIAN_POINT('',(-1.104553337466E-02,2.297390373599E-03,
    3.4700001));
#4125 = VECTOR('',#4126,1.);
#4126 = DIRECTION('',(-0.97776013592,-0.209726289734,-1.665334536938E-16
    ));
#4127 = PCURVE('',#3983,#4128);
#4128 = DEFINITIONAL_REPRESENTATION('',(#4129),#4133);
#4129 = LINE('',#4130,#4131);
#4130 = CARTESIAN_POINT('',(-0.387572634696,1.33));
#4131 = VECTOR('',#4132,1.);
#4132 = DIRECTION('',(1.,1.665334536938E-16));
#4133 = ( GEOMETRIC_REPRESENTATION_CONTEXT(2) 
PARAMETRIC_REPRESENTATION_CONTEXT() REPRESENTATION_CONTEXT('2D SPACE',''
  ) );
#4134 = PCURVE('',#2956,#4135);
#4135 = DEFINITIONAL_REPRESENTATION('',(#4136),#4140);
#4136 = LINE('',#4137,#4138);
#4137 = CARTESIAN_POINT('',(3.938179965146E-03,-0.574956424678));
#4138 = VECTOR('',#4139,1.);
#4139 = DIRECTION('',(-0.734028929413,-0.679118200894));
#4140 = ( GEOMETRIC_REPRESENTATION_CONTEXT(2) 
PARAMETRIC_REPRESENTATION_CONTEXT() REPRESENTATION_CONTEXT('2D SPACE',''
  ) );
#4141 = ORIENTED_EDGE('',*,*,#4142,.F.);
#4142 = EDGE_CURVE('',#4143,#4120,#4145,.T.);
#4143 = VERTEX_POINT('',#4144);
#4144 = CARTESIAN_POINT('',(-0.404951023396,-8.21940241288E-02,3.7200001
    ));
#4145 = SURFACE_CURVE('',#4146,(#4150,#4157),.PCURVE_S1.);
#4146 = LINE('',#4147,#4148);
#4147 = CARTESIAN_POINT('',(-0.404951023396,-8.21940241288E-02,3.5950001
    ));
#4148 = VECTOR('',#4149,1.);
#4149 = DIRECTION('',(2.638984874572E-49,-8.19333394335E-32,-1.));
#4150 = PCURVE('',#3983,#4151);
#4151 = DEFINITIONAL_REPRESENTATION('',(#4152),#4156);
#4152 = LINE('',#4153,#4154);
#4153 = CARTESIAN_POINT('',(1.529252164501E-02,1.205));
#4154 = VECTOR('',#4155,1.);
#4155 = DIRECTION('',(1.807624886965E-16,1.));
#4156 = ( GEOMETRIC_REPRESENTATION_CONTEXT(2) 
PARAMETRIC_REPRESENTATION_CONTEXT() REPRESENTATION_CONTEXT('2D SPACE',''
  ) );
#4157 = PCURVE('',#3092,#4158);
#4158 = DEFINITIONAL_REPRESENTATION('',(#4159),#4163);
#4159 = LINE('',#4160,#4161);
#4160 = CARTESIAN_POINT('',(3.965828328188,0.));
#4161 = VECTOR('',#4162,1.);
#4162 = DIRECTION('',(0.,1.));
#4163 = ( GEOMETRIC_REPRESENTATION_CONTEXT(2) 
PARAMETRIC_REPRESENTATION_CONTEXT() REPRESENTATION_CONTEXT('2D SPACE',''
  ) );
#4164 = ORIENTED_EDGE('',*,*,#4165,.F.);
#4165 = EDGE_CURVE('',#3940,#4143,#4166,.T.);
#4166 = SURFACE_CURVE('',#4167,(#4171,#4178),.PCURVE_S1.);
#4167 = LINE('',#4168,#4169);
#4168 = CARTESIAN_POINT('',(-7.117206485913E-02,-1.059955019448E-02,
    3.7200001));
#4169 = VECTOR('',#4170,1.);
#4170 = DIRECTION('',(-0.97776013592,-0.209726289734,-1.665334536938E-16
    ));
#4171 = PCURVE('',#3983,#4172);
#4172 = DEFINITIONAL_REPRESENTATION('',(#4173),#4177);
#4173 = LINE('',#4174,#4175);
#4174 = CARTESIAN_POINT('',(-0.326078481605,1.08));
#4175 = VECTOR('',#4176,1.);
#4176 = DIRECTION('',(1.,1.665334536938E-16));
#4177 = ( GEOMETRIC_REPRESENTATION_CONTEXT(2) 
PARAMETRIC_REPRESENTATION_CONTEXT() REPRESENTATION_CONTEXT('2D SPACE',''
  ) );
#4178 = PCURVE('',#3064,#4179);
#4179 = DEFINITIONAL_REPRESENTATION('',(#4180),#4184);
#4180 = LINE('',#4181,#4182);
#4181 = CARTESIAN_POINT('',(-4.120030739333E-02,-0.435618223291));
#4182 = VECTOR('',#4183,1.);
#4183 = DIRECTION('',(-0.734028929413,-0.679118200894));
#4184 = ( GEOMETRIC_REPRESENTATION_CONTEXT(2) 
PARAMETRIC_REPRESENTATION_CONTEXT() REPRESENTATION_CONTEXT('2D SPACE',''
  ) );
#4185 = ORIENTED_EDGE('',*,*,#3967,.T.);
#4186 = ADVANCED_FACE('',(#4187),#4202,.T.);
#4187 = FACE_BOUND('',#4188,.T.);
#4188 = EDGE_LOOP('',(#4189,#4220,#4248,#4277));
#4189 = ORIENTED_EDGE('',*,*,#4190,.F.);
#4190 = EDGE_CURVE('',#4191,#4193,#4195,.T.);
#4191 = VERTEX_POINT('',#4192);
#4192 = CARTESIAN_POINT('',(-0.298876238208,0.382273503304,1.9100001));
#4193 = VERTEX_POINT('',#4194);
#4194 = CARTESIAN_POINT('',(-0.29972575543,0.505595518876,1.9100001));
#4195 = SURFACE_CURVE('',#4196,(#4201,#4213),.PCURVE_S1.);
#4196 = CIRCLE('',#4197,0.1045);
#4197 = AXIS2_PLACEMENT_3D('',#4198,#4199,#4200);
#4198 = CARTESIAN_POINT('',(-0.214934819085,0.444515676753,1.9100001));
#4199 = DIRECTION('',(4.504155493259E-17,-3.244605122775E-17,-1.));
#4200 = DIRECTION('',(-0.811396520042,0.584496096876,-5.551115123126E-17
    ));
#4201 = PCURVE('',#4202,#4207);
#4202 = CYLINDRICAL_SURFACE('',#4203,0.1045);
#4203 = AXIS2_PLACEMENT_3D('',#4204,#4205,#4206);
#4204 = CARTESIAN_POINT('',(-0.214934819085,0.444515676753,4.8000001));
#4205 = DIRECTION('',(2.638984874572E-49,-8.19333394335E-32,-1.));
#4206 = DIRECTION('',(-0.811396520042,0.584496096876,-5.551115123126E-17
    ));
#4207 = DEFINITIONAL_REPRESENTATION('',(#4208),#4212);
#4208 = LINE('',#4209,#4210);
#4209 = CARTESIAN_POINT('',(0.,2.89));
#4210 = VECTOR('',#4211,1.);
#4211 = DIRECTION('',(1.,0.));
#4212 = ( GEOMETRIC_REPRESENTATION_CONTEXT(2) 
PARAMETRIC_REPRESENTATION_CONTEXT() REPRESENTATION_CONTEXT('2D SPACE',''
  ) );
#4213 = PCURVE('',#225,#4214);
#4214 = DEFINITIONAL_REPRESENTATION('',(#4215),#4219);
#4215 = CIRCLE('',#4216,0.1045);
#4216 = AXIS2_PLACEMENT_2D('',#4217,#4218);
#4217 = CARTESIAN_POINT('',(0.396995835068,5.012475932576E-03));
#4218 = DIRECTION('',(0.996042713505,8.88758283964E-02));
#4219 = ( GEOMETRIC_REPRESENTATION_CONTEXT(2) 
PARAMETRIC_REPRESENTATION_CONTEXT() REPRESENTATION_CONTEXT('2D SPACE',''
  ) );
#4220 = ORIENTED_EDGE('',*,*,#4221,.F.);
#4221 = EDGE_CURVE('',#4222,#4191,#4224,.T.);
#4222 = VERTEX_POINT('',#4223);
#4223 = CARTESIAN_POINT('',(-0.298876238208,0.382273503304,3.4700001));
#4224 = SURFACE_CURVE('',#4225,(#4229,#4236),.PCURVE_S1.);
#4225 = LINE('',#4226,#4227);
#4226 = CARTESIAN_POINT('',(-0.298876238208,0.382273503304,4.8000001));
#4227 = VECTOR('',#4228,1.);
#4228 = DIRECTION('',(2.638984874572E-49,-8.19333394335E-32,-1.));
#4229 = PCURVE('',#4202,#4230);
#4230 = DEFINITIONAL_REPRESENTATION('',(#4231),#4235);
#4231 = LINE('',#4232,#4233);
#4232 = CARTESIAN_POINT('',(5.020890532191,0.));
#4233 = VECTOR('',#4234,1.);
#4234 = DIRECTION('',(0.,1.));
#4235 = ( GEOMETRIC_REPRESENTATION_CONTEXT(2) 
PARAMETRIC_REPRESENTATION_CONTEXT() REPRESENTATION_CONTEXT('2D SPACE',''
  ) );
#4236 = PCURVE('',#4237,#4242);
#4237 = PLANE('',#4238);
#4238 = AXIS2_PLACEMENT_3D('',#4239,#4240,#4241);
#4239 = CARTESIAN_POINT('',(-0.298876238208,0.382273503304,4.8000001));
#4240 = DIRECTION('',(0.80326716864,0.595618884678,-5.139098699588E-32)
  );
#4241 = DIRECTION('',(0.595618884678,-0.80326716864,6.930722594553E-32)
  );
#4242 = DEFINITIONAL_REPRESENTATION('',(#4243),#4247);
#4243 = LINE('',#4244,#4245);
#4244 = CARTESIAN_POINT('',(0.,0.));
#4245 = VECTOR('',#4246,1.);
#4246 = DIRECTION('',(-2.253729318647E-33,1.));
#4247 = ( GEOMETRIC_REPRESENTATION_CONTEXT(2) 
PARAMETRIC_REPRESENTATION_CONTEXT() REPRESENTATION_CONTEXT('2D SPACE',''
  ) );
#4248 = ORIENTED_EDGE('',*,*,#4249,.F.);
#4249 = EDGE_CURVE('',#4250,#4222,#4252,.T.);
#4250 = VERTEX_POINT('',#4251);
#4251 = CARTESIAN_POINT('',(-0.29972575543,0.505595518876,3.4700001));
#4252 = SURFACE_CURVE('',#4253,(#4258,#4265),.PCURVE_S1.);
#4253 = CIRCLE('',#4254,0.1045);
#4254 = AXIS2_PLACEMENT_3D('',#4255,#4256,#4257);
#4255 = CARTESIAN_POINT('',(-0.214934819085,0.444515676753,3.4700001));
#4256 = DIRECTION('',(-4.504155493259E-17,3.244605122775E-17,1.));
#4257 = DIRECTION('',(-0.811396520042,0.584496096876,-5.551115123126E-17
    ));
#4258 = PCURVE('',#4202,#4259);
#4259 = DEFINITIONAL_REPRESENTATION('',(#4260),#4264);
#4260 = LINE('',#4261,#4262);
#4261 = CARTESIAN_POINT('',(6.28318530718,1.33));
#4262 = VECTOR('',#4263,1.);
#4263 = DIRECTION('',(-1.,0.));
#4264 = ( GEOMETRIC_REPRESENTATION_CONTEXT(2) 
PARAMETRIC_REPRESENTATION_CONTEXT() REPRESENTATION_CONTEXT('2D SPACE',''
  ) );
#4265 = PCURVE('',#4266,#4271);
#4266 = PLANE('',#4267);
#4267 = AXIS2_PLACEMENT_3D('',#4268,#4269,#4270);
#4268 = CARTESIAN_POINT('',(0.278834866759,0.498845226094,3.4700001));
#4269 = DIRECTION('',(-2.638984874572E-49,8.19333394335E-32,1.));
#4270 = DIRECTION('',(0.860133166356,-0.510069540489,1.110223024625E-16)
  );
#4271 = DEFINITIONAL_REPRESENTATION('',(#4272),#4276);
#4272 = CIRCLE('',#4273,0.1045);
#4273 = AXIS2_PLACEMENT_2D('',#4274,#4275);
#4274 = CARTESIAN_POINT('',(-0.396995835068,-0.298587524067));
#4275 = DIRECTION('',(-0.996042713505,8.88758283964E-02));
#4276 = ( GEOMETRIC_REPRESENTATION_CONTEXT(2) 
PARAMETRIC_REPRESENTATION_CONTEXT() REPRESENTATION_CONTEXT('2D SPACE',''
  ) );
#4277 = ORIENTED_EDGE('',*,*,#4278,.F.);
#4278 = EDGE_CURVE('',#4193,#4250,#4279,.T.);
#4279 = SURFACE_CURVE('',#4280,(#4284,#4291),.PCURVE_S1.);
#4280 = LINE('',#4281,#4282);
#4281 = CARTESIAN_POINT('',(-0.29972575543,0.505595518876,4.8000001));
#4282 = VECTOR('',#4283,1.);
#4283 = DIRECTION('',(-2.638984874572E-49,8.19333394335E-32,1.));
#4284 = PCURVE('',#4202,#4285);
#4285 = DEFINITIONAL_REPRESENTATION('',(#4286),#4290);
#4286 = LINE('',#4287,#4288);
#4287 = CARTESIAN_POINT('',(6.28318530718,0.));
#4288 = VECTOR('',#4289,1.);
#4289 = DIRECTION('',(0.,-1.));
#4290 = ( GEOMETRIC_REPRESENTATION_CONTEXT(2) 
PARAMETRIC_REPRESENTATION_CONTEXT() REPRESENTATION_CONTEXT('2D SPACE',''
  ) );
#4291 = PCURVE('',#4292,#4297);
#4292 = CYLINDRICAL_SURFACE('',#4293,0.1045);
#4293 = AXIS2_PLACEMENT_3D('',#4294,#4295,#4296);
#4294 = CARTESIAN_POINT('',(-0.291653198224,0.401407785336,4.8000001));
#4295 = DIRECTION('',(2.638984874572E-49,-8.19333394335E-32,-1.));
#4296 = DIRECTION('',(0.926487174419,0.376326341938,5.551115123126E-17)
  );
#4297 = DEFINITIONAL_REPRESENTATION('',(#4298),#4302);
#4298 = LINE('',#4299,#4300);
#4299 = CARTESIAN_POINT('',(5.020890532191,0.));
#4300 = VECTOR('',#4301,1.);
#4301 = DIRECTION('',(0.,-1.));
#4302 = ( GEOMETRIC_REPRESENTATION_CONTEXT(2) 
PARAMETRIC_REPRESENTATION_CONTEXT() REPRESENTATION_CONTEXT('2D SPACE',''
  ) );
#4303 = ADVANCED_FACE('',(#4304),#4237,.F.);
#4304 = FACE_BOUND('',#4305,.T.);
#4305 = EDGE_LOOP('',(#4306,#4329,#4357,#4385,#4413,#4434));
#4306 = ORIENTED_EDGE('',*,*,#4307,.F.);
#4307 = EDGE_CURVE('',#4308,#4191,#4310,.T.);
#4308 = VERTEX_POINT('',#4309);
#4309 = CARTESIAN_POINT('',(-0.243941361341,0.308186895012,1.9100001));
#4310 = SURFACE_CURVE('',#4311,(#4315,#4322),.PCURVE_S1.);
#4311 = LINE('',#4312,#4313);
#4312 = CARTESIAN_POINT('',(-0.189287156412,0.234478808218,1.9100001));
#4313 = VECTOR('',#4314,1.);
#4314 = DIRECTION('',(-0.595618884678,0.80326716864,-6.930722594553E-32)
  );
#4315 = PCURVE('',#4237,#4316);
#4316 = DEFINITIONAL_REPRESENTATION('',(#4317),#4321);
#4317 = LINE('',#4318,#4319);
#4318 = CARTESIAN_POINT('',(0.183991952934,2.89));
#4319 = VECTOR('',#4320,1.);
#4320 = DIRECTION('',(-1.,5.551115123126E-17));
#4321 = ( GEOMETRIC_REPRESENTATION_CONTEXT(2) 
PARAMETRIC_REPRESENTATION_CONTEXT() REPRESENTATION_CONTEXT('2D SPACE',''
  ) );
#4322 = PCURVE('',#225,#4323);
#4323 = DEFINITIONAL_REPRESENTATION('',(#4324),#4328);
#4324 = LINE('',#4325,#4326);
#4325 = CARTESIAN_POINT('',(0.267802020745,-0.162565109337));
#4326 = VECTOR('',#4327,1.);
#4327 = DIRECTION('',(0.922033672817,0.387109682378));
#4328 = ( GEOMETRIC_REPRESENTATION_CONTEXT(2) 
PARAMETRIC_REPRESENTATION_CONTEXT() REPRESENTATION_CONTEXT('2D SPACE',''
  ) );
#4329 = ORIENTED_EDGE('',*,*,#4330,.F.);
#4330 = EDGE_CURVE('',#4331,#4308,#4333,.T.);
#4331 = VERTEX_POINT('',#4332);
#4332 = CARTESIAN_POINT('',(-0.243941361341,0.308186895012,3.7200001));
#4333 = SURFACE_CURVE('',#4334,(#4338,#4345),.PCURVE_S1.);
#4334 = LINE('',#4335,#4336);
#4335 = CARTESIAN_POINT('',(-0.243941361341,0.308186895012,4.8000001));
#4336 = VECTOR('',#4337,1.);
#4337 = DIRECTION('',(2.638984874572E-49,-8.19333394335E-32,-1.));
#4338 = PCURVE('',#4237,#4339);
#4339 = DEFINITIONAL_REPRESENTATION('',(#4340),#4344);
#4340 = LINE('',#4341,#4342);
#4341 = CARTESIAN_POINT('',(9.223159016649E-02,2.428612866368E-17));
#4342 = VECTOR('',#4343,1.);
#4343 = DIRECTION('',(-2.253729318647E-33,1.));
#4344 = ( GEOMETRIC_REPRESENTATION_CONTEXT(2) 
PARAMETRIC_REPRESENTATION_CONTEXT() REPRESENTATION_CONTEXT('2D SPACE',''
  ) );
#4345 = PCURVE('',#4346,#4351);
#4346 = CYLINDRICAL_SURFACE('',#4347,8.665846684763E-02);
#4347 = AXIS2_PLACEMENT_3D('',#4348,#4349,#4350);
#4348 = CARTESIAN_POINT('',(-0.313551262645,0.25657147564,4.8000001));
#4349 = DIRECTION('',(2.638984874572E-49,-8.19333394335E-32,-1.));
#4350 = DIRECTION('',(0.467832441788,0.883817179291,-7.625721469905E-32)
  );
#4351 = DEFINITIONAL_REPRESENTATION('',(#4352),#4356);
#4352 = LINE('',#4353,#4354);
#4353 = CARTESIAN_POINT('',(0.445923753196,0.));
#4354 = VECTOR('',#4355,1.);
#4355 = DIRECTION('',(0.,1.));
#4356 = ( GEOMETRIC_REPRESENTATION_CONTEXT(2) 
PARAMETRIC_REPRESENTATION_CONTEXT() REPRESENTATION_CONTEXT('2D SPACE',''
  ) );
#4357 = ORIENTED_EDGE('',*,*,#4358,.F.);
#4358 = EDGE_CURVE('',#4359,#4331,#4361,.T.);
#4359 = VERTEX_POINT('',#4360);
#4360 = CARTESIAN_POINT('',(-0.253049876027,0.320470875575,3.7200001));
#4361 = SURFACE_CURVE('',#4362,(#4366,#4373),.PCURVE_S1.);
#4362 = LINE('',#4363,#4364);
#4363 = CARTESIAN_POINT('',(-0.203409558945,0.253524648752,3.7200001));
#4364 = VECTOR('',#4365,1.);
#4365 = DIRECTION('',(0.595618884678,-0.80326716864,6.930722594553E-32)
  );
#4366 = PCURVE('',#4237,#4367);
#4367 = DEFINITIONAL_REPRESENTATION('',(#4368),#4372);
#4368 = LINE('',#4369,#4370);
#4369 = CARTESIAN_POINT('',(0.160281484888,1.08));
#4370 = VECTOR('',#4371,1.);
#4371 = DIRECTION('',(1.,-5.551115123126E-17));
#4372 = ( GEOMETRIC_REPRESENTATION_CONTEXT(2) 
PARAMETRIC_REPRESENTATION_CONTEXT() REPRESENTATION_CONTEXT('2D SPACE',''
  ) );
#4373 = PCURVE('',#4374,#4379);
#4374 = PLANE('',#4375);
#4375 = AXIS2_PLACEMENT_3D('',#4376,#4377,#4378);
#4376 = CARTESIAN_POINT('',(0.186461272976,0.343075109667,3.7200001));
#4377 = DIRECTION('',(-2.638984874572E-49,8.19333394335E-32,1.));
#4378 = DIRECTION('',(0.860133166356,-0.510069540489,1.110223024625E-16)
  );
#4379 = DEFINITIONAL_REPRESENTATION('',(#4380),#4384);
#4380 = LINE('',#4381,#4382);
#4381 = CARTESIAN_POINT('',(-0.289663870681,-0.275886557583));
#4382 = VECTOR('',#4383,1.);
#4383 = DIRECTION('',(0.922033672817,-0.387109682378));
#4384 = ( GEOMETRIC_REPRESENTATION_CONTEXT(2) 
PARAMETRIC_REPRESENTATION_CONTEXT() REPRESENTATION_CONTEXT('2D SPACE',''
  ) );
#4385 = ORIENTED_EDGE('',*,*,#4386,.F.);
#4386 = EDGE_CURVE('',#4387,#4359,#4389,.T.);
#4387 = VERTEX_POINT('',#4388);
#4388 = CARTESIAN_POINT('',(-0.253049876027,0.320470875575,3.4700001));
#4389 = SURFACE_CURVE('',#4390,(#4394,#4401),.PCURVE_S1.);
#4390 = LINE('',#4391,#4392);
#4391 = CARTESIAN_POINT('',(-0.253049876027,0.320470875575,3.5950001));
#4392 = VECTOR('',#4393,1.);
#4393 = DIRECTION('',(-2.638984874572E-49,8.19333394335E-32,1.));
#4394 = PCURVE('',#4237,#4395);
#4395 = DEFINITIONAL_REPRESENTATION('',(#4396),#4400);
#4396 = LINE('',#4397,#4398);
#4397 = CARTESIAN_POINT('',(7.693906852148E-02,1.205));
#4398 = VECTOR('',#4399,1.);
#4399 = DIRECTION('',(2.253729318647E-33,-1.));
#4400 = ( GEOMETRIC_REPRESENTATION_CONTEXT(2) 
PARAMETRIC_REPRESENTATION_CONTEXT() REPRESENTATION_CONTEXT('2D SPACE',''
  ) );
#4401 = PCURVE('',#4402,#4407);
#4402 = CYLINDRICAL_SURFACE('',#4403,0.3975);
#4403 = AXIS2_PLACEMENT_3D('',#4404,#4405,#4406);
#4404 = CARTESIAN_POINT('',(-1.62913693679E-02,1.172176040352E-03,
    3.5950001));
#4405 = DIRECTION('',(2.638984874572E-49,-8.19333394335E-32,-1.));
#4406 = DIRECTION('',(0.510069540489,0.860133166356,-7.421371871181E-32)
  );
#4407 = DEFINITIONAL_REPRESENTATION('',(#4408),#4412);
#4408 = LINE('',#4409,#4410);
#4409 = CARTESIAN_POINT('',(5.109883782182,0.));
#4410 = VECTOR('',#4411,1.);
#4411 = DIRECTION('',(0.,-1.));
#4412 = ( GEOMETRIC_REPRESENTATION_CONTEXT(2) 
PARAMETRIC_REPRESENTATION_CONTEXT() REPRESENTATION_CONTEXT('2D SPACE',''
  ) );
#4413 = ORIENTED_EDGE('',*,*,#4414,.F.);
#4414 = EDGE_CURVE('',#4222,#4387,#4415,.T.);
#4415 = SURFACE_CURVE('',#4416,(#4420,#4427),.PCURVE_S1.);
#4416 = LINE('',#4417,#4418);
#4417 = CARTESIAN_POINT('',(-0.224287657709,0.281681397493,3.4700001));
#4418 = VECTOR('',#4419,1.);
#4419 = DIRECTION('',(0.595618884678,-0.80326716864,6.930722594553E-32)
  );
#4420 = PCURVE('',#4237,#4421);
#4421 = DEFINITIONAL_REPRESENTATION('',(#4422),#4426);
#4422 = LINE('',#4423,#4424);
#4423 = CARTESIAN_POINT('',(0.125228703149,1.33));
#4424 = VECTOR('',#4425,1.);
#4425 = DIRECTION('',(1.,-5.551115123126E-17));
#4426 = ( GEOMETRIC_REPRESENTATION_CONTEXT(2) 
PARAMETRIC_REPRESENTATION_CONTEXT() REPRESENTATION_CONTEXT('2D SPACE',''
  ) );
#4427 = PCURVE('',#4266,#4428);
#4428 = DEFINITIONAL_REPRESENTATION('',(#4429),#4433);
#4429 = LINE('',#4430,#4431);
#4430 = CARTESIAN_POINT('',(-0.321983715771,-0.443417286377));
#4431 = VECTOR('',#4432,1.);
#4432 = DIRECTION('',(0.922033672817,-0.387109682378));
#4433 = ( GEOMETRIC_REPRESENTATION_CONTEXT(2) 
PARAMETRIC_REPRESENTATION_CONTEXT() REPRESENTATION_CONTEXT('2D SPACE',''
  ) );
#4434 = ORIENTED_EDGE('',*,*,#4221,.T.);
#4435 = ADVANCED_FACE('',(#4436),#4346,.F.);
#4436 = FACE_BOUND('',#4437,.F.);
#4437 = EDGE_LOOP('',(#4438,#4439,#4467,#4593,#4621,#4649));
#4438 = ORIENTED_EDGE('',*,*,#4330,.F.);
#4439 = ORIENTED_EDGE('',*,*,#4440,.T.);
#4440 = EDGE_CURVE('',#4331,#4441,#4443,.T.);
#4441 = VERTEX_POINT('',#4442);
#4442 = CARTESIAN_POINT('',(-0.241240268215,0.304329301815,3.7200001));
#4443 = SURFACE_CURVE('',#4444,(#4449,#4456),.PCURVE_S1.);
#4444 = CIRCLE('',#4445,8.665846684763E-02);
#4445 = AXIS2_PLACEMENT_3D('',#4446,#4447,#4448);
#4446 = CARTESIAN_POINT('',(-0.313551262645,0.25657147564,3.7200001));
#4447 = DIRECTION('',(9.812341820084E-17,-5.193983485401E-17,-1.));
#4448 = DIRECTION('',(0.467832441788,0.883817179291,-7.625721469905E-32)
  );
#4449 = PCURVE('',#4346,#4450);
#4450 = DEFINITIONAL_REPRESENTATION('',(#4451),#4455);
#4451 = LINE('',#4452,#4453);
#4452 = CARTESIAN_POINT('',(-5.551115123126E-17,1.08));
#4453 = VECTOR('',#4454,1.);
#4454 = DIRECTION('',(1.,0.));
#4455 = ( GEOMETRIC_REPRESENTATION_CONTEXT(2) 
PARAMETRIC_REPRESENTATION_CONTEXT() REPRESENTATION_CONTEXT('2D SPACE',''
  ) );
#4456 = PCURVE('',#4374,#4457);
#4457 = DEFINITIONAL_REPRESENTATION('',(#4458),#4466);
#4458 = ( BOUNDED_CURVE() B_SPLINE_CURVE(2,(#4459,#4460,#4461,#4462,
#4463,#4464,#4465),.UNSPECIFIED.,.T.,.F.) B_SPLINE_CURVE_WITH_KNOTS((1,2
    ,2,2,2,1),(-2.094395102393,0.,2.094395102393,4.188790204786,
6.28318530718,8.377580409573),.UNSPECIFIED.) CURVE() 
GEOMETRIC_REPRESENTATION_ITEM() RATIONAL_B_SPLINE_CURVE((1.,0.5,1.,0.5,
1.,0.5,1.)) REPRESENTATION_ITEM('') );
#4459 = CARTESIAN_POINT('',(-0.390149634999,-0.242888945007));
#4460 = CARTESIAN_POINT('',(-0.240228748959,-0.235622752194));
#4461 = CARTESIAN_POINT('',(-0.308896484414,-0.36909114447));
#4462 = CARTESIAN_POINT('',(-0.37756421987,-0.502559536745));
#4463 = CARTESIAN_POINT('',(-0.458817370455,-0.376357337282));
#4464 = CARTESIAN_POINT('',(-0.54007052104,-0.25015513782));
#4465 = CARTESIAN_POINT('',(-0.390149634999,-0.242888945007));
#4466 = ( GEOMETRIC_REPRESENTATION_CONTEXT(2) 
PARAMETRIC_REPRESENTATION_CONTEXT() REPRESENTATION_CONTEXT('2D SPACE',''
  ) );
#4467 = ORIENTED_EDGE('',*,*,#4468,.T.);
#4468 = EDGE_CURVE('',#4441,#4469,#4471,.T.);
#4469 = VERTEX_POINT('',#4470);
#4470 = CARTESIAN_POINT('',(-0.349872473449,0.177892002319,3.7200001));
#4471 = SURFACE_CURVE('',#4472,(#4491,#4542),.PCURVE_S1.);
#4472 = B_SPLINE_CURVE_WITH_KNOTS('',3,(#4473,#4474,#4475,#4476,#4477,
    #4478,#4479,#4480,#4481,#4482,#4483,#4484,#4485,#4486,#4487,#4488,
    #4489,#4490),.UNSPECIFIED.,.F.,.F.,(4,2,2,2,2,2,2,2,4),(
    3.689280396767E-02,4.035428098012E-02,4.447304968898E-02,
    4.720286574133E-02,4.993268179369E-02,5.266249784604E-02,
    5.53923138984E-02,5.951108260725E-02,6.29725596197E-02),
  .UNSPECIFIED.);
#4473 = CARTESIAN_POINT('',(-0.241240268215,0.304329301815,3.7200001));
#4474 = CARTESIAN_POINT('',(-0.236626640395,0.297343723905,
    3.711641005381));
#4475 = CARTESIAN_POINT('',(-0.232771068183,0.289238183925,
    3.702823925186));
#4476 = CARTESIAN_POINT('',(-0.227269957764,0.2700804537,3.684273741552)
  );
#4477 = CARTESIAN_POINT('',(-0.226184656018,0.258762645265,
    3.674675449391));
#4478 = CARTESIAN_POINT('',(-0.228152153842,0.240051057596,
    3.661746754879));
#4479 = CARTESIAN_POINT('',(-0.230064986109,0.231644484448,
    3.656739018543));
#4480 = CARTESIAN_POINT('',(-0.236934766731,0.215121570411,
    3.649734174959));
#4481 = CARTESIAN_POINT('',(-0.241891510411,0.206999622467,3.6477501));
#4482 = CARTESIAN_POINT('',(-0.253751305351,0.193195977023,3.6477501));
#4483 = CARTESIAN_POINT('',(-0.261033987915,0.187072425686,
    3.649734174959));
#4484 = CARTESIAN_POINT('',(-0.276333642477,0.177792277822,
    3.656739018543));
#4485 = CARTESIAN_POINT('',(-0.284356188389,0.174635039081,
    3.661746754879));
#4486 = CARTESIAN_POINT('',(-0.302557946632,0.169871578404,
    3.674675449391));
#4487 = CARTESIAN_POINT('',(-0.313910104237,0.169239767235,
    3.684273741552));
#4488 = CARTESIAN_POINT('',(-0.333677864936,0.171792506977,
    3.702823925186));
#4489 = CARTESIAN_POINT('',(-0.3422716709,0.174383204662,3.711641005381)
  );
#4490 = CARTESIAN_POINT('',(-0.349872473449,0.177892002319,3.7200001));
#4491 = PCURVE('',#4346,#4492);
#4492 = DEFINITIONAL_REPRESENTATION('',(#4493),#4541);
#4493 = B_SPLINE_CURVE_WITH_KNOTS('',3,(#4494,#4495,#4496,#4497,#4498,
    #4499,#4500,#4501,#4502,#4503,#4504,#4505,#4506,#4507,#4508,#4509,
    #4510,#4511,#4512,#4513,#4514,#4515,#4516,#4517,#4518,#4519,#4520,
    #4521,#4522,#4523,#4524,#4525,#4526,#4527,#4528,#4529,#4530,#4531,
    #4532,#4533,#4534,#4535,#4536,#4537,#4538,#4539,#4540),
  .UNSPECIFIED.,.F.,.F.,(4,1,1,1,1,1,1,1,1,1,1,1,1,1,1,1,1,1,1,1,1,1,1,1
    ,1,1,1,1,1,1,1,1,1,1,1,1,1,1,1,1,1,1,1,1,4),(3.689280396767E-02,
    3.748552568704E-02,3.80782474064E-02,3.867096912577E-02,
    3.926369084513E-02,3.98564125645E-02,4.044913428386E-02,
    4.104185600322E-02,4.163457772259E-02,4.222729944195E-02,
    4.282002116132E-02,4.341274288068E-02,4.400546460005E-02,
    4.459818631941E-02,4.519090803877E-02,4.578362975814E-02,
    4.63763514775E-02,4.696907319687E-02,4.756179491623E-02,
    4.81545166356E-02,4.874723835496E-02,4.933996007432E-02,
    4.993268179369E-02,5.052540351305E-02,5.111812523242E-02,
    5.171084695178E-02,5.230356867114E-02,5.289629039051E-02,
    5.348901210987E-02,5.408173382924E-02,5.46744555486E-02,
    5.526717726797E-02,5.585989898733E-02,5.645262070669E-02,
    5.704534242606E-02,5.763806414542E-02,5.823078586479E-02,
    5.882350758415E-02,5.941622930352E-02,6.000895102288E-02,
    6.060167274224E-02,6.119439446161E-02,6.178711618097E-02,
    6.237983790034E-02,6.29725596197E-02),.QUASI_UNIFORM_KNOTS.);
#4494 = CARTESIAN_POINT('',(0.500272953467,1.08));
#4495 = CARTESIAN_POINT('',(0.516815342244,1.081431359191));
#4496 = CARTESIAN_POINT('',(0.550248354473,1.084320934954));
#4497 = CARTESIAN_POINT('',(0.601331345817,1.088711642087));
#4498 = CARTESIAN_POINT('',(0.653233715515,1.093134470948));
#4499 = CARTESIAN_POINT('',(0.705851391604,1.097565175639));
#4500 = CARTESIAN_POINT('',(0.759091980464,1.101979599917));
#4501 = CARTESIAN_POINT('',(0.81288011998,1.106353253057));
#4502 = CARTESIAN_POINT('',(0.86715921295,1.110662981072));
#4503 = CARTESIAN_POINT('',(0.921883164747,1.11488522518));
#4504 = CARTESIAN_POINT('',(0.976999232193,1.118995681187));
#4505 = CARTESIAN_POINT('',(1.032474529346,1.12297115803));
#4506 = CARTESIAN_POINT('',(1.088215723939,1.12678475753));
#4507 = CARTESIAN_POINT('',(1.14438353069,1.130423296835));
#4508 = CARTESIAN_POINT('',(1.200234624186,1.133822438906));
#4509 = CARTESIAN_POINT('',(1.258883341898,1.137132969582));
#4510 = CARTESIAN_POINT('',(1.32050924575,1.14030924069));
#4511 = CARTESIAN_POINT('',(1.384443983195,1.143257202609));
#4512 = CARTESIAN_POINT('',(1.450304054551,1.145897621601));
#4513 = CARTESIAN_POINT('',(1.51775856622,1.148140401835));
#4514 = CARTESIAN_POINT('',(1.586417581338,1.149932217614));
#4515 = CARTESIAN_POINT('',(1.655682179154,1.151249724871));
#4516 = CARTESIAN_POINT('',(1.725084547424,1.152062907628));
#4517 = CARTESIAN_POINT('',(1.793758203393,1.152343546186));
#4518 = CARTESIAN_POINT('',(1.862431859362,1.152062907628));
#4519 = CARTESIAN_POINT('',(1.931834227633,1.151249724871));
#4520 = CARTESIAN_POINT('',(2.001098825448,1.149932217614));
#4521 = CARTESIAN_POINT('',(2.069757840566,1.148140401835));
#4522 = CARTESIAN_POINT('',(2.137212352236,1.145897621601));
#4523 = CARTESIAN_POINT('',(2.203072423591,1.143257202609));
#4524 = CARTESIAN_POINT('',(2.267007161036,1.14030924069));
#4525 = CARTESIAN_POINT('',(2.328633064888,1.137132969582));
#4526 = CARTESIAN_POINT('',(2.3872817826,1.133822438906));
#4527 = CARTESIAN_POINT('',(2.443132876097,1.130423296835));
#4528 = CARTESIAN_POINT('',(2.499300682847,1.12678475753));
#4529 = CARTESIAN_POINT('',(2.55504187744,1.12297115803));
#4530 = CARTESIAN_POINT('',(2.610517174593,1.118995681187));
#4531 = CARTESIAN_POINT('',(2.66563324204,1.11488522518));
#4532 = CARTESIAN_POINT('',(2.720357193836,1.110662981072));
#4533 = CARTESIAN_POINT('',(2.774636286807,1.106353253057));
#4534 = CARTESIAN_POINT('',(2.828424426323,1.101979599917));
#4535 = CARTESIAN_POINT('',(2.881665015182,1.097565175639));
#4536 = CARTESIAN_POINT('',(2.934282691272,1.093134470948));
#4537 = CARTESIAN_POINT('',(2.986185060969,1.088711642087));
#4538 = CARTESIAN_POINT('',(3.037268052313,1.084320934954));
#4539 = CARTESIAN_POINT('',(3.070701064542,1.081431359191));
#4540 = CARTESIAN_POINT('',(3.08724345332,1.08));
#4541 = ( GEOMETRIC_REPRESENTATION_CONTEXT(2) 
PARAMETRIC_REPRESENTATION_CONTEXT() REPRESENTATION_CONTEXT('2D SPACE',''
  ) );
#4542 = PCURVE('',#559,#4543);
#4543 = DEFINITIONAL_REPRESENTATION('',(#4544),#4592);
#4544 = B_SPLINE_CURVE_WITH_KNOTS('',3,(#4545,#4546,#4547,#4548,#4549,
    #4550,#4551,#4552,#4553,#4554,#4555,#4556,#4557,#4558,#4559,#4560,
    #4561,#4562,#4563,#4564,#4565,#4566,#4567,#4568,#4569,#4570,#4571,
    #4572,#4573,#4574,#4575,#4576,#4577,#4578,#4579,#4580,#4581,#4582,
    #4583,#4584,#4585,#4586,#4587,#4588,#4589,#4590,#4591),
  .UNSPECIFIED.,.F.,.F.,(4,1,1,1,1,1,1,1,1,1,1,1,1,1,1,1,1,1,1,1,1,1,1,1
    ,1,1,1,1,1,1,1,1,1,1,1,1,1,1,1,1,1,1,1,1,4),(3.689280396767E-02,
    3.748552568704E-02,3.80782474064E-02,3.867096912577E-02,
    3.926369084513E-02,3.98564125645E-02,4.044913428386E-02,
    4.104185600322E-02,4.163457772259E-02,4.222729944195E-02,
    4.282002116132E-02,4.341274288068E-02,4.400546460005E-02,
    4.459818631941E-02,4.519090803877E-02,4.578362975814E-02,
    4.63763514775E-02,4.696907319687E-02,4.756179491623E-02,
    4.81545166356E-02,4.874723835496E-02,4.933996007432E-02,
    4.993268179369E-02,5.052540351305E-02,5.111812523242E-02,
    5.171084695178E-02,5.230356867114E-02,5.289629039051E-02,
    5.348901210987E-02,5.408173382924E-02,5.46744555486E-02,
    5.526717726797E-02,5.585989898733E-02,5.645262070669E-02,
    5.704534242606E-02,5.763806414542E-02,5.823078586479E-02,
    5.882350758415E-02,5.941622930352E-02,6.000895102288E-02,
    6.060167274224E-02,6.119439446161E-02,6.178711618097E-02,
    6.237983790034E-02,6.29725596197E-02),.QUASI_UNIFORM_KNOTS.);
#4545 = CARTESIAN_POINT('',(7.456825788288,5.E-02));
#4546 = CARTESIAN_POINT('',(7.457033522729,4.856866202331E-02));
#4547 = CARTESIAN_POINT('',(7.457651311341,4.567937550601E-02));
#4548 = CARTESIAN_POINT('',(7.459224268926,4.128935938104E-02));
#4549 = CARTESIAN_POINT('',(7.461482060783,3.686689029655E-02));
#4550 = CARTESIAN_POINT('',(7.464465892097,3.243599347863E-02));
#4551 = CARTESIAN_POINT('',(7.468217907691,2.802092868392E-02));
#4552 = CARTESIAN_POINT('',(7.472782584514,2.364653041091E-02));
#4553 = CARTESIAN_POINT('',(7.478200145125,1.93371881917E-02));
#4554 = CARTESIAN_POINT('',(7.484481293579,1.511566181646E-02));
#4555 = CARTESIAN_POINT('',(7.491636450228,1.100567689429E-02));
#4556 = CARTESIAN_POINT('',(7.499676052984,7.030172396556E-03));
#4557 = CARTESIAN_POINT('',(7.508593591011,3.216082266519E-03));
#4558 = CARTESIAN_POINT('',(7.518428262499,-4.23143284546E-04));
#4559 = CARTESIAN_POINT('',(7.529026058557,-3.822547694592E-03));
#4560 = CARTESIAN_POINT('',(7.54101286619,-7.132583601777E-03));
#4561 = CARTESIAN_POINT('',(7.55449186766,-1.030837812497E-02));
#4562 = CARTESIAN_POINT('',(7.569362576329,-1.325618683269E-02));
#4563 = CARTESIAN_POINT('',(7.585548032846,-1.589687051975E-02));
#4564 = CARTESIAN_POINT('',(7.602949203107,-1.814153229421E-02));
#4565 = CARTESIAN_POINT('',(7.621352946813,-1.9936595448E-02));
#4566 = CARTESIAN_POINT('',(7.640448780341,-2.125441446879E-02));
#4567 = CARTESIAN_POINT('',(7.659953299719,-2.206488855732E-02));
#4568 = CARTESIAN_POINT('',(7.679448708775,-2.234255572134E-02));
#4569 = CARTESIAN_POINT('',(7.698944117831,-2.206488855732E-02));
#4570 = CARTESIAN_POINT('',(7.718448637209,-2.125441446879E-02));
#4571 = CARTESIAN_POINT('',(7.737544470737,-1.9936595448E-02));
#4572 = CARTESIAN_POINT('',(7.755948214443,-1.814153229421E-02));
#4573 = CARTESIAN_POINT('',(7.773349384704,-1.589687051975E-02));
#4574 = CARTESIAN_POINT('',(7.789534841221,-1.325618683269E-02));
#4575 = CARTESIAN_POINT('',(7.80440554989,-1.030837812497E-02));
#4576 = CARTESIAN_POINT('',(7.81788455136,-7.132583601777E-03));
#4577 = CARTESIAN_POINT('',(7.829871358993,-3.822547694592E-03));
#4578 = CARTESIAN_POINT('',(7.840469155051,-4.231432845463E-04));
#4579 = CARTESIAN_POINT('',(7.850303826539,3.216082266518E-03));
#4580 = CARTESIAN_POINT('',(7.859221364566,7.030172396556E-03));
#4581 = CARTESIAN_POINT('',(7.867260967323,1.100567689429E-02));
#4582 = CARTESIAN_POINT('',(7.874416123971,1.511566181646E-02));
#4583 = CARTESIAN_POINT('',(7.880697272425,1.93371881917E-02));
#4584 = CARTESIAN_POINT('',(7.886114833036,2.364653041091E-02));
#4585 = CARTESIAN_POINT('',(7.890679509859,2.802092868392E-02));
#4586 = CARTESIAN_POINT('',(7.894431525453,3.243599347863E-02));
#4587 = CARTESIAN_POINT('',(7.897415356768,3.686689029655E-02));
#4588 = CARTESIAN_POINT('',(7.899673148624,4.128935938104E-02));
#4589 = CARTESIAN_POINT('',(7.90124610621,4.567937550601E-02));
#4590 = CARTESIAN_POINT('',(7.901863894821,4.856866202331E-02));
#4591 = CARTESIAN_POINT('',(7.902071629262,5.E-02));
#4592 = ( GEOMETRIC_REPRESENTATION_CONTEXT(2) 
PARAMETRIC_REPRESENTATION_CONTEXT() REPRESENTATION_CONTEXT('2D SPACE',''
  ) );
#4593 = ORIENTED_EDGE('',*,*,#4594,.T.);
#4594 = EDGE_CURVE('',#4469,#4595,#4597,.T.);
#4595 = VERTEX_POINT('',#4596);
#4596 = CARTESIAN_POINT('',(-0.354092904792,0.179981233909,3.7200001));
#4597 = SURFACE_CURVE('',#4598,(#4603,#4610),.PCURVE_S1.);
#4598 = CIRCLE('',#4599,8.665846684763E-02);
#4599 = AXIS2_PLACEMENT_3D('',#4600,#4601,#4602);
#4600 = CARTESIAN_POINT('',(-0.313551262645,0.25657147564,3.7200001));
#4601 = DIRECTION('',(9.812341820084E-17,-5.193983485401E-17,-1.));
#4602 = DIRECTION('',(0.467832441788,0.883817179291,-7.625721469905E-32)
  );
#4603 = PCURVE('',#4346,#4604);
#4604 = DEFINITIONAL_REPRESENTATION('',(#4605),#4609);
#4605 = LINE('',#4606,#4607);
#4606 = CARTESIAN_POINT('',(0.,1.08));
#4607 = VECTOR('',#4608,1.);
#4608 = DIRECTION('',(1.,0.));
#4609 = ( GEOMETRIC_REPRESENTATION_CONTEXT(2) 
PARAMETRIC_REPRESENTATION_CONTEXT() REPRESENTATION_CONTEXT('2D SPACE',''
  ) );
#4610 = PCURVE('',#3719,#4611);
#4611 = DEFINITIONAL_REPRESENTATION('',(#4612),#4620);
#4612 = ( BOUNDED_CURVE() B_SPLINE_CURVE(2,(#4613,#4614,#4615,#4616,
#4617,#4618,#4619),.UNSPECIFIED.,.T.,.F.) B_SPLINE_CURVE_WITH_KNOTS((1,2
    ,2,2,2,1),(-2.094395102393,0.,2.094395102393,4.188790204786,
6.28318530718,8.377580409573),.UNSPECIFIED.) CURVE() 
GEOMETRIC_REPRESENTATION_ITEM() RATIONAL_B_SPLINE_CURVE((1.,0.5,1.,0.5,
1.,0.5,1.)) REPRESENTATION_ITEM('') );
#4613 = CARTESIAN_POINT('',(-0.390149634999,-0.242888945007));
#4614 = CARTESIAN_POINT('',(-0.240228748959,-0.235622752194));
#4615 = CARTESIAN_POINT('',(-0.308896484414,-0.36909114447));
#4616 = CARTESIAN_POINT('',(-0.37756421987,-0.502559536745));
#4617 = CARTESIAN_POINT('',(-0.458817370455,-0.376357337282));
#4618 = CARTESIAN_POINT('',(-0.54007052104,-0.25015513782));
#4619 = CARTESIAN_POINT('',(-0.390149634999,-0.242888945007));
#4620 = ( GEOMETRIC_REPRESENTATION_CONTEXT(2) 
PARAMETRIC_REPRESENTATION_CONTEXT() REPRESENTATION_CONTEXT('2D SPACE',''
  ) );
#4621 = ORIENTED_EDGE('',*,*,#4622,.T.);
#4622 = EDGE_CURVE('',#4595,#4623,#4625,.T.);
#4623 = VERTEX_POINT('',#4624);
#4624 = CARTESIAN_POINT('',(-0.354092904792,0.179981233909,1.9100001));
#4625 = SURFACE_CURVE('',#4626,(#4630,#4637),.PCURVE_S1.);
#4626 = LINE('',#4627,#4628);
#4627 = CARTESIAN_POINT('',(-0.354092904792,0.179981233909,4.8000001));
#4628 = VECTOR('',#4629,1.);
#4629 = DIRECTION('',(2.638984874572E-49,-8.19333394335E-32,-1.));
#4630 = PCURVE('',#4346,#4631);
#4631 = DEFINITIONAL_REPRESENTATION('',(#4632),#4636);
#4632 = LINE('',#4633,#4634);
#4633 = CARTESIAN_POINT('',(3.14159265359,0.));
#4634 = VECTOR('',#4635,1.);
#4635 = DIRECTION('',(0.,1.));
#4636 = ( GEOMETRIC_REPRESENTATION_CONTEXT(2) 
PARAMETRIC_REPRESENTATION_CONTEXT() REPRESENTATION_CONTEXT('2D SPACE',''
  ) );
#4637 = PCURVE('',#4638,#4643);
#4638 = PLANE('',#4639);
#4639 = AXIS2_PLACEMENT_3D('',#4640,#4641,#4642);
#4640 = CARTESIAN_POINT('',(-0.354092904792,0.179981233909,4.8000001));
#4641 = DIRECTION('',(-0.467832441788,-0.883817179291,7.625721469905E-32
    ));
#4642 = DIRECTION('',(-0.883817179291,0.467832441788,-1.110223024625E-16
    ));
#4643 = DEFINITIONAL_REPRESENTATION('',(#4644),#4648);
#4644 = LINE('',#4645,#4646);
#4645 = CARTESIAN_POINT('',(-0.,0.));
#4646 = VECTOR('',#4647,1.);
#4647 = DIRECTION('',(1.110223024625E-16,1.));
#4648 = ( GEOMETRIC_REPRESENTATION_CONTEXT(2) 
PARAMETRIC_REPRESENTATION_CONTEXT() REPRESENTATION_CONTEXT('2D SPACE',''
  ) );
#4649 = ORIENTED_EDGE('',*,*,#4650,.T.);
#4650 = EDGE_CURVE('',#4623,#4308,#4651,.T.);
#4651 = SURFACE_CURVE('',#4652,(#4657,#4664),.PCURVE_S1.);
#4652 = CIRCLE('',#4653,8.665846684763E-02);
#4653 = AXIS2_PLACEMENT_3D('',#4654,#4655,#4656);
#4654 = CARTESIAN_POINT('',(-0.313551262645,0.25657147564,1.9100001));
#4655 = DIRECTION('',(-9.812341820084E-17,5.193983485401E-17,1.));
#4656 = DIRECTION('',(0.467832441788,0.883817179291,-7.625721469905E-32)
  );
#4657 = PCURVE('',#4346,#4658);
#4658 = DEFINITIONAL_REPRESENTATION('',(#4659),#4663);
#4659 = LINE('',#4660,#4661);
#4660 = CARTESIAN_POINT('',(6.28318530718,2.89));
#4661 = VECTOR('',#4662,1.);
#4662 = DIRECTION('',(-1.,0.));
#4663 = ( GEOMETRIC_REPRESENTATION_CONTEXT(2) 
PARAMETRIC_REPRESENTATION_CONTEXT() REPRESENTATION_CONTEXT('2D SPACE',''
  ) );
#4664 = PCURVE('',#225,#4665);
#4665 = DEFINITIONAL_REPRESENTATION('',(#4666),#4674);
#4666 = ( BOUNDED_CURVE() B_SPLINE_CURVE(2,(#4667,#4668,#4669,#4670,
#4671,#4672,#4673),.UNSPECIFIED.,.T.,.F.) B_SPLINE_CURVE_WITH_KNOTS((1,2
    ,2,2,2,1),(-2.094395102393,0.,2.094395102393,4.188790204786,
6.28318530718,8.377580409573),.UNSPECIFIED.) CURVE() 
GEOMETRIC_REPRESENTATION_ITEM() RATIONAL_B_SPLINE_CURVE((1.,0.5,1.,0.5,
1.,0.5,1.)) REPRESENTATION_ITEM('') );
#4667 = CARTESIAN_POINT('',(0.390149634999,-0.120388945007));
#4668 = CARTESIAN_POINT('',(0.54007052104,-0.12765513782));
#4669 = CARTESIAN_POINT('',(0.458817370455,-0.253857337282));
#4670 = CARTESIAN_POINT('',(0.37756421987,-0.380059536745));
#4671 = CARTESIAN_POINT('',(0.308896484414,-0.24659114447));
#4672 = CARTESIAN_POINT('',(0.240228748959,-0.113122752194));
#4673 = CARTESIAN_POINT('',(0.390149634999,-0.120388945007));
#4674 = ( GEOMETRIC_REPRESENTATION_CONTEXT(2) 
PARAMETRIC_REPRESENTATION_CONTEXT() REPRESENTATION_CONTEXT('2D SPACE',''
  ) );
#4675 = ADVANCED_FACE('',(#4676),#3637,.T.);
#4676 = FACE_BOUND('',#4677,.T.);
#4677 = EDGE_LOOP('',(#4678,#4702,#4703,#4727));
#4678 = ORIENTED_EDGE('',*,*,#4679,.F.);
#4679 = EDGE_CURVE('',#3538,#4680,#4682,.T.);
#4680 = VERTEX_POINT('',#4681);
#4681 = CARTESIAN_POINT('',(-0.435608768654,0.223130163947,1.9100001));
#4682 = SURFACE_CURVE('',#4683,(#4688,#4695),.PCURVE_S1.);
#4683 = CIRCLE('',#4684,0.1045);
#4684 = AXIS2_PLACEMENT_3D('',#4685,#4686,#4687);
#4685 = CARTESIAN_POINT('',(-0.484497258821,0.130771268711,1.9100001));
#4686 = DIRECTION('',(8.513845948734E-17,-7.647068940422E-17,-1.));
#4687 = DIRECTION('',(0.467832441788,0.883817179291,-2.775557561563E-17)
  );
#4688 = PCURVE('',#3637,#4689);
#4689 = DEFINITIONAL_REPRESENTATION('',(#4690),#4694);
#4690 = LINE('',#4691,#4692);
#4691 = CARTESIAN_POINT('',(0.,2.89));
#4692 = VECTOR('',#4693,1.);
#4693 = DIRECTION('',(1.,0.));
#4694 = ( GEOMETRIC_REPRESENTATION_CONTEXT(2) 
PARAMETRIC_REPRESENTATION_CONTEXT() REPRESENTATION_CONTEXT('2D SPACE',''
  ) );
#4695 = PCURVE('',#225,#4696);
#4696 = DEFINITIONAL_REPRESENTATION('',(#4697),#4701);
#4697 = CIRCLE('',#4698,0.1045);
#4698 = AXIS2_PLACEMENT_2D('',#4699,#4700);
#4699 = CARTESIAN_POINT('',(0.468823963848,-0.402345084952));
#4700 = DIRECTION('',(4.84100230375E-02,0.998827547512));
#4701 = ( GEOMETRIC_REPRESENTATION_CONTEXT(2) 
PARAMETRIC_REPRESENTATION_CONTEXT() REPRESENTATION_CONTEXT('2D SPACE',''
  ) );
#4702 = ORIENTED_EDGE('',*,*,#3623,.T.);
#4703 = ORIENTED_EDGE('',*,*,#4704,.F.);
#4704 = EDGE_CURVE('',#4705,#3595,#4707,.T.);
#4705 = VERTEX_POINT('',#4706);
#4706 = CARTESIAN_POINT('',(-0.435608768654,0.223130163947,3.4700001));
#4707 = SURFACE_CURVE('',#4708,(#4713,#4720),.PCURVE_S1.);
#4708 = CIRCLE('',#4709,0.1045);
#4709 = AXIS2_PLACEMENT_3D('',#4710,#4711,#4712);
#4710 = CARTESIAN_POINT('',(-0.484497258821,0.130771268711,3.4700001));
#4711 = DIRECTION('',(-8.513845948734E-17,7.647068940422E-17,1.));
#4712 = DIRECTION('',(0.467832441788,0.883817179291,-2.775557561563E-17)
  );
#4713 = PCURVE('',#3637,#4714);
#4714 = DEFINITIONAL_REPRESENTATION('',(#4715),#4719);
#4715 = LINE('',#4716,#4717);
#4716 = CARTESIAN_POINT('',(6.28318530718,1.33));
#4717 = VECTOR('',#4718,1.);
#4718 = DIRECTION('',(-1.,0.));
#4719 = ( GEOMETRIC_REPRESENTATION_CONTEXT(2) 
PARAMETRIC_REPRESENTATION_CONTEXT() REPRESENTATION_CONTEXT('2D SPACE',''
  ) );
#4720 = PCURVE('',#3611,#4721);
#4721 = DEFINITIONAL_REPRESENTATION('',(#4722),#4726);
#4722 = CIRCLE('',#4723,0.1045);
#4723 = AXIS2_PLACEMENT_2D('',#4724,#4725);
#4724 = CARTESIAN_POINT('',(-0.468823963848,-0.705945084952));
#4725 = DIRECTION('',(-4.84100230375E-02,0.998827547512));
#4726 = ( GEOMETRIC_REPRESENTATION_CONTEXT(2) 
PARAMETRIC_REPRESENTATION_CONTEXT() REPRESENTATION_CONTEXT('2D SPACE',''
  ) );
#4727 = ORIENTED_EDGE('',*,*,#4728,.T.);
#4728 = EDGE_CURVE('',#4705,#4680,#4729,.T.);
#4729 = SURFACE_CURVE('',#4730,(#4734,#4741),.PCURVE_S1.);
#4730 = LINE('',#4731,#4732);
#4731 = CARTESIAN_POINT('',(-0.435608768654,0.223130163947,4.8000001));
#4732 = VECTOR('',#4733,1.);
#4733 = DIRECTION('',(2.638984874572E-49,-8.19333394335E-32,-1.));
#4734 = PCURVE('',#3637,#4735);
#4735 = DEFINITIONAL_REPRESENTATION('',(#4736),#4740);
#4736 = LINE('',#4737,#4738);
#4737 = CARTESIAN_POINT('',(6.28318530718,0.));
#4738 = VECTOR('',#4739,1.);
#4739 = DIRECTION('',(0.,1.));
#4740 = ( GEOMETRIC_REPRESENTATION_CONTEXT(2) 
PARAMETRIC_REPRESENTATION_CONTEXT() REPRESENTATION_CONTEXT('2D SPACE',''
  ) );
#4741 = PCURVE('',#4638,#4742);
#4742 = DEFINITIONAL_REPRESENTATION('',(#4743),#4747);
#4743 = LINE('',#4744,#4745);
#4744 = CARTESIAN_POINT('',(9.223159016649E-02,1.387778780781E-17));
#4745 = VECTOR('',#4746,1.);
#4746 = DIRECTION('',(1.110223024625E-16,1.));
#4747 = ( GEOMETRIC_REPRESENTATION_CONTEXT(2) 
PARAMETRIC_REPRESENTATION_CONTEXT() REPRESENTATION_CONTEXT('2D SPACE',''
  ) );
#4748 = ADVANCED_FACE('',(#4749),#4638,.F.);
#4749 = FACE_BOUND('',#4750,.T.);
#4750 = EDGE_LOOP('',(#4751,#4772,#4773,#4796,#4819,#4840));
#4751 = ORIENTED_EDGE('',*,*,#4752,.F.);
#4752 = EDGE_CURVE('',#4680,#4623,#4753,.T.);
#4753 = SURFACE_CURVE('',#4754,(#4758,#4765),.PCURVE_S1.);
#4754 = LINE('',#4755,#4756);
#4755 = CARTESIAN_POINT('',(-0.179309115703,8.746263532301E-02,1.9100001
    ));
#4756 = VECTOR('',#4757,1.);
#4757 = DIRECTION('',(0.883817179291,-0.467832441788,1.110223024625E-16)
  );
#4758 = PCURVE('',#4638,#4759);
#4759 = DEFINITIONAL_REPRESENTATION('',(#4760),#4764);
#4760 = LINE('',#4761,#4762);
#4761 = CARTESIAN_POINT('',(-0.197760117345,2.89));
#4762 = VECTOR('',#4763,1.);
#4763 = DIRECTION('',(-1.,-1.110223024625E-16));
#4764 = ( GEOMETRIC_REPRESENTATION_CONTEXT(2) 
PARAMETRIC_REPRESENTATION_CONTEXT() REPRESENTATION_CONTEXT('2D SPACE',''
  ) );
#4765 = PCURVE('',#225,#4766);
#4766 = DEFINITIONAL_REPRESENTATION('',(#4767),#4771);
#4767 = LINE('',#4768,#4769);
#4768 = CARTESIAN_POINT('',(0.184231105243,-0.283929100996));
#4769 = VECTOR('',#4770,1.);
#4770 = DIRECTION('',(-0.998827547512,4.84100230375E-02));
#4771 = ( GEOMETRIC_REPRESENTATION_CONTEXT(2) 
PARAMETRIC_REPRESENTATION_CONTEXT() REPRESENTATION_CONTEXT('2D SPACE',''
  ) );
#4772 = ORIENTED_EDGE('',*,*,#4728,.F.);
#4773 = ORIENTED_EDGE('',*,*,#4774,.F.);
#4774 = EDGE_CURVE('',#4775,#4705,#4777,.T.);
#4775 = VERTEX_POINT('',#4776);
#4776 = CARTESIAN_POINT('',(-0.367608698136,0.187135571651,3.4700001));
#4777 = SURFACE_CURVE('',#4778,(#4782,#4789),.PCURVE_S1.);
#4778 = LINE('',#4779,#4780);
#4779 = CARTESIAN_POINT('',(-0.172814260104,8.40247024276E-02,3.4700001)
  );
#4780 = VECTOR('',#4781,1.);
#4781 = DIRECTION('',(-0.883817179291,0.467832441788,-1.110223024625E-16
    ));
#4782 = PCURVE('',#4638,#4783);
#4783 = DEFINITIONAL_REPRESENTATION('',(#4784),#4788);
#4784 = LINE('',#4785,#4786);
#4785 = CARTESIAN_POINT('',(-0.205108758842,1.33));
#4786 = VECTOR('',#4787,1.);
#4787 = DIRECTION('',(1.,1.110223024625E-16));
#4788 = ( GEOMETRIC_REPRESENTATION_CONTEXT(2) 
PARAMETRIC_REPRESENTATION_CONTEXT() REPRESENTATION_CONTEXT('2D SPACE',''
  ) );
#4789 = PCURVE('',#3611,#4790);
#4790 = DEFINITIONAL_REPRESENTATION('',(#4791),#4795);
#4791 = LINE('',#4792,#4793);
#4792 = CARTESIAN_POINT('',(-0.176891079678,-0.587173353092));
#4793 = VECTOR('',#4794,1.);
#4794 = DIRECTION('',(-0.998827547512,-4.84100230375E-02));
#4795 = ( GEOMETRIC_REPRESENTATION_CONTEXT(2) 
PARAMETRIC_REPRESENTATION_CONTEXT() REPRESENTATION_CONTEXT('2D SPACE',''
  ) );
#4796 = ORIENTED_EDGE('',*,*,#4797,.F.);
#4797 = EDGE_CURVE('',#4798,#4775,#4800,.T.);
#4798 = VERTEX_POINT('',#4799);
#4799 = CARTESIAN_POINT('',(-0.367608698136,0.187135571651,3.7200001));
#4800 = SURFACE_CURVE('',#4801,(#4805,#4812),.PCURVE_S1.);
#4801 = LINE('',#4802,#4803);
#4802 = CARTESIAN_POINT('',(-0.367608698136,0.187135571651,3.5950001));
#4803 = VECTOR('',#4804,1.);
#4804 = DIRECTION('',(2.638984874572E-49,-8.19333394335E-32,-1.));
#4805 = PCURVE('',#4638,#4806);
#4806 = DEFINITIONAL_REPRESENTATION('',(#4807),#4811);
#4807 = LINE('',#4808,#4809);
#4808 = CARTESIAN_POINT('',(1.529252164501E-02,1.205));
#4809 = VECTOR('',#4810,1.);
#4810 = DIRECTION('',(1.110223024625E-16,1.));
#4811 = ( GEOMETRIC_REPRESENTATION_CONTEXT(2) 
PARAMETRIC_REPRESENTATION_CONTEXT() REPRESENTATION_CONTEXT('2D SPACE',''
  ) );
#4812 = PCURVE('',#3747,#4813);
#4813 = DEFINITIONAL_REPRESENTATION('',(#4814),#4818);
#4814 = LINE('',#4815,#4816);
#4815 = CARTESIAN_POINT('',(4.663960028986,0.));
#4816 = VECTOR('',#4817,1.);
#4817 = DIRECTION('',(0.,1.));
#4818 = ( GEOMETRIC_REPRESENTATION_CONTEXT(2) 
PARAMETRIC_REPRESENTATION_CONTEXT() REPRESENTATION_CONTEXT('2D SPACE',''
  ) );
#4819 = ORIENTED_EDGE('',*,*,#4820,.F.);
#4820 = EDGE_CURVE('',#4595,#4798,#4821,.T.);
#4821 = SURFACE_CURVE('',#4822,(#4826,#4833),.PCURVE_S1.);
#4822 = LINE('',#4823,#4824);
#4823 = CARTESIAN_POINT('',(-0.17668849709,8.607545884183E-02,3.7200001)
  );
#4824 = VECTOR('',#4825,1.);
#4825 = DIRECTION('',(-0.883817179291,0.467832441788,-1.110223024625E-16
    ));
#4826 = PCURVE('',#4638,#4827);
#4827 = DEFINITIONAL_REPRESENTATION('',(#4828),#4832);
#4828 = LINE('',#4829,#4830);
#4829 = CARTESIAN_POINT('',(-0.200725231256,1.08));
#4830 = VECTOR('',#4831,1.);
#4831 = DIRECTION('',(1.,1.110223024625E-16));
#4832 = ( GEOMETRIC_REPRESENTATION_CONTEXT(2) 
PARAMETRIC_REPRESENTATION_CONTEXT() REPRESENTATION_CONTEXT('2D SPACE',''
  ) );
#4833 = PCURVE('',#3719,#4834);
#4834 = DEFINITIONAL_REPRESENTATION('',(#4835),#4839);
#4835 = LINE('',#4836,#4837);
#4836 = CARTESIAN_POINT('',(-0.181269467787,-0.406285559763));
#4837 = VECTOR('',#4838,1.);
#4838 = DIRECTION('',(-0.998827547512,-4.84100230375E-02));
#4839 = ( GEOMETRIC_REPRESENTATION_CONTEXT(2) 
PARAMETRIC_REPRESENTATION_CONTEXT() REPRESENTATION_CONTEXT('2D SPACE',''
  ) );
#4840 = ORIENTED_EDGE('',*,*,#4622,.T.);
#4841 = ADVANCED_FACE('',(#4842),#4857,.T.);
#4842 = FACE_BOUND('',#4843,.T.);
#4843 = EDGE_LOOP('',(#4844,#4875,#4903,#4932));
#4844 = ORIENTED_EDGE('',*,*,#4845,.F.);
#4845 = EDGE_CURVE('',#4846,#4848,#4850,.T.);
#4846 = VERTEX_POINT('',#4847);
#4847 = CARTESIAN_POINT('',(1.220327334746E-02,0.474754782431,1.9100001)
  );
#4848 = VERTEX_POINT('',#4849);
#4849 = CARTESIAN_POINT('',(9.082236901204E-02,0.569770986319,1.9100001)
  );
#4850 = SURFACE_CURVE('',#4851,(#4856,#4868),.PCURVE_S1.);
#4851 = CIRCLE('',#4852,0.1045);
#4852 = AXIS2_PLACEMENT_3D('',#4853,#4854,#4855);
#4853 = CARTESIAN_POINT('',(0.116514628907,0.468478549378,1.9100001));
#4854 = DIRECTION('',(7.086716211723E-17,-5.361117519173E-17,-1.));
#4855 = DIRECTION('',(-0.245858946363,0.969305616662,-6.938893903907E-17
    ));
#4856 = PCURVE('',#4857,#4862);
#4857 = CYLINDRICAL_SURFACE('',#4858,0.1045);
#4858 = AXIS2_PLACEMENT_3D('',#4859,#4860,#4861);
#4859 = CARTESIAN_POINT('',(0.116514628907,0.468478549378,4.8000001));
#4860 = DIRECTION('',(2.638984874572E-49,-8.19333394335E-32,-1.));
#4861 = DIRECTION('',(-0.245858946363,0.969305616662,-6.938893903907E-17
    ));
#4862 = DEFINITIONAL_REPRESENTATION('',(#4863),#4867);
#4863 = LINE('',#4864,#4865);
#4864 = CARTESIAN_POINT('',(0.,2.89));
#4865 = VECTOR('',#4866,1.);
#4866 = DIRECTION('',(1.,0.));
#4867 = ( GEOMETRIC_REPRESENTATION_CONTEXT(2) 
PARAMETRIC_REPRESENTATION_CONTEXT() REPRESENTATION_CONTEXT('2D SPACE',''
  ) );
#4868 = PCURVE('',#225,#4869);
#4869 = DEFINITIONAL_REPRESENTATION('',(#4870),#4874);
#4870 = CIRCLE('',#4871,0.1045);
#4871 = AXIS2_PLACEMENT_2D('',#4872,#4873);
#4872 = CARTESIAN_POINT('',(0.124127903308,0.194686005071));
#4873 = DIRECTION('',(0.705884704496,0.70832674943));
#4874 = ( GEOMETRIC_REPRESENTATION_CONTEXT(2) 
PARAMETRIC_REPRESENTATION_CONTEXT() REPRESENTATION_CONTEXT('2D SPACE',''
  ) );
#4875 = ORIENTED_EDGE('',*,*,#4876,.F.);
#4876 = EDGE_CURVE('',#4877,#4846,#4879,.T.);
#4877 = VERTEX_POINT('',#4878);
#4878 = CARTESIAN_POINT('',(1.220327334746E-02,0.474754782431,3.4700001)
  );
#4879 = SURFACE_CURVE('',#4880,(#4884,#4891),.PCURVE_S1.);
#4880 = LINE('',#4881,#4882);
#4881 = CARTESIAN_POINT('',(1.220327334746E-02,0.474754782431,4.8000001)
  );
#4882 = VECTOR('',#4883,1.);
#4883 = DIRECTION('',(2.638984874572E-49,-8.19333394335E-32,-1.));
#4884 = PCURVE('',#4857,#4885);
#4885 = DEFINITIONAL_REPRESENTATION('',(#4886),#4890);
#4886 = LINE('',#4887,#4888);
#4887 = CARTESIAN_POINT('',(5.020890532191,0.));
#4888 = VECTOR('',#4889,1.);
#4889 = DIRECTION('',(0.,1.));
#4890 = ( GEOMETRIC_REPRESENTATION_CONTEXT(2) 
PARAMETRIC_REPRESENTATION_CONTEXT() REPRESENTATION_CONTEXT('2D SPACE',''
  ) );
#4891 = PCURVE('',#4892,#4897);
#4892 = PLANE('',#4893);
#4893 = AXIS2_PLACEMENT_3D('',#4894,#4895,#4896);
#4894 = CARTESIAN_POINT('',(1.220327334746E-02,0.474754782431,4.8000001)
  );
#4895 = DIRECTION('',(0.998194790043,-6.005964644556E-02,
    1.665334536938E-16));
#4896 = DIRECTION('',(-6.005964644556E-02,-0.998194790043,
    3.469446951954E-18));
#4897 = DEFINITIONAL_REPRESENTATION('',(#4898),#4902);
#4898 = LINE('',#4899,#4900);
#4899 = CARTESIAN_POINT('',(0.,0.));
#4900 = VECTOR('',#4901,1.);
#4901 = DIRECTION('',(-3.893903059919E-18,1.));
#4902 = ( GEOMETRIC_REPRESENTATION_CONTEXT(2) 
PARAMETRIC_REPRESENTATION_CONTEXT() REPRESENTATION_CONTEXT('2D SPACE',''
  ) );
#4903 = ORIENTED_EDGE('',*,*,#4904,.F.);
#4904 = EDGE_CURVE('',#4905,#4877,#4907,.T.);
#4905 = VERTEX_POINT('',#4906);
#4906 = CARTESIAN_POINT('',(9.082236901204E-02,0.569770986319,3.4700001)
  );
#4907 = SURFACE_CURVE('',#4908,(#4913,#4920),.PCURVE_S1.);
#4908 = CIRCLE('',#4909,0.1045);
#4909 = AXIS2_PLACEMENT_3D('',#4910,#4911,#4912);
#4910 = CARTESIAN_POINT('',(0.116514628907,0.468478549378,3.4700001));
#4911 = DIRECTION('',(-7.086716211723E-17,5.361117519173E-17,1.));
#4912 = DIRECTION('',(-0.245858946363,0.969305616662,-6.938893903907E-17
    ));
#4913 = PCURVE('',#4857,#4914);
#4914 = DEFINITIONAL_REPRESENTATION('',(#4915),#4919);
#4915 = LINE('',#4916,#4917);
#4916 = CARTESIAN_POINT('',(6.28318530718,1.33));
#4917 = VECTOR('',#4918,1.);
#4918 = DIRECTION('',(-1.,0.));
#4919 = ( GEOMETRIC_REPRESENTATION_CONTEXT(2) 
PARAMETRIC_REPRESENTATION_CONTEXT() REPRESENTATION_CONTEXT('2D SPACE',''
  ) );
#4920 = PCURVE('',#4921,#4926);
#4921 = PLANE('',#4922);
#4922 = AXIS2_PLACEMENT_3D('',#4923,#4924,#4925);
#4923 = CARTESIAN_POINT('',(0.278834866759,0.498845226094,3.4700001));
#4924 = DIRECTION('',(-2.638984874572E-49,8.19333394335E-32,1.));
#4925 = DIRECTION('',(0.860133166356,-0.510069540489,1.110223024625E-16)
  );
#4926 = DEFINITIONAL_REPRESENTATION('',(#4927),#4931);
#4927 = CIRCLE('',#4928,0.1045);
#4928 = AXIS2_PLACEMENT_2D('',#4929,#4930);
#4929 = CARTESIAN_POINT('',(-0.124127903308,-0.108913994929));
#4930 = DIRECTION('',(-0.705884704496,0.70832674943));
#4931 = ( GEOMETRIC_REPRESENTATION_CONTEXT(2) 
PARAMETRIC_REPRESENTATION_CONTEXT() REPRESENTATION_CONTEXT('2D SPACE',''
  ) );
#4932 = ORIENTED_EDGE('',*,*,#4933,.T.);
#4933 = EDGE_CURVE('',#4905,#4848,#4934,.T.);
#4934 = SURFACE_CURVE('',#4935,(#4939,#4946),.PCURVE_S1.);
#4935 = LINE('',#4936,#4937);
#4936 = CARTESIAN_POINT('',(9.082236901204E-02,0.569770986319,4.8000001)
  );
#4937 = VECTOR('',#4938,1.);
#4938 = DIRECTION('',(2.638984874572E-49,-8.19333394335E-32,-1.));
#4939 = PCURVE('',#4857,#4940);
#4940 = DEFINITIONAL_REPRESENTATION('',(#4941),#4945);
#4941 = LINE('',#4942,#4943);
#4942 = CARTESIAN_POINT('',(6.28318530718,0.));
#4943 = VECTOR('',#4944,1.);
#4944 = DIRECTION('',(0.,1.));
#4945 = ( GEOMETRIC_REPRESENTATION_CONTEXT(2) 
PARAMETRIC_REPRESENTATION_CONTEXT() REPRESENTATION_CONTEXT('2D SPACE',''
  ) );
#4946 = PCURVE('',#4947,#4952);
#4947 = CYLINDRICAL_SURFACE('',#4948,0.1045);
#4948 = AXIS2_PLACEMENT_3D('',#4949,#4950,#4951);
#4949 = CARTESIAN_POINT('',(3.003572240069E-02,0.484769612249,4.8000001)
  );
#4950 = DIRECTION('',(2.638984874572E-49,-8.19333394335E-32,-1.));
#4951 = DIRECTION('',(0.951628261381,-0.307251773209,5.551115123126E-17)
  );
#4952 = DEFINITIONAL_REPRESENTATION('',(#4953),#4957);
#4953 = LINE('',#4954,#4955);
#4954 = CARTESIAN_POINT('',(5.020890532191,0.));
#4955 = VECTOR('',#4956,1.);
#4956 = DIRECTION('',(0.,1.));
#4957 = ( GEOMETRIC_REPRESENTATION_CONTEXT(2) 
PARAMETRIC_REPRESENTATION_CONTEXT() REPRESENTATION_CONTEXT('2D SPACE',''
  ) );
#4958 = ADVANCED_FACE('',(#4959),#4892,.F.);
#4959 = FACE_BOUND('',#4960,.T.);
#4960 = EDGE_LOOP('',(#4961,#4984,#5012,#5040,#5068,#5089));
#4961 = ORIENTED_EDGE('',*,*,#4962,.F.);
#4962 = EDGE_CURVE('',#4963,#4846,#4965,.T.);
#4963 = VERTEX_POINT('',#4964);
#4964 = CARTESIAN_POINT('',(6.663876650947E-03,0.38268968965,1.9100001)
  );
#4965 = SURFACE_CURVE('',#4966,(#4970,#4977),.PCURVE_S1.);
#4966 = LINE('',#4967,#4968);
#4967 = CARTESIAN_POINT('',(5.299268879536E-03,0.360009829736,1.9100001)
  );
#4968 = VECTOR('',#4969,1.);
#4969 = DIRECTION('',(6.005964644556E-02,0.998194790043,
    3.469446951954E-18));
#4970 = PCURVE('',#4892,#4971);
#4971 = DEFINITIONAL_REPRESENTATION('',(#4972),#4976);
#4972 = LINE('',#4973,#4974);
#4973 = CARTESIAN_POINT('',(0.114952466032,2.89));
#4974 = VECTOR('',#4975,1.);
#4975 = DIRECTION('',(-1.,4.340472440742E-33));
#4976 = ( GEOMETRIC_REPRESENTATION_CONTEXT(2) 
PARAMETRIC_REPRESENTATION_CONTEXT() REPRESENTATION_CONTEXT('2D SPACE',''
  ) );
#4977 = PCURVE('',#225,#4978);
#4978 = DEFINITIONAL_REPRESENTATION('',(#4979),#4983);
#4979 = LINE('',#4980,#4981);
#4980 = CARTESIAN_POINT('',(0.164461333091,4.466089421046E-02));
#4981 = VECTOR('',#4982,1.);
#4982 = DIRECTION('',(0.457489464008,0.889215041664));
#4983 = ( GEOMETRIC_REPRESENTATION_CONTEXT(2) 
PARAMETRIC_REPRESENTATION_CONTEXT() REPRESENTATION_CONTEXT('2D SPACE',''
  ) );
#4984 = ORIENTED_EDGE('',*,*,#4985,.F.);
#4985 = EDGE_CURVE('',#4986,#4963,#4988,.T.);
#4986 = VERTEX_POINT('',#4987);
#4987 = CARTESIAN_POINT('',(6.663876650947E-03,0.38268968965,3.7200001)
  );
#4988 = SURFACE_CURVE('',#4989,(#4993,#5000),.PCURVE_S1.);
#4989 = LINE('',#4990,#4991);
#4990 = CARTESIAN_POINT('',(6.663876650946E-03,0.38268968965,4.8000001)
  );
#4991 = VECTOR('',#4992,1.);
#4992 = DIRECTION('',(2.638984874572E-49,-8.19333394335E-32,-1.));
#4993 = PCURVE('',#4892,#4994);
#4994 = DEFINITIONAL_REPRESENTATION('',(#4995),#4999);
#4995 = LINE('',#4996,#4997);
#4996 = CARTESIAN_POINT('',(9.223159016649E-02,-3.460773334574E-16));
#4997 = VECTOR('',#4998,1.);
#4998 = DIRECTION('',(-3.893903059919E-18,1.));
#4999 = ( GEOMETRIC_REPRESENTATION_CONTEXT(2) 
PARAMETRIC_REPRESENTATION_CONTEXT() REPRESENTATION_CONTEXT('2D SPACE',''
  ) );
#5000 = PCURVE('',#5001,#5006);
#5001 = CYLINDRICAL_SURFACE('',#5002,8.665846684763E-02);
#5002 = AXIS2_PLACEMENT_3D('',#5003,#5004,#5005);
#5003 = CARTESIAN_POINT('',(-7.983815346947E-02,0.38789436653,4.8000001)
  );
#5004 = DIRECTION('',(2.638984874572E-49,-8.19333394335E-32,-1.));
#5005 = DIRECTION('',(0.926487174419,0.376326341938,5.551115123126E-17)
  );
#5006 = DEFINITIONAL_REPRESENTATION('',(#5007),#5011);
#5007 = LINE('',#5008,#5009);
#5008 = CARTESIAN_POINT('',(0.445923753196,0.));
#5009 = VECTOR('',#5010,1.);
#5010 = DIRECTION('',(0.,1.));
#5011 = ( GEOMETRIC_REPRESENTATION_CONTEXT(2) 
PARAMETRIC_REPRESENTATION_CONTEXT() REPRESENTATION_CONTEXT('2D SPACE',''
  ) );
#5012 = ORIENTED_EDGE('',*,*,#5013,.F.);
#5013 = EDGE_CURVE('',#5014,#4986,#5016,.T.);
#5014 = VERTEX_POINT('',#5015);
#5015 = CARTESIAN_POINT('',(7.582340094207E-03,0.397954605082,3.7200001)
  );
#5016 = SURFACE_CURVE('',#5017,(#5021,#5028),.PCURVE_S1.);
#5017 = LINE('',#5018,#5019);
#5018 = CARTESIAN_POINT('',(8.570382766791E-03,0.414375931322,3.7200001)
  );
#5019 = VECTOR('',#5020,1.);
#5020 = DIRECTION('',(-6.005964644556E-02,-0.998194790043,
    -3.469446951954E-18));
#5021 = PCURVE('',#4892,#5022);
#5022 = DEFINITIONAL_REPRESENTATION('',(#5023),#5027);
#5023 = LINE('',#5024,#5025);
#5024 = CARTESIAN_POINT('',(6.048804472999E-02,1.08));
#5025 = VECTOR('',#5026,1.);
#5026 = DIRECTION('',(1.,-4.340472440742E-33));
#5027 = ( GEOMETRIC_REPRESENTATION_CONTEXT(2) 
PARAMETRIC_REPRESENTATION_CONTEXT() REPRESENTATION_CONTEXT('2D SPACE',''
  ) );
#5028 = PCURVE('',#5029,#5034);
#5029 = PLANE('',#5030);
#5030 = AXIS2_PLACEMENT_3D('',#5031,#5032,#5033);
#5031 = CARTESIAN_POINT('',(0.186461272976,0.343075109667,3.7200001));
#5032 = DIRECTION('',(-2.638984874572E-49,8.19333394335E-32,1.));
#5033 = DIRECTION('',(0.860133166356,-0.510069540489,1.110223024625E-16)
  );
#5034 = DEFINITIONAL_REPRESENTATION('',(#5035),#5039);
#5035 = LINE('',#5036,#5037);
#5036 = CARTESIAN_POINT('',(-0.189378232,-2.940852313234E-02));
#5037 = VECTOR('',#5038,1.);
#5038 = DIRECTION('',(0.457489464008,-0.889215041664));
#5039 = ( GEOMETRIC_REPRESENTATION_CONTEXT(2) 
PARAMETRIC_REPRESENTATION_CONTEXT() REPRESENTATION_CONTEXT('2D SPACE',''
  ) );
#5040 = ORIENTED_EDGE('',*,*,#5041,.F.);
#5041 = EDGE_CURVE('',#5042,#5014,#5044,.T.);
#5042 = VERTEX_POINT('',#5043);
#5043 = CARTESIAN_POINT('',(7.582340094207E-03,0.397954605082,3.4700001)
  );
#5044 = SURFACE_CURVE('',#5045,(#5049,#5056),.PCURVE_S1.);
#5045 = LINE('',#5046,#5047);
#5046 = CARTESIAN_POINT('',(7.582340094207E-03,0.397954605082,3.5950001)
  );
#5047 = VECTOR('',#5048,1.);
#5048 = DIRECTION('',(-2.638984874572E-49,8.19333394335E-32,1.));
#5049 = PCURVE('',#4892,#5050);
#5050 = DEFINITIONAL_REPRESENTATION('',(#5051),#5055);
#5051 = LINE('',#5052,#5053);
#5052 = CARTESIAN_POINT('',(7.693906852148E-02,1.205));
#5053 = VECTOR('',#5054,1.);
#5054 = DIRECTION('',(3.893903059919E-18,-1.));
#5055 = ( GEOMETRIC_REPRESENTATION_CONTEXT(2) 
PARAMETRIC_REPRESENTATION_CONTEXT() REPRESENTATION_CONTEXT('2D SPACE',''
  ) );
#5056 = PCURVE('',#5057,#5062);
#5057 = CYLINDRICAL_SURFACE('',#5058,0.3975);
#5058 = AXIS2_PLACEMENT_3D('',#5059,#5060,#5061);
#5059 = CARTESIAN_POINT('',(-1.62913693679E-02,1.172176040352E-03,
    3.5950001));
#5060 = DIRECTION('',(2.638984874572E-49,-8.19333394335E-32,-1.));
#5061 = DIRECTION('',(0.510069540489,0.860133166356,-7.421371871181E-32)
  );
#5062 = DEFINITIONAL_REPRESENTATION('',(#5063),#5067);
#5063 = LINE('',#5064,#5065);
#5064 = CARTESIAN_POINT('',(5.80801548298,0.));
#5065 = VECTOR('',#5066,1.);
#5066 = DIRECTION('',(0.,-1.));
#5067 = ( GEOMETRIC_REPRESENTATION_CONTEXT(2) 
PARAMETRIC_REPRESENTATION_CONTEXT() REPRESENTATION_CONTEXT('2D SPACE',''
  ) );
#5068 = ORIENTED_EDGE('',*,*,#5069,.F.);
#5069 = EDGE_CURVE('',#4877,#5042,#5070,.T.);
#5070 = SURFACE_CURVE('',#5071,(#5075,#5082),.PCURVE_S1.);
#5071 = LINE('',#5072,#5073);
#5072 = CARTESIAN_POINT('',(1.340629072583E-02,0.494749000687,3.4700001)
  );
#5073 = VECTOR('',#5074,1.);
#5074 = DIRECTION('',(-6.005964644556E-02,-0.998194790043,
    -3.469446951954E-18));
#5075 = PCURVE('',#4892,#5076);
#5076 = DEFINITIONAL_REPRESENTATION('',(#5077),#5081);
#5077 = LINE('',#5078,#5079);
#5078 = CARTESIAN_POINT('',(-2.003037729269E-02,1.33));
#5079 = VECTOR('',#5080,1.);
#5080 = DIRECTION('',(1.,-4.340472440742E-33));
#5081 = ( GEOMETRIC_REPRESENTATION_CONTEXT(2) 
PARAMETRIC_REPRESENTATION_CONTEXT() REPRESENTATION_CONTEXT('2D SPACE',''
  ) );
#5082 = PCURVE('',#4921,#5083);
#5083 = DEFINITIONAL_REPRESENTATION('',(#5084),#5088);
#5084 = LINE('',#5085,#5086);
#5085 = CARTESIAN_POINT('',(-0.226214561734,-0.138910331139));
#5086 = VECTOR('',#5087,1.);
#5087 = DIRECTION('',(0.457489464008,-0.889215041664));
#5088 = ( GEOMETRIC_REPRESENTATION_CONTEXT(2) 
PARAMETRIC_REPRESENTATION_CONTEXT() REPRESENTATION_CONTEXT('2D SPACE',''
  ) );
#5089 = ORIENTED_EDGE('',*,*,#4876,.T.);
#5090 = ADVANCED_FACE('',(#5091),#5001,.F.);
#5091 = FACE_BOUND('',#5092,.F.);
#5092 = EDGE_LOOP('',(#5093,#5094,#5122,#5248,#5276,#5304));
#5093 = ORIENTED_EDGE('',*,*,#4985,.F.);
#5094 = ORIENTED_EDGE('',*,*,#5095,.T.);
#5095 = EDGE_CURVE('',#4986,#5096,#5098,.T.);
#5096 = VERTEX_POINT('',#5097);
#5097 = CARTESIAN_POINT('',(6.253420920653E-03,0.377998372623,3.7200001)
  );
#5098 = SURFACE_CURVE('',#5099,(#5104,#5111),.PCURVE_S1.);
#5099 = CIRCLE('',#5100,8.665846684763E-02);
#5100 = AXIS2_PLACEMENT_3D('',#5101,#5102,#5103);
#5101 = CARTESIAN_POINT('',(-7.983815346947E-02,0.38789436653,3.7200001)
  );
#5102 = DIRECTION('',(8.276583237246E-17,-5.625524599988E-17,-1.));
#5103 = DIRECTION('',(0.926487174419,0.376326341938,5.551115123126E-17)
  );
#5104 = PCURVE('',#5001,#5105);
#5105 = DEFINITIONAL_REPRESENTATION('',(#5106),#5110);
#5106 = LINE('',#5107,#5108);
#5107 = CARTESIAN_POINT('',(-5.551115123126E-17,1.08));
#5108 = VECTOR('',#5109,1.);
#5109 = DIRECTION('',(1.,0.));
#5110 = ( GEOMETRIC_REPRESENTATION_CONTEXT(2) 
PARAMETRIC_REPRESENTATION_CONTEXT() REPRESENTATION_CONTEXT('2D SPACE',''
  ) );
#5111 = PCURVE('',#5029,#5112);
#5112 = DEFINITIONAL_REPRESENTATION('',(#5113),#5121);
#5113 = ( BOUNDED_CURVE() B_SPLINE_CURVE(2,(#5114,#5115,#5116,#5117,
#5118,#5119,#5120),.UNSPECIFIED.,.T.,.F.) B_SPLINE_CURVE_WITH_KNOTS((1,2
    ,2,2,2,1),(-2.094395102393,0.,2.094395102393,4.188790204786,
6.28318530718,8.377580409573),.UNSPECIFIED.) CURVE() 
GEOMETRIC_REPRESENTATION_ITEM() RATIONAL_B_SPLINE_CURVE((1.,0.5,1.,0.5,
1.,0.5,1.)) REPRESENTATION_ITEM('') );
#5114 = CARTESIAN_POINT('',(-0.199489889406,-2.827770917671E-02));
#5115 = CARTESIAN_POINT('',(-7.997320903753E-02,-0.11907877053));
#5116 = CARTESIAN_POINT('',(-0.218367575044,-0.177182721228));
#5117 = CARTESIAN_POINT('',(-0.356761941051,-0.235286671927));
#5118 = CARTESIAN_POINT('',(-0.337884255413,-8.638165987523E-02));
#5119 = CARTESIAN_POINT('',(-0.319006569774,6.25233521764E-02));
#5120 = CARTESIAN_POINT('',(-0.199489889406,-2.827770917671E-02));
#5121 = ( GEOMETRIC_REPRESENTATION_CONTEXT(2) 
PARAMETRIC_REPRESENTATION_CONTEXT() REPRESENTATION_CONTEXT('2D SPACE',''
  ) );
#5122 = ORIENTED_EDGE('',*,*,#5123,.T.);
#5123 = EDGE_CURVE('',#5096,#5124,#5126,.T.);
#5124 = VERTEX_POINT('',#5125);
#5125 = CARTESIAN_POINT('',(-0.158236005761,0.350969217479,3.7200001));
#5126 = SURFACE_CURVE('',#5127,(#5146,#5197),.PCURVE_S1.);
#5127 = B_SPLINE_CURVE_WITH_KNOTS('',3,(#5128,#5129,#5130,#5131,#5132,
    #5133,#5134,#5135,#5136,#5137,#5138,#5139,#5140,#5141,#5142,#5143,
    #5144,#5145),.UNSPECIFIED.,.F.,.F.,(4,2,2,2,2,2,2,2,4),(
    3.689280396767E-02,4.035428098012E-02,4.447304968898E-02,
    4.720286574133E-02,4.993268179369E-02,5.266249784604E-02,
    5.53923138984E-02,5.951108260725E-02,6.29725596197E-02),
  .UNSPECIFIED.);
#5128 = CARTESIAN_POINT('',(6.253420920653E-03,0.377998372623,3.7200001)
  );
#5129 = CARTESIAN_POINT('',(5.297421947358E-03,0.369681526685,
    3.711641005381));
#5130 = CARTESIAN_POINT('',(3.040820946786E-03,0.360994008779,
    3.702823925186));
#5131 = CARTESIAN_POINT('',(-5.059435604007E-03,0.34278229038,
    3.684273741552));
#5132 = CARTESIAN_POINT('',(-1.150299326346E-02,0.333414727605,
    3.674675449391));
#5133 = CARTESIAN_POINT('',(-2.503776074897E-02,0.320345503073,
    3.661746754879));
#5134 = CARTESIAN_POINT('',(-3.190671633734E-02,0.315135239308,
    3.656739018543));
#5135 = CARTESIAN_POINT('',(-4.778999802749E-02,0.306893762691,
    3.649734174959));
#5136 = CARTESIAN_POINT('',(-5.680777148442E-02,0.303858123022,3.6477501
    ));
#5137 = CARTESIAN_POINT('',(-7.476571375416E-02,0.300907246377,3.6477501
    ));
#5138 = CARTESIAN_POINT('',(-8.428071519061E-02,0.30089755202,
    3.649734174959));
#5139 = CARTESIAN_POINT('',(-0.101966094612,0.303622974703,
    3.656739018543));
#5140 = CARTESIAN_POINT('',(-0.110141155271,0.30636118262,3.661746754879
    ));
#5141 = CARTESIAN_POINT('',(-0.127146404531,0.314412024711,
    3.674675449391));
#5142 = CARTESIAN_POINT('',(-0.136248782173,0.321225055528,
    3.684273741552));
#5143 = CARTESIAN_POINT('',(-0.149750895933,0.33588703927,3.702823925186
    ));
#5144 = CARTESIAN_POINT('',(-0.154668864864,0.34339562083,3.711641005381
    ));
#5145 = CARTESIAN_POINT('',(-0.158236005761,0.350969217479,3.7200001));
#5146 = PCURVE('',#5001,#5147);
#5147 = DEFINITIONAL_REPRESENTATION('',(#5148),#5196);
#5148 = B_SPLINE_CURVE_WITH_KNOTS('',3,(#5149,#5150,#5151,#5152,#5153,
    #5154,#5155,#5156,#5157,#5158,#5159,#5160,#5161,#5162,#5163,#5164,
    #5165,#5166,#5167,#5168,#5169,#5170,#5171,#5172,#5173,#5174,#5175,
    #5176,#5177,#5178,#5179,#5180,#5181,#5182,#5183,#5184,#5185,#5186,
    #5187,#5188,#5189,#5190,#5191,#5192,#5193,#5194,#5195),
  .UNSPECIFIED.,.F.,.F.,(4,1,1,1,1,1,1,1,1,1,1,1,1,1,1,1,1,1,1,1,1,1,1,1
    ,1,1,1,1,1,1,1,1,1,1,1,1,1,1,1,1,1,1,1,1,4),(3.689280396767E-02,
    3.748552568704E-02,3.80782474064E-02,3.867096912577E-02,
    3.926369084513E-02,3.98564125645E-02,4.044913428386E-02,
    4.104185600322E-02,4.163457772259E-02,4.222729944195E-02,
    4.282002116132E-02,4.341274288068E-02,4.400546460005E-02,
    4.459818631941E-02,4.519090803877E-02,4.578362975814E-02,
    4.63763514775E-02,4.696907319687E-02,4.756179491623E-02,
    4.81545166356E-02,4.874723835496E-02,4.933996007432E-02,
    4.993268179369E-02,5.052540351305E-02,5.111812523242E-02,
    5.171084695178E-02,5.230356867114E-02,5.289629039051E-02,
    5.348901210987E-02,5.408173382924E-02,5.46744555486E-02,
    5.526717726797E-02,5.585989898733E-02,5.645262070669E-02,
    5.704534242606E-02,5.763806414542E-02,5.823078586479E-02,
    5.882350758415E-02,5.941622930352E-02,6.000895102288E-02,
    6.060167274224E-02,6.119439446161E-02,6.178711618097E-02,
    6.237983790034E-02,6.29725596197E-02),.QUASI_UNIFORM_KNOTS.);
#5149 = CARTESIAN_POINT('',(0.500272953466,1.08));
#5150 = CARTESIAN_POINT('',(0.516815342244,1.081431359191));
#5151 = CARTESIAN_POINT('',(0.550248354473,1.084320934954));
#5152 = CARTESIAN_POINT('',(0.601331345817,1.088711642087));
#5153 = CARTESIAN_POINT('',(0.653233715515,1.093134470948));
#5154 = CARTESIAN_POINT('',(0.705851391604,1.097565175639));
#5155 = CARTESIAN_POINT('',(0.759091980464,1.101979599917));
#5156 = CARTESIAN_POINT('',(0.81288011998,1.106353253057));
#5157 = CARTESIAN_POINT('',(0.86715921295,1.110662981072));
#5158 = CARTESIAN_POINT('',(0.921883164747,1.11488522518));
#5159 = CARTESIAN_POINT('',(0.976999232193,1.118995681187));
#5160 = CARTESIAN_POINT('',(1.032474529346,1.12297115803));
#5161 = CARTESIAN_POINT('',(1.088215723939,1.12678475753));
#5162 = CARTESIAN_POINT('',(1.14438353069,1.130423296835));
#5163 = CARTESIAN_POINT('',(1.200234624186,1.133822438906));
#5164 = CARTESIAN_POINT('',(1.258883341898,1.137132969582));
#5165 = CARTESIAN_POINT('',(1.32050924575,1.14030924069));
#5166 = CARTESIAN_POINT('',(1.384443983195,1.143257202609));
#5167 = CARTESIAN_POINT('',(1.450304054551,1.145897621601));
#5168 = CARTESIAN_POINT('',(1.51775856622,1.148140401835));
#5169 = CARTESIAN_POINT('',(1.586417581338,1.149932217614));
#5170 = CARTESIAN_POINT('',(1.655682179154,1.151249724871));
#5171 = CARTESIAN_POINT('',(1.725084547424,1.152062907628));
#5172 = CARTESIAN_POINT('',(1.793758203393,1.152343546186));
#5173 = CARTESIAN_POINT('',(1.862431859362,1.152062907628));
#5174 = CARTESIAN_POINT('',(1.931834227633,1.151249724871));
#5175 = CARTESIAN_POINT('',(2.001098825448,1.149932217614));
#5176 = CARTESIAN_POINT('',(2.069757840566,1.148140401835));
#5177 = CARTESIAN_POINT('',(2.137212352236,1.145897621601));
#5178 = CARTESIAN_POINT('',(2.203072423591,1.143257202609));
#5179 = CARTESIAN_POINT('',(2.267007161036,1.14030924069));
#5180 = CARTESIAN_POINT('',(2.328633064888,1.137132969582));
#5181 = CARTESIAN_POINT('',(2.3872817826,1.133822438906));
#5182 = CARTESIAN_POINT('',(2.443132876097,1.130423296835));
#5183 = CARTESIAN_POINT('',(2.499300682847,1.12678475753));
#5184 = CARTESIAN_POINT('',(2.55504187744,1.12297115803));
#5185 = CARTESIAN_POINT('',(2.610517174593,1.118995681187));
#5186 = CARTESIAN_POINT('',(2.66563324204,1.11488522518));
#5187 = CARTESIAN_POINT('',(2.720357193836,1.110662981072));
#5188 = CARTESIAN_POINT('',(2.774636286807,1.106353253057));
#5189 = CARTESIAN_POINT('',(2.828424426323,1.101979599917));
#5190 = CARTESIAN_POINT('',(2.881665015182,1.097565175639));
#5191 = CARTESIAN_POINT('',(2.934282691272,1.093134470948));
#5192 = CARTESIAN_POINT('',(2.986185060969,1.088711642087));
#5193 = CARTESIAN_POINT('',(3.037268052313,1.084320934954));
#5194 = CARTESIAN_POINT('',(3.070701064542,1.081431359191));
#5195 = CARTESIAN_POINT('',(3.08724345332,1.08));
#5196 = ( GEOMETRIC_REPRESENTATION_CONTEXT(2) 
PARAMETRIC_REPRESENTATION_CONTEXT() REPRESENTATION_CONTEXT('2D SPACE',''
  ) );
#5197 = PCURVE('',#559,#5198);
#5198 = DEFINITIONAL_REPRESENTATION('',(#5199),#5247);
#5199 = B_SPLINE_CURVE_WITH_KNOTS('',3,(#5200,#5201,#5202,#5203,#5204,
    #5205,#5206,#5207,#5208,#5209,#5210,#5211,#5212,#5213,#5214,#5215,
    #5216,#5217,#5218,#5219,#5220,#5221,#5222,#5223,#5224,#5225,#5226,
    #5227,#5228,#5229,#5230,#5231,#5232,#5233,#5234,#5235,#5236,#5237,
    #5238,#5239,#5240,#5241,#5242,#5243,#5244,#5245,#5246),
  .UNSPECIFIED.,.F.,.F.,(4,1,1,1,1,1,1,1,1,1,1,1,1,1,1,1,1,1,1,1,1,1,1,1
    ,1,1,1,1,1,1,1,1,1,1,1,1,1,1,1,1,1,1,1,1,4),(3.689280396767E-02,
    3.748552568704E-02,3.80782474064E-02,3.867096912577E-02,
    3.926369084513E-02,3.98564125645E-02,4.044913428386E-02,
    4.104185600322E-02,4.163457772259E-02,4.222729944195E-02,
    4.282002116132E-02,4.341274288068E-02,4.400546460005E-02,
    4.459818631941E-02,4.519090803877E-02,4.578362975814E-02,
    4.63763514775E-02,4.696907319687E-02,4.756179491623E-02,
    4.81545166356E-02,4.874723835496E-02,4.933996007432E-02,
    4.993268179369E-02,5.052540351305E-02,5.111812523242E-02,
    5.171084695178E-02,5.230356867114E-02,5.289629039051E-02,
    5.348901210987E-02,5.408173382924E-02,5.46744555486E-02,
    5.526717726797E-02,5.585989898733E-02,5.645262070669E-02,
    5.704534242606E-02,5.763806414542E-02,5.823078586479E-02,
    5.882350758415E-02,5.941622930352E-02,6.000895102288E-02,
    6.060167274224E-02,6.119439446161E-02,6.178711618097E-02,
    6.237983790034E-02,6.29725596197E-02),.QUASI_UNIFORM_KNOTS.);
#5200 = CARTESIAN_POINT('',(6.75869408749,5.E-02));
#5201 = CARTESIAN_POINT('',(6.758901821932,4.856866202331E-02));
#5202 = CARTESIAN_POINT('',(6.759519610543,4.567937550601E-02));
#5203 = CARTESIAN_POINT('',(6.761092568128,4.128935938104E-02));
#5204 = CARTESIAN_POINT('',(6.763350359985,3.686689029655E-02));
#5205 = CARTESIAN_POINT('',(6.7663341913,3.243599347863E-02));
#5206 = CARTESIAN_POINT('',(6.770086206894,2.802092868392E-02));
#5207 = CARTESIAN_POINT('',(6.774650883717,2.364653041091E-02));
#5208 = CARTESIAN_POINT('',(6.780068444327,1.93371881917E-02));
#5209 = CARTESIAN_POINT('',(6.786349592781,1.511566181646E-02));
#5210 = CARTESIAN_POINT('',(6.79350474943,1.100567689429E-02));
#5211 = CARTESIAN_POINT('',(6.801544352186,7.030172396556E-03));
#5212 = CARTESIAN_POINT('',(6.810461890213,3.216082266519E-03));
#5213 = CARTESIAN_POINT('',(6.820296561701,-4.23143284546E-04));
#5214 = CARTESIAN_POINT('',(6.83089435776,-3.822547694592E-03));
#5215 = CARTESIAN_POINT('',(6.842881165392,-7.132583601777E-03));
#5216 = CARTESIAN_POINT('',(6.856360166863,-1.030837812497E-02));
#5217 = CARTESIAN_POINT('',(6.871230875532,-1.325618683269E-02));
#5218 = CARTESIAN_POINT('',(6.887416332048,-1.589687051975E-02));
#5219 = CARTESIAN_POINT('',(6.904817502309,-1.814153229421E-02));
#5220 = CARTESIAN_POINT('',(6.923221246016,-1.9936595448E-02));
#5221 = CARTESIAN_POINT('',(6.942317079544,-2.125441446879E-02));
#5222 = CARTESIAN_POINT('',(6.961821598922,-2.206488855732E-02));
#5223 = CARTESIAN_POINT('',(6.981317007977,-2.234255572134E-02));
#5224 = CARTESIAN_POINT('',(7.000812417033,-2.206488855732E-02));
#5225 = CARTESIAN_POINT('',(7.020316936411,-2.125441446879E-02));
#5226 = CARTESIAN_POINT('',(7.039412769939,-1.9936595448E-02));
#5227 = CARTESIAN_POINT('',(7.057816513645,-1.814153229421E-02));
#5228 = CARTESIAN_POINT('',(7.075217683906,-1.589687051975E-02));
#5229 = CARTESIAN_POINT('',(7.091403140423,-1.325618683269E-02));
#5230 = CARTESIAN_POINT('',(7.106273849092,-1.030837812497E-02));
#5231 = CARTESIAN_POINT('',(7.119752850562,-7.132583601777E-03));
#5232 = CARTESIAN_POINT('',(7.131739658195,-3.822547694593E-03));
#5233 = CARTESIAN_POINT('',(7.142337454253,-4.231432845464E-04));
#5234 = CARTESIAN_POINT('',(7.152172125742,3.216082266518E-03));
#5235 = CARTESIAN_POINT('',(7.161089663768,7.030172396556E-03));
#5236 = CARTESIAN_POINT('',(7.169129266525,1.100567689429E-02));
#5237 = CARTESIAN_POINT('',(7.176284423173,1.511566181646E-02));
#5238 = CARTESIAN_POINT('',(7.182565571627,1.93371881917E-02));
#5239 = CARTESIAN_POINT('',(7.187983132238,2.364653041091E-02));
#5240 = CARTESIAN_POINT('',(7.192547809061,2.802092868392E-02));
#5241 = CARTESIAN_POINT('',(7.196299824655,3.243599347863E-02));
#5242 = CARTESIAN_POINT('',(7.19928365597,3.686689029655E-02));
#5243 = CARTESIAN_POINT('',(7.201541447827,4.128935938104E-02));
#5244 = CARTESIAN_POINT('',(7.203114405412,4.567937550601E-02));
#5245 = CARTESIAN_POINT('',(7.203732194023,4.856866202331E-02));
#5246 = CARTESIAN_POINT('',(7.203939928464,5.E-02));
#5247 = ( GEOMETRIC_REPRESENTATION_CONTEXT(2) 
PARAMETRIC_REPRESENTATION_CONTEXT() REPRESENTATION_CONTEXT('2D SPACE',''
  ) );
#5248 = ORIENTED_EDGE('',*,*,#5249,.T.);
#5249 = EDGE_CURVE('',#5124,#5250,#5252,.T.);
#5250 = VERTEX_POINT('',#5251);
#5251 = CARTESIAN_POINT('',(-0.160126111559,0.355282502703,3.7200001));
#5252 = SURFACE_CURVE('',#5253,(#5258,#5265),.PCURVE_S1.);
#5253 = CIRCLE('',#5254,8.665846684763E-02);
#5254 = AXIS2_PLACEMENT_3D('',#5255,#5256,#5257);
#5255 = CARTESIAN_POINT('',(-7.983815346947E-02,0.38789436653,3.7200001)
  );
#5256 = DIRECTION('',(8.276583237246E-17,-5.625524599988E-17,-1.));
#5257 = DIRECTION('',(0.926487174419,0.376326341938,5.551115123126E-17)
  );
#5258 = PCURVE('',#5001,#5259);
#5259 = DEFINITIONAL_REPRESENTATION('',(#5260),#5264);
#5260 = LINE('',#5261,#5262);
#5261 = CARTESIAN_POINT('',(0.,1.08));
#5262 = VECTOR('',#5263,1.);
#5263 = DIRECTION('',(1.,0.));
#5264 = ( GEOMETRIC_REPRESENTATION_CONTEXT(2) 
PARAMETRIC_REPRESENTATION_CONTEXT() REPRESENTATION_CONTEXT('2D SPACE',''
  ) );
#5265 = PCURVE('',#4374,#5266);
#5266 = DEFINITIONAL_REPRESENTATION('',(#5267),#5275);
#5267 = ( BOUNDED_CURVE() B_SPLINE_CURVE(2,(#5268,#5269,#5270,#5271,
#5272,#5273,#5274),.UNSPECIFIED.,.T.,.F.) B_SPLINE_CURVE_WITH_KNOTS((1,2
    ,2,2,2,1),(-2.094395102393,0.,2.094395102393,4.188790204786,
6.28318530718,8.377580409573),.UNSPECIFIED.) CURVE() 
GEOMETRIC_REPRESENTATION_ITEM() RATIONAL_B_SPLINE_CURVE((1.,0.5,1.,0.5,
1.,0.5,1.)) REPRESENTATION_ITEM('') );
#5268 = CARTESIAN_POINT('',(-0.199489889406,-2.827770917671E-02));
#5269 = CARTESIAN_POINT('',(-7.997320903753E-02,-0.11907877053));
#5270 = CARTESIAN_POINT('',(-0.218367575044,-0.177182721228));
#5271 = CARTESIAN_POINT('',(-0.356761941051,-0.235286671927));
#5272 = CARTESIAN_POINT('',(-0.337884255413,-8.638165987523E-02));
#5273 = CARTESIAN_POINT('',(-0.319006569774,6.25233521764E-02));
#5274 = CARTESIAN_POINT('',(-0.199489889406,-2.827770917671E-02));
#5275 = ( GEOMETRIC_REPRESENTATION_CONTEXT(2) 
PARAMETRIC_REPRESENTATION_CONTEXT() REPRESENTATION_CONTEXT('2D SPACE',''
  ) );
#5276 = ORIENTED_EDGE('',*,*,#5277,.T.);
#5277 = EDGE_CURVE('',#5250,#5278,#5280,.T.);
#5278 = VERTEX_POINT('',#5279);
#5279 = CARTESIAN_POINT('',(-0.160126111559,0.355282502703,1.9100001));
#5280 = SURFACE_CURVE('',#5281,(#5285,#5292),.PCURVE_S1.);
#5281 = LINE('',#5282,#5283);
#5282 = CARTESIAN_POINT('',(-0.160126111559,0.355282502703,4.8000001));
#5283 = VECTOR('',#5284,1.);
#5284 = DIRECTION('',(2.638984874572E-49,-8.19333394335E-32,-1.));
#5285 = PCURVE('',#5001,#5286);
#5286 = DEFINITIONAL_REPRESENTATION('',(#5287),#5291);
#5287 = LINE('',#5288,#5289);
#5288 = CARTESIAN_POINT('',(3.14159265359,0.));
#5289 = VECTOR('',#5290,1.);
#5290 = DIRECTION('',(0.,1.));
#5291 = ( GEOMETRIC_REPRESENTATION_CONTEXT(2) 
PARAMETRIC_REPRESENTATION_CONTEXT() REPRESENTATION_CONTEXT('2D SPACE',''
  ) );
#5292 = PCURVE('',#5293,#5298);
#5293 = PLANE('',#5294);
#5294 = AXIS2_PLACEMENT_3D('',#5295,#5296,#5297);
#5295 = CARTESIAN_POINT('',(-0.160126111559,0.355282502703,4.8000001));
#5296 = DIRECTION('',(-0.926487174419,-0.376326341938,
    -1.110223024625E-16));
#5297 = DIRECTION('',(-0.376326341938,0.926487174419,-1.110223024625E-16
    ));
#5298 = DEFINITIONAL_REPRESENTATION('',(#5299),#5303);
#5299 = LINE('',#5300,#5301);
#5300 = CARTESIAN_POINT('',(-0.,0.));
#5301 = VECTOR('',#5302,1.);
#5302 = DIRECTION('',(9.422035698335E-17,1.));
#5303 = ( GEOMETRIC_REPRESENTATION_CONTEXT(2) 
PARAMETRIC_REPRESENTATION_CONTEXT() REPRESENTATION_CONTEXT('2D SPACE',''
  ) );
#5304 = ORIENTED_EDGE('',*,*,#5305,.T.);
#5305 = EDGE_CURVE('',#5278,#4963,#5306,.T.);
#5306 = SURFACE_CURVE('',#5307,(#5312,#5319),.PCURVE_S1.);
#5307 = CIRCLE('',#5308,8.665846684763E-02);
#5308 = AXIS2_PLACEMENT_3D('',#5309,#5310,#5311);
#5309 = CARTESIAN_POINT('',(-7.983815346947E-02,0.38789436653,1.9100001)
  );
#5310 = DIRECTION('',(-8.276583237246E-17,5.625524599988E-17,1.));
#5311 = DIRECTION('',(0.926487174419,0.376326341938,5.551115123126E-17)
  );
#5312 = PCURVE('',#5001,#5313);
#5313 = DEFINITIONAL_REPRESENTATION('',(#5314),#5318);
#5314 = LINE('',#5315,#5316);
#5315 = CARTESIAN_POINT('',(6.28318530718,2.89));
#5316 = VECTOR('',#5317,1.);
#5317 = DIRECTION('',(-1.,0.));
#5318 = ( GEOMETRIC_REPRESENTATION_CONTEXT(2) 
PARAMETRIC_REPRESENTATION_CONTEXT() REPRESENTATION_CONTEXT('2D SPACE',''
  ) );
#5319 = PCURVE('',#225,#5320);
#5320 = DEFINITIONAL_REPRESENTATION('',(#5321),#5329);
#5321 = ( BOUNDED_CURVE() B_SPLINE_CURVE(2,(#5322,#5323,#5324,#5325,
#5326,#5327,#5328),.UNSPECIFIED.,.T.,.F.) B_SPLINE_CURVE_WITH_KNOTS((1,2
    ,2,2,2,1),(-2.094395102393,0.,2.094395102393,4.188790204786,
6.28318530718,8.377580409573),.UNSPECIFIED.) CURVE() 
GEOMETRIC_REPRESENTATION_ITEM() RATIONAL_B_SPLINE_CURVE((1.,0.5,1.,0.5,
1.,0.5,1.)) REPRESENTATION_ITEM('') );
#5322 = CARTESIAN_POINT('',(0.199489889406,9.422229082329E-02));
#5323 = CARTESIAN_POINT('',(0.319006569774,0.185023352176));
#5324 = CARTESIAN_POINT('',(0.337884255413,3.611834012477E-02));
#5325 = CARTESIAN_POINT('',(0.356761941051,-0.112786671927));
#5326 = CARTESIAN_POINT('',(0.218367575044,-5.468272122834E-02));
#5327 = CARTESIAN_POINT('',(7.997320903753E-02,3.421229470182E-03));
#5328 = CARTESIAN_POINT('',(0.199489889406,9.422229082329E-02));
#5329 = ( GEOMETRIC_REPRESENTATION_CONTEXT(2) 
PARAMETRIC_REPRESENTATION_CONTEXT() REPRESENTATION_CONTEXT('2D SPACE',''
  ) );
#5330 = ADVANCED_FACE('',(#5331),#4292,.T.);
#5331 = FACE_BOUND('',#5332,.T.);
#5332 = EDGE_LOOP('',(#5333,#5357,#5358,#5382));
#5333 = ORIENTED_EDGE('',*,*,#5334,.F.);
#5334 = EDGE_CURVE('',#4193,#5335,#5337,.T.);
#5335 = VERTEX_POINT('',#5336);
#5336 = CARTESIAN_POINT('',(-0.194835288497,0.440733888069,1.9100001));
#5337 = SURFACE_CURVE('',#5338,(#5343,#5350),.PCURVE_S1.);
#5338 = CIRCLE('',#5339,0.1045);
#5339 = AXIS2_PLACEMENT_3D('',#5340,#5341,#5342);
#5340 = CARTESIAN_POINT('',(-0.291653198224,0.401407785336,1.9100001));
#5341 = DIRECTION('',(8.276583237246E-17,-5.625524599988E-17,-1.));
#5342 = DIRECTION('',(0.926487174419,0.376326341938,5.551115123126E-17)
  );
#5343 = PCURVE('',#4292,#5344);
#5344 = DEFINITIONAL_REPRESENTATION('',(#5345),#5349);
#5345 = LINE('',#5346,#5347);
#5346 = CARTESIAN_POINT('',(0.,2.89));
#5347 = VECTOR('',#5348,1.);
#5348 = DIRECTION('',(1.,0.));
#5349 = ( GEOMETRIC_REPRESENTATION_CONTEXT(2) 
PARAMETRIC_REPRESENTATION_CONTEXT() REPRESENTATION_CONTEXT('2D SPACE',''
  ) );
#5350 = PCURVE('',#225,#5351);
#5351 = DEFINITIONAL_REPRESENTATION('',(#5352),#5356);
#5352 = CIRCLE('',#5353,0.1045);
#5353 = AXIS2_PLACEMENT_2D('',#5354,#5355);
#5354 = CARTESIAN_POINT('',(0.440995835068,-7.119775960045E-02));
#5355 = DIRECTION('',(-0.604949742615,0.796263655399));
#5356 = ( GEOMETRIC_REPRESENTATION_CONTEXT(2) 
PARAMETRIC_REPRESENTATION_CONTEXT() REPRESENTATION_CONTEXT('2D SPACE',''
  ) );
#5357 = ORIENTED_EDGE('',*,*,#4278,.T.);
#5358 = ORIENTED_EDGE('',*,*,#5359,.F.);
#5359 = EDGE_CURVE('',#5360,#4250,#5362,.T.);
#5360 = VERTEX_POINT('',#5361);
#5361 = CARTESIAN_POINT('',(-0.194835288497,0.440733888069,3.4700001));
#5362 = SURFACE_CURVE('',#5363,(#5368,#5375),.PCURVE_S1.);
#5363 = CIRCLE('',#5364,0.1045);
#5364 = AXIS2_PLACEMENT_3D('',#5365,#5366,#5367);
#5365 = CARTESIAN_POINT('',(-0.291653198224,0.401407785336,3.4700001));
#5366 = DIRECTION('',(-8.276583237246E-17,5.625524599988E-17,1.));
#5367 = DIRECTION('',(0.926487174419,0.376326341938,5.551115123126E-17)
  );
#5368 = PCURVE('',#4292,#5369);
#5369 = DEFINITIONAL_REPRESENTATION('',(#5370),#5374);
#5370 = LINE('',#5371,#5372);
#5371 = CARTESIAN_POINT('',(6.28318530718,1.33));
#5372 = VECTOR('',#5373,1.);
#5373 = DIRECTION('',(-1.,0.));
#5374 = ( GEOMETRIC_REPRESENTATION_CONTEXT(2) 
PARAMETRIC_REPRESENTATION_CONTEXT() REPRESENTATION_CONTEXT('2D SPACE',''
  ) );
#5375 = PCURVE('',#4266,#5376);
#5376 = DEFINITIONAL_REPRESENTATION('',(#5377),#5381);
#5377 = CIRCLE('',#5378,0.1045);
#5378 = AXIS2_PLACEMENT_2D('',#5379,#5380);
#5379 = CARTESIAN_POINT('',(-0.440995835068,-0.3747977596));
#5380 = DIRECTION('',(0.604949742615,0.796263655399));
#5381 = ( GEOMETRIC_REPRESENTATION_CONTEXT(2) 
PARAMETRIC_REPRESENTATION_CONTEXT() REPRESENTATION_CONTEXT('2D SPACE',''
  ) );
#5382 = ORIENTED_EDGE('',*,*,#5383,.T.);
#5383 = EDGE_CURVE('',#5360,#5335,#5384,.T.);
#5384 = SURFACE_CURVE('',#5385,(#5389,#5396),.PCURVE_S1.);
#5385 = LINE('',#5386,#5387);
#5386 = CARTESIAN_POINT('',(-0.194835288497,0.440733888069,4.8000001));
#5387 = VECTOR('',#5388,1.);
#5388 = DIRECTION('',(2.638984874572E-49,-8.19333394335E-32,-1.));
#5389 = PCURVE('',#4292,#5390);
#5390 = DEFINITIONAL_REPRESENTATION('',(#5391),#5395);
#5391 = LINE('',#5392,#5393);
#5392 = CARTESIAN_POINT('',(6.28318530718,0.));
#5393 = VECTOR('',#5394,1.);
#5394 = DIRECTION('',(0.,1.));
#5395 = ( GEOMETRIC_REPRESENTATION_CONTEXT(2) 
PARAMETRIC_REPRESENTATION_CONTEXT() REPRESENTATION_CONTEXT('2D SPACE',''
  ) );
#5396 = PCURVE('',#5293,#5397);
#5397 = DEFINITIONAL_REPRESENTATION('',(#5398),#5402);
#5398 = LINE('',#5399,#5400);
#5399 = CARTESIAN_POINT('',(9.223159016649E-02,7.962380754734E-16));
#5400 = VECTOR('',#5401,1.);
#5401 = DIRECTION('',(9.422035698335E-17,1.));
#5402 = ( GEOMETRIC_REPRESENTATION_CONTEXT(2) 
PARAMETRIC_REPRESENTATION_CONTEXT() REPRESENTATION_CONTEXT('2D SPACE',''
  ) );
#5403 = ADVANCED_FACE('',(#5404),#5293,.F.);
#5404 = FACE_BOUND('',#5405,.T.);
#5405 = EDGE_LOOP('',(#5406,#5427,#5428,#5451,#5474,#5495));
#5406 = ORIENTED_EDGE('',*,*,#5407,.F.);
#5407 = EDGE_CURVE('',#5335,#5278,#5408,.T.);
#5408 = SURFACE_CURVE('',#5409,(#5413,#5420),.PCURVE_S1.);
#5409 = LINE('',#5410,#5411);
#5410 = CARTESIAN_POINT('',(-0.119511787471,0.255293088806,1.9100001));
#5411 = VECTOR('',#5412,1.);
#5412 = DIRECTION('',(0.376326341938,-0.926487174419,1.110223024625E-16)
  );
#5413 = PCURVE('',#5293,#5414);
#5414 = DEFINITIONAL_REPRESENTATION('',(#5415),#5419);
#5415 = LINE('',#5416,#5417);
#5416 = CARTESIAN_POINT('',(-0.107923149568,2.89));
#5417 = VECTOR('',#5418,1.);
#5418 = DIRECTION('',(-1.,-1.110223024625E-16));
#5419 = ( GEOMETRIC_REPRESENTATION_CONTEXT(2) 
PARAMETRIC_REPRESENTATION_CONTEXT() REPRESENTATION_CONTEXT('2D SPACE',''
  ) );
#5420 = PCURVE('',#225,#5421);
#5421 = DEFINITIONAL_REPRESENTATION('',(#5422),#5426);
#5422 = LINE('',#5423,#5424);
#5423 = CARTESIAN_POINT('',(0.218402642259,-0.109071765897));
#5424 = VECTOR('',#5425,1.);
#5425 = DIRECTION('',(-0.796263655399,-0.604949742615));
#5426 = ( GEOMETRIC_REPRESENTATION_CONTEXT(2) 
PARAMETRIC_REPRESENTATION_CONTEXT() REPRESENTATION_CONTEXT('2D SPACE',''
  ) );
#5427 = ORIENTED_EDGE('',*,*,#5383,.F.);
#5428 = ORIENTED_EDGE('',*,*,#5429,.F.);
#5429 = EDGE_CURVE('',#5430,#5360,#5432,.T.);
#5430 = VERTEX_POINT('',#5431);
#5431 = CARTESIAN_POINT('',(-0.165881090288,0.369450827872,3.4700001));
#5432 = SURFACE_CURVE('',#5433,(#5437,#5444),.PCURVE_S1.);
#5433 = LINE('',#5434,#5435);
#5434 = CARTESIAN_POINT('',(-0.154070351368,0.340373676181,3.4700001));
#5435 = VECTOR('',#5436,1.);
#5436 = DIRECTION('',(-0.376326341938,0.926487174419,-1.110223024625E-16
    ));
#5437 = PCURVE('',#5293,#5438);
#5438 = DEFINITIONAL_REPRESENTATION('',(#5439),#5443);
#5439 = LINE('',#5440,#5441);
#5440 = CARTESIAN_POINT('',(-1.609177863886E-02,1.33));
#5441 = VECTOR('',#5442,1.);
#5442 = DIRECTION('',(1.,1.110223024625E-16));
#5443 = ( GEOMETRIC_REPRESENTATION_CONTEXT(2) 
PARAMETRIC_REPRESENTATION_CONTEXT() REPRESENTATION_CONTEXT('2D SPACE',''
  ) );
#5444 = PCURVE('',#4266,#5445);
#5445 = DEFINITIONAL_REPRESENTATION('',(#5446),#5450);
#5446 = LINE('',#5447,#5448);
#5447 = CARTESIAN_POINT('',(-0.291524625355,-0.357118401689));
#5448 = VECTOR('',#5449,1.);
#5449 = DIRECTION('',(-0.796263655399,0.604949742615));
#5450 = ( GEOMETRIC_REPRESENTATION_CONTEXT(2) 
PARAMETRIC_REPRESENTATION_CONTEXT() REPRESENTATION_CONTEXT('2D SPACE',''
  ) );
#5451 = ORIENTED_EDGE('',*,*,#5452,.F.);
#5452 = EDGE_CURVE('',#5453,#5430,#5455,.T.);
#5453 = VERTEX_POINT('',#5454);
#5454 = CARTESIAN_POINT('',(-0.165881090288,0.369450827872,3.7200001));
#5455 = SURFACE_CURVE('',#5456,(#5460,#5467),.PCURVE_S1.);
#5456 = LINE('',#5457,#5458);
#5457 = CARTESIAN_POINT('',(-0.165881090288,0.369450827872,3.5950001));
#5458 = VECTOR('',#5459,1.);
#5459 = DIRECTION('',(2.638984874572E-49,-8.19333394335E-32,-1.));
#5460 = PCURVE('',#5293,#5461);
#5461 = DEFINITIONAL_REPRESENTATION('',(#5462),#5466);
#5462 = LINE('',#5463,#5464);
#5463 = CARTESIAN_POINT('',(1.529252164501E-02,1.205));
#5464 = VECTOR('',#5465,1.);
#5465 = DIRECTION('',(9.422035698335E-17,1.));
#5466 = ( GEOMETRIC_REPRESENTATION_CONTEXT(2) 
PARAMETRIC_REPRESENTATION_CONTEXT() REPRESENTATION_CONTEXT('2D SPACE',''
  ) );
#5467 = PCURVE('',#4402,#5468);
#5468 = DEFINITIONAL_REPRESENTATION('',(#5469),#5473);
#5469 = LINE('',#5470,#5471);
#5470 = CARTESIAN_POINT('',(5.362091729784,0.));
#5471 = VECTOR('',#5472,1.);
#5472 = DIRECTION('',(0.,1.));
#5473 = ( GEOMETRIC_REPRESENTATION_CONTEXT(2) 
PARAMETRIC_REPRESENTATION_CONTEXT() REPRESENTATION_CONTEXT('2D SPACE',''
  ) );
#5474 = ORIENTED_EDGE('',*,*,#5475,.F.);
#5475 = EDGE_CURVE('',#5250,#5453,#5476,.T.);
#5476 = SURFACE_CURVE('',#5477,(#5481,#5488),.PCURVE_S1.);
#5477 = LINE('',#5478,#5479);
#5478 = CARTESIAN_POINT('',(-0.133455872048,0.28962237719,3.7200001));
#5479 = VECTOR('',#5480,1.);
#5480 = DIRECTION('',(-0.376326341938,0.926487174419,-1.110223024625E-16
    ));
#5481 = PCURVE('',#5293,#5482);
#5482 = DEFINITIONAL_REPRESENTATION('',(#5483),#5487);
#5483 = LINE('',#5484,#5485);
#5484 = CARTESIAN_POINT('',(-7.086997783269E-02,1.08));
#5485 = VECTOR('',#5486,1.);
#5486 = DIRECTION('',(1.,1.110223024625E-16));
#5487 = ( GEOMETRIC_REPRESENTATION_CONTEXT(2) 
PARAMETRIC_REPRESENTATION_CONTEXT() REPRESENTATION_CONTEXT('2D SPACE',''
  ) );
#5488 = PCURVE('',#4374,#5489);
#5489 = DEFINITIONAL_REPRESENTATION('',(#5490),#5494);
#5490 = LINE('',#5491,#5492);
#5491 = CARTESIAN_POINT('',(-0.247906736229,-0.209156459193));
#5492 = VECTOR('',#5493,1.);
#5493 = DIRECTION('',(-0.796263655399,0.604949742615));
#5494 = ( GEOMETRIC_REPRESENTATION_CONTEXT(2) 
PARAMETRIC_REPRESENTATION_CONTEXT() REPRESENTATION_CONTEXT('2D SPACE',''
  ) );
#5495 = ORIENTED_EDGE('',*,*,#5277,.T.);
#5496 = ADVANCED_FACE('',(#5497,#5674),#225,.T.);
#5497 = FACE_BOUND('',#5498,.T.);
#5498 = EDGE_LOOP('',(#5499,#5500,#5501,#5502,#5503,#5504,#5505,#5506,
    #5507,#5508,#5509,#5510,#5511,#5512,#5513,#5514,#5515,#5516,#5517,
    #5518,#5519,#5520,#5521,#5522,#5523,#5524,#5525,#5526,#5527,#5528,
    #5529,#5530,#5531,#5532,#5533,#5534,#5535,#5536,#5537,#5538,#5539,
    #5563,#5591,#5624,#5652));
#5499 = ORIENTED_EDGE('',*,*,#705,.T.);
#5500 = ORIENTED_EDGE('',*,*,#817,.T.);
#5501 = ORIENTED_EDGE('',*,*,#676,.T.);
#5502 = ORIENTED_EDGE('',*,*,#323,.T.);
#5503 = ORIENTED_EDGE('',*,*,#201,.T.);
#5504 = ORIENTED_EDGE('',*,*,#1404,.T.);
#5505 = ORIENTED_EDGE('',*,*,#1477,.T.);
#5506 = ORIENTED_EDGE('',*,*,#1375,.T.);
#5507 = ORIENTED_EDGE('',*,*,#1032,.T.);
#5508 = ORIENTED_EDGE('',*,*,#915,.T.);
#5509 = ORIENTED_EDGE('',*,*,#2059,.T.);
#5510 = ORIENTED_EDGE('',*,*,#2132,.T.);
#5511 = ORIENTED_EDGE('',*,*,#2030,.T.);
#5512 = ORIENTED_EDGE('',*,*,#1687,.T.);
#5513 = ORIENTED_EDGE('',*,*,#1570,.T.);
#5514 = ORIENTED_EDGE('',*,*,#2714,.T.);
#5515 = ORIENTED_EDGE('',*,*,#2787,.T.);
#5516 = ORIENTED_EDGE('',*,*,#2685,.T.);
#5517 = ORIENTED_EDGE('',*,*,#2342,.T.);
#5518 = ORIENTED_EDGE('',*,*,#2225,.T.);
#5519 = ORIENTED_EDGE('',*,*,#3369,.T.);
#5520 = ORIENTED_EDGE('',*,*,#3442,.T.);
#5521 = ORIENTED_EDGE('',*,*,#3340,.T.);
#5522 = ORIENTED_EDGE('',*,*,#2997,.T.);
#5523 = ORIENTED_EDGE('',*,*,#2880,.T.);
#5524 = ORIENTED_EDGE('',*,*,#4024,.T.);
#5525 = ORIENTED_EDGE('',*,*,#4097,.T.);
#5526 = ORIENTED_EDGE('',*,*,#3995,.T.);
#5527 = ORIENTED_EDGE('',*,*,#3652,.T.);
#5528 = ORIENTED_EDGE('',*,*,#3535,.T.);
#5529 = ORIENTED_EDGE('',*,*,#4679,.T.);
#5530 = ORIENTED_EDGE('',*,*,#4752,.T.);
#5531 = ORIENTED_EDGE('',*,*,#4650,.T.);
#5532 = ORIENTED_EDGE('',*,*,#4307,.T.);
#5533 = ORIENTED_EDGE('',*,*,#4190,.T.);
#5534 = ORIENTED_EDGE('',*,*,#5334,.T.);
#5535 = ORIENTED_EDGE('',*,*,#5407,.T.);
#5536 = ORIENTED_EDGE('',*,*,#5305,.T.);
#5537 = ORIENTED_EDGE('',*,*,#4962,.T.);
#5538 = ORIENTED_EDGE('',*,*,#4845,.T.);
#5539 = ORIENTED_EDGE('',*,*,#5540,.T.);
#5540 = EDGE_CURVE('',#4848,#5541,#5543,.T.);
#5541 = VERTEX_POINT('',#5542);
#5542 = CARTESIAN_POINT('',(0.129480875715,0.452661801949,1.9100001));
#5543 = SURFACE_CURVE('',#5544,(#5549,#5556),.PCURVE_S1.);
#5544 = CIRCLE('',#5545,0.1045);
#5545 = AXIS2_PLACEMENT_3D('',#5546,#5547,#5548);
#5546 = CARTESIAN_POINT('',(3.003572240069E-02,0.484769612249,1.9100001)
  );
#5547 = DIRECTION('',(4.429803050914E-17,-4.346888981543E-17,-1.));
#5548 = DIRECTION('',(0.951628261381,-0.307251773209,5.551115123126E-17)
  );
#5549 = PCURVE('',#225,#5550);
#5550 = DEFINITIONAL_REPRESENTATION('',(#5551),#5555);
#5551 = CIRCLE('',#5552,0.1045);
#5552 = AXIS2_PLACEMENT_2D('',#5553,#5554);
#5553 = CARTESIAN_POINT('',(0.206820853938,0.164588232459));
#5554 = DIRECTION('',(-0.975246800431,0.22111914944));
#5555 = ( GEOMETRIC_REPRESENTATION_CONTEXT(2) 
PARAMETRIC_REPRESENTATION_CONTEXT() REPRESENTATION_CONTEXT('2D SPACE',''
  ) );
#5556 = PCURVE('',#4947,#5557);
#5557 = DEFINITIONAL_REPRESENTATION('',(#5558),#5562);
#5558 = LINE('',#5559,#5560);
#5559 = CARTESIAN_POINT('',(0.,2.89));
#5560 = VECTOR('',#5561,1.);
#5561 = DIRECTION('',(1.,0.));
#5562 = ( GEOMETRIC_REPRESENTATION_CONTEXT(2) 
PARAMETRIC_REPRESENTATION_CONTEXT() REPRESENTATION_CONTEXT('2D SPACE',''
  ) );
#5563 = ORIENTED_EDGE('',*,*,#5564,.T.);
#5564 = EDGE_CURVE('',#5541,#5565,#5567,.T.);
#5565 = VERTEX_POINT('',#5566);
#5566 = CARTESIAN_POINT('',(0.10114255609,0.364891614154,1.9100001));
#5567 = SURFACE_CURVE('',#5568,(#5572,#5579),.PCURVE_S1.);
#5568 = LINE('',#5569,#5570);
#5569 = CARTESIAN_POINT('',(8.362696081428E-02,0.31064185245,1.9100001)
  );
#5570 = VECTOR('',#5571,1.);
#5571 = DIRECTION('',(-0.307251773209,-0.951628261381,8.210806753048E-32
    ));
#5572 = PCURVE('',#225,#5573);
#5573 = DEFINITIONAL_REPRESENTATION('',(#5574),#5578);
#5574 = LINE('',#5575,#5576);
#5575 = CARTESIAN_POINT('',(7.190798592493E-02,4.215042942402E-02));
#5576 = VECTOR('',#5577,1.);
#5577 = DIRECTION('',(-0.22111914944,-0.975246800431));
#5578 = ( GEOMETRIC_REPRESENTATION_CONTEXT(2) 
PARAMETRIC_REPRESENTATION_CONTEXT() REPRESENTATION_CONTEXT('2D SPACE',''
  ) );
#5579 = PCURVE('',#5580,#5585);
#5580 = PLANE('',#5581);
#5581 = AXIS2_PLACEMENT_3D('',#5582,#5583,#5584);
#5582 = CARTESIAN_POINT('',(0.10114255609,0.364891614154,4.8000001));
#5583 = DIRECTION('',(-0.951628261381,0.307251773209,-5.551115123126E-17
    ));
#5584 = DIRECTION('',(0.307251773209,0.951628261381,-2.775557561563E-17)
  );
#5585 = DEFINITIONAL_REPRESENTATION('',(#5586),#5590);
#5586 = LINE('',#5587,#5588);
#5587 = CARTESIAN_POINT('',(-5.700730411823E-02,2.89));
#5588 = VECTOR('',#5589,1.);
#5589 = DIRECTION('',(-1.,-4.137986176205E-33));
#5590 = ( GEOMETRIC_REPRESENTATION_CONTEXT(2) 
PARAMETRIC_REPRESENTATION_CONTEXT() REPRESENTATION_CONTEXT('2D SPACE',''
  ) );
#5591 = ORIENTED_EDGE('',*,*,#5592,.T.);
#5592 = EDGE_CURVE('',#5565,#5593,#5595,.T.);
#5593 = VERTEX_POINT('',#5594);
#5594 = CARTESIAN_POINT('',(0.246528099912,0.278676199575,1.9100001));
#5595 = SURFACE_CURVE('',#5596,(#5601,#5612),.PCURVE_S1.);
#5596 = CIRCLE('',#5597,8.665846684763E-02);
#5597 = AXIS2_PLACEMENT_3D('',#5598,#5599,#5600);
#5598 = CARTESIAN_POINT('',(0.183609202231,0.338265646552,1.9100001));
#5599 = DIRECTION('',(-4.429803050914E-17,4.346888981543E-17,1.));
#5600 = DIRECTION('',(0.951628261381,-0.307251773209,5.551115123126E-17)
  );
#5601 = PCURVE('',#225,#5602);
#5602 = DEFINITIONAL_REPRESENTATION('',(#5603),#5611);
#5603 = ( BOUNDED_CURVE() B_SPLINE_CURVE(2,(#5604,#5605,#5606,#5607,
#5608,#5609,#5610),.UNSPECIFIED.,.T.,.F.) B_SPLINE_CURVE_WITH_KNOTS((1,2
    ,2,2,2,1),(-2.094395102393,0.,2.094395102393,4.188790204786,
6.28318530718,8.377580409573),.UNSPECIFIED.) CURVE() 
GEOMETRIC_REPRESENTATION_ITEM() RATIONAL_B_SPLINE_CURVE((1.,0.5,1.,0.5,
1.,0.5,1.)) REPRESENTATION_ITEM('') );
#5604 = CARTESIAN_POINT('',(-8.451339252341E-02,0.136070313329));
#5605 = CARTESIAN_POINT('',(-5.132410085129E-02,0.282451803099));
#5606 = CARTESIAN_POINT('',(5.885134209777E-02,0.180518288492));
#5607 = CARTESIAN_POINT('',(0.169026785047,7.858477388541E-02));
#5608 = CARTESIAN_POINT('',(2.566205042565E-02,3.41367987218E-02));
#5609 = CARTESIAN_POINT('',(-0.117702684196,-1.031117644182E-02));
#5610 = CARTESIAN_POINT('',(-8.451339252341E-02,0.136070313329));
#5611 = ( GEOMETRIC_REPRESENTATION_CONTEXT(2) 
PARAMETRIC_REPRESENTATION_CONTEXT() REPRESENTATION_CONTEXT('2D SPACE',''
  ) );
#5612 = PCURVE('',#5613,#5618);
#5613 = CYLINDRICAL_SURFACE('',#5614,8.665846684763E-02);
#5614 = AXIS2_PLACEMENT_3D('',#5615,#5616,#5617);
#5615 = CARTESIAN_POINT('',(0.183609202231,0.338265646552,4.8000001));
#5616 = DIRECTION('',(2.638984874572E-49,-8.19333394335E-32,-1.));
#5617 = DIRECTION('',(0.951628261381,-0.307251773209,5.551115123126E-17)
  );
#5618 = DEFINITIONAL_REPRESENTATION('',(#5619),#5623);
#5619 = LINE('',#5620,#5621);
#5620 = CARTESIAN_POINT('',(6.28318530718,2.89));
#5621 = VECTOR('',#5622,1.);
#5622 = DIRECTION('',(-1.,0.));
#5623 = ( GEOMETRIC_REPRESENTATION_CONTEXT(2) 
PARAMETRIC_REPRESENTATION_CONTEXT() REPRESENTATION_CONTEXT('2D SPACE',''
  ) );
#5624 = ORIENTED_EDGE('',*,*,#5625,.T.);
#5625 = EDGE_CURVE('',#5593,#5626,#5628,.T.);
#5626 = VERTEX_POINT('',#5627);
#5627 = CARTESIAN_POINT('',(0.309949824894,0.345641496744,1.9100001));
#5628 = SURFACE_CURVE('',#5629,(#5633,#5640),.PCURVE_S1.);
#5629 = LINE('',#5630,#5631);
#5630 = CARTESIAN_POINT('',(0.239038710545,0.270768354358,1.9100001));
#5631 = VECTOR('',#5632,1.);
#5632 = DIRECTION('',(0.687635601509,0.726055975485,5.551115123126E-17)
  );
#5633 = PCURVE('',#225,#5634);
#5634 = DEFINITIONAL_REPRESENTATION('',(#5635),#5639);
#5635 = LINE('',#5636,#5637);
#5636 = CARTESIAN_POINT('',(-8.210507130948E-02,8.712471102829E-02));
#5637 = VECTOR('',#5638,1.);
#5638 = DIRECTION('',(-0.22111914944,0.975246800431));
#5639 = ( GEOMETRIC_REPRESENTATION_CONTEXT(2) 
PARAMETRIC_REPRESENTATION_CONTEXT() REPRESENTATION_CONTEXT('2D SPACE',''
  ) );
#5640 = PCURVE('',#5641,#5646);
#5641 = PLANE('',#5642);
#5642 = AXIS2_PLACEMENT_3D('',#5643,#5644,#5645);
#5643 = CARTESIAN_POINT('',(0.309949824894,0.345641496744,4.8000001));
#5644 = DIRECTION('',(0.726055975485,-0.687635601509,5.551115123126E-17)
  );
#5645 = DIRECTION('',(-0.687635601509,-0.726055975485,6.264531591308E-32
    ));
#5646 = DEFINITIONAL_REPRESENTATION('',(#5647),#5651);
#5647 = LINE('',#5648,#5649);
#5648 = CARTESIAN_POINT('',(0.103123099201,2.89));
#5649 = VECTOR('',#5650,1.);
#5650 = DIRECTION('',(-1.,-5.551115123126E-17));
#5651 = ( GEOMETRIC_REPRESENTATION_CONTEXT(2) 
PARAMETRIC_REPRESENTATION_CONTEXT() REPRESENTATION_CONTEXT('2D SPACE',''
  ) );
#5652 = ORIENTED_EDGE('',*,*,#5653,.T.);
#5653 = EDGE_CURVE('',#5626,#706,#5654,.T.);
#5654 = SURFACE_CURVE('',#5655,(#5660,#5667),.PCURVE_S1.);
#5655 = CIRCLE('',#5656,0.1045);
#5656 = AXIS2_PLACEMENT_3D('',#5657,#5658,#5659);
#5657 = CARTESIAN_POINT('',(0.385822674332,0.273783576386,1.9100001));
#5658 = DIRECTION('',(9.998294034706E-17,-4.826347774078E-17,-1.));
#5659 = DIRECTION('',(0.434718760738,0.900566265781,-7.770235371012E-32)
  );
#5660 = PCURVE('',#225,#5661);
#5661 = DEFINITIONAL_REPRESENTATION('',(#5662),#5666);
#5662 = CIRCLE('',#5663,0.1045);
#5663 = AXIS2_PLACEMENT_2D('',#5664,#5665);
#5664 = CARTESIAN_POINT('',(-0.206820853938,0.164588232459));
#5665 = DIRECTION('',(8.543539721845E-02,0.996343712231));
#5666 = ( GEOMETRIC_REPRESENTATION_CONTEXT(2) 
PARAMETRIC_REPRESENTATION_CONTEXT() REPRESENTATION_CONTEXT('2D SPACE',''
  ) );
#5667 = PCURVE('',#752,#5668);
#5668 = DEFINITIONAL_REPRESENTATION('',(#5669),#5673);
#5669 = LINE('',#5670,#5671);
#5670 = CARTESIAN_POINT('',(0.,2.89));
#5671 = VECTOR('',#5672,1.);
#5672 = DIRECTION('',(1.,0.));
#5673 = ( GEOMETRIC_REPRESENTATION_CONTEXT(2) 
PARAMETRIC_REPRESENTATION_CONTEXT() REPRESENTATION_CONTEXT('2D SPACE',''
  ) );
#5674 = FACE_BOUND('',#5675,.T.);
#5675 = EDGE_LOOP('',(#5676));
#5676 = ORIENTED_EDGE('',*,*,#5677,.F.);
#5677 = EDGE_CURVE('',#5678,#5678,#5680,.T.);
#5678 = VERTEX_POINT('',#5679);
#5679 = CARTESIAN_POINT('',(-0.156560493002,-0.235364444708,1.9100001));
#5680 = SURFACE_CURVE('',#5681,(#5686,#5693),.PCURVE_S1.);
#5681 = CIRCLE('',#5682,0.275);
#5682 = AXIS2_PLACEMENT_3D('',#5683,#5684,#5685);
#5683 = CARTESIAN_POINT('',(-1.62913693679E-02,1.172176040352E-03,
    1.9100001));
#5684 = DIRECTION('',(9.549396455322E-17,-5.662909480105E-17,-1.));
#5685 = DIRECTION('',(0.860133166356,-0.510069540489,1.110223024625E-16)
  );
#5686 = PCURVE('',#225,#5687);
#5687 = DEFINITIONAL_REPRESENTATION('',(#5688),#5692);
#5688 = CIRCLE('',#5689,0.275);
#5689 = AXIS2_PLACEMENT_2D('',#5690,#5691);
#5690 = CARTESIAN_POINT('',(1.110223024625E-16,-0.275));
#5691 = DIRECTION('',(-1.,-5.551115123126E-17));
#5692 = ( GEOMETRIC_REPRESENTATION_CONTEXT(2) 
PARAMETRIC_REPRESENTATION_CONTEXT() REPRESENTATION_CONTEXT('2D SPACE',''
  ) );
#5693 = PCURVE('',#5694,#5699);
#5694 = CYLINDRICAL_SURFACE('',#5695,0.275);
#5695 = AXIS2_PLACEMENT_3D('',#5696,#5697,#5698);
#5696 = CARTESIAN_POINT('',(-1.62913693679E-02,1.172176040352E-03,
    1.7900001));
#5697 = DIRECTION('',(2.638984874572E-49,-8.19333394335E-32,-1.));
#5698 = DIRECTION('',(0.510069540489,0.860133166356,-7.421371871181E-32)
  );
#5699 = DEFINITIONAL_REPRESENTATION('',(#5700),#5704);
#5700 = LINE('',#5701,#5702);
#5701 = CARTESIAN_POINT('',(-4.712388980385,-0.12));
#5702 = VECTOR('',#5703,1.);
#5703 = DIRECTION('',(1.,0.));
#5704 = ( GEOMETRIC_REPRESENTATION_CONTEXT(2) 
PARAMETRIC_REPRESENTATION_CONTEXT() REPRESENTATION_CONTEXT('2D SPACE',''
  ) );
#5705 = ADVANCED_FACE('',(#5706),#4921,.T.);
#5706 = FACE_BOUND('',#5707,.T.);
#5707 = EDGE_LOOP('',(#5708,#5709,#5710,#5738,#5761));
#5708 = ORIENTED_EDGE('',*,*,#4904,.T.);
#5709 = ORIENTED_EDGE('',*,*,#5069,.T.);
#5710 = ORIENTED_EDGE('',*,*,#5711,.T.);
#5711 = EDGE_CURVE('',#5042,#5712,#5714,.T.);
#5712 = VERTEX_POINT('',#5713);
#5713 = CARTESIAN_POINT('',(0.105841210483,0.379444409939,3.4700001));
#5714 = SURFACE_CURVE('',#5715,(#5720,#5731),.PCURVE_S1.);
#5715 = CIRCLE('',#5716,0.3975);
#5716 = AXIS2_PLACEMENT_3D('',#5717,#5718,#5719);
#5717 = CARTESIAN_POINT('',(-1.62913693679E-02,1.172176040352E-03,
    3.4700001));
#5718 = DIRECTION('',(9.549396455322E-17,-5.662909480105E-17,-1.));
#5719 = DIRECTION('',(0.860133166356,-0.510069540489,1.110223024625E-16)
  );
#5720 = PCURVE('',#4921,#5721);
#5721 = DEFINITIONAL_REPRESENTATION('',(#5722),#5730);
#5722 = ( BOUNDED_CURVE() B_SPLINE_CURVE(2,(#5723,#5724,#5725,#5726,
#5727,#5728,#5729),.UNSPECIFIED.,.T.,.F.) B_SPLINE_CURVE_WITH_KNOTS((1,2
    ,2,2,2,1),(-2.094395102393,0.,2.094395102393,4.188790204786,
6.28318530718,8.377580409573),.UNSPECIFIED.) CURVE() 
GEOMETRIC_REPRESENTATION_ITEM() RATIONAL_B_SPLINE_CURVE((1.,0.5,1.,0.5,
1.,0.5,1.)) REPRESENTATION_ITEM('') );
#5723 = CARTESIAN_POINT('',(0.3975,-0.5786));
#5724 = CARTESIAN_POINT('',(0.3975,-1.267090196009));
#5725 = CARTESIAN_POINT('',(-0.19875,-0.922845098004));
#5726 = CARTESIAN_POINT('',(-0.795,-0.5786));
#5727 = CARTESIAN_POINT('',(-0.19875,-0.234354901996));
#5728 = CARTESIAN_POINT('',(0.3975,0.109890196009));
#5729 = CARTESIAN_POINT('',(0.3975,-0.5786));
#5730 = ( GEOMETRIC_REPRESENTATION_CONTEXT(2) 
PARAMETRIC_REPRESENTATION_CONTEXT() REPRESENTATION_CONTEXT('2D SPACE',''
  ) );
#5731 = PCURVE('',#5057,#5732);
#5732 = DEFINITIONAL_REPRESENTATION('',(#5733),#5737);
#5733 = LINE('',#5734,#5735);
#5734 = CARTESIAN_POINT('',(1.570796326795,0.125));
#5735 = VECTOR('',#5736,1.);
#5736 = DIRECTION('',(1.,0.));
#5737 = ( GEOMETRIC_REPRESENTATION_CONTEXT(2) 
PARAMETRIC_REPRESENTATION_CONTEXT() REPRESENTATION_CONTEXT('2D SPACE',''
  ) );
#5738 = ORIENTED_EDGE('',*,*,#5739,.T.);
#5739 = EDGE_CURVE('',#5712,#5740,#5742,.T.);
#5740 = VERTEX_POINT('',#5741);
#5741 = CARTESIAN_POINT('',(0.129480875715,0.452661801949,3.4700001));
#5742 = SURFACE_CURVE('',#5743,(#5747,#5754),.PCURVE_S1.);
#5743 = LINE('',#5744,#5745);
#5744 = CARTESIAN_POINT('',(0.129113270482,0.451523245368,3.4700001));
#5745 = VECTOR('',#5746,1.);
#5746 = DIRECTION('',(0.307251773209,0.951628261381,-8.210806753048E-32)
  );
#5747 = PCURVE('',#4921,#5748);
#5748 = DEFINITIONAL_REPRESENTATION('',(#5749),#5753);
#5749 = LINE('',#5750,#5751);
#5750 = CARTESIAN_POINT('',(-0.104643009713,-0.117071630934));
#5751 = VECTOR('',#5752,1.);
#5752 = DIRECTION('',(-0.22111914944,0.975246800431));
#5753 = ( GEOMETRIC_REPRESENTATION_CONTEXT(2) 
PARAMETRIC_REPRESENTATION_CONTEXT() REPRESENTATION_CONTEXT('2D SPACE',''
  ) );
#5754 = PCURVE('',#5580,#5755);
#5755 = DEFINITIONAL_REPRESENTATION('',(#5756),#5760);
#5756 = LINE('',#5757,#5758);
#5757 = CARTESIAN_POINT('',(9.103516018721E-02,1.33));
#5758 = VECTOR('',#5759,1.);
#5759 = DIRECTION('',(1.,4.137986176205E-33));
#5760 = ( GEOMETRIC_REPRESENTATION_CONTEXT(2) 
PARAMETRIC_REPRESENTATION_CONTEXT() REPRESENTATION_CONTEXT('2D SPACE',''
  ) );
#5761 = ORIENTED_EDGE('',*,*,#5762,.T.);
#5762 = EDGE_CURVE('',#5740,#4905,#5763,.T.);
#5763 = SURFACE_CURVE('',#5764,(#5769,#5776),.PCURVE_S1.);
#5764 = CIRCLE('',#5765,0.1045);
#5765 = AXIS2_PLACEMENT_3D('',#5766,#5767,#5768);
#5766 = CARTESIAN_POINT('',(3.003572240069E-02,0.484769612249,3.4700001)
  );
#5767 = DIRECTION('',(-4.429803050914E-17,4.346888981543E-17,1.));
#5768 = DIRECTION('',(0.951628261381,-0.307251773209,5.551115123126E-17)
  );
#5769 = PCURVE('',#4921,#5770);
#5770 = DEFINITIONAL_REPRESENTATION('',(#5771),#5775);
#5771 = CIRCLE('',#5772,0.1045);
#5772 = AXIS2_PLACEMENT_2D('',#5773,#5774);
#5773 = CARTESIAN_POINT('',(-0.206820853938,-0.139011767541));
#5774 = DIRECTION('',(0.975246800431,0.22111914944));
#5775 = ( GEOMETRIC_REPRESENTATION_CONTEXT(2) 
PARAMETRIC_REPRESENTATION_CONTEXT() REPRESENTATION_CONTEXT('2D SPACE',''
  ) );
#5776 = PCURVE('',#4947,#5777);
#5777 = DEFINITIONAL_REPRESENTATION('',(#5778),#5782);
#5778 = LINE('',#5779,#5780);
#5779 = CARTESIAN_POINT('',(6.28318530718,1.33));
#5780 = VECTOR('',#5781,1.);
#5781 = DIRECTION('',(-1.,0.));
#5782 = ( GEOMETRIC_REPRESENTATION_CONTEXT(2) 
PARAMETRIC_REPRESENTATION_CONTEXT() REPRESENTATION_CONTEXT('2D SPACE',''
  ) );
#5783 = ADVANCED_FACE('',(#5784),#4266,.T.);
#5784 = FACE_BOUND('',#5785,.T.);
#5785 = EDGE_LOOP('',(#5786,#5787,#5813,#5814,#5815));
#5786 = ORIENTED_EDGE('',*,*,#4414,.T.);
#5787 = ORIENTED_EDGE('',*,*,#5788,.T.);
#5788 = EDGE_CURVE('',#4387,#5430,#5789,.T.);
#5789 = SURFACE_CURVE('',#5790,(#5795,#5806),.PCURVE_S1.);
#5790 = CIRCLE('',#5791,0.3975);
#5791 = AXIS2_PLACEMENT_3D('',#5792,#5793,#5794);
#5792 = CARTESIAN_POINT('',(-1.62913693679E-02,1.172176040352E-03,
    3.4700001));
#5793 = DIRECTION('',(9.549396455322E-17,-5.662909480105E-17,-1.));
#5794 = DIRECTION('',(0.860133166356,-0.510069540489,1.110223024625E-16)
  );
#5795 = PCURVE('',#4266,#5796);
#5796 = DEFINITIONAL_REPRESENTATION('',(#5797),#5805);
#5797 = ( BOUNDED_CURVE() B_SPLINE_CURVE(2,(#5798,#5799,#5800,#5801,
#5802,#5803,#5804),.UNSPECIFIED.,.T.,.F.) B_SPLINE_CURVE_WITH_KNOTS((1,2
    ,2,2,2,1),(-2.094395102393,0.,2.094395102393,4.188790204786,
6.28318530718,8.377580409573),.UNSPECIFIED.) CURVE() 
GEOMETRIC_REPRESENTATION_ITEM() RATIONAL_B_SPLINE_CURVE((1.,0.5,1.,0.5,
1.,0.5,1.)) REPRESENTATION_ITEM('') );
#5798 = CARTESIAN_POINT('',(0.3975,-0.5786));
#5799 = CARTESIAN_POINT('',(0.3975,-1.267090196009));
#5800 = CARTESIAN_POINT('',(-0.19875,-0.922845098004));
#5801 = CARTESIAN_POINT('',(-0.795,-0.5786));
#5802 = CARTESIAN_POINT('',(-0.19875,-0.234354901996));
#5803 = CARTESIAN_POINT('',(0.3975,0.109890196009));
#5804 = CARTESIAN_POINT('',(0.3975,-0.5786));
#5805 = ( GEOMETRIC_REPRESENTATION_CONTEXT(2) 
PARAMETRIC_REPRESENTATION_CONTEXT() REPRESENTATION_CONTEXT('2D SPACE',''
  ) );
#5806 = PCURVE('',#4402,#5807);
#5807 = DEFINITIONAL_REPRESENTATION('',(#5808),#5812);
#5808 = LINE('',#5809,#5810);
#5809 = CARTESIAN_POINT('',(1.570796326795,0.125));
#5810 = VECTOR('',#5811,1.);
#5811 = DIRECTION('',(1.,0.));
#5812 = ( GEOMETRIC_REPRESENTATION_CONTEXT(2) 
PARAMETRIC_REPRESENTATION_CONTEXT() REPRESENTATION_CONTEXT('2D SPACE',''
  ) );
#5813 = ORIENTED_EDGE('',*,*,#5429,.T.);
#5814 = ORIENTED_EDGE('',*,*,#5359,.T.);
#5815 = ORIENTED_EDGE('',*,*,#4249,.T.);
#5816 = ADVANCED_FACE('',(#5817),#3611,.T.);
#5817 = FACE_BOUND('',#5818,.T.);
#5818 = EDGE_LOOP('',(#5819,#5820,#5821,#5822,#5823));
#5819 = ORIENTED_EDGE('',*,*,#4774,.T.);
#5820 = ORIENTED_EDGE('',*,*,#4704,.T.);
#5821 = ORIENTED_EDGE('',*,*,#3594,.T.);
#5822 = ORIENTED_EDGE('',*,*,#3759,.T.);
#5823 = ORIENTED_EDGE('',*,*,#5824,.T.);
#5824 = EDGE_CURVE('',#3732,#4775,#5825,.T.);
#5825 = SURFACE_CURVE('',#5826,(#5831,#5842),.PCURVE_S1.);
#5826 = CIRCLE('',#5827,0.3975);
#5827 = AXIS2_PLACEMENT_3D('',#5828,#5829,#5830);
#5828 = CARTESIAN_POINT('',(-1.62913693679E-02,1.172176040352E-03,
    3.4700001));
#5829 = DIRECTION('',(9.549396455322E-17,-5.662909480105E-17,-1.));
#5830 = DIRECTION('',(0.860133166356,-0.510069540489,1.110223024625E-16)
  );
#5831 = PCURVE('',#3611,#5832);
#5832 = DEFINITIONAL_REPRESENTATION('',(#5833),#5841);
#5833 = ( BOUNDED_CURVE() B_SPLINE_CURVE(2,(#5834,#5835,#5836,#5837,
#5838,#5839,#5840),.UNSPECIFIED.,.T.,.F.) B_SPLINE_CURVE_WITH_KNOTS((1,2
    ,2,2,2,1),(-2.094395102393,0.,2.094395102393,4.188790204786,
6.28318530718,8.377580409573),.UNSPECIFIED.) CURVE() 
GEOMETRIC_REPRESENTATION_ITEM() RATIONAL_B_SPLINE_CURVE((1.,0.5,1.,0.5,
1.,0.5,1.)) REPRESENTATION_ITEM('') );
#5834 = CARTESIAN_POINT('',(0.3975,-0.5786));
#5835 = CARTESIAN_POINT('',(0.3975,-1.267090196009));
#5836 = CARTESIAN_POINT('',(-0.19875,-0.922845098004));
#5837 = CARTESIAN_POINT('',(-0.795,-0.5786));
#5838 = CARTESIAN_POINT('',(-0.19875,-0.234354901996));
#5839 = CARTESIAN_POINT('',(0.3975,0.109890196009));
#5840 = CARTESIAN_POINT('',(0.3975,-0.5786));
#5841 = ( GEOMETRIC_REPRESENTATION_CONTEXT(2) 
PARAMETRIC_REPRESENTATION_CONTEXT() REPRESENTATION_CONTEXT('2D SPACE',''
  ) );
#5842 = PCURVE('',#3747,#5843);
#5843 = DEFINITIONAL_REPRESENTATION('',(#5844),#5848);
#5844 = LINE('',#5845,#5846);
#5845 = CARTESIAN_POINT('',(1.570796326795,0.125));
#5846 = VECTOR('',#5847,1.);
#5847 = DIRECTION('',(1.,0.));
#5848 = ( GEOMETRIC_REPRESENTATION_CONTEXT(2) 
PARAMETRIC_REPRESENTATION_CONTEXT() REPRESENTATION_CONTEXT('2D SPACE',''
  ) );
#5849 = ADVANCED_FACE('',(#5850),#2956,.T.);
#5850 = FACE_BOUND('',#5851,.T.);
#5851 = EDGE_LOOP('',(#5852,#5853,#5879,#5880,#5881));
#5852 = ORIENTED_EDGE('',*,*,#3104,.T.);
#5853 = ORIENTED_EDGE('',*,*,#5854,.T.);
#5854 = EDGE_CURVE('',#3077,#4120,#5855,.T.);
#5855 = SURFACE_CURVE('',#5856,(#5861,#5872),.PCURVE_S1.);
#5856 = CIRCLE('',#5857,0.3975);
#5857 = AXIS2_PLACEMENT_3D('',#5858,#5859,#5860);
#5858 = CARTESIAN_POINT('',(-1.62913693679E-02,1.172176040352E-03,
    3.4700001));
#5859 = DIRECTION('',(9.549396455322E-17,-5.662909480105E-17,-1.));
#5860 = DIRECTION('',(0.860133166356,-0.510069540489,1.110223024625E-16)
  );
#5861 = PCURVE('',#2956,#5862);
#5862 = DEFINITIONAL_REPRESENTATION('',(#5863),#5871);
#5863 = ( BOUNDED_CURVE() B_SPLINE_CURVE(2,(#5864,#5865,#5866,#5867,
#5868,#5869,#5870),.UNSPECIFIED.,.T.,.F.) B_SPLINE_CURVE_WITH_KNOTS((1,2
    ,2,2,2,1),(-2.094395102393,0.,2.094395102393,4.188790204786,
6.28318530718,8.377580409573),.UNSPECIFIED.) CURVE() 
GEOMETRIC_REPRESENTATION_ITEM() RATIONAL_B_SPLINE_CURVE((1.,0.5,1.,0.5,
1.,0.5,1.)) REPRESENTATION_ITEM('') );
#5864 = CARTESIAN_POINT('',(0.3975,-0.5786));
#5865 = CARTESIAN_POINT('',(0.3975,-1.267090196009));
#5866 = CARTESIAN_POINT('',(-0.19875,-0.922845098004));
#5867 = CARTESIAN_POINT('',(-0.795,-0.5786));
#5868 = CARTESIAN_POINT('',(-0.19875,-0.234354901996));
#5869 = CARTESIAN_POINT('',(0.3975,0.109890196009));
#5870 = CARTESIAN_POINT('',(0.3975,-0.5786));
#5871 = ( GEOMETRIC_REPRESENTATION_CONTEXT(2) 
PARAMETRIC_REPRESENTATION_CONTEXT() REPRESENTATION_CONTEXT('2D SPACE',''
  ) );
#5872 = PCURVE('',#3092,#5873);
#5873 = DEFINITIONAL_REPRESENTATION('',(#5874),#5878);
#5874 = LINE('',#5875,#5876);
#5875 = CARTESIAN_POINT('',(1.570796326795,0.125));
#5876 = VECTOR('',#5877,1.);
#5877 = DIRECTION('',(1.,0.));
#5878 = ( GEOMETRIC_REPRESENTATION_CONTEXT(2) 
PARAMETRIC_REPRESENTATION_CONTEXT() REPRESENTATION_CONTEXT('2D SPACE',''
  ) );
#5879 = ORIENTED_EDGE('',*,*,#4119,.T.);
#5880 = ORIENTED_EDGE('',*,*,#4049,.T.);
#5881 = ORIENTED_EDGE('',*,*,#2939,.T.);
#5882 = ADVANCED_FACE('',(#5883),#2301,.T.);
#5883 = FACE_BOUND('',#5884,.T.);
#5884 = EDGE_LOOP('',(#5885,#5886,#5912,#5913,#5914));
#5885 = ORIENTED_EDGE('',*,*,#2449,.T.);
#5886 = ORIENTED_EDGE('',*,*,#5887,.T.);
#5887 = EDGE_CURVE('',#2422,#3465,#5888,.T.);
#5888 = SURFACE_CURVE('',#5889,(#5894,#5905),.PCURVE_S1.);
#5889 = CIRCLE('',#5890,0.3975);
#5890 = AXIS2_PLACEMENT_3D('',#5891,#5892,#5893);
#5891 = CARTESIAN_POINT('',(-1.62913693679E-02,1.172176040352E-03,
    3.4700001));
#5892 = DIRECTION('',(9.549396455322E-17,-5.662909480105E-17,-1.));
#5893 = DIRECTION('',(0.860133166356,-0.510069540489,1.110223024625E-16)
  );
#5894 = PCURVE('',#2301,#5895);
#5895 = DEFINITIONAL_REPRESENTATION('',(#5896),#5904);
#5896 = ( BOUNDED_CURVE() B_SPLINE_CURVE(2,(#5897,#5898,#5899,#5900,
#5901,#5902,#5903),.UNSPECIFIED.,.T.,.F.) B_SPLINE_CURVE_WITH_KNOTS((1,2
    ,2,2,2,1),(-2.094395102393,0.,2.094395102393,4.188790204786,
6.28318530718,8.377580409573),.UNSPECIFIED.) CURVE() 
GEOMETRIC_REPRESENTATION_ITEM() RATIONAL_B_SPLINE_CURVE((1.,0.5,1.,0.5,
1.,0.5,1.)) REPRESENTATION_ITEM('') );
#5897 = CARTESIAN_POINT('',(0.3975,-0.5786));
#5898 = CARTESIAN_POINT('',(0.3975,-1.267090196009));
#5899 = CARTESIAN_POINT('',(-0.19875,-0.922845098004));
#5900 = CARTESIAN_POINT('',(-0.795,-0.5786));
#5901 = CARTESIAN_POINT('',(-0.19875,-0.234354901996));
#5902 = CARTESIAN_POINT('',(0.3975,0.109890196009));
#5903 = CARTESIAN_POINT('',(0.3975,-0.5786));
#5904 = ( GEOMETRIC_REPRESENTATION_CONTEXT(2) 
PARAMETRIC_REPRESENTATION_CONTEXT() REPRESENTATION_CONTEXT('2D SPACE',''
  ) );
#5905 = PCURVE('',#2437,#5906);
#5906 = DEFINITIONAL_REPRESENTATION('',(#5907),#5911);
#5907 = LINE('',#5908,#5909);
#5908 = CARTESIAN_POINT('',(4.712388980385,0.125));
#5909 = VECTOR('',#5910,1.);
#5910 = DIRECTION('',(1.,0.));
#5911 = ( GEOMETRIC_REPRESENTATION_CONTEXT(2) 
PARAMETRIC_REPRESENTATION_CONTEXT() REPRESENTATION_CONTEXT('2D SPACE',''
  ) );
#5912 = ORIENTED_EDGE('',*,*,#3464,.T.);
#5913 = ORIENTED_EDGE('',*,*,#3394,.T.);
#5914 = ORIENTED_EDGE('',*,*,#2284,.T.);
#5915 = ADVANCED_FACE('',(#5916),#1646,.T.);
#5916 = FACE_BOUND('',#5917,.T.);
#5917 = EDGE_LOOP('',(#5918,#5919,#5945,#5946,#5947));
#5918 = ORIENTED_EDGE('',*,*,#1794,.T.);
#5919 = ORIENTED_EDGE('',*,*,#5920,.T.);
#5920 = EDGE_CURVE('',#1767,#2810,#5921,.T.);
#5921 = SURFACE_CURVE('',#5922,(#5927,#5938),.PCURVE_S1.);
#5922 = CIRCLE('',#5923,0.3975);
#5923 = AXIS2_PLACEMENT_3D('',#5924,#5925,#5926);
#5924 = CARTESIAN_POINT('',(-1.62913693679E-02,1.172176040352E-03,
    3.4700001));
#5925 = DIRECTION('',(9.549396455322E-17,-5.662909480105E-17,-1.));
#5926 = DIRECTION('',(0.860133166356,-0.510069540489,1.110223024625E-16)
  );
#5927 = PCURVE('',#1646,#5928);
#5928 = DEFINITIONAL_REPRESENTATION('',(#5929),#5937);
#5929 = ( BOUNDED_CURVE() B_SPLINE_CURVE(2,(#5930,#5931,#5932,#5933,
#5934,#5935,#5936),.UNSPECIFIED.,.T.,.F.) B_SPLINE_CURVE_WITH_KNOTS((1,2
    ,2,2,2,1),(-2.094395102393,0.,2.094395102393,4.188790204786,
6.28318530718,8.377580409573),.UNSPECIFIED.) CURVE() 
GEOMETRIC_REPRESENTATION_ITEM() RATIONAL_B_SPLINE_CURVE((1.,0.5,1.,0.5,
1.,0.5,1.)) REPRESENTATION_ITEM('') );
#5930 = CARTESIAN_POINT('',(0.3975,-0.5786));
#5931 = CARTESIAN_POINT('',(0.3975,-1.267090196009));
#5932 = CARTESIAN_POINT('',(-0.19875,-0.922845098004));
#5933 = CARTESIAN_POINT('',(-0.795,-0.5786));
#5934 = CARTESIAN_POINT('',(-0.19875,-0.234354901996));
#5935 = CARTESIAN_POINT('',(0.3975,0.109890196009));
#5936 = CARTESIAN_POINT('',(0.3975,-0.5786));
#5937 = ( GEOMETRIC_REPRESENTATION_CONTEXT(2) 
PARAMETRIC_REPRESENTATION_CONTEXT() REPRESENTATION_CONTEXT('2D SPACE',''
  ) );
#5938 = PCURVE('',#1782,#5939);
#5939 = DEFINITIONAL_REPRESENTATION('',(#5940),#5944);
#5940 = LINE('',#5941,#5942);
#5941 = CARTESIAN_POINT('',(1.570796326795,0.125));
#5942 = VECTOR('',#5943,1.);
#5943 = DIRECTION('',(1.,0.));
#5944 = ( GEOMETRIC_REPRESENTATION_CONTEXT(2) 
PARAMETRIC_REPRESENTATION_CONTEXT() REPRESENTATION_CONTEXT('2D SPACE',''
  ) );
#5945 = ORIENTED_EDGE('',*,*,#2809,.T.);
#5946 = ORIENTED_EDGE('',*,*,#2739,.T.);
#5947 = ORIENTED_EDGE('',*,*,#1629,.T.);
#5948 = ADVANCED_FACE('',(#5949),#991,.T.);
#5949 = FACE_BOUND('',#5950,.T.);
#5950 = EDGE_LOOP('',(#5951,#5952,#5978,#5979,#5980));
#5951 = ORIENTED_EDGE('',*,*,#1139,.T.);
#5952 = ORIENTED_EDGE('',*,*,#5953,.T.);
#5953 = EDGE_CURVE('',#1112,#2155,#5954,.T.);
#5954 = SURFACE_CURVE('',#5955,(#5960,#5971),.PCURVE_S1.);
#5955 = CIRCLE('',#5956,0.3975);
#5956 = AXIS2_PLACEMENT_3D('',#5957,#5958,#5959);
#5957 = CARTESIAN_POINT('',(-1.62913693679E-02,1.172176040352E-03,
    3.4700001));
#5958 = DIRECTION('',(9.549396455322E-17,-5.662909480105E-17,-1.));
#5959 = DIRECTION('',(0.860133166356,-0.510069540489,1.110223024625E-16)
  );
#5960 = PCURVE('',#991,#5961);
#5961 = DEFINITIONAL_REPRESENTATION('',(#5962),#5970);
#5962 = ( BOUNDED_CURVE() B_SPLINE_CURVE(2,(#5963,#5964,#5965,#5966,
#5967,#5968,#5969),.UNSPECIFIED.,.T.,.F.) B_SPLINE_CURVE_WITH_KNOTS((1,2
    ,2,2,2,1),(-2.094395102393,0.,2.094395102393,4.188790204786,
6.28318530718,8.377580409573),.UNSPECIFIED.) CURVE() 
GEOMETRIC_REPRESENTATION_ITEM() RATIONAL_B_SPLINE_CURVE((1.,0.5,1.,0.5,
1.,0.5,1.)) REPRESENTATION_ITEM('') );
#5963 = CARTESIAN_POINT('',(0.3975,-0.5786));
#5964 = CARTESIAN_POINT('',(0.3975,-1.267090196009));
#5965 = CARTESIAN_POINT('',(-0.19875,-0.922845098004));
#5966 = CARTESIAN_POINT('',(-0.795,-0.5786));
#5967 = CARTESIAN_POINT('',(-0.19875,-0.234354901996));
#5968 = CARTESIAN_POINT('',(0.3975,0.109890196009));
#5969 = CARTESIAN_POINT('',(0.3975,-0.5786));
#5970 = ( GEOMETRIC_REPRESENTATION_CONTEXT(2) 
PARAMETRIC_REPRESENTATION_CONTEXT() REPRESENTATION_CONTEXT('2D SPACE',''
  ) );
#5971 = PCURVE('',#1127,#5972);
#5972 = DEFINITIONAL_REPRESENTATION('',(#5973),#5977);
#5973 = LINE('',#5974,#5975);
#5974 = CARTESIAN_POINT('',(1.570796326795,0.125));
#5975 = VECTOR('',#5976,1.);
#5976 = DIRECTION('',(1.,0.));
#5977 = ( GEOMETRIC_REPRESENTATION_CONTEXT(2) 
PARAMETRIC_REPRESENTATION_CONTEXT() REPRESENTATION_CONTEXT('2D SPACE',''
  ) );
#5978 = ORIENTED_EDGE('',*,*,#2154,.T.);
#5979 = ORIENTED_EDGE('',*,*,#2084,.T.);
#5980 = ORIENTED_EDGE('',*,*,#974,.T.);
#5981 = ADVANCED_FACE('',(#5982),#282,.T.);
#5982 = FACE_BOUND('',#5983,.T.);
#5983 = EDGE_LOOP('',(#5984,#5985,#6011,#6012,#6013));
#5984 = ORIENTED_EDGE('',*,*,#430,.T.);
#5985 = ORIENTED_EDGE('',*,*,#5986,.T.);
#5986 = EDGE_CURVE('',#403,#1500,#5987,.T.);
#5987 = SURFACE_CURVE('',#5988,(#5993,#6004),.PCURVE_S1.);
#5988 = CIRCLE('',#5989,0.3975);
#5989 = AXIS2_PLACEMENT_3D('',#5990,#5991,#5992);
#5990 = CARTESIAN_POINT('',(-1.62913693679E-02,1.172176040352E-03,
    3.4700001));
#5991 = DIRECTION('',(9.549396455322E-17,-5.662909480105E-17,-1.));
#5992 = DIRECTION('',(0.860133166356,-0.510069540489,1.110223024625E-16)
  );
#5993 = PCURVE('',#282,#5994);
#5994 = DEFINITIONAL_REPRESENTATION('',(#5995),#6003);
#5995 = ( BOUNDED_CURVE() B_SPLINE_CURVE(2,(#5996,#5997,#5998,#5999,
#6000,#6001,#6002),.UNSPECIFIED.,.T.,.F.) B_SPLINE_CURVE_WITH_KNOTS((1,2
    ,2,2,2,1),(-2.094395102393,0.,2.094395102393,4.188790204786,
6.28318530718,8.377580409573),.UNSPECIFIED.) CURVE() 
GEOMETRIC_REPRESENTATION_ITEM() RATIONAL_B_SPLINE_CURVE((1.,0.5,1.,0.5,
1.,0.5,1.)) REPRESENTATION_ITEM('') );
#5996 = CARTESIAN_POINT('',(0.3975,-0.5786));
#5997 = CARTESIAN_POINT('',(0.3975,-1.267090196009));
#5998 = CARTESIAN_POINT('',(-0.19875,-0.922845098004));
#5999 = CARTESIAN_POINT('',(-0.795,-0.5786));
#6000 = CARTESIAN_POINT('',(-0.19875,-0.234354901996));
#6001 = CARTESIAN_POINT('',(0.3975,0.109890196009));
#6002 = CARTESIAN_POINT('',(0.3975,-0.5786));
#6003 = ( GEOMETRIC_REPRESENTATION_CONTEXT(2) 
PARAMETRIC_REPRESENTATION_CONTEXT() REPRESENTATION_CONTEXT('2D SPACE',''
  ) );
#6004 = PCURVE('',#418,#6005);
#6005 = DEFINITIONAL_REPRESENTATION('',(#6006),#6010);
#6006 = LINE('',#6007,#6008);
#6007 = CARTESIAN_POINT('',(-4.712388980385,0.125));
#6008 = VECTOR('',#6009,1.);
#6009 = DIRECTION('',(1.,0.));
#6010 = ( GEOMETRIC_REPRESENTATION_CONTEXT(2) 
PARAMETRIC_REPRESENTATION_CONTEXT() REPRESENTATION_CONTEXT('2D SPACE',''
  ) );
#6011 = ORIENTED_EDGE('',*,*,#1499,.T.);
#6012 = ORIENTED_EDGE('',*,*,#1429,.T.);
#6013 = ORIENTED_EDGE('',*,*,#265,.T.);
#6014 = ADVANCED_FACE('',(#6015),#781,.T.);
#6015 = FACE_BOUND('',#6016,.T.);
#6016 = EDGE_LOOP('',(#6017,#6018,#6019,#6043,#6066));
#6017 = ORIENTED_EDGE('',*,*,#839,.T.);
#6018 = ORIENTED_EDGE('',*,*,#764,.T.);
#6019 = ORIENTED_EDGE('',*,*,#6020,.T.);
#6020 = EDGE_CURVE('',#737,#6021,#6023,.T.);
#6021 = VERTEX_POINT('',#6022);
#6022 = CARTESIAN_POINT('',(0.309949824894,0.345641496744,3.4700001));
#6023 = SURFACE_CURVE('',#6024,(#6029,#6036),.PCURVE_S1.);
#6024 = CIRCLE('',#6025,0.1045);
#6025 = AXIS2_PLACEMENT_3D('',#6026,#6027,#6028);
#6026 = CARTESIAN_POINT('',(0.385822674332,0.273783576386,3.4700001));
#6027 = DIRECTION('',(-9.998294034706E-17,4.826347774078E-17,1.));
#6028 = DIRECTION('',(0.434718760738,0.900566265781,-7.770235371012E-32)
  );
#6029 = PCURVE('',#781,#6030);
#6030 = DEFINITIONAL_REPRESENTATION('',(#6031),#6035);
#6031 = CIRCLE('',#6032,0.1045);
#6032 = AXIS2_PLACEMENT_2D('',#6033,#6034);
#6033 = CARTESIAN_POINT('',(0.206820853938,-0.139011767541));
#6034 = DIRECTION('',(-8.543539721845E-02,0.996343712231));
#6035 = ( GEOMETRIC_REPRESENTATION_CONTEXT(2) 
PARAMETRIC_REPRESENTATION_CONTEXT() REPRESENTATION_CONTEXT('2D SPACE',''
  ) );
#6036 = PCURVE('',#752,#6037);
#6037 = DEFINITIONAL_REPRESENTATION('',(#6038),#6042);
#6038 = LINE('',#6039,#6040);
#6039 = CARTESIAN_POINT('',(6.28318530718,1.33));
#6040 = VECTOR('',#6041,1.);
#6041 = DIRECTION('',(-1.,0.));
#6042 = ( GEOMETRIC_REPRESENTATION_CONTEXT(2) 
PARAMETRIC_REPRESENTATION_CONTEXT() REPRESENTATION_CONTEXT('2D SPACE',''
  ) );
#6043 = ORIENTED_EDGE('',*,*,#6044,.T.);
#6044 = EDGE_CURVE('',#6021,#6045,#6047,.T.);
#6045 = VERTEX_POINT('',#6046);
#6046 = CARTESIAN_POINT('',(0.257043782232,0.289779426296,3.4700001));
#6047 = SURFACE_CURVE('',#6048,(#6052,#6059),.PCURVE_S1.);
#6048 = LINE('',#6049,#6050);
#6049 = CARTESIAN_POINT('',(0.340837979537,0.378255470193,3.4700001));
#6050 = VECTOR('',#6051,1.);
#6051 = DIRECTION('',(-0.687635601509,-0.726055975485,
    -5.551115123126E-17));
#6052 = PCURVE('',#781,#6053);
#6053 = DEFINITIONAL_REPRESENTATION('',(#6054),#6058);
#6054 = LINE('',#6055,#6056);
#6055 = CARTESIAN_POINT('',(0.114840095098,-7.209734932991E-02));
#6056 = VECTOR('',#6057,1.);
#6057 = DIRECTION('',(-0.22111914944,-0.975246800431));
#6058 = ( GEOMETRIC_REPRESENTATION_CONTEXT(2) 
PARAMETRIC_REPRESENTATION_CONTEXT() REPRESENTATION_CONTEXT('2D SPACE',''
  ) );
#6059 = PCURVE('',#5641,#6060);
#6060 = DEFINITIONAL_REPRESENTATION('',(#6061),#6065);
#6061 = LINE('',#6062,#6063);
#6062 = CARTESIAN_POINT('',(-4.491936510396E-02,1.33));
#6063 = VECTOR('',#6064,1.);
#6064 = DIRECTION('',(1.,5.551115123126E-17));
#6065 = ( GEOMETRIC_REPRESENTATION_CONTEXT(2) 
PARAMETRIC_REPRESENTATION_CONTEXT() REPRESENTATION_CONTEXT('2D SPACE',''
  ) );
#6066 = ORIENTED_EDGE('',*,*,#6067,.T.);
#6067 = EDGE_CURVE('',#6045,#840,#6068,.T.);
#6068 = SURFACE_CURVE('',#6069,(#6074,#6085),.PCURVE_S1.);
#6069 = CIRCLE('',#6070,0.3975);
#6070 = AXIS2_PLACEMENT_3D('',#6071,#6072,#6073);
#6071 = CARTESIAN_POINT('',(-1.62913693679E-02,1.172176040352E-03,
    3.4700001));
#6072 = DIRECTION('',(9.549396455322E-17,-5.662909480105E-17,-1.));
#6073 = DIRECTION('',(0.860133166356,-0.510069540489,1.110223024625E-16)
  );
#6074 = PCURVE('',#781,#6075);
#6075 = DEFINITIONAL_REPRESENTATION('',(#6076),#6084);
#6076 = ( BOUNDED_CURVE() B_SPLINE_CURVE(2,(#6077,#6078,#6079,#6080,
#6081,#6082,#6083),.UNSPECIFIED.,.T.,.F.) B_SPLINE_CURVE_WITH_KNOTS((1,2
    ,2,2,2,1),(-2.094395102393,0.,2.094395102393,4.188790204786,
6.28318530718,8.377580409573),.UNSPECIFIED.) CURVE() 
GEOMETRIC_REPRESENTATION_ITEM() RATIONAL_B_SPLINE_CURVE((1.,0.5,1.,0.5,
1.,0.5,1.)) REPRESENTATION_ITEM('') );
#6077 = CARTESIAN_POINT('',(0.3975,-0.5786));
#6078 = CARTESIAN_POINT('',(0.3975,-1.267090196009));
#6079 = CARTESIAN_POINT('',(-0.19875,-0.922845098004));
#6080 = CARTESIAN_POINT('',(-0.795,-0.5786));
#6081 = CARTESIAN_POINT('',(-0.19875,-0.234354901996));
#6082 = CARTESIAN_POINT('',(0.3975,0.109890196009));
#6083 = CARTESIAN_POINT('',(0.3975,-0.5786));
#6084 = ( GEOMETRIC_REPRESENTATION_CONTEXT(2) 
PARAMETRIC_REPRESENTATION_CONTEXT() REPRESENTATION_CONTEXT('2D SPACE',''
  ) );
#6085 = PCURVE('',#878,#6086);
#6086 = DEFINITIONAL_REPRESENTATION('',(#6087),#6091);
#6087 = LINE('',#6088,#6089);
#6088 = CARTESIAN_POINT('',(-4.712388980385,0.125));
#6089 = VECTOR('',#6090,1.);
#6090 = DIRECTION('',(1.,0.));
#6091 = ( GEOMETRIC_REPRESENTATION_CONTEXT(2) 
PARAMETRIC_REPRESENTATION_CONTEXT() REPRESENTATION_CONTEXT('2D SPACE',''
  ) );
#6092 = ADVANCED_FACE('',(#6093),#5057,.T.);
#6093 = FACE_BOUND('',#6094,.T.);
#6094 = EDGE_LOOP('',(#6095,#6096,#6124,#6145));
#6095 = ORIENTED_EDGE('',*,*,#5041,.T.);
#6096 = ORIENTED_EDGE('',*,*,#6097,.T.);
#6097 = EDGE_CURVE('',#5014,#6098,#6100,.T.);
#6098 = VERTEX_POINT('',#6099);
#6099 = CARTESIAN_POINT('',(0.105841210483,0.379444409939,3.7200001));
#6100 = SURFACE_CURVE('',#6101,(#6106,#6113),.PCURVE_S1.);
#6101 = CIRCLE('',#6102,0.3975);
#6102 = AXIS2_PLACEMENT_3D('',#6103,#6104,#6105);
#6103 = CARTESIAN_POINT('',(-1.62913693679E-02,1.172176040352E-03,
    3.7200001));
#6104 = DIRECTION('',(9.549396455322E-17,-5.662909480105E-17,-1.));
#6105 = DIRECTION('',(0.860133166356,-0.510069540489,1.110223024625E-16)
  );
#6106 = PCURVE('',#5057,#6107);
#6107 = DEFINITIONAL_REPRESENTATION('',(#6108),#6112);
#6108 = LINE('',#6109,#6110);
#6109 = CARTESIAN_POINT('',(1.570796326795,-0.125));
#6110 = VECTOR('',#6111,1.);
#6111 = DIRECTION('',(1.,0.));
#6112 = ( GEOMETRIC_REPRESENTATION_CONTEXT(2) 
PARAMETRIC_REPRESENTATION_CONTEXT() REPRESENTATION_CONTEXT('2D SPACE',''
  ) );
#6113 = PCURVE('',#5029,#6114);
#6114 = DEFINITIONAL_REPRESENTATION('',(#6115),#6123);
#6115 = ( BOUNDED_CURVE() B_SPLINE_CURVE(2,(#6116,#6117,#6118,#6119,
#6120,#6121,#6122),.UNSPECIFIED.,.T.,.F.) B_SPLINE_CURVE_WITH_KNOTS((1,2
    ,2,2,2,1),(-2.094395102393,0.,2.094395102393,4.188790204786,
6.28318530718,8.377580409573),.UNSPECIFIED.) CURVE() 
GEOMETRIC_REPRESENTATION_ITEM() RATIONAL_B_SPLINE_CURVE((1.,0.5,1.,0.5,
1.,0.5,1.)) REPRESENTATION_ITEM('') );
#6116 = CARTESIAN_POINT('',(0.3975,-0.3975));
#6117 = CARTESIAN_POINT('',(0.3975,-1.085990196009));
#6118 = CARTESIAN_POINT('',(-0.19875,-0.741745098004));
#6119 = CARTESIAN_POINT('',(-0.795,-0.3975));
#6120 = CARTESIAN_POINT('',(-0.19875,-5.325490199569E-02));
#6121 = CARTESIAN_POINT('',(0.3975,0.290990196009));
#6122 = CARTESIAN_POINT('',(0.3975,-0.3975));
#6123 = ( GEOMETRIC_REPRESENTATION_CONTEXT(2) 
PARAMETRIC_REPRESENTATION_CONTEXT() REPRESENTATION_CONTEXT('2D SPACE',''
  ) );
#6124 = ORIENTED_EDGE('',*,*,#6125,.T.);
#6125 = EDGE_CURVE('',#6098,#5712,#6126,.T.);
#6126 = SURFACE_CURVE('',#6127,(#6131,#6138),.PCURVE_S1.);
#6127 = LINE('',#6128,#6129);
#6128 = CARTESIAN_POINT('',(0.105841210483,0.379444409939,3.5950001));
#6129 = VECTOR('',#6130,1.);
#6130 = DIRECTION('',(2.638984874572E-49,-8.19333394335E-32,-1.));
#6131 = PCURVE('',#5057,#6132);
#6132 = DEFINITIONAL_REPRESENTATION('',(#6133),#6137);
#6133 = LINE('',#6134,#6135);
#6134 = CARTESIAN_POINT('',(6.060223430581,0.));
#6135 = VECTOR('',#6136,1.);
#6136 = DIRECTION('',(0.,1.));
#6137 = ( GEOMETRIC_REPRESENTATION_CONTEXT(2) 
PARAMETRIC_REPRESENTATION_CONTEXT() REPRESENTATION_CONTEXT('2D SPACE',''
  ) );
#6138 = PCURVE('',#5580,#6139);
#6139 = DEFINITIONAL_REPRESENTATION('',(#6140),#6144);
#6140 = LINE('',#6141,#6142);
#6141 = CARTESIAN_POINT('',(1.529252164501E-02,1.205));
#6142 = VECTOR('',#6143,1.);
#6143 = DIRECTION('',(1.152469948665E-17,1.));
#6144 = ( GEOMETRIC_REPRESENTATION_CONTEXT(2) 
PARAMETRIC_REPRESENTATION_CONTEXT() REPRESENTATION_CONTEXT('2D SPACE',''
  ) );
#6145 = ORIENTED_EDGE('',*,*,#5711,.F.);
#6146 = ADVANCED_FACE('',(#6147),#4402,.T.);
#6147 = FACE_BOUND('',#6148,.T.);
#6148 = EDGE_LOOP('',(#6149,#6150,#6176,#6177));
#6149 = ORIENTED_EDGE('',*,*,#4386,.T.);
#6150 = ORIENTED_EDGE('',*,*,#6151,.T.);
#6151 = EDGE_CURVE('',#4359,#5453,#6152,.T.);
#6152 = SURFACE_CURVE('',#6153,(#6158,#6165),.PCURVE_S1.);
#6153 = CIRCLE('',#6154,0.3975);
#6154 = AXIS2_PLACEMENT_3D('',#6155,#6156,#6157);
#6155 = CARTESIAN_POINT('',(-1.62913693679E-02,1.172176040352E-03,
    3.7200001));
#6156 = DIRECTION('',(9.549396455322E-17,-5.662909480105E-17,-1.));
#6157 = DIRECTION('',(0.860133166356,-0.510069540489,1.110223024625E-16)
  );
#6158 = PCURVE('',#4402,#6159);
#6159 = DEFINITIONAL_REPRESENTATION('',(#6160),#6164);
#6160 = LINE('',#6161,#6162);
#6161 = CARTESIAN_POINT('',(1.570796326795,-0.125));
#6162 = VECTOR('',#6163,1.);
#6163 = DIRECTION('',(1.,0.));
#6164 = ( GEOMETRIC_REPRESENTATION_CONTEXT(2) 
PARAMETRIC_REPRESENTATION_CONTEXT() REPRESENTATION_CONTEXT('2D SPACE',''
  ) );
#6165 = PCURVE('',#4374,#6166);
#6166 = DEFINITIONAL_REPRESENTATION('',(#6167),#6175);
#6167 = ( BOUNDED_CURVE() B_SPLINE_CURVE(2,(#6168,#6169,#6170,#6171,
#6172,#6173,#6174),.UNSPECIFIED.,.T.,.F.) B_SPLINE_CURVE_WITH_KNOTS((1,2
    ,2,2,2,1),(-2.094395102393,0.,2.094395102393,4.188790204786,
6.28318530718,8.377580409573),.UNSPECIFIED.) CURVE() 
GEOMETRIC_REPRESENTATION_ITEM() RATIONAL_B_SPLINE_CURVE((1.,0.5,1.,0.5,
1.,0.5,1.)) REPRESENTATION_ITEM('') );
#6168 = CARTESIAN_POINT('',(0.3975,-0.3975));
#6169 = CARTESIAN_POINT('',(0.3975,-1.085990196009));
#6170 = CARTESIAN_POINT('',(-0.19875,-0.741745098004));
#6171 = CARTESIAN_POINT('',(-0.795,-0.3975));
#6172 = CARTESIAN_POINT('',(-0.19875,-5.325490199569E-02));
#6173 = CARTESIAN_POINT('',(0.3975,0.290990196009));
#6174 = CARTESIAN_POINT('',(0.3975,-0.3975));
#6175 = ( GEOMETRIC_REPRESENTATION_CONTEXT(2) 
PARAMETRIC_REPRESENTATION_CONTEXT() REPRESENTATION_CONTEXT('2D SPACE',''
  ) );
#6176 = ORIENTED_EDGE('',*,*,#5452,.T.);
#6177 = ORIENTED_EDGE('',*,*,#5788,.F.);
#6178 = ADVANCED_FACE('',(#6179),#3747,.T.);
#6179 = FACE_BOUND('',#6180,.T.);
#6180 = EDGE_LOOP('',(#6181,#6182,#6183,#6184));
#6181 = ORIENTED_EDGE('',*,*,#4797,.T.);
#6182 = ORIENTED_EDGE('',*,*,#5824,.F.);
#6183 = ORIENTED_EDGE('',*,*,#3731,.T.);
#6184 = ORIENTED_EDGE('',*,*,#6185,.T.);
#6185 = EDGE_CURVE('',#3704,#4798,#6186,.T.);
#6186 = SURFACE_CURVE('',#6187,(#6192,#6199),.PCURVE_S1.);
#6187 = CIRCLE('',#6188,0.3975);
#6188 = AXIS2_PLACEMENT_3D('',#6189,#6190,#6191);
#6189 = CARTESIAN_POINT('',(-1.62913693679E-02,1.172176040352E-03,
    3.7200001));
#6190 = DIRECTION('',(9.549396455322E-17,-5.662909480105E-17,-1.));
#6191 = DIRECTION('',(0.860133166356,-0.510069540489,1.110223024625E-16)
  );
#6192 = PCURVE('',#3747,#6193);
#6193 = DEFINITIONAL_REPRESENTATION('',(#6194),#6198);
#6194 = LINE('',#6195,#6196);
#6195 = CARTESIAN_POINT('',(1.570796326795,-0.125));
#6196 = VECTOR('',#6197,1.);
#6197 = DIRECTION('',(1.,0.));
#6198 = ( GEOMETRIC_REPRESENTATION_CONTEXT(2) 
PARAMETRIC_REPRESENTATION_CONTEXT() REPRESENTATION_CONTEXT('2D SPACE',''
  ) );
#6199 = PCURVE('',#3719,#6200);
#6200 = DEFINITIONAL_REPRESENTATION('',(#6201),#6209);
#6201 = ( BOUNDED_CURVE() B_SPLINE_CURVE(2,(#6202,#6203,#6204,#6205,
#6206,#6207,#6208),.UNSPECIFIED.,.T.,.F.) B_SPLINE_CURVE_WITH_KNOTS((1,2
    ,2,2,2,1),(-2.094395102393,0.,2.094395102393,4.188790204786,
6.28318530718,8.377580409573),.UNSPECIFIED.) CURVE() 
GEOMETRIC_REPRESENTATION_ITEM() RATIONAL_B_SPLINE_CURVE((1.,0.5,1.,0.5,
1.,0.5,1.)) REPRESENTATION_ITEM('') );
#6202 = CARTESIAN_POINT('',(0.3975,-0.3975));
#6203 = CARTESIAN_POINT('',(0.3975,-1.085990196009));
#6204 = CARTESIAN_POINT('',(-0.19875,-0.741745098004));
#6205 = CARTESIAN_POINT('',(-0.795,-0.3975));
#6206 = CARTESIAN_POINT('',(-0.19875,-5.325490199569E-02));
#6207 = CARTESIAN_POINT('',(0.3975,0.290990196009));
#6208 = CARTESIAN_POINT('',(0.3975,-0.3975));
#6209 = ( GEOMETRIC_REPRESENTATION_CONTEXT(2) 
PARAMETRIC_REPRESENTATION_CONTEXT() REPRESENTATION_CONTEXT('2D SPACE',''
  ) );
#6210 = ADVANCED_FACE('',(#6211),#3092,.T.);
#6211 = FACE_BOUND('',#6212,.T.);
#6212 = EDGE_LOOP('',(#6213,#6214,#6240,#6241));
#6213 = ORIENTED_EDGE('',*,*,#3076,.T.);
#6214 = ORIENTED_EDGE('',*,*,#6215,.T.);
#6215 = EDGE_CURVE('',#3049,#4143,#6216,.T.);
#6216 = SURFACE_CURVE('',#6217,(#6222,#6229),.PCURVE_S1.);
#6217 = CIRCLE('',#6218,0.3975);
#6218 = AXIS2_PLACEMENT_3D('',#6219,#6220,#6221);
#6219 = CARTESIAN_POINT('',(-1.62913693679E-02,1.172176040352E-03,
    3.7200001));
#6220 = DIRECTION('',(9.549396455322E-17,-5.662909480105E-17,-1.));
#6221 = DIRECTION('',(0.860133166356,-0.510069540489,1.110223024625E-16)
  );
#6222 = PCURVE('',#3092,#6223);
#6223 = DEFINITIONAL_REPRESENTATION('',(#6224),#6228);
#6224 = LINE('',#6225,#6226);
#6225 = CARTESIAN_POINT('',(1.570796326795,-0.125));
#6226 = VECTOR('',#6227,1.);
#6227 = DIRECTION('',(1.,0.));
#6228 = ( GEOMETRIC_REPRESENTATION_CONTEXT(2) 
PARAMETRIC_REPRESENTATION_CONTEXT() REPRESENTATION_CONTEXT('2D SPACE',''
  ) );
#6229 = PCURVE('',#3064,#6230);
#6230 = DEFINITIONAL_REPRESENTATION('',(#6231),#6239);
#6231 = ( BOUNDED_CURVE() B_SPLINE_CURVE(2,(#6232,#6233,#6234,#6235,
#6236,#6237,#6238),.UNSPECIFIED.,.T.,.F.) B_SPLINE_CURVE_WITH_KNOTS((1,2
    ,2,2,2,1),(-2.094395102393,0.,2.094395102393,4.188790204786,
6.28318530718,8.377580409573),.UNSPECIFIED.) CURVE() 
GEOMETRIC_REPRESENTATION_ITEM() RATIONAL_B_SPLINE_CURVE((1.,0.5,1.,0.5,
1.,0.5,1.)) REPRESENTATION_ITEM('') );
#6232 = CARTESIAN_POINT('',(0.3975,-0.3975));
#6233 = CARTESIAN_POINT('',(0.3975,-1.085990196009));
#6234 = CARTESIAN_POINT('',(-0.19875,-0.741745098004));
#6235 = CARTESIAN_POINT('',(-0.795,-0.3975));
#6236 = CARTESIAN_POINT('',(-0.19875,-5.325490199569E-02));
#6237 = CARTESIAN_POINT('',(0.3975,0.290990196009));
#6238 = CARTESIAN_POINT('',(0.3975,-0.3975));
#6239 = ( GEOMETRIC_REPRESENTATION_CONTEXT(2) 
PARAMETRIC_REPRESENTATION_CONTEXT() REPRESENTATION_CONTEXT('2D SPACE',''
  ) );
#6240 = ORIENTED_EDGE('',*,*,#4142,.T.);
#6241 = ORIENTED_EDGE('',*,*,#5854,.F.);
#6242 = ADVANCED_FACE('',(#6243),#2437,.T.);
#6243 = FACE_BOUND('',#6244,.T.);
#6244 = EDGE_LOOP('',(#6245,#6246,#6272,#6273));
#6245 = ORIENTED_EDGE('',*,*,#2421,.T.);
#6246 = ORIENTED_EDGE('',*,*,#6247,.T.);
#6247 = EDGE_CURVE('',#2394,#3488,#6248,.T.);
#6248 = SURFACE_CURVE('',#6249,(#6254,#6261),.PCURVE_S1.);
#6249 = CIRCLE('',#6250,0.3975);
#6250 = AXIS2_PLACEMENT_3D('',#6251,#6252,#6253);
#6251 = CARTESIAN_POINT('',(-1.62913693679E-02,1.172176040352E-03,
    3.7200001));
#6252 = DIRECTION('',(9.549396455322E-17,-5.662909480105E-17,-1.));
#6253 = DIRECTION('',(0.860133166356,-0.510069540489,1.110223024625E-16)
  );
#6254 = PCURVE('',#2437,#6255);
#6255 = DEFINITIONAL_REPRESENTATION('',(#6256),#6260);
#6256 = LINE('',#6257,#6258);
#6257 = CARTESIAN_POINT('',(4.712388980385,-0.125));
#6258 = VECTOR('',#6259,1.);
#6259 = DIRECTION('',(1.,0.));
#6260 = ( GEOMETRIC_REPRESENTATION_CONTEXT(2) 
PARAMETRIC_REPRESENTATION_CONTEXT() REPRESENTATION_CONTEXT('2D SPACE',''
  ) );
#6261 = PCURVE('',#2409,#6262);
#6262 = DEFINITIONAL_REPRESENTATION('',(#6263),#6271);
#6263 = ( BOUNDED_CURVE() B_SPLINE_CURVE(2,(#6264,#6265,#6266,#6267,
#6268,#6269,#6270),.UNSPECIFIED.,.T.,.F.) B_SPLINE_CURVE_WITH_KNOTS((1,2
    ,2,2,2,1),(-2.094395102393,0.,2.094395102393,4.188790204786,
6.28318530718,8.377580409573),.UNSPECIFIED.) CURVE() 
GEOMETRIC_REPRESENTATION_ITEM() RATIONAL_B_SPLINE_CURVE((1.,0.5,1.,0.5,
1.,0.5,1.)) REPRESENTATION_ITEM('') );
#6264 = CARTESIAN_POINT('',(0.3975,-0.3975));
#6265 = CARTESIAN_POINT('',(0.3975,-1.085990196009));
#6266 = CARTESIAN_POINT('',(-0.19875,-0.741745098004));
#6267 = CARTESIAN_POINT('',(-0.795,-0.3975));
#6268 = CARTESIAN_POINT('',(-0.19875,-5.325490199569E-02));
#6269 = CARTESIAN_POINT('',(0.3975,0.290990196009));
#6270 = CARTESIAN_POINT('',(0.3975,-0.3975));
#6271 = ( GEOMETRIC_REPRESENTATION_CONTEXT(2) 
PARAMETRIC_REPRESENTATION_CONTEXT() REPRESENTATION_CONTEXT('2D SPACE',''
  ) );
#6272 = ORIENTED_EDGE('',*,*,#3487,.T.);
#6273 = ORIENTED_EDGE('',*,*,#5887,.F.);
#6274 = ADVANCED_FACE('',(#6275),#1782,.T.);
#6275 = FACE_BOUND('',#6276,.T.);
#6276 = EDGE_LOOP('',(#6277,#6278,#6304,#6305));
#6277 = ORIENTED_EDGE('',*,*,#1766,.T.);
#6278 = ORIENTED_EDGE('',*,*,#6279,.T.);
#6279 = EDGE_CURVE('',#1739,#2833,#6280,.T.);
#6280 = SURFACE_CURVE('',#6281,(#6286,#6293),.PCURVE_S1.);
#6281 = CIRCLE('',#6282,0.3975);
#6282 = AXIS2_PLACEMENT_3D('',#6283,#6284,#6285);
#6283 = CARTESIAN_POINT('',(-1.62913693679E-02,1.172176040352E-03,
    3.7200001));
#6284 = DIRECTION('',(9.549396455322E-17,-5.662909480105E-17,-1.));
#6285 = DIRECTION('',(0.860133166356,-0.510069540489,1.110223024625E-16)
  );
#6286 = PCURVE('',#1782,#6287);
#6287 = DEFINITIONAL_REPRESENTATION('',(#6288),#6292);
#6288 = LINE('',#6289,#6290);
#6289 = CARTESIAN_POINT('',(1.570796326795,-0.125));
#6290 = VECTOR('',#6291,1.);
#6291 = DIRECTION('',(1.,0.));
#6292 = ( GEOMETRIC_REPRESENTATION_CONTEXT(2) 
PARAMETRIC_REPRESENTATION_CONTEXT() REPRESENTATION_CONTEXT('2D SPACE',''
  ) );
#6293 = PCURVE('',#1754,#6294);
#6294 = DEFINITIONAL_REPRESENTATION('',(#6295),#6303);
#6295 = ( BOUNDED_CURVE() B_SPLINE_CURVE(2,(#6296,#6297,#6298,#6299,
#6300,#6301,#6302),.UNSPECIFIED.,.T.,.F.) B_SPLINE_CURVE_WITH_KNOTS((1,2
    ,2,2,2,1),(-2.094395102393,0.,2.094395102393,4.188790204786,
6.28318530718,8.377580409573),.UNSPECIFIED.) CURVE() 
GEOMETRIC_REPRESENTATION_ITEM() RATIONAL_B_SPLINE_CURVE((1.,0.5,1.,0.5,
1.,0.5,1.)) REPRESENTATION_ITEM('') );
#6296 = CARTESIAN_POINT('',(0.3975,-0.3975));
#6297 = CARTESIAN_POINT('',(0.3975,-1.085990196009));
#6298 = CARTESIAN_POINT('',(-0.19875,-0.741745098004));
#6299 = CARTESIAN_POINT('',(-0.795,-0.3975));
#6300 = CARTESIAN_POINT('',(-0.19875,-5.325490199569E-02));
#6301 = CARTESIAN_POINT('',(0.3975,0.290990196009));
#6302 = CARTESIAN_POINT('',(0.3975,-0.3975));
#6303 = ( GEOMETRIC_REPRESENTATION_CONTEXT(2) 
PARAMETRIC_REPRESENTATION_CONTEXT() REPRESENTATION_CONTEXT('2D SPACE',''
  ) );
#6304 = ORIENTED_EDGE('',*,*,#2832,.T.);
#6305 = ORIENTED_EDGE('',*,*,#5920,.F.);
#6306 = ADVANCED_FACE('',(#6307),#1127,.T.);
#6307 = FACE_BOUND('',#6308,.T.);
#6308 = EDGE_LOOP('',(#6309,#6310,#6336,#6337));
#6309 = ORIENTED_EDGE('',*,*,#1111,.T.);
#6310 = ORIENTED_EDGE('',*,*,#6311,.T.);
#6311 = EDGE_CURVE('',#1084,#2178,#6312,.T.);
#6312 = SURFACE_CURVE('',#6313,(#6318,#6325),.PCURVE_S1.);
#6313 = CIRCLE('',#6314,0.3975);
#6314 = AXIS2_PLACEMENT_3D('',#6315,#6316,#6317);
#6315 = CARTESIAN_POINT('',(-1.62913693679E-02,1.172176040352E-03,
    3.7200001));
#6316 = DIRECTION('',(9.549396455322E-17,-5.662909480105E-17,-1.));
#6317 = DIRECTION('',(0.860133166356,-0.510069540489,1.110223024625E-16)
  );
#6318 = PCURVE('',#1127,#6319);
#6319 = DEFINITIONAL_REPRESENTATION('',(#6320),#6324);
#6320 = LINE('',#6321,#6322);
#6321 = CARTESIAN_POINT('',(1.570796326795,-0.125));
#6322 = VECTOR('',#6323,1.);
#6323 = DIRECTION('',(1.,0.));
#6324 = ( GEOMETRIC_REPRESENTATION_CONTEXT(2) 
PARAMETRIC_REPRESENTATION_CONTEXT() REPRESENTATION_CONTEXT('2D SPACE',''
  ) );
#6325 = PCURVE('',#1099,#6326);
#6326 = DEFINITIONAL_REPRESENTATION('',(#6327),#6335);
#6327 = ( BOUNDED_CURVE() B_SPLINE_CURVE(2,(#6328,#6329,#6330,#6331,
#6332,#6333,#6334),.UNSPECIFIED.,.T.,.F.) B_SPLINE_CURVE_WITH_KNOTS((1,2
    ,2,2,2,1),(-2.094395102393,0.,2.094395102393,4.188790204786,
6.28318530718,8.377580409573),.UNSPECIFIED.) CURVE() 
GEOMETRIC_REPRESENTATION_ITEM() RATIONAL_B_SPLINE_CURVE((1.,0.5,1.,0.5,
1.,0.5,1.)) REPRESENTATION_ITEM('') );
#6328 = CARTESIAN_POINT('',(0.3975,-0.3975));
#6329 = CARTESIAN_POINT('',(0.3975,-1.085990196009));
#6330 = CARTESIAN_POINT('',(-0.19875,-0.741745098004));
#6331 = CARTESIAN_POINT('',(-0.795,-0.3975));
#6332 = CARTESIAN_POINT('',(-0.19875,-5.325490199569E-02));
#6333 = CARTESIAN_POINT('',(0.3975,0.290990196009));
#6334 = CARTESIAN_POINT('',(0.3975,-0.3975));
#6335 = ( GEOMETRIC_REPRESENTATION_CONTEXT(2) 
PARAMETRIC_REPRESENTATION_CONTEXT() REPRESENTATION_CONTEXT('2D SPACE',''
  ) );
#6336 = ORIENTED_EDGE('',*,*,#2177,.T.);
#6337 = ORIENTED_EDGE('',*,*,#5953,.F.);
#6338 = ADVANCED_FACE('',(#6339),#418,.T.);
#6339 = FACE_BOUND('',#6340,.T.);
#6340 = EDGE_LOOP('',(#6341,#6342,#6368,#6369));
#6341 = ORIENTED_EDGE('',*,*,#402,.T.);
#6342 = ORIENTED_EDGE('',*,*,#6343,.T.);
#6343 = EDGE_CURVE('',#375,#1523,#6344,.T.);
#6344 = SURFACE_CURVE('',#6345,(#6350,#6357),.PCURVE_S1.);
#6345 = CIRCLE('',#6346,0.3975);
#6346 = AXIS2_PLACEMENT_3D('',#6347,#6348,#6349);
#6347 = CARTESIAN_POINT('',(-1.62913693679E-02,1.172176040352E-03,
    3.7200001));
#6348 = DIRECTION('',(9.549396455322E-17,-5.662909480105E-17,-1.));
#6349 = DIRECTION('',(0.860133166356,-0.510069540489,1.110223024625E-16)
  );
#6350 = PCURVE('',#418,#6351);
#6351 = DEFINITIONAL_REPRESENTATION('',(#6352),#6356);
#6352 = LINE('',#6353,#6354);
#6353 = CARTESIAN_POINT('',(-4.712388980385,-0.125));
#6354 = VECTOR('',#6355,1.);
#6355 = DIRECTION('',(1.,0.));
#6356 = ( GEOMETRIC_REPRESENTATION_CONTEXT(2) 
PARAMETRIC_REPRESENTATION_CONTEXT() REPRESENTATION_CONTEXT('2D SPACE',''
  ) );
#6357 = PCURVE('',#390,#6358);
#6358 = DEFINITIONAL_REPRESENTATION('',(#6359),#6367);
#6359 = ( BOUNDED_CURVE() B_SPLINE_CURVE(2,(#6360,#6361,#6362,#6363,
#6364,#6365,#6366),.UNSPECIFIED.,.T.,.F.) B_SPLINE_CURVE_WITH_KNOTS((1,2
    ,2,2,2,1),(-2.094395102393,0.,2.094395102393,4.188790204786,
6.28318530718,8.377580409573),.UNSPECIFIED.) CURVE() 
GEOMETRIC_REPRESENTATION_ITEM() RATIONAL_B_SPLINE_CURVE((1.,0.5,1.,0.5,
1.,0.5,1.)) REPRESENTATION_ITEM('') );
#6360 = CARTESIAN_POINT('',(0.3975,-0.3975));
#6361 = CARTESIAN_POINT('',(0.3975,-1.085990196009));
#6362 = CARTESIAN_POINT('',(-0.19875,-0.741745098004));
#6363 = CARTESIAN_POINT('',(-0.795,-0.3975));
#6364 = CARTESIAN_POINT('',(-0.19875,-5.325490199569E-02));
#6365 = CARTESIAN_POINT('',(0.3975,0.290990196009));
#6366 = CARTESIAN_POINT('',(0.3975,-0.3975));
#6367 = ( GEOMETRIC_REPRESENTATION_CONTEXT(2) 
PARAMETRIC_REPRESENTATION_CONTEXT() REPRESENTATION_CONTEXT('2D SPACE',''
  ) );
#6368 = ORIENTED_EDGE('',*,*,#1522,.T.);
#6369 = ORIENTED_EDGE('',*,*,#5986,.F.);
#6370 = ADVANCED_FACE('',(#6371),#878,.T.);
#6371 = FACE_BOUND('',#6372,.T.);
#6372 = EDGE_LOOP('',(#6373,#6374,#6375,#6398));
#6373 = ORIENTED_EDGE('',*,*,#862,.T.);
#6374 = ORIENTED_EDGE('',*,*,#6067,.F.);
#6375 = ORIENTED_EDGE('',*,*,#6376,.T.);
#6376 = EDGE_CURVE('',#6045,#6377,#6379,.T.);
#6377 = VERTEX_POINT('',#6378);
#6378 = CARTESIAN_POINT('',(0.257043782232,0.289779426296,3.7200001));
#6379 = SURFACE_CURVE('',#6380,(#6384,#6391),.PCURVE_S1.);
#6380 = LINE('',#6381,#6382);
#6381 = CARTESIAN_POINT('',(0.257043782232,0.289779426296,3.5950001));
#6382 = VECTOR('',#6383,1.);
#6383 = DIRECTION('',(-2.638984874572E-49,8.19333394335E-32,1.));
#6384 = PCURVE('',#878,#6385);
#6385 = DEFINITIONAL_REPRESENTATION('',(#6386),#6390);
#6386 = LINE('',#6387,#6388);
#6387 = CARTESIAN_POINT('',(0.222961876598,0.));
#6388 = VECTOR('',#6389,1.);
#6389 = DIRECTION('',(0.,-1.));
#6390 = ( GEOMETRIC_REPRESENTATION_CONTEXT(2) 
PARAMETRIC_REPRESENTATION_CONTEXT() REPRESENTATION_CONTEXT('2D SPACE',''
  ) );
#6391 = PCURVE('',#5641,#6392);
#6392 = DEFINITIONAL_REPRESENTATION('',(#6393),#6397);
#6393 = LINE('',#6394,#6395);
#6394 = CARTESIAN_POINT('',(7.693906852148E-02,1.205));
#6395 = VECTOR('',#6396,1.);
#6396 = DIRECTION('',(-2.771460491278E-17,-1.));
#6397 = ( GEOMETRIC_REPRESENTATION_CONTEXT(2) 
PARAMETRIC_REPRESENTATION_CONTEXT() REPRESENTATION_CONTEXT('2D SPACE',''
  ) );
#6398 = ORIENTED_EDGE('',*,*,#6399,.T.);
#6399 = EDGE_CURVE('',#6377,#863,#6400,.T.);
#6400 = SURFACE_CURVE('',#6401,(#6406,#6413),.PCURVE_S1.);
#6401 = CIRCLE('',#6402,0.3975);
#6402 = AXIS2_PLACEMENT_3D('',#6403,#6404,#6405);
#6403 = CARTESIAN_POINT('',(-1.62913693679E-02,1.172176040352E-03,
    3.7200001));
#6404 = DIRECTION('',(9.549396455322E-17,-5.662909480105E-17,-1.));
#6405 = DIRECTION('',(0.860133166356,-0.510069540489,1.110223024625E-16)
  );
#6406 = PCURVE('',#878,#6407);
#6407 = DEFINITIONAL_REPRESENTATION('',(#6408),#6412);
#6408 = LINE('',#6409,#6410);
#6409 = CARTESIAN_POINT('',(-4.712388980385,-0.125));
#6410 = VECTOR('',#6411,1.);
#6411 = DIRECTION('',(1.,0.));
#6412 = ( GEOMETRIC_REPRESENTATION_CONTEXT(2) 
PARAMETRIC_REPRESENTATION_CONTEXT() REPRESENTATION_CONTEXT('2D SPACE',''
  ) );
#6413 = PCURVE('',#632,#6414);
#6414 = DEFINITIONAL_REPRESENTATION('',(#6415),#6423);
#6415 = ( BOUNDED_CURVE() B_SPLINE_CURVE(2,(#6416,#6417,#6418,#6419,
#6420,#6421,#6422),.UNSPECIFIED.,.T.,.F.) B_SPLINE_CURVE_WITH_KNOTS((1,2
    ,2,2,2,1),(-2.094395102393,0.,2.094395102393,4.188790204786,
6.28318530718,8.377580409573),.UNSPECIFIED.) CURVE() 
GEOMETRIC_REPRESENTATION_ITEM() RATIONAL_B_SPLINE_CURVE((1.,0.5,1.,0.5,
1.,0.5,1.)) REPRESENTATION_ITEM('') );
#6416 = CARTESIAN_POINT('',(0.3975,-0.3975));
#6417 = CARTESIAN_POINT('',(0.3975,-1.085990196009));
#6418 = CARTESIAN_POINT('',(-0.19875,-0.741745098004));
#6419 = CARTESIAN_POINT('',(-0.795,-0.3975));
#6420 = CARTESIAN_POINT('',(-0.19875,-5.325490199569E-02));
#6421 = CARTESIAN_POINT('',(0.3975,0.290990196009));
#6422 = CARTESIAN_POINT('',(0.3975,-0.3975));
#6423 = ( GEOMETRIC_REPRESENTATION_CONTEXT(2) 
PARAMETRIC_REPRESENTATION_CONTEXT() REPRESENTATION_CONTEXT('2D SPACE',''
  ) );
#6424 = ADVANCED_FACE('',(#6425),#5029,.T.);
#6425 = FACE_BOUND('',#6426,.T.);
#6426 = EDGE_LOOP('',(#6427,#6428,#6429,#6457,#6485,#6506));
#6427 = ORIENTED_EDGE('',*,*,#5013,.T.);
#6428 = ORIENTED_EDGE('',*,*,#5095,.T.);
#6429 = ORIENTED_EDGE('',*,*,#6430,.T.);
#6430 = EDGE_CURVE('',#5096,#6431,#6433,.T.);
#6431 = VERTEX_POINT('',#6432);
#6432 = CARTESIAN_POINT('',(9.981793483434E-02,0.360372509389,3.7200001)
  );
#6433 = SURFACE_CURVE('',#6434,(#6439,#6450),.PCURVE_S1.);
#6434 = CIRCLE('',#6435,0.3775);
#6435 = AXIS2_PLACEMENT_3D('',#6436,#6437,#6438);
#6436 = CARTESIAN_POINT('',(-1.62913693679E-02,1.172176040352E-03,
    3.7200001));
#6437 = DIRECTION('',(9.549396455322E-17,-5.662909480105E-17,-1.));
#6438 = DIRECTION('',(0.510069540489,0.860133166356,-7.421371871181E-32)
  );
#6439 = PCURVE('',#5029,#6440);
#6440 = DEFINITIONAL_REPRESENTATION('',(#6441),#6449);
#6441 = ( BOUNDED_CURVE() B_SPLINE_CURVE(2,(#6442,#6443,#6444,#6445,
#6446,#6447,#6448),.UNSPECIFIED.,.T.,.F.) B_SPLINE_CURVE_WITH_KNOTS((1,2
    ,2,2,2,1),(-2.094395102393,0.,2.094395102393,4.188790204786,
6.28318530718,8.377580409573),.UNSPECIFIED.) CURVE() 
GEOMETRIC_REPRESENTATION_ITEM() RATIONAL_B_SPLINE_CURVE((1.,0.5,1.,0.5,
1.,0.5,1.)) REPRESENTATION_ITEM('') );
#6442 = CARTESIAN_POINT('',(2.152444888992E-16,-2.E-02));
#6443 = CARTESIAN_POINT('',(0.653849179857,-2.E-02));
#6444 = CARTESIAN_POINT('',(0.326924589929,-0.58625));
#6445 = CARTESIAN_POINT('',(2.448389434654E-16,-1.1525));
#6446 = CARTESIAN_POINT('',(-0.326924589929,-0.58625));
#6447 = CARTESIAN_POINT('',(-0.653849179857,-2.E-02));
#6448 = CARTESIAN_POINT('',(2.152444888992E-16,-2.E-02));
#6449 = ( GEOMETRIC_REPRESENTATION_CONTEXT(2) 
PARAMETRIC_REPRESENTATION_CONTEXT() REPRESENTATION_CONTEXT('2D SPACE',''
  ) );
#6450 = PCURVE('',#559,#6451);
#6451 = DEFINITIONAL_REPRESENTATION('',(#6452),#6456);
#6452 = LINE('',#6453,#6454);
#6453 = CARTESIAN_POINT('',(12.566370614359,5.E-02));
#6454 = VECTOR('',#6455,1.);
#6455 = DIRECTION('',(-1.,2.328262530839E-16));
#6456 = ( GEOMETRIC_REPRESENTATION_CONTEXT(2) 
PARAMETRIC_REPRESENTATION_CONTEXT() REPRESENTATION_CONTEXT('2D SPACE',''
  ) );
#6457 = ORIENTED_EDGE('',*,*,#6458,.T.);
#6458 = EDGE_CURVE('',#6431,#6459,#6461,.T.);
#6459 = VERTEX_POINT('',#6460);
#6460 = CARTESIAN_POINT('',(0.10114255609,0.364891614154,3.7200001));
#6461 = SURFACE_CURVE('',#6462,(#6467,#6478),.PCURVE_S1.);
#6462 = CIRCLE('',#6463,8.665846684763E-02);
#6463 = AXIS2_PLACEMENT_3D('',#6464,#6465,#6466);
#6464 = CARTESIAN_POINT('',(0.183609202231,0.338265646552,3.7200001));
#6465 = DIRECTION('',(4.429803050914E-17,-4.346888981543E-17,-1.));
#6466 = DIRECTION('',(0.951628261381,-0.307251773209,5.551115123126E-17)
  );
#6467 = PCURVE('',#5029,#6468);
#6468 = DEFINITIONAL_REPRESENTATION('',(#6469),#6477);
#6469 = ( BOUNDED_CURVE() B_SPLINE_CURVE(2,(#6470,#6471,#6472,#6473,
#6474,#6475,#6476),.UNSPECIFIED.,.T.,.F.) B_SPLINE_CURVE_WITH_KNOTS((1,2
    ,2,2,2,1),(-2.094395102393,0.,2.094395102393,4.188790204786,
6.28318530718,8.377580409573),.UNSPECIFIED.) CURVE() 
GEOMETRIC_REPRESENTATION_ITEM() RATIONAL_B_SPLINE_CURVE((1.,0.5,1.,0.5,
1.,0.5,1.)) REPRESENTATION_ITEM('') );
#6470 = CARTESIAN_POINT('',(8.451339252341E-02,1.357031332875E-02));
#6471 = CARTESIAN_POINT('',(0.117702684196,-0.132811176442));
#6472 = CARTESIAN_POINT('',(-2.566205042565E-02,-8.83632012782E-02));
#6473 = CARTESIAN_POINT('',(-0.169026785047,-4.391522611459E-02));
#6474 = CARTESIAN_POINT('',(-5.885134209777E-02,5.801828849236E-02));
#6475 = CARTESIAN_POINT('',(5.132410085129E-02,0.159951803099));
#6476 = CARTESIAN_POINT('',(8.451339252341E-02,1.357031332875E-02));
#6477 = ( GEOMETRIC_REPRESENTATION_CONTEXT(2) 
PARAMETRIC_REPRESENTATION_CONTEXT() REPRESENTATION_CONTEXT('2D SPACE',''
  ) );
#6478 = PCURVE('',#5613,#6479);
#6479 = DEFINITIONAL_REPRESENTATION('',(#6480),#6484);
#6480 = LINE('',#6481,#6482);
#6481 = CARTESIAN_POINT('',(-4.440892098501E-16,1.08));
#6482 = VECTOR('',#6483,1.);
#6483 = DIRECTION('',(1.,0.));
#6484 = ( GEOMETRIC_REPRESENTATION_CONTEXT(2) 
PARAMETRIC_REPRESENTATION_CONTEXT() REPRESENTATION_CONTEXT('2D SPACE',''
  ) );
#6485 = ORIENTED_EDGE('',*,*,#6486,.T.);
#6486 = EDGE_CURVE('',#6459,#6098,#6487,.T.);
#6487 = SURFACE_CURVE('',#6488,(#6492,#6499),.PCURVE_S1.);
#6488 = LINE('',#6489,#6490);
#6489 = CARTESIAN_POINT('',(0.101980297225,0.367486287998,3.7200001));
#6490 = VECTOR('',#6491,1.);
#6491 = DIRECTION('',(0.307251773209,0.951628261381,-8.210806753048E-32)
  );
#6492 = PCURVE('',#5029,#6493);
#6493 = DEFINITIONAL_REPRESENTATION('',(#6494),#6498);
#6494 = LINE('',#6495,#6496);
#6495 = CARTESIAN_POINT('',(-8.5116287684E-02,-2.209430836873E-02));
#6496 = VECTOR('',#6497,1.);
#6497 = DIRECTION('',(-0.22111914944,0.975246800431));
#6498 = ( GEOMETRIC_REPRESENTATION_CONTEXT(2) 
PARAMETRIC_REPRESENTATION_CONTEXT() REPRESENTATION_CONTEXT('2D SPACE',''
  ) );
#6499 = PCURVE('',#5580,#6500);
#6500 = DEFINITIONAL_REPRESENTATION('',(#6501),#6505);
#6501 = LINE('',#6502,#6503);
#6502 = CARTESIAN_POINT('',(2.726562408175E-03,1.08));
#6503 = VECTOR('',#6504,1.);
#6504 = DIRECTION('',(1.,4.137986176205E-33));
#6505 = ( GEOMETRIC_REPRESENTATION_CONTEXT(2) 
PARAMETRIC_REPRESENTATION_CONTEXT() REPRESENTATION_CONTEXT('2D SPACE',''
  ) );
#6506 = ORIENTED_EDGE('',*,*,#6097,.F.);
#6507 = ADVANCED_FACE('',(#6508),#4374,.T.);
#6508 = FACE_BOUND('',#6509,.T.);
#6509 = EDGE_LOOP('',(#6510,#6511,#6537,#6538,#6539,#6540));
#6510 = ORIENTED_EDGE('',*,*,#4440,.T.);
#6511 = ORIENTED_EDGE('',*,*,#6512,.T.);
#6512 = EDGE_CURVE('',#4441,#5124,#6513,.T.);
#6513 = SURFACE_CURVE('',#6514,(#6519,#6530),.PCURVE_S1.);
#6514 = CIRCLE('',#6515,0.3775);
#6515 = AXIS2_PLACEMENT_3D('',#6516,#6517,#6518);
#6516 = CARTESIAN_POINT('',(-1.62913693679E-02,1.172176040352E-03,
    3.7200001));
#6517 = DIRECTION('',(9.549396455322E-17,-5.662909480105E-17,-1.));
#6518 = DIRECTION('',(0.510069540489,0.860133166356,-7.421371871181E-32)
  );
#6519 = PCURVE('',#4374,#6520);
#6520 = DEFINITIONAL_REPRESENTATION('',(#6521),#6529);
#6521 = ( BOUNDED_CURVE() B_SPLINE_CURVE(2,(#6522,#6523,#6524,#6525,
#6526,#6527,#6528),.UNSPECIFIED.,.T.,.F.) B_SPLINE_CURVE_WITH_KNOTS((1,2
    ,2,2,2,1),(-2.094395102393,0.,2.094395102393,4.188790204786,
6.28318530718,8.377580409573),.UNSPECIFIED.) CURVE() 
GEOMETRIC_REPRESENTATION_ITEM() RATIONAL_B_SPLINE_CURVE((1.,0.5,1.,0.5,
1.,0.5,1.)) REPRESENTATION_ITEM('') );
#6522 = CARTESIAN_POINT('',(2.152444888992E-16,-2.E-02));
#6523 = CARTESIAN_POINT('',(0.653849179857,-2.E-02));
#6524 = CARTESIAN_POINT('',(0.326924589929,-0.58625));
#6525 = CARTESIAN_POINT('',(2.448389434654E-16,-1.1525));
#6526 = CARTESIAN_POINT('',(-0.326924589929,-0.58625));
#6527 = CARTESIAN_POINT('',(-0.653849179857,-2.E-02));
#6528 = CARTESIAN_POINT('',(2.152444888992E-16,-2.E-02));
#6529 = ( GEOMETRIC_REPRESENTATION_CONTEXT(2) 
PARAMETRIC_REPRESENTATION_CONTEXT() REPRESENTATION_CONTEXT('2D SPACE',''
  ) );
#6530 = PCURVE('',#559,#6531);
#6531 = DEFINITIONAL_REPRESENTATION('',(#6532),#6536);
#6532 = LINE('',#6533,#6534);
#6533 = CARTESIAN_POINT('',(12.566370614359,5.E-02));
#6534 = VECTOR('',#6535,1.);
#6535 = DIRECTION('',(-1.,1.55217502056E-16));
#6536 = ( GEOMETRIC_REPRESENTATION_CONTEXT(2) 
PARAMETRIC_REPRESENTATION_CONTEXT() REPRESENTATION_CONTEXT('2D SPACE',''
  ) );
#6537 = ORIENTED_EDGE('',*,*,#5249,.T.);
#6538 = ORIENTED_EDGE('',*,*,#5475,.T.);
#6539 = ORIENTED_EDGE('',*,*,#6151,.F.);
#6540 = ORIENTED_EDGE('',*,*,#4358,.T.);
#6541 = ADVANCED_FACE('',(#6542),#3719,.T.);
#6542 = FACE_BOUND('',#6543,.T.);
#6543 = EDGE_LOOP('',(#6544,#6545,#6546,#6547,#6548,#6549));
#6544 = ORIENTED_EDGE('',*,*,#4594,.T.);
#6545 = ORIENTED_EDGE('',*,*,#4820,.T.);
#6546 = ORIENTED_EDGE('',*,*,#6185,.F.);
#6547 = ORIENTED_EDGE('',*,*,#3703,.T.);
#6548 = ORIENTED_EDGE('',*,*,#3785,.T.);
#6549 = ORIENTED_EDGE('',*,*,#6550,.T.);
#6550 = EDGE_CURVE('',#3786,#4469,#6551,.T.);
#6551 = SURFACE_CURVE('',#6552,(#6557,#6568),.PCURVE_S1.);
#6552 = CIRCLE('',#6553,0.3775);
#6553 = AXIS2_PLACEMENT_3D('',#6554,#6555,#6556);
#6554 = CARTESIAN_POINT('',(-1.62913693679E-02,1.172176040352E-03,
    3.7200001));
#6555 = DIRECTION('',(9.549396455322E-17,-5.662909480105E-17,-1.));
#6556 = DIRECTION('',(0.510069540489,0.860133166356,-7.421371871181E-32)
  );
#6557 = PCURVE('',#3719,#6558);
#6558 = DEFINITIONAL_REPRESENTATION('',(#6559),#6567);
#6559 = ( BOUNDED_CURVE() B_SPLINE_CURVE(2,(#6560,#6561,#6562,#6563,
#6564,#6565,#6566),.UNSPECIFIED.,.T.,.F.) B_SPLINE_CURVE_WITH_KNOTS((1,2
    ,2,2,2,1),(-2.094395102393,0.,2.094395102393,4.188790204786,
6.28318530718,8.377580409573),.UNSPECIFIED.) CURVE() 
GEOMETRIC_REPRESENTATION_ITEM() RATIONAL_B_SPLINE_CURVE((1.,0.5,1.,0.5,
1.,0.5,1.)) REPRESENTATION_ITEM('') );
#6560 = CARTESIAN_POINT('',(2.152444888992E-16,-2.E-02));
#6561 = CARTESIAN_POINT('',(0.653849179857,-2.E-02));
#6562 = CARTESIAN_POINT('',(0.326924589929,-0.58625));
#6563 = CARTESIAN_POINT('',(2.448389434654E-16,-1.1525));
#6564 = CARTESIAN_POINT('',(-0.326924589929,-0.58625));
#6565 = CARTESIAN_POINT('',(-0.653849179857,-2.E-02));
#6566 = CARTESIAN_POINT('',(2.152444888992E-16,-2.E-02));
#6567 = ( GEOMETRIC_REPRESENTATION_CONTEXT(2) 
PARAMETRIC_REPRESENTATION_CONTEXT() REPRESENTATION_CONTEXT('2D SPACE',''
  ) );
#6568 = PCURVE('',#559,#6569);
#6569 = DEFINITIONAL_REPRESENTATION('',(#6570),#6574);
#6570 = LINE('',#6571,#6572);
#6571 = CARTESIAN_POINT('',(12.566370614359,5.E-02));
#6572 = VECTOR('',#6573,1.);
#6573 = DIRECTION('',(-1.,0.));
#6574 = ( GEOMETRIC_REPRESENTATION_CONTEXT(2) 
PARAMETRIC_REPRESENTATION_CONTEXT() REPRESENTATION_CONTEXT('2D SPACE',''
  ) );
#6575 = ADVANCED_FACE('',(#6576),#3064,.T.);
#6576 = FACE_BOUND('',#6577,.T.);
#6577 = EDGE_LOOP('',(#6578,#6579,#6605,#6606,#6607,#6608));
#6578 = ORIENTED_EDGE('',*,*,#3130,.T.);
#6579 = ORIENTED_EDGE('',*,*,#6580,.T.);
#6580 = EDGE_CURVE('',#3131,#3814,#6581,.T.);
#6581 = SURFACE_CURVE('',#6582,(#6587,#6598),.PCURVE_S1.);
#6582 = CIRCLE('',#6583,0.3775);
#6583 = AXIS2_PLACEMENT_3D('',#6584,#6585,#6586);
#6584 = CARTESIAN_POINT('',(-1.62913693679E-02,1.172176040352E-03,
    3.7200001));
#6585 = DIRECTION('',(9.549396455322E-17,-5.662909480105E-17,-1.));
#6586 = DIRECTION('',(0.510069540489,0.860133166356,-7.421371871181E-32)
  );
#6587 = PCURVE('',#3064,#6588);
#6588 = DEFINITIONAL_REPRESENTATION('',(#6589),#6597);
#6589 = ( BOUNDED_CURVE() B_SPLINE_CURVE(2,(#6590,#6591,#6592,#6593,
#6594,#6595,#6596),.UNSPECIFIED.,.T.,.F.) B_SPLINE_CURVE_WITH_KNOTS((1,2
    ,2,2,2,1),(-2.094395102393,0.,2.094395102393,4.188790204786,
6.28318530718,8.377580409573),.UNSPECIFIED.) CURVE() 
GEOMETRIC_REPRESENTATION_ITEM() RATIONAL_B_SPLINE_CURVE((1.,0.5,1.,0.5,
1.,0.5,1.)) REPRESENTATION_ITEM('') );
#6590 = CARTESIAN_POINT('',(2.152444888992E-16,-2.E-02));
#6591 = CARTESIAN_POINT('',(0.653849179857,-2.E-02));
#6592 = CARTESIAN_POINT('',(0.326924589929,-0.58625));
#6593 = CARTESIAN_POINT('',(2.448389434654E-16,-1.1525));
#6594 = CARTESIAN_POINT('',(-0.326924589929,-0.58625));
#6595 = CARTESIAN_POINT('',(-0.653849179857,-2.E-02));
#6596 = CARTESIAN_POINT('',(2.152444888992E-16,-2.E-02));
#6597 = ( GEOMETRIC_REPRESENTATION_CONTEXT(2) 
PARAMETRIC_REPRESENTATION_CONTEXT() REPRESENTATION_CONTEXT('2D SPACE',''
  ) );
#6598 = PCURVE('',#559,#6599);
#6599 = DEFINITIONAL_REPRESENTATION('',(#6600),#6604);
#6600 = LINE('',#6601,#6602);
#6601 = CARTESIAN_POINT('',(12.566370614359,5.E-02));
#6602 = VECTOR('',#6603,1.);
#6603 = DIRECTION('',(-1.,1.55217502056E-16));
#6604 = ( GEOMETRIC_REPRESENTATION_CONTEXT(2) 
PARAMETRIC_REPRESENTATION_CONTEXT() REPRESENTATION_CONTEXT('2D SPACE',''
  ) );
#6605 = ORIENTED_EDGE('',*,*,#3939,.T.);
#6606 = ORIENTED_EDGE('',*,*,#4165,.T.);
#6607 = ORIENTED_EDGE('',*,*,#6215,.F.);
#6608 = ORIENTED_EDGE('',*,*,#3048,.T.);
#6609 = ADVANCED_FACE('',(#6610),#2409,.T.);
#6610 = FACE_BOUND('',#6611,.T.);
#6611 = EDGE_LOOP('',(#6612,#6613,#6641,#6667,#6668,#6669,#6670));
#6612 = ORIENTED_EDGE('',*,*,#2475,.T.);
#6613 = ORIENTED_EDGE('',*,*,#6614,.T.);
#6614 = EDGE_CURVE('',#2476,#6615,#6617,.T.);
#6615 = VERTEX_POINT('',#6616);
#6616 = CARTESIAN_POINT('',(-0.208842620902,-0.323528094259,3.7200001));
#6617 = SURFACE_CURVE('',#6618,(#6623,#6634),.PCURVE_S1.);
#6618 = CIRCLE('',#6619,0.3775);
#6619 = AXIS2_PLACEMENT_3D('',#6620,#6621,#6622);
#6620 = CARTESIAN_POINT('',(-1.62913693679E-02,1.172176040352E-03,
    3.7200001));
#6621 = DIRECTION('',(9.549396455322E-17,-5.662909480105E-17,-1.));
#6622 = DIRECTION('',(0.510069540489,0.860133166356,-7.421371871181E-32)
  );
#6623 = PCURVE('',#2409,#6624);
#6624 = DEFINITIONAL_REPRESENTATION('',(#6625),#6633);
#6625 = ( BOUNDED_CURVE() B_SPLINE_CURVE(2,(#6626,#6627,#6628,#6629,
#6630,#6631,#6632),.UNSPECIFIED.,.T.,.F.) B_SPLINE_CURVE_WITH_KNOTS((1,2
    ,2,2,2,1),(-2.094395102393,0.,2.094395102393,4.188790204786,
6.28318530718,8.377580409573),.UNSPECIFIED.) CURVE() 
GEOMETRIC_REPRESENTATION_ITEM() RATIONAL_B_SPLINE_CURVE((1.,0.5,1.,0.5,
1.,0.5,1.)) REPRESENTATION_ITEM('') );
#6626 = CARTESIAN_POINT('',(2.152444888992E-16,-2.E-02));
#6627 = CARTESIAN_POINT('',(0.653849179857,-2.E-02));
#6628 = CARTESIAN_POINT('',(0.326924589929,-0.58625));
#6629 = CARTESIAN_POINT('',(2.448389434654E-16,-1.1525));
#6630 = CARTESIAN_POINT('',(-0.326924589929,-0.58625));
#6631 = CARTESIAN_POINT('',(-0.653849179857,-2.E-02));
#6632 = CARTESIAN_POINT('',(2.152444888992E-16,-2.E-02));
#6633 = ( GEOMETRIC_REPRESENTATION_CONTEXT(2) 
PARAMETRIC_REPRESENTATION_CONTEXT() REPRESENTATION_CONTEXT('2D SPACE',''
  ) );
#6634 = PCURVE('',#559,#6635);
#6635 = DEFINITIONAL_REPRESENTATION('',(#6636),#6640);
#6636 = LINE('',#6637,#6638);
#6637 = CARTESIAN_POINT('',(6.28318530718,5.E-02));
#6638 = VECTOR('',#6639,1.);
#6639 = DIRECTION('',(-1.,1.55217502056E-16));
#6640 = ( GEOMETRIC_REPRESENTATION_CONTEXT(2) 
PARAMETRIC_REPRESENTATION_CONTEXT() REPRESENTATION_CONTEXT('2D SPACE',''
  ) );
#6641 = ORIENTED_EDGE('',*,*,#6642,.T.);
#6642 = EDGE_CURVE('',#6615,#3159,#6643,.T.);
#6643 = SURFACE_CURVE('',#6644,(#6649,#6660),.PCURVE_S1.);
#6644 = CIRCLE('',#6645,0.3775);
#6645 = AXIS2_PLACEMENT_3D('',#6646,#6647,#6648);
#6646 = CARTESIAN_POINT('',(-1.62913693679E-02,1.172176040352E-03,
    3.7200001));
#6647 = DIRECTION('',(9.549396455322E-17,-5.662909480105E-17,-1.));
#6648 = DIRECTION('',(0.510069540489,0.860133166356,-7.421371871181E-32)
  );
#6649 = PCURVE('',#2409,#6650);
#6650 = DEFINITIONAL_REPRESENTATION('',(#6651),#6659);
#6651 = ( BOUNDED_CURVE() B_SPLINE_CURVE(2,(#6652,#6653,#6654,#6655,
#6656,#6657,#6658),.UNSPECIFIED.,.T.,.F.) B_SPLINE_CURVE_WITH_KNOTS((1,2
    ,2,2,2,1),(-2.094395102393,0.,2.094395102393,4.188790204786,
6.28318530718,8.377580409573),.UNSPECIFIED.) CURVE() 
GEOMETRIC_REPRESENTATION_ITEM() RATIONAL_B_SPLINE_CURVE((1.,0.5,1.,0.5,
1.,0.5,1.)) REPRESENTATION_ITEM('') );
#6652 = CARTESIAN_POINT('',(2.152444888992E-16,-2.E-02));
#6653 = CARTESIAN_POINT('',(0.653849179857,-2.E-02));
#6654 = CARTESIAN_POINT('',(0.326924589929,-0.58625));
#6655 = CARTESIAN_POINT('',(2.448389434654E-16,-1.1525));
#6656 = CARTESIAN_POINT('',(-0.326924589929,-0.58625));
#6657 = CARTESIAN_POINT('',(-0.653849179857,-2.E-02));
#6658 = CARTESIAN_POINT('',(2.152444888992E-16,-2.E-02));
#6659 = ( GEOMETRIC_REPRESENTATION_CONTEXT(2) 
PARAMETRIC_REPRESENTATION_CONTEXT() REPRESENTATION_CONTEXT('2D SPACE',''
  ) );
#6660 = PCURVE('',#559,#6661);
#6661 = DEFINITIONAL_REPRESENTATION('',(#6662),#6666);
#6662 = LINE('',#6663,#6664);
#6663 = CARTESIAN_POINT('',(12.566370614359,5.E-02));
#6664 = VECTOR('',#6665,1.);
#6665 = DIRECTION('',(-1.,-1.55217502056E-16));
#6666 = ( GEOMETRIC_REPRESENTATION_CONTEXT(2) 
PARAMETRIC_REPRESENTATION_CONTEXT() REPRESENTATION_CONTEXT('2D SPACE',''
  ) );
#6667 = ORIENTED_EDGE('',*,*,#3284,.T.);
#6668 = ORIENTED_EDGE('',*,*,#3510,.T.);
#6669 = ORIENTED_EDGE('',*,*,#6247,.F.);
#6670 = ORIENTED_EDGE('',*,*,#2393,.T.);
#6671 = ADVANCED_FACE('',(#6672),#1754,.T.);
#6672 = FACE_BOUND('',#6673,.T.);
#6673 = EDGE_LOOP('',(#6674,#6675,#6701,#6702,#6703,#6704));
#6674 = ORIENTED_EDGE('',*,*,#1820,.T.);
#6675 = ORIENTED_EDGE('',*,*,#6676,.T.);
#6676 = EDGE_CURVE('',#1821,#2504,#6677,.T.);
#6677 = SURFACE_CURVE('',#6678,(#6683,#6694),.PCURVE_S1.);
#6678 = CIRCLE('',#6679,0.3775);
#6679 = AXIS2_PLACEMENT_3D('',#6680,#6681,#6682);
#6680 = CARTESIAN_POINT('',(-1.62913693679E-02,1.172176040352E-03,
    3.7200001));
#6681 = DIRECTION('',(9.549396455322E-17,-5.662909480105E-17,-1.));
#6682 = DIRECTION('',(0.510069540489,0.860133166356,-7.421371871181E-32)
  );
#6683 = PCURVE('',#1754,#6684);
#6684 = DEFINITIONAL_REPRESENTATION('',(#6685),#6693);
#6685 = ( BOUNDED_CURVE() B_SPLINE_CURVE(2,(#6686,#6687,#6688,#6689,
#6690,#6691,#6692),.UNSPECIFIED.,.T.,.F.) B_SPLINE_CURVE_WITH_KNOTS((1,2
    ,2,2,2,1),(-2.094395102393,0.,2.094395102393,4.188790204786,
6.28318530718,8.377580409573),.UNSPECIFIED.) CURVE() 
GEOMETRIC_REPRESENTATION_ITEM() RATIONAL_B_SPLINE_CURVE((1.,0.5,1.,0.5,
1.,0.5,1.)) REPRESENTATION_ITEM('') );
#6686 = CARTESIAN_POINT('',(2.152444888992E-16,-2.E-02));
#6687 = CARTESIAN_POINT('',(0.653849179857,-2.E-02));
#6688 = CARTESIAN_POINT('',(0.326924589929,-0.58625));
#6689 = CARTESIAN_POINT('',(2.448389434654E-16,-1.1525));
#6690 = CARTESIAN_POINT('',(-0.326924589929,-0.58625));
#6691 = CARTESIAN_POINT('',(-0.653849179857,-2.E-02));
#6692 = CARTESIAN_POINT('',(2.152444888992E-16,-2.E-02));
#6693 = ( GEOMETRIC_REPRESENTATION_CONTEXT(2) 
PARAMETRIC_REPRESENTATION_CONTEXT() REPRESENTATION_CONTEXT('2D SPACE',''
  ) );
#6694 = PCURVE('',#559,#6695);
#6695 = DEFINITIONAL_REPRESENTATION('',(#6696),#6700);
#6696 = LINE('',#6697,#6698);
#6697 = CARTESIAN_POINT('',(6.28318530718,5.E-02));
#6698 = VECTOR('',#6699,1.);
#6699 = DIRECTION('',(-1.,-2.328262530839E-16));
#6700 = ( GEOMETRIC_REPRESENTATION_CONTEXT(2) 
PARAMETRIC_REPRESENTATION_CONTEXT() REPRESENTATION_CONTEXT('2D SPACE',''
  ) );
#6701 = ORIENTED_EDGE('',*,*,#2629,.T.);
#6702 = ORIENTED_EDGE('',*,*,#2855,.T.);
#6703 = ORIENTED_EDGE('',*,*,#6279,.F.);
#6704 = ORIENTED_EDGE('',*,*,#1738,.T.);
#6705 = ADVANCED_FACE('',(#6706),#1099,.T.);
#6706 = FACE_BOUND('',#6707,.T.);
#6707 = EDGE_LOOP('',(#6708,#6709,#6735,#6736,#6737,#6738));
#6708 = ORIENTED_EDGE('',*,*,#1165,.T.);
#6709 = ORIENTED_EDGE('',*,*,#6710,.T.);
#6710 = EDGE_CURVE('',#1166,#1849,#6711,.T.);
#6711 = SURFACE_CURVE('',#6712,(#6717,#6728),.PCURVE_S1.);
#6712 = CIRCLE('',#6713,0.3775);
#6713 = AXIS2_PLACEMENT_3D('',#6714,#6715,#6716);
#6714 = CARTESIAN_POINT('',(-1.62913693679E-02,1.172176040352E-03,
    3.7200001));
#6715 = DIRECTION('',(9.549396455322E-17,-5.662909480105E-17,-1.));
#6716 = DIRECTION('',(0.510069540489,0.860133166356,-7.421371871181E-32)
  );
#6717 = PCURVE('',#1099,#6718);
#6718 = DEFINITIONAL_REPRESENTATION('',(#6719),#6727);
#6719 = ( BOUNDED_CURVE() B_SPLINE_CURVE(2,(#6720,#6721,#6722,#6723,
#6724,#6725,#6726),.UNSPECIFIED.,.T.,.F.) B_SPLINE_CURVE_WITH_KNOTS((1,2
    ,2,2,2,1),(-2.094395102393,0.,2.094395102393,4.188790204786,
6.28318530718,8.377580409573),.UNSPECIFIED.) CURVE() 
GEOMETRIC_REPRESENTATION_ITEM() RATIONAL_B_SPLINE_CURVE((1.,0.5,1.,0.5,
1.,0.5,1.)) REPRESENTATION_ITEM('') );
#6720 = CARTESIAN_POINT('',(2.152444888992E-16,-2.E-02));
#6721 = CARTESIAN_POINT('',(0.653849179857,-2.E-02));
#6722 = CARTESIAN_POINT('',(0.326924589929,-0.58625));
#6723 = CARTESIAN_POINT('',(2.448389434654E-16,-1.1525));
#6724 = CARTESIAN_POINT('',(-0.326924589929,-0.58625));
#6725 = CARTESIAN_POINT('',(-0.653849179857,-2.E-02));
#6726 = CARTESIAN_POINT('',(2.152444888992E-16,-2.E-02));
#6727 = ( GEOMETRIC_REPRESENTATION_CONTEXT(2) 
PARAMETRIC_REPRESENTATION_CONTEXT() REPRESENTATION_CONTEXT('2D SPACE',''
  ) );
#6728 = PCURVE('',#559,#6729);
#6729 = DEFINITIONAL_REPRESENTATION('',(#6730),#6734);
#6730 = LINE('',#6731,#6732);
#6731 = CARTESIAN_POINT('',(6.28318530718,5.E-02));
#6732 = VECTOR('',#6733,1.);
#6733 = DIRECTION('',(-1.,-1.55217502056E-16));
#6734 = ( GEOMETRIC_REPRESENTATION_CONTEXT(2) 
PARAMETRIC_REPRESENTATION_CONTEXT() REPRESENTATION_CONTEXT('2D SPACE',''
  ) );
#6735 = ORIENTED_EDGE('',*,*,#1974,.T.);
#6736 = ORIENTED_EDGE('',*,*,#2200,.T.);
#6737 = ORIENTED_EDGE('',*,*,#6311,.F.);
#6738 = ORIENTED_EDGE('',*,*,#1083,.T.);
#6739 = ADVANCED_FACE('',(#6740),#390,.T.);
#6740 = FACE_BOUND('',#6741,.T.);
#6741 = EDGE_LOOP('',(#6742,#6743,#6769,#6770,#6771,#6772));
#6742 = ORIENTED_EDGE('',*,*,#456,.T.);
#6743 = ORIENTED_EDGE('',*,*,#6744,.T.);
#6744 = EDGE_CURVE('',#457,#1194,#6745,.T.);
#6745 = SURFACE_CURVE('',#6746,(#6751,#6762),.PCURVE_S1.);
#6746 = CIRCLE('',#6747,0.3775);
#6747 = AXIS2_PLACEMENT_3D('',#6748,#6749,#6750);
#6748 = CARTESIAN_POINT('',(-1.62913693679E-02,1.172176040352E-03,
    3.7200001));
#6749 = DIRECTION('',(9.549396455322E-17,-5.662909480105E-17,-1.));
#6750 = DIRECTION('',(0.510069540489,0.860133166356,-7.421371871181E-32)
  );
#6751 = PCURVE('',#390,#6752);
#6752 = DEFINITIONAL_REPRESENTATION('',(#6753),#6761);
#6753 = ( BOUNDED_CURVE() B_SPLINE_CURVE(2,(#6754,#6755,#6756,#6757,
#6758,#6759,#6760),.UNSPECIFIED.,.T.,.F.) B_SPLINE_CURVE_WITH_KNOTS((1,2
    ,2,2,2,1),(-2.094395102393,0.,2.094395102393,4.188790204786,
6.28318530718,8.377580409573),.UNSPECIFIED.) CURVE() 
GEOMETRIC_REPRESENTATION_ITEM() RATIONAL_B_SPLINE_CURVE((1.,0.5,1.,0.5,
1.,0.5,1.)) REPRESENTATION_ITEM('') );
#6754 = CARTESIAN_POINT('',(2.152444888992E-16,-2.E-02));
#6755 = CARTESIAN_POINT('',(0.653849179857,-2.E-02));
#6756 = CARTESIAN_POINT('',(0.326924589929,-0.58625));
#6757 = CARTESIAN_POINT('',(2.448389434654E-16,-1.1525));
#6758 = CARTESIAN_POINT('',(-0.326924589929,-0.58625));
#6759 = CARTESIAN_POINT('',(-0.653849179857,-2.E-02));
#6760 = CARTESIAN_POINT('',(2.152444888992E-16,-2.E-02));
#6761 = ( GEOMETRIC_REPRESENTATION_CONTEXT(2) 
PARAMETRIC_REPRESENTATION_CONTEXT() REPRESENTATION_CONTEXT('2D SPACE',''
  ) );
#6762 = PCURVE('',#559,#6763);
#6763 = DEFINITIONAL_REPRESENTATION('',(#6764),#6768);
#6764 = LINE('',#6765,#6766);
#6765 = CARTESIAN_POINT('',(6.28318530718,5.E-02));
#6766 = VECTOR('',#6767,1.);
#6767 = DIRECTION('',(-1.,-1.55217502056E-16));
#6768 = ( GEOMETRIC_REPRESENTATION_CONTEXT(2) 
PARAMETRIC_REPRESENTATION_CONTEXT() REPRESENTATION_CONTEXT('2D SPACE',''
  ) );
#6769 = ORIENTED_EDGE('',*,*,#1319,.T.);
#6770 = ORIENTED_EDGE('',*,*,#1545,.T.);
#6771 = ORIENTED_EDGE('',*,*,#6343,.F.);
#6772 = ORIENTED_EDGE('',*,*,#374,.T.);
#6773 = ADVANCED_FACE('',(#6774),#632,.T.);
#6774 = FACE_BOUND('',#6775,.T.);
#6775 = EDGE_LOOP('',(#6776,#6777,#6778,#6779,#6802,#6830));
#6776 = ORIENTED_EDGE('',*,*,#615,.T.);
#6777 = ORIENTED_EDGE('',*,*,#890,.T.);
#6778 = ORIENTED_EDGE('',*,*,#6399,.F.);
#6779 = ORIENTED_EDGE('',*,*,#6780,.T.);
#6780 = EDGE_CURVE('',#6377,#6781,#6783,.T.);
#6781 = VERTEX_POINT('',#6782);
#6782 = CARTESIAN_POINT('',(0.246528099912,0.278676199575,3.7200001));
#6783 = SURFACE_CURVE('',#6784,(#6788,#6795),.PCURVE_S1.);
#6784 = LINE('',#6785,#6786);
#6785 = CARTESIAN_POINT('',(0.280113843785,0.314138485089,3.7200001));
#6786 = VECTOR('',#6787,1.);
#6787 = DIRECTION('',(-0.687635601509,-0.726055975485,
    -5.551115123126E-17));
#6788 = PCURVE('',#632,#6789);
#6789 = DEFINITIONAL_REPRESENTATION('',(#6790),#6794);
#6790 = LINE('',#6791,#6792);
#6791 = CARTESIAN_POINT('',(9.531337306856E-02,2.287997323554E-02));
#6792 = VECTOR('',#6793,1.);
#6793 = DIRECTION('',(-0.22111914944,-0.975246800431));
#6794 = ( GEOMETRIC_REPRESENTATION_CONTEXT(2) 
PARAMETRIC_REPRESENTATION_CONTEXT() REPRESENTATION_CONTEXT('2D SPACE',''
  ) );
#6795 = PCURVE('',#5641,#6796);
#6796 = DEFINITIONAL_REPRESENTATION('',(#6797),#6801);
#6797 = LINE('',#6798,#6799);
#6798 = CARTESIAN_POINT('',(4.338923267507E-02,1.08));
#6799 = VECTOR('',#6800,1.);
#6800 = DIRECTION('',(1.,5.551115123126E-17));
#6801 = ( GEOMETRIC_REPRESENTATION_CONTEXT(2) 
PARAMETRIC_REPRESENTATION_CONTEXT() REPRESENTATION_CONTEXT('2D SPACE',''
  ) );
#6802 = ORIENTED_EDGE('',*,*,#6803,.T.);
#6803 = EDGE_CURVE('',#6781,#6804,#6806,.T.);
#6804 = VERTEX_POINT('',#6805);
#6805 = CARTESIAN_POINT('',(0.243198152122,0.275346278094,3.7200001));
#6806 = SURFACE_CURVE('',#6807,(#6812,#6823),.PCURVE_S1.);
#6807 = CIRCLE('',#6808,8.665846684763E-02);
#6808 = AXIS2_PLACEMENT_3D('',#6809,#6810,#6811);
#6809 = CARTESIAN_POINT('',(0.183609202231,0.338265646552,3.7200001));
#6810 = DIRECTION('',(4.429803050914E-17,-4.346888981543E-17,-1.));
#6811 = DIRECTION('',(0.951628261381,-0.307251773209,5.551115123126E-17)
  );
#6812 = PCURVE('',#632,#6813);
#6813 = DEFINITIONAL_REPRESENTATION('',(#6814),#6822);
#6814 = ( BOUNDED_CURVE() B_SPLINE_CURVE(2,(#6815,#6816,#6817,#6818,
#6819,#6820,#6821),.UNSPECIFIED.,.T.,.F.) B_SPLINE_CURVE_WITH_KNOTS((1,2
    ,2,2,2,1),(-2.094395102393,0.,2.094395102393,4.188790204786,
6.28318530718,8.377580409573),.UNSPECIFIED.) CURVE() 
GEOMETRIC_REPRESENTATION_ITEM() RATIONAL_B_SPLINE_CURVE((1.,0.5,1.,0.5,
1.,0.5,1.)) REPRESENTATION_ITEM('') );
#6815 = CARTESIAN_POINT('',(8.451339252341E-02,1.357031332875E-02));
#6816 = CARTESIAN_POINT('',(0.117702684196,-0.132811176442));
#6817 = CARTESIAN_POINT('',(-2.566205042565E-02,-8.83632012782E-02));
#6818 = CARTESIAN_POINT('',(-0.169026785047,-4.391522611459E-02));
#6819 = CARTESIAN_POINT('',(-5.885134209777E-02,5.801828849236E-02));
#6820 = CARTESIAN_POINT('',(5.132410085129E-02,0.159951803099));
#6821 = CARTESIAN_POINT('',(8.451339252341E-02,1.357031332875E-02));
#6822 = ( GEOMETRIC_REPRESENTATION_CONTEXT(2) 
PARAMETRIC_REPRESENTATION_CONTEXT() REPRESENTATION_CONTEXT('2D SPACE',''
  ) );
#6823 = PCURVE('',#5613,#6824);
#6824 = DEFINITIONAL_REPRESENTATION('',(#6825),#6829);
#6825 = LINE('',#6826,#6827);
#6826 = CARTESIAN_POINT('',(-5.551115123126E-17,1.08));
#6827 = VECTOR('',#6828,1.);
#6828 = DIRECTION('',(1.,0.));
#6829 = ( GEOMETRIC_REPRESENTATION_CONTEXT(2) 
PARAMETRIC_REPRESENTATION_CONTEXT() REPRESENTATION_CONTEXT('2D SPACE',''
  ) );
#6830 = ORIENTED_EDGE('',*,*,#6831,.T.);
#6831 = EDGE_CURVE('',#6804,#485,#6832,.T.);
#6832 = SURFACE_CURVE('',#6833,(#6838,#6849),.PCURVE_S1.);
#6833 = CIRCLE('',#6834,0.3775);
#6834 = AXIS2_PLACEMENT_3D('',#6835,#6836,#6837);
#6835 = CARTESIAN_POINT('',(-1.62913693679E-02,1.172176040352E-03,
    3.7200001));
#6836 = DIRECTION('',(9.549396455322E-17,-5.662909480105E-17,-1.));
#6837 = DIRECTION('',(0.510069540489,0.860133166356,-7.421371871181E-32)
  );
#6838 = PCURVE('',#632,#6839);
#6839 = DEFINITIONAL_REPRESENTATION('',(#6840),#6848);
#6840 = ( BOUNDED_CURVE() B_SPLINE_CURVE(2,(#6841,#6842,#6843,#6844,
#6845,#6846,#6847),.UNSPECIFIED.,.T.,.F.) B_SPLINE_CURVE_WITH_KNOTS((1,2
    ,2,2,2,1),(-2.094395102393,0.,2.094395102393,4.188790204786,
6.28318530718,8.377580409573),.UNSPECIFIED.) CURVE() 
GEOMETRIC_REPRESENTATION_ITEM() RATIONAL_B_SPLINE_CURVE((1.,0.5,1.,0.5,
1.,0.5,1.)) REPRESENTATION_ITEM('') );
#6841 = CARTESIAN_POINT('',(2.152444888992E-16,-2.E-02));
#6842 = CARTESIAN_POINT('',(0.653849179857,-2.E-02));
#6843 = CARTESIAN_POINT('',(0.326924589929,-0.58625));
#6844 = CARTESIAN_POINT('',(2.448389434654E-16,-1.1525));
#6845 = CARTESIAN_POINT('',(-0.326924589929,-0.58625));
#6846 = CARTESIAN_POINT('',(-0.653849179857,-2.E-02));
#6847 = CARTESIAN_POINT('',(2.152444888992E-16,-2.E-02));
#6848 = ( GEOMETRIC_REPRESENTATION_CONTEXT(2) 
PARAMETRIC_REPRESENTATION_CONTEXT() REPRESENTATION_CONTEXT('2D SPACE',''
  ) );
#6849 = PCURVE('',#559,#6850);
#6850 = DEFINITIONAL_REPRESENTATION('',(#6851),#6855);
#6851 = LINE('',#6852,#6853);
#6852 = CARTESIAN_POINT('',(6.28318530718,5.E-02));
#6853 = VECTOR('',#6854,1.);
#6854 = DIRECTION('',(-1.,-7.760875102798E-17));
#6855 = ( GEOMETRIC_REPRESENTATION_CONTEXT(2) 
PARAMETRIC_REPRESENTATION_CONTEXT() REPRESENTATION_CONTEXT('2D SPACE',''
  ) );
#6856 = ADVANCED_FACE('',(#6857),#752,.T.);
#6857 = FACE_BOUND('',#6858,.T.);
#6858 = EDGE_LOOP('',(#6859,#6860,#6881,#6882));
#6859 = ORIENTED_EDGE('',*,*,#5653,.F.);
#6860 = ORIENTED_EDGE('',*,*,#6861,.F.);
#6861 = EDGE_CURVE('',#6021,#5626,#6862,.T.);
#6862 = SURFACE_CURVE('',#6863,(#6867,#6874),.PCURVE_S1.);
#6863 = LINE('',#6864,#6865);
#6864 = CARTESIAN_POINT('',(0.309949824894,0.345641496744,4.8000001));
#6865 = VECTOR('',#6866,1.);
#6866 = DIRECTION('',(2.638984874572E-49,-8.19333394335E-32,-1.));
#6867 = PCURVE('',#752,#6868);
#6868 = DEFINITIONAL_REPRESENTATION('',(#6869),#6873);
#6869 = LINE('',#6870,#6871);
#6870 = CARTESIAN_POINT('',(5.020890532191,0.));
#6871 = VECTOR('',#6872,1.);
#6872 = DIRECTION('',(0.,1.));
#6873 = ( GEOMETRIC_REPRESENTATION_CONTEXT(2) 
PARAMETRIC_REPRESENTATION_CONTEXT() REPRESENTATION_CONTEXT('2D SPACE',''
  ) );
#6874 = PCURVE('',#5641,#6875);
#6875 = DEFINITIONAL_REPRESENTATION('',(#6876),#6880);
#6876 = LINE('',#6877,#6878);
#6877 = CARTESIAN_POINT('',(0.,0.));
#6878 = VECTOR('',#6879,1.);
#6879 = DIRECTION('',(2.771460491278E-17,1.));
#6880 = ( GEOMETRIC_REPRESENTATION_CONTEXT(2) 
PARAMETRIC_REPRESENTATION_CONTEXT() REPRESENTATION_CONTEXT('2D SPACE',''
  ) );
#6881 = ORIENTED_EDGE('',*,*,#6020,.F.);
#6882 = ORIENTED_EDGE('',*,*,#736,.F.);
#6883 = ADVANCED_FACE('',(#6884),#5641,.F.);
#6884 = FACE_BOUND('',#6885,.T.);
#6885 = EDGE_LOOP('',(#6886,#6887,#6908,#6909,#6910,#6911));
#6886 = ORIENTED_EDGE('',*,*,#5625,.F.);
#6887 = ORIENTED_EDGE('',*,*,#6888,.F.);
#6888 = EDGE_CURVE('',#6781,#5593,#6889,.T.);
#6889 = SURFACE_CURVE('',#6890,(#6894,#6901),.PCURVE_S1.);
#6890 = LINE('',#6891,#6892);
#6891 = CARTESIAN_POINT('',(0.246528099912,0.278676199575,4.8000001));
#6892 = VECTOR('',#6893,1.);
#6893 = DIRECTION('',(2.638984874572E-49,-8.19333394335E-32,-1.));
#6894 = PCURVE('',#5641,#6895);
#6895 = DEFINITIONAL_REPRESENTATION('',(#6896),#6900);
#6896 = LINE('',#6897,#6898);
#6897 = CARTESIAN_POINT('',(9.223159016649E-02,1.353084311262E-16));
#6898 = VECTOR('',#6899,1.);
#6899 = DIRECTION('',(2.771460491278E-17,1.));
#6900 = ( GEOMETRIC_REPRESENTATION_CONTEXT(2) 
PARAMETRIC_REPRESENTATION_CONTEXT() REPRESENTATION_CONTEXT('2D SPACE',''
  ) );
#6901 = PCURVE('',#5613,#6902);
#6902 = DEFINITIONAL_REPRESENTATION('',(#6903),#6907);
#6903 = LINE('',#6904,#6905);
#6904 = CARTESIAN_POINT('',(0.445923753196,0.));
#6905 = VECTOR('',#6906,1.);
#6906 = DIRECTION('',(0.,1.));
#6907 = ( GEOMETRIC_REPRESENTATION_CONTEXT(2) 
PARAMETRIC_REPRESENTATION_CONTEXT() REPRESENTATION_CONTEXT('2D SPACE',''
  ) );
#6908 = ORIENTED_EDGE('',*,*,#6780,.F.);
#6909 = ORIENTED_EDGE('',*,*,#6376,.F.);
#6910 = ORIENTED_EDGE('',*,*,#6044,.F.);
#6911 = ORIENTED_EDGE('',*,*,#6861,.T.);
#6912 = ADVANCED_FACE('',(#6913),#5613,.F.);
#6913 = FACE_BOUND('',#6914,.F.);
#6914 = EDGE_LOOP('',(#6915,#6916,#6917,#7041,#7042,#7063));
#6915 = ORIENTED_EDGE('',*,*,#6888,.F.);
#6916 = ORIENTED_EDGE('',*,*,#6803,.T.);
#6917 = ORIENTED_EDGE('',*,*,#6918,.T.);
#6918 = EDGE_CURVE('',#6804,#6431,#6919,.T.);
#6919 = SURFACE_CURVE('',#6920,(#6939,#6990),.PCURVE_S1.);
#6920 = B_SPLINE_CURVE_WITH_KNOTS('',3,(#6921,#6922,#6923,#6924,#6925,
    #6926,#6927,#6928,#6929,#6930,#6931,#6932,#6933,#6934,#6935,#6936,
    #6937,#6938),.UNSPECIFIED.,.F.,.F.,(4,2,2,2,2,2,2,2,4),(
    3.689280396767E-02,4.035428098012E-02,4.447304968898E-02,
    4.720286574133E-02,4.993268179369E-02,5.266249784604E-02,
    5.53923138984E-02,5.951108260725E-02,6.29725596197E-02),
  .UNSPECIFIED.);
#6921 = CARTESIAN_POINT('',(0.243198152122,0.275346278094,3.7200001));
#6922 = CARTESIAN_POINT('',(0.237119848901,0.269589708774,3.711641005381
    ));
#6923 = CARTESIAN_POINT('',(0.229806963375,0.26438519912,3.702823925186)
  );
#6924 = CARTESIAN_POINT('',(0.211895539919,0.255640957988,3.684273741552
    ));
#6925 = CARTESIAN_POINT('',(0.200938135095,0.252606827604,3.674675449391
    ));
#6926 = CARTESIAN_POINT('',(0.182169166076,0.251295201615,3.661746754879
    ));
#6927 = CARTESIAN_POINT('',(0.173558147826,0.251719187554,3.656739018543
    ));
#6928 = CARTESIAN_POINT('',(0.156093329094,0.25561542686,3.649734174959)
  );
#6929 = CARTESIAN_POINT('',(0.147234042282,0.259086505006,3.6477501));
#6930 = CARTESIAN_POINT('',(0.131580673451,0.268369145135,3.6477501));
#6931 = CARTESIAN_POINT('',(0.124285528062,0.274477843857,3.649734174959
    ));
#6932 = CARTESIAN_POINT('',(0.112489609363,0.287933581523,3.656739018543
    ));
#6933 = CARTESIAN_POINT('',(0.107987235695,0.295285998182,3.661746754879
    ));
#6934 = CARTESIAN_POINT('',(0.100135440539,0.312384064552,3.674675449391
    ));
#6935 = CARTESIAN_POINT('',(9.754194652142E-02,0.323454044518,
    3.684273741552));
#6936 = CARTESIAN_POINT('',(9.662326878809E-02,0.343364767117,
    3.702823925186));
#6937 = CARTESIAN_POINT('',(9.768230920915E-02,0.352277883791,
    3.711641005381));
#6938 = CARTESIAN_POINT('',(9.981793483434E-02,0.360372509389,3.7200001)
  );
#6939 = PCURVE('',#5613,#6940);
#6940 = DEFINITIONAL_REPRESENTATION('',(#6941),#6989);
#6941 = B_SPLINE_CURVE_WITH_KNOTS('',3,(#6942,#6943,#6944,#6945,#6946,
    #6947,#6948,#6949,#6950,#6951,#6952,#6953,#6954,#6955,#6956,#6957,
    #6958,#6959,#6960,#6961,#6962,#6963,#6964,#6965,#6966,#6967,#6968,
    #6969,#6970,#6971,#6972,#6973,#6974,#6975,#6976,#6977,#6978,#6979,
    #6980,#6981,#6982,#6983,#6984,#6985,#6986,#6987,#6988),
  .UNSPECIFIED.,.F.,.F.,(4,1,1,1,1,1,1,1,1,1,1,1,1,1,1,1,1,1,1,1,1,1,1,1
    ,1,1,1,1,1,1,1,1,1,1,1,1,1,1,1,1,1,1,1,1,4),(3.689280396767E-02,
    3.748552568704E-02,3.80782474064E-02,3.867096912577E-02,
    3.926369084513E-02,3.98564125645E-02,4.044913428386E-02,
    4.104185600322E-02,4.163457772259E-02,4.222729944195E-02,
    4.282002116132E-02,4.341274288068E-02,4.400546460005E-02,
    4.459818631941E-02,4.519090803877E-02,4.578362975814E-02,
    4.63763514775E-02,4.696907319687E-02,4.756179491623E-02,
    4.81545166356E-02,4.874723835496E-02,4.933996007432E-02,
    4.993268179369E-02,5.052540351305E-02,5.111812523242E-02,
    5.171084695178E-02,5.230356867114E-02,5.289629039051E-02,
    5.348901210987E-02,5.408173382924E-02,5.46744555486E-02,
    5.526717726797E-02,5.585989898733E-02,5.645262070669E-02,
    5.704534242606E-02,5.763806414542E-02,5.823078586479E-02,
    5.882350758415E-02,5.941622930352E-02,6.000895102288E-02,
    6.060167274224E-02,6.119439446161E-02,6.178711618097E-02,
    6.237983790034E-02,6.29725596197E-02),.QUASI_UNIFORM_KNOTS.);
#6942 = CARTESIAN_POINT('',(0.500272953466,1.08));
#6943 = CARTESIAN_POINT('',(0.516815342244,1.081431359191));
#6944 = CARTESIAN_POINT('',(0.550248354473,1.084320934954));
#6945 = CARTESIAN_POINT('',(0.601331345817,1.088711642087));
#6946 = CARTESIAN_POINT('',(0.653233715515,1.093134470948));
#6947 = CARTESIAN_POINT('',(0.705851391604,1.097565175639));
#6948 = CARTESIAN_POINT('',(0.759091980464,1.101979599917));
#6949 = CARTESIAN_POINT('',(0.81288011998,1.106353253057));
#6950 = CARTESIAN_POINT('',(0.86715921295,1.110662981072));
#6951 = CARTESIAN_POINT('',(0.921883164747,1.11488522518));
#6952 = CARTESIAN_POINT('',(0.976999232193,1.118995681187));
#6953 = CARTESIAN_POINT('',(1.032474529346,1.12297115803));
#6954 = CARTESIAN_POINT('',(1.088215723939,1.12678475753));
#6955 = CARTESIAN_POINT('',(1.14438353069,1.130423296835));
#6956 = CARTESIAN_POINT('',(1.200234624186,1.133822438906));
#6957 = CARTESIAN_POINT('',(1.258883341898,1.137132969582));
#6958 = CARTESIAN_POINT('',(1.32050924575,1.14030924069));
#6959 = CARTESIAN_POINT('',(1.384443983195,1.143257202609));
#6960 = CARTESIAN_POINT('',(1.450304054551,1.145897621601));
#6961 = CARTESIAN_POINT('',(1.51775856622,1.148140401835));
#6962 = CARTESIAN_POINT('',(1.586417581338,1.149932217614));
#6963 = CARTESIAN_POINT('',(1.655682179154,1.151249724871));
#6964 = CARTESIAN_POINT('',(1.725084547424,1.152062907628));
#6965 = CARTESIAN_POINT('',(1.793758203393,1.152343546186));
#6966 = CARTESIAN_POINT('',(1.862431859362,1.152062907628));
#6967 = CARTESIAN_POINT('',(1.931834227633,1.151249724871));
#6968 = CARTESIAN_POINT('',(2.001098825448,1.149932217614));
#6969 = CARTESIAN_POINT('',(2.069757840566,1.148140401835));
#6970 = CARTESIAN_POINT('',(2.137212352236,1.145897621601));
#6971 = CARTESIAN_POINT('',(2.203072423591,1.143257202609));
#6972 = CARTESIAN_POINT('',(2.267007161036,1.14030924069));
#6973 = CARTESIAN_POINT('',(2.328633064888,1.137132969582));
#6974 = CARTESIAN_POINT('',(2.3872817826,1.133822438906));
#6975 = CARTESIAN_POINT('',(2.443132876097,1.130423296835));
#6976 = CARTESIAN_POINT('',(2.499300682847,1.12678475753));
#6977 = CARTESIAN_POINT('',(2.55504187744,1.12297115803));
#6978 = CARTESIAN_POINT('',(2.610517174593,1.118995681187));
#6979 = CARTESIAN_POINT('',(2.66563324204,1.11488522518));
#6980 = CARTESIAN_POINT('',(2.720357193836,1.110662981072));
#6981 = CARTESIAN_POINT('',(2.774636286807,1.106353253057));
#6982 = CARTESIAN_POINT('',(2.828424426323,1.101979599917));
#6983 = CARTESIAN_POINT('',(2.881665015182,1.097565175639));
#6984 = CARTESIAN_POINT('',(2.934282691272,1.093134470948));
#6985 = CARTESIAN_POINT('',(2.986185060969,1.088711642087));
#6986 = CARTESIAN_POINT('',(3.037268052313,1.084320934954));
#6987 = CARTESIAN_POINT('',(3.070701064542,1.081431359191));
#6988 = CARTESIAN_POINT('',(3.08724345332,1.08));
#6989 = ( GEOMETRIC_REPRESENTATION_CONTEXT(2) 
PARAMETRIC_REPRESENTATION_CONTEXT() REPRESENTATION_CONTEXT('2D SPACE',''
  ) );
#6990 = PCURVE('',#559,#6991);
#6991 = DEFINITIONAL_REPRESENTATION('',(#6992),#7040);
#6992 = B_SPLINE_CURVE_WITH_KNOTS('',3,(#6993,#6994,#6995,#6996,#6997,
    #6998,#6999,#7000,#7001,#7002,#7003,#7004,#7005,#7006,#7007,#7008,
    #7009,#7010,#7011,#7012,#7013,#7014,#7015,#7016,#7017,#7018,#7019,
    #7020,#7021,#7022,#7023,#7024,#7025,#7026,#7027,#7028,#7029,#7030,
    #7031,#7032,#7033,#7034,#7035,#7036,#7037,#7038,#7039),
  .UNSPECIFIED.,.F.,.F.,(4,1,1,1,1,1,1,1,1,1,1,1,1,1,1,1,1,1,1,1,1,1,1,1
    ,1,1,1,1,1,1,1,1,1,1,1,1,1,1,1,1,1,1,1,1,4),(3.689280396767E-02,
    3.748552568704E-02,3.80782474064E-02,3.867096912577E-02,
    3.926369084513E-02,3.98564125645E-02,4.044913428386E-02,
    4.104185600322E-02,4.163457772259E-02,4.222729944195E-02,
    4.282002116132E-02,4.341274288068E-02,4.400546460005E-02,
    4.459818631941E-02,4.519090803877E-02,4.578362975814E-02,
    4.63763514775E-02,4.696907319687E-02,4.756179491623E-02,
    4.81545166356E-02,4.874723835496E-02,4.933996007432E-02,
    4.993268179369E-02,5.052540351305E-02,5.111812523242E-02,
    5.171084695178E-02,5.230356867114E-02,5.289629039051E-02,
    5.348901210987E-02,5.408173382924E-02,5.46744555486E-02,
    5.526717726797E-02,5.585989898733E-02,5.645262070669E-02,
    5.704534242606E-02,5.763806414542E-02,5.823078586479E-02,
    5.882350758415E-02,5.941622930352E-02,6.000895102288E-02,
    6.060167274224E-02,6.119439446161E-02,6.178711618097E-02,
    6.237983790034E-02,6.29725596197E-02),.QUASI_UNIFORM_KNOTS.);
#6993 = CARTESIAN_POINT('',(6.060562386693,5.E-02));
#6994 = CARTESIAN_POINT('',(6.060770121134,4.856866202331E-02));
#6995 = CARTESIAN_POINT('',(6.061387909745,4.567937550601E-02));
#6996 = CARTESIAN_POINT('',(6.06296086733,4.128935938104E-02));
#6997 = CARTESIAN_POINT('',(6.065218659187,3.686689029655E-02));
#6998 = CARTESIAN_POINT('',(6.068202490502,3.243599347863E-02));
#6999 = CARTESIAN_POINT('',(6.071954506096,2.802092868392E-02));
#7000 = CARTESIAN_POINT('',(6.076519182919,2.364653041091E-02));
#7001 = CARTESIAN_POINT('',(6.08193674353,1.93371881917E-02));
#7002 = CARTESIAN_POINT('',(6.088217891984,1.511566181646E-02));
#7003 = CARTESIAN_POINT('',(6.095373048632,1.100567689429E-02));
#7004 = CARTESIAN_POINT('',(6.103412651389,7.030172396556E-03));
#7005 = CARTESIAN_POINT('',(6.112330189415,3.216082266518E-03));
#7006 = CARTESIAN_POINT('',(6.122164860903,-4.231432845462E-04));
#7007 = CARTESIAN_POINT('',(6.132762656962,-3.822547694592E-03));
#7008 = CARTESIAN_POINT('',(6.144749464595,-7.132583601777E-03));
#7009 = CARTESIAN_POINT('',(6.158228466065,-1.030837812497E-02));
#7010 = CARTESIAN_POINT('',(6.173099174734,-1.325618683269E-02));
#7011 = CARTESIAN_POINT('',(6.18928463125,-1.589687051975E-02));
#7012 = CARTESIAN_POINT('',(6.206685801511,-1.814153229421E-02));
#7013 = CARTESIAN_POINT('',(6.225089545218,-1.9936595448E-02));
#7014 = CARTESIAN_POINT('',(6.244185378746,-2.125441446879E-02));
#7015 = CARTESIAN_POINT('',(6.263689898124,-2.206488855732E-02));
#7016 = CARTESIAN_POINT('',(6.28318530718,-2.234255572134E-02));
#7017 = CARTESIAN_POINT('',(6.302680716235,-2.206488855732E-02));
#7018 = CARTESIAN_POINT('',(6.322185235613,-2.125441446879E-02));
#7019 = CARTESIAN_POINT('',(6.341281069141,-1.9936595448E-02));
#7020 = CARTESIAN_POINT('',(6.359684812848,-1.814153229421E-02));
#7021 = CARTESIAN_POINT('',(6.377085983109,-1.589687051975E-02));
#7022 = CARTESIAN_POINT('',(6.393271439625,-1.325618683269E-02));
#7023 = CARTESIAN_POINT('',(6.408142148294,-1.030837812497E-02));
#7024 = CARTESIAN_POINT('',(6.421621149765,-7.132583601777E-03));
#7025 = CARTESIAN_POINT('',(6.433607957397,-3.822547694592E-03));
#7026 = CARTESIAN_POINT('',(6.444205753456,-4.231432845462E-04));
#7027 = CARTESIAN_POINT('',(6.454040424944,3.216082266518E-03));
#7028 = CARTESIAN_POINT('',(6.46295796297,7.030172396556E-03));
#7029 = CARTESIAN_POINT('',(6.470997565727,1.100567689429E-02));
#7030 = CARTESIAN_POINT('',(6.478152722376,1.511566181646E-02));
#7031 = CARTESIAN_POINT('',(6.48443387083,1.93371881917E-02));
#7032 = CARTESIAN_POINT('',(6.48985143144,2.364653041091E-02));
#7033 = CARTESIAN_POINT('',(6.494416108263,2.802092868392E-02));
#7034 = CARTESIAN_POINT('',(6.498168123857,3.243599347863E-02));
#7035 = CARTESIAN_POINT('',(6.501151955172,3.686689029655E-02));
#7036 = CARTESIAN_POINT('',(6.503409747029,4.128935938105E-02));
#7037 = CARTESIAN_POINT('',(6.504982704614,4.567937550601E-02));
#7038 = CARTESIAN_POINT('',(6.505600493225,4.856866202331E-02));
#7039 = CARTESIAN_POINT('',(6.505808227667,5.E-02));
#7040 = ( GEOMETRIC_REPRESENTATION_CONTEXT(2) 
PARAMETRIC_REPRESENTATION_CONTEXT() REPRESENTATION_CONTEXT('2D SPACE',''
  ) );
#7041 = ORIENTED_EDGE('',*,*,#6458,.T.);
#7042 = ORIENTED_EDGE('',*,*,#7043,.T.);
#7043 = EDGE_CURVE('',#6459,#5565,#7044,.T.);
#7044 = SURFACE_CURVE('',#7045,(#7049,#7056),.PCURVE_S1.);
#7045 = LINE('',#7046,#7047);
#7046 = CARTESIAN_POINT('',(0.10114255609,0.364891614154,4.8000001));
#7047 = VECTOR('',#7048,1.);
#7048 = DIRECTION('',(2.638984874572E-49,-8.19333394335E-32,-1.));
#7049 = PCURVE('',#5613,#7050);
#7050 = DEFINITIONAL_REPRESENTATION('',(#7051),#7055);
#7051 = LINE('',#7052,#7053);
#7052 = CARTESIAN_POINT('',(3.14159265359,0.));
#7053 = VECTOR('',#7054,1.);
#7054 = DIRECTION('',(0.,1.));
#7055 = ( GEOMETRIC_REPRESENTATION_CONTEXT(2) 
PARAMETRIC_REPRESENTATION_CONTEXT() REPRESENTATION_CONTEXT('2D SPACE',''
  ) );
#7056 = PCURVE('',#5580,#7057);
#7057 = DEFINITIONAL_REPRESENTATION('',(#7058),#7062);
#7058 = LINE('',#7059,#7060);
#7059 = CARTESIAN_POINT('',(0.,0.));
#7060 = VECTOR('',#7061,1.);
#7061 = DIRECTION('',(1.152469948665E-17,1.));
#7062 = ( GEOMETRIC_REPRESENTATION_CONTEXT(2) 
PARAMETRIC_REPRESENTATION_CONTEXT() REPRESENTATION_CONTEXT('2D SPACE',''
  ) );
#7063 = ORIENTED_EDGE('',*,*,#5592,.T.);
#7064 = ADVANCED_FACE('',(#7065),#4947,.T.);
#7065 = FACE_BOUND('',#7066,.T.);
#7066 = EDGE_LOOP('',(#7067,#7068,#7069,#7070));
#7067 = ORIENTED_EDGE('',*,*,#5540,.F.);
#7068 = ORIENTED_EDGE('',*,*,#4933,.F.);
#7069 = ORIENTED_EDGE('',*,*,#5762,.F.);
#7070 = ORIENTED_EDGE('',*,*,#7071,.T.);
#7071 = EDGE_CURVE('',#5740,#5541,#7072,.T.);
#7072 = SURFACE_CURVE('',#7073,(#7077,#7084),.PCURVE_S1.);
#7073 = LINE('',#7074,#7075);
#7074 = CARTESIAN_POINT('',(0.129480875715,0.452661801949,4.8000001));
#7075 = VECTOR('',#7076,1.);
#7076 = DIRECTION('',(2.638984874572E-49,-8.19333394335E-32,-1.));
#7077 = PCURVE('',#4947,#7078);
#7078 = DEFINITIONAL_REPRESENTATION('',(#7079),#7083);
#7079 = LINE('',#7080,#7081);
#7080 = CARTESIAN_POINT('',(6.28318530718,0.));
#7081 = VECTOR('',#7082,1.);
#7082 = DIRECTION('',(0.,1.));
#7083 = ( GEOMETRIC_REPRESENTATION_CONTEXT(2) 
PARAMETRIC_REPRESENTATION_CONTEXT() REPRESENTATION_CONTEXT('2D SPACE',''
  ) );
#7084 = PCURVE('',#5580,#7085);
#7085 = DEFINITIONAL_REPRESENTATION('',(#7086),#7090);
#7086 = LINE('',#7087,#7088);
#7087 = CARTESIAN_POINT('',(9.223159016649E-02,-2.012279232133E-16));
#7088 = VECTOR('',#7089,1.);
#7089 = DIRECTION('',(1.152469948665E-17,1.));
#7090 = ( GEOMETRIC_REPRESENTATION_CONTEXT(2) 
PARAMETRIC_REPRESENTATION_CONTEXT() REPRESENTATION_CONTEXT('2D SPACE',''
  ) );
#7091 = ADVANCED_FACE('',(#7092),#5580,.F.);
#7092 = FACE_BOUND('',#7093,.T.);
#7093 = EDGE_LOOP('',(#7094,#7095,#7096,#7097,#7098,#7099));
#7094 = ORIENTED_EDGE('',*,*,#5564,.F.);
#7095 = ORIENTED_EDGE('',*,*,#7071,.F.);
#7096 = ORIENTED_EDGE('',*,*,#5739,.F.);
#7097 = ORIENTED_EDGE('',*,*,#6125,.F.);
#7098 = ORIENTED_EDGE('',*,*,#6486,.F.);
#7099 = ORIENTED_EDGE('',*,*,#7043,.T.);
#7100 = ADVANCED_FACE('',(#7101),#559,.F.);
#7101 = FACE_BOUND('',#7102,.F.);
#7102 = EDGE_LOOP('',(#7103,#7104,#7105,#7106,#7107,#7108,#7109,#7110,
    #7133,#7160,#7161,#7162,#7163,#7164,#7165,#7166,#7167,#7168,#7169,
    #7170,#7171,#7172));
#7103 = ORIENTED_EDGE('',*,*,#6744,.T.);
#7104 = ORIENTED_EDGE('',*,*,#1193,.F.);
#7105 = ORIENTED_EDGE('',*,*,#6710,.T.);
#7106 = ORIENTED_EDGE('',*,*,#1848,.F.);
#7107 = ORIENTED_EDGE('',*,*,#6676,.T.);
#7108 = ORIENTED_EDGE('',*,*,#2503,.F.);
#7109 = ORIENTED_EDGE('',*,*,#6614,.T.);
#7110 = ORIENTED_EDGE('',*,*,#7111,.T.);
#7111 = EDGE_CURVE('',#6615,#7112,#7114,.T.);
#7112 = VERTEX_POINT('',#7113);
#7113 = CARTESIAN_POINT('',(-0.157835666854,-0.237514777623,3.6200001));
#7114 = SEAM_CURVE('',#7115,(#7119,#7126),.PCURVE_S1.);
#7115 = LINE('',#7116,#7117);
#7116 = CARTESIAN_POINT('',(-0.183339143878,-0.280521435941,3.6700001));
#7117 = VECTOR('',#7118,1.);
#7118 = DIRECTION('',(0.360673630956,0.608205994654,-0.707106781187));
#7119 = PCURVE('',#559,#7120);
#7120 = DEFINITIONAL_REPRESENTATION('',(#7121),#7125);
#7121 = LINE('',#7122,#7123);
#7122 = CARTESIAN_POINT('',(3.14159265359,-1.962615573355E-17));
#7123 = VECTOR('',#7124,1.);
#7124 = DIRECTION('',(0.,-1.));
#7125 = ( GEOMETRIC_REPRESENTATION_CONTEXT(2) 
PARAMETRIC_REPRESENTATION_CONTEXT() REPRESENTATION_CONTEXT('2D SPACE',''
  ) );
#7126 = PCURVE('',#559,#7127);
#7127 = DEFINITIONAL_REPRESENTATION('',(#7128),#7132);
#7128 = LINE('',#7129,#7130);
#7129 = CARTESIAN_POINT('',(9.424777960769,-1.962615573355E-17));
#7130 = VECTOR('',#7131,1.);
#7131 = DIRECTION('',(0.,-1.));
#7132 = ( GEOMETRIC_REPRESENTATION_CONTEXT(2) 
PARAMETRIC_REPRESENTATION_CONTEXT() REPRESENTATION_CONTEXT('2D SPACE',''
  ) );
#7133 = ORIENTED_EDGE('',*,*,#7134,.F.);
#7134 = EDGE_CURVE('',#7112,#7112,#7135,.T.);
#7135 = SURFACE_CURVE('',#7136,(#7141,#7148),.PCURVE_S1.);
#7136 = CIRCLE('',#7137,0.2775);
#7137 = AXIS2_PLACEMENT_3D('',#7138,#7139,#7140);
#7138 = CARTESIAN_POINT('',(-1.62913693679E-02,1.172176040352E-03,
    3.6200001));
#7139 = DIRECTION('',(9.549396455322E-17,-5.662909480105E-17,-1.));
#7140 = DIRECTION('',(0.860133166356,-0.510069540489,1.110223024625E-16)
  );
#7141 = PCURVE('',#559,#7142);
#7142 = DEFINITIONAL_REPRESENTATION('',(#7143),#7147);
#7143 = LINE('',#7144,#7145);
#7144 = CARTESIAN_POINT('',(10.995574287564,-5.E-02));
#7145 = VECTOR('',#7146,1.);
#7146 = DIRECTION('',(-1.,0.));
#7147 = ( GEOMETRIC_REPRESENTATION_CONTEXT(2) 
PARAMETRIC_REPRESENTATION_CONTEXT() REPRESENTATION_CONTEXT('2D SPACE',''
  ) );
#7148 = PCURVE('',#7149,#7154);
#7149 = PLANE('',#7150);
#7150 = AXIS2_PLACEMENT_3D('',#7151,#7152,#7153);
#7151 = CARTESIAN_POINT('',(0.111226015754,0.216205467629,3.6200001));
#7152 = DIRECTION('',(2.638984874572E-49,-8.19333394335E-32,-1.));
#7153 = DIRECTION('',(-0.860133166356,0.510069540489,-1.110223024625E-16
    ));
#7154 = DEFINITIONAL_REPRESENTATION('',(#7155),#7159);
#7155 = CIRCLE('',#7156,0.2775);
#7156 = AXIS2_PLACEMENT_2D('',#7157,#7158);
#7157 = CARTESIAN_POINT('',(2.775557561563E-16,-0.25));
#7158 = DIRECTION('',(-1.,-5.551115123126E-17));
#7159 = ( GEOMETRIC_REPRESENTATION_CONTEXT(2) 
PARAMETRIC_REPRESENTATION_CONTEXT() REPRESENTATION_CONTEXT('2D SPACE',''
  ) );
#7160 = ORIENTED_EDGE('',*,*,#7111,.F.);
#7161 = ORIENTED_EDGE('',*,*,#6642,.T.);
#7162 = ORIENTED_EDGE('',*,*,#3158,.F.);
#7163 = ORIENTED_EDGE('',*,*,#6580,.T.);
#7164 = ORIENTED_EDGE('',*,*,#3813,.F.);
#7165 = ORIENTED_EDGE('',*,*,#6550,.T.);
#7166 = ORIENTED_EDGE('',*,*,#4468,.F.);
#7167 = ORIENTED_EDGE('',*,*,#6512,.T.);
#7168 = ORIENTED_EDGE('',*,*,#5123,.F.);
#7169 = ORIENTED_EDGE('',*,*,#6430,.T.);
#7170 = ORIENTED_EDGE('',*,*,#6918,.F.);
#7171 = ORIENTED_EDGE('',*,*,#6831,.T.);
#7172 = ORIENTED_EDGE('',*,*,#484,.F.);
#7173 = ADVANCED_FACE('',(#7174,#7177),#7149,.F.);
#7174 = FACE_BOUND('',#7175,.T.);
#7175 = EDGE_LOOP('',(#7176));
#7176 = ORIENTED_EDGE('',*,*,#7134,.F.);
#7177 = FACE_BOUND('',#7178,.T.);
#7178 = EDGE_LOOP('',(#7179));
#7179 = ORIENTED_EDGE('',*,*,#7180,.T.);
#7180 = EDGE_CURVE('',#7181,#7181,#7183,.T.);
#7181 = VERTEX_POINT('',#7182);
#7182 = CARTESIAN_POINT('',(-0.14380875449,-0.213861115549,3.6200001));
#7183 = SURFACE_CURVE('',#7184,(#7189,#7196),.PCURVE_S1.);
#7184 = CIRCLE('',#7185,0.25);
#7185 = AXIS2_PLACEMENT_3D('',#7186,#7187,#7188);
#7186 = CARTESIAN_POINT('',(-1.62913693679E-02,1.172176040352E-03,
    3.6200001));
#7187 = DIRECTION('',(9.549396455322E-17,-5.662909480105E-17,-1.));
#7188 = DIRECTION('',(0.860133166356,-0.510069540489,1.110223024625E-16)
  );
#7189 = PCURVE('',#7149,#7190);
#7190 = DEFINITIONAL_REPRESENTATION('',(#7191),#7195);
#7191 = CIRCLE('',#7192,0.25);
#7192 = AXIS2_PLACEMENT_2D('',#7193,#7194);
#7193 = CARTESIAN_POINT('',(2.775557561563E-16,-0.25));
#7194 = DIRECTION('',(-1.,-5.551115123126E-17));
#7195 = ( GEOMETRIC_REPRESENTATION_CONTEXT(2) 
PARAMETRIC_REPRESENTATION_CONTEXT() REPRESENTATION_CONTEXT('2D SPACE',''
  ) );
#7196 = PCURVE('',#7197,#7202);
#7197 = CYLINDRICAL_SURFACE('',#7198,0.25);
#7198 = AXIS2_PLACEMENT_3D('',#7199,#7200,#7201);
#7199 = CARTESIAN_POINT('',(-1.62913693679E-02,1.172176040352E-03,
    4.2350001));
#7200 = DIRECTION('',(2.638984874572E-49,-8.19333394335E-32,-1.));
#7201 = DIRECTION('',(0.510069540489,0.860133166356,-7.421371871181E-32)
  );
#7202 = DEFINITIONAL_REPRESENTATION('',(#7203),#7207);
#7203 = LINE('',#7204,#7205);
#7204 = CARTESIAN_POINT('',(-4.712388980385,0.615));
#7205 = VECTOR('',#7206,1.);
#7206 = DIRECTION('',(1.,0.));
#7207 = ( GEOMETRIC_REPRESENTATION_CONTEXT(2) 
PARAMETRIC_REPRESENTATION_CONTEXT() REPRESENTATION_CONTEXT('2D SPACE',''
  ) );
#7208 = ADVANCED_FACE('',(#7209,#7244),#158,.T.);
#7209 = FACE_BOUND('',#7210,.T.);
#7210 = EDGE_LOOP('',(#7211));
#7211 = ORIENTED_EDGE('',*,*,#7212,.F.);
#7212 = EDGE_CURVE('',#7213,#7213,#7215,.T.);
#7213 = VERTEX_POINT('',#7214);
#7214 = CARTESIAN_POINT('',(-0.118305277466,-0.170854457231,4.8000001));
#7215 = SURFACE_CURVE('',#7216,(#7221,#7232),.PCURVE_S1.);
#7216 = CIRCLE('',#7217,0.2);
#7217 = AXIS2_PLACEMENT_3D('',#7218,#7219,#7220);
#7218 = CARTESIAN_POINT('',(-1.62913693679E-02,1.172176040352E-03,
    4.8000001));
#7219 = DIRECTION('',(9.549396455322E-17,-5.662909480105E-17,-1.));
#7220 = DIRECTION('',(0.860133166356,-0.510069540489,1.110223024625E-16)
  );
#7221 = PCURVE('',#158,#7222);
#7222 = DEFINITIONAL_REPRESENTATION('',(#7223),#7231);
#7223 = ( BOUNDED_CURVE() B_SPLINE_CURVE(2,(#7224,#7225,#7226,#7227,
#7228,#7229,#7230),.UNSPECIFIED.,.T.,.F.) B_SPLINE_CURVE_WITH_KNOTS((1,2
    ,2,2,2,1),(-2.094395102393,0.,2.094395102393,4.188790204786,
6.28318530718,8.377580409573),.UNSPECIFIED.) CURVE() 
GEOMETRIC_REPRESENTATION_ITEM() RATIONAL_B_SPLINE_CURVE((1.,0.5,1.,0.5,
1.,0.5,1.)) REPRESENTATION_ITEM('') );
#7224 = CARTESIAN_POINT('',(0.2,-0.2));
#7225 = CARTESIAN_POINT('',(0.2,-0.546410161514));
#7226 = CARTESIAN_POINT('',(-0.1,-0.373205080757));
#7227 = CARTESIAN_POINT('',(-0.4,-0.2));
#7228 = CARTESIAN_POINT('',(-0.1,-2.679491924311E-02));
#7229 = CARTESIAN_POINT('',(0.2,0.146410161514));
#7230 = CARTESIAN_POINT('',(0.2,-0.2));
#7231 = ( GEOMETRIC_REPRESENTATION_CONTEXT(2) 
PARAMETRIC_REPRESENTATION_CONTEXT() REPRESENTATION_CONTEXT('2D SPACE',''
  ) );
#7232 = PCURVE('',#7233,#7238);
#7233 = CONICAL_SURFACE('',#7234,0.225,0.785398163397);
#7234 = AXIS2_PLACEMENT_3D('',#7235,#7236,#7237);
#7235 = CARTESIAN_POINT('',(-1.62913693679E-02,1.172176040352E-03,
    4.7750001));
#7236 = DIRECTION('',(2.638984874572E-49,-8.19333394335E-32,-1.));
#7237 = DIRECTION('',(0.510069540489,0.860133166356,-7.421371871181E-32)
  );
#7238 = DEFINITIONAL_REPRESENTATION('',(#7239),#7243);
#7239 = LINE('',#7240,#7241);
#7240 = CARTESIAN_POINT('',(-4.712388980385,-2.5E-02));
#7241 = VECTOR('',#7242,1.);
#7242 = DIRECTION('',(1.,0.));
#7243 = ( GEOMETRIC_REPRESENTATION_CONTEXT(2) 
PARAMETRIC_REPRESENTATION_CONTEXT() REPRESENTATION_CONTEXT('2D SPACE',''
  ) );
#7244 = FACE_BOUND('',#7245,.T.);
#7245 = EDGE_LOOP('',(#7246));
#7246 = ORIENTED_EDGE('',*,*,#141,.T.);
#7247 = ADVANCED_FACE('',(#7248),#7233,.T.);
#7248 = FACE_BOUND('',#7249,.T.);
#7249 = EDGE_LOOP('',(#7250,#7274,#7295,#7296));
#7250 = ORIENTED_EDGE('',*,*,#7251,.F.);
#7251 = EDGE_CURVE('',#7252,#7252,#7254,.T.);
#7252 = VERTEX_POINT('',#7253);
#7253 = CARTESIAN_POINT('',(-0.14380875449,-0.213861115549,4.7500001));
#7254 = SURFACE_CURVE('',#7255,(#7260,#7267),.PCURVE_S1.);
#7255 = CIRCLE('',#7256,0.25);
#7256 = AXIS2_PLACEMENT_3D('',#7257,#7258,#7259);
#7257 = CARTESIAN_POINT('',(-1.62913693679E-02,1.172176040352E-03,
    4.7500001));
#7258 = DIRECTION('',(9.549396455322E-17,-5.662909480105E-17,-1.));
#7259 = DIRECTION('',(0.860133166356,-0.510069540489,1.110223024625E-16)
  );
#7260 = PCURVE('',#7233,#7261);
#7261 = DEFINITIONAL_REPRESENTATION('',(#7262),#7266);
#7262 = LINE('',#7263,#7264);
#7263 = CARTESIAN_POINT('',(-4.712388980385,2.5E-02));
#7264 = VECTOR('',#7265,1.);
#7265 = DIRECTION('',(1.,0.));
#7266 = ( GEOMETRIC_REPRESENTATION_CONTEXT(2) 
PARAMETRIC_REPRESENTATION_CONTEXT() REPRESENTATION_CONTEXT('2D SPACE',''
  ) );
#7267 = PCURVE('',#7197,#7268);
#7268 = DEFINITIONAL_REPRESENTATION('',(#7269),#7273);
#7269 = LINE('',#7270,#7271);
#7270 = CARTESIAN_POINT('',(-4.712388980385,-0.515));
#7271 = VECTOR('',#7272,1.);
#7272 = DIRECTION('',(1.,0.));
#7273 = ( GEOMETRIC_REPRESENTATION_CONTEXT(2) 
PARAMETRIC_REPRESENTATION_CONTEXT() REPRESENTATION_CONTEXT('2D SPACE',''
  ) );
#7274 = ORIENTED_EDGE('',*,*,#7275,.T.);
#7275 = EDGE_CURVE('',#7252,#7213,#7276,.T.);
#7276 = SEAM_CURVE('',#7277,(#7281,#7288),.PCURVE_S1.);
#7277 = LINE('',#7278,#7279);
#7278 = CARTESIAN_POINT('',(-0.131057015978,-0.19235778639,4.7750001));
#7279 = VECTOR('',#7280,1.);
#7280 = DIRECTION('',(0.360673630956,0.608205994654,0.707106781187));
#7281 = PCURVE('',#7233,#7282);
#7282 = DEFINITIONAL_REPRESENTATION('',(#7283),#7287);
#7283 = LINE('',#7284,#7285);
#7284 = CARTESIAN_POINT('',(-3.14159265359,-9.813077866774E-18));
#7285 = VECTOR('',#7286,1.);
#7286 = DIRECTION('',(0.,-1.));
#7287 = ( GEOMETRIC_REPRESENTATION_CONTEXT(2) 
PARAMETRIC_REPRESENTATION_CONTEXT() REPRESENTATION_CONTEXT('2D SPACE',''
  ) );
#7288 = PCURVE('',#7233,#7289);
#7289 = DEFINITIONAL_REPRESENTATION('',(#7290),#7294);
#7290 = LINE('',#7291,#7292);
#7291 = CARTESIAN_POINT('',(3.14159265359,-9.813077866774E-18));
#7292 = VECTOR('',#7293,1.);
#7293 = DIRECTION('',(0.,-1.));
#7294 = ( GEOMETRIC_REPRESENTATION_CONTEXT(2) 
PARAMETRIC_REPRESENTATION_CONTEXT() REPRESENTATION_CONTEXT('2D SPACE',''
  ) );
#7295 = ORIENTED_EDGE('',*,*,#7212,.T.);
#7296 = ORIENTED_EDGE('',*,*,#7275,.F.);
#7297 = ADVANCED_FACE('',(#7298),#7197,.T.);
#7298 = FACE_BOUND('',#7299,.T.);
#7299 = EDGE_LOOP('',(#7300,#7301,#7322,#7323));
#7300 = ORIENTED_EDGE('',*,*,#7180,.F.);
#7301 = ORIENTED_EDGE('',*,*,#7302,.T.);
#7302 = EDGE_CURVE('',#7181,#7252,#7303,.T.);
#7303 = SEAM_CURVE('',#7304,(#7308,#7315),.PCURVE_S1.);
#7304 = LINE('',#7305,#7306);
#7305 = CARTESIAN_POINT('',(-0.14380875449,-0.213861115549,4.2350001));
#7306 = VECTOR('',#7307,1.);
#7307 = DIRECTION('',(-2.638984874572E-49,8.19333394335E-32,1.));
#7308 = PCURVE('',#7197,#7309);
#7309 = DEFINITIONAL_REPRESENTATION('',(#7310),#7314);
#7310 = LINE('',#7311,#7312);
#7311 = CARTESIAN_POINT('',(-3.14159265359,0.));
#7312 = VECTOR('',#7313,1.);
#7313 = DIRECTION('',(0.,-1.));
#7314 = ( GEOMETRIC_REPRESENTATION_CONTEXT(2) 
PARAMETRIC_REPRESENTATION_CONTEXT() REPRESENTATION_CONTEXT('2D SPACE',''
  ) );
#7315 = PCURVE('',#7197,#7316);
#7316 = DEFINITIONAL_REPRESENTATION('',(#7317),#7321);
#7317 = LINE('',#7318,#7319);
#7318 = CARTESIAN_POINT('',(3.14159265359,0.));
#7319 = VECTOR('',#7320,1.);
#7320 = DIRECTION('',(0.,-1.));
#7321 = ( GEOMETRIC_REPRESENTATION_CONTEXT(2) 
PARAMETRIC_REPRESENTATION_CONTEXT() REPRESENTATION_CONTEXT('2D SPACE',''
  ) );
#7322 = ORIENTED_EDGE('',*,*,#7251,.T.);
#7323 = ORIENTED_EDGE('',*,*,#7302,.F.);
#7324 = ADVANCED_FACE('',(#7325),#5694,.T.);
#7325 = FACE_BOUND('',#7326,.T.);
#7326 = EDGE_LOOP('',(#7327,#7356,#7377,#7378));
#7327 = ORIENTED_EDGE('',*,*,#7328,.F.);
#7328 = EDGE_CURVE('',#7329,#7329,#7331,.T.);
#7329 = VERTEX_POINT('',#7330);
#7330 = CARTESIAN_POINT('',(-0.156560493002,-0.235364444708,1.6700001));
#7331 = SURFACE_CURVE('',#7332,(#7337,#7344),.PCURVE_S1.);
#7332 = CIRCLE('',#7333,0.275);
#7333 = AXIS2_PLACEMENT_3D('',#7334,#7335,#7336);
#7334 = CARTESIAN_POINT('',(-1.62913693679E-02,1.172176040352E-03,
    1.6700001));
#7335 = DIRECTION('',(9.549396455322E-17,-5.662909480105E-17,-1.));
#7336 = DIRECTION('',(0.860133166356,-0.510069540489,1.110223024625E-16)
  );
#7337 = PCURVE('',#5694,#7338);
#7338 = DEFINITIONAL_REPRESENTATION('',(#7339),#7343);
#7339 = LINE('',#7340,#7341);
#7340 = CARTESIAN_POINT('',(-4.712388980385,0.12));
#7341 = VECTOR('',#7342,1.);
#7342 = DIRECTION('',(1.,0.));
#7343 = ( GEOMETRIC_REPRESENTATION_CONTEXT(2) 
PARAMETRIC_REPRESENTATION_CONTEXT() REPRESENTATION_CONTEXT('2D SPACE',''
  ) );
#7344 = PCURVE('',#7345,#7350);
#7345 = CONICAL_SURFACE('',#7346,0.26,0.785398163397);
#7346 = AXIS2_PLACEMENT_3D('',#7347,#7348,#7349);
#7347 = CARTESIAN_POINT('',(-1.62913693679E-02,1.172176040352E-03,
    1.6550001));
#7348 = DIRECTION('',(-2.638984874572E-49,8.19333394335E-32,1.));
#7349 = DIRECTION('',(0.510069540489,0.860133166356,-7.421371871181E-32)
  );
#7350 = DEFINITIONAL_REPRESENTATION('',(#7351),#7355);
#7351 = LINE('',#7352,#7353);
#7352 = CARTESIAN_POINT('',(10.995574287564,1.5E-02));
#7353 = VECTOR('',#7354,1.);
#7354 = DIRECTION('',(-1.,0.));
#7355 = ( GEOMETRIC_REPRESENTATION_CONTEXT(2) 
PARAMETRIC_REPRESENTATION_CONTEXT() REPRESENTATION_CONTEXT('2D SPACE',''
  ) );
#7356 = ORIENTED_EDGE('',*,*,#7357,.T.);
#7357 = EDGE_CURVE('',#7329,#5678,#7358,.T.);
#7358 = SEAM_CURVE('',#7359,(#7363,#7370),.PCURVE_S1.);
#7359 = LINE('',#7360,#7361);
#7360 = CARTESIAN_POINT('',(-0.156560493002,-0.235364444708,1.7900001));
#7361 = VECTOR('',#7362,1.);
#7362 = DIRECTION('',(-2.638984874572E-49,8.19333394335E-32,1.));
#7363 = PCURVE('',#5694,#7364);
#7364 = DEFINITIONAL_REPRESENTATION('',(#7365),#7369);
#7365 = LINE('',#7366,#7367);
#7366 = CARTESIAN_POINT('',(-3.14159265359,0.));
#7367 = VECTOR('',#7368,1.);
#7368 = DIRECTION('',(0.,-1.));
#7369 = ( GEOMETRIC_REPRESENTATION_CONTEXT(2) 
PARAMETRIC_REPRESENTATION_CONTEXT() REPRESENTATION_CONTEXT('2D SPACE',''
  ) );
#7370 = PCURVE('',#5694,#7371);
#7371 = DEFINITIONAL_REPRESENTATION('',(#7372),#7376);
#7372 = LINE('',#7373,#7374);
#7373 = CARTESIAN_POINT('',(3.14159265359,0.));
#7374 = VECTOR('',#7375,1.);
#7375 = DIRECTION('',(0.,-1.));
#7376 = ( GEOMETRIC_REPRESENTATION_CONTEXT(2) 
PARAMETRIC_REPRESENTATION_CONTEXT() REPRESENTATION_CONTEXT('2D SPACE',''
  ) );
#7377 = ORIENTED_EDGE('',*,*,#5677,.T.);
#7378 = ORIENTED_EDGE('',*,*,#7357,.F.);
#7379 = ADVANCED_FACE('',(#7380),#7345,.T.);
#7380 = FACE_BOUND('',#7381,.T.);
#7381 = EDGE_LOOP('',(#7382,#7411,#7432,#7433));
#7382 = ORIENTED_EDGE('',*,*,#7383,.F.);
#7383 = EDGE_CURVE('',#7384,#7384,#7386,.T.);
#7384 = VERTEX_POINT('',#7385);
#7385 = CARTESIAN_POINT('',(-0.141258406788,-0.209560449717,1.6400001));
#7386 = SURFACE_CURVE('',#7387,(#7392,#7399),.PCURVE_S1.);
#7387 = CIRCLE('',#7388,0.245);
#7388 = AXIS2_PLACEMENT_3D('',#7389,#7390,#7391);
#7389 = CARTESIAN_POINT('',(-1.62913693679E-02,1.172176040352E-03,
    1.6400001));
#7390 = DIRECTION('',(9.549396455322E-17,-5.662909480105E-17,-1.));
#7391 = DIRECTION('',(0.860133166356,-0.510069540489,1.110223024625E-16)
  );
#7392 = PCURVE('',#7345,#7393);
#7393 = DEFINITIONAL_REPRESENTATION('',(#7394),#7398);
#7394 = LINE('',#7395,#7396);
#7395 = CARTESIAN_POINT('',(10.995574287564,-1.5E-02));
#7396 = VECTOR('',#7397,1.);
#7397 = DIRECTION('',(-1.,0.));
#7398 = ( GEOMETRIC_REPRESENTATION_CONTEXT(2) 
PARAMETRIC_REPRESENTATION_CONTEXT() REPRESENTATION_CONTEXT('2D SPACE',''
  ) );
#7399 = PCURVE('',#7400,#7405);
#7400 = PLANE('',#7401);
#7401 = AXIS2_PLACEMENT_3D('',#7402,#7403,#7404);
#7402 = CARTESIAN_POINT('',(5.690360969222E-02,0.124601285412,1.6400001)
  );
#7403 = DIRECTION('',(2.638984874572E-49,-8.19333394335E-32,-1.));
#7404 = DIRECTION('',(-0.860133166356,0.510069540489,-1.110223024625E-16
    ));
#7405 = DEFINITIONAL_REPRESENTATION('',(#7406),#7410);
#7406 = CIRCLE('',#7407,0.245);
#7407 = AXIS2_PLACEMENT_2D('',#7408,#7409);
#7408 = CARTESIAN_POINT('',(4.024558464266E-16,-0.1435));
#7409 = DIRECTION('',(-1.,-5.551115123126E-17));
#7410 = ( GEOMETRIC_REPRESENTATION_CONTEXT(2) 
PARAMETRIC_REPRESENTATION_CONTEXT() REPRESENTATION_CONTEXT('2D SPACE',''
  ) );
#7411 = ORIENTED_EDGE('',*,*,#7412,.T.);
#7412 = EDGE_CURVE('',#7384,#7329,#7413,.T.);
#7413 = SEAM_CURVE('',#7414,(#7418,#7425),.PCURVE_S1.);
#7414 = LINE('',#7415,#7416);
#7415 = CARTESIAN_POINT('',(-0.148909449895,-0.222462447212,1.6550001));
#7416 = VECTOR('',#7417,1.);
#7417 = DIRECTION('',(-0.360673630956,-0.608205994654,0.707106781187));
#7418 = PCURVE('',#7345,#7419);
#7419 = DEFINITIONAL_REPRESENTATION('',(#7420),#7424);
#7420 = LINE('',#7421,#7422);
#7421 = CARTESIAN_POINT('',(9.424777960769,-2.698596413363E-17));
#7422 = VECTOR('',#7423,1.);
#7423 = DIRECTION('',(0.,1.));
#7424 = ( GEOMETRIC_REPRESENTATION_CONTEXT(2) 
PARAMETRIC_REPRESENTATION_CONTEXT() REPRESENTATION_CONTEXT('2D SPACE',''
  ) );
#7425 = PCURVE('',#7345,#7426);
#7426 = DEFINITIONAL_REPRESENTATION('',(#7427),#7431);
#7427 = LINE('',#7428,#7429);
#7428 = CARTESIAN_POINT('',(3.14159265359,-2.698596413363E-17));
#7429 = VECTOR('',#7430,1.);
#7430 = DIRECTION('',(0.,1.));
#7431 = ( GEOMETRIC_REPRESENTATION_CONTEXT(2) 
PARAMETRIC_REPRESENTATION_CONTEXT() REPRESENTATION_CONTEXT('2D SPACE',''
  ) );
#7432 = ORIENTED_EDGE('',*,*,#7328,.T.);
#7433 = ORIENTED_EDGE('',*,*,#7412,.F.);
#7434 = ADVANCED_FACE('',(#7435,#7438),#7400,.T.);
#7435 = FACE_BOUND('',#7436,.T.);
#7436 = EDGE_LOOP('',(#7437));
#7437 = ORIENTED_EDGE('',*,*,#7383,.T.);
#7438 = FACE_BOUND('',#7439,.T.);
#7439 = EDGE_LOOP('',(#7440));
#7440 = ORIENTED_EDGE('',*,*,#7441,.F.);
#7441 = EDGE_CURVE('',#7442,#7442,#7444,.T.);
#7442 = VERTEX_POINT('',#7443);
#7443 = CARTESIAN_POINT('',(-8.948634842802E-02,-0.122256933332,
    1.6400001));
#7444 = SURFACE_CURVE('',#7445,(#7450,#7457),.PCURVE_S1.);
#7445 = CIRCLE('',#7446,0.1435);
#7446 = AXIS2_PLACEMENT_3D('',#7447,#7448,#7449);
#7447 = CARTESIAN_POINT('',(-1.62913693679E-02,1.172176040352E-03,
    1.6400001));
#7448 = DIRECTION('',(9.549396455322E-17,-5.662909480105E-17,-1.));
#7449 = DIRECTION('',(0.860133166356,-0.510069540489,1.110223024625E-16)
  );
#7450 = PCURVE('',#7400,#7451);
#7451 = DEFINITIONAL_REPRESENTATION('',(#7452),#7456);
#7452 = CIRCLE('',#7453,0.1435);
#7453 = AXIS2_PLACEMENT_2D('',#7454,#7455);
#7454 = CARTESIAN_POINT('',(4.024558464266E-16,-0.1435));
#7455 = DIRECTION('',(-1.,-5.551115123126E-17));
#7456 = ( GEOMETRIC_REPRESENTATION_CONTEXT(2) 
PARAMETRIC_REPRESENTATION_CONTEXT() REPRESENTATION_CONTEXT('2D SPACE',''
  ) );
#7457 = PCURVE('',#7458,#7463);
#7458 = CYLINDRICAL_SURFACE('',#7459,0.1435);
#7459 = AXIS2_PLACEMENT_3D('',#7460,#7461,#7462);
#7460 = CARTESIAN_POINT('',(-1.62913693679E-02,1.172176040352E-03,
    1.4900001));
#7461 = DIRECTION('',(2.638984874572E-49,-8.19333394335E-32,-1.));
#7462 = DIRECTION('',(0.510069540489,0.860133166356,-7.421371871181E-32)
  );
#7463 = DEFINITIONAL_REPRESENTATION('',(#7464),#7468);
#7464 = LINE('',#7465,#7466);
#7465 = CARTESIAN_POINT('',(-4.712388980385,-0.15));
#7466 = VECTOR('',#7467,1.);
#7467 = DIRECTION('',(1.,0.));
#7468 = ( GEOMETRIC_REPRESENTATION_CONTEXT(2) 
PARAMETRIC_REPRESENTATION_CONTEXT() REPRESENTATION_CONTEXT('2D SPACE',''
  ) );
#7469 = ADVANCED_FACE('',(#7470),#7458,.T.);
#7470 = FACE_BOUND('',#7471,.T.);
#7471 = EDGE_LOOP('',(#7472,#7501,#7522,#7523));
#7472 = ORIENTED_EDGE('',*,*,#7473,.F.);
#7473 = EDGE_CURVE('',#7474,#7474,#7476,.T.);
#7474 = VERTEX_POINT('',#7475);
#7475 = CARTESIAN_POINT('',(-8.948634842802E-02,-0.122256933332,
    1.3400001));
#7476 = SURFACE_CURVE('',#7477,(#7482,#7489),.PCURVE_S1.);
#7477 = CIRCLE('',#7478,0.1435);
#7478 = AXIS2_PLACEMENT_3D('',#7479,#7480,#7481);
#7479 = CARTESIAN_POINT('',(-1.62913693679E-02,1.172176040352E-03,
    1.3400001));
#7480 = DIRECTION('',(9.549396455322E-17,-5.662909480105E-17,-1.));
#7481 = DIRECTION('',(0.860133166356,-0.510069540489,1.110223024625E-16)
  );
#7482 = PCURVE('',#7458,#7483);
#7483 = DEFINITIONAL_REPRESENTATION('',(#7484),#7488);
#7484 = LINE('',#7485,#7486);
#7485 = CARTESIAN_POINT('',(-4.712388980385,0.15));
#7486 = VECTOR('',#7487,1.);
#7487 = DIRECTION('',(1.,0.));
#7488 = ( GEOMETRIC_REPRESENTATION_CONTEXT(2) 
PARAMETRIC_REPRESENTATION_CONTEXT() REPRESENTATION_CONTEXT('2D SPACE',''
  ) );
#7489 = PCURVE('',#7490,#7495);
#7490 = CONICAL_SURFACE('',#7491,0.1235,0.785398163397);
#7491 = AXIS2_PLACEMENT_3D('',#7492,#7493,#7494);
#7492 = CARTESIAN_POINT('',(-1.62913693679E-02,1.172176040352E-03,
    1.3200001));
#7493 = DIRECTION('',(-2.638984874572E-49,8.19333394335E-32,1.));
#7494 = DIRECTION('',(0.510069540489,0.860133166356,-7.421371871181E-32)
  );
#7495 = DEFINITIONAL_REPRESENTATION('',(#7496),#7500);
#7496 = LINE('',#7497,#7498);
#7497 = CARTESIAN_POINT('',(10.995574287564,2.E-02));
#7498 = VECTOR('',#7499,1.);
#7499 = DIRECTION('',(-1.,0.));
#7500 = ( GEOMETRIC_REPRESENTATION_CONTEXT(2) 
PARAMETRIC_REPRESENTATION_CONTEXT() REPRESENTATION_CONTEXT('2D SPACE',''
  ) );
#7501 = ORIENTED_EDGE('',*,*,#7502,.T.);
#7502 = EDGE_CURVE('',#7474,#7442,#7503,.T.);
#7503 = SEAM_CURVE('',#7504,(#7508,#7515),.PCURVE_S1.);
#7504 = LINE('',#7505,#7506);
#7505 = CARTESIAN_POINT('',(-8.948634842802E-02,-0.122256933332,
    1.4900001));
#7506 = VECTOR('',#7507,1.);
#7507 = DIRECTION('',(-2.638984874572E-49,8.19333394335E-32,1.));
#7508 = PCURVE('',#7458,#7509);
#7509 = DEFINITIONAL_REPRESENTATION('',(#7510),#7514);
#7510 = LINE('',#7511,#7512);
#7511 = CARTESIAN_POINT('',(-3.14159265359,0.));
#7512 = VECTOR('',#7513,1.);
#7513 = DIRECTION('',(0.,-1.));
#7514 = ( GEOMETRIC_REPRESENTATION_CONTEXT(2) 
PARAMETRIC_REPRESENTATION_CONTEXT() REPRESENTATION_CONTEXT('2D SPACE',''
  ) );
#7515 = PCURVE('',#7458,#7516);
#7516 = DEFINITIONAL_REPRESENTATION('',(#7517),#7521);
#7517 = LINE('',#7518,#7519);
#7518 = CARTESIAN_POINT('',(3.14159265359,0.));
#7519 = VECTOR('',#7520,1.);
#7520 = DIRECTION('',(0.,-1.));
#7521 = ( GEOMETRIC_REPRESENTATION_CONTEXT(2) 
PARAMETRIC_REPRESENTATION_CONTEXT() REPRESENTATION_CONTEXT('2D SPACE',''
  ) );
#7522 = ORIENTED_EDGE('',*,*,#7441,.T.);
#7523 = ORIENTED_EDGE('',*,*,#7502,.F.);
#7524 = ADVANCED_FACE('',(#7525),#7490,.T.);
#7525 = FACE_BOUND('',#7526,.T.);
#7526 = EDGE_LOOP('',(#7527,#7556,#7577,#7578));
#7527 = ORIENTED_EDGE('',*,*,#7528,.F.);
#7528 = EDGE_CURVE('',#7529,#7529,#7531,.T.);
#7529 = VERTEX_POINT('',#7530);
#7530 = CARTESIAN_POINT('',(-6.908356680848E-02,-8.78516066775E-02,
    1.3000001));
#7531 = SURFACE_CURVE('',#7532,(#7537,#7544),.PCURVE_S1.);
#7532 = CIRCLE('',#7533,0.1035);
#7533 = AXIS2_PLACEMENT_3D('',#7534,#7535,#7536);
#7534 = CARTESIAN_POINT('',(-1.62913693679E-02,1.172176040352E-03,
    1.3000001));
#7535 = DIRECTION('',(9.549396455322E-17,-5.662909480105E-17,-1.));
#7536 = DIRECTION('',(0.860133166356,-0.510069540489,1.110223024625E-16)
  );
#7537 = PCURVE('',#7490,#7538);
#7538 = DEFINITIONAL_REPRESENTATION('',(#7539),#7543);
#7539 = LINE('',#7540,#7541);
#7540 = CARTESIAN_POINT('',(10.995574287564,-2.E-02));
#7541 = VECTOR('',#7542,1.);
#7542 = DIRECTION('',(-1.,0.));
#7543 = ( GEOMETRIC_REPRESENTATION_CONTEXT(2) 
PARAMETRIC_REPRESENTATION_CONTEXT() REPRESENTATION_CONTEXT('2D SPACE',''
  ) );
#7544 = PCURVE('',#7545,#7550);
#7545 = CONICAL_SURFACE('',#7546,9.74E-02,9.999666686665E-03);
#7546 = AXIS2_PLACEMENT_3D('',#7547,#7548,#7549);
#7547 = CARTESIAN_POINT('',(-1.62913693679E-02,1.172176040352E-03,
    0.6900001));
#7548 = DIRECTION('',(-2.638984874572E-49,8.19333394335E-32,1.));
#7549 = DIRECTION('',(0.510069540489,0.860133166356,-7.421371871181E-32)
  );
#7550 = DEFINITIONAL_REPRESENTATION('',(#7551),#7555);
#7551 = LINE('',#7552,#7553);
#7552 = CARTESIAN_POINT('',(10.995574287564,0.61));
#7553 = VECTOR('',#7554,1.);
#7554 = DIRECTION('',(-1.,0.));
#7555 = ( GEOMETRIC_REPRESENTATION_CONTEXT(2) 
PARAMETRIC_REPRESENTATION_CONTEXT() REPRESENTATION_CONTEXT('2D SPACE',''
  ) );
#7556 = ORIENTED_EDGE('',*,*,#7557,.T.);
#7557 = EDGE_CURVE('',#7529,#7474,#7558,.T.);
#7558 = SEAM_CURVE('',#7559,(#7563,#7570),.PCURVE_S1.);
#7559 = LINE('',#7560,#7561);
#7560 = CARTESIAN_POINT('',(-7.928495761825E-02,-0.105054270005,
    1.3200001));
#7561 = VECTOR('',#7562,1.);
#7562 = DIRECTION('',(-0.360673630956,-0.608205994654,0.707106781187));
#7563 = PCURVE('',#7490,#7564);
#7564 = DEFINITIONAL_REPRESENTATION('',(#7565),#7569);
#7565 = LINE('',#7566,#7567);
#7566 = CARTESIAN_POINT('',(9.424777960769,1.471961680016E-17));
#7567 = VECTOR('',#7568,1.);
#7568 = DIRECTION('',(0.,1.));
#7569 = ( GEOMETRIC_REPRESENTATION_CONTEXT(2) 
PARAMETRIC_REPRESENTATION_CONTEXT() REPRESENTATION_CONTEXT('2D SPACE',''
  ) );
#7570 = PCURVE('',#7490,#7571);
#7571 = DEFINITIONAL_REPRESENTATION('',(#7572),#7576);
#7572 = LINE('',#7573,#7574);
#7573 = CARTESIAN_POINT('',(3.14159265359,1.471961680016E-17));
#7574 = VECTOR('',#7575,1.);
#7575 = DIRECTION('',(0.,1.));
#7576 = ( GEOMETRIC_REPRESENTATION_CONTEXT(2) 
PARAMETRIC_REPRESENTATION_CONTEXT() REPRESENTATION_CONTEXT('2D SPACE',''
  ) );
#7577 = ORIENTED_EDGE('',*,*,#7473,.T.);
#7578 = ORIENTED_EDGE('',*,*,#7557,.F.);
#7579 = ADVANCED_FACE('',(#7580),#7545,.T.);
#7580 = FACE_BOUND('',#7581,.T.);
#7581 = EDGE_LOOP('',(#7582,#7611,#7632,#7633));
#7582 = ORIENTED_EDGE('',*,*,#7583,.F.);
#7583 = EDGE_CURVE('',#7584,#7584,#7586,.T.);
#7584 = VERTEX_POINT('',#7585);
#7585 = CARTESIAN_POINT('',(-6.286071841452E-02,-7.735798204796E-02,
    8.00001E-02));
#7586 = SURFACE_CURVE('',#7587,(#7592,#7599),.PCURVE_S1.);
#7587 = CIRCLE('',#7588,9.13E-02);
#7588 = AXIS2_PLACEMENT_3D('',#7589,#7590,#7591);
#7589 = CARTESIAN_POINT('',(-1.62913693679E-02,1.172176040352E-03,
    8.00001E-02));
#7590 = DIRECTION('',(9.549396455322E-17,-5.662909480105E-17,-1.));
#7591 = DIRECTION('',(0.860133166356,-0.510069540489,1.110223024625E-16)
  );
#7592 = PCURVE('',#7545,#7593);
#7593 = DEFINITIONAL_REPRESENTATION('',(#7594),#7598);
#7594 = LINE('',#7595,#7596);
#7595 = CARTESIAN_POINT('',(10.995574287564,-0.61));
#7596 = VECTOR('',#7597,1.);
#7597 = DIRECTION('',(-1.,0.));
#7598 = ( GEOMETRIC_REPRESENTATION_CONTEXT(2) 
PARAMETRIC_REPRESENTATION_CONTEXT() REPRESENTATION_CONTEXT('2D SPACE',''
  ) );
#7599 = PCURVE('',#7600,#7605);
#7600 = CONICAL_SURFACE('',#7601,6.820598923241E-02,0.523598775598);
#7601 = AXIS2_PLACEMENT_3D('',#7602,#7603,#7604);
#7602 = CARTESIAN_POINT('',(-1.62913693679E-02,1.172176040352E-03,
    4.00001E-02));
#7603 = DIRECTION('',(-2.638984874572E-49,8.19333394335E-32,1.));
#7604 = DIRECTION('',(0.510069540489,0.860133166356,-7.421371871181E-32)
  );
#7605 = DEFINITIONAL_REPRESENTATION('',(#7606),#7610);
#7606 = LINE('',#7607,#7608);
#7607 = CARTESIAN_POINT('',(10.995574287564,4.E-02));
#7608 = VECTOR('',#7609,1.);
#7609 = DIRECTION('',(-1.,0.));
#7610 = ( GEOMETRIC_REPRESENTATION_CONTEXT(2) 
PARAMETRIC_REPRESENTATION_CONTEXT() REPRESENTATION_CONTEXT('2D SPACE',''
  ) );
#7611 = ORIENTED_EDGE('',*,*,#7612,.T.);
#7612 = EDGE_CURVE('',#7584,#7529,#7613,.T.);
#7613 = SEAM_CURVE('',#7614,(#7618,#7625),.PCURVE_S1.);
#7614 = LINE('',#7615,#7616);
#7615 = CARTESIAN_POINT('',(-6.59721426115E-02,-8.260479436273E-02,
    0.6900001));
#7616 = VECTOR('',#7617,1.);
#7617 = DIRECTION('',(-5.100440389242E-03,-8.60090162923E-03,
    0.99995000375));
#7618 = PCURVE('',#7545,#7619);
#7619 = DEFINITIONAL_REPRESENTATION('',(#7620),#7624);
#7620 = LINE('',#7621,#7622);
#7621 = CARTESIAN_POINT('',(9.424777960769,0.));
#7622 = VECTOR('',#7623,1.);
#7623 = DIRECTION('',(0.,1.));
#7624 = ( GEOMETRIC_REPRESENTATION_CONTEXT(2) 
PARAMETRIC_REPRESENTATION_CONTEXT() REPRESENTATION_CONTEXT('2D SPACE',''
  ) );
#7625 = PCURVE('',#7545,#7626);
#7626 = DEFINITIONAL_REPRESENTATION('',(#7627),#7631);
#7627 = LINE('',#7628,#7629);
#7628 = CARTESIAN_POINT('',(3.14159265359,0.));
#7629 = VECTOR('',#7630,1.);
#7630 = DIRECTION('',(0.,1.));
#7631 = ( GEOMETRIC_REPRESENTATION_CONTEXT(2) 
PARAMETRIC_REPRESENTATION_CONTEXT() REPRESENTATION_CONTEXT('2D SPACE',''
  ) );
#7632 = ORIENTED_EDGE('',*,*,#7528,.T.);
#7633 = ORIENTED_EDGE('',*,*,#7612,.F.);
#7634 = ADVANCED_FACE('',(#7635),#7600,.T.);
#7635 = FACE_BOUND('',#7636,.T.);
#7636 = EDGE_LOOP('',(#7637,#7666,#7687,#7688));
#7637 = ORIENTED_EDGE('',*,*,#7638,.F.);
#7638 = EDGE_CURVE('',#7639,#7639,#7641,.T.);
#7639 = VERTEX_POINT('',#7640);
#7640 = CARTESIAN_POINT('',(-3.930161549399E-02,-3.763013283719E-02,
    1.000000025009E-07));
#7641 = SURFACE_CURVE('',#7642,(#7647,#7654),.PCURVE_S1.);
#7642 = CIRCLE('',#7643,4.511197846483E-02);
#7643 = AXIS2_PLACEMENT_3D('',#7644,#7645,#7646);
#7644 = CARTESIAN_POINT('',(-1.62913693679E-02,1.172176040352E-03,
    1.00000002945E-07));
#7645 = DIRECTION('',(9.549396455322E-17,-5.662909480105E-17,-1.));
#7646 = DIRECTION('',(0.860133166356,-0.510069540489,1.110223024625E-16)
  );
#7647 = PCURVE('',#7600,#7648);
#7648 = DEFINITIONAL_REPRESENTATION('',(#7649),#7653);
#7649 = LINE('',#7650,#7651);
#7650 = CARTESIAN_POINT('',(10.995574287564,-4.E-02));
#7651 = VECTOR('',#7652,1.);
#7652 = DIRECTION('',(-1.,0.));
#7653 = ( GEOMETRIC_REPRESENTATION_CONTEXT(2) 
PARAMETRIC_REPRESENTATION_CONTEXT() REPRESENTATION_CONTEXT('2D SPACE',''
  ) );
#7654 = PCURVE('',#7655,#7660);
#7655 = PLANE('',#7656);
#7656 = AXIS2_PLACEMENT_3D('',#7657,#7658,#7659);
#7657 = CARTESIAN_POINT('',(-1.62913693679E-02,1.172176040352E-03,
    1.00000002945E-07));
#7658 = DIRECTION('',(2.638984874572E-49,-8.19333394335E-32,-1.));
#7659 = DIRECTION('',(-0.860133166356,0.510069540489,-1.110223024625E-16
    ));
#7660 = DEFINITIONAL_REPRESENTATION('',(#7661),#7665);
#7661 = CIRCLE('',#7662,4.511197846483E-02);
#7662 = AXIS2_PLACEMENT_2D('',#7663,#7664);
#7663 = CARTESIAN_POINT('',(0.,0.));
#7664 = DIRECTION('',(-1.,-5.551115123126E-17));
#7665 = ( GEOMETRIC_REPRESENTATION_CONTEXT(2) 
PARAMETRIC_REPRESENTATION_CONTEXT() REPRESENTATION_CONTEXT('2D SPACE',''
  ) );
#7666 = ORIENTED_EDGE('',*,*,#7667,.T.);
#7667 = EDGE_CURVE('',#7639,#7584,#7668,.T.);
#7668 = SEAM_CURVE('',#7669,(#7673,#7680),.PCURVE_S1.);
#7669 = LINE('',#7670,#7671);
#7670 = CARTESIAN_POINT('',(-5.108116695426E-02,-5.749405744257E-02,
    4.00001E-02));
#7671 = VECTOR('',#7672,1.);
#7672 = DIRECTION('',(-0.255034770244,-0.430066583178,0.866025403784));
#7673 = PCURVE('',#7600,#7674);
#7674 = DEFINITIONAL_REPRESENTATION('',(#7675),#7679);
#7675 = LINE('',#7676,#7677);
#7676 = CARTESIAN_POINT('',(9.424777960769,0.));
#7677 = VECTOR('',#7678,1.);
#7678 = DIRECTION('',(0.,1.));
#7679 = ( GEOMETRIC_REPRESENTATION_CONTEXT(2) 
PARAMETRIC_REPRESENTATION_CONTEXT() REPRESENTATION_CONTEXT('2D SPACE',''
  ) );
#7680 = PCURVE('',#7600,#7681);
#7681 = DEFINITIONAL_REPRESENTATION('',(#7682),#7686);
#7682 = LINE('',#7683,#7684);
#7683 = CARTESIAN_POINT('',(3.14159265359,0.));
#7684 = VECTOR('',#7685,1.);
#7685 = DIRECTION('',(0.,1.));
#7686 = ( GEOMETRIC_REPRESENTATION_CONTEXT(2) 
PARAMETRIC_REPRESENTATION_CONTEXT() REPRESENTATION_CONTEXT('2D SPACE',''
  ) );
#7687 = ORIENTED_EDGE('',*,*,#7583,.T.);
#7688 = ORIENTED_EDGE('',*,*,#7667,.F.);
#7689 = ADVANCED_FACE('',(#7690),#7655,.T.);
#7690 = FACE_BOUND('',#7691,.T.);
#7691 = EDGE_LOOP('',(#7692));
#7692 = ORIENTED_EDGE('',*,*,#7638,.T.);
#7693 = ( GEOMETRIC_REPRESENTATION_CONTEXT(3) 
GLOBAL_UNCERTAINTY_ASSIGNED_CONTEXT((#7697)) 
GLOBAL_UNIT_ASSIGNED_CONTEXT((#7694,#7695,#7696)) REPRESENTATION_CONTEXT
('Context #1','3D Context with UNIT and UNCERTAINTY') );
#7694 = ( LENGTH_UNIT() NAMED_UNIT(*) SI_UNIT(.MILLI.,.METRE.) );
#7695 = ( NAMED_UNIT(*) PLANE_ANGLE_UNIT() SI_UNIT($,.RADIAN.) );
#7696 = ( NAMED_UNIT(*) SI_UNIT($,.STERADIAN.) SOLID_ANGLE_UNIT() );
#7697 = UNCERTAINTY_MEASURE_WITH_UNIT(LENGTH_MEASURE(2.E-06),#7694,
  'distance_accuracy_value','confusion accuracy');
#7698 = PRODUCT_RELATED_PRODUCT_CATEGORY('part',$,(#7));
ENDSEC;
END-ISO-10303-21;
